id	institutionCode	catalogNumber	recordedBy	recordNumber	distance_km	distance_max_km	state	county	decimalLatitude	decimalLongitude	status	implied_location	locality	record_link
5400535	NY	04288847	J. Hollinger	25530	13072.69	13113.73	North Carolina	Haywood Co.	35.5025	82.9788	outside_boundary_exact	not_found_in_US	Waynesville, Riverwalk	https://lichenportal.org/portal/collections/individual/index.php?occid=5400535
971091	NY	1516836	E. B. Harger	9	9846.13	9892.28	North Carolina	Burke Co.	35.94972	35.94972	outside_boundary_exact	not_found_in_US	on upper trail at Linville Falls	https://lichenportal.org/portal/collections/individual/index.php?occid=971091
1238827	NY	1656053	E. B. Harger	8	9846.13	9892.28	North Carolina	Burke Co.	35.94972	35.94972	outside_boundary_exact	not_found_in_US	trail above Linville Falls	https://lichenportal.org/portal/collections/individual/index.php?occid=1238827
1107859	NY	1571431	C. F. Reed	66237[A]	109.29	150.92	North Carolina	Perquimans Co.	36.364326	-77.808078	outside_boundary_exact	North Carolina, Halifax County	7 mi SW of Rt. 158 on Rt. 1001	https://lichenportal.org/portal/collections/individual/index.php?occid=1107859
958392	NY	1359099	P. O. Schallert	784	89.77	133.22	North Carolina	Stokes Co.	36.125696	-79.0414	outside_boundary_exact	North Carolina, Orange County	Cascades	https://lichenportal.org/portal/collections/individual/index.php?occid=958392
959979	NY	1399083	P. O. Schallert	s.n.	89.77	133.22	North Carolina	Stokes Co.	36.125696	-79.0414	outside_boundary_exact	North Carolina, Orange County	Cascades	https://lichenportal.org/portal/collections/individual/index.php?occid=959979
959980	NY	1399084	P. O. Schallert	s.n.	89.77	133.22	North Carolina	Stokes Co.	36.125696	-79.0414	outside_boundary_exact	North Carolina, Orange County	Cascades	https://lichenportal.org/portal/collections/individual/index.php?occid=959980
959983	NY	1399087	P. O. Schallert	29	89.77	133.22	North Carolina	Stokes Co.	36.125696	-79.0414	outside_boundary_exact	North Carolina, Orange County	Cascades	https://lichenportal.org/portal/collections/individual/index.php?occid=959983
1040552	NY	1544508	P. O. Schallert	s.n.	89.77	133.22	North Carolina	Stokes Co.	36.125696	-79.0414	outside_boundary_exact	North Carolina, Orange County	Cascades	https://lichenportal.org/portal/collections/individual/index.php?occid=1040552
1060819	NY	1562983	P. O. Schallert	547	89.77	133.22	North Carolina	Stokes Co.	36.125696	-79.0414	outside_boundary_exact	North Carolina, Orange County	Cascades	https://lichenportal.org/portal/collections/individual/index.php?occid=1060819
3221756	NY	1685618	P. O. Schallert	3955	89.77	133.22	North Carolina	Stokes Co.	36.125696	-79.0414	outside_boundary_exact	North Carolina, Orange County	Cascades	https://lichenportal.org/portal/collections/individual/index.php?occid=3221756
3230512	NY	1726708	W. L. Culberson	5506	88.44	128.91	North Carolina	Cleveland Co.	35.2389	-80.3419	outside_boundary_exact	North Carolina, Stanly County	1 mi N of King's Mountain, at the Cleveland-Gaston County Line	https://lichenportal.org/portal/collections/individual/index.php?occid=3230512
954667	NY	1398532	W. R. Buck	17743	78.93	123.99	North Carolina	Jackson Co.	35.011	-82.1	outside_boundary_exact	South Carolina, Spartanburg County	Nantahala National Forest, Ellicott's Rock Trail from Fowler Creek to Chattooga River	https://lichenportal.org/portal/collections/individual/index.php?occid=954667
4979127	NY	04687993	B. Goffinet	5198	71.19	108.3	North Carolina	Yancey Co.	35.6375	-81.3736	outside_boundary_exact	North Carolina, Catawba County	Blue Ridge Parkway Mile Post 340, Crabtree Meadows, trail to Crabtree Falls	https://lichenportal.org/portal/collections/individual/index.php?occid=4979127
3216365	NY	2606447	J. L. Allen	4161	70.17	101.37	North Carolina	Yancey Co.	35.7783	-83.2614	outside_boundary_exact	Tennessee, Cocke County	Mount Mitchell State Park, Mount Craig summit and vicinity, ~1.5 mi N of Mount Mitchell, ~3.4 mi W of US80	https://lichenportal.org/portal/collections/individual/index.php?occid=3216365
3230833	NY	2606445	J. L. Allen	4166	70.17	101.37	North Carolina	Yancey Co.	35.7783	-83.2614	outside_boundary_exact	Tennessee, Cocke County	Mount Mitchell State Park, Mount Craig summit and vicinity, ~1.5 mi N of Mount Mitchell, ~3.4 mi W of US80	https://lichenportal.org/portal/collections/individual/index.php?occid=3230833
3230834	NY	2606448	J. L. Allen	4157	70.17	101.37	North Carolina	Yancey Co.	35.7783	-83.2614	outside_boundary_exact	Tennessee, Cocke County	Mount Mitchell State Park, Mount Craig summit and vicinity, ~1.5 mi N of Mount Mitchell, ~3.4 mi W of US80	https://lichenportal.org/portal/collections/individual/index.php?occid=3230834
3235756	NY	2606449	J. L. Allen	4152	70.17	101.37	North Carolina	Yancey Co.	35.7783	-83.2614	outside_boundary_exact	Tennessee, Cocke County	Mount Mitchell State Park, Mount Craig summit and vicinity, ~1.5 mi N of Mount Mitchell, ~3.4 mi W of US80	https://lichenportal.org/portal/collections/individual/index.php?occid=3235756
3237489	NY	2606444	J. L. Allen	4167	70.17	101.37	North Carolina	Yancey Co.	35.7783	-83.2614	outside_boundary_exact	Tennessee, Cocke County	Mount Mitchell State Park, Mount Craig summit and vicinity, ~1.5 mi N of Mount Mitchell, ~3.4 mi W of US80	https://lichenportal.org/portal/collections/individual/index.php?occid=3237489
3237490	NY	2606452	J. L. Allen	4144	70.17	101.37	North Carolina	Yancey Co.	35.7783	-83.2614	outside_boundary_exact	Tennessee, Cocke County	Mount Mitchell State Park, Mount Craig summit and vicinity, ~1.5 mi N of Mount Mitchell, ~3.4 mi W of US80	https://lichenportal.org/portal/collections/individual/index.php?occid=3237490
3238191	NY	2607264	J. L. Allen	4153	70.17	101.37	North Carolina	Yancey Co.	35.7783	-83.2614	outside_boundary_exact	Tennessee, Cocke County	Mount Mitchell State Park, Mount Craig summit and vicinity, ~1.5 mi N of Mount Mitchell, ~3.4 mi W of US80	https://lichenportal.org/portal/collections/individual/index.php?occid=3238191
3240737	NY	2606450	J. L. Allen	4146	70.17	101.37	North Carolina	Yancey Co.	35.7783	-83.2614	outside_boundary_exact	Tennessee, Cocke County	Mount Mitchell State Park, Mount Craig summit and vicinity, ~1.5 mi N of Mount Mitchell, ~3.4 mi W of US80	https://lichenportal.org/portal/collections/individual/index.php?occid=3240737
5401492	NY	04288211	J. L. Allen	4151	70.17	101.37	North Carolina	Yancey Co.	35.7783	-83.2614	outside_boundary_exact	Tennessee, Cocke County	Mount Mitchell State Park, Mount Craig summit and vicinity, ~1.5 mi N of Mount Mitchell, ~3.4 mi W of US80	https://lichenportal.org/portal/collections/individual/index.php?occid=5401492
5401493	NY	04288212	J. L. Allen	4142	70.17	101.37	North Carolina	Yancey Co.	35.7783	-83.2614	outside_boundary_exact	Tennessee, Cocke County	Mount Mitchell State Park, Mount Craig summit and vicinity, ~1.5 mi N of Mount Mitchell, ~3.4 mi W of US80	https://lichenportal.org/portal/collections/individual/index.php?occid=5401493
5401494	NY	04288213	J. L. Allen	4124	70.17	101.37	North Carolina	Yancey Co.	35.7783	-83.2614	outside_boundary_exact	Tennessee, Cocke County	Mount Mitchell State Park, Mount Craig summit and vicinity, ~1.5 mi N of Mount Mitchell, ~3.4 mi W of US80	https://lichenportal.org/portal/collections/individual/index.php?occid=5401494
5401495	NY	04288214	J. L. Allen	4149	70.17	101.37	North Carolina	Yancey Co.	35.7783	-83.2614	outside_boundary_exact	Tennessee, Cocke County	Mount Mitchell State Park, Mount Craig summit and vicinity, ~1.5 mi N of Mount Mitchell, ~3.4 mi W of US80	https://lichenportal.org/portal/collections/individual/index.php?occid=5401495
3216478	NY	2606121	J. L. Allen	3863	63.01	103.3	North Carolina	Graham Co.	35.3119	-82.8936	outside_boundary_exact	North Carolina, Haywood County	Graham/Swain Cos. Nantahala National Forest, Cheoah Bald, ~3.8 mi E of Cheoah	https://lichenportal.org/portal/collections/individual/index.php?occid=3216478
3236253	NY	2606117	J. L. Allen	3856	63.01	103.3	North Carolina	Graham Co.	35.3119	-82.8936	outside_boundary_exact	North Carolina, Haywood County	Graham/Swain Cos. Nantahala National Forest, Cheoah Bald, ~3.8 mi E of Cheoah	https://lichenportal.org/portal/collections/individual/index.php?occid=3236253
3236613	NY	2606119	J. L. Allen	3860	63.01	103.3	North Carolina	Graham Co.	35.3119	-82.8936	outside_boundary_exact	North Carolina, Haywood County	Graham/Swain Cos. Nantahala National Forest, Cheoah Bald, ~3.8 mi E of Cheoah	https://lichenportal.org/portal/collections/individual/index.php?occid=3236613
3237021	NY	2606123	J. L. Allen	3868	63.01	103.3	North Carolina	Graham Co.	35.3119	-82.8936	outside_boundary_exact	North Carolina, Haywood County	Graham/Swain Cos. Nantahala National Forest, Cheoah Bald, ~3.8 mi E of Cheoah	https://lichenportal.org/portal/collections/individual/index.php?occid=3237021
3237056	NY	2606126	J. L. Allen	3876	63.01	103.3	North Carolina	Graham Co.	35.3119	-82.8936	outside_boundary_exact	North Carolina, Haywood County	Graham/Swain Cos. Nantahala National Forest, Cheoah Bald, ~3.8 mi E of Cheoah	https://lichenportal.org/portal/collections/individual/index.php?occid=3237056
3237100	NY	2606125	J. L. Allen	3874	63.01	103.3	North Carolina	Graham Co.	35.3119	-82.8936	outside_boundary_exact	North Carolina, Haywood County	Graham/Swain Cos. Nantahala National Forest, Cheoah Bald, ~3.8 mi E of Cheoah	https://lichenportal.org/portal/collections/individual/index.php?occid=3237100
3238179	NY	2606120	J. L. Allen	3862	63.01	103.3	North Carolina	Graham Co.	35.3119	-82.8936	outside_boundary_exact	North Carolina, Haywood County	Graham/Swain Cos. Nantahala National Forest, Cheoah Bald, ~3.8 mi E of Cheoah	https://lichenportal.org/portal/collections/individual/index.php?occid=3238179
3238189	NY	2607262	J. L. Allen	3886	63.01	103.3	North Carolina	Graham Co.	35.3119	-82.8936	outside_boundary_exact	North Carolina, Haywood County	Graham/Swain Cos. Nantahala National Forest, Cheoah Bald, ~3.8 mi E of Cheoah	https://lichenportal.org/portal/collections/individual/index.php?occid=3238189
3238348	NY	2606128	J. L. Allen	3882	63.01	103.3	North Carolina	Graham Co.	35.3119	-82.8936	outside_boundary_exact	North Carolina, Haywood County	Graham/Swain Cos. Nantahala National Forest, Cheoah Bald, ~3.8 mi E of Cheoah	https://lichenportal.org/portal/collections/individual/index.php?occid=3238348
3238816	NY	2606122	J. L. Allen	3864	63.01	103.3	North Carolina	Graham Co.	35.3119	-82.8936	outside_boundary_exact	North Carolina, Haywood County	Graham/Swain Cos. Nantahala National Forest, Cheoah Bald, ~3.8 mi E of Cheoah	https://lichenportal.org/portal/collections/individual/index.php?occid=3238816
3238817	NY	2606129	J. L. Allen	3887	63.01	103.3	North Carolina	Graham Co.	35.3119	-82.8936	outside_boundary_exact	North Carolina, Haywood County	Graham/Swain Cos. Nantahala National Forest, Cheoah Bald, ~3.8 mi E of Cheoah	https://lichenportal.org/portal/collections/individual/index.php?occid=3238817
3239324	NY	2606124	J. L. Allen	3871	63.01	103.3	North Carolina	Graham Co.	35.3119	-82.8936	outside_boundary_exact	North Carolina, Haywood County	Graham/Swain Cos. Nantahala National Forest, Cheoah Bald, ~3.8 mi E of Cheoah	https://lichenportal.org/portal/collections/individual/index.php?occid=3239324
3239423	NY	2606127	J. L. Allen	3878	63.01	103.3	North Carolina	Graham Co.	35.3119	-82.8936	outside_boundary_exact	North Carolina, Haywood County	Graham/Swain Cos. Nantahala National Forest, Cheoah Bald, ~3.8 mi E of Cheoah	https://lichenportal.org/portal/collections/individual/index.php?occid=3239423
3584364	NY	03818375	J. L. Allen	3889	63.01	103.3	North Carolina	Graham Co.	35.3119	-82.8936	outside_boundary_exact	North Carolina, Haywood County	Graham/Swain Cos. Nantahala National Forest, Cheoah Bald, ~3.8 mi E of Cheoah	https://lichenportal.org/portal/collections/individual/index.php?occid=3584364
3584606	NY	03818374	J. L. Allen	3859	63.01	103.3	North Carolina	Graham Co.	35.3119	-82.8936	outside_boundary_exact	North Carolina, Haywood County	Graham/Swain Cos. Nantahala National Forest, Cheoah Bald, ~3.8 mi E of Cheoah	https://lichenportal.org/portal/collections/individual/index.php?occid=3584606
4982813	NY	04273334	J. L. Allen	3857	63.01	103.3	North Carolina	Graham Co.	35.3119	-82.8936	outside_boundary_exact	North Carolina, Haywood County	Graham/Swain Cos. Nantahala National Forest, Cheoah Bald, ~3.8 mi E of Cheoah	https://lichenportal.org/portal/collections/individual/index.php?occid=4982813
5400491	NY	04288801	J. L. Allen	3869	63.01	103.3	North Carolina	Graham Co.	35.3119	-82.8936	outside_boundary_exact	North Carolina, Haywood County	Graham/Swain Cos. Nantahala National Forest, Cheoah Bald, ~3.8 mi E of Cheoah	https://lichenportal.org/portal/collections/individual/index.php?occid=5400491
5400566	NY	04288911	J. L. Allen	3880	63.01	103.3	North Carolina	Graham Co.	35.3119	-82.8936	outside_boundary_exact	North Carolina, Haywood County	Graham/Swain Cos. Nantahala National Forest, Cheoah Bald, ~3.8 mi E of Cheoah	https://lichenportal.org/portal/collections/individual/index.php?occid=5400566
5401483	NY	04288202	J. L. Allen	3870	63.01	103.3	North Carolina	Graham Co.	35.3119	-82.8936	outside_boundary_exact	North Carolina, Haywood County	Graham/Swain Cos. Nantahala National Forest, Cheoah Bald, ~3.8 mi E of Cheoah	https://lichenportal.org/portal/collections/individual/index.php?occid=5401483
5401484	NY	04288203	J. L. Allen	3861	63.01	103.3	North Carolina	Graham Co.	35.3119	-82.8936	outside_boundary_exact	North Carolina, Haywood County	Graham/Swain Cos. Nantahala National Forest, Cheoah Bald, ~3.8 mi E of Cheoah	https://lichenportal.org/portal/collections/individual/index.php?occid=5401484
5401485	NY	04288204	J. L. Allen	3858	63.01	103.3	North Carolina	Graham Co.	35.3119	-82.8936	outside_boundary_exact	North Carolina, Haywood County	Graham/Swain Cos. Nantahala National Forest, Cheoah Bald, ~3.8 mi E of Cheoah	https://lichenportal.org/portal/collections/individual/index.php?occid=5401485
5401486	NY	04288205	J. L. Allen	3872	63.01	103.3	North Carolina	Graham Co.	35.3119	-82.8936	outside_boundary_exact	North Carolina, Haywood County	Graham/Swain Cos. Nantahala National Forest, Cheoah Bald, ~3.8 mi E of Cheoah	https://lichenportal.org/portal/collections/individual/index.php?occid=5401486
5401487	NY	04288206	J. L. Allen	3888	63.01	103.3	North Carolina	Graham Co.	35.3119	-82.8936	outside_boundary_exact	North Carolina, Haywood County	Graham/Swain Cos. Nantahala National Forest, Cheoah Bald, ~3.8 mi E of Cheoah	https://lichenportal.org/portal/collections/individual/index.php?occid=5401487
5401488	NY	04288207	J. L. Allen	3873	63.01	103.3	North Carolina	Graham Co.	35.3119	-82.8936	outside_boundary_exact	North Carolina, Haywood County	Graham/Swain Cos. Nantahala National Forest, Cheoah Bald, ~3.8 mi E of Cheoah	https://lichenportal.org/portal/collections/individual/index.php?occid=5401488
5401489	NY	04288208	J. L. Allen	38881	63.01	103.3	North Carolina	Graham Co.	35.3119	-82.8936	outside_boundary_exact	North Carolina, Haywood County	Graham/Swain Cos. Nantahala National Forest, Cheoah Bald, ~3.8 mi E of Cheoah	https://lichenportal.org/portal/collections/individual/index.php?occid=5401489
5401490	NY	04288209	J. L. Allen	3884	63.01	103.3	North Carolina	Graham Co.	35.3119	-82.8936	outside_boundary_exact	North Carolina, Haywood County	Graham/Swain Cos. Nantahala National Forest, Cheoah Bald, ~3.8 mi E of Cheoah	https://lichenportal.org/portal/collections/individual/index.php?occid=5401490
3186542	NY	1684151	J. P. Dey	29287	60.85	169.92	North Carolina	Carteret Co.	34.6989	-77.8289	outside_boundary_exact	North Carolina, Pender County	Theodore Roosevelt Natural Area on Bogue Banks, SW of N.C. Aquarium, S of Nature Trail	https://lichenportal.org/portal/collections/individual/index.php?occid=3186542
3186553	NY	1684170	J. P. Dey	29295	60.85	169.92	North Carolina	Carteret Co.	34.6989	-77.8289	outside_boundary_exact	North Carolina, Pender County	Theodore Roosevelt Natural Area on Bogue Banks, SW of N.C. Aquarium, S of Nature Trail	https://lichenportal.org/portal/collections/individual/index.php?occid=3186553
3186561	NY	1684171	J. P. Dey	29307	60.85	169.92	North Carolina	Carteret Co.	34.6989	-77.8289	outside_boundary_exact	North Carolina, Pender County	Theodore Roosevelt Natural Area on Bogue Banks, SW of N.C. Aquarium, S of Nature Trail	https://lichenportal.org/portal/collections/individual/index.php?occid=3186561
3186571	NY	1684172	J. P. Dey	29304	60.85	169.92	North Carolina	Carteret Co.	34.6989	-77.8289	outside_boundary_exact	North Carolina, Pender County	Theodore Roosevelt Natural Area on Bogue Banks, SW of N.C. Aquarium, S of Nature Trail	https://lichenportal.org/portal/collections/individual/index.php?occid=3186571
3186572	NY	1684177	J. P. Dey	29288	60.85	169.92	North Carolina	Carteret Co.	34.6989	-77.8289	outside_boundary_exact	North Carolina, Pender County	Theodore Roosevelt Natural Area on Bogue Banks, SW of N.C. Aquarium, S of Nature Trail	https://lichenportal.org/portal/collections/individual/index.php?occid=3186572
3186573	NY	1684178	J. P. Dey	29283	60.85	169.92	North Carolina	Carteret Co.	34.6989	-77.8289	outside_boundary_exact	North Carolina, Pender County	Theodore Roosevelt Natural Area on Bogue Banks, SW of N.C. Aquarium, S of Nature Trail	https://lichenportal.org/portal/collections/individual/index.php?occid=3186573
3186574	NY	1684180	J. P. Dey	29284	60.85	169.92	North Carolina	Carteret Co.	34.6989	-77.8289	outside_boundary_exact	North Carolina, Pender County	Theodore Roosevelt Natural Area on Bogue Banks, SW of N.C. Aquarium, S of Nature Trail	https://lichenportal.org/portal/collections/individual/index.php?occid=3186574
3186575	NY	1684182	J. P. Dey	29285	60.85	169.92	North Carolina	Carteret Co.	34.6989	-77.8289	outside_boundary_exact	North Carolina, Pender County	Theodore Roosevelt Natural Area on Bogue Banks, SW of N.C. Aquarium, S of Nature Trail	https://lichenportal.org/portal/collections/individual/index.php?occid=3186575
3207919	NY	1684174	J. P. Dey	29305	60.85	169.92	North Carolina	Carteret Co.	34.6989	-77.8289	outside_boundary_exact	North Carolina, Pender County	Theodore Roosevelt Natural Area on Bogue Banks, SW of N.C. Aquarium, S of Nature Trail	https://lichenportal.org/portal/collections/individual/index.php?occid=3207919
3208638	NY	1684173	J. P. Dey	29284	60.85	169.92	North Carolina	Carteret Co.	34.6989	-77.8289	outside_boundary_exact	North Carolina, Pender County	Theodore Roosevelt Natural Area on Bogue Banks, SW of N.C. Aquarium, S of Nature Trail	https://lichenportal.org/portal/collections/individual/index.php?occid=3208638
3212950	NY	1684179	J. P. Dey	29286	60.85	169.92	North Carolina	Carteret Co.	34.6989	-77.8289	outside_boundary_exact	North Carolina, Pender County	Theodore Roosevelt Natural Area on Bogue Banks, SW of N.C. Aquarium, S of Nature Trail	https://lichenportal.org/portal/collections/individual/index.php?occid=3212950
3215369	NY	1684176	J. P. Dey	29293	60.85	169.92	North Carolina	Carteret Co.	34.6989	-77.8289	outside_boundary_exact	North Carolina, Pender County	Theodore Roosevelt Natural Area on Bogue Banks, SW of N.C. Aquarium, S of Nature Trail	https://lichenportal.org/portal/collections/individual/index.php?occid=3215369
3215370	NY	1684181	J. P. Dey	29290	60.85	169.92	North Carolina	Carteret Co.	34.6989	-77.8289	outside_boundary_exact	North Carolina, Pender County	Theodore Roosevelt Natural Area on Bogue Banks, SW of N.C. Aquarium, S of Nature Trail	https://lichenportal.org/portal/collections/individual/index.php?occid=3215370
3227171	NY	1684175	J. P. Dey	29309	60.85	169.92	North Carolina	Carteret Co.	34.6989	-77.8289	outside_boundary_exact	North Carolina, Pender County	Theodore Roosevelt Natural Area on Bogue Banks, SW of N.C. Aquarium, S of Nature Trail	https://lichenportal.org/portal/collections/individual/index.php?occid=3227171
3249093	NY	1684152	J. P. Dey	29289	60.85	169.92	North Carolina	Carteret Co.	34.6989	-77.8289	outside_boundary_exact	North Carolina, Pender County	Theodore Roosevelt Natural Area on Bogue Banks, SW of N.C. Aquarium, S of Nature Trail	https://lichenportal.org/portal/collections/individual/index.php?occid=3249093
961842	NY	1411282	L. Brako	2694	58.57	98.25	North Carolina	Haywood Co.	35.770953	-82.164561	outside_boundary_exact	North Carolina, Yancey County	Haywood/Buncombe Co. Buck Spring Gap, near Blue Ridge Parkway mile 407.7	https://lichenportal.org/portal/collections/individual/index.php?occid=961842
1041187	NY	1545151	R. C. Harris	13622	58.57	98.25	North Carolina	Haywood Co.	35.770953	-82.164561	outside_boundary_exact	North Carolina, Yancey County	Haywood/Buncombe Co. Buck Spring Gap, near Blue Ridge Parkway mile 407.7	https://lichenportal.org/portal/collections/individual/index.php?occid=1041187
1293807	NY	1703347	L. Brako	2693	58.57	98.25	North Carolina	Haywood Co.	35.770953	-82.164561	outside_boundary_exact	North Carolina, Yancey County	Haywood/Buncombe Co. Buck Spring Gap, near Blue Ridge Parkway mile 407.7	https://lichenportal.org/portal/collections/individual/index.php?occid=1293807
893161	NY	1224442	J. P. Dey	1673	44.06	110.3	North Carolina	Buncombe Co.	35.7033	-83.3778	outside_boundary_exact	Tennessee, Sevier County	Craggy Pinnacle in the Great Craggy Mountains	https://lichenportal.org/portal/collections/individual/index.php?occid=893161
895529	NY	1224672	J. P. Dey	1627	44.06	110.3	North Carolina	Buncombe Co.	35.7033	-83.3778	outside_boundary_exact	Tennessee, Sevier County	Craggy Pinnacle in the Great Craggy Mountains	https://lichenportal.org/portal/collections/individual/index.php?occid=895529
896859	NY	1225631	J. P. Dey	1634	44.06	110.3	North Carolina	Buncombe Co.	35.7033	-83.3778	outside_boundary_exact	Tennessee, Sevier County	Craggy Pinnacle in the Great Craggy Mountains	https://lichenportal.org/portal/collections/individual/index.php?occid=896859
897144	NY	1226025	J. P. Dey	1645	44.06	110.3	North Carolina	Buncombe Co.	35.7033	-83.3778	outside_boundary_exact	Tennessee, Sevier County	Craggy Pinnacle in the Great Craggy Mountains	https://lichenportal.org/portal/collections/individual/index.php?occid=897144
897466	NY	1226444	J. P. Dey	1649	44.06	110.3	North Carolina	Buncombe Co.	35.7033	-83.3778	outside_boundary_exact	Tennessee, Sevier County	Craggy Pinnacle in the Great Craggy Mountains	https://lichenportal.org/portal/collections/individual/index.php?occid=897466
897467	NY	1226445	J. P. Dey	1642	44.06	110.3	North Carolina	Buncombe Co.	35.7033	-83.3778	outside_boundary_exact	Tennessee, Sevier County	Craggy Pinnacle in the Great Craggy Mountains	https://lichenportal.org/portal/collections/individual/index.php?occid=897467
898182	NY	1226949	J. P. Dey	1641	44.06	110.3	North Carolina	Buncombe Co.	35.7033	-83.3778	outside_boundary_exact	Tennessee, Sevier County	Craggy Pinnacle in the Great Craggy Mountains	https://lichenportal.org/portal/collections/individual/index.php?occid=898182
898185	NY	1226952	J. P. Dey	1626	44.06	110.3	North Carolina	Buncombe Co.	35.7033	-83.3778	outside_boundary_exact	Tennessee, Sevier County	Craggy Pinnacle in the Great Craggy Mountains	https://lichenportal.org/portal/collections/individual/index.php?occid=898185
898229	NY	1226991	J. P. Dey	1666	44.06	110.3	North Carolina	Buncombe Co.	35.7033	-83.3778	outside_boundary_exact	Tennessee, Sevier County	Craggy Pinnacle in the Great Craggy Mountains	https://lichenportal.org/portal/collections/individual/index.php?occid=898229
898539	NY	1227171	J. P. Dey	1664	44.06	110.3	North Carolina	Buncombe Co.	35.7033	-83.3778	outside_boundary_exact	Tennessee, Sevier County	Craggy Pinnacle in the Great Craggy Mountains	https://lichenportal.org/portal/collections/individual/index.php?occid=898539
899043	NY	1227787	J. P. Dey	1646	44.06	110.3	North Carolina	Buncombe Co.	35.7033	-83.3778	outside_boundary_exact	Tennessee, Sevier County	Craggy Pinnacle in the Great Craggy Mountains	https://lichenportal.org/portal/collections/individual/index.php?occid=899043
899701	NY	1227757	J. P. Dey	1668	44.06	110.3	North Carolina	Buncombe Co.	35.7033	-83.3778	outside_boundary_exact	Tennessee, Sevier County	Craggy Pinnacle in the Great Craggy Mountains	https://lichenportal.org/portal/collections/individual/index.php?occid=899701
901087	NY	1229307	J. P. Dey	1642A	44.06	110.3	North Carolina	Buncombe Co.	35.7033	-83.3778	outside_boundary_exact	Tennessee, Sevier County	Craggy Pinnacle in the Great Craggy Mountains	https://lichenportal.org/portal/collections/individual/index.php?occid=901087
1086217	NY	1569112	J. P. Dey	6152	44.06	110.3	North Carolina	Buncombe Co.	35.7033	-83.3778	outside_boundary_exact	Tennessee, Sevier County	Craggy Pinnacle in the Great Craggy Mountains	https://lichenportal.org/portal/collections/individual/index.php?occid=1086217
3195578	NY	1716449	J. P. Dey	1642	44.06	110.3	North Carolina	Buncombe Co.	35.7033	-83.3778	outside_boundary_exact	Tennessee, Sevier County	Craggy Pinnacle in the Great Craggy Mountains	https://lichenportal.org/portal/collections/individual/index.php?occid=3195578
3216387	NY	1231343	J. P. Dey	1659	44.06	110.3	North Carolina	Buncombe Co.	35.7033	-83.3778	outside_boundary_exact	Tennessee, Sevier County	Craggy Pinnacle in the Great Craggy Mountains	https://lichenportal.org/portal/collections/individual/index.php?occid=3216387
3216393	NY	1231356	J. P. Dey	1636	44.06	110.3	North Carolina	Buncombe Co.	35.7033	-83.3778	outside_boundary_exact	Tennessee, Sevier County	Craggy Pinnacle in the Great Craggy Mountains	https://lichenportal.org/portal/collections/individual/index.php?occid=3216393
3216671	NY	1593375	J. P. Dey	1630	44.06	110.3	North Carolina	Buncombe Co.	35.7033	-83.3778	outside_boundary_exact	Tennessee, Sevier County	Craggy Pinnacle in the Great Craggy Mountains	https://lichenportal.org/portal/collections/individual/index.php?occid=3216671
3216909	NY	1231936	J. P. Dey	1665	44.06	110.3	North Carolina	Buncombe Co.	35.7033	-83.3778	outside_boundary_exact	Tennessee, Sevier County	Craggy Pinnacle in the Great Craggy Mountains	https://lichenportal.org/portal/collections/individual/index.php?occid=3216909
3229222	NY	1593369	J. P. Dey	1629	44.06	110.3	North Carolina	Buncombe Co.	35.7033	-83.3778	outside_boundary_exact	Tennessee, Sevier County	Craggy Pinnacle in the Great Craggy Mountains	https://lichenportal.org/portal/collections/individual/index.php?occid=3229222
3233447	NY	1230374	J. P. Dey	1632	44.06	110.3	North Carolina	Buncombe Co.	35.7033	-83.3778	outside_boundary_exact	Tennessee, Sevier County	Craggy Pinnacle in the Great Craggy Mountains	https://lichenportal.org/portal/collections/individual/index.php?occid=3233447
3233980	NY	1231811	J. P. Dey	1661	44.06	110.3	North Carolina	Buncombe Co.	35.7033	-83.3778	outside_boundary_exact	Tennessee, Sevier County	Craggy Pinnacle in the Great Craggy Mountains	https://lichenportal.org/portal/collections/individual/index.php?occid=3233980
3234046	NY	1725712	J. P. Dey	1655	44.06	110.3	North Carolina	Buncombe Co.	35.7033	-83.3778	outside_boundary_exact	Tennessee, Sevier County	Craggy Pinnacle in the Great Craggy Mountains	https://lichenportal.org/portal/collections/individual/index.php?occid=3234046
3238592	NY	1233967	J. P. Dey	1652	44.06	110.3	North Carolina	Buncombe Co.	35.7033	-83.3778	outside_boundary_exact	Tennessee, Sevier County	Craggy Pinnacle in the Great Craggy Mountains	https://lichenportal.org/portal/collections/individual/index.php?occid=3238592
3238593	NY	1233969	J. P. Dey	1653	44.06	110.3	North Carolina	Buncombe Co.	35.7033	-83.3778	outside_boundary_exact	Tennessee, Sevier County	Craggy Pinnacle in the Great Craggy Mountains	https://lichenportal.org/portal/collections/individual/index.php?occid=3238593
3240687	NY	1231908	J. P. Dey	1660	44.06	110.3	North Carolina	Buncombe Co.	35.7033	-83.3778	outside_boundary_exact	Tennessee, Sevier County	Craggy Pinnacle in the Great Craggy Mountains	https://lichenportal.org/portal/collections/individual/index.php?occid=3240687
3240774	NY	2794219	J. P. Dey	1633	44.06	110.3	North Carolina	Buncombe Co.	35.7033	-83.3778	outside_boundary_exact	Tennessee, Sevier County	Craggy Pinnacle in the Great Craggy Mountains	https://lichenportal.org/portal/collections/individual/index.php?occid=3240774
3249872	NY	03032622	J. P. Dey	1954	44.06	110.3	North Carolina	Buncombe Co.	35.7033	-83.3778	outside_boundary_exact	Tennessee, Sevier County	Craggy Pinnacle in the Great Craggy Mountains	https://lichenportal.org/portal/collections/individual/index.php?occid=3249872
3258634	NY	03032601	J. P. Dey	1669	44.06	110.3	North Carolina	Buncombe Co.	35.7033	-83.3778	outside_boundary_exact	Tennessee, Sevier County	Craggy Pinnacle in the Great Craggy Mountains	https://lichenportal.org/portal/collections/individual/index.php?occid=3258634
3238510	NY	1887279	J. C. Lendemer	37967	34.49	74.19	North Carolina	Haywood Co.	35.4714	-83.5661	outside_boundary_exact	North Carolina, Swain County	Great Smoky Mountains National Park, W shore of Forney Creek, at jct of Bear Creek Trail and Forney Creek Trail	https://lichenportal.org/portal/collections/individual/index.php?occid=3238510
1086360	NY	1569258	R. C. Harris	33082	31.13	67.77	North Carolina	Jackson Co.	35.25	-83.67	outside_boundary_exact	North Carolina, Macon County	Cedar Cliff Mt., 3.5 mi. E of Tuckasegee (NC 107) on NC 281	https://lichenportal.org/portal/collections/individual/index.php?occid=1086360
3240182	NY	02688044	J. P. Dey	28737	31.13	67.77	North Carolina	Jackson Co.	35.25	-83.67	outside_boundary_exact	North Carolina, Macon County	Cedar Cliff Mt., 3.5 mi. E of Tuckasegee (NC 107) on NC 281	https://lichenportal.org/portal/collections/individual/index.php?occid=3240182
1039556	NY	1543501	R. C. Harris	41016	30.77	91.02	North Carolina	Macon Co.	35.33	-84.03	outside_boundary_exact	North Carolina, Graham County	Nantahala National Forest. Cherohalah Skyway [NC 143], Stratton Ridge	https://lichenportal.org/portal/collections/individual/index.php?occid=1039556
858115	NY	974086	G. B. Perlmutter	574	23.33	61.8	North Carolina	Orange Co.	35.8664	-78.7525	outside_boundary_exact	North Carolina, Wake County	Sycamore Lake area, Umstead State Park.	https://lichenportal.org/portal/collections/individual/index.php?occid=858115
861638	NY	953990	G. B. Perlmutter	786	23.33	61.8	North Carolina	Orange Co.	35.8664	-78.7525	outside_boundary_exact	North Carolina, Wake County	Sycamore Lake area, Umstead State Park.	https://lichenportal.org/portal/collections/individual/index.php?occid=861638
3224808	NY	1150551	G. B. Perlmutter	1679	22.41	67.68	North Carolina	Orange Co.	35.6614	-79.0539	outside_boundary_exact	North Carolina, Chatham County	Triangle Land Conservancy's Johnston Mill Nature Preserve, Robin's Trail W of New Hope Creek	https://lichenportal.org/portal/collections/individual/index.php?occid=3224808
3233400	NY	2606184	J. L. Allen	3770	16.57	70.72	North Carolina	Haywood Co.	35.1608	-83.0058	outside_boundary_exact	North Carolina, Jackson County	Nantahala National Forest, Panthertown Valley, an unnamed tributary that feeds into Greenland Creek from the west, ~0.2 mi W from the end of Cold Mountain Rd.	https://lichenportal.org/portal/collections/individual/index.php?occid=3233400
3250528	NY	1575168	J. C. Lendemer	1629	13.65	98.84	North Carolina	Carteret Co.	34.93317	-77.08817	outside_boundary_exact	North Carolina, Craven County	Croatan National Forest, on FR 158 at Catfish Lake and ca. 6 miles W of US 70	https://lichenportal.org/portal/collections/individual/index.php?occid=3250528
897093	NY	1225977	J. P. Dey	28852	12.69	60.34	North Carolina	Macon Co.	35.25	-83.08	outside_boundary_exact	North Carolina, Jackson County	Wayah Bald, 6 mi N on Forest Service Road 69 from junction with NC Sec. Road 1310, ca. 15 mi W from Franklin, Nantahala National Forest	https://lichenportal.org/portal/collections/individual/index.php?occid=897093
897104	NY	1225988	J. P. Dey	28876	12.69	60.34	North Carolina	Macon Co.	35.25	-83.08	outside_boundary_exact	North Carolina, Jackson County	Wayah Bald, 6 mi N on Forest Service Road 69 from junction with NC Sec. Road 1310, ca. 15 mi W from Franklin, Nantahala National Forest	https://lichenportal.org/portal/collections/individual/index.php?occid=897104
897332	NY	1226172	J. P. Dey	38855	12.69	60.34	North Carolina	Macon Co.	35.25	-83.08	outside_boundary_exact	North Carolina, Jackson County	Wayah Bald, 6 mi N on Forest Service Road 69 from junction with NC Sec. Road 1310, ca. 15 mi W from Franklin, Nantahala National Forest	https://lichenportal.org/portal/collections/individual/index.php?occid=897332
3236581	NY	02688043	J. P. Dey	28858	12.69	60.34	North Carolina	Macon Co.	35.25	-83.08	outside_boundary_exact	North Carolina, Jackson County	Wayah Bald, 6 mi N on Forest Service Road 69 from junction with NC Sec. Road 1310, ca. 15 mi W from Franklin, Nantahala National Forest	https://lichenportal.org/portal/collections/individual/index.php?occid=3236581
3237655	NY	1236744	J. P. Dey	28874	12.69	60.34	North Carolina	Macon Co.	35.25	-83.08	outside_boundary_exact	North Carolina, Jackson County	Wayah Bald, 6 mi N on Forest Service Road 69 from junction with NC Sec. Road 1310, ca. 15 mi W from Franklin, Nantahala National Forest	https://lichenportal.org/portal/collections/individual/index.php?occid=3237655
3240090	NY	1236773	J. P. Dey	28870	12.69	60.34	North Carolina	Macon Co.	35.25	-83.08	outside_boundary_exact	North Carolina, Jackson County	Wayah Bald, 6 mi N on Forest Service Road 69 from junction with NC Sec. Road 1310, ca. 15 mi W from Franklin, Nantahala National Forest	https://lichenportal.org/portal/collections/individual/index.php?occid=3240090
3240099	NY	1236775	J. P. Dey	28854	12.69	60.34	North Carolina	Macon Co.	35.25	-83.08	outside_boundary_exact	North Carolina, Jackson County	Wayah Bald, 6 mi N on Forest Service Road 69 from junction with NC Sec. Road 1310, ca. 15 mi W from Franklin, Nantahala National Forest	https://lichenportal.org/portal/collections/individual/index.php?occid=3240099
3240271	NY	1236774	J. P. Dey	28878	12.69	60.34	North Carolina	Macon Co.	35.25	-83.08	outside_boundary_exact	North Carolina, Jackson County	Wayah Bald, 6 mi N on Forest Service Road 69 from junction with NC Sec. Road 1310, ca. 15 mi W from Franklin, Nantahala National Forest	https://lichenportal.org/portal/collections/individual/index.php?occid=3240271
3240280	NY	1236758	J. P. Dey	28865	12.69	60.34	North Carolina	Macon Co.	35.25	-83.08	outside_boundary_exact	North Carolina, Jackson County	Wayah Bald, 6 mi N on Forest Service Road 69 from junction with NC Sec. Road 1310, ca. 15 mi W from Franklin, Nantahala National Forest	https://lichenportal.org/portal/collections/individual/index.php?occid=3240280
3240332	NY	2688144	J. P. Dey	28860	12.69	60.34	North Carolina	Macon Co.	35.25	-83.08	outside_boundary_exact	North Carolina, Jackson County	Wayah Bald, 6 mi N on Forest Service Road 69 from junction with NC Sec. Road 1310, ca. 15 mi W from Franklin, Nantahala National Forest	https://lichenportal.org/portal/collections/individual/index.php?occid=3240332
3240363	NY	1236762	J. P. Dey	28853	12.69	60.34	North Carolina	Macon Co.	35.25	-83.08	outside_boundary_exact	North Carolina, Jackson County	Wayah Bald, 6 mi N on Forest Service Road 69 from junction with NC Sec. Road 1310, ca. 15 mi W from Franklin, Nantahala National Forest	https://lichenportal.org/portal/collections/individual/index.php?occid=3240363
3240764	NY	2794208	J. P. Dey	28879	12.69	60.34	North Carolina	Macon Co.	35.25	-83.08	outside_boundary_exact	North Carolina, Jackson County	Wayah Bald, 6 mi N on Forest Service Road 69 from junction with NC Sec. Road 1310, ca. 15 mi W from Franklin, Nantahala National Forest	https://lichenportal.org/portal/collections/individual/index.php?occid=3240764
3240765	NY	2794209	J. P. Dey	28880	12.69	60.34	North Carolina	Macon Co.	35.25	-83.08	outside_boundary_exact	North Carolina, Jackson County	Wayah Bald, 6 mi N on Forest Service Road 69 from junction with NC Sec. Road 1310, ca. 15 mi W from Franklin, Nantahala National Forest	https://lichenportal.org/portal/collections/individual/index.php?occid=3240765
3240766	NY	2794210	J. P. Dey	28875	12.69	60.34	North Carolina	Macon Co.	35.25	-83.08	outside_boundary_exact	North Carolina, Jackson County	Wayah Bald, 6 mi N on Forest Service Road 69 from junction with NC Sec. Road 1310, ca. 15 mi W from Franklin, Nantahala National Forest	https://lichenportal.org/portal/collections/individual/index.php?occid=3240766
3240767	NY	2794211	J. P. Dey	28859	12.69	60.34	North Carolina	Macon Co.	35.25	-83.08	outside_boundary_exact	North Carolina, Jackson County	Wayah Bald, 6 mi N on Forest Service Road 69 from junction with NC Sec. Road 1310, ca. 15 mi W from Franklin, Nantahala National Forest	https://lichenportal.org/portal/collections/individual/index.php?occid=3240767
4987334	NY	04257424	J. Hollinger	23725	10.15	83.06	North Carolina	Swain Co.	35.6762	-83.069	outside_boundary_exact	North Carolina, Haywood County	Great Smoky Mountains National Park, Cataloochee Creek, ca. 1000 m N of lower bridge	https://lichenportal.org/portal/collections/individual/index.php?occid=4987334
4988466	NY	04257428	J. Hollinger	23852	10.13	82.82	North Carolina	Swain Co.	35.6689	-83.0691	outside_boundary_exact	North Carolina, Haywood County	Great Smoky Mountains National Park, Cataloochee Creek	https://lichenportal.org/portal/collections/individual/index.php?occid=4988466
4988467	NY	04257429	J. Hollinger	23853	10.13	82.82	North Carolina	Swain Co.	35.6689	-83.0691	outside_boundary_exact	North Carolina, Haywood County	Great Smoky Mountains National Park, Cataloochee Creek	https://lichenportal.org/portal/collections/individual/index.php?occid=4988467
4987335	NY	04257427	J. Hollinger	23714	10.06	82.73	North Carolina	Swain Co.	35.6684	-83.0699	outside_boundary_exact	North Carolina, Haywood County	Great Smoky Mountains National Park, Cataloochee Creek, bottom of Asbury Trail	https://lichenportal.org/portal/collections/individual/index.php?occid=4987335
4988464	NY	04257425	J. Hollinger	23712	10.06	82.73	North Carolina	Swain Co.	35.6684	-83.0699	outside_boundary_exact	North Carolina, Haywood County	Great Smoky Mountains National Park, Cataloochee Creek, bottom of Asbury Trail	https://lichenportal.org/portal/collections/individual/index.php?occid=4988464
4988465	NY	04257426	J. Hollinger	23713	10.06	82.73	North Carolina	Swain Co.	35.6684	-83.0699	outside_boundary_exact	North Carolina, Haywood County	Great Smoky Mountains National Park, Cataloochee Creek, bottom of Asbury Trail	https://lichenportal.org/portal/collections/individual/index.php?occid=4988465
4940495	NY	04257422	J. Hollinger	23727	10.01	82.84	North Carolina	Swain Co.	35.6735	-83.0705	outside_boundary_exact	North Carolina, Haywood County	Great Smoky Mountains National Park, Cataloochee Creek, ca. 700 m N of lower bridge	https://lichenportal.org/portal/collections/individual/index.php?occid=4940495
4988463	NY	04257423	J. Hollinger	23726	9.91	82.8	North Carolina	Swain Co.	35.6753	-83.0716	outside_boundary_exact	North Carolina, Haywood County	Great Smoky Mountains National Park, Cataloochee Creek, ca. 950 m N of lower bridge	https://lichenportal.org/portal/collections/individual/index.php?occid=4988463
3184059	NY	1886761	J. C. Lendemer	37915	7.25	59.37	North Carolina	Haywood Co.	35.6631	-83.3242	outside_boundary_exact	North Carolina, Swain County	Great Smoky Mountains National Park, Appalachian Trail 0-1.1 mi E of Laurel Gap	https://lichenportal.org/portal/collections/individual/index.php?occid=3184059
3208484	NY	1886772	J. C. Lendemer	37904	7.25	59.37	North Carolina	Haywood Co.	35.6631	-83.3242	outside_boundary_exact	North Carolina, Swain County	Great Smoky Mountains National Park, Appalachian Trail 0-1.1 mi E of Laurel Gap	https://lichenportal.org/portal/collections/individual/index.php?occid=3208484
3216349	NY	1886755	J. C. Lendemer	37921	7.25	59.37	North Carolina	Haywood Co.	35.6631	-83.3242	outside_boundary_exact	North Carolina, Swain County	Great Smoky Mountains National Park, Appalachian Trail 0-1.1 mi E of Laurel Gap	https://lichenportal.org/portal/collections/individual/index.php?occid=3216349
3216468	NY	1886808	J. C. Lendemer	37869	7.25	59.37	North Carolina	Haywood Co.	35.6631	-83.3242	outside_boundary_exact	North Carolina, Swain County	Great Smoky Mountains National Park, Appalachian Trail 0-1.1 mi E of Laurel Gap	https://lichenportal.org/portal/collections/individual/index.php?occid=3216468
3216509	NY	1886764	J. C. Lendemer	37912	7.25	59.37	North Carolina	Haywood Co.	35.6631	-83.3242	outside_boundary_exact	North Carolina, Swain County	Great Smoky Mountains National Park, Appalachian Trail 0-1.1 mi E of Laurel Gap	https://lichenportal.org/portal/collections/individual/index.php?occid=3216509
3216567	NY	1886783	J. C. Lendemer	37893	7.25	59.37	North Carolina	Haywood Co.	35.6631	-83.3242	outside_boundary_exact	North Carolina, Swain County	Great Smoky Mountains National Park, Appalachian Trail 0-1.1 mi E of Laurel Gap	https://lichenportal.org/portal/collections/individual/index.php?occid=3216567
3216610	NY	1886786	J. C. Lendemer	37890	7.25	59.37	North Carolina	Haywood Co.	35.6631	-83.3242	outside_boundary_exact	North Carolina, Swain County	Great Smoky Mountains National Park, Appalachian Trail 0-1.1 mi E of Laurel Gap	https://lichenportal.org/portal/collections/individual/index.php?occid=3216610
3216625	NY	1886763	J. C. Lendemer	37913	7.25	59.37	North Carolina	Haywood Co.	35.6631	-83.3242	outside_boundary_exact	North Carolina, Swain County	Great Smoky Mountains National Park, Appalachian Trail 0-1.1 mi E of Laurel Gap	https://lichenportal.org/portal/collections/individual/index.php?occid=3216625
3216650	NY	1886794	J. C. Lendemer	37883	7.25	59.37	North Carolina	Haywood Co.	35.6631	-83.3242	outside_boundary_exact	North Carolina, Swain County	Great Smoky Mountains National Park, Appalachian Trail 0-1.1 mi E of Laurel Gap	https://lichenportal.org/portal/collections/individual/index.php?occid=3216650
3226209	NY	1886771	J. C. Lendemer	37905	7.25	59.37	North Carolina	Haywood Co.	35.6631	-83.3242	outside_boundary_exact	North Carolina, Swain County	Great Smoky Mountains National Park, Appalachian Trail 0-1.1 mi E of Laurel Gap	https://lichenportal.org/portal/collections/individual/index.php?occid=3226209
3226343	NY	1886774	J. C. Lendemer	37902	7.25	59.37	North Carolina	Haywood Co.	35.6631	-83.3242	outside_boundary_exact	North Carolina, Swain County	Great Smoky Mountains National Park, Appalachian Trail 0-1.1 mi E of Laurel Gap	https://lichenportal.org/portal/collections/individual/index.php?occid=3226343
3228107	NY	1886770	J. C. Lendemer	37906	7.25	59.37	North Carolina	Haywood Co.	35.6631	-83.3242	outside_boundary_exact	North Carolina, Swain County	Great Smoky Mountains National Park, Appalachian Trail 0-1.1 mi E of Laurel Gap	https://lichenportal.org/portal/collections/individual/index.php?occid=3228107
3228227	NY	1886773	J. C. Lendemer	37903	7.25	59.37	North Carolina	Haywood Co.	35.6631	-83.3242	outside_boundary_exact	North Carolina, Swain County	Great Smoky Mountains National Park, Appalachian Trail 0-1.1 mi E of Laurel Gap	https://lichenportal.org/portal/collections/individual/index.php?occid=3228227
3228656	NY	1886754	J. C. Lendemer	37922	7.25	59.37	North Carolina	Haywood Co.	35.6631	-83.3242	outside_boundary_exact	North Carolina, Swain County	Great Smoky Mountains National Park, Appalachian Trail 0-1.1 mi E of Laurel Gap	https://lichenportal.org/portal/collections/individual/index.php?occid=3228656
3230049	NY	1886775	J. C. Lendemer	37901	7.25	59.37	North Carolina	Haywood Co.	35.6631	-83.3242	outside_boundary_exact	North Carolina, Swain County	Great Smoky Mountains National Park, Appalachian Trail 0-1.1 mi E of Laurel Gap	https://lichenportal.org/portal/collections/individual/index.php?occid=3230049
3230849	NY	1886802	J. C. Lendemer	37875	7.25	59.37	North Carolina	Haywood Co.	35.6631	-83.3242	outside_boundary_exact	North Carolina, Swain County	Great Smoky Mountains National Park, Appalachian Trail 0-1.1 mi E of Laurel Gap	https://lichenportal.org/portal/collections/individual/index.php?occid=3230849
3232728	NY	1886778	J. C. Lendemer	37898	7.25	59.37	North Carolina	Haywood Co.	35.6631	-83.3242	outside_boundary_exact	North Carolina, Swain County	Great Smoky Mountains National Park, Appalachian Trail 0-1.1 mi E of Laurel Gap	https://lichenportal.org/portal/collections/individual/index.php?occid=3232728
3233591	NY	1886809	J. C. Lendemer	37868	7.25	59.37	North Carolina	Haywood Co.	35.6631	-83.3242	outside_boundary_exact	North Carolina, Swain County	Great Smoky Mountains National Park, Appalachian Trail 0-1.1 mi E of Laurel Gap	https://lichenportal.org/portal/collections/individual/index.php?occid=3233591
3233788	NY	1886792	J. C. Lendemer	37885	7.25	59.37	North Carolina	Haywood Co.	35.6631	-83.3242	outside_boundary_exact	North Carolina, Swain County	Great Smoky Mountains National Park, Appalachian Trail 0-1.1 mi E of Laurel Gap	https://lichenportal.org/portal/collections/individual/index.php?occid=3233788
3233789	NY	1886795	J. C. Lendemer	37882	7.25	59.37	North Carolina	Haywood Co.	35.6631	-83.3242	outside_boundary_exact	North Carolina, Swain County	Great Smoky Mountains National Park, Appalachian Trail 0-1.1 mi E of Laurel Gap	https://lichenportal.org/portal/collections/individual/index.php?occid=3233789
3234383	NY	1886801	J. C. Lendemer	37876	7.25	59.37	North Carolina	Haywood Co.	35.6631	-83.3242	outside_boundary_exact	North Carolina, Swain County	Great Smoky Mountains National Park, Appalachian Trail 0-1.1 mi E of Laurel Gap	https://lichenportal.org/portal/collections/individual/index.php?occid=3234383
3234544	NY	1886749	J. C. Lendemer	37927	7.25	59.37	North Carolina	Haywood Co.	35.6631	-83.3242	outside_boundary_exact	North Carolina, Swain County	Great Smoky Mountains National Park, Appalachian Trail 0-1.1 mi E of Laurel Gap	https://lichenportal.org/portal/collections/individual/index.php?occid=3234544
3234545	NY	1886797	J. C. Lendemer	37880	7.25	59.37	North Carolina	Haywood Co.	35.6631	-83.3242	outside_boundary_exact	North Carolina, Swain County	Great Smoky Mountains National Park, Appalachian Trail 0-1.1 mi E of Laurel Gap	https://lichenportal.org/portal/collections/individual/index.php?occid=3234545
3234573	NY	1886803	J. C. Lendemer	37874	7.25	59.37	North Carolina	Haywood Co.	35.6631	-83.3242	outside_boundary_exact	North Carolina, Swain County	Great Smoky Mountains National Park, Appalachian Trail 0-1.1 mi E of Laurel Gap	https://lichenportal.org/portal/collections/individual/index.php?occid=3234573
3234591	NY	1886762	J. C. Lendemer	37914	7.25	59.37	North Carolina	Haywood Co.	35.6631	-83.3242	outside_boundary_exact	North Carolina, Swain County	Great Smoky Mountains National Park, Appalachian Trail 0-1.1 mi E of Laurel Gap	https://lichenportal.org/portal/collections/individual/index.php?occid=3234591
3235033	NY	1886760	J. C. Lendemer	37916	7.25	59.37	North Carolina	Haywood Co.	35.6631	-83.3242	outside_boundary_exact	North Carolina, Swain County	Great Smoky Mountains National Park, Appalachian Trail 0-1.1 mi E of Laurel Gap	https://lichenportal.org/portal/collections/individual/index.php?occid=3235033
3236062	NY	1886776	J. C. Lendemer	37900	7.25	59.37	North Carolina	Haywood Co.	35.6631	-83.3242	outside_boundary_exact	North Carolina, Swain County	Great Smoky Mountains National Park, Appalachian Trail 0-1.1 mi E of Laurel Gap	https://lichenportal.org/portal/collections/individual/index.php?occid=3236062
3236086	NY	1886782	J. C. Lendemer	37894	7.25	59.37	North Carolina	Haywood Co.	35.6631	-83.3242	outside_boundary_exact	North Carolina, Swain County	Great Smoky Mountains National Park, Appalachian Trail 0-1.1 mi E of Laurel Gap	https://lichenportal.org/portal/collections/individual/index.php?occid=3236086
3236113	NY	1886765	J. C. Lendemer	37911	7.25	59.37	North Carolina	Haywood Co.	35.6631	-83.3242	outside_boundary_exact	North Carolina, Swain County	Great Smoky Mountains National Park, Appalachian Trail 0-1.1 mi E of Laurel Gap	https://lichenportal.org/portal/collections/individual/index.php?occid=3236113
3236624	NY	1886750	J. C. Lendemer	37926	7.25	59.37	North Carolina	Haywood Co.	35.6631	-83.3242	outside_boundary_exact	North Carolina, Swain County	Great Smoky Mountains National Park, Appalachian Trail 0-1.1 mi E of Laurel Gap	https://lichenportal.org/portal/collections/individual/index.php?occid=3236624
3236633	NY	1886756	J. C. Lendemer	37920	7.25	59.37	North Carolina	Haywood Co.	35.6631	-83.3242	outside_boundary_exact	North Carolina, Swain County	Great Smoky Mountains National Park, Appalachian Trail 0-1.1 mi E of Laurel Gap	https://lichenportal.org/portal/collections/individual/index.php?occid=3236633
3236859	NY	1886807	J. C. Lendemer	37870	7.25	59.37	North Carolina	Haywood Co.	35.6631	-83.3242	outside_boundary_exact	North Carolina, Swain County	Great Smoky Mountains National Park, Appalachian Trail 0-1.1 mi E of Laurel Gap	https://lichenportal.org/portal/collections/individual/index.php?occid=3236859
3236898	NY	1886758	J. C. Lendemer	37918	7.25	59.37	North Carolina	Haywood Co.	35.6631	-83.3242	outside_boundary_exact	North Carolina, Swain County	Great Smoky Mountains National Park, Appalachian Trail 0-1.1 mi E of Laurel Gap	https://lichenportal.org/portal/collections/individual/index.php?occid=3236898
3236917	NY	1886759	J. C. Lendemer	37917	7.25	59.37	North Carolina	Haywood Co.	35.6631	-83.3242	outside_boundary_exact	North Carolina, Swain County	Great Smoky Mountains National Park, Appalachian Trail 0-1.1 mi E of Laurel Gap	https://lichenportal.org/portal/collections/individual/index.php?occid=3236917
3237140	NY	1886800	J. C. Lendemer	37877	7.25	59.37	North Carolina	Haywood Co.	35.6631	-83.3242	outside_boundary_exact	North Carolina, Swain County	Great Smoky Mountains National Park, Appalachian Trail 0-1.1 mi E of Laurel Gap	https://lichenportal.org/portal/collections/individual/index.php?occid=3237140
3237442	NY	1886780	J. C. Lendemer	37896	7.25	59.37	North Carolina	Haywood Co.	35.6631	-83.3242	outside_boundary_exact	North Carolina, Swain County	Great Smoky Mountains National Park, Appalachian Trail 0-1.1 mi E of Laurel Gap	https://lichenportal.org/portal/collections/individual/index.php?occid=3237442
3237514	NY	1886791	J. C. Lendemer	37886	7.25	59.37	North Carolina	Haywood Co.	35.6631	-83.3242	outside_boundary_exact	North Carolina, Swain County	Great Smoky Mountains National Park, Appalachian Trail 0-1.1 mi E of Laurel Gap	https://lichenportal.org/portal/collections/individual/index.php?occid=3237514
3237657	NY	1886806	J. C. Lendemer	37871	7.25	59.37	North Carolina	Haywood Co.	35.6631	-83.3242	outside_boundary_exact	North Carolina, Swain County	Great Smoky Mountains National Park, Appalachian Trail 0-1.1 mi E of Laurel Gap	https://lichenportal.org/portal/collections/individual/index.php?occid=3237657
3237816	NY	1886751	J. C. Lendemer	37925	7.25	59.37	North Carolina	Haywood Co.	35.6631	-83.3242	outside_boundary_exact	North Carolina, Swain County	Great Smoky Mountains National Park, Appalachian Trail 0-1.1 mi E of Laurel Gap	https://lichenportal.org/portal/collections/individual/index.php?occid=3237816
3237817	NY	1886779	J. C. Lendemer	37897	7.25	59.37	North Carolina	Haywood Co.	35.6631	-83.3242	outside_boundary_exact	North Carolina, Swain County	Great Smoky Mountains National Park, Appalachian Trail 0-1.1 mi E of Laurel Gap	https://lichenportal.org/portal/collections/individual/index.php?occid=3237817
3237881	NY	1886769	J. C. Lendemer	37907	7.25	59.37	North Carolina	Haywood Co.	35.6631	-83.3242	outside_boundary_exact	North Carolina, Swain County	Great Smoky Mountains National Park, Appalachian Trail 0-1.1 mi E of Laurel Gap	https://lichenportal.org/portal/collections/individual/index.php?occid=3237881
3237882	NY	1886781	J. C. Lendemer	37895	7.25	59.37	North Carolina	Haywood Co.	35.6631	-83.3242	outside_boundary_exact	North Carolina, Swain County	Great Smoky Mountains National Park, Appalachian Trail 0-1.1 mi E of Laurel Gap	https://lichenportal.org/portal/collections/individual/index.php?occid=3237882
3238157	NY	1886799	J. C. Lendemer	37878	7.25	59.37	North Carolina	Haywood Co.	35.6631	-83.3242	outside_boundary_exact	North Carolina, Swain County	Great Smoky Mountains National Park, Appalachian Trail 0-1.1 mi E of Laurel Gap	https://lichenportal.org/portal/collections/individual/index.php?occid=3238157
3238315	NY	1886796	J. C. Lendemer	37881	7.25	59.37	North Carolina	Haywood Co.	35.6631	-83.3242	outside_boundary_exact	North Carolina, Swain County	Great Smoky Mountains National Park, Appalachian Trail 0-1.1 mi E of Laurel Gap	https://lichenportal.org/portal/collections/individual/index.php?occid=3238315
3238475	NY	1886757	J. C. Lendemer	37919	7.25	59.37	North Carolina	Haywood Co.	35.6631	-83.3242	outside_boundary_exact	North Carolina, Swain County	Great Smoky Mountains National Park, Appalachian Trail 0-1.1 mi E of Laurel Gap	https://lichenportal.org/portal/collections/individual/index.php?occid=3238475
3239066	NY	1886804	J. C. Lendemer	37873	7.25	59.37	North Carolina	Haywood Co.	35.6631	-83.3242	outside_boundary_exact	North Carolina, Swain County	Great Smoky Mountains National Park, Appalachian Trail 0-1.1 mi E of Laurel Gap	https://lichenportal.org/portal/collections/individual/index.php?occid=3239066
3239612	NY	1886788	J. C. Lendemer	37889	7.25	59.37	North Carolina	Haywood Co.	35.6631	-83.3242	outside_boundary_exact	North Carolina, Swain County	Great Smoky Mountains National Park, Appalachian Trail 0-1.1 mi E of Laurel Gap	https://lichenportal.org/portal/collections/individual/index.php?occid=3239612
3239614	NY	1886785	J. C. Lendemer	37891	7.25	59.37	North Carolina	Haywood Co.	35.6631	-83.3242	outside_boundary_exact	North Carolina, Swain County	Great Smoky Mountains National Park, Appalachian Trail 0-1.1 mi E of Laurel Gap	https://lichenportal.org/portal/collections/individual/index.php?occid=3239614
3239704	NY	1886784	J. C. Lendemer	37892	7.25	59.37	North Carolina	Haywood Co.	35.6631	-83.3242	outside_boundary_exact	North Carolina, Swain County	Great Smoky Mountains National Park, Appalachian Trail 0-1.1 mi E of Laurel Gap	https://lichenportal.org/portal/collections/individual/index.php?occid=3239704
3239766	NY	1886753	J. C. Lendemer	37923	7.25	59.37	North Carolina	Haywood Co.	35.6631	-83.3242	outside_boundary_exact	North Carolina, Swain County	Great Smoky Mountains National Park, Appalachian Trail 0-1.1 mi E of Laurel Gap	https://lichenportal.org/portal/collections/individual/index.php?occid=3239766
3239889	NY	1886793	J. C. Lendemer	37884	7.25	59.37	North Carolina	Haywood Co.	35.6631	-83.3242	outside_boundary_exact	North Carolina, Swain County	Great Smoky Mountains National Park, Appalachian Trail 0-1.1 mi E of Laurel Gap	https://lichenportal.org/portal/collections/individual/index.php?occid=3239889
3239897	NY	1886805	J. C. Lendemer	37872	7.25	59.37	North Carolina	Haywood Co.	35.6631	-83.3242	outside_boundary_exact	North Carolina, Swain County	Great Smoky Mountains National Park, Appalachian Trail 0-1.1 mi E of Laurel Gap	https://lichenportal.org/portal/collections/individual/index.php?occid=3239897
3240156	NY	1886787	J. C. Lendemer	37889A	7.25	59.37	North Carolina	Haywood Co.	35.6631	-83.3242	outside_boundary_exact	North Carolina, Swain County	Great Smoky Mountains National Park, Appalachian Trail 0-1.1 mi E of Laurel Gap	https://lichenportal.org/portal/collections/individual/index.php?occid=3240156
3240337	NY	1886790	J. C. Lendemer	37887	7.25	59.37	North Carolina	Haywood Co.	35.6631	-83.3242	outside_boundary_exact	North Carolina, Swain County	Great Smoky Mountains National Park, Appalachian Trail 0-1.1 mi E of Laurel Gap	https://lichenportal.org/portal/collections/individual/index.php?occid=3240337
3240672	NY	1886766	J. C. Lendemer	37910	7.25	59.37	North Carolina	Haywood Co.	35.6631	-83.3242	outside_boundary_exact	North Carolina, Swain County	Great Smoky Mountains National Park, Appalachian Trail 0-1.1 mi E of Laurel Gap	https://lichenportal.org/portal/collections/individual/index.php?occid=3240672
3240733	NY	1886752	J. C. Lendemer	37924	7.25	59.37	North Carolina	Haywood Co.	35.6631	-83.3242	outside_boundary_exact	North Carolina, Swain County	Great Smoky Mountains National Park, Appalachian Trail 0-1.1 mi E of Laurel Gap	https://lichenportal.org/portal/collections/individual/index.php?occid=3240733
3240794	NY	1886789	J. C. Lendemer	37888	7.25	59.37	North Carolina	Haywood Co.	35.6631	-83.3242	outside_boundary_exact	North Carolina, Swain County	Great Smoky Mountains National Park, Appalachian Trail 0-1.1 mi E of Laurel Gap	https://lichenportal.org/portal/collections/individual/index.php?occid=3240794
3250922	NY	1886777	J. C. Lendemer	37899	7.25	59.37	North Carolina	Haywood Co.	35.6631	-83.3242	outside_boundary_exact	North Carolina, Swain County	Great Smoky Mountains National Park, Appalachian Trail 0-1.1 mi E of Laurel Gap	https://lichenportal.org/portal/collections/individual/index.php?occid=3250922
857640	NY	954617	G. B. Perlmutter	1186	7.08	69.15	North Carolina	Wake Co.	35.7631	-79.0214	outside_boundary_exact	North Carolina, Chatham County	Worthdale Park, Raleigh	https://lichenportal.org/portal/collections/individual/index.php?occid=857640
882697	NY	1118532	R. C. Harris	41123	6.97	63.63	North Carolina	Macon Co.	35.05	-83.05	outside_boundary_exact	North Carolina, Jackson County	Nantahala National Forest, Southern Nantahala Wilderness Area, along Appalachian Trail from Deep Gap to summit of Standing Indian Mountain	https://lichenportal.org/portal/collections/individual/index.php?occid=882697
882840	NY	1080193	R. C. Harris	41109	6.97	63.63	North Carolina	Macon Co.	35.05	-83.05	outside_boundary_exact	North Carolina, Jackson County	Nantahala National Forest, Southern Nantahala Wilderness Area, along Appalachian Trail from Deep Gap to summit of Standing Indian Mountain	https://lichenportal.org/portal/collections/individual/index.php?occid=882840
954505	NY	1398367	W. R. Buck	32592	6.97	63.63	North Carolina	Macon Co.	35.05	-83.05	outside_boundary_exact	North Carolina, Jackson County	Nantahala National Forest, Southern Nantahala Wilderness Area, along Appalachian Trail from Deep Gap to summit of Standing Indian Mountain	https://lichenportal.org/portal/collections/individual/index.php?occid=954505
956483	NY	1409745	R. C. Harris	41122	6.97	63.63	North Carolina	Macon Co.	35.05	-83.05	outside_boundary_exact	North Carolina, Jackson County	Nantahala National Forest, Southern Nantahala Wilderness Area, along Appalachian Trail from Deep Gap to summit of Standing Indian Mountain	https://lichenportal.org/portal/collections/individual/index.php?occid=956483
959099	NY	1359814	R. C. Harris	41139	6.97	63.63	North Carolina	Macon Co.	35.05	-83.05	outside_boundary_exact	North Carolina, Jackson County	Nantahala National Forest, Southern Nantahala Wilderness Area, along Appalachian Trail from Deep Gap to summit of Standing Indian Mountain	https://lichenportal.org/portal/collections/individual/index.php?occid=959099
961133	NY	01406955	W. R. Buck	32613	6.97	63.63	North Carolina	Macon Co.	35.05	-83.05	outside_boundary_exact	North Carolina, Jackson County	Nantahala National Forest, Southern Nantahala Wilderness Area, along Appalachian Trail from Deep Gap to summit of Standing Indian Mountain	https://lichenportal.org/portal/collections/individual/index.php?occid=961133
961549	NY	1410988	R. C. Harris	41146	6.97	63.63	North Carolina	Macon Co.	35.05	-83.05	outside_boundary_exact	North Carolina, Jackson County	Nantahala National Forest, Southern Nantahala Wilderness Area, along Appalachian Trail from Deep Gap to summit of Standing Indian Mountain	https://lichenportal.org/portal/collections/individual/index.php?occid=961549
965708	NY	1489083	W. R. Buck	32590	6.97	63.63	North Carolina	Macon Co.	35.05	-83.05	outside_boundary_exact	North Carolina, Jackson County	Nantahala National Forest, Southern Nantahala Wilderness Area, along Appalachian Trail from Deep Gap to summit of Standing Indian Mountain	https://lichenportal.org/portal/collections/individual/index.php?occid=965708
965719	NY	1489094	R. C. Harris	41090	6.97	63.63	North Carolina	Macon Co.	35.05	-83.05	outside_boundary_exact	North Carolina, Jackson County	Nantahala National Forest, Southern Nantahala Wilderness Area, along Appalachian Trail from Deep Gap to summit of Standing Indian Mountain	https://lichenportal.org/portal/collections/individual/index.php?occid=965719
966074	NY	1489451	R. C. Harris	41135	6.97	63.63	North Carolina	Macon Co.	35.05	-83.05	outside_boundary_exact	North Carolina, Jackson County	Nantahala National Forest, Southern Nantahala Wilderness Area, along Appalachian Trail from Deep Gap to summit of Standing Indian Mountain	https://lichenportal.org/portal/collections/individual/index.php?occid=966074
968434	NY	1489916	R. C. Harris	41107	6.97	63.63	North Carolina	Macon Co.	35.05	-83.05	outside_boundary_exact	North Carolina, Jackson County	Nantahala National Forest, Southern Nantahala Wilderness Area, along Appalachian Trail from Deep Gap to summit of Standing Indian Mountain	https://lichenportal.org/portal/collections/individual/index.php?occid=968434
968510	NY	1489993	R. C. Harris	41085	6.97	63.63	North Carolina	Macon Co.	35.05	-83.05	outside_boundary_exact	North Carolina, Jackson County	Nantahala National Forest, Southern Nantahala Wilderness Area, along Appalachian Trail from Deep Gap to summit of Standing Indian Mountain	https://lichenportal.org/portal/collections/individual/index.php?occid=968510
969608	NY	1491099	R. C. Harris	41110	6.97	63.63	North Carolina	Macon Co.	35.05	-83.05	outside_boundary_exact	North Carolina, Jackson County	Nantahala National Forest, Southern Nantahala Wilderness Area, along Appalachian Trail from Deep Gap to summit of Standing Indian Mountain	https://lichenportal.org/portal/collections/individual/index.php?occid=969608
1011070	NY	1519417	W. R. Buck	32605	6.97	63.63	North Carolina	Macon Co.	35.05	-83.05	outside_boundary_exact	North Carolina, Jackson County	Nantahala National Forest, Southern Nantahala Wilderness Area, along Appalachian Trail from Deep Gap to summit of Standing Indian Mountain	https://lichenportal.org/portal/collections/individual/index.php?occid=1011070
1050844	NY	1546085	W. R. Buck	32591	6.97	63.63	North Carolina	Macon Co.	35.05	-83.05	outside_boundary_exact	North Carolina, Jackson County	Nantahala National Forest, Southern Nantahala Wilderness Area, along Appalachian Trail from Deep Gap to summit of Standing Indian Mountain	https://lichenportal.org/portal/collections/individual/index.php?occid=1050844
1050856	NY	1546097	R. C. Harris	41148	6.97	63.63	North Carolina	Macon Co.	35.05	-83.05	outside_boundary_exact	North Carolina, Jackson County	Nantahala National Forest, Southern Nantahala Wilderness Area, along Appalachian Trail from Deep Gap to summit of Standing Indian Mountain	https://lichenportal.org/portal/collections/individual/index.php?occid=1050856
1052213	NY	1548066	R. C. Harris	41143	6.97	63.63	North Carolina	Macon Co.	35.05	-83.05	outside_boundary_exact	North Carolina, Jackson County	Nantahala National Forest, Southern Nantahala Wilderness Area, along Appalachian Trail from Deep Gap to summit of Standing Indian Mountain	https://lichenportal.org/portal/collections/individual/index.php?occid=1052213
1060822	NY	1562986	R. C. Harris	41111	6.97	63.63	North Carolina	Macon Co.	35.05	-83.05	outside_boundary_exact	North Carolina, Jackson County	Nantahala National Forest, Southern Nantahala Wilderness Area, along Appalachian Trail from Deep Gap to summit of Standing Indian Mountain	https://lichenportal.org/portal/collections/individual/index.php?occid=1060822
1062432	NY	1565622	R. C. Harris	41094	6.97	63.63	North Carolina	Macon Co.	35.05	-83.05	outside_boundary_exact	North Carolina, Jackson County	Nantahala National Forest, Southern Nantahala Wilderness Area, along Appalachian Trail from Deep Gap to summit of Standing Indian Mountain	https://lichenportal.org/portal/collections/individual/index.php?occid=1062432
1062433	NY	1565623	R. C. Harris	41121	6.97	63.63	North Carolina	Macon Co.	35.05	-83.05	outside_boundary_exact	North Carolina, Jackson County	Nantahala National Forest, Southern Nantahala Wilderness Area, along Appalachian Trail from Deep Gap to summit of Standing Indian Mountain	https://lichenportal.org/portal/collections/individual/index.php?occid=1062433
1087907	NY	1570824	R. C. Harris	41141	6.97	63.63	North Carolina	Macon Co.	35.05	-83.05	outside_boundary_exact	North Carolina, Jackson County	Nantahala National Forest, Southern Nantahala Wilderness Area, along Appalachian Trail from Deep Gap to summit of Standing Indian Mountain	https://lichenportal.org/portal/collections/individual/index.php?occid=1087907
1088322	NY	1571242	R. C. Harris	41096	6.97	63.63	North Carolina	Macon Co.	35.05	-83.05	outside_boundary_exact	North Carolina, Jackson County	Nantahala National Forest, Southern Nantahala Wilderness Area, along Appalachian Trail from Deep Gap to summit of Standing Indian Mountain	https://lichenportal.org/portal/collections/individual/index.php?occid=1088322
1109219	NY	1572801	R. C. Harris	41118	6.97	63.63	North Carolina	Macon Co.	35.05	-83.05	outside_boundary_exact	North Carolina, Jackson County	Nantahala National Forest, Southern Nantahala Wilderness Area, along Appalachian Trail from Deep Gap to summit of Standing Indian Mountain	https://lichenportal.org/portal/collections/individual/index.php?occid=1109219
1109220	NY	1572802	R. C. Harris	41127	6.97	63.63	North Carolina	Macon Co.	35.05	-83.05	outside_boundary_exact	North Carolina, Jackson County	Nantahala National Forest, Southern Nantahala Wilderness Area, along Appalachian Trail from Deep Gap to summit of Standing Indian Mountain	https://lichenportal.org/portal/collections/individual/index.php?occid=1109220
1127057	NY	1476268	R. C. Harris	41095	6.97	63.63	North Carolina	Macon Co.	35.05	-83.05	outside_boundary_exact	North Carolina, Jackson County	Nantahala National Forest, Southern Nantahala Wilderness Area, along Appalachian Trail from Deep Gap to summit of Standing Indian Mountain	https://lichenportal.org/portal/collections/individual/index.php?occid=1127057
1127058	NY	1476269	R. C. Harris	41116	6.97	63.63	North Carolina	Macon Co.	35.05	-83.05	outside_boundary_exact	North Carolina, Jackson County	Nantahala National Forest, Southern Nantahala Wilderness Area, along Appalachian Trail from Deep Gap to summit of Standing Indian Mountain	https://lichenportal.org/portal/collections/individual/index.php?occid=1127058
1238935	NY	1656162	W. R. Buck	32610	6.97	63.63	North Carolina	Macon Co.	35.05	-83.05	outside_boundary_exact	North Carolina, Jackson County	Nantahala National Forest, Southern Nantahala Wilderness Area, along Appalachian Trail from Deep Gap to summit of Standing Indian Mountain	https://lichenportal.org/portal/collections/individual/index.php?occid=1238935
1238941	NY	1656168	W. R. Buck	32597	6.97	63.63	North Carolina	Macon Co.	35.05	-83.05	outside_boundary_exact	North Carolina, Jackson County	Nantahala National Forest, Southern Nantahala Wilderness Area, along Appalachian Trail from Deep Gap to summit of Standing Indian Mountain	https://lichenportal.org/portal/collections/individual/index.php?occid=1238941
1239059	NY	1656286	W. R. Buck	32604	6.97	63.63	North Carolina	Macon Co.	35.05	-83.05	outside_boundary_exact	North Carolina, Jackson County	Nantahala National Forest, Southern Nantahala Wilderness Area, along Appalachian Trail from Deep Gap to summit of Standing Indian Mountain	https://lichenportal.org/portal/collections/individual/index.php?occid=1239059
3225735	NY	1232529	R. C. Harris	41099	6.97	63.63	North Carolina	Macon Co.	35.05	-83.05	outside_boundary_exact	North Carolina, Jackson County	Nantahala National Forest, Southern Nantahala Wilderness Area, along Appalachian Trail from Deep Gap to summit of Standing Indian Mountain	https://lichenportal.org/portal/collections/individual/index.php?occid=3225735
3237225	NY	2441407	R. C. Harris	41119	6.97	63.63	North Carolina	Macon Co.	35.05	-83.05	outside_boundary_exact	North Carolina, Jackson County	Nantahala National Forest, Southern Nantahala Wilderness Area, along Appalachian Trail from Deep Gap to summit of Standing Indian Mountain	https://lichenportal.org/portal/collections/individual/index.php?occid=3237225
3237687	NY	1593546	R. C. Harris	41114	6.97	63.63	North Carolina	Macon Co.	35.05	-83.05	outside_boundary_exact	North Carolina, Jackson County	Nantahala National Forest, Southern Nantahala Wilderness Area, along Appalachian Trail from Deep Gap to summit of Standing Indian Mountain	https://lichenportal.org/portal/collections/individual/index.php?occid=3237687
3582668	NY	1708878	R. C. Harris	41117	6.97	63.63	North Carolina	Macon Co.	35.05	-83.05	outside_boundary_exact	North Carolina, Jackson County	Nantahala National Forest, Southern Nantahala Wilderness Area, along Appalachian Trail from Deep Gap to summit of Standing Indian Mountain	https://lichenportal.org/portal/collections/individual/index.php?occid=3582668
3786550	NY	1573683	R. C. Harris	41128	6.97	63.63	North Carolina	Macon Co.	35.05	-83.05	outside_boundary_exact	North Carolina, Jackson County	Nantahala National Forest, Southern Nantahala Wilderness Area, along Appalachian Trail from Deep Gap to summit of Standing Indian Mountain	https://lichenportal.org/portal/collections/individual/index.php?occid=3786550
4977137	NY	02690920	R. C. Harris	41097	6.97	63.63	North Carolina	Macon Co.	35.05	-83.05	outside_boundary_exact	North Carolina, Jackson County	Nantahala National Forest, Southern Nantahala Wilderness Area, along Appalachian Trail from Deep Gap to summit of Standing Indian Mountain	https://lichenportal.org/portal/collections/individual/index.php?occid=4977137
5400735	NY	1708633	R. C. Harris	41120	6.97	63.63	North Carolina	Macon Co.	35.05	-83.05	outside_boundary_exact	North Carolina, Jackson County	Nantahala National Forest, Southern Nantahala Wilderness Area, along Appalachian Trail from Deep Gap to summit of Standing Indian Mountain	https://lichenportal.org/portal/collections/individual/index.php?occid=5400735
3216469	NY	1886815	J. C. Lendemer	37862	6.73	57.69	North Carolina	Haywood Co.	35.6544	-83.3089	outside_boundary_exact	North Carolina, Swain County	Great Smoky Mountains National Park, Appalachian Trail 0-1.3 mi W of jct w/ Hughes Ridge Trail near Pecks Corner	https://lichenportal.org/portal/collections/individual/index.php?occid=3216469
3216510	NY	1886824	J. C. Lendemer	37853	6.73	57.69	North Carolina	Haywood Co.	35.6544	-83.3089	outside_boundary_exact	North Carolina, Swain County	Great Smoky Mountains National Park, Appalachian Trail 0-1.3 mi W of jct w/ Hughes Ridge Trail near Pecks Corner	https://lichenportal.org/portal/collections/individual/index.php?occid=3216510
3216651	NY	1886843	J. C. Lendemer	37834	6.73	57.69	North Carolina	Haywood Co.	35.6544	-83.3089	outside_boundary_exact	North Carolina, Swain County	Great Smoky Mountains National Park, Appalachian Trail 0-1.3 mi W of jct w/ Hughes Ridge Trail near Pecks Corner	https://lichenportal.org/portal/collections/individual/index.php?occid=3216651
3228550	NY	1886845	J. C. Lendemer	37832	6.73	57.69	North Carolina	Haywood Co.	35.6544	-83.3089	outside_boundary_exact	North Carolina, Swain County	Great Smoky Mountains National Park, Appalachian Trail 0-1.3 mi W of jct w/ Hughes Ridge Trail near Pecks Corner	https://lichenportal.org/portal/collections/individual/index.php?occid=3228550
3230301	NY	1886818	J. C. Lendemer	37859	6.73	57.69	North Carolina	Haywood Co.	35.6544	-83.3089	outside_boundary_exact	North Carolina, Swain County	Great Smoky Mountains National Park, Appalachian Trail 0-1.3 mi W of jct w/ Hughes Ridge Trail near Pecks Corner	https://lichenportal.org/portal/collections/individual/index.php?occid=3230301
3232177	NY	1886812	J. C. Lendemer	37865	6.73	57.69	North Carolina	Haywood Co.	35.6544	-83.3089	outside_boundary_exact	North Carolina, Swain County	Great Smoky Mountains National Park, Appalachian Trail 0-1.3 mi W of jct w/ Hughes Ridge Trail near Pecks Corner	https://lichenportal.org/portal/collections/individual/index.php?occid=3232177
3232352	NY	1886823	J. C. Lendemer	37854	6.73	57.69	North Carolina	Haywood Co.	35.6544	-83.3089	outside_boundary_exact	North Carolina, Swain County	Great Smoky Mountains National Park, Appalachian Trail 0-1.3 mi W of jct w/ Hughes Ridge Trail near Pecks Corner	https://lichenportal.org/portal/collections/individual/index.php?occid=3232352
3232408	NY	1886825	J. C. Lendemer	37852	6.73	57.69	North Carolina	Haywood Co.	35.6544	-83.3089	outside_boundary_exact	North Carolina, Swain County	Great Smoky Mountains National Park, Appalachian Trail 0-1.3 mi W of jct w/ Hughes Ridge Trail near Pecks Corner	https://lichenportal.org/portal/collections/individual/index.php?occid=3232408
3232530	NY	1886856	J. C. Lendemer	37821	6.73	57.69	North Carolina	Haywood Co.	35.6544	-83.3089	outside_boundary_exact	North Carolina, Swain County	Great Smoky Mountains National Park, Appalachian Trail 0-1.3 mi W of jct w/ Hughes Ridge Trail near Pecks Corner	https://lichenportal.org/portal/collections/individual/index.php?occid=3232530
3232701	NY	1886846	J. C. Lendemer	37831	6.73	57.69	North Carolina	Haywood Co.	35.6544	-83.3089	outside_boundary_exact	North Carolina, Swain County	Great Smoky Mountains National Park, Appalachian Trail 0-1.3 mi W of jct w/ Hughes Ridge Trail near Pecks Corner	https://lichenportal.org/portal/collections/individual/index.php?occid=3232701
3233581	NY	1886844	J. C. Lendemer	37833	6.73	57.69	North Carolina	Haywood Co.	35.6544	-83.3089	outside_boundary_exact	North Carolina, Swain County	Great Smoky Mountains National Park, Appalachian Trail 0-1.3 mi W of jct w/ Hughes Ridge Trail near Pecks Corner	https://lichenportal.org/portal/collections/individual/index.php?occid=3233581
3233774	NY	1886834	J. C. Lendemer	37843	6.73	57.69	North Carolina	Haywood Co.	35.6544	-83.3089	outside_boundary_exact	North Carolina, Swain County	Great Smoky Mountains National Park, Appalachian Trail 0-1.3 mi W of jct w/ Hughes Ridge Trail near Pecks Corner	https://lichenportal.org/portal/collections/individual/index.php?occid=3233774
3233790	NY	1886830	J. C. Lendemer	37847	6.73	57.69	North Carolina	Haywood Co.	35.6544	-83.3089	outside_boundary_exact	North Carolina, Swain County	Great Smoky Mountains National Park, Appalachian Trail 0-1.3 mi W of jct w/ Hughes Ridge Trail near Pecks Corner	https://lichenportal.org/portal/collections/individual/index.php?occid=3233790
3234053	NY	1886810	J. C. Lendemer	37867	6.73	57.69	North Carolina	Haywood Co.	35.6544	-83.3089	outside_boundary_exact	North Carolina, Swain County	Great Smoky Mountains National Park, Appalachian Trail 0-1.3 mi W of jct w/ Hughes Ridge Trail near Pecks Corner	https://lichenportal.org/portal/collections/individual/index.php?occid=3234053
3234143	NY	1886854	J. C. Lendemer	37823	6.73	57.69	North Carolina	Haywood Co.	35.6544	-83.3089	outside_boundary_exact	North Carolina, Swain County	Great Smoky Mountains National Park, Appalachian Trail 0-1.3 mi W of jct w/ Hughes Ridge Trail near Pecks Corner	https://lichenportal.org/portal/collections/individual/index.php?occid=3234143
3234528	NY	1886829	J. C. Lendemer	37848	6.73	57.69	North Carolina	Haywood Co.	35.6544	-83.3089	outside_boundary_exact	North Carolina, Swain County	Great Smoky Mountains National Park, Appalachian Trail 0-1.3 mi W of jct w/ Hughes Ridge Trail near Pecks Corner	https://lichenportal.org/portal/collections/individual/index.php?occid=3234528
3234612	NY	1886841	J. C. Lendemer	37836	6.73	57.69	North Carolina	Haywood Co.	35.6544	-83.3089	outside_boundary_exact	North Carolina, Swain County	Great Smoky Mountains National Park, Appalachian Trail 0-1.3 mi W of jct w/ Hughes Ridge Trail near Pecks Corner	https://lichenportal.org/portal/collections/individual/index.php?occid=3234612
3234680	NY	1886848	J. C. Lendemer	37829	6.73	57.69	North Carolina	Haywood Co.	35.6544	-83.3089	outside_boundary_exact	North Carolina, Swain County	Great Smoky Mountains National Park, Appalachian Trail 0-1.3 mi W of jct w/ Hughes Ridge Trail near Pecks Corner	https://lichenportal.org/portal/collections/individual/index.php?occid=3234680
3234883	NY	1886850	J. C. Lendemer	37827	6.73	57.69	North Carolina	Haywood Co.	35.6544	-83.3089	outside_boundary_exact	North Carolina, Swain County	Great Smoky Mountains National Park, Appalachian Trail 0-1.3 mi W of jct w/ Hughes Ridge Trail near Pecks Corner	https://lichenportal.org/portal/collections/individual/index.php?occid=3234883
3234991	NY	1886826	J. C. Lendemer	37851	6.73	57.69	North Carolina	Haywood Co.	35.6544	-83.3089	outside_boundary_exact	North Carolina, Swain County	Great Smoky Mountains National Park, Appalachian Trail 0-1.3 mi W of jct w/ Hughes Ridge Trail near Pecks Corner	https://lichenportal.org/portal/collections/individual/index.php?occid=3234991
3235068	NY	1886838	J. C. Lendemer	37839	6.73	57.69	North Carolina	Haywood Co.	35.6544	-83.3089	outside_boundary_exact	North Carolina, Swain County	Great Smoky Mountains National Park, Appalachian Trail 0-1.3 mi W of jct w/ Hughes Ridge Trail near Pecks Corner	https://lichenportal.org/portal/collections/individual/index.php?occid=3235068
3235189	NY	1886855	J. C. Lendemer	37822	6.73	57.69	North Carolina	Haywood Co.	35.6544	-83.3089	outside_boundary_exact	North Carolina, Swain County	Great Smoky Mountains National Park, Appalachian Trail 0-1.3 mi W of jct w/ Hughes Ridge Trail near Pecks Corner	https://lichenportal.org/portal/collections/individual/index.php?occid=3235189
3235670	NY	1886811	J. C. Lendemer	37866	6.73	57.69	North Carolina	Haywood Co.	35.6544	-83.3089	outside_boundary_exact	North Carolina, Swain County	Great Smoky Mountains National Park, Appalachian Trail 0-1.3 mi W of jct w/ Hughes Ridge Trail near Pecks Corner	https://lichenportal.org/portal/collections/individual/index.php?occid=3235670
3235784	NY	1886831	J. C. Lendemer	37846	6.73	57.69	North Carolina	Haywood Co.	35.6544	-83.3089	outside_boundary_exact	North Carolina, Swain County	Great Smoky Mountains National Park, Appalachian Trail 0-1.3 mi W of jct w/ Hughes Ridge Trail near Pecks Corner	https://lichenportal.org/portal/collections/individual/index.php?occid=3235784
3235785	NY	1886840	J. C. Lendemer	37837	6.73	57.69	North Carolina	Haywood Co.	35.6544	-83.3089	outside_boundary_exact	North Carolina, Swain County	Great Smoky Mountains National Park, Appalachian Trail 0-1.3 mi W of jct w/ Hughes Ridge Trail near Pecks Corner	https://lichenportal.org/portal/collections/individual/index.php?occid=3235785
3236023	NY	1886814	J. C. Lendemer	37863	6.73	57.69	North Carolina	Haywood Co.	35.6544	-83.3089	outside_boundary_exact	North Carolina, Swain County	Great Smoky Mountains National Park, Appalachian Trail 0-1.3 mi W of jct w/ Hughes Ridge Trail near Pecks Corner	https://lichenportal.org/portal/collections/individual/index.php?occid=3236023
3236177	NY	1886813	J. C. Lendemer	37864	6.73	57.69	North Carolina	Haywood Co.	35.6544	-83.3089	outside_boundary_exact	North Carolina, Swain County	Great Smoky Mountains National Park, Appalachian Trail 0-1.3 mi W of jct w/ Hughes Ridge Trail near Pecks Corner	https://lichenportal.org/portal/collections/individual/index.php?occid=3236177
3236480	NY	1886821	J. C. Lendemer	37856	6.73	57.69	North Carolina	Haywood Co.	35.6544	-83.3089	outside_boundary_exact	North Carolina, Swain County	Great Smoky Mountains National Park, Appalachian Trail 0-1.3 mi W of jct w/ Hughes Ridge Trail near Pecks Corner	https://lichenportal.org/portal/collections/individual/index.php?occid=3236480
3236625	NY	1886836	J. C. Lendemer	37841	6.73	57.69	North Carolina	Haywood Co.	35.6544	-83.3089	outside_boundary_exact	North Carolina, Swain County	Great Smoky Mountains National Park, Appalachian Trail 0-1.3 mi W of jct w/ Hughes Ridge Trail near Pecks Corner	https://lichenportal.org/portal/collections/individual/index.php?occid=3236625
3237141	NY	1886832	J. C. Lendemer	37845	6.73	57.69	North Carolina	Haywood Co.	35.6544	-83.3089	outside_boundary_exact	North Carolina, Swain County	Great Smoky Mountains National Park, Appalachian Trail 0-1.3 mi W of jct w/ Hughes Ridge Trail near Pecks Corner	https://lichenportal.org/portal/collections/individual/index.php?occid=3237141
3237443	NY	1886827	J. C. Lendemer	37850	6.73	57.69	North Carolina	Haywood Co.	35.6544	-83.3089	outside_boundary_exact	North Carolina, Swain County	Great Smoky Mountains National Park, Appalachian Trail 0-1.3 mi W of jct w/ Hughes Ridge Trail near Pecks Corner	https://lichenportal.org/portal/collections/individual/index.php?occid=3237443
3237515	NY	1886816	J. C. Lendemer	37861	6.73	57.69	North Carolina	Haywood Co.	35.6544	-83.3089	outside_boundary_exact	North Carolina, Swain County	Great Smoky Mountains National Park, Appalachian Trail 0-1.3 mi W of jct w/ Hughes Ridge Trail near Pecks Corner	https://lichenportal.org/portal/collections/individual/index.php?occid=3237515
3237564	NY	1886849	J. C. Lendemer	37828	6.73	57.69	North Carolina	Haywood Co.	35.6544	-83.3089	outside_boundary_exact	North Carolina, Swain County	Great Smoky Mountains National Park, Appalachian Trail 0-1.3 mi W of jct w/ Hughes Ridge Trail near Pecks Corner	https://lichenportal.org/portal/collections/individual/index.php?occid=3237564
3237946	NY	1886835	J. C. Lendemer	37842	6.73	57.69	North Carolina	Haywood Co.	35.6544	-83.3089	outside_boundary_exact	North Carolina, Swain County	Great Smoky Mountains National Park, Appalachian Trail 0-1.3 mi W of jct w/ Hughes Ridge Trail near Pecks Corner	https://lichenportal.org/portal/collections/individual/index.php?occid=3237946
3238241	NY	1886851	J. C. Lendemer	37826	6.73	57.69	North Carolina	Haywood Co.	35.6544	-83.3089	outside_boundary_exact	North Carolina, Swain County	Great Smoky Mountains National Park, Appalachian Trail 0-1.3 mi W of jct w/ Hughes Ridge Trail near Pecks Corner	https://lichenportal.org/portal/collections/individual/index.php?occid=3238241
3238316	NY	1886819	J. C. Lendemer	37858	6.73	57.69	North Carolina	Haywood Co.	35.6544	-83.3089	outside_boundary_exact	North Carolina, Swain County	Great Smoky Mountains National Park, Appalachian Trail 0-1.3 mi W of jct w/ Hughes Ridge Trail near Pecks Corner	https://lichenportal.org/portal/collections/individual/index.php?occid=3238316
3239067	NY	1886857	J. C. Lendemer	37820	6.73	57.69	North Carolina	Haywood Co.	35.6544	-83.3089	outside_boundary_exact	North Carolina, Swain County	Great Smoky Mountains National Park, Appalachian Trail 0-1.3 mi W of jct w/ Hughes Ridge Trail near Pecks Corner	https://lichenportal.org/portal/collections/individual/index.php?occid=3239067
3239515	NY	1886837	J. C. Lendemer	37840	6.73	57.69	North Carolina	Haywood Co.	35.6544	-83.3089	outside_boundary_exact	North Carolina, Swain County	Great Smoky Mountains National Park, Appalachian Trail 0-1.3 mi W of jct w/ Hughes Ridge Trail near Pecks Corner	https://lichenportal.org/portal/collections/individual/index.php?occid=3239515
3239881	NY	1886859	J. C. Lendemer	37818	6.73	57.69	North Carolina	Haywood Co.	35.6544	-83.3089	outside_boundary_exact	North Carolina, Swain County	Great Smoky Mountains National Park, Appalachian Trail 0-1.3 mi W of jct w/ Hughes Ridge Trail near Pecks Corner	https://lichenportal.org/portal/collections/individual/index.php?occid=3239881
3240027	NY	1886853	J. C. Lendemer	37824	6.73	57.69	North Carolina	Haywood Co.	35.6544	-83.3089	outside_boundary_exact	North Carolina, Swain County	Great Smoky Mountains National Park, Appalachian Trail 0-1.3 mi W of jct w/ Hughes Ridge Trail near Pecks Corner	https://lichenportal.org/portal/collections/individual/index.php?occid=3240027
3240053	NY	1886833	J. C. Lendemer	37844	6.73	57.69	North Carolina	Haywood Co.	35.6544	-83.3089	outside_boundary_exact	North Carolina, Swain County	Great Smoky Mountains National Park, Appalachian Trail 0-1.3 mi W of jct w/ Hughes Ridge Trail near Pecks Corner	https://lichenportal.org/portal/collections/individual/index.php?occid=3240053
3240673	NY	1886820	J. C. Lendemer	37857	6.73	57.69	North Carolina	Haywood Co.	35.6544	-83.3089	outside_boundary_exact	North Carolina, Swain County	Great Smoky Mountains National Park, Appalachian Trail 0-1.3 mi W of jct w/ Hughes Ridge Trail near Pecks Corner	https://lichenportal.org/portal/collections/individual/index.php?occid=3240673
3240857	NY	1886842	J. C. Lendemer	37835	6.73	57.69	North Carolina	Haywood Co.	35.6544	-83.3089	outside_boundary_exact	North Carolina, Swain County	Great Smoky Mountains National Park, Appalachian Trail 0-1.3 mi W of jct w/ Hughes Ridge Trail near Pecks Corner	https://lichenportal.org/portal/collections/individual/index.php?occid=3240857
3249622	NY	1886822	J. C. Lendemer	37855	6.73	57.69	North Carolina	Haywood Co.	35.6544	-83.3089	outside_boundary_exact	North Carolina, Swain County	Great Smoky Mountains National Park, Appalachian Trail 0-1.3 mi W of jct w/ Hughes Ridge Trail near Pecks Corner	https://lichenportal.org/portal/collections/individual/index.php?occid=3249622
3253994	NY	1886852	J. C. Lendemer	37825	6.73	57.69	North Carolina	Haywood Co.	35.6544	-83.3089	outside_boundary_exact	North Carolina, Swain County	Great Smoky Mountains National Park, Appalachian Trail 0-1.3 mi W of jct w/ Hughes Ridge Trail near Pecks Corner	https://lichenportal.org/portal/collections/individual/index.php?occid=3253994
3218725	NY	02375621	E. Lay	90-0126	6.34	61.86	North Carolina	Burke Co.	36.05	-81.8667	outside_boundary_exact	North Carolina, Avery County	Linville Falls. Linville Gorge.	https://lichenportal.org/portal/collections/individual/index.php?occid=3218725
3238257	NY	02544277	E. Lay	90-0122	6.34	61.86	North Carolina	Burke Co.	36.05	-81.8667	outside_boundary_exact	North Carolina, Avery County	Linville Falls. Linville Gorge.	https://lichenportal.org/portal/collections/individual/index.php?occid=3238257
870651	NY	1133539	A. T. Beals	NA	4.92	41.15	North Carolina	Avery Co.	35.92	-81.9	outside_boundary_exact	North Carolina, Burke County	Linville Gorge	https://lichenportal.org/portal/collections/individual/index.php?occid=870651
1005545	NY	1517501	A. T. Beals	NA	4.92	41.15	North Carolina	Avery Co.	35.92	-81.9	outside_boundary_exact	North Carolina, Burke County	Linville Gorge	https://lichenportal.org/portal/collections/individual/index.php?occid=1005545
1034435	NY	1540014	A. T. Beals	NA	4.92	41.15	North Carolina	Avery Co.	35.92	-81.9	outside_boundary_exact	North Carolina, Burke County	Linville Gorge	https://lichenportal.org/portal/collections/individual/index.php?occid=1034435
1236985	NY	1614784	A. T. Beals	NA	4.92	41.15	North Carolina	Avery Co.	35.92	-81.9	outside_boundary_exact	North Carolina, Burke County	Linville Gorge	https://lichenportal.org/portal/collections/individual/index.php?occid=1236985
3228340	NY	2204068	J. L. Luteyn	2196	4.92	41.15	North Carolina	Avery Co.	35.92	-81.9	outside_boundary_exact	North Carolina, Burke County	Linville Gorge, Pisgah National Forest	https://lichenportal.org/portal/collections/individual/index.php?occid=3228340
3234127	NY	2204069	J. L. Luteyn	2203	4.92	41.15	North Carolina	Avery Co.	35.92	-81.9	outside_boundary_exact	North Carolina, Burke County	Linville Gorge, Pisgah National Forest	https://lichenportal.org/portal/collections/individual/index.php?occid=3234127
3786554	NY	1573679	A. T. Beals	NA	4.92	41.15	North Carolina	Avery Co.	35.92	-81.9	outside_boundary_exact	North Carolina, Burke County	Linville Gorge	https://lichenportal.org/portal/collections/individual/index.php?occid=3786554
5397248	NY	04285332	A. T. Beals	NA	4.92	41.15	North Carolina	Avery Co.	35.92	-81.9	outside_boundary_exact	North Carolina, Burke County	Linville Gorge	https://lichenportal.org/portal/collections/individual/index.php?occid=5397248
5402254	NY	1708765	A. T. Beals	s.n.	4.92	41.15	North Carolina	Avery Co.	35.92	-81.9	outside_boundary_exact	North Carolina, Burke County	Linville Gorge	https://lichenportal.org/portal/collections/individual/index.php?occid=5402254
953872	NY	1396832	G. P. Anderson	s.n.	4.87	46.16	North Carolina	Gates Co.	36.540878	-76.451797	outside_boundary_exact	North Carolina, Camden County	Dismal Swamp E of Sudbury [= Sunbury]	https://lichenportal.org/portal/collections/individual/index.php?occid=953872
961838	NY	1411278	G. P. Anderson	NA	4.87	46.16	North Carolina	Gates Co.	36.540878	-76.451797	outside_boundary_exact	North Carolina, Camden County	Dismal Swamp E of Sudbury [= Sunbury]	https://lichenportal.org/portal/collections/individual/index.php?occid=961838
962927	NY	1396202	G. P. Anderson	NA	4.87	46.16	North Carolina	Gates Co.	36.540878	-76.451797	outside_boundary_exact	North Carolina, Camden County	Dismal Swamp E of Sudbury [= Sunbury]	https://lichenportal.org/portal/collections/individual/index.php?occid=962927
969197	NY	1490687	G. P. Anderson	s.n.	4.87	46.16	North Carolina	Gates Co.	36.540878	-76.451797	outside_boundary_exact	North Carolina, Camden County	Dismal Swamp E of Sudbury [= Sunbury]	https://lichenportal.org/portal/collections/individual/index.php?occid=969197
1005078	NY	1516998	G. P. Anderson	s.n.	4.87	46.16	North Carolina	Gates Co.	36.540878	-76.451797	outside_boundary_exact	North Carolina, Camden County	Dismal Swamp E of Sudbury [= Sunbury]	https://lichenportal.org/portal/collections/individual/index.php?occid=1005078
1038633	NY	1542578	G. P. Anderson	NA	4.87	46.16	North Carolina	Gates Co.	36.540878	-76.451797	outside_boundary_exact	North Carolina, Camden County	Dismal Swamp E of Sudbury [= Sunbury]	https://lichenportal.org/portal/collections/individual/index.php?occid=1038633
1062449	NY	1565639	G. P. Anderson	NA	4.87	46.16	North Carolina	Gates Co.	36.540878	-76.451797	outside_boundary_exact	North Carolina, Camden County	Dismal Swamp E of Sudbury [= Sunbury]	https://lichenportal.org/portal/collections/individual/index.php?occid=1062449
1062450	NY	1565640	G. P. Anderson	NA	4.87	46.16	North Carolina	Gates Co.	36.540878	-76.451797	outside_boundary_exact	North Carolina, Camden County	Dismal Swamp E of Sudbury [= Sunbury]	https://lichenportal.org/portal/collections/individual/index.php?occid=1062450
1084076	NY	1566050	G. P. Anderson	NA	4.87	46.16	North Carolina	Gates Co.	36.540878	-76.451797	outside_boundary_exact	North Carolina, Camden County	Dismal Swamp E of Sudbury [= Sunbury]	https://lichenportal.org/portal/collections/individual/index.php?occid=1084076
1108336	NY	1571910	G. P. Anderson	s.n.	4.87	46.16	North Carolina	Gates Co.	36.540878	-76.451797	outside_boundary_exact	North Carolina, Camden County	Dismal Swamp E of Sudbury [= Sunbury]	https://lichenportal.org/portal/collections/individual/index.php?occid=1108336
1238832	NY	1656058	G. P. Anderson	s.n	4.87	46.16	North Carolina	Gates Co.	36.540878	-76.451797	outside_boundary_exact	North Carolina, Camden County	Dismal Swamp E of Sudbury [= Sunbury]	https://lichenportal.org/portal/collections/individual/index.php?occid=1238832
1238833	NY	1656059	G. P. Anderson	s.n	4.87	46.16	North Carolina	Gates Co.	36.540878	-76.451797	outside_boundary_exact	North Carolina, Camden County	Dismal Swamp E of Sudbury [= Sunbury]	https://lichenportal.org/portal/collections/individual/index.php?occid=1238833
1238943	NY	1656170	G. P. Anderson	s.n.	4.87	46.16	North Carolina	Gates Co.	36.540878	-76.451797	outside_boundary_exact	North Carolina, Camden County	Dismal Swamp E of Sudbury [= Sunbury]	https://lichenportal.org/portal/collections/individual/index.php?occid=1238943
1239546	NY	1657698	G. P. Anderson	s.n.	4.87	46.16	North Carolina	Gates Co.	36.540878	-76.451797	outside_boundary_exact	North Carolina, Camden County	Dismal Swamp E of Sudbury [= Sunbury]	https://lichenportal.org/portal/collections/individual/index.php?occid=1239546
1294005	NY	1703545	G. P. Anderson	NA	4.87	46.16	North Carolina	Gates Co.	36.540878	-76.451797	outside_boundary_exact	North Carolina, Camden County	Dismal Swamp E of Sudbury [= Sunbury]	https://lichenportal.org/portal/collections/individual/index.php?occid=1294005
1304500	NY	1706890	G. P. Anderson	s.n.	4.87	46.16	North Carolina	Gates Co.	36.540878	-76.451797	outside_boundary_exact	North Carolina, Camden County	Dismal Swamp E of Sudbury [= Sunbury]	https://lichenportal.org/portal/collections/individual/index.php?occid=1304500
1304501	NY	1706891	G. P. Anderson	s.n.	4.87	46.16	North Carolina	Gates Co.	36.540878	-76.451797	outside_boundary_exact	North Carolina, Camden County	Dismal Swamp E of Sudbury [= Sunbury]	https://lichenportal.org/portal/collections/individual/index.php?occid=1304501
3786593	NY	1573686	G. P. Anderson	NA	4.87	46.16	North Carolina	Gates Co.	36.540878	-76.451797	outside_boundary_exact	North Carolina, Camden County	Dismal Swamp E of Sudbury [= Sunbury]	https://lichenportal.org/portal/collections/individual/index.php?occid=3786593
1239661	NY	1657815	J. K. Small	s.n.	4.29	54.29	North Carolina	Cleveland Co.	35.232329	-81.276572	outside_boundary_exact	North Carolina, Gaston County	Crowder's Mt.	https://lichenportal.org/portal/collections/individual/index.php?occid=1239661
881837	NY	1080188	P. Reed	1981-105	3.66	52.49	North Carolina	Caldwell Co.	36.1544	-81.6875	outside_boundary_exact	North Carolina, Watauga County	near Craft Center (Mansion House), Moses H. Cone Memorial Park	https://lichenportal.org/portal/collections/individual/index.php?occid=881837
3246476	NY	2606185	J. L. Allen	3782	3.49	61.98	North Carolina	Haywood Co.	35.3056	-82.7939	outside_boundary_exact	North Carolina, Transylvania County	Pisgah National Forest, N face of Looking Glass Rock at base of cliff face, ~0.6 mi W of US276	https://lichenportal.org/portal/collections/individual/index.php?occid=3246476
1060679	NY	1562843	S. Pravda	NA	3.34	36.57	North Carolina	Watauga Co.	36.0906	-81.8383	outside_boundary_exact	North Carolina, Avery County	Grandfather Mountain Park, E slope, Linville Bluffs Overlook	https://lichenportal.org/portal/collections/individual/index.php?occid=1060679
1085013	NY	1567843	S. Pravda	NA	3.34	36.57	North Carolina	Watauga Co.	36.0906	-81.8383	outside_boundary_exact	North Carolina, Avery County	Grandfather Mountain Park, E slope, Linville Bluffs Overlook	https://lichenportal.org/portal/collections/individual/index.php?occid=1085013
1087504	NY	1570416	S. Pravda	s.n.	3.34	36.57	North Carolina	Watauga Co.	36.0906	-81.8383	outside_boundary_exact	North Carolina, Avery County	Grandfather Mountain Park, E slope, Linville Bluffs Overlook	https://lichenportal.org/portal/collections/individual/index.php?occid=1087504
3230864	NY	02376505	E. A. Tripp	5358	3.17	57.13	North Carolina	Haywood Co.	35.6783	-83.2822	outside_boundary_exact	Tennessee, Sevier County	Great Smoky Mountains National Park, Mt. Sequoyah, 0-0.5 mi. E of summit, along the Appalachian Trail between Tricorner Knob and Pecks Corner,	https://lichenportal.org/portal/collections/individual/index.php?occid=3230864
3231455	NY	02376502	E. A. Tripp | J. C. Lendemer	5368	3.17	57.13	North Carolina	Haywood Co.	35.6783	-83.2822	outside_boundary_exact	Tennessee, Sevier County	Great Smoky Mountains National Park, Mt. Sequoyah, 0-0.5 mi. E of summit, along the Appalachian Trail between Tricorner Knob and Pecks Corner,	https://lichenportal.org/portal/collections/individual/index.php?occid=3231455
3232005	NY	02376500	E. A. Tripp | J. C. Lendemer	5366	3.17	57.13	North Carolina	Haywood Co.	35.6783	-83.2822	outside_boundary_exact	Tennessee, Sevier County	Great Smoky Mountains National Park, Mt. Sequoyah, 0-0.5 mi. E of summit, along the Appalachian Trail between Tricorner Knob and Pecks Corner,	https://lichenportal.org/portal/collections/individual/index.php?occid=3232005
3232499	NY	02376391	E. A. Tripp | J. C. Lendemer	5373	3.17	57.13	North Carolina	Haywood Co.	35.6783	-83.2822	outside_boundary_exact	Tennessee, Sevier County	Great Smoky Mountains National Park, Mt. Sequoyah, 0-0.5 mi. E of summit, along the Appalachian Trail between Tricorner Knob and Pecks Corner,	https://lichenportal.org/portal/collections/individual/index.php?occid=3232499
3232723	NY	02376501	E. A. Tripp | J. C. Lendemer	5367	3.17	57.13	North Carolina	Haywood Co.	35.6783	-83.2822	outside_boundary_exact	Tennessee, Sevier County	Great Smoky Mountains National Park, Mt. Sequoyah, 0-0.5 mi. E of summit, along the Appalachian Trail between Tricorner Knob and Pecks Corner,	https://lichenportal.org/portal/collections/individual/index.php?occid=3232723
3232770	NY	02376387	E. A. Tripp | J. C. Lendemer	5376	3.17	57.13	North Carolina	Haywood Co.	35.6783	-83.2822	outside_boundary_exact	Tennessee, Sevier County	Great Smoky Mountains National Park, Mt. Sequoyah, 0-0.5 mi. E of summit, along the Appalachian Trail between Tricorner Knob and Pecks Corner,	https://lichenportal.org/portal/collections/individual/index.php?occid=3232770
3232771	NY	02376388	E. A. Tripp | J. C. Lendemer	5377	3.17	57.13	North Carolina	Haywood Co.	35.6783	-83.2822	outside_boundary_exact	Tennessee, Sevier County	Great Smoky Mountains National Park, Mt. Sequoyah, 0-0.5 mi. E of summit, along the Appalachian Trail between Tricorner Knob and Pecks Corner,	https://lichenportal.org/portal/collections/individual/index.php?occid=3232771
3233757	NY	02376392	E. A. Tripp | J. C. Lendemer	5360	3.17	57.13	North Carolina	Haywood Co.	35.6783	-83.2822	outside_boundary_exact	Tennessee, Sevier County	Great Smoky Mountains National Park, Mt. Sequoyah, 0-0.5 mi. E of summit, along the Appalachian Trail between Tricorner Knob and Pecks Corner,	https://lichenportal.org/portal/collections/individual/index.php?occid=3233757
3233858	NY	2440156	E. A. Tripp	5386	3.17	57.13	North Carolina	Haywood Co.	35.6783	-83.2822	outside_boundary_exact	Tennessee, Sevier County	Great Smoky Mountains National Park, Mt. Sequoyah, 0-0.5 mi. E of summit, along the Appalachian Trail between Tricorner Knob and Pecks Corner,	https://lichenportal.org/portal/collections/individual/index.php?occid=3233858
3233896	NY	02376497	E. A. Tripp | J. C. Lendemer	5381	3.17	57.13	North Carolina	Haywood Co.	35.6783	-83.2822	outside_boundary_exact	Tennessee, Sevier County	Great Smoky Mountains National Park, Mt. Sequoyah, 0-0.5 mi. E of summit, along the Appalachian Trail between Tricorner Knob and Pecks Corner,	https://lichenportal.org/portal/collections/individual/index.php?occid=3233896
3234516	NY	02376503	E. A. Tripp | J. C. Lendemer	5359	3.17	57.13	North Carolina	Haywood Co.	35.6783	-83.2822	outside_boundary_exact	Tennessee, Sevier County	Great Smoky Mountains National Park, Mt. Sequoyah, 0-0.5 mi. E of summit, along the Appalachian Trail between Tricorner Knob and Pecks Corner,	https://lichenportal.org/portal/collections/individual/index.php?occid=3234516
3234537	NY	02376393	E. A. Tripp | J. C. Lendemer	5361	3.17	57.13	North Carolina	Haywood Co.	35.6783	-83.2822	outside_boundary_exact	Tennessee, Sevier County	Great Smoky Mountains National Park, Mt. Sequoyah, 0-0.5 mi. E of summit, along the Appalachian Trail between Tricorner Knob and Pecks Corner,	https://lichenportal.org/portal/collections/individual/index.php?occid=3234537
3235502	NY	02376507	E. A. Tripp | J. C. Lendemer	5388	3.17	57.13	North Carolina	Haywood Co.	35.6783	-83.2822	outside_boundary_exact	Tennessee, Sevier County	Great Smoky Mountains National Park, Mt. Sequoyah, 0-0.5 mi. E of summit, along the Appalachian Trail between Tricorner Knob and Pecks Corner,	https://lichenportal.org/portal/collections/individual/index.php?occid=3235502
3235574	NY	02376495	E. A. Tripp | J. C. Lendemer	5384	3.17	57.13	North Carolina	Haywood Co.	35.6783	-83.2822	outside_boundary_exact	Tennessee, Sevier County	Great Smoky Mountains National Park, Mt. Sequoyah, 0-0.5 mi. E of summit, along the Appalachian Trail between Tricorner Knob and Pecks Corner,	https://lichenportal.org/portal/collections/individual/index.php?occid=3235574
3236108	NY	02376390	E. A. Tripp | J. C. Lendemer	5372	3.17	57.13	North Carolina	Haywood Co.	35.6783	-83.2822	outside_boundary_exact	Tennessee, Sevier County	Great Smoky Mountains National Park, Mt. Sequoyah, 0-0.5 mi. E of summit, along the Appalachian Trail between Tricorner Knob and Pecks Corner,	https://lichenportal.org/portal/collections/individual/index.php?occid=3236108
3236740	NY	02376506	E. A. Tripp | J. C. Lendemer	5357	3.17	57.13	North Carolina	Haywood Co.	35.6783	-83.2822	outside_boundary_exact	Tennessee, Sevier County	Great Smoky Mountains National Park, Mt. Sequoyah, 0-0.5 mi. E of summit, along the Appalachian Trail between Tricorner Knob and Pecks Corner,	https://lichenportal.org/portal/collections/individual/index.php?occid=3236740
3236769	NY	02376508	E. A. Tripp | J. C. Lendemer	5390	3.17	57.13	North Carolina	Haywood Co.	35.6783	-83.2822	outside_boundary_exact	Tennessee, Sevier County	Great Smoky Mountains National Park, Mt. Sequoyah, 0-0.5 mi. E of summit, along the Appalachian Trail between Tricorner Knob and Pecks Corner,	https://lichenportal.org/portal/collections/individual/index.php?occid=3236769
3236793	NY	02376499	E. A. Tripp | J. C. Lendemer	5379	3.17	57.13	North Carolina	Haywood Co.	35.6783	-83.2822	outside_boundary_exact	Tennessee, Sevier County	Great Smoky Mountains National Park, Mt. Sequoyah, 0-0.5 mi. E of summit, along the Appalachian Trail between Tricorner Knob and Pecks Corner,	https://lichenportal.org/portal/collections/individual/index.php?occid=3236793
3237508	NY	02376498	E. A. Tripp | J. C. Lendemer	5380	3.17	57.13	North Carolina	Haywood Co.	35.6783	-83.2822	outside_boundary_exact	Tennessee, Sevier County	Great Smoky Mountains National Park, Mt. Sequoyah, 0-0.5 mi. E of summit, along the Appalachian Trail between Tricorner Knob and Pecks Corner,	https://lichenportal.org/portal/collections/individual/index.php?occid=3237508
3237553	NY	02376399	E. A. Tripp | J. C. Lendemer	5371	3.17	57.13	North Carolina	Haywood Co.	35.6783	-83.2822	outside_boundary_exact	Tennessee, Sevier County	Great Smoky Mountains National Park, Mt. Sequoyah, 0-0.5 mi. E of summit, along the Appalachian Trail between Tricorner Knob and Pecks Corner,	https://lichenportal.org/portal/collections/individual/index.php?occid=3237553
3237867	NY	02376385	E. A. Tripp | J. C. Lendemer	5374	3.17	57.13	North Carolina	Haywood Co.	35.6783	-83.2822	outside_boundary_exact	Tennessee, Sevier County	Great Smoky Mountains National Park, Mt. Sequoyah, 0-0.5 mi. E of summit, along the Appalachian Trail between Tricorner Knob and Pecks Corner,	https://lichenportal.org/portal/collections/individual/index.php?occid=3237867
3237896	NY	02376386	E. A. Tripp | J. C. Lendemer	5375	3.17	57.13	North Carolina	Haywood Co.	35.6783	-83.2822	outside_boundary_exact	Tennessee, Sevier County	Great Smoky Mountains National Park, Mt. Sequoyah, 0-0.5 mi. E of summit, along the Appalachian Trail between Tricorner Knob and Pecks Corner,	https://lichenportal.org/portal/collections/individual/index.php?occid=3237896
3240373	NY	02376504	E. A. Tripp | J. C. Lendemer	5362	3.17	57.13	North Carolina	Haywood Co.	35.6783	-83.2822	outside_boundary_exact	Tennessee, Sevier County	Great Smoky Mountains National Park, Mt. Sequoyah, 0-0.5 mi. E of summit, along the Appalachian Trail between Tricorner Knob and Pecks Corner,	https://lichenportal.org/portal/collections/individual/index.php?occid=3240373
3240741	NY	02376496	E. A. Tripp | J. C. Lendemer	5383	3.17	57.13	North Carolina	Haywood Co.	35.6783	-83.2822	outside_boundary_exact	Tennessee, Sevier County	Great Smoky Mountains National Park, Mt. Sequoyah, 0-0.5 mi. E of summit, along the Appalachian Trail between Tricorner Knob and Pecks Corner,	https://lichenportal.org/portal/collections/individual/index.php?occid=3240741
3250297	NY	02376361	E. A. Tripp | J. C. Lendemer	5385	3.17	57.13	North Carolina	Haywood Co.	35.6783	-83.2822	outside_boundary_exact	Tennessee, Sevier County	Great Smoky Mountains National Park, Mt. Sequoyah, 0-0.5 mi, E of summit, along the Appalachian Trail between Tricorner Knob and Pecks Corner.	https://lichenportal.org/portal/collections/individual/index.php?occid=3250297
3250298	NY	02376362	E. A. Tripp | J. C. Lendemer	5387	3.17	57.13	North Carolina	Haywood Co.	35.6783	-83.2822	outside_boundary_exact	Tennessee, Sevier County	Great Smoky Mountains National Park, Mt. Sequoyah, 0-0.5 mi, E of summit, along the Appalachian Trail between Tricorner Knob and Pecks Corner.	https://lichenportal.org/portal/collections/individual/index.php?occid=3250298
3250299	NY	02376363	E. A. Tripp | J. C. Lendemer	5369	3.17	57.13	North Carolina	Haywood Co.	35.6783	-83.2822	outside_boundary_exact	Tennessee, Sevier County	Great Smoky Mountains National Park, Mt. Sequoyah, 0-0.5 mi, E of summit, along the Appalachian Trail between Tricorner Knob and Pecks Corner.	https://lichenportal.org/portal/collections/individual/index.php?occid=3250299
968514	NY	1489997	R. A. Pursell	3488a	2.75	61.58	North Carolina	Jackson Co.	35.013281	-82.983692	outside_boundary_exact	South Carolina, Oconee County	Whitewater Falls, ca. 9 miles southeast of Cashiers	https://lichenportal.org/portal/collections/individual/index.php?occid=968514
856403	NY	1047480	C. F. Reed	66165	2.49	58.93	North Carolina	Pitt Co.	35.548985	-77.05725	outside_boundary_exact	North Carolina, Beaufort County	On Rt. 264, near Chocowinity	https://lichenportal.org/portal/collections/individual/index.php?occid=856403
1087897	NY	1570814	C. F. Reed	66163	2.49	58.93	North Carolina	Pitt Co.	35.548985	-77.05725	outside_boundary_exact	North Carolina, Beaufort County	On Rt. 264, near Chocowinity	https://lichenportal.org/portal/collections/individual/index.php?occid=1087897
893166	NY	1224447	J. P. Dey	1893	2.22	31.71	North Carolina	Avery Co.	36.1014	-81.7406	outside_boundary_exact	North Carolina, Caldwell County	Raven Rocks of Grandfather Mountain	https://lichenportal.org/portal/collections/individual/index.php?occid=893166
893167	NY	1224448	J. P. Dey	1897	2.22	31.71	North Carolina	Avery Co.	36.1014	-81.7406	outside_boundary_exact	North Carolina, Caldwell County	Raven Rocks of Grandfather Mountain	https://lichenportal.org/portal/collections/individual/index.php?occid=893167
896283	NY	1225438	J. P. Dey	1888	2.22	31.71	North Carolina	Avery Co.	36.1014	-81.7406	outside_boundary_exact	North Carolina, Caldwell County	Raven Rocks of Grandfather Mountain	https://lichenportal.org/portal/collections/individual/index.php?occid=896283
897135	NY	1226016	J. P. Dey	1907	2.22	31.71	North Carolina	Avery Co.	36.1014	-81.7406	outside_boundary_exact	North Carolina, Caldwell County	Raven Rocks of Grandfather Mountain	https://lichenportal.org/portal/collections/individual/index.php?occid=897135
897429	NY	1226328	J. P. Dey	5746	2.22	31.71	North Carolina	Avery Co.	36.1014	-81.7406	outside_boundary_exact	North Carolina, Caldwell County	Raven Rocks of Grandfather Mountain	https://lichenportal.org/portal/collections/individual/index.php?occid=897429
897518	NY	1226414	J. P. Dey	1873	2.22	31.71	North Carolina	Avery Co.	36.1014	-81.7406	outside_boundary_exact	North Carolina, Caldwell County	Raven Rocks of Grandfather Mountain	https://lichenportal.org/portal/collections/individual/index.php?occid=897518
897645	NY	1226518	J. P. Dey	1686A	2.22	31.71	North Carolina	Avery Co.	36.1014	-81.7406	outside_boundary_exact	North Carolina, Caldwell County	Raven Rocks of Grandfather Mountain	https://lichenportal.org/portal/collections/individual/index.php?occid=897645
897752	NY	1226619	J. P. Dey	1877	2.22	31.71	North Carolina	Avery Co.	36.1014	-81.7406	outside_boundary_exact	North Carolina, Caldwell County	Raven Rocks of Grandfather Mountain	https://lichenportal.org/portal/collections/individual/index.php?occid=897752
898197	NY	1226964	J. P. Dey	5735	2.22	31.71	North Carolina	Avery Co.	36.1014	-81.7406	outside_boundary_exact	North Carolina, Caldwell County	Raven Rocks of Grandfather Mountain	https://lichenportal.org/portal/collections/individual/index.php?occid=898197
898319	NY	1227050	J. P. Dey	1891	2.22	31.71	North Carolina	Avery Co.	36.1014	-81.7406	outside_boundary_exact	North Carolina, Caldwell County	Raven Rocks of Grandfather Mountain	https://lichenportal.org/portal/collections/individual/index.php?occid=898319
899130	NY	1227784	J. P. Dey	1900	2.22	31.71	North Carolina	Avery Co.	36.1014	-81.7406	outside_boundary_exact	North Carolina, Caldwell County	Raven Rocks of Grandfather Mountain	https://lichenportal.org/portal/collections/individual/index.php?occid=899130
899150	NY	1227770	J. P. Dey	1906	2.22	31.71	North Carolina	Avery Co.	36.1014	-81.7406	outside_boundary_exact	North Carolina, Caldwell County	Raven Rocks of Grandfather Mountain	https://lichenportal.org/portal/collections/individual/index.php?occid=899150
899161	NY	1227792	J. P. Dey	1882	2.22	31.71	North Carolina	Avery Co.	36.1014	-81.7406	outside_boundary_exact	North Carolina, Caldwell County	Raven Rocks of Grandfather Mountain	https://lichenportal.org/portal/collections/individual/index.php?occid=899161
3249267	NY	1231110	J. P. Dey	5738	2.22	31.71	North Carolina	Avery Co.	36.1014	-81.7406	outside_boundary_exact	North Carolina, Caldwell County	Raven Rocks of Grandfather Mountain	https://lichenportal.org/portal/collections/individual/index.php?occid=3249267
3249268	NY	1684247	J. P. Dey	1904	2.22	31.71	North Carolina	Avery Co.	36.1014	-81.7406	outside_boundary_exact	North Carolina, Caldwell County	Raven Rocks of Grandfather Mountain	https://lichenportal.org/portal/collections/individual/index.php?occid=3249268
3249269	NY	1231017	J. P. Dey	1898	2.22	31.71	North Carolina	Avery Co.	36.1014	-81.7406	outside_boundary_exact	North Carolina, Caldwell County	Raven Rocks of Grandfather Mountain	https://lichenportal.org/portal/collections/individual/index.php?occid=3249269
3249270	NY	1230676	J. P. Dey	1899	2.22	31.71	North Carolina	Avery Co.	36.1014	-81.7406	outside_boundary_exact	North Carolina, Caldwell County	Raven Rocks of Grandfather Mountain	https://lichenportal.org/portal/collections/individual/index.php?occid=3249270
3249271	NY	1231667	J. P. Dey	1872	2.22	31.71	North Carolina	Avery Co.	36.1014	-81.7406	outside_boundary_exact	North Carolina, Caldwell County	Raven Rocks of Grandfather Mountain	https://lichenportal.org/portal/collections/individual/index.php?occid=3249271
3249272	NY	1865961	J. P. Dey	5727	2.22	31.71	North Carolina	Avery Co.	36.1014	-81.7406	outside_boundary_exact	North Carolina, Caldwell County	Raven Rocks of Grandfather Mountain	https://lichenportal.org/portal/collections/individual/index.php?occid=3249272
3249273	NY	1231916	J. P. Dey	1880	2.22	31.71	North Carolina	Avery Co.	36.1014	-81.7406	outside_boundary_exact	North Carolina, Caldwell County	Raven Rocks of Grandfather Mountain	https://lichenportal.org/portal/collections/individual/index.php?occid=3249273
3249274	NY	1230345	J. P. Dey	1883	2.22	31.71	North Carolina	Avery Co.	36.1014	-81.7406	outside_boundary_exact	North Carolina, Caldwell County	Raven Rocks of Grandfather Mountain	https://lichenportal.org/portal/collections/individual/index.php?occid=3249274
3249275	NY	1230569	J. P. Dey	5737	2.22	31.71	North Carolina	Avery Co.	36.1014	-81.7406	outside_boundary_exact	North Carolina, Caldwell County	Raven Rocks of Grandfather Mountain	https://lichenportal.org/portal/collections/individual/index.php?occid=3249275
3249276	NY	1716329	J. P. Dey	1887	2.22	31.71	North Carolina	Avery Co.	36.1014	-81.7406	outside_boundary_exact	North Carolina, Caldwell County	Raven Rocks of Grandfather Mountain	https://lichenportal.org/portal/collections/individual/index.php?occid=3249276
3249277	NY	1230674	J. P. Dey	5744	2.22	31.71	North Carolina	Avery Co.	36.1014	-81.7406	outside_boundary_exact	North Carolina, Caldwell County	Raven Rocks of Grandfather Mountain	https://lichenportal.org/portal/collections/individual/index.php?occid=3249277
3249278	NY	1235277	J. P. Dey	5745	2.22	31.71	North Carolina	Avery Co.	36.1014	-81.7406	outside_boundary_exact	North Carolina, Caldwell County	Raven Rocks of Grandfather Mountain	https://lichenportal.org/portal/collections/individual/index.php?occid=3249278
3249279	NY	1684248	J. P. Dey	5733	2.22	31.71	North Carolina	Avery Co.	36.1014	-81.7406	outside_boundary_exact	North Carolina, Caldwell County	Raven Rocks of Grandfather Mountain	https://lichenportal.org/portal/collections/individual/index.php?occid=3249279
3249876	NY	03034994	J. P. Dey	1881	2.22	31.71	North Carolina	Avery Co.	36.1014	-81.7406	outside_boundary_exact	North Carolina, Caldwell County	Raven Rocks of Grandfather Mountain	https://lichenportal.org/portal/collections/individual/index.php?occid=3249876
4979302	NY	02690514	J. P. Dey	1902	2.22	31.71	North Carolina	Avery Co.	36.1014	-81.7406	outside_boundary_exact	North Carolina, Caldwell County	Raven Rocks of Grandfather Mountain	https://lichenportal.org/portal/collections/individual/index.php?occid=4979302
4979323	NY	02690538	J. P. Dey	1868	2.22	31.71	North Carolina	Avery Co.	36.1014	-81.7406	outside_boundary_exact	North Carolina, Caldwell County	Raven Rocks of Grandfather Mountain	https://lichenportal.org/portal/collections/individual/index.php?occid=4979323
3520606	NY	03760870	W. R. Buck	15338	2.2	33.02	North Carolina	Graham Co.	35.48	-83.93	outside_boundary_exact	Tennessee, Blount County	Nantahala National Forest, Slickrock Wilderness Area, trail to Slickrock Click along Lake Caulderwood [Little Tennessee River].	https://lichenportal.org/portal/collections/individual/index.php?occid=3520606
3520607	NY	03760871	W. R. Buck	15340	2.2	33.02	North Carolina	Graham Co.	35.48	-83.93	outside_boundary_exact	Tennessee, Blount County	Nantahala National Forest, Slickrock Wilderness Area, trail to Slickrock Click along Lake Caulderwood [Little Tennessee River].	https://lichenportal.org/portal/collections/individual/index.php?occid=3520607
3520608	NY	03760872	W. R. Buck	15351	2.2	33.02	North Carolina	Graham Co.	35.48	-83.93	outside_boundary_exact	Tennessee, Blount County	Nantahala National Forest, Slickrock Wilderness Area, trail to Slickrock Click along Lake Caulderwood [Little Tennessee River].	https://lichenportal.org/portal/collections/individual/index.php?occid=3520608
961825	NY	1411265	S. Pravda	NA	2.14	32.6	North Carolina	Durham Co.	36	-79.0167	outside_boundary_exact	North Carolina, Orange County	Duke Forest, Gate 7.	https://lichenportal.org/portal/collections/individual/index.php?occid=961825
965214	NY	1488584	S. Pravda	s.n.	2.14	32.6	North Carolina	Durham Co.	36	-79.0167	outside_boundary_exact	North Carolina, Orange County	Duke Forest, Gate 7.	https://lichenportal.org/portal/collections/individual/index.php?occid=965214
1083879	NY	1565852	P. Reed	1981-123	2.13	44.6	North Carolina	Henderson Co.	35.431761	-82.249833	outside_boundary_exact	North Carolina, Rutherford County	Chimney Rock Park, picnic ground	https://lichenportal.org/portal/collections/individual/index.php?occid=1083879
1087891	NY	1570808	P. Reed | L. Reed	1981-122	2.13	44.6	North Carolina	Henderson Co.	35.431761	-82.249833	outside_boundary_exact	North Carolina, Rutherford County	Chimney Rock Park, picnic ground	https://lichenportal.org/portal/collections/individual/index.php?occid=1087891
3246624	NY	01180480	L. R. Phillippe	55515	2.02	48.69	North Carolina	Haywood Co.	35.6267	-83.2133	outside_boundary_exact	North Carolina, Swain County	Great Smoky Mountains National Park. Straight Fork Watershed. Luftee Knob 7.5 minute quadrangle. Along Straight Fork.	https://lichenportal.org/portal/collections/individual/index.php?occid=3246624
3246625	NY	02171144	L. R. Phillippe	55515	2.02	48.69	North Carolina	Haywood Co.	35.6267	-83.2133	outside_boundary_exact	North Carolina, Swain County	Great Smoky Mountains National Park. Straight Fork Watershed. Luftee Knob 7.5 minute quadrangle. Along Straight Fork.	https://lichenportal.org/portal/collections/individual/index.php?occid=3246625
3246626	NY	02171187	L. R. Phillippe	55516	2.02	48.69	North Carolina	Haywood Co.	35.6267	-83.2133	outside_boundary_exact	North Carolina, Swain County	Great Smoky Mountains National Park. Straight Fork Watershed. Luftee Knob 7.5 minute quadrangle. Along Straight Fork.	https://lichenportal.org/portal/collections/individual/index.php?occid=3246626
3253315	NY	02171139	L. R. Phillipee	55512	2.02	48.69	North Carolina	Haywood Co.	35.6267	-83.2133	outside_boundary_exact	North Carolina, Swain County	Great Smoky Mountains National Park. Straight Fork Watershed. Luftee Knob 7.5 minute quadrangle. Along Straight Fork.	https://lichenportal.org/portal/collections/individual/index.php?occid=3253315
3519854	NY	1489962	L. R. Phillippe	31470	2.02	48.69	North Carolina	Haywood Co.	35.6267	-83.2133	outside_boundary_exact	North Carolina, Swain County	Great Smoky Mountains National Park. Straight Fork Watershed. Luftee Knob 7.5 minute quadrangle. Along Straight Fork.	https://lichenportal.org/portal/collections/individual/index.php?occid=3519854
858140	NY	1041932	G. P. Anderson	NA	1.96	37.83	North Carolina	Avery Co.	35.949397	-81.925686	outside_boundary_exact	North Carolina, Burke County	Linville, Upper Falls	https://lichenportal.org/portal/collections/individual/index.php?occid=858140
870813	NY	1118534	G. P. Anderson	NA	1.96	37.83	North Carolina	Avery Co.	35.949397	-81.925686	outside_boundary_exact	North Carolina, Burke County	Linville, Upper Falls	https://lichenportal.org/portal/collections/individual/index.php?occid=870813
1052462	NY	1548318	G. P. Anderson	s.n.	1.96	37.83	North Carolina	Avery Co.	35.949397	-81.925686	outside_boundary_exact	North Carolina, Burke County	Linville, Upper Falls	https://lichenportal.org/portal/collections/individual/index.php?occid=1052462
1237263	NY	1615063	G. P. Anderson	s.n.	1.96	37.83	North Carolina	Avery Co.	35.949397	-81.925686	outside_boundary_exact	North Carolina, Burke County	Linville, Upper Falls	https://lichenportal.org/portal/collections/individual/index.php?occid=1237263
3240150	NY	2327991	G. P. Anderson	NA	1.96	37.83	North Carolina	Avery Co.	35.949397	-81.925686	outside_boundary_exact	North Carolina, Burke County	Linville, Upper Falls	https://lichenportal.org/portal/collections/individual/index.php?occid=3240150
4631220	NY	4665097	G. P. Anderson	NA	1.96	37.83	North Carolina	Avery Co.	35.949397	-81.925686	outside_boundary_exact	North Carolina, Burke County	Linville, Upper Falls	https://lichenportal.org/portal/collections/individual/index.php?occid=4631220
3216455	NY	2440155	E. A. Tripp	5415	1.94	56.98	North Carolina	Haywood Co.	35.685	-83.2714	outside_boundary_exact	Tennessee, Sevier County	Great Smoky Mountains National Park, Mt. Chapman, 0-0.5 mi. S of summit, along and just N of Appalachian Trail between Tricorner Knob and Pecks Corner.	https://lichenportal.org/portal/collections/individual/index.php?occid=3216455
3216456	NY	02376346	E. A. Tripp | J. C. Lendemer	5396	1.94	56.98	North Carolina	Haywood Co.	35.685	-83.2714	outside_boundary_exact	Tennessee, Sevier County	Great Smoky Mountains National Park, Mt. Chapman, 0-0.5 mi. S of summit, along and just N of Appalachian Trail between Tricorner Knob and Pecks Corner.	https://lichenportal.org/portal/collections/individual/index.php?occid=3216456
3216457	NY	02376347	E. A. Tripp | J. C. Lendemer	5400	1.94	56.98	North Carolina	Haywood Co.	35.685	-83.2714	outside_boundary_exact	Tennessee, Sevier County	Great Smoky Mountains National Park, Mt. Chapman, 0-0.5 mi. S of summit, along and just N of Appalachian Trail between Tricorner Knob and Pecks Corner.	https://lichenportal.org/portal/collections/individual/index.php?occid=3216457
3230814	NY	02376485	E. A. Tripp | J. C. Lendemer	5391	1.94	56.98	North Carolina	Haywood Co.	35.685	-83.2714	outside_boundary_exact	Tennessee, Sevier County	Great Smoky Mountains National Park, Mt. Chapman, 0-0.5 mi. S of summit, along and just N of Appalachian Trail between Tricorner Knob and Pecks Corner.	https://lichenportal.org/portal/collections/individual/index.php?occid=3230814
3231313	NY	02376349	E. A. Tripp | J. C. Lendemer	5404a	1.94	56.98	North Carolina	Haywood Co.	35.685	-83.2714	outside_boundary_exact	Tennessee, Sevier County	Great Smoky Mountains National Park, Mt. Chapman, 0-0.5 mi. S of summit, along and just N of Appalachian Trail between Tricorner Knob and Pecks Corner.	https://lichenportal.org/portal/collections/individual/index.php?occid=3231313
3232357	NY	02376484	E. A. Tripp | J. C. Lendemer	5419	1.94	56.98	North Carolina	Haywood Co.	35.685	-83.2714	outside_boundary_exact	Tennessee, Sevier County	Great Smoky Mountains National Park, Mt. Chapman, 0-0.5 mi. S of summit, along and just N of Appalachian Trail between Tricorner Knob and Pecks Corner.	https://lichenportal.org/portal/collections/individual/index.php?occid=3232357
3232361	NY	02376345	E. A. Tripp | J. C. Lendemer	5413	1.94	56.98	North Carolina	Haywood Co.	35.685	-83.2714	outside_boundary_exact	Tennessee, Sevier County	Great Smoky Mountains National Park, Mt. Chapman, 0-0.5 mi. S of summit, along and just N of Appalachian Trail between Tricorner Knob and Pecks Corner.	https://lichenportal.org/portal/collections/individual/index.php?occid=3232361
3233439	NY	02376493	E. A. Tripp | J. C. Lendemer	5402	1.94	56.98	North Carolina	Haywood Co.	35.685	-83.2714	outside_boundary_exact	Tennessee, Sevier County	Great Smoky Mountains National Park, Mt. Chapman, 0-0.5 mi. S of summit, along and just N of Appalachian Trail between Tricorner Knob and Pecks Corner.	https://lichenportal.org/portal/collections/individual/index.php?occid=3233439
3233897	NY	02376479	E. A. Tripp | J. C. Lendemer	5416	1.94	56.98	North Carolina	Haywood Co.	35.685	-83.2714	outside_boundary_exact	Tennessee, Sevier County	Great Smoky Mountains National Park, Mt. Chapman, 0-0.5 mi. S of summit, along and just N of Appalachian Trail between Tricorner Knob and Pecks Corner.	https://lichenportal.org/portal/collections/individual/index.php?occid=3233897
3233898	NY	02376491	E. A. Tripp | J. C. Lendemer	5403	1.94	56.98	North Carolina	Haywood Co.	35.685	-83.2714	outside_boundary_exact	Tennessee, Sevier County	Great Smoky Mountains National Park, Mt. Chapman, 0-0.5 mi. S of summit, along and just N of Appalachian Trail between Tricorner Knob and Pecks Corner.	https://lichenportal.org/portal/collections/individual/index.php?occid=3233898
3234515	NY	02376483	E. A. Tripp | J. C. Lendemer	5414a	1.94	56.98	North Carolina	Haywood Co.	35.685	-83.2714	outside_boundary_exact	Tennessee, Sevier County	Great Smoky Mountains National Park, Mt. Chapman, 0-0.5 mi. S of summit, along and just N of Appalachian Trail between Tricorner Knob and Pecks Corner.	https://lichenportal.org/portal/collections/individual/index.php?occid=3234515
3234534	NY	02376342	E. A. Tripp | J. C. Lendemer	5412b	1.94	56.98	North Carolina	Haywood Co.	35.685	-83.2714	outside_boundary_exact	Tennessee, Sevier County	Great Smoky Mountains National Park, Mt. Chapman, 0-0.5 mi. S of summit, along and just N of Appalachian Trail between Tricorner Knob and Pecks Corner.	https://lichenportal.org/portal/collections/individual/index.php?occid=3234534
3234535	NY	02376343	E. A. Tripp | J. C. Lendemer	5425	1.94	56.98	North Carolina	Haywood Co.	35.685	-83.2714	outside_boundary_exact	Tennessee, Sevier County	Great Smoky Mountains National Park, Mt. Chapman, 0-0.5 mi. S of summit, along and just N of Appalachian Trail between Tricorner Knob and Pecks Corner.	https://lichenportal.org/portal/collections/individual/index.php?occid=3234535
3234536	NY	02376344	E. A. Tripp | J. C. Lendemer	5424	1.94	56.98	North Carolina	Haywood Co.	35.685	-83.2714	outside_boundary_exact	Tennessee, Sevier County	Great Smoky Mountains National Park, Mt. Chapman, 0-0.5 mi. S of summit, along and just N of Appalachian Trail between Tricorner Knob and Pecks Corner.	https://lichenportal.org/portal/collections/individual/index.php?occid=3234536
3234800	NY	2440154	E. A. Tripp	5397	1.94	56.98	North Carolina	Haywood Co.	35.685	-83.2714	outside_boundary_exact	Tennessee, Sevier County	Great Smoky Mountains National Park, Mt. Chapman, 0-0.5 mi. S of summit, along and just N of Appalachian Trail between Tricorner Knob and Pecks Corner.	https://lichenportal.org/portal/collections/individual/index.php?occid=3234800
3234801	NY	02376339	E. A. Tripp | J. C. Lendemer	5394	1.94	56.98	North Carolina	Haywood Co.	35.685	-83.2714	outside_boundary_exact	Tennessee, Sevier County	Great Smoky Mountains National Park, Mt. Chapman, 0-0.5 mi. S of summit, along and just N of Appalachian Trail between Tricorner Knob and Pecks Corner.	https://lichenportal.org/portal/collections/individual/index.php?occid=3234801
3234828	NY	02376492	E. A. Tripp | J. C. Lendemer	5407	1.94	56.98	North Carolina	Haywood Co.	35.685	-83.2714	outside_boundary_exact	Tennessee, Sevier County	Great Smoky Mountains National Park, Mt. Chapman, 0-0.5 mi. S of summit, along and just N of Appalachian Trail between Tricorner Knob and Pecks Corner.	https://lichenportal.org/portal/collections/individual/index.php?occid=3234828
3234829	NY	02376494	E. A. Tripp | J. C. Lendemer	5398	1.94	56.98	North Carolina	Haywood Co.	35.685	-83.2714	outside_boundary_exact	Tennessee, Sevier County	Great Smoky Mountains National Park, Mt. Chapman, 0-0.5 mi. S of summit, along and just N of Appalachian Trail between Tricorner Knob and Pecks Corner.	https://lichenportal.org/portal/collections/individual/index.php?occid=3234829
3235080	NY	02376490	E. A. Tripp | J. C. Lendemer	5404	1.94	56.98	North Carolina	Haywood Co.	35.685	-83.2714	outside_boundary_exact	Tennessee, Sevier County	Great Smoky Mountains National Park, Mt. Chapman, 0-0.5 mi. S of summit, along and just N of Appalachian Trail between Tricorner Knob and Pecks Corner.	https://lichenportal.org/portal/collections/individual/index.php?occid=3235080
3235969	NY	02376487	E. A. Tripp | J. C. Lendemer	5410a	1.94	56.98	North Carolina	Haywood Co.	35.685	-83.2714	outside_boundary_exact	Tennessee, Sevier County	Great Smoky Mountains National Park, Mt. Chapman, 0-0.5 mi. S of summit, along and just N of Appalachian Trail between Tricorner Knob and Pecks Corner.	https://lichenportal.org/portal/collections/individual/index.php?occid=3235969
3236077	NY	02376341	E. A. Tripp | J. C. Lendemer	5393	1.94	56.98	North Carolina	Haywood Co.	35.685	-83.2714	outside_boundary_exact	Tennessee, Sevier County	Great Smoky Mountains National Park, Mt. Chapman, 0-0.5 mi. S of summit, along and just N of Appalachian Trail between Tricorner Knob and Pecks Corner.	https://lichenportal.org/portal/collections/individual/index.php?occid=3236077
3236109	NY	02376522	E. A. Tripp | J. C. Lendemer	5412	1.94	56.98	North Carolina	Haywood Co.	35.685	-83.2714	outside_boundary_exact	Tennessee, Sevier County	Great Smoky Mountains National Park, Mt. Chapman, 0-0.5 mi. S of summit, along and just N of Appalachian Trail between Tricorner Knob and Pecks Corner.	https://lichenportal.org/portal/collections/individual/index.php?occid=3236109
3236174	NY	02376481	E. A. Tripp | J. C. Lendemer	5410	1.94	56.98	North Carolina	Haywood Co.	35.685	-83.2714	outside_boundary_exact	Tennessee, Sevier County	Great Smoky Mountains National Park, Mt. Chapman, 0-0.5 mi. S of summit, along and just N of Appalachian Trail between Tricorner Knob and Pecks Corner.	https://lichenportal.org/portal/collections/individual/index.php?occid=3236174
3236400	NY	02376489	E. A. Tripp | J. C. Lendemer	5405	1.94	56.98	North Carolina	Haywood Co.	35.685	-83.2714	outside_boundary_exact	Tennessee, Sevier County	Great Smoky Mountains National Park, Mt. Chapman, 0-0.5 mi. S of summit, along and just N of Appalachian Trail between Tricorner Knob and Pecks Corner.	https://lichenportal.org/portal/collections/individual/index.php?occid=3236400
3236449	NY	2441382	E. A. Tripp	5408	1.94	56.98	North Carolina	Haywood Co.	35.685	-83.2714	outside_boundary_exact	Tennessee, Sevier County	Great Smoky Mountains National Park, Mt. Chapman, 0-0.5 mi. S of summit, along and just N of Appalachian Trail between Tricorner Knob and Pecks Corner.	https://lichenportal.org/portal/collections/individual/index.php?occid=3236449
3236457	NY	2441381	E. A. Tripp	5427	1.94	56.98	North Carolina	Haywood Co.	35.685	-83.2714	outside_boundary_exact	Tennessee, Sevier County	Great Smoky Mountains National Park, Mt. Chapman, 0-0.5 mi. S of summit, along and just N of Appalachian Trail between Tricorner Knob and Pecks Corner.	https://lichenportal.org/portal/collections/individual/index.php?occid=3236457
3236821	NY	02376338	E. A. Tripp | J. C. Lendemer	5421	1.94	56.98	North Carolina	Haywood Co.	35.685	-83.2714	outside_boundary_exact	Tennessee, Sevier County	Great Smoky Mountains National Park, Mt. Chapman, 0-0.5 mi. S of summit, along and just N of Appalachian Trail between Tricorner Knob and Pecks Corner.	https://lichenportal.org/portal/collections/individual/index.php?occid=3236821
3237507	NY	02376486	E. A. Tripp | J. C. Lendemer	5411	1.94	56.98	North Carolina	Haywood Co.	35.685	-83.2714	outside_boundary_exact	Tennessee, Sevier County	Great Smoky Mountains National Park, Mt. Chapman, 0-0.5 mi. S of summit, along and just N of Appalachian Trail between Tricorner Knob and Pecks Corner.	https://lichenportal.org/portal/collections/individual/index.php?occid=3237507
3237552	NY	02376336	E. A. Tripp | J. C. Lendemer	5422	1.94	56.98	North Carolina	Haywood Co.	35.685	-83.2714	outside_boundary_exact	Tennessee, Sevier County	Great Smoky Mountains National Park, Mt. Chapman, 0-0.5 mi. S of summit, along and just N of Appalachian Trail between Tricorner Knob and Pecks Corner.	https://lichenportal.org/portal/collections/individual/index.php?occid=3237552
3237632	NY	02376340	E. A. Tripp | J. C. Lendemer	5399	1.94	56.98	North Carolina	Haywood Co.	35.685	-83.2714	outside_boundary_exact	Tennessee, Sevier County	Great Smoky Mountains National Park, Mt. Chapman, 0-0.5 mi. S of summit, along and just N of Appalachian Trail between Tricorner Knob and Pecks Corner.	https://lichenportal.org/portal/collections/individual/index.php?occid=3237632
3240696	NY	02376488	E. A. Tripp | J. C. Lendemer	5406	1.94	56.98	North Carolina	Haywood Co.	35.685	-83.2714	outside_boundary_exact	Tennessee, Sevier County	Great Smoky Mountains National Park, Mt. Chapman, 0-0.5 mi. S of summit, along and just N of Appalachian Trail between Tricorner Knob and Pecks Corner.	https://lichenportal.org/portal/collections/individual/index.php?occid=3240696
3524465	NY	03721091	E. A. Tripp	5411A	1.94	56.98	North Carolina	Haywood Co.	35.685	-83.2714	outside_boundary_exact	Tennessee, Sevier County	Great Smoky Mountains National Park, Mt. Chapman, 0-0.5 mi. S of summit, along and just N of Appalachian Trail between Tricorner Knob and Pecks Corner.	https://lichenportal.org/portal/collections/individual/index.php?occid=3524465
3524466	NY	03721092	E. A. Tripp	5428	1.94	56.98	North Carolina	Haywood Co.	35.685	-83.2714	outside_boundary_exact	Tennessee, Sevier County	Great Smoky Mountains National Park, Mt. Chapman, 0-0.5 mi. S of summit, along and just N of Appalachian Trail between Tricorner Knob and Pecks Corner.	https://lichenportal.org/portal/collections/individual/index.php?occid=3524466
3525013	NY	03861735	E. A. Tripp	5420	1.94	56.98	North Carolina	Haywood Co.	35.685	-83.2714	outside_boundary_exact	Tennessee, Sevier County	Great Smoky Mountains National Park, Mt. Chapman, 0-0.5 mi. S of summit, along and just N of Appalachian Trail between Tricorner Knob and Pecks Corner.	https://lichenportal.org/portal/collections/individual/index.php?occid=3525013
3583303	NY	03862336	E. A. Tripp | J. C. Lendemer	5409	1.94	56.98	North Carolina	Haywood Co.	35.685	-83.2714	outside_boundary_exact	Tennessee, Sevier County	Great Smoky Mountains National Park, Mt. Chapman, 0-0.5 mi. S of summit, along and just N of Appalachian Trail between Tricorner Knob and Pecks Corner.	https://lichenportal.org/portal/collections/individual/index.php?occid=3583303
4983020	NY	04257698	J. Hollinger	23798	1.68	60.8	North Carolina	Macon Co.	35.0196	-83.0947	outside_boundary_exact	North Carolina, Jackson County	Ellicott Rock Wilderness Trail	https://lichenportal.org/portal/collections/individual/index.php?occid=4983020
4983019	NY	04257697	J. Hollinger	23797	1.49	60.67	North Carolina	Macon Co.	35.0188	-83.0966	outside_boundary_exact	North Carolina, Jackson County	Ellicott Rock Wilderness Trail	https://lichenportal.org/portal/collections/individual/index.php?occid=4983019
858118	NY	1041933	G. P. Anderson	NA	1.48	29.66	North Carolina	Avery Co.	36.13	-81.8	outside_boundary_exact	North Carolina, Watauga County	Plateau between First & Second Peaks, Grandfather Mountain	https://lichenportal.org/portal/collections/individual/index.php?occid=858118
862291	NY	1046218	G. P. Anderson	NA	1.48	29.66	North Carolina	Avery Co.	36.13	-81.8	outside_boundary_exact	North Carolina, Watauga County	Plateau between First & Second Peaks, Grandfather Mountain	https://lichenportal.org/portal/collections/individual/index.php?occid=862291
862292	NY	1046230	G. P. Anderson	NA	1.48	29.66	North Carolina	Avery Co.	36.13	-81.8	outside_boundary_exact	North Carolina, Watauga County	Plateau between First & Second Peaks, Grandfather Mountain	https://lichenportal.org/portal/collections/individual/index.php?occid=862292
1035158	NY	1540739	G. P. Anderson	NA	1.48	29.66	North Carolina	Avery Co.	36.13	-81.8	outside_boundary_exact	North Carolina, Watauga County	Plateau between First & Second Peaks, Grandfather Mountain	https://lichenportal.org/portal/collections/individual/index.php?occid=1035158
881717	NY	1152219	R. C. Harris	18276	1.45	33.38	North Carolina	Mitchell Co.	36.12	-82.12	outside_boundary_exact	Tennessee, Carter County	trail to Roan High Knob, Roan Mountain.	https://lichenportal.org/portal/collections/individual/index.php?occid=881717
1037647	NY	1541583	R. C. Harris	18274	1.45	33.38	North Carolina	Mitchell Co.	36.12	-82.12	outside_boundary_exact	Tennessee, Carter County	trail to Roan High Knob, Roan Mountain.	https://lichenportal.org/portal/collections/individual/index.php?occid=1037647
1037802	NY	1541738	R. C. Harris	30939	1.45	33.38	North Carolina	Mitchell Co.	36.12	-82.12	outside_boundary_exact	Tennessee, Carter County	Tennessee/North Carolina state line, Carter/Mitchell Co., Cherokee/Pisgah National Forest, Appalachian Trail on Round Bald	https://lichenportal.org/portal/collections/individual/index.php?occid=1037802
1052108	NY	1547961	R. C. Harris	18283	1.45	33.38	North Carolina	Mitchell Co.	36.12	-82.12	outside_boundary_exact	Tennessee, Carter County	trail to Roan High Knob, Roan Mountain.	https://lichenportal.org/portal/collections/individual/index.php?occid=1052108
1304138	NY	1706476	R. C. Harris	18288	1.45	33.38	North Carolina	Mitchell Co.	36.12	-82.12	outside_boundary_exact	Tennessee, Carter County	trail to Roan High Knob, Roan Mountain.	https://lichenportal.org/portal/collections/individual/index.php?occid=1304138
3216917	NY	1232535	R. C. Harris	18280	1.45	33.38	North Carolina	Mitchell Co.	36.12	-82.12	outside_boundary_exact	Tennessee, Carter County	trail to Roan High Knob, Roan Mountain.	https://lichenportal.org/portal/collections/individual/index.php?occid=3216917
3240083	NY	2357087	R. C. Harris	18290	1.45	33.38	North Carolina	Mitchell Co.	36.12	-82.12	outside_boundary_exact	Tennessee, Carter County	trail to Roan High Knob, Roan Mountain.	https://lichenportal.org/portal/collections/individual/index.php?occid=3240083
3240626	NY	1818539	R. C. Harris	18291	1.45	33.38	North Carolina	Mitchell Co.	36.12	-82.12	outside_boundary_exact	Tennessee, Carter County	trail to Roan High Knob, Roan Mountain.	https://lichenportal.org/portal/collections/individual/index.php?occid=3240626
3240627	NY	1818540	R. C. Harris	18292	1.45	33.38	North Carolina	Mitchell Co.	36.12	-82.12	outside_boundary_exact	Tennessee, Carter County	trail to Roan High Knob, Roan Mountain.	https://lichenportal.org/portal/collections/individual/index.php?occid=3240627
3217971	NY	1575492	R. C. Harris	57379	1.4	40.8	North Carolina	Gates Co.	36.5639	-76.8489	outside_boundary_exact	Virginia, Suffolk County	Chowan Swamp Game Land, E side of Fort Island Rd., 2 mi SW of NC137	https://lichenportal.org/portal/collections/individual/index.php?occid=3217971
881665	NY	1079846	C. F. Reed	1981118	1.28	43.74	North Carolina	Henderson Co.	35.4328	-82.2594	outside_boundary_exact	North Carolina, Rutherford County	along trail to Hickory Nut Falls, Chimney Rock Falls	https://lichenportal.org/portal/collections/individual/index.php?occid=881665
891107	NY	1218451	R. C. Harris	13755	1.21	55.77	North Carolina	Macon Co.	35.08	-83.13	outside_boundary_exact	North Carolina, Jackson County	Macon/Jackson Cos. Whiteside Mtn., c. 5.5 miles east of Highlands.	https://lichenportal.org/portal/collections/individual/index.php?occid=891107
904760	NY	1075866	R. C. Harris	13756	1.21	55.77	North Carolina	Macon Co.	35.08	-83.13	outside_boundary_exact	North Carolina, Jackson County	Macon/Jackson Cos. Whiteside Mtn., c. 5.5 miles east of Highlands.	https://lichenportal.org/portal/collections/individual/index.php?occid=904760
905693	NY	1363176	L. Brako	2739	1.21	55.77	North Carolina	Macon Co.	35.08	-83.13	outside_boundary_exact	North Carolina, Jackson County	Macon/Jackson Cos. Whiteside Mtn., c. 5.5 miles east of Highlands.	https://lichenportal.org/portal/collections/individual/index.php?occid=905693
954297	NY	1410743	R. C. Harris	13751	1.21	55.77	North Carolina	Macon Co.	35.08	-83.13	outside_boundary_exact	North Carolina, Jackson County	Macon/Jackson Cos. Whiteside Mtn., c. 5.5 miles east of Highlands.	https://lichenportal.org/portal/collections/individual/index.php?occid=954297
954906	NY	1399457	L. Brako	2736	1.21	55.77	North Carolina	Macon Co.	35.08	-83.13	outside_boundary_exact	North Carolina, Jackson County	Macon/Jackson Cos. Whiteside Mtn., c. 5.5 miles east of Highlands.	https://lichenportal.org/portal/collections/individual/index.php?occid=954906
957261	NY	1410566	R. C. Harris	13744	1.21	55.77	North Carolina	Macon Co.	35.08	-83.13	outside_boundary_exact	North Carolina, Jackson County	Macon/Jackson Cos. Whiteside Mtn., c. 5.5 miles east of Highlands.	https://lichenportal.org/portal/collections/individual/index.php?occid=957261
957955	NY	1358661	L. Brako	2730	1.21	55.77	North Carolina	Macon Co.	35.08	-83.13	outside_boundary_exact	North Carolina, Jackson County	Macon/Jackson Cos. Whiteside Mtn., c. 5.5 miles east of Highlands.	https://lichenportal.org/portal/collections/individual/index.php?occid=957955
961662	NY	1411102	R. C. Harris	13764	1.21	55.77	North Carolina	Macon Co.	35.08	-83.13	outside_boundary_exact	North Carolina, Jackson County	Macon/Jackson Cos. Whiteside Mtn., c. 5.5 miles east of Highlands.	https://lichenportal.org/portal/collections/individual/index.php?occid=961662
965230	NY	1488600	L. Brako	2746	1.21	55.77	North Carolina	Macon Co.	35.08	-83.13	outside_boundary_exact	North Carolina, Jackson County	Macon/Jackson Cos. Whiteside Mtn., c. 5.5 miles east of Highlands.	https://lichenportal.org/portal/collections/individual/index.php?occid=965230
969199	NY	1490689	L. Brako	2718	1.21	55.77	North Carolina	Macon Co.	35.08	-83.13	outside_boundary_exact	North Carolina, Jackson County	Macon/Jackson Cos. Whiteside Mtn., c. 5.5 miles east of Highlands.	https://lichenportal.org/portal/collections/individual/index.php?occid=969199
969597	NY	1491088	L. Brako	2747	1.21	55.77	North Carolina	Macon Co.	35.08	-83.13	outside_boundary_exact	North Carolina, Jackson County	Macon/Jackson Cos. Whiteside Mtn., c. 5.5 miles east of Highlands.	https://lichenportal.org/portal/collections/individual/index.php?occid=969597
1005048	NY	1516968	L. Brako	2716	1.21	55.77	North Carolina	Macon Co.	35.08	-83.13	outside_boundary_exact	North Carolina, Jackson County	Macon/Jackson Cos. Whiteside Mtn., c. 5.5 miles east of Highlands.	https://lichenportal.org/portal/collections/individual/index.php?occid=1005048
1005079	NY	1516999	L. Brako	2715	1.21	55.77	North Carolina	Macon Co.	35.08	-83.13	outside_boundary_exact	North Carolina, Jackson County	Macon/Jackson Cos. Whiteside Mtn., c. 5.5 miles east of Highlands.	https://lichenportal.org/portal/collections/individual/index.php?occid=1005079
1008094	NY	1518739	L. Brako	2724	1.21	55.77	North Carolina	Macon Co.	35.08	-83.13	outside_boundary_exact	North Carolina, Jackson County	Macon/Jackson Cos. Whiteside Mtn., c. 5.5 miles east of Highlands.	https://lichenportal.org/portal/collections/individual/index.php?occid=1008094
1011060	NY	1519407	L. Brako	2721	1.21	55.77	North Carolina	Macon Co.	35.08	-83.13	outside_boundary_exact	North Carolina, Jackson County	Macon/Jackson Cos. Whiteside Mtn., c. 5.5 miles east of Highlands.	https://lichenportal.org/portal/collections/individual/index.php?occid=1011060
1037983	NY	1541919	R. C. Harris	13747	1.21	55.77	North Carolina	Macon Co.	35.08	-83.13	outside_boundary_exact	North Carolina, Jackson County	Macon/Jackson Cos. Whiteside Mtn., c. 5.5 miles east of Highlands.	https://lichenportal.org/portal/collections/individual/index.php?occid=1037983
1039501	NY	1543446	L. Brako	2752	1.21	55.77	North Carolina	Macon Co.	35.08	-83.13	outside_boundary_exact	North Carolina, Jackson County	Macon/Jackson Cos. Whiteside Mtn., c. 5.5 miles east of Highlands.	https://lichenportal.org/portal/collections/individual/index.php?occid=1039501
1050721	NY	01545962	R. C. Harris	13745	1.21	55.77	North Carolina	Macon Co.	35.08	-83.13	outside_boundary_exact	North Carolina, Jackson County	Macon/Jackson Cos. Whiteside Mtn., c. 5.5 miles east of Highlands.	https://lichenportal.org/portal/collections/individual/index.php?occid=1050721
1050840	NY	1546081	L. Brako	2737	1.21	55.77	North Carolina	Macon Co.	35.08	-83.13	outside_boundary_exact	North Carolina, Jackson County	Macon/Jackson Cos. Whiteside Mtn., c. 5.5 miles east of Highlands.	https://lichenportal.org/portal/collections/individual/index.php?occid=1050840
1051396	NY	1547237	L. Brako	2708	1.21	55.77	North Carolina	Macon Co.	35.08	-83.13	outside_boundary_exact	North Carolina, Jackson County	Macon/Jackson Cos. Whiteside Mtn., c. 5.5 miles east of Highlands.	https://lichenportal.org/portal/collections/individual/index.php?occid=1051396
1052111	NY	1547964	R. C. Harris	13740	1.21	55.77	North Carolina	Macon Co.	35.08	-83.13	outside_boundary_exact	North Carolina, Jackson County	Macon/Jackson Cos. Whiteside Mtn., c. 5.5 miles east of Highlands.	https://lichenportal.org/portal/collections/individual/index.php?occid=1052111
1052465	NY	1548321	R. C. Harris	13752	1.21	55.77	North Carolina	Macon Co.	35.08	-83.13	outside_boundary_exact	North Carolina, Jackson County	Macon/Jackson Cos. Whiteside Mtn., c. 5.5 miles east of Highlands.	https://lichenportal.org/portal/collections/individual/index.php?occid=1052465
1086358	NY	1569256	L. Brako	2749	1.21	55.77	North Carolina	Macon Co.	35.08	-83.13	outside_boundary_exact	North Carolina, Jackson County	Macon/Jackson Cos. Whiteside Mtn., c. 5.5 miles east of Highlands.	https://lichenportal.org/portal/collections/individual/index.php?occid=1086358
1087167	NY	1570073	L. Brako	2725	1.21	55.77	North Carolina	Macon Co.	35.08	-83.13	outside_boundary_exact	North Carolina, Jackson County	Macon/Jackson Cos. Whiteside Mtn., c. 5.5 miles east of Highlands.	https://lichenportal.org/portal/collections/individual/index.php?occid=1087167
1087373	NY	1570283	R. C. Harris	13736	1.21	55.77	North Carolina	Macon Co.	35.08	-83.13	outside_boundary_exact	North Carolina, Jackson County	Macon/Jackson Cos. Whiteside Mtn., c. 5.5 miles east of Highlands.	https://lichenportal.org/portal/collections/individual/index.php?occid=1087373
1087935	NY	1570852	R. C. Harris	13749	1.21	55.77	North Carolina	Macon Co.	35.08	-83.13	outside_boundary_exact	North Carolina, Jackson County	Macon/Jackson Cos. Whiteside Mtn., c. 5.5 miles east of Highlands.	https://lichenportal.org/portal/collections/individual/index.php?occid=1087935
1237146	NY	1614946	L. Brako	2726	1.21	55.77	North Carolina	Macon Co.	35.08	-83.13	outside_boundary_exact	North Carolina, Jackson County	Macon/Jackson Cos. Whiteside Mtn., c. 5.5 miles east of Highlands.	https://lichenportal.org/portal/collections/individual/index.php?occid=1237146
1237257	NY	1615057	Collector unspecified	s.n.	1.21	55.77	North Carolina	Macon Co.	35.08	-83.13	outside_boundary_exact	North Carolina, Jackson County	Macon/Jackson Cos. Whiteside Mtn., c. 5.5 miles east of Highlands.	https://lichenportal.org/portal/collections/individual/index.php?occid=1237257
1238386	NY	1655609	R. C. Harris	13746	1.21	55.77	North Carolina	Macon Co.	35.08	-83.13	outside_boundary_exact	North Carolina, Jackson County	Macon/Jackson Cos. Whiteside Mtn., c. 5.5 miles east of Highlands.	https://lichenportal.org/portal/collections/individual/index.php?occid=1238386
1238542	NY	1655767	L. Brako	2703	1.21	55.77	North Carolina	Macon Co.	35.08	-83.13	outside_boundary_exact	North Carolina, Jackson County	Macon/Jackson Cos. Whiteside Mtn., c. 5.5 miles east of Highlands.	https://lichenportal.org/portal/collections/individual/index.php?occid=1238542
1238603	NY	1655828	L. Brako	2754	1.21	55.77	North Carolina	Macon Co.	35.08	-83.13	outside_boundary_exact	North Carolina, Jackson County	Macon/Jackson Cos. Whiteside Mtn., c. 5.5 miles east of Highlands.	https://lichenportal.org/portal/collections/individual/index.php?occid=1238603
1239068	NY	1656295	L. Brako	2698	1.21	55.77	North Carolina	Macon Co.	35.08	-83.13	outside_boundary_exact	North Carolina, Jackson County	Macon/Jackson Cos. Whiteside Mtn., c. 5.5 miles east of Highlands.	https://lichenportal.org/portal/collections/individual/index.php?occid=1239068
1304139	NY	1706477	L. Brako	2720	1.21	55.77	North Carolina	Macon Co.	35.08	-83.13	outside_boundary_exact	North Carolina, Jackson County	Macon/Jackson Cos. Whiteside Mtn., c. 5.5 miles east of Highlands.	https://lichenportal.org/portal/collections/individual/index.php?occid=1304139
1304494	NY	1706884	L. Brako	2740	1.21	55.77	North Carolina	Macon Co.	35.08	-83.13	outside_boundary_exact	North Carolina, Jackson County	Macon/Jackson Cos. Whiteside Mtn., c. 5.5 miles east of Highlands.	https://lichenportal.org/portal/collections/individual/index.php?occid=1304494
1353572	NY	1707939	R. C. Harris	13762	1.21	55.77	North Carolina	Macon Co.	35.08	-83.13	outside_boundary_exact	North Carolina, Jackson County	Macon/Jackson Cos. Whiteside Mtn., c. 5.5 miles east of Highlands.	https://lichenportal.org/portal/collections/individual/index.php?occid=1353572
3238965	NY	02391770	L. Brako	2706	1.21	55.77	North Carolina	Macon Co.	35.08	-83.13	outside_boundary_exact	North Carolina, Jackson County	Macon/Jackson Cos. Whiteside Mtn., c. 5.5 miles east of Highlands.	https://lichenportal.org/portal/collections/individual/index.php?occid=3238965
3240158	NY	2328003	L. Brako	2734	1.21	55.77	North Carolina	Macon Co.	35.08	-83.13	outside_boundary_exact	North Carolina, Jackson County	Macon/Jackson Cos. Whiteside Mtn., c. 5.5 miles east of Highlands.	https://lichenportal.org/portal/collections/individual/index.php?occid=3240158
3240159	NY	2328004	R. C. Harris	13735	1.21	55.77	North Carolina	Macon Co.	35.08	-83.13	outside_boundary_exact	North Carolina, Jackson County	Macon/Jackson Cos. Whiteside Mtn., c. 5.5 miles east of Highlands.	https://lichenportal.org/portal/collections/individual/index.php?occid=3240159
3240160	NY	2328005	R. C. Harris	13766	1.21	55.77	North Carolina	Macon Co.	35.08	-83.13	outside_boundary_exact	North Carolina, Jackson County	Macon/Jackson Cos. Whiteside Mtn., c. 5.5 miles east of Highlands.	https://lichenportal.org/portal/collections/individual/index.php?occid=3240160
3240620	NY	1818518	R. C. Harris	13763	1.21	55.77	North Carolina	Macon Co.	35.08	-83.13	outside_boundary_exact	North Carolina, Jackson County	Macon/Jackson Cos. Whiteside Mtn., c. 5.5 miles east of Highlands.	https://lichenportal.org/portal/collections/individual/index.php?occid=3240620
3240621	NY	1818519	R. C. Harris	13759	1.21	55.77	North Carolina	Macon Co.	35.08	-83.13	outside_boundary_exact	North Carolina, Jackson County	Macon/Jackson Cos. Whiteside Mtn., c. 5.5 miles east of Highlands.	https://lichenportal.org/portal/collections/individual/index.php?occid=3240621
3240628	NY	1069046	R. C. Harris	13738	1.21	55.77	North Carolina	Macon Co.	35.08	-83.13	outside_boundary_exact	North Carolina, Jackson County	Macon/Jackson Cos. Whiteside Mtn., c. 5.5 miles east of Highlands.	https://lichenportal.org/portal/collections/individual/index.php?occid=3240628
3519827	NY	1394504	L. Brako	2723	1.21	55.77	North Carolina	Macon Co.	35.08	-83.13	outside_boundary_exact	North Carolina, Jackson County	Macon/Jackson Cos. Whiteside Mtn., c. 5.5 miles east of Highlands.	https://lichenportal.org/portal/collections/individual/index.php?occid=3519827
4977136	NY	02690919	R. C. Harris	13767	1.21	55.77	North Carolina	Macon Co.	35.08	-83.13	outside_boundary_exact	North Carolina, Jackson County	Macon/Jackson Cos. Whiteside Mtn., c. 5.5 miles east of Highlands.	https://lichenportal.org/portal/collections/individual/index.php?occid=4977136
959097	NY	1359812	P. Reed	83798	1.01	49.5	North Carolina	Caldwell Co.	36.131108	-81.670911	outside_boundary_exact	North Carolina, Watauga County	Blowing Rock	https://lichenportal.org/portal/collections/individual/index.php?occid=959097
1061532	NY	1564418	C. F. Reed	76766	0.97	57.68	North Carolina	Jackson Co.	35.4769	-83.3214	outside_boundary_exact	North Carolina, Swain County	Rt. 441, Qualla	https://lichenportal.org/portal/collections/individual/index.php?occid=1061532
958397	NY	1359104	J. K. Small	s.n.	0.7	31.82	North Carolina	Watauga Co.	36.1122	-81.6619	outside_boundary_exact	North Carolina, Caldwell County	On Blowing Rock Mountain	https://lichenportal.org/portal/collections/individual/index.php?occid=958397
958399	NY	1359106	J. K. Small	s.n.	0.7	31.82	North Carolina	Watauga Co.	36.1122	-81.6619	outside_boundary_exact	North Carolina, Caldwell County	On Blowing Rock Mountain	https://lichenportal.org/portal/collections/individual/index.php?occid=958399
1040550	NY	1544506	J. K. Small	358	0.7	31.82	North Carolina	Watauga Co.	36.1122	-81.6619	outside_boundary_exact	North Carolina, Caldwell County	Blowing Rock Mountain	https://lichenportal.org/portal/collections/individual/index.php?occid=1040550
1062351	NY	1565540	J. K. Small	NA	0.7	31.82	North Carolina	Watauga Co.	36.1122	-81.6619	outside_boundary_exact	North Carolina, Caldwell County	Blowing Rock Mountain	https://lichenportal.org/portal/collections/individual/index.php?occid=1062351
1062352	NY	1565541	J. K. Small	NA	0.7	31.82	North Carolina	Watauga Co.	36.1122	-81.6619	outside_boundary_exact	North Carolina, Caldwell County	Blowing Rock Mountain	https://lichenportal.org/portal/collections/individual/index.php?occid=1062352
1062354	NY	1565543	J. K. Small	NA	0.7	31.82	North Carolina	Watauga Co.	36.1122	-81.6619	outside_boundary_exact	North Carolina, Caldwell County	Blowing Rock Mountain	https://lichenportal.org/portal/collections/individual/index.php?occid=1062354
1062355	NY	1565544	J. K. Small	NA	0.7	31.82	North Carolina	Watauga Co.	36.1122	-81.6619	outside_boundary_exact	North Carolina, Caldwell County	Blowing Rock Mountain	https://lichenportal.org/portal/collections/individual/index.php?occid=1062355
1237264	NY	1615064	J. K. Small	s.n.	0.7	31.82	North Carolina	Watauga Co.	36.1122	-81.6619	outside_boundary_exact	North Carolina, Caldwell County	Blowing Rock Mountain	https://lichenportal.org/portal/collections/individual/index.php?occid=1237264
3786599	NY	1573692	J. K. Small	NA	0.7	31.82	North Carolina	Watauga Co.	36.1122	-81.6619	outside_boundary_exact	North Carolina, Caldwell County	Blowing Rock Mountain	https://lichenportal.org/portal/collections/individual/index.php?occid=3786599
896850	NY	1225616	J. P. Dey	546	0.68	52.74	North Carolina	Wilkes Co.	36.3239	-81.3681	outside_boundary_exact	North Carolina, Ashe County	Jumpin-Off Rocks at Mile Post 260 along the Blue Ridge Parkway	https://lichenportal.org/portal/collections/individual/index.php?occid=896850
897316	NY	1226262	J. P. Dey	534	0.68	52.74	North Carolina	Wilkes Co.	36.3239	-81.3681	outside_boundary_exact	North Carolina, Ashe County	Jumpin-Off Rocks at Mile Post 260 along the Blue Ridge Parkway	https://lichenportal.org/portal/collections/individual/index.php?occid=897316
897591	NY	1226463	J. P. Dey	553	0.68	52.74	North Carolina	Wilkes Co.	36.3239	-81.3681	outside_boundary_exact	North Carolina, Ashe County	Jumpin-Off Rocks at Mile Post 260 along the Blue Ridge Parkway	https://lichenportal.org/portal/collections/individual/index.php?occid=897591
897962	NY	1226821	J. P. Dey	539	0.68	52.74	North Carolina	Wilkes Co.	36.3239	-81.3681	outside_boundary_exact	North Carolina, Ashe County	Jumpin-Off Rocks at Mile Post 260 along the Blue Ridge Parkway	https://lichenportal.org/portal/collections/individual/index.php?occid=897962
898017	NY	1226857	J. P. Dey	556	0.68	52.74	North Carolina	Wilkes Co.	36.3239	-81.3681	outside_boundary_exact	North Carolina, Ashe County	Jumpin-Off Rocks at Mile Post 260 along the Blue Ridge Parkway	https://lichenportal.org/portal/collections/individual/index.php?occid=898017
898099	NY	1226858	J. P. Dey	556	0.68	52.74	North Carolina	Wilkes Co.	36.3239	-81.3681	outside_boundary_exact	North Carolina, Ashe County	Jumpin-Off Rocks at Mile Post 260 along the Blue Ridge Parkway	https://lichenportal.org/portal/collections/individual/index.php?occid=898099
3183907	NY	1230975	J. P. Dey	551	0.68	52.74	North Carolina	Wilkes Co.	36.3239	-81.3681	outside_boundary_exact	North Carolina, Ashe County	Jumpin-Off Rocks at Mile Post 260 along the Blue Ridge Parkway	https://lichenportal.org/portal/collections/individual/index.php?occid=3183907
3189736	NY	1229695	J. P. Dey	246	0.68	52.74	North Carolina	Wilkes Co.	36.3239	-81.3681	outside_boundary_exact	North Carolina, Ashe County	Jumpin-Off Rocks at Mile Post 260 along the Blue Ridge Parkway	https://lichenportal.org/portal/collections/individual/index.php?occid=3189736
3215158	NY	1684309	J. P. Dey	533	0.68	52.74	North Carolina	Wilkes Co.	36.3239	-81.3681	outside_boundary_exact	North Carolina, Ashe County	Jumpin-Off Rocks at Mile Post 260 along the Blue Ridge Parkway	https://lichenportal.org/portal/collections/individual/index.php?occid=3215158
3216749	NY	1230976	J. P. Dey	547	0.68	52.74	North Carolina	Wilkes Co.	36.3239	-81.3681	outside_boundary_exact	North Carolina, Ashe County	Jumpin-Off Rocks at Mile Post 260 along the Blue Ridge Parkway	https://lichenportal.org/portal/collections/individual/index.php?occid=3216749
3218230	NY	1234010	J. P. Dey	538	0.68	52.74	North Carolina	Wilkes Co.	36.3239	-81.3681	outside_boundary_exact	North Carolina, Ashe County	Jumpin-Off Rocks at Mile Post 260 along the Blue Ridge Parkway	https://lichenportal.org/portal/collections/individual/index.php?occid=3218230
3225915	NY	1230977	J. P. Dey	545	0.68	52.74	North Carolina	Wilkes Co.	36.3239	-81.3681	outside_boundary_exact	North Carolina, Ashe County	Jumpin-Off Rocks at Mile Post 260 along the Blue Ridge Parkway	https://lichenportal.org/portal/collections/individual/index.php?occid=3225915
3226859	NY	1716353	J. P. Dey	541	0.68	52.74	North Carolina	Wilkes Co.	36.3239	-81.3681	outside_boundary_exact	North Carolina, Ashe County	Jumpin-Off Rocks at Mile Post 260 along the Blue Ridge Parkway	https://lichenportal.org/portal/collections/individual/index.php?occid=3226859
3227893	NY	1232937	J. P. Dey	555	0.68	52.74	North Carolina	Wilkes Co.	36.3239	-81.3681	outside_boundary_exact	North Carolina, Ashe County	Jumpin-Off Rocks at Mile Post 260 along the Blue Ridge Parkway	https://lichenportal.org/portal/collections/individual/index.php?occid=3227893
3227986	NY	1235639	J. P. Dey	542	0.68	52.74	North Carolina	Wilkes Co.	36.3239	-81.3681	outside_boundary_exact	North Carolina, Ashe County	Jumpin-Off Rocks at Mile Post 260 along the Blue Ridge Parkway	https://lichenportal.org/portal/collections/individual/index.php?occid=3227986
3228261	NY	1652293	J. P. Dey	536	0.68	52.74	North Carolina	Wilkes Co.	36.3239	-81.3681	outside_boundary_exact	North Carolina, Ashe County	Jumpin-Off Rocks at Mile Post 260 along the Blue Ridge Parkway	https://lichenportal.org/portal/collections/individual/index.php?occid=3228261
3228276	NY	1725756	J. P. Dey	543	0.68	52.74	North Carolina	Wilkes Co.	36.3239	-81.3681	outside_boundary_exact	North Carolina, Ashe County	Jumpin-Off Rocks at Mile Post 260 along the Blue Ridge Parkway	https://lichenportal.org/portal/collections/individual/index.php?occid=3228276
3228489	NY	1231750	J. P. Dey	535	0.68	52.74	North Carolina	Wilkes Co.	36.3239	-81.3681	outside_boundary_exact	North Carolina, Ashe County	Jumpin-Off Rocks at Mile Post 260 along the Blue Ridge Parkway	https://lichenportal.org/portal/collections/individual/index.php?occid=3228489
3228669	NY	1235207	J. P. Dey	550	0.68	52.74	North Carolina	Wilkes Co.	36.3239	-81.3681	outside_boundary_exact	North Carolina, Ashe County	Jumpin-Off Rocks at Mile Post 260 along the Blue Ridge Parkway	https://lichenportal.org/portal/collections/individual/index.php?occid=3228669
3231260	NY	1234011	J. P. Dey	554	0.68	52.74	North Carolina	Wilkes Co.	36.3239	-81.3681	outside_boundary_exact	North Carolina, Ashe County	Jumpin-Off Rocks at Mile Post 260 along the Blue Ridge Parkway	https://lichenportal.org/portal/collections/individual/index.php?occid=3231260
3232186	NY	1686030	J. P. Dey	537	0.68	52.74	North Carolina	Wilkes Co.	36.3239	-81.3681	outside_boundary_exact	North Carolina, Ashe County	Jumpin-Off Rocks at Mile Post 260 along the Blue Ridge Parkway	https://lichenportal.org/portal/collections/individual/index.php?occid=3232186
3233487	NY	1234012	J. P. Dey	535A	0.68	52.74	North Carolina	Wilkes Co.	36.3239	-81.3681	outside_boundary_exact	North Carolina, Ashe County	Jumpin-Off Rocks at Mile Post 260 along the Blue Ridge Parkway	https://lichenportal.org/portal/collections/individual/index.php?occid=3233487
3233981	NY	1235294	J. P. Dey	548	0.68	52.74	North Carolina	Wilkes Co.	36.3239	-81.3681	outside_boundary_exact	North Carolina, Ashe County	Jumpin-Off Rocks at Mile Post 260 along the Blue Ridge Parkway	https://lichenportal.org/portal/collections/individual/index.php?occid=3233981
3235616	NY	1229666	J. P. Dey	540	0.68	52.74	North Carolina	Wilkes Co.	36.3239	-81.3681	outside_boundary_exact	North Carolina, Ashe County	Jumpin-Off Rocks at Mile Post 260 along the Blue Ridge Parkway	https://lichenportal.org/portal/collections/individual/index.php?occid=3235616
868746	NY	1024533	J. C. Lendemer	3755	0.66	57.9	North Carolina	Jones Co.	34.9364	-77.0978	outside_boundary_exact	North Carolina, Craven County	Croatan National Forest, Catfish Lake South Wilderness, along E shore of Catfish Lake, along Catfish Lake Road (FS #158), ca. 1/2 mi N of intersection with Catfish Lake Road (#1100/105)	https://lichenportal.org/portal/collections/individual/index.php?occid=868746
868747	NY	1024534	J. C. Lendemer	3755	0.66	57.9	North Carolina	Jones Co.	34.9364	-77.0978	outside_boundary_exact	North Carolina, Craven County	Croatan National Forest, Catfish Lake South Wilderness, along E shore of Catfish Lake, along Catfish Lake Road (FS #158), ca. 1/2 mi N of intersection with Catfish Lake Road (#1100/105)	https://lichenportal.org/portal/collections/individual/index.php?occid=868747
875200	NY	1152557	J. C. Lendemer	1018	0.66	57.9	North Carolina	Jones Co.	34.9364	-77.0978	outside_boundary_exact	North Carolina, Craven County	Croatan National Forest, ~1/2 mi N of intersection of FS158 and Catfish Road, along the E shore of Catfish Lake	https://lichenportal.org/portal/collections/individual/index.php?occid=875200
877228	NY	1148594	J. C. Lendemer	1051	0.66	57.9	North Carolina	Jones Co.	34.9364	-77.0978	outside_boundary_exact	North Carolina, Craven County	Croatan National Forest, Catfish Lake South Wilderness, along E shore of Catfish Lake, along Catfish Lake Road (FS #158), ca. 1/2 mi N of intersection with Catfish Lake Road (#1100/105)	https://lichenportal.org/portal/collections/individual/index.php?occid=877228
877318	NY	1148607	J. C. Lendemer	1051	0.66	57.9	North Carolina	Jones Co.	34.9364	-77.0978	outside_boundary_exact	North Carolina, Craven County	Croatan National Forest, Catfish Lake South Wilderness, along E shore of Catfish Lake, along Catfish Lake Road (FS #158), ca. 1/2 mi N of intersection with Catfish Lake Road (#1100/105)	https://lichenportal.org/portal/collections/individual/index.php?occid=877318
887864	NY	1220255	J. C. Lendemer	3761A	0.66	57.9	North Carolina	Jones Co.	34.9364	-77.0978	outside_boundary_exact	North Carolina, Craven County	Croatan National Forest, Catfish Lake South Wilderness, along E shore of Catfish Lake, along Catfish Lake Road (FS #158), ca. 1/2 mi N of intersection with Catfish Lake Road (#1100/105)	https://lichenportal.org/portal/collections/individual/index.php?occid=887864
955511	NY	1408763	J. C. Lendemer	1614	0.66	57.9	North Carolina	Jones Co.	34.9364	-77.0978	outside_boundary_exact	North Carolina, Craven County	Croatan National Forest, Catfish Lake South Wilderness, along E shore of Catfish Lake, along Catfish Lake Road (FS #158), ca. 1/2 mi N of intersection with Catfish Lake Road (#1100/105)	https://lichenportal.org/portal/collections/individual/index.php?occid=955511
1038512	NY	1542456	J. C. Lendemer	3628	0.66	57.9	North Carolina	Jones Co.	34.9364	-77.0978	outside_boundary_exact	North Carolina, Craven County	Croatan National Forest, Catfish Lake South Wilderness, along the east shore of Catfish Lake, along Catfish Lake Road (FS#158), ca. 1/2 mile north of intersection with Catfish Lake Road (#1100/1105)	https://lichenportal.org/portal/collections/individual/index.php?occid=1038512
1238631	NY	1655856	J. C. Lendemer	1323	0.66	57.9	North Carolina	Jones Co.	34.9364	-77.0978	outside_boundary_exact	North Carolina, Craven County	Croatan National Forest, Catfish Lake South Wilderness, along E shore of Catfish Lake, along Catfish Lake Road (FS #158), ca. 1/2 mi N of intersection with Catfish Lake Road (#1100/105)	https://lichenportal.org/portal/collections/individual/index.php?occid=1238631
1293060	NY	1702569	J. C. Lendemer	4465	0.66	57.9	North Carolina	Jones Co.	34.9364	-77.0978	outside_boundary_exact	North Carolina, Craven County	Croatan National Forest, Catfish Lake South Wilderness, along E shore of Catfish Lake, along Catfish Lake Road (FS #158), ca. 1/2 mi N of intersection with Catfish Lake Road (#1100/105)	https://lichenportal.org/portal/collections/individual/index.php?occid=1293060
1304473	NY	1706863	J. C. Lendemer	3615	0.66	57.9	North Carolina	Jones Co.	34.9364	-77.0978	outside_boundary_exact	North Carolina, Craven County	Croatan National Forest, Catfish Lake South Wilderness, along the east shore of Catfish Lake, along Catfish Lake Road (FS#158), ca. 1/2 mile north of intersection with Catfish Lake Road (#1100/1105)	https://lichenportal.org/portal/collections/individual/index.php?occid=1304473
3254532	NY	2690253	J. C. Lendemer	1051	0.66	57.9	North Carolina	Jones Co.	34.9364	-77.0978	outside_boundary_exact	North Carolina, Craven County	Croatan National Forest, Catfish Lake South Wilderness, along E shore of Catfish Lake, along Catfish Lake Road (FS #158), ca. 1/2 mi N of intersection with Catfish Lake Road (#1100/105)	https://lichenportal.org/portal/collections/individual/index.php?occid=3254532
842252	NY	793536	W. R. Buck	30429	0.63	50.49	North Carolina	Transylvania Co.	35.03	-83.02	outside_boundary_exact	North Carolina, Jackson County	Nantahala Nat'l Forest, gorge of Whitewater River below Whitewater Falls, along lower Corbin Creek.	https://lichenportal.org/portal/collections/individual/index.php?occid=842252
843327	NY	756604	W. R. Buck	30416	0.63	50.49	North Carolina	Transylvania Co.	35.03	-83.02	outside_boundary_exact	North Carolina, Jackson County	Nantahala National Forest, gorge of Whitewater River below Whitewater Falls, along lower Corbin Creek	https://lichenportal.org/portal/collections/individual/index.php?occid=843327
960231	NY	1399336	W. R. Buck	30426	0.63	50.49	North Carolina	Transylvania Co.	35.03	-83.02	outside_boundary_exact	North Carolina, Jackson County	Nantahala Nat'l Forest, gorge of Whitewater River below Whitewater Falls, along Lower Corbin Creek	https://lichenportal.org/portal/collections/individual/index.php?occid=960231
3248114	NY	1078293	W. R. Buck	30399	0.63	50.49	North Carolina	Transylvania Co.	35.03	-83.02	outside_boundary_exact	North Carolina, Jackson County	Nantahala National Forest, gorge of Whitewater River below Whitewater Falls, along lower Corbin Creek	https://lichenportal.org/portal/collections/individual/index.php?occid=3248114
3230800	NY	1117925	E. A. Tripp	680	0.61	72.47	North Carolina	Swain Co.	35.6111	-83.1694	outside_boundary_exact	North Carolina, Haywood County	Great Smoky Mountains National Park, along Balsam Mountain Road (gravel) 1.5 mi S of Palmer Creek trailhead	https://lichenportal.org/portal/collections/individual/index.php?occid=3230800
3231350	NY	1107191	J. C. Lendemer	19151	0.61	72.47	North Carolina	Swain Co.	35.6111	-83.1694	outside_boundary_exact	North Carolina, Haywood County	Great Smoky Mountains National Park, along Balsam Mountain Road (gravel) 1.5 mi S of Palmer Creek trailhead	https://lichenportal.org/portal/collections/individual/index.php?occid=3231350
3231997	NY	1117924	E. A. Tripp	681	0.61	72.47	North Carolina	Swain Co.	35.6111	-83.1694	outside_boundary_exact	North Carolina, Haywood County	Great Smoky Mountains National Park, along Balsam Mountain Road (gravel) 1.5 mi S of Palmer Creek trailhead	https://lichenportal.org/portal/collections/individual/index.php?occid=3231997
3233903	NY	1107194	J. C. Lendemer	19148	0.61	72.47	North Carolina	Swain Co.	35.6111	-83.1694	outside_boundary_exact	North Carolina, Haywood County	Great Smoky Mountains National Park, along Balsam Mountain Road (gravel) 1.5 mi S of Palmer Creek trailhead	https://lichenportal.org/portal/collections/individual/index.php?occid=3233903
3233904	NY	1117923	E. A. Tripp	682	0.61	72.47	North Carolina	Swain Co.	35.6111	-83.1694	outside_boundary_exact	North Carolina, Haywood County	Great Smoky Mountains National Park, along Balsam Mountain Road (gravel) 1.5 mi S of Palmer Creek trailhead	https://lichenportal.org/portal/collections/individual/index.php?occid=3233904
3236161	NY	1117922	E. A. Tripp	683	0.61	72.47	North Carolina	Swain Co.	35.6111	-83.1694	outside_boundary_exact	North Carolina, Haywood County	Great Smoky Mountains National Park, along Balsam Mountain Road (gravel) 1.5 mi S of Palmer Creek trailhead	https://lichenportal.org/portal/collections/individual/index.php?occid=3236161
3239930	NY	1107192	J. C. Lendemer	19150	0.61	72.47	North Carolina	Swain Co.	35.6111	-83.1694	outside_boundary_exact	North Carolina, Haywood County	Great Smoky Mountains National Park, along Balsam Mountain Road (gravel) 1.5 mi S of Palmer Creek trailhead	https://lichenportal.org/portal/collections/individual/index.php?occid=3239930
3240527	NY	1107195	J. C. Lendemer	19147	0.61	72.47	North Carolina	Swain Co.	35.6111	-83.1694	outside_boundary_exact	North Carolina, Haywood County	Great Smoky Mountains National Park, along Balsam Mountain Road (gravel) 1.5 mi S of Palmer Creek trailhead	https://lichenportal.org/portal/collections/individual/index.php?occid=3240527
1238390	NY	1655613	J. K. Small	221	0.54	31.68	North Carolina	Watauga Co.	36.1136	-81.6611	outside_boundary_exact	North Carolina, Caldwell County	Blowing Rock Mt.	https://lichenportal.org/portal/collections/individual/index.php?occid=1238390
3216669	NY	1593394	J. P. Dey	3707A	0.52	58.2	North Carolina	Haywood Co.	35.7061	-83.2631	outside_boundary_exact	Tennessee, Sevier County	Great Smoky Mountains National Park, Inadu Knob, along the Appalachian Trail	https://lichenportal.org/portal/collections/individual/index.php?occid=3216669
3227806	NY	1231119	J. P. Dey	3713	0.52	58.2	North Carolina	Haywood Co.	35.7061	-83.2631	outside_boundary_exact	Tennessee, Sevier County	Great Smoky Mountains National Park, Inadu Knob, along the Appalachian Trail	https://lichenportal.org/portal/collections/individual/index.php?occid=3227806
3228668	NY	1226961	J. P. Dey	3702	0.52	58.2	North Carolina	Haywood Co.	35.7061	-83.2631	outside_boundary_exact	Tennessee, Sevier County	Great Smoky Mountains National Park, Inadu Knob, along the Appalachian Trail	https://lichenportal.org/portal/collections/individual/index.php?occid=3228668
3230894	NY	1227258	J. P. Dey	3718	0.52	58.2	North Carolina	Haywood Co.	35.7061	-83.2631	outside_boundary_exact	Tennessee, Sevier County	Great Smoky Mountains National Park, Inadu Knob, along the Appalachian Trail	https://lichenportal.org/portal/collections/individual/index.php?occid=3230894
3233525	NY	1227741	J. P. Dey	3724	0.52	58.2	North Carolina	Haywood Co.	35.7061	-83.2631	outside_boundary_exact	Tennessee, Sevier County	Great Smoky Mountains National Park, Inadu Knob, along the Appalachian Trail	https://lichenportal.org/portal/collections/individual/index.php?occid=3233525
3234111	NY	1593410	J. P. Dey	3707	0.52	58.2	North Carolina	Haywood Co.	35.7061	-83.2631	outside_boundary_exact	Tennessee, Sevier County	Great Smoky Mountains National Park, Inadu Knob, along the Appalachian Trail	https://lichenportal.org/portal/collections/individual/index.php?occid=3234111
3234193	NY	1226989	J. P. Dey	3703	0.52	58.2	North Carolina	Haywood Co.	35.7061	-83.2631	outside_boundary_exact	Tennessee, Sevier County	Great Smoky Mountains National Park, Inadu Knob, along the Appalachian Trail	https://lichenportal.org/portal/collections/individual/index.php?occid=3234193
3234871	NY	1230320	J. P. Dey	3690	0.52	58.2	North Carolina	Haywood Co.	35.7061	-83.2631	outside_boundary_exact	Tennessee, Sevier County	Great Smoky Mountains National Park, Inadu Knob, along the Appalachian Trail	https://lichenportal.org/portal/collections/individual/index.php?occid=3234871
3237354	NY	1225561	J. P. Dey	3697	0.52	58.2	North Carolina	Haywood Co.	35.7061	-83.2631	outside_boundary_exact	Tennessee, Sevier County	Great Smoky Mountains National Park, Inadu Knob, along the Appalachian Trail	https://lichenportal.org/portal/collections/individual/index.php?occid=3237354
3237773	NY	1226053	J. P. Dey	3711	0.52	58.2	North Carolina	Haywood Co.	35.7061	-83.2631	outside_boundary_exact	Tennessee, Sevier County	Great Smoky Mountains National Park, Inadu Knob, along the Appalachian Trail	https://lichenportal.org/portal/collections/individual/index.php?occid=3237773
3238273	NY	1230342	J. P. Dey	3965	0.52	58.2	North Carolina	Haywood Co.	35.7061	-83.2631	outside_boundary_exact	Tennessee, Sevier County	Great Smoky Mountains National Park, Inadu Knob, along the Appalachian Trail	https://lichenportal.org/portal/collections/individual/index.php?occid=3238273
3238415	NY	1230270	J. P. Dey	3721	0.52	58.2	North Carolina	Haywood Co.	35.7061	-83.2631	outside_boundary_exact	Tennessee, Sevier County	Great Smoky Mountains National Park, Inadu Knob, along the Appalachian Trail	https://lichenportal.org/portal/collections/individual/index.php?occid=3238415
3238416	NY	1230400	J. P. Dey	3723	0.52	58.2	North Carolina	Haywood Co.	35.7061	-83.2631	outside_boundary_exact	Tennessee, Sevier County	Great Smoky Mountains National Park, Inadu Knob, along the Appalachian Trail	https://lichenportal.org/portal/collections/individual/index.php?occid=3238416
3238435	NY	1230265	J. P. Dey	3722	0.52	58.2	North Carolina	Haywood Co.	35.7061	-83.2631	outside_boundary_exact	Tennessee, Sevier County	Great Smoky Mountains National Park, Inadu Knob, along the Appalachian Trail	https://lichenportal.org/portal/collections/individual/index.php?occid=3238435
3239239	NY	1230714	J. P. Dey	3728	0.52	58.2	North Carolina	Haywood Co.	35.7061	-83.2631	outside_boundary_exact	Tennessee, Sevier County	Great Smoky Mountains National Park, Inadu Knob, along the Appalachian Trail	https://lichenportal.org/portal/collections/individual/index.php?occid=3239239
3239240	NY	1230724	J. P. Dey	3700	0.52	58.2	North Carolina	Haywood Co.	35.7061	-83.2631	outside_boundary_exact	Tennessee, Sevier County	Great Smoky Mountains National Park, Inadu Knob, along the Appalachian Trail	https://lichenportal.org/portal/collections/individual/index.php?occid=3239240
3239330	NY	1230659	J. P. Dey	3726	0.52	58.2	North Carolina	Haywood Co.	35.7061	-83.2631	outside_boundary_exact	Tennessee, Sevier County	Great Smoky Mountains National Park, Inadu Knob, along the Appalachian Trail	https://lichenportal.org/portal/collections/individual/index.php?occid=3239330
3249346	NY	03034959	J. P. Dey	3720	0.52	58.2	North Carolina	Haywood Co.	35.7061	-83.2631	outside_boundary_exact	Tennessee, Sevier County	Great Smoky Mountains National Park, Inadu Knob, along the Appalachian Trail	https://lichenportal.org/portal/collections/individual/index.php?occid=3249346
3249678	NY	1750060	J. P. Dey	3719	0.52	58.2	North Carolina	Haywood Co.	35.7061	-83.2631	outside_boundary_exact	Tennessee, Sevier County	Great Smoky Mountains National Park, Inadu Knob, along the Appalachian Trail	https://lichenportal.org/portal/collections/individual/index.php?occid=3249678
4979307	NY	02690519	J. P. Dey	3708	0.52	58.2	North Carolina	Haywood Co.	35.7061	-83.2631	outside_boundary_exact	Tennessee, Sevier County	Great Smoky Mountains National Park, Inadu Knob, along the Appalachian Trail	https://lichenportal.org/portal/collections/individual/index.php?occid=4979307
965703	NY	1489078	J. C. Lendemer	7928	0.46	41.33	North Carolina	Clay Co.	35.0628	-83.5583	outside_boundary_exact	North Carolina, Macon County	Standing Indian Wildlife Management Area, Forest Service Road #71 and Park Ridge Trail, Park Ridge between Chunky Gal Mountain and Yellow Mountain.	https://lichenportal.org/portal/collections/individual/index.php?occid=965703
1060681	NY	1562845	J. C. Lendemer	7933	0.46	41.33	North Carolina	Clay Co.	35.0628	-83.5583	outside_boundary_exact	North Carolina, Macon County	Standing Indian Wildlife Management Area, Forest Service Road #71 and Park Ridge Trail, Park Ridge between Chunky Gal Mountain and Yellow Mountain.	https://lichenportal.org/portal/collections/individual/index.php?occid=1060681
1238926	NY	1656153	J. C. Lendemer	7929	0.46	41.33	North Carolina	Clay Co.	35.0628	-83.5583	outside_boundary_exact	North Carolina, Macon County	Standing Indian Wildlife Management Area, Forest Service Road #71 and Park Ridge Trail, Park Ridge between Chunky Gal Mountain and Yellow Mountain.	https://lichenportal.org/portal/collections/individual/index.php?occid=1238926
3251626	NY	2357640	J. C. Lendemer	7903	0.46	41.33	North Carolina	Clay Co.	35.0628	-83.5583	outside_boundary_exact	North Carolina, Macon County	Standing Indian Wildlife Management Area, Forest Service Road #71 and Park Ridge Trail, Park Ridge between Chunky Gal Mountain and Yellow Mountain.	https://lichenportal.org/portal/collections/individual/index.php?occid=3251626
3251627	NY	02794553	J. C. Lendemer	7903	0.46	41.33	North Carolina	Clay Co.	35.0628	-83.5583	outside_boundary_exact	North Carolina, Macon County	Standing Indian Wildlife Management Area, Forest Service Road #71 and Park Ridge Trail, Park Ridge between Chunky Gal Mountain and Yellow Mountain.	https://lichenportal.org/portal/collections/individual/index.php?occid=3251627
3582639	NY	03723015	J. C. Lendemer	7904	0.46	41.33	North Carolina	Clay Co.	35.0628	-83.5583	outside_boundary_exact	North Carolina, Macon County	Standing Indian Wildlife Management Area, Forest Service Road #71 and Park Ridge Trail, Park Ridge between Chunky Gal Mountain and Yellow Mountain.	https://lichenportal.org/portal/collections/individual/index.php?occid=3582639
5401001	NY	04286777	J. C. Lendemer	7901	0.46	41.33	North Carolina	Clay Co.	35.0628	-83.5583	outside_boundary_exact	North Carolina, Macon County	Standing Indian Wildlife Management Area, Forest Service Road #71 and Park Ridge Trail, Park Ridge between Chunky Gal Mountain and Yellow Mountain.	https://lichenportal.org/portal/collections/individual/index.php?occid=5401001
1050857	NY	1546098	R. C. Harris	41156	0.45	43.35	North Carolina	Macon Co.	35.07	-83.58	outside_boundary_exact	North Carolina, Clay County	Nantahala National Forest, vicinity of Park Creek Trailhead	https://lichenportal.org/portal/collections/individual/index.php?occid=1050857
1050858	NY	1546099	R. C. Harris	41169	0.45	43.35	North Carolina	Macon Co.	35.07	-83.58	outside_boundary_exact	North Carolina, Clay County	Nantahala National Forest, vicinity of Park Creek Trailhead	https://lichenportal.org/portal/collections/individual/index.php?occid=1050858
959953	NY	1399057	William R. Buck	17742	0.38	59.98	North Carolina	Jackson	35	-83.1	outside_boundary_exact	South Carolina, Oconee County	NantahalaNationalForest, Ellicott's Rock Trail from Fowler Creek to Chattooga River.	https://lichenportal.org/portal/collections/individual/index.php?occid=959953
1037815	NY	1541751	W. R. Buck	17746	0.35	59.94	North Carolina	Jackson Co.	35.0003	-83.1	outside_boundary_exact	South Carolina, Oconee County	Nantahala National Forest, Ellicott's Rock Trail from Fowler Creek to Chattooga River	https://lichenportal.org/portal/collections/individual/index.php?occid=1037815
1303034	NY	1705366	Richard C. Harris	41020	0.32	41.88	North Carolina	Graham	35.333333	-84.033333	outside_boundary_exact	Tennessee, Monroe County	Nantahala Natiolial Forest, Cherohala Skyway [NC 143], Stratton Ridge, 1348 m	https://lichenportal.org/portal/collections/individual/index.php?occid=1303034
3230861	NY	1685147	E. A. Tripp	2510	0.31	72.23	North Carolina	Swain Co.	35.6125	-83.1725	outside_boundary_exact	North Carolina, Haywood County	Great Smoky Mountains National Park, trail from Heintooga Road to Spruce Mountain and ~0.5 miles off trail towards Spruce Mountain and towards Mt. Chiltoes	https://lichenportal.org/portal/collections/individual/index.php?occid=3230861
3231299	NY	1685144	E. A. Tripp	2511	0.31	72.23	North Carolina	Swain Co.	35.6125	-83.1725	outside_boundary_exact	North Carolina, Haywood County	Great Smoky Mountains National Park, trail from Heintooga Road to Spruce Mountain and ~0.5 miles off trail towards Spruce Mountain and towards Mt. Chiltoes	https://lichenportal.org/portal/collections/individual/index.php?occid=3231299
3231999	NY	1685153	E. A. Tripp	2523	0.31	72.23	North Carolina	Swain Co.	35.6125	-83.1725	outside_boundary_exact	North Carolina, Haywood County	Great Smoky Mountains National Park, trail from Heintooga Road to Spruce Mountain and ~0.5 miles off trail towards Spruce Mountain and towards Mt. Chiltoes	https://lichenportal.org/portal/collections/individual/index.php?occid=3231999
3232322	NY	1685163	E. A. Tripp	2505	0.31	72.23	North Carolina	Swain Co.	35.6125	-83.1725	outside_boundary_exact	North Carolina, Haywood County	Great Smoky Mountains National Park, trail from Heintooga Road to Spruce Mountain and ~0.5 miles off trail towards Spruce Mountain and towards Mt. Chiltoes	https://lichenportal.org/portal/collections/individual/index.php?occid=3232322
3232362	NY	1685162	E. A. Tripp	2504	0.31	72.23	North Carolina	Swain Co.	35.6125	-83.1725	outside_boundary_exact	North Carolina, Haywood County	Great Smoky Mountains National Park, trail from Heintooga Road to Spruce Mountain and ~0.5 miles off trail towards Spruce Mountain and towards Mt. Chiltoes	https://lichenportal.org/portal/collections/individual/index.php?occid=3232362
3235010	NY	1685148	E. A. Tripp	2521	0.31	72.23	North Carolina	Swain Co.	35.6125	-83.1725	outside_boundary_exact	North Carolina, Haywood County	Great Smoky Mountains National Park, trail from Heintooga Road to Spruce Mountain and ~0.5 miles off trail towards Spruce Mountain and towards Mt. Chiltoes	https://lichenportal.org/portal/collections/individual/index.php?occid=3235010
3235095	NY	1685154	E. A. Tripp	2518	0.31	72.23	North Carolina	Swain Co.	35.6125	-83.1725	outside_boundary_exact	North Carolina, Haywood County	Great Smoky Mountains National Park, trail from Heintooga Road to Spruce Mountain and ~0.5 miles off trail towards Spruce Mountain and towards Mt. Chiltoes	https://lichenportal.org/portal/collections/individual/index.php?occid=3235095
3235183	NY	1685151	E. A. Tripp	2501	0.31	72.23	North Carolina	Swain Co.	35.6125	-83.1725	outside_boundary_exact	North Carolina, Haywood County	Great Smoky Mountains National Park, trail from Heintooga Road to Spruce Mountain and ~0.5 miles off trail towards Spruce Mountain and towards Mt. Chiltoes	https://lichenportal.org/portal/collections/individual/index.php?occid=3235183
3235184	NY	1685164	E. A. Tripp	2523	0.31	72.23	North Carolina	Swain Co.	35.6125	-83.1725	outside_boundary_exact	North Carolina, Haywood County	Great Smoky Mountains National Park, trail from Heintooga Road to Spruce Mountain and ~0.5 miles off trail towards Spruce Mountain and towards Mt. Chiltoes	https://lichenportal.org/portal/collections/individual/index.php?occid=3235184
3236098	NY	1685161	E. A. Tripp	2509	0.31	72.23	North Carolina	Swain Co.	35.6125	-83.1725	outside_boundary_exact	North Carolina, Haywood County	Great Smoky Mountains National Park, trail from Heintooga Road to Spruce Mountain and ~0.5 miles off trail towards Spruce Mountain and towards Mt. Chiltoes	https://lichenportal.org/portal/collections/individual/index.php?occid=3236098
3236323	NY	1685155	E. A. Tripp	2516	0.31	72.23	North Carolina	Swain Co.	35.6125	-83.1725	outside_boundary_exact	North Carolina, Haywood County	Great Smoky Mountains National Park, trail from Heintooga Road to Spruce Mountain and ~0.5 miles off trail towards Spruce Mountain and towards Mt. Chiltoes	https://lichenportal.org/portal/collections/individual/index.php?occid=3236323
3237030	NY	1685149	E. A. Tripp	2517	0.31	72.23	North Carolina	Swain Co.	35.6125	-83.1725	outside_boundary_exact	North Carolina, Haywood County	Great Smoky Mountains National Park, trail from Heintooga Road to Spruce Mountain and ~0.5 miles off trail towards Spruce Mountain and towards Mt. Chiltoes	https://lichenportal.org/portal/collections/individual/index.php?occid=3237030
3237586	NY	1685156	E. A. Tripp	2522	0.31	72.23	North Carolina	Swain Co.	35.6125	-83.1725	outside_boundary_exact	North Carolina, Haywood County	Great Smoky Mountains National Park, trail from Heintooga Road to Spruce Mountain and ~0.5 miles off trail towards Spruce Mountain and towards Mt. Chiltoes	https://lichenportal.org/portal/collections/individual/index.php?occid=3237586
3238038	NY	1685157	E. A. Tripp	2515	0.31	72.23	North Carolina	Swain Co.	35.6125	-83.1725	outside_boundary_exact	North Carolina, Haywood County	Great Smoky Mountains National Park, trail from Heintooga Road to Spruce Mountain and ~0.5 miles off trail towards Spruce Mountain and towards Mt. Chiltoes	https://lichenportal.org/portal/collections/individual/index.php?occid=3238038
3238118	NY	1685158	E. A. Tripp	2507	0.31	72.23	North Carolina	Swain Co.	35.6125	-83.1725	outside_boundary_exact	North Carolina, Haywood County	Great Smoky Mountains National Park, trail from Heintooga Road to Spruce Mountain and ~0.5 miles off trail towards Spruce Mountain and towards Mt. Chiltoes	https://lichenportal.org/portal/collections/individual/index.php?occid=3238118
3239291	NY	1685150	E. A. Tripp	2514	0.31	72.23	North Carolina	Swain Co.	35.6125	-83.1725	outside_boundary_exact	North Carolina, Haywood County	Great Smoky Mountains National Park, trail from Heintooga Road to Spruce Mountain and ~0.5 miles off trail towards Spruce Mountain and towards Mt. Chiltoes	https://lichenportal.org/portal/collections/individual/index.php?occid=3239291
3239334	NY	1685160	E. A. Tripp	2506	0.31	72.23	North Carolina	Swain Co.	35.6125	-83.1725	outside_boundary_exact	North Carolina, Haywood County	Great Smoky Mountains National Park, trail from Heintooga Road to Spruce Mountain and ~0.5 miles off trail towards Spruce Mountain and towards Mt. Chiltoes	https://lichenportal.org/portal/collections/individual/index.php?occid=3239334
3239509	NY	1685146	E. A. Tripp	2503	0.31	72.23	North Carolina	Swain Co.	35.6125	-83.1725	outside_boundary_exact	North Carolina, Haywood County	Great Smoky Mountains National Park, trail from Heintooga Road to Spruce Mountain and ~0.5 miles off trail towards Spruce Mountain and towards Mt. Chiltoes	https://lichenportal.org/portal/collections/individual/index.php?occid=3239509
3239753	NY	1685159	E. A. Tripp	2520	0.31	72.23	North Carolina	Swain Co.	35.6125	-83.1725	outside_boundary_exact	North Carolina, Haywood County	Great Smoky Mountains National Park, trail from Heintooga Road to Spruce Mountain and ~0.5 miles off trail towards Spruce Mountain and towards Mt. Chiltoes	https://lichenportal.org/portal/collections/individual/index.php?occid=3239753
3240059	NY	1685145	E. A. Tripp	2530	0.31	72.23	North Carolina	Swain Co.	35.6125	-83.1725	outside_boundary_exact	North Carolina, Haywood County	Great Smoky Mountains National Park, trail from Heintooga Road to Spruce Mountain and ~0.5 miles off trail towards Spruce Mountain and towards Mt. Chiltoes	https://lichenportal.org/portal/collections/individual/index.php?occid=3240059
3246823	NY	1685152	E. A. Tripp	2513	0.31	72.23	North Carolina	Swain Co.	35.6125	-83.1725	outside_boundary_exact	North Carolina, Haywood County	Great Smoky Mountains National Park, trail from Heintooga Road to Spruce Mountain and ~0.5 miles off trail towards Spruce Mountain and towards Mt. Chiltoes	https://lichenportal.org/portal/collections/individual/index.php?occid=3246823
3253928	NY	1685142	E. A. Tripp	2512	0.31	72.23	North Carolina	Swain Co.	35.6125	-83.1725	outside_boundary_exact	North Carolina, Haywood County	Great Smoky Mountains National Park, trail from Heintooga Road to Spruce Mountain and ~0.5 miles off trail towards Spruce Mountain and towards Mt. Chiltoes	https://lichenportal.org/portal/collections/individual/index.php?occid=3253928
883320	NY	1152531	R. C. Harris	13600	0.28	56.92	North Carolina	Haywood Co.	35.3028	-82.8958	outside_boundary_exact	North Carolina, Transylvania County	Haywood/Transvylvania Cos. Devil's Courthouse, Blue Ridge Parkway mile 422.4	https://lichenportal.org/portal/collections/individual/index.php?occid=883320
884168	NY	1217804	R. C. Harris	13595	0.28	56.92	North Carolina	Haywood Co.	35.3028	-82.8958	outside_boundary_exact	North Carolina, Transylvania County	Haywood/Transvylvania Cos. Devil's Courthouse, Blue Ridge Parkway mile 422.4	https://lichenportal.org/portal/collections/individual/index.php?occid=884168
957158	NY	1410463	R. C. Harris	NA	0.28	56.92	North Carolina	Haywood Co.	35.3028	-82.8958	outside_boundary_exact	North Carolina, Transylvania County	Haywood/Transvylvania Cos. Devil's Courthouse, Blue Ridge Parkway mile 422.4	https://lichenportal.org/portal/collections/individual/index.php?occid=957158
960577	NY	1406392	R. C. Harris	13602	0.28	56.92	North Carolina	Haywood Co.	35.3028	-82.8958	outside_boundary_exact	North Carolina, Transylvania County	Haywood/Transvylvania Cos. Devil's Courthouse, Blue Ridge Parkway mile 422.4	https://lichenportal.org/portal/collections/individual/index.php?occid=960577
963948	NY	1394167	L. Brako	2648b	0.28	56.92	North Carolina	Haywood Co.	35.3028	-82.8958	outside_boundary_exact	North Carolina, Transylvania County	Haywood/Transvylvania Cos. Devil's Courthouse, Blue Ridge Parkway mile 422.4	https://lichenportal.org/portal/collections/individual/index.php?occid=963948
965229	NY	1488599	L. Brako	2665	0.28	56.92	North Carolina	Haywood Co.	35.3028	-82.8958	outside_boundary_exact	North Carolina, Transylvania County	Haywood/Transvylvania Cos. Devil's Courthouse, Blue Ridge Parkway mile 422.4	https://lichenportal.org/portal/collections/individual/index.php?occid=965229
1005443	NY	1517367	R. C. Harris	13591	0.28	56.92	North Carolina	Haywood Co.	35.3028	-82.8958	outside_boundary_exact	North Carolina, Transylvania County	Haywood/Transvylvania Cos. Devil's Courthouse, Blue Ridge Parkway mile 422.4	https://lichenportal.org/portal/collections/individual/index.php?occid=1005443
1008019	NY	1518660	L. Brako	2634	0.28	56.92	North Carolina	Haywood Co.	35.3028	-82.8958	outside_boundary_exact	North Carolina, Transylvania County	Haywood/Transvylvania Cos. Devil's Courthouse, Blue Ridge Parkway mile 422.4	https://lichenportal.org/portal/collections/individual/index.php?occid=1008019
1008632	NY	1519280	L. Brako	2654	0.28	56.92	North Carolina	Haywood Co.	35.3028	-82.8958	outside_boundary_exact	North Carolina, Transylvania County	Haywood/Transvylvania Cos. Devil's Courthouse, Blue Ridge Parkway mile 422.4	https://lichenportal.org/portal/collections/individual/index.php?occid=1008632
1008633	NY	1519281	L. Brako	2649	0.28	56.92	North Carolina	Haywood Co.	35.3028	-82.8958	outside_boundary_exact	North Carolina, Transylvania County	Haywood/Transvylvania Cos. Devil's Courthouse, Blue Ridge Parkway mile 422.4	https://lichenportal.org/portal/collections/individual/index.php?occid=1008633
1039502	NY	1543447	L. Brako	2628	0.28	56.92	North Carolina	Haywood Co.	35.3028	-82.8958	outside_boundary_exact	North Carolina, Transylvania County	Haywood/Transvylvania Cos. Devil's Courthouse, Blue Ridge Parkway mile 422.4	https://lichenportal.org/portal/collections/individual/index.php?occid=1039502
1050839	NY	1546080	R. C. Harris	13598	0.28	56.92	North Carolina	Haywood Co.	35.3028	-82.8958	outside_boundary_exact	North Carolina, Transylvania County	Haywood/Transvylvania Cos. Devil's Courthouse, Blue Ridge Parkway mile 422.4	https://lichenportal.org/portal/collections/individual/index.php?occid=1050839
1050861	NY	1546102	L. Brako	2641	0.28	56.92	North Carolina	Haywood Co.	35.3028	-82.8958	outside_boundary_exact	North Carolina, Transylvania County	Haywood/Transvylvania Cos. Devil's Courthouse, Blue Ridge Parkway mile 422.4	https://lichenportal.org/portal/collections/individual/index.php?occid=1050861
1050862	NY	1546103	L. Brako	2664	0.28	56.92	North Carolina	Haywood Co.	35.3028	-82.8958	outside_boundary_exact	North Carolina, Transylvania County	Haywood/Transvylvania Cos. Devil's Courthouse, Blue Ridge Parkway mile 422.4	https://lichenportal.org/portal/collections/individual/index.php?occid=1050862
1052109	NY	1547962	L. Brako	2642	0.28	56.92	North Carolina	Haywood Co.	35.3028	-82.8958	outside_boundary_exact	North Carolina, Transylvania County	Haywood/Transvylvania Cos. Devil's Courthouse, Blue Ridge Parkway mile 422.4	https://lichenportal.org/portal/collections/individual/index.php?occid=1052109
1052112	NY	1547965	R. C. Harris	13589A	0.28	56.92	North Carolina	Haywood Co.	35.3028	-82.8958	outside_boundary_exact	North Carolina, Transylvania County	Haywood/Transvylvania Cos. Devil's Courthouse, Blue Ridge Parkway mile 422.4	https://lichenportal.org/portal/collections/individual/index.php?occid=1052112
1052114	NY	1547967	R. C. Harris	13605	0.28	56.92	North Carolina	Haywood Co.	35.3028	-82.8958	outside_boundary_exact	North Carolina, Transylvania County	Haywood/Transvylvania Cos. Devil's Courthouse, Blue Ridge Parkway mile 422.4	https://lichenportal.org/portal/collections/individual/index.php?occid=1052114
1052464	NY	1548320	R. C. Harris	13589B	0.28	56.92	North Carolina	Haywood Co.	35.3028	-82.8958	outside_boundary_exact	North Carolina, Transylvania County	Haywood/Transvylvania Cos. Devil's Courthouse, Blue Ridge Parkway mile 422.4	https://lichenportal.org/portal/collections/individual/index.php?occid=1052464
1086357	NY	1569255	L. Brako	2662	0.28	56.92	North Carolina	Haywood Co.	35.3028	-82.8958	outside_boundary_exact	North Carolina, Transylvania County	Haywood/Transvylvania Cos. Devil's Courthouse, Blue Ridge Parkway mile 422.4	https://lichenportal.org/portal/collections/individual/index.php?occid=1086357
1086359	NY	1569257	L. Brako	2648A	0.28	56.92	North Carolina	Haywood Co.	35.3028	-82.8958	outside_boundary_exact	North Carolina, Transylvania County	Haywood/Transvylvania Cos. Devil's Courthouse, Blue Ridge Parkway mile 422.4	https://lichenportal.org/portal/collections/individual/index.php?occid=1086359
1087512	NY	1570424	L. Brako	2657b	0.28	56.92	North Carolina	Haywood Co.	35.3028	-82.8958	outside_boundary_exact	North Carolina, Transylvania County	Haywood/Transvylvania Cos. Devil's Courthouse, Blue Ridge Parkway mile 422.4	https://lichenportal.org/portal/collections/individual/index.php?occid=1087512
1352965	NY	1707331	R. C. Harris	13599	0.28	56.92	North Carolina	Haywood Co.	35.3028	-82.8958	outside_boundary_exact	North Carolina, Transylvania County	Haywood/Transvylvania Cos. Devil's Courthouse, Blue Ridge Parkway mile 422.4	https://lichenportal.org/portal/collections/individual/index.php?occid=1352965
3232116	NY	1232537	R. C. Harris	13603	0.28	56.92	North Carolina	Haywood Co.	35.3028	-82.8958	outside_boundary_exact	North Carolina, Transylvania County	Haywood/Transvylvania Cos. Devil's Courthouse, Blue Ridge Parkway mile 422.4	https://lichenportal.org/portal/collections/individual/index.php?occid=3232116
3237942	NY	1569238	R. S. Egan	12491	0.28	56.92	North Carolina	Haywood Co.	35.3028	-82.8958	outside_boundary_exact	North Carolina, Transylvania County	Haywood/Transvylvania Cos. Devil's Courthouse, Blue Ridge Parkway mile 422.4	https://lichenportal.org/portal/collections/individual/index.php?occid=3237942
3238964	NY	02391769	R. C. Harris	13589C	0.28	56.92	North Carolina	Haywood Co.	35.3028	-82.8958	outside_boundary_exact	North Carolina, Transylvania County	Haywood/Transvylvania Cos. Devil's Courthouse, Blue Ridge Parkway mile 422.4	https://lichenportal.org/portal/collections/individual/index.php?occid=3238964
3586242	NY	04116307	R. C. Harris	13604	0.28	56.92	North Carolina	Haywood Co.	35.3028	-82.8958	outside_boundary_exact	North Carolina, Transylvania County	Haywood/Transvylvania Cos. Devil's Courthouse, Blue Ridge Parkway mile 422.4	https://lichenportal.org/portal/collections/individual/index.php?occid=3586242
895995	NY	1364463	J. C. Lendemer	3621	0.23	88.14	North Carolina	Carteret Co.	34.8292	-76.9392	outside_boundary_exact	North Carolina, Craven County	Croatan National Forest, Pocosin Wilderness, on east side of River Road (SR #1756), ca. 2.5 miles southwest of Havelock	https://lichenportal.org/portal/collections/individual/index.php?occid=895995
937036	NY	1364221	J. C. Lendemer	3622	0.23	88.14	North Carolina	Carteret Co.	34.8292	-76.9392	outside_boundary_exact	North Carolina, Craven County	Croatan National Forest, Pocosin Wilderness, on east side of River Road (SR #1756), ca. 2.5 miles southwest of Havelock	https://lichenportal.org/portal/collections/individual/index.php?occid=937036
1087654	NY	1570569	J. C. Lendemer	3572	0.23	88.14	North Carolina	Carteret Co.	34.8292	-76.9392	outside_boundary_exact	North Carolina, Craven County	Croatan National Forest, Pocosin Wilderness, on east side of River Road (SR #1756), ca. 2.5 miles southwest of Havelock	https://lichenportal.org/portal/collections/individual/index.php?occid=1087654
1238315	NY	1655537	J. C. Lendemer	3652	0.23	88.14	North Carolina	Carteret Co.	34.8292	-76.9392	outside_boundary_exact	North Carolina, Craven County	on east side of River Road (SR #1756), ca. 2.5 miles southwest of Havelock, Pocosin Wilderness, Croatan National Forest	https://lichenportal.org/portal/collections/individual/index.php?occid=1238315
1238807	NY	1656033	J. C. Lendemer	3648	0.23	88.14	North Carolina	Carteret Co.	34.8292	-76.9392	outside_boundary_exact	North Carolina, Craven County	on east side of River Road (SR #1756), ca. 2.5 miles southwest of Havelock, Pocosin Wilderness, Croatan National Forest	https://lichenportal.org/portal/collections/individual/index.php?occid=1238807
5402316	NY	1655536	J. C. Lendemer	3651	0.23	88.14	North Carolina	Carteret Co.	34.8292	-76.9392	outside_boundary_exact	North Carolina, Craven County	on east side of River Road (SR #1756), ca. 2.5 miles southwest of Havelock, Pocosin Wilderness, Croatan National Forest	https://lichenportal.org/portal/collections/individual/index.php?occid=5402316
3186239	NY	1231523	J. P. Dey	3603	0.19	50.73	North Carolina	Haywood Co.	35.6706	-83.1869	outside_boundary_exact	North Carolina, Swain County	Great Smoky Mountains National Park, Big Cataloochie	https://lichenportal.org/portal/collections/individual/index.php?occid=3186239
3202920	NY	1716425	J. P. Dey	3596	0.19	50.73	North Carolina	Haywood Co.	35.6706	-83.1869	outside_boundary_exact	North Carolina, Swain County	Great Smoky Mountains National Park, Big Cataloochie	https://lichenportal.org/portal/collections/individual/index.php?occid=3202920
3203093	NY	1224936	J. P. Dey	3640	0.19	50.73	North Carolina	Haywood Co.	35.6706	-83.1869	outside_boundary_exact	North Carolina, Swain County	Great Smoky Mountains National Park, Big Cataloochie	https://lichenportal.org/portal/collections/individual/index.php?occid=3203093
3223306	NY	1229658	J. P. Dey	3648	0.19	50.73	North Carolina	Haywood Co.	35.6706	-83.1869	outside_boundary_exact	North Carolina, Swain County	Great Smoky Mountains National Park, Big Cataloochie	https://lichenportal.org/portal/collections/individual/index.php?occid=3223306
3225880	NY	1226807	J. P. Dey	3598	0.19	50.73	North Carolina	Haywood Co.	35.6706	-83.1869	outside_boundary_exact	North Carolina, Swain County	Great Smoky Mountains National Park, Big Cataloochie	https://lichenportal.org/portal/collections/individual/index.php?occid=3225880
3228245	NY	1230729	J. P. Dey	3635	0.19	50.73	North Carolina	Haywood Co.	35.6706	-83.1869	outside_boundary_exact	North Carolina, Swain County	Great Smoky Mountains National Park, Big Cataloochie	https://lichenportal.org/portal/collections/individual/index.php?occid=3228245
3228558	NY	1231556	J. P. Dey	3669	0.19	50.73	North Carolina	Haywood Co.	35.6706	-83.1869	outside_boundary_exact	North Carolina, Swain County	Great Smoky Mountains National Park, Big Cataloochie	https://lichenportal.org/portal/collections/individual/index.php?occid=3228558
3228797	NY	1227557	J. P. Dey	3634	0.19	50.73	North Carolina	Haywood Co.	35.6706	-83.1869	outside_boundary_exact	North Carolina, Swain County	Great Smoky Mountains National Park, Big Cataloochie	https://lichenportal.org/portal/collections/individual/index.php?occid=3228797
3230804	NY	1227585	J. P. Dey	3593	0.19	50.73	North Carolina	Haywood Co.	35.6706	-83.1869	outside_boundary_exact	North Carolina, Swain County	Great Smoky Mountains National Park, Big Cataloochie	https://lichenportal.org/portal/collections/individual/index.php?occid=3230804
3230893	NY	1227254	J. P. Dey	3662	0.19	50.73	North Carolina	Haywood Co.	35.6706	-83.1869	outside_boundary_exact	North Carolina, Swain County	Great Smoky Mountains National Park, Big Cataloochie	https://lichenportal.org/portal/collections/individual/index.php?occid=3230893
3231317	NY	1230597	J. P. Dey	3651	0.19	50.73	North Carolina	Haywood Co.	35.6706	-83.1869	outside_boundary_exact	North Carolina, Swain County	Great Smoky Mountains National Park, Big Cataloochie	https://lichenportal.org/portal/collections/individual/index.php?occid=3231317
3232221	NY	1229691	J. P. Dey	3664	0.19	50.73	North Carolina	Haywood Co.	35.6706	-83.1869	outside_boundary_exact	North Carolina, Swain County	Great Smoky Mountains National Park, Big Cataloochie	https://lichenportal.org/portal/collections/individual/index.php?occid=3232221
3233624	NY	1225466	J. P. Dey	3630	0.19	50.73	North Carolina	Haywood Co.	35.6706	-83.1869	outside_boundary_exact	North Carolina, Swain County	Great Smoky Mountains National Park, Big Cataloochie	https://lichenportal.org/portal/collections/individual/index.php?occid=3233624
3233935	NY	1234881	J. P. Dey	3619A	0.19	50.73	North Carolina	Haywood Co.	35.6706	-83.1869	outside_boundary_exact	North Carolina, Swain County	Great Smoky Mountains National Park, Big Cataloochie	https://lichenportal.org/portal/collections/individual/index.php?occid=3233935
3234058	NY	1231761	J. P. Dey	3607	0.19	50.73	North Carolina	Haywood Co.	35.6706	-83.1869	outside_boundary_exact	North Carolina, Swain County	Great Smoky Mountains National Park, Big Cataloochie	https://lichenportal.org/portal/collections/individual/index.php?occid=3234058
3234082	NY	1231575	J. P. Dey	3643	0.19	50.73	North Carolina	Haywood Co.	35.6706	-83.1869	outside_boundary_exact	North Carolina, Swain County	Great Smoky Mountains National Park, Big Cataloochie	https://lichenportal.org/portal/collections/individual/index.php?occid=3234082
3235613	NY	1229701	J. P. Dey	3652	0.19	50.73	North Carolina	Haywood Co.	35.6706	-83.1869	outside_boundary_exact	North Carolina, Swain County	Great Smoky Mountains National Park, Big Cataloochie	https://lichenportal.org/portal/collections/individual/index.php?occid=3235613
3235719	NY	1231585	J. P. Dey	3602	0.19	50.73	North Carolina	Haywood Co.	35.6706	-83.1869	outside_boundary_exact	North Carolina, Swain County	Great Smoky Mountains National Park, Big Cataloochie	https://lichenportal.org/portal/collections/individual/index.php?occid=3235719
3235724	NY	1231770	J. P. Dey	3667	0.19	50.73	North Carolina	Haywood Co.	35.6706	-83.1869	outside_boundary_exact	North Carolina, Swain County	Great Smoky Mountains National Park, Big Cataloochie	https://lichenportal.org/portal/collections/individual/index.php?occid=3235724
3236340	NY	1750062	J. P. Dey	3614	0.19	50.73	North Carolina	Haywood Co.	35.6706	-83.1869	outside_boundary_exact	North Carolina, Swain County	Great Smoky Mountains National Park, Big Cataloochie	https://lichenportal.org/portal/collections/individual/index.php?occid=3236340
3236410	NY	1231796	J. P. Dey	3642	0.19	50.73	North Carolina	Haywood Co.	35.6706	-83.1869	outside_boundary_exact	North Carolina, Swain County	Great Smoky Mountains National Park, Big Cataloochie	https://lichenportal.org/portal/collections/individual/index.php?occid=3236410
3236422	NY	1230728	J. P. Dey	3619	0.19	50.73	North Carolina	Haywood Co.	35.6706	-83.1869	outside_boundary_exact	North Carolina, Swain County	Great Smoky Mountains National Park, Big Cataloochie	https://lichenportal.org/portal/collections/individual/index.php?occid=3236422
3238414	NY	1230269	J. P. Dey	3621	0.19	50.73	North Carolina	Haywood Co.	35.6706	-83.1869	outside_boundary_exact	North Carolina, Swain County	Great Smoky Mountains National Park, Big Cataloochie	https://lichenportal.org/portal/collections/individual/index.php?occid=3238414
3238689	NY	1226006	J. P. Dey	3616	0.19	50.73	North Carolina	Haywood Co.	35.6706	-83.1869	outside_boundary_exact	North Carolina, Swain County	Great Smoky Mountains National Park, Big Cataloochie	https://lichenportal.org/portal/collections/individual/index.php?occid=3238689
3239238	NY	1230710	J. P. Dey	3592	0.19	50.73	North Carolina	Haywood Co.	35.6706	-83.1869	outside_boundary_exact	North Carolina, Swain County	Great Smoky Mountains National Park, Big Cataloochie	https://lichenportal.org/portal/collections/individual/index.php?occid=3239238
3239329	NY	1230660	J. P. Dey	3599	0.19	50.73	North Carolina	Haywood Co.	35.6706	-83.1869	outside_boundary_exact	North Carolina, Swain County	Great Smoky Mountains National Park, Big Cataloochie	https://lichenportal.org/portal/collections/individual/index.php?occid=3239329
3240775	NY	2794220	J. P. Dey	3663	0.19	50.73	North Carolina	Haywood Co.	35.6706	-83.1869	outside_boundary_exact	North Carolina, Swain County	Great Smoky Mountains National Park, Big Cataloochie	https://lichenportal.org/portal/collections/individual/index.php?occid=3240775
3240778	NY	2794228	J. P. Dey	3658	0.19	50.73	North Carolina	Haywood Co.	35.6706	-83.1869	outside_boundary_exact	North Carolina, Swain County	Great Smoky Mountains National Park, Big Cataloochie	https://lichenportal.org/portal/collections/individual/index.php?occid=3240778
4979311	NY	02690523	J. P. Dey	3595	0.19	50.73	North Carolina	Haywood Co.	35.6706	-83.1869	outside_boundary_exact	North Carolina, Swain County	Great Smoky Mountains National Park, Big Cataloochie	https://lichenportal.org/portal/collections/individual/index.php?occid=4979311
864666	NY	974480	R. C. Harris	41165	0.16	42.46	North Carolina	Macon Co.	35.07	-83.57	outside_boundary_exact	North Carolina, Clay County	Nantahala National Forest, vicinity of Park Creek Trailhead	https://lichenportal.org/portal/collections/individual/index.php?occid=864666
955508	NY	1408760	R. C. Harris	41168	0.16	42.46	North Carolina	Macon Co.	35.07	-83.57	outside_boundary_exact	North Carolina, Clay County	Nantahala National Forest, vicinity of Park Creek Trailhead	https://lichenportal.org/portal/collections/individual/index.php?occid=955508
956133	NY	1409385	R. C. Harris	41172	0.16	42.46	North Carolina	Macon Co.	35.07	-83.57	outside_boundary_exact	North Carolina, Clay County	Nantahala National Forest, vicinity of Park Creek Trailhead	https://lichenportal.org/portal/collections/individual/index.php?occid=956133
956485	NY	1409747	W. R. Buck	32624	0.16	42.46	North Carolina	Macon Co.	35.07	-83.57	outside_boundary_exact	North Carolina, Clay County	Nantahala National Forest, vicinity of Park Creek Trailhead	https://lichenportal.org/portal/collections/individual/index.php?occid=956485
956702	NY	1409968	W. R. Buck	32624A	0.16	42.46	North Carolina	Macon Co.	35.07	-83.57	outside_boundary_exact	North Carolina, Clay County	Nantahala National Forest, vicinity of Park Creek Trailhead	https://lichenportal.org/portal/collections/individual/index.php?occid=956702
1006374	NY	1518344	W. R. Buck	32638	0.16	42.46	North Carolina	Macon Co.	35.07	-83.57	outside_boundary_exact	North Carolina, Clay County	Nantahala National Forest, vicinity of Park Creek Trailhead	https://lichenportal.org/portal/collections/individual/index.php?occid=1006374
1039187	NY	1543132	R. C. Harris	41157	0.16	42.46	North Carolina	Macon Co.	35.07	-83.57	outside_boundary_exact	North Carolina, Clay County	Nantahala National Forest, vicinity of Park Creek Trailhead	https://lichenportal.org/portal/collections/individual/index.php?occid=1039187
1039494	NY	1543439	W. R. Buck	32630	0.16	42.46	North Carolina	Macon Co.	35.07	-83.57	outside_boundary_exact	North Carolina, Clay County	Nantahala National Forest, vicinity of Park Creek Trailhead	https://lichenportal.org/portal/collections/individual/index.php?occid=1039494
1060677	NY	1562841	R. C. Harris	41153	0.16	42.46	North Carolina	Macon Co.	35.07	-83.57	outside_boundary_exact	North Carolina, Clay County	Nantahala National Forest, vicinity of Park Creek Trailhead	https://lichenportal.org/portal/collections/individual/index.php?occid=1060677
1083882	NY	1565855	R. C. Harris	41160	0.16	42.46	North Carolina	Macon Co.	35.07	-83.57	outside_boundary_exact	North Carolina, Clay County	Nantahala National Forest, vicinity of Park Creek Trailhead	https://lichenportal.org/portal/collections/individual/index.php?occid=1083882
1087155	NY	1570061	R. C. Harris	41154	0.16	42.46	North Carolina	Macon Co.	35.07	-83.57	outside_boundary_exact	North Carolina, Clay County	Nantahala National Forest, vicinity of Park Creek Trailhead	https://lichenportal.org/portal/collections/individual/index.php?occid=1087155
1127053	NY	1476264	R. C. Harris	4115	0.16	42.46	North Carolina	Macon Co.	35.07	-83.57	outside_boundary_exact	North Carolina, Clay County	Nantahala National Forest, vicinity of Park Creek Trailhead	https://lichenportal.org/portal/collections/individual/index.php?occid=1127053
1238824	NY	1656050	W. R. Buck	32626	0.16	42.46	North Carolina	Macon Co.	35.07	-83.57	outside_boundary_exact	North Carolina, Clay County	Nantahala National Forest, vicinity of Park Creek Trailhead	https://lichenportal.org/portal/collections/individual/index.php?occid=1238824
1238895	NY	1656122	R. C. Harris	41145	0.16	42.46	North Carolina	Macon Co.	35.07	-83.57	outside_boundary_exact	North Carolina, Clay County	Nantahala National Forest, vicinity of Park Creek Trailhead	https://lichenportal.org/portal/collections/individual/index.php?occid=1238895
1239060	NY	1656287	W. R. Buck	32629	0.16	42.46	North Carolina	Macon Co.	35.07	-83.57	outside_boundary_exact	North Carolina, Clay County	Nantahala National Forest, vicinity of Park Creek Trailhead	https://lichenportal.org/portal/collections/individual/index.php?occid=1239060
1304121	NY	1706459	R. C. Harris	41161	0.16	42.46	North Carolina	Macon Co.	35.07	-83.57	outside_boundary_exact	North Carolina, Clay County	Nantahala National Forest, vicinity of Park Creek Trailhead	https://lichenportal.org/portal/collections/individual/index.php?occid=1304121
3237227	NY	2441410	R. C. Harris	41171	0.16	42.46	North Carolina	Macon Co.	35.07	-83.57	outside_boundary_exact	North Carolina, Clay County	Nantahala National Forest, vicinity of Park Creek Trailhead	https://lichenportal.org/portal/collections/individual/index.php?occid=3237227
3240638	NY	02391674	R. C. Harris	41170	0.16	42.46	North Carolina	Macon Co.	35.07	-83.57	outside_boundary_exact	North Carolina, Clay County	Nantahala National Forest, vicinity of Park Creek Trailhead	https://lichenportal.org/portal/collections/individual/index.php?occid=3240638
5408639	NY	1708677	R. C. Harris	41176	0.16	42.46	North Carolina	Macon Co.	35.07	-83.57	outside_boundary_exact	North Carolina, Clay County	Nantahala National Forest, vicinity of Park Creek Trailhead	https://lichenportal.org/portal/collections/individual/index.php?occid=5408639
3228670	NY	2606982	J. L. Allen	3279	0.15	41.38	North Carolina	Clay Co.	35.0408	-83.5531	outside_boundary_exact	North Carolina, Macon County	Nantahala National Forest, Deep Gap at end of service road 71, ~7.9 mi SE of US64	https://lichenportal.org/portal/collections/individual/index.php?occid=3228670
3231346	NY	2607070	J. L. Allen	3287	0.15	41.38	North Carolina	Clay Co.	35.0408	-83.5531	outside_boundary_exact	North Carolina, Macon County	Nantahala National Forest, Deep Gap at end of service road 71, ~7.9 mi SE of US64	https://lichenportal.org/portal/collections/individual/index.php?occid=3231346
3231513	NY	2606981	J. L. Allen	3278	0.15	41.38	North Carolina	Clay Co.	35.0408	-83.5531	outside_boundary_exact	North Carolina, Macon County	Nantahala National Forest, Deep Gap at end of service road 71, ~7.9 mi SE of US64	https://lichenportal.org/portal/collections/individual/index.php?occid=3231513
3233476	NY	1219872	J. Hollinger	1830	0.15	50.78	North Carolina	Haywood Co.	35.6711	-83.1869	outside_boundary_exact	North Carolina, Swain County	Great Smoky Mountains National Park, Balsam Mountain Trail, Big Cataloochee Mountain	https://lichenportal.org/portal/collections/individual/index.php?occid=3233476
3234662	NY	2607071	J. L. Allen	3299	0.15	41.38	North Carolina	Clay Co.	35.0408	-83.5531	outside_boundary_exact	North Carolina, Macon County	Nantahala National Forest, Deep Gap at end of service road 71, ~7.9 mi SE of US64	https://lichenportal.org/portal/collections/individual/index.php?occid=3234662
3234682	NY	1225703	J. Hollinger	1898	0.15	50.78	North Carolina	Haywood Co.	35.6711	-83.1869	outside_boundary_exact	North Carolina, Swain County	Great Smoky Mountains National Park, Balsam Mountain Trail, Big Cataloochee Mountain	https://lichenportal.org/portal/collections/individual/index.php?occid=3234682
3235961	NY	1219871	J. Hollinger	1896	0.15	50.78	North Carolina	Haywood Co.	35.6711	-83.1869	outside_boundary_exact	North Carolina, Swain County	Great Smoky Mountains National Park, Balsam Mountain Trail, Big Cataloochee Mountain	https://lichenportal.org/portal/collections/individual/index.php?occid=3235961
3584768	NY	03818483	J. L. Allen	3288	0.15	41.38	North Carolina	Clay Co.	35.0408	-83.5531	outside_boundary_exact	North Carolina, Macon County	Nantahala National Forest, Deep Gap at end of service road 71, ~7.9 mi SE of US64	https://lichenportal.org/portal/collections/individual/index.php?occid=3584768
3584869	NY	03818555	J. L. Allen	3295	0.15	41.38	North Carolina	Clay Co.	35.0408	-83.5531	outside_boundary_exact	North Carolina, Macon County	Nantahala National Forest, Deep Gap at end of service road 71, ~7.9 mi SE of US64	https://lichenportal.org/portal/collections/individual/index.php?occid=3584869
3584871	NY	03818553	J. L. Allen	3286	0.15	41.38	North Carolina	Clay Co.	35.0408	-83.5531	outside_boundary_exact	North Carolina, Macon County	Nantahala National Forest, Deep Gap at end of service road 71, ~7.9 mi SE of US64	https://lichenportal.org/portal/collections/individual/index.php?occid=3584871
3584872	NY	03818552	J. L. Allen	3281	0.15	41.38	North Carolina	Clay Co.	35.0408	-83.5531	outside_boundary_exact	North Carolina, Macon County	Nantahala National Forest, Deep Gap at end of service road 71, ~7.9 mi SE of US64	https://lichenportal.org/portal/collections/individual/index.php?occid=3584872
3584873	NY	03818551	J. L. Allen	3280	0.15	41.38	North Carolina	Clay Co.	35.0408	-83.5531	outside_boundary_exact	North Carolina, Macon County	Nantahala National Forest, Deep Gap at end of service road 71, ~7.9 mi SE of US64	https://lichenportal.org/portal/collections/individual/index.php?occid=3584873
4982794	NY	04273314	J. L. Allen	3285	0.15	41.38	North Carolina	Clay Co.	35.0408	-83.5531	outside_boundary_exact	North Carolina, Macon County	Nantahala National Forest, Deep Gap at end of service road 71, ~7.9 mi SE of US64	https://lichenportal.org/portal/collections/individual/index.php?occid=4982794
4983241	NY	04273274	J. L. Allen	3291	0.15	41.38	North Carolina	Clay Co.	35.0408	-83.5531	outside_boundary_exact	North Carolina, Macon County	Nantahala National Forest, Deep Gap at end of service road 71, ~7.9 mi SE of US64	https://lichenportal.org/portal/collections/individual/index.php?occid=4983241
4983251	NY	04273284	J. L. Allen	3283	0.15	41.38	North Carolina	Clay Co.	35.0408	-83.5531	outside_boundary_exact	North Carolina, Macon County	Nantahala National Forest, Deep Gap at end of service road 71, ~7.9 mi SE of US64	https://lichenportal.org/portal/collections/individual/index.php?occid=4983251
4983254	NY	04273287	J. L. Allen	3275	0.15	41.38	North Carolina	Clay Co.	35.0408	-83.5531	outside_boundary_exact	North Carolina, Macon County	Nantahala National Forest, Deep Gap at end of service road 71, ~7.9 mi SE of US64	https://lichenportal.org/portal/collections/individual/index.php?occid=4983254
4983021	NY	04257699	J. Hollinger	24039	0.12	59.13	North Carolina	Macon Co.	35.0131	-83.1174	outside_boundary_exact	North Carolina, Jackson County	Chattooga Valley, ridge opposite Glade Creek	https://lichenportal.org/portal/collections/individual/index.php?occid=4983021
3203813	NY	2203922	H. L. Clark	3979	0.11	40.49	North Carolina	Avery Co.	35.9267	-81.9531	outside_boundary_exact	North Carolina, McDowell County	Chestoa View Lookout on the Blue Ridge Pky.	https://lichenportal.org/portal/collections/individual/index.php?occid=3203813
3216902	NY	2203925	H. L. Clark	3972-3	0.11	40.49	North Carolina	Avery Co.	35.9267	-81.9531	outside_boundary_exact	North Carolina, McDowell County	Chestoa View Lookout on the Blue Ridge Pky.	https://lichenportal.org/portal/collections/individual/index.php?occid=3216902
3234052	NY	2203926	H. L. Clark	3978	0.11	40.49	North Carolina	Avery Co.	35.9267	-81.9531	outside_boundary_exact	North Carolina, McDowell County	Chestoa View Lookout on the Blue Ridge Pky.	https://lichenportal.org/portal/collections/individual/index.php?occid=3234052
3238698	NY	2203923	H. L. Clark	3973-1	0.11	40.49	North Carolina	Avery Co.	35.9267	-81.9531	outside_boundary_exact	North Carolina, McDowell County	Chestoa View Lookout on the Blue Ridge Pky.	https://lichenportal.org/portal/collections/individual/index.php?occid=3238698
4946710	NY	04687477	H. Clark	3969-1	0.11	40.49	North Carolina	Avery Co.	35.9267	-81.9531	outside_boundary_exact	North Carolina, McDowell County	Chestoa View Lookout on the Blue Ridge Parkway	https://lichenportal.org/portal/collections/individual/index.php?occid=4946710
3214369	NY	1223550	J. P. Dey	30897	0.1	44.7	North Carolina	Swain Co.	35.5831	-83.4803	outside_boundary_exact	Tennessee, Sevier County	Great Smoky Mountains National Park, Collins Gap, 4.8 mi SW of Clingmans Dome Road from Newfound Gap and US hwy. 441	https://lichenportal.org/portal/collections/individual/index.php?occid=3214369
3235758	NY	1223551	J. P. Dey	30896	0.1	44.7	North Carolina	Swain Co.	35.5831	-83.4803	outside_boundary_exact	Tennessee, Sevier County	Great Smoky Mountains National Park, Collins Gap, 4.8 mi SW of Clingmans Dome Road from Newfound Gap and US hwy. 441	https://lichenportal.org/portal/collections/individual/index.php?occid=3235758
3235818	NY	1223554	J. P. Dey	30893	0.1	44.7	North Carolina	Swain Co.	35.5831	-83.4803	outside_boundary_exact	Tennessee, Sevier County	Great Smoky Mountains National Park, Collins Gap, 4.8 mi SW of Clingmans Dome Road from Newfound Gap and US hwy. 441	https://lichenportal.org/portal/collections/individual/index.php?occid=3235818
3235819	NY	1223549	J. P. Dey	30898	0.1	44.7	North Carolina	Swain Co.	35.5831	-83.4803	outside_boundary_exact	Tennessee, Sevier County	Great Smoky Mountains National Park, Collins Gap, 4.8 mi SW of Clingmans Dome Road from Newfound Gap and US hwy. 441	https://lichenportal.org/portal/collections/individual/index.php?occid=3235819
3235948	NY	1223552	J. P. Dey	30895	0.1	44.7	North Carolina	Swain Co.	35.5831	-83.4803	outside_boundary_exact	Tennessee, Sevier County	Great Smoky Mountains National Park, Collins Gap, 4.8 mi SW of Clingmans Dome Road from Newfound Gap and US hwy. 441	https://lichenportal.org/portal/collections/individual/index.php?occid=3235948
3236393	NY	1223553	J. P. Dey	30894	0.1	44.7	North Carolina	Swain Co.	35.5831	-83.4803	outside_boundary_exact	Tennessee, Sevier County	Great Smoky Mountains National Park, Collins Gap, 4.8 mi SW of Clingmans Dome Road from Newfound Gap and US hwy. 441	https://lichenportal.org/portal/collections/individual/index.php?occid=3236393
4379615	NY	03810123	J. Hollinger	24038	0.09	59.13	North Carolina	Macon Co.	35.0128	-83.1175	outside_boundary_exact	North Carolina, Jackson County	Chattooga Valley, ridge opposite Glade Creek	https://lichenportal.org/portal/collections/individual/index.php?occid=4379615
4983004	NY	04257680	J. Hollinger	24034	0.09	59.13	North Carolina	Macon Co.	35.0128	-83.1175	outside_boundary_exact	North Carolina, Jackson County	Chattooga Valley, ridge opposite Glade Creek	https://lichenportal.org/portal/collections/individual/index.php?occid=4983004
4983024	NY	04257702	J. Hollinger	24036	0.09	59.13	North Carolina	Macon Co.	35.0128	-83.1175	outside_boundary_exact	North Carolina, Jackson County	Chattooga Valley, ridge opposite Glade Creek	https://lichenportal.org/portal/collections/individual/index.php?occid=4983024
3785352	NY	04181903	J. C. Lendemer	56518	0.08	59.23	North Carolina	Jackson Co.	35.0053	-83.1094	outside_boundary_exact	North Carolina, Macon County	Nantahala National Forest, Ellicott Rock Wilderness, E shore of Chattooga River downstream of confluence with Fowler Creek	https://lichenportal.org/portal/collections/individual/index.php?occid=3785352
3785353	NY	04181904	J. C. Lendemer	56517	0.08	59.23	North Carolina	Jackson Co.	35.0053	-83.1094	outside_boundary_exact	North Carolina, Macon County	Nantahala National Forest, Ellicott Rock Wilderness, E shore of Chattooga River downstream of confluence with Fowler Creek	https://lichenportal.org/portal/collections/individual/index.php?occid=3785353
3785354	NY	04181905	J. C. Lendemer	56516	0.08	59.23	North Carolina	Jackson Co.	35.0053	-83.1094	outside_boundary_exact	North Carolina, Macon County	Nantahala National Forest, Ellicott Rock Wilderness, E shore of Chattooga River downstream of confluence with Fowler Creek	https://lichenportal.org/portal/collections/individual/index.php?occid=3785354
3785355	NY	04181906	J. C. Lendemer	56515	0.08	59.23	North Carolina	Jackson Co.	35.0053	-83.1094	outside_boundary_exact	North Carolina, Macon County	Nantahala National Forest, Ellicott Rock Wilderness, E shore of Chattooga River downstream of confluence with Fowler Creek	https://lichenportal.org/portal/collections/individual/index.php?occid=3785355
3785356	NY	04181907	J. C. Lendemer	56514	0.08	59.23	North Carolina	Jackson Co.	35.0053	-83.1094	outside_boundary_exact	North Carolina, Macon County	Nantahala National Forest, Ellicott Rock Wilderness, E shore of Chattooga River downstream of confluence with Fowler Creek	https://lichenportal.org/portal/collections/individual/index.php?occid=3785356
3785357	NY	04181908	J. C. Lendemer	56512	0.08	59.23	North Carolina	Jackson Co.	35.0053	-83.1094	outside_boundary_exact	North Carolina, Macon County	Nantahala National Forest, Ellicott Rock Wilderness, E shore of Chattooga River downstream of confluence with Fowler Creek	https://lichenportal.org/portal/collections/individual/index.php?occid=3785357
3785358	NY	04181909	J. C. Lendemer	56511	0.08	59.23	North Carolina	Jackson Co.	35.0053	-83.1094	outside_boundary_exact	North Carolina, Macon County	Nantahala National Forest, Ellicott Rock Wilderness, E shore of Chattooga River downstream of confluence with Fowler Creek	https://lichenportal.org/portal/collections/individual/index.php?occid=3785358
3785359	NY	04181910	J. C. Lendemer	56510	0.08	59.23	North Carolina	Jackson Co.	35.0053	-83.1094	outside_boundary_exact	North Carolina, Macon County	Nantahala National Forest, Ellicott Rock Wilderness, E shore of Chattooga River downstream of confluence with Fowler Creek	https://lichenportal.org/portal/collections/individual/index.php?occid=3785359
3785360	NY	04181911	J. C. Lendemer	56509	0.08	59.23	North Carolina	Jackson Co.	35.0053	-83.1094	outside_boundary_exact	North Carolina, Macon County	Nantahala National Forest, Ellicott Rock Wilderness, E shore of Chattooga River downstream of confluence with Fowler Creek	https://lichenportal.org/portal/collections/individual/index.php?occid=3785360
3785361	NY	04181912	J. C. Lendemer	56508	0.08	59.23	North Carolina	Jackson Co.	35.0053	-83.1094	outside_boundary_exact	North Carolina, Macon County	Nantahala National Forest, Ellicott Rock Wilderness, E shore of Chattooga River downstream of confluence with Fowler Creek	https://lichenportal.org/portal/collections/individual/index.php?occid=3785361
3785362	NY	04181913	J. C. Lendemer	56507	0.08	59.23	North Carolina	Jackson Co.	35.0053	-83.1094	outside_boundary_exact	North Carolina, Macon County	Nantahala National Forest, Ellicott Rock Wilderness, E shore of Chattooga River downstream of confluence with Fowler Creek	https://lichenportal.org/portal/collections/individual/index.php?occid=3785362
3216661	NY	1226402	J. P. Dey	3940	0.07	68.01	North Carolina	Swain Co.	35.69573	-83.2555	outside_boundary_exact	North Carolina, Swain County	Great Smoky Mountains National Park, Tricorner Knob, along the Appalachian Trail	https://lichenportal.org/portal/collections/individual/index.php?occid=3216661
3216874	NY	1226199	J. P. Dey	3936	0.07	68.01	North Carolina	Swain Co.	35.69573	-83.2555	outside_boundary_exact	North Carolina, Swain County	Great Smoky Mountains National Park, Tricorner Knob, along the Appalachian Trail	https://lichenportal.org/portal/collections/individual/index.php?occid=3216874
3226268	NY	1226296	J. P. Dey	3937	0.07	68.01	North Carolina	Swain Co.	35.69573	-83.2555	outside_boundary_exact	North Carolina, Swain County	Great Smoky Mountains National Park, Tricorner Knob, along the Appalachian Trail	https://lichenportal.org/portal/collections/individual/index.php?occid=3226268
3228277	NY	1226297	J. P. Dey	3944	0.07	68.01	North Carolina	Swain Co.	35.69573	-83.2555	outside_boundary_exact	North Carolina, Swain County	Great Smoky Mountains National Park, Tricorner Knob, along the Appalachian Trail	https://lichenportal.org/portal/collections/individual/index.php?occid=3228277
3233928	NY	1227466	J. P. Dey	3946	0.07	68.01	North Carolina	Swain Co.	35.69573	-83.2555	outside_boundary_exact	North Carolina, Swain County	Great Smoky Mountains National Park, Tricorner Knob, along the Appalachian Trail	https://lichenportal.org/portal/collections/individual/index.php?occid=3233928
3233934	NY	1236776	J. P. Dey	3950	0.07	68.01	North Carolina	Swain Co.	35.69573	-83.2555	outside_boundary_exact	North Carolina, Swain County	Great Smoky Mountains National Park, Tricorner Knob, along the Appalachian Trail	https://lichenportal.org/portal/collections/individual/index.php?occid=3233934
3234332	NY	1226711	J. P. Dey	3930	0.07	68.01	North Carolina	Swain Co.	35.69573	-83.2555	outside_boundary_exact	North Carolina, Swain County	Great Smoky Mountains National Park, Tricorner Knob, along the Appalachian Trail	https://lichenportal.org/portal/collections/individual/index.php?occid=3234332
3234333	NY	1226712	J. P. Dey	3931	0.07	68.01	North Carolina	Swain Co.	35.69573	-83.2555	outside_boundary_exact	North Carolina, Swain County	Great Smoky Mountains National Park, Tricorner Knob, along the Appalachian Trail	https://lichenportal.org/portal/collections/individual/index.php?occid=3234333
3234334	NY	1226713	J. P. Dey	3948	0.07	68.01	North Carolina	Swain Co.	35.69573	-83.2555	outside_boundary_exact	North Carolina, Swain County	Great Smoky Mountains National Park, Tricorner Knob, along the Appalachian Trail	https://lichenportal.org/portal/collections/individual/index.php?occid=3234334
3234748	NY	1227290	J. P. Dey	6596	0.07	68.01	North Carolina	Swain Co.	35.69573	-83.2555	outside_boundary_exact	North Carolina, Swain County	Great Smoky Mountains National Park, Tricorner Knob, along the Appalachian Trail	https://lichenportal.org/portal/collections/individual/index.php?occid=3234748
3234767	NY	1226672	J. P. Dey	3935	0.07	68.01	North Carolina	Swain Co.	35.69573	-83.2555	outside_boundary_exact	North Carolina, Swain County	Great Smoky Mountains National Park, Tricorner Knob, along the Appalachian Trail	https://lichenportal.org/portal/collections/individual/index.php?occid=3234767
3235640	NY	1229042	J. P. Dey	3933	0.07	68.01	North Carolina	Swain Co.	35.69573	-83.2555	outside_boundary_exact	North Carolina, Swain County	Great Smoky Mountains National Park, Tricorner Knob, along the Appalachian Trail	https://lichenportal.org/portal/collections/individual/index.php?occid=3235640
3235905	NY	1231385	J. P. Dey	6600	0.07	68.01	North Carolina	Swain Co.	35.69573	-83.2555	outside_boundary_exact	North Carolina, Swain County	Great Smoky Mountains National Park, Tricorner Knob, along the Appalachian Trail	https://lichenportal.org/portal/collections/individual/index.php?occid=3235905
3236171	NY	1225608	J. P. Dey	6595	0.07	68.01	North Carolina	Swain Co.	35.69573	-83.2555	outside_boundary_exact	North Carolina, Swain County	Great Smoky Mountains National Park, Tricorner Knob, along the Appalachian Trail	https://lichenportal.org/portal/collections/individual/index.php?occid=3236171
3237355	NY	1225570	J. P. Dey	6588	0.07	68.01	North Carolina	Swain Co.	35.69573	-83.2555	outside_boundary_exact	North Carolina, Swain County	Great Smoky Mountains National Park, Tricorner Knob, along the Appalachian Trail	https://lichenportal.org/portal/collections/individual/index.php?occid=3237355
3240804	NY	2204216	J. Hollinger	6126C	0.07	58.61	North Carolina	Swain Co.	35.6611	-83.3511	outside_boundary_exact	Tennessee, Sevier County	Great Smoky Mountains National Park, Appalachian Trail near Charlies Bunion	https://lichenportal.org/portal/collections/individual/index.php?occid=3240804
3240806	NY	2359816	J. Hollinger	6126A	0.07	58.61	North Carolina	Swain Co.	35.6611	-83.3511	outside_boundary_exact	Tennessee, Sevier County	Great Smoky Mountains National Park, Appalachian Trail near Charlies Bunion	https://lichenportal.org/portal/collections/individual/index.php?occid=3240806
960877	NY	1406696	R. Dirig	L-3043	0.06	48.82	North Carolina	Buncombe Co.	35.448756	-82.644682	outside_boundary_exact	North Carolina, Henderson County	along Blue Ridge Parkway SE of Asheville, at roadside overlook near the jct. of Rt. 26, just E of the Pine Mountain Tunnel	https://lichenportal.org/portal/collections/individual/index.php?occid=960877
3202921	NY	1226624	J. P. Dey	2992	0.06	54.08	North Carolina	Swain Co.	35.63068	-83.39038	outside_boundary_exact	Tennessee, Sevier County	Great Smoky Mountains National Park, Mount Kephart, along the Appalachian Trail	https://lichenportal.org/portal/collections/individual/index.php?occid=3202921
3216866	NY	1226389	J. P. Dey	3007	0.06	54.08	North Carolina	Swain Co.	35.63068	-83.39038	outside_boundary_exact	Tennessee, Sevier County	Great Smoky Mountains National Park, Mount Kephart, along the Appalachian Trail	https://lichenportal.org/portal/collections/individual/index.php?occid=3216866
3221239	NY	1231772	J. P. Dey	2997	0.06	54.08	North Carolina	Swain Co.	35.63068	-83.39038	outside_boundary_exact	Tennessee, Sevier County	Great Smoky Mountains National Park, Mount Kephart, along the Appalachian Trail	https://lichenportal.org/portal/collections/individual/index.php?occid=3221239
3228769	NY	1226644	J. P. Dey	3005	0.06	54.08	North Carolina	Swain Co.	35.63068	-83.39038	outside_boundary_exact	Tennessee, Sevier County	Great Smoky Mountains National Park, Mount Kephart, along the Appalachian Trail	https://lichenportal.org/portal/collections/individual/index.php?occid=3228769
3234393	NY	1226256	J. P. Dey	2993	0.06	54.08	North Carolina	Swain Co.	35.63068	-83.39038	outside_boundary_exact	Tennessee, Sevier County	Great Smoky Mountains National Park, Mount Kephart, along the Appalachian Trail	https://lichenportal.org/portal/collections/individual/index.php?occid=3234393
3234915	NY	1226276	J. P. Dey	3006	0.06	54.08	North Carolina	Swain Co.	35.63068	-83.39038	outside_boundary_exact	Tennessee, Sevier County	Great Smoky Mountains National Park, Mount Kephart, along the Appalachian Trail	https://lichenportal.org/portal/collections/individual/index.php?occid=3234915
3235570	NY	1230302	J. P. Dey	2989	0.06	54.08	North Carolina	Swain Co.	35.63068	-83.39038	outside_boundary_exact	Tennessee, Sevier County	Great Smoky Mountains National Park, Mount Kephart, along the Appalachian Trail	https://lichenportal.org/portal/collections/individual/index.php?occid=3235570
3235833	NY	1226387	J. P. Dey	3000	0.06	54.08	North Carolina	Swain Co.	35.63068	-83.39038	outside_boundary_exact	Tennessee, Sevier County	Great Smoky Mountains National Park, Mount Kephart, along the Appalachian Trail	https://lichenportal.org/portal/collections/individual/index.php?occid=3235833
3235834	NY	1226388	J. P. Dey	3001	0.06	54.08	North Carolina	Swain Co.	35.63068	-83.39038	outside_boundary_exact	Tennessee, Sevier County	Great Smoky Mountains National Park, Mount Kephart, along the Appalachian Trail	https://lichenportal.org/portal/collections/individual/index.php?occid=3235834
3236096	NY	1227462	J. P. Dey	3004	0.06	54.08	North Carolina	Swain Co.	35.63068	-83.39038	outside_boundary_exact	Tennessee, Sevier County	Great Smoky Mountains National Park, Mount Kephart, along the Appalachian Trail	https://lichenportal.org/portal/collections/individual/index.php?occid=3236096
3240840	NY	1224896	J. P. Dey	2999	0.06	54.08	North Carolina	Swain Co.	35.63068	-83.39038	outside_boundary_exact	Tennessee, Sevier County	Great Smoky Mountains National Park, Mount Kephart, along the Appalachian Trail	https://lichenportal.org/portal/collections/individual/index.php?occid=3240840
897538	NY	1226429	J. P. Dey	4831	0.05	55.89	North Carolina	Haywood Co.	35.3036	-82.9364	outside_boundary_exact	North Carolina, Jackson County	Wolf Bald in the Balsam Mountains	https://lichenportal.org/portal/collections/individual/index.php?occid=897538
897596	NY	1226469	J. P. Dey	4843	0.05	55.89	North Carolina	Haywood Co.	35.3036	-82.9364	outside_boundary_exact	North Carolina, Jackson County	Wolf Bald in the Balsam Mountains	https://lichenportal.org/portal/collections/individual/index.php?occid=897596
897958	NY	1226817	J. P. Dey	4867	0.05	55.89	North Carolina	Haywood Co.	35.3036	-82.9364	outside_boundary_exact	North Carolina, Jackson County	Wolf Bald in the Balsam Mountains	https://lichenportal.org/portal/collections/individual/index.php?occid=897958
897960	NY	1226819	J. P. Dey	4850	0.05	55.89	North Carolina	Haywood Co.	35.3036	-82.9364	outside_boundary_exact	North Carolina, Jackson County	Wolf Bald in the Balsam Mountains	https://lichenportal.org/portal/collections/individual/index.php?occid=897960
898086	NY	1226798	J. P. Dey	4845	0.05	55.89	North Carolina	Haywood Co.	35.3036	-82.9364	outside_boundary_exact	North Carolina, Jackson County	Wolf Bald in the Balsam Mountains	https://lichenportal.org/portal/collections/individual/index.php?occid=898086
898318	NY	1227049	J. P. Dey	4835	0.05	55.89	North Carolina	Haywood Co.	35.3036	-82.9364	outside_boundary_exact	North Carolina, Jackson County	Wolf Bald in the Balsam Mountains	https://lichenportal.org/portal/collections/individual/index.php?occid=898318
898529	NY	1227161	J. P. Dey	4860	0.05	55.89	North Carolina	Haywood Co.	35.3036	-82.9364	outside_boundary_exact	North Carolina, Jackson County	Wolf Bald in the Balsam Mountains	https://lichenportal.org/portal/collections/individual/index.php?occid=898529
899205	NY	1227960	J. P. Dey	4853	0.05	55.89	North Carolina	Haywood Co.	35.3036	-82.9364	outside_boundary_exact	North Carolina, Jackson County	Wolf Bald in the Balsam Mountains	https://lichenportal.org/portal/collections/individual/index.php?occid=899205
3194134	NY	1231590	J. P. Dey	4851	0.05	55.89	North Carolina	Haywood Co.	35.3036	-82.9364	outside_boundary_exact	North Carolina, Jackson County	Wolf Bald in the Balsam Mountains	https://lichenportal.org/portal/collections/individual/index.php?occid=3194134
3217528	NY	1231764	J. P. Dey	4864	0.05	55.89	North Carolina	Haywood Co.	35.3036	-82.9364	outside_boundary_exact	North Carolina, Jackson County	Wolf Bald in the Balsam Mountains	https://lichenportal.org/portal/collections/individual/index.php?occid=3217528
3221838	NY	1229636	J. P. Dey	4836	0.05	55.89	North Carolina	Haywood Co.	35.3036	-82.9364	outside_boundary_exact	North Carolina, Jackson County	Wolf Bald in the Balsam Mountains	https://lichenportal.org/portal/collections/individual/index.php?occid=3221838
3223299	NY	1231938	J. P. Dey	4842	0.05	55.89	North Carolina	Haywood Co.	35.3036	-82.9364	outside_boundary_exact	North Carolina, Jackson County	Wolf Bald in the Balsam Mountains	https://lichenportal.org/portal/collections/individual/index.php?occid=3223299
3227912	NY	1231576	J. P. Dey	4848	0.05	55.89	North Carolina	Haywood Co.	35.3036	-82.9364	outside_boundary_exact	North Carolina, Jackson County	Wolf Bald in the Balsam Mountains	https://lichenportal.org/portal/collections/individual/index.php?occid=3227912
3228044	NY	1231940	J. P. Dey	4842	0.05	55.89	North Carolina	Haywood Co.	35.3036	-82.9364	outside_boundary_exact	North Carolina, Jackson County	Wolf Bald in the Balsam Mountains	https://lichenportal.org/portal/collections/individual/index.php?occid=3228044
3228053	NY	1231519	J. P. Dey	4866	0.05	55.89	North Carolina	Haywood Co.	35.3036	-82.9364	outside_boundary_exact	North Carolina, Jackson County	Wolf Bald in the Balsam Mountains	https://lichenportal.org/portal/collections/individual/index.php?occid=3228053
3228214	NY	1231794	J. P. Dey	4870	0.05	55.89	North Carolina	Haywood Co.	35.3036	-82.9364	outside_boundary_exact	North Carolina, Jackson County	Wolf Bald in the Balsam Mountains	https://lichenportal.org/portal/collections/individual/index.php?occid=3228214
3230900	NY	1231570	J. P. Dey	4869	0.05	55.89	North Carolina	Haywood Co.	35.3036	-82.9364	outside_boundary_exact	North Carolina, Jackson County	Wolf Bald in the Balsam Mountains	https://lichenportal.org/portal/collections/individual/index.php?occid=3230900
3233546	NY	1231557	J. P. Dey	4861	0.05	55.89	North Carolina	Haywood Co.	35.3036	-82.9364	outside_boundary_exact	North Carolina, Jackson County	Wolf Bald in the Balsam Mountains	https://lichenportal.org/portal/collections/individual/index.php?occid=3233546
3233975	NY	1231578	J. P. Dey	4827	0.05	55.89	North Carolina	Haywood Co.	35.3036	-82.9364	outside_boundary_exact	North Carolina, Jackson County	Wolf Bald in the Balsam Mountains	https://lichenportal.org/portal/collections/individual/index.php?occid=3233975
3234069	NY	1231581	J. P. Dey	4822	0.05	55.89	North Carolina	Haywood Co.	35.3036	-82.9364	outside_boundary_exact	North Carolina, Jackson County	Wolf Bald in the Balsam Mountains	https://lichenportal.org/portal/collections/individual/index.php?occid=3234069
3236554	NY	1231005	J. P. Dey	4868	0.05	55.89	North Carolina	Haywood Co.	35.3036	-82.9364	outside_boundary_exact	North Carolina, Jackson County	Wolf Bald in the Balsam Mountains	https://lichenportal.org/portal/collections/individual/index.php?occid=3236554
3236555	NY	1231006	J. P. Dey	4838	0.05	55.89	North Carolina	Haywood Co.	35.3036	-82.9364	outside_boundary_exact	North Carolina, Jackson County	Wolf Bald in the Balsam Mountains	https://lichenportal.org/portal/collections/individual/index.php?occid=3236555
3236556	NY	1231007	J. P. Dey	4828	0.05	55.89	North Carolina	Haywood Co.	35.3036	-82.9364	outside_boundary_exact	North Carolina, Jackson County	Wolf Bald in the Balsam Mountains	https://lichenportal.org/portal/collections/individual/index.php?occid=3236556
3249347	NY	03034958	J. P. Dey	4871	0.05	55.89	North Carolina	Haywood Co.	35.3036	-82.9364	outside_boundary_exact	North Carolina, Jackson County	Wolf Bald in the Balsam Mountains	https://lichenportal.org/portal/collections/individual/index.php?occid=3249347
3249352	NY	03034953	J. P. Dey	4863	0.05	55.89	North Carolina	Haywood Co.	35.3036	-82.9364	outside_boundary_exact	North Carolina, Jackson County	Wolf Bald in the Balsam Mountains	https://lichenportal.org/portal/collections/individual/index.php?occid=3249352
3249353	NY	03034952	J. P. Dey	4837	0.05	55.89	North Carolina	Haywood Co.	35.3036	-82.9364	outside_boundary_exact	North Carolina, Jackson County	Wolf Bald in the Balsam Mountains	https://lichenportal.org/portal/collections/individual/index.php?occid=3249353
3249354	NY	03034951	J. P. Dey	4824	0.05	55.89	North Carolina	Haywood Co.	35.3036	-82.9364	outside_boundary_exact	North Carolina, Jackson County	Wolf Bald in the Balsam Mountains	https://lichenportal.org/portal/collections/individual/index.php?occid=3249354
3231974	NY	2204215	J. Hollinger	6141	0.04	55.17	North Carolina	Swain Co.	35.635	-83.3794	outside_boundary_exact	Tennessee, Sevier County	Great Smoky Mountains National Park, Appalachian Trail near Charlies Bunion	https://lichenportal.org/portal/collections/individual/index.php?occid=3231974
3234059	NY	2279940	C. M. Wetmore	42316	0.04	56.69	North Carolina	Buncombe Co.	35.4247	-82.7547	outside_boundary_exact	North Carolina, Haywood County	on ridge to Mt. Pisgah near milepost 407 on Blue Ridge Parkway (15 mi SW of Asheville)	https://lichenportal.org/portal/collections/individual/index.php?occid=3234059
3236105	NY	1865078	C. M. Wetmore	42314	0.04	56.69	North Carolina	Buncombe Co.	35.4247	-82.7547	outside_boundary_exact	North Carolina, Haywood County	on ridge to Mt. Pisgah near milepost 407 on Blue Ridge Parkway (15 mi SW of Asheville)	https://lichenportal.org/portal/collections/individual/index.php?occid=3236105
3237212	NY	1049839	T. R. McDonald	261	0.04	42.58	North Carolina	Swain Co.	35.5639	-83.4978	outside_boundary_exact	Tennessee, Sevier County	Great Smoky Mountains National Park, Appalachian Trail 0.25 miles from Clingman's Dome overlook (S of Gatlinburg)	https://lichenportal.org/portal/collections/individual/index.php?occid=3237212
3240039	NY	2204214	J. Hollinger	6131B	0.04	55.17	North Carolina	Swain Co.	35.635	-83.3794	outside_boundary_exact	Tennessee, Sevier County	Great Smoky Mountains National Park, Appalachian Trail near Charlies Bunion	https://lichenportal.org/portal/collections/individual/index.php?occid=3240039
4987681	NY	04275571	J. Hollinger	23999	0.04	58.22	North Carolina	Macon Co.	35.0192	-83.1253	outside_boundary_exact	North Carolina, Jackson County	Nantahala National Forest, Chattooga River, along trail going north from Ammons Branch.	https://lichenportal.org/portal/collections/individual/index.php?occid=4987681
954298	NY	1410744	R. C. Harris	13587	0.03	47.95	North Carolina	Haywood Co.	35.36719	-82.990424	outside_boundary_exact	North Carolina, Jackson County	Haywood/Jackson Co. Richland Balsam Mountain, near Blue Ridge Parkway mile 431	https://lichenportal.org/portal/collections/individual/index.php?occid=954298
3184765	NY	1227621	J. P. Dey	31627	0.03	70.82	North Carolina	Swain Co.	35.5347	-83.1714	outside_boundary_exact	North Carolina, Haywood County	Great Smoky Mountains National Park, Black Camp Gap, 3.6 mi N on Balsam Mountain Road from Blue Ridge Parkway	https://lichenportal.org/portal/collections/individual/index.php?occid=3184765
3205813	NY	1226998	J. P. Dey	3491	0.03	44.99	North Carolina	Haywood Co.	35.5983	-83.1858	outside_boundary_exact	North Carolina, Swain County	Haywood/Swain Cos. Great Smoky Mountains National Park, Chiltoes Mountain, along the Balsam Mountain trail	https://lichenportal.org/portal/collections/individual/index.php?occid=3205813
3216389	NY	1231349	J. P. Dey	3450	0.03	44.99	North Carolina	Haywood Co.	35.5983	-83.1858	outside_boundary_exact	North Carolina, Swain County	Haywood/Swain Cos. Great Smoky Mountains National Park, Chiltoes Mountain, along the Balsam Mountain trail	https://lichenportal.org/portal/collections/individual/index.php?occid=3216389
3223819	NY	1227622	J. P. Dey	31629	0.03	70.82	North Carolina	Swain Co.	35.5347	-83.1714	outside_boundary_exact	North Carolina, Haywood County	Great Smoky Mountains National Park, Black Camp Gap, 3.6 mi N on Balsam Mountain Road from Blue Ridge Parkway	https://lichenportal.org/portal/collections/individual/index.php?occid=3223819
3227887	NY	1228721	J. C. Lendemer	28743	0.03	39.38	North Carolina	Swain Co.	35.565	-83.53528	outside_boundary_exact	Tennessee, Sevier County	Great Smoky Mountains National Park, Appalachian Trail at Double Spring Gap, behind camping shelter, 0.6 mi W of jct w/ Goshen Prong Trail	https://lichenportal.org/portal/collections/individual/index.php?occid=3227887
3228135	NY	1228725	J. C. Lendemer	28739	0.03	39.38	North Carolina	Swain Co.	35.565	-83.53528	outside_boundary_exact	Tennessee, Sevier County	Great Smoky Mountains National Park, Appalachian Trail at Double Spring Gap, behind camping shelter, 0.6 mi W of jct w/ Goshen Prong Trail	https://lichenportal.org/portal/collections/individual/index.php?occid=3228135
3228221	NY	1225628	J. P. Dey	3506	0.03	44.99	North Carolina	Haywood Co.	35.5983	-83.1858	outside_boundary_exact	North Carolina, Swain County	Haywood/Swain Cos. Great Smoky Mountains National Park, Chiltoes Mountain, along the Balsam Mountain trail	https://lichenportal.org/portal/collections/individual/index.php?occid=3228221
3228381	NY	1228730	J. C. Lendemer	28734	0.03	39.38	North Carolina	Swain Co.	35.565	-83.53528	outside_boundary_exact	Tennessee, Sevier County	Great Smoky Mountains National Park, Appalachian Trail at Double Spring Gap, behind camping shelter, 0.6 mi W of jct w/ Goshen Prong Trail	https://lichenportal.org/portal/collections/individual/index.php?occid=3228381
3228637	NY	1226207	J. P. Dey	3449	0.03	44.99	North Carolina	Haywood Co.	35.5983	-83.1858	outside_boundary_exact	North Carolina, Swain County	Haywood/Swain Cos. Great Smoky Mountains National Park, Chiltoes Mountain, along the Balsam Mountain trail	https://lichenportal.org/portal/collections/individual/index.php?occid=3228637
3228666	NY	1227617	J. P. Dey	31611	0.03	70.82	North Carolina	Swain Co.	35.5347	-83.1714	outside_boundary_exact	North Carolina, Haywood County	Great Smoky Mountains National Park, Black Camp Gap, 3.6 mi N on Balsam Mountain Road from Blue Ridge Parkway	https://lichenportal.org/portal/collections/individual/index.php?occid=3228666
3228762	NY	1219875	J. Hollinger	1841	0.03	57.34	North Carolina	Haywood Co.	35.7011	-83.2558	outside_boundary_exact	Tennessee, Sevier County	Great Smoky Mountains National Park, Appalachian Trail, Mount Guyot	https://lichenportal.org/portal/collections/individual/index.php?occid=3228762
3229221	NY	1593422	J. P. Dey	3482	0.03	44.99	North Carolina	Haywood Co.	35.5983	-83.1858	outside_boundary_exact	North Carolina, Swain County	Haywood/Swain Cos. Great Smoky Mountains National Park, Chiltoes Mountain, along the Balsam Mountain trail	https://lichenportal.org/portal/collections/individual/index.php?occid=3229221
3230798	NY	1227616	J. P. Dey	31608	0.03	70.82	North Carolina	Swain Co.	35.5347	-83.1714	outside_boundary_exact	North Carolina, Haywood County	Great Smoky Mountains National Park, Black Camp Gap, 3.6 mi N on Balsam Mountain Road from Blue Ridge Parkway	https://lichenportal.org/portal/collections/individual/index.php?occid=3230798
3230892	NY	1227253	J. P. Dey	3498	0.03	44.99	North Carolina	Haywood Co.	35.5983	-83.1858	outside_boundary_exact	North Carolina, Swain County	Haywood/Swain Cos. Great Smoky Mountains National Park, Chiltoes Mountain, along the Balsam Mountain trail	https://lichenportal.org/portal/collections/individual/index.php?occid=3230892
3232691	NY	1228477	J. P. Dey	3469	0.03	44.99	North Carolina	Haywood Co.	35.5983	-83.1858	outside_boundary_exact	North Carolina, Swain County	Haywood/Swain Cos. Great Smoky Mountains National Park, Chiltoes Mountain, along the Balsam Mountain trail	https://lichenportal.org/portal/collections/individual/index.php?occid=3232691
3233512	NY	1227601	J. P. Dey	3478	0.03	44.99	North Carolina	Haywood Co.	35.5983	-83.1858	outside_boundary_exact	North Carolina, Swain County	Haywood/Swain Cos. Great Smoky Mountains National Park, Chiltoes Mountain, along the Balsam Mountain trail	https://lichenportal.org/portal/collections/individual/index.php?occid=3233512
3233730	NY	1219878	J. Hollinger	1890	0.03	57.34	North Carolina	Haywood Co.	35.7011	-83.2558	outside_boundary_exact	Tennessee, Sevier County	Great Smoky Mountains National Park, Appalachian Trail, Mount Guyot	https://lichenportal.org/portal/collections/individual/index.php?occid=3233730
3234179	NY	1230749	J. P. Dey	3493	0.03	44.99	North Carolina	Haywood Co.	35.5983	-83.1858	outside_boundary_exact	North Carolina, Swain County	Haywood/Swain Cos. Great Smoky Mountains National Park, Chiltoes Mountain, along the Balsam Mountain trail	https://lichenportal.org/portal/collections/individual/index.php?occid=3234179
3234241	NY	1227037	J. P. Dey	3512	0.03	44.99	North Carolina	Haywood Co.	35.5983	-83.1858	outside_boundary_exact	North Carolina, Swain County	Haywood/Swain Cos. Great Smoky Mountains National Park, Chiltoes Mountain, along the Balsam Mountain trail	https://lichenportal.org/portal/collections/individual/index.php?occid=3234241
3234377	NY	1228738	J. C. Lendemer	28727	0.03	39.38	North Carolina	Swain Co.	35.565	-83.53528	outside_boundary_exact	Tennessee, Sevier County	Great Smoky Mountains National Park, Appalachian Trail at Double Spring Gap, behind camping shelter, 0.6 mi W of jct w/ Goshen Prong Trail	https://lichenportal.org/portal/collections/individual/index.php?occid=3234377
3234575	NY	1228719	J. C. Lendemer	28745	0.03	39.38	North Carolina	Swain Co.	35.565	-83.53528	outside_boundary_exact	Tennessee, Sevier County	Great Smoky Mountains National Park, Appalachian Trail at Double Spring Gap, behind camping shelter, 0.6 mi W of jct w/ Goshen Prong Trail	https://lichenportal.org/portal/collections/individual/index.php?occid=3234575
3234586	NY	1228736	J. C. Lendemer	28729	0.03	39.38	North Carolina	Swain Co.	35.565	-83.53528	outside_boundary_exact	Tennessee, Sevier County	Great Smoky Mountains National Park, Appalachian Trail at Double Spring Gap, behind camping shelter, 0.6 mi W of jct w/ Goshen Prong Trail	https://lichenportal.org/portal/collections/individual/index.php?occid=3234586
3234735	NY	1236231	J. P. Dey	31613	0.03	70.82	North Carolina	Swain Co.	35.5347	-83.1714	outside_boundary_exact	North Carolina, Haywood County	Great Smoky Mountains National Park, Black Camp Gap, 3.6 mi N on Balsam Mountain Road from Blue Ridge Parkway	https://lichenportal.org/portal/collections/individual/index.php?occid=3234735
3234782	NY	1227323	J. P. Dey	3511	0.03	44.99	North Carolina	Haywood Co.	35.5983	-83.1858	outside_boundary_exact	North Carolina, Swain County	Haywood/Swain Cos. Great Smoky Mountains National Park, Chiltoes Mountain, along the Balsam Mountain trail	https://lichenportal.org/portal/collections/individual/index.php?occid=3234782
3234954	NY	1228728	J. C. Lendemer	28736	0.03	39.38	North Carolina	Swain Co.	35.565	-83.53528	outside_boundary_exact	Tennessee, Sevier County	Great Smoky Mountains National Park, Appalachian Trail at Double Spring Gap, behind camping shelter, 0.6 mi W of jct w/ Goshen Prong Trail	https://lichenportal.org/portal/collections/individual/index.php?occid=3234954
3234955	NY	1228737	J. C. Lendemer	28728	0.03	39.38	North Carolina	Swain Co.	35.565	-83.53528	outside_boundary_exact	Tennessee, Sevier County	Great Smoky Mountains National Park, Appalachian Trail at Double Spring Gap, behind camping shelter, 0.6 mi W of jct w/ Goshen Prong Trail	https://lichenportal.org/portal/collections/individual/index.php?occid=3234955
3235164	NY	1228735	J. C. Lendemer	28730	0.03	39.38	North Carolina	Swain Co.	35.565	-83.53528	outside_boundary_exact	Tennessee, Sevier County	Great Smoky Mountains National Park, Appalachian Trail at Double Spring Gap, behind camping shelter, 0.6 mi W of jct w/ Goshen Prong Trail	https://lichenportal.org/portal/collections/individual/index.php?occid=3235164
3235514	NY	1228733	J. C. Lendemer	28732	0.03	39.38	North Carolina	Swain Co.	35.565	-83.53528	outside_boundary_exact	Tennessee, Sevier County	Great Smoky Mountains National Park, Appalachian Trail at Double Spring Gap, behind camping shelter, 0.6 mi W of jct w/ Goshen Prong Trail	https://lichenportal.org/portal/collections/individual/index.php?occid=3235514
3235760	NY	1228723	J. C. Lendemer	28741	0.03	39.38	North Carolina	Swain Co.	35.565	-83.53528	outside_boundary_exact	Tennessee, Sevier County	Great Smoky Mountains National Park, Appalachian Trail at Double Spring Gap, behind camping shelter, 0.6 mi W of jct w/ Goshen Prong Trail	https://lichenportal.org/portal/collections/individual/index.php?occid=3235760
3235762	NY	1230354	J. P. Dey	3458	0.03	44.99	North Carolina	Haywood Co.	35.5983	-83.1858	outside_boundary_exact	North Carolina, Swain County	Haywood/Swain Cos. Great Smoky Mountains National Park, Chiltoes Mountain, along the Balsam Mountain trail	https://lichenportal.org/portal/collections/individual/index.php?occid=3235762
3235842	NY	1219874	J. Hollinger	1919	0.03	57.34	North Carolina	Haywood Co.	35.7011	-83.2558	outside_boundary_exact	Tennessee, Sevier County	Great Smoky Mountains National Park, Appalachian Trail, Mount Guyot	https://lichenportal.org/portal/collections/individual/index.php?occid=3235842
3236059	NY	1230272	J. P. Dey	3484	0.03	44.99	North Carolina	Haywood Co.	35.5983	-83.1858	outside_boundary_exact	North Carolina, Swain County	Haywood/Swain Cos. Great Smoky Mountains National Park, Chiltoes Mountain, along the Balsam Mountain trail	https://lichenportal.org/portal/collections/individual/index.php?occid=3236059
3236067	NY	1228731	J. C. Lendemer	28733	0.03	39.38	North Carolina	Swain Co.	35.565	-83.53528	outside_boundary_exact	Tennessee, Sevier County	Great Smoky Mountains National Park, Appalachian Trail at Double Spring Gap, behind camping shelter, 0.6 mi W of jct w/ Goshen Prong Trail	https://lichenportal.org/portal/collections/individual/index.php?occid=3236067
3236080	NY	1219876	J. Hollinger	1892	0.03	57.34	North Carolina	Haywood Co.	35.7011	-83.2558	outside_boundary_exact	Tennessee, Sevier County	Great Smoky Mountains National Park, Appalachian Trail, Mount Guyot	https://lichenportal.org/portal/collections/individual/index.php?occid=3236080
3236120	NY	1228717	J. C. Lendemer	28747	0.03	39.38	North Carolina	Swain Co.	35.565	-83.53528	outside_boundary_exact	Tennessee, Sevier County	Great Smoky Mountains National Park, Appalachian Trail at Double Spring Gap, behind camping shelter, 0.6 mi W of jct w/ Goshen Prong Trail	https://lichenportal.org/portal/collections/individual/index.php?occid=3236120
3236424	NY	1230376	J. P. Dey	3483	0.03	44.99	North Carolina	Haywood Co.	35.5983	-83.1858	outside_boundary_exact	North Carolina, Swain County	Haywood/Swain Cos. Great Smoky Mountains National Park, Chiltoes Mountain, along the Balsam Mountain trail	https://lichenportal.org/portal/collections/individual/index.php?occid=3236424
3236429	NY	1230293	J. P. Dey	3481	0.03	44.99	North Carolina	Haywood Co.	35.5983	-83.1858	outside_boundary_exact	North Carolina, Swain County	Haywood/Swain Cos. Great Smoky Mountains National Park, Chiltoes Mountain, along the Balsam Mountain trail	https://lichenportal.org/portal/collections/individual/index.php?occid=3236429
3236565	NY	1231032	J. P. Dey	3454	0.03	44.99	North Carolina	Haywood Co.	35.5983	-83.1858	outside_boundary_exact	North Carolina, Swain County	Haywood/Swain Cos. Great Smoky Mountains National Park, Chiltoes Mountain, along the Balsam Mountain trail	https://lichenportal.org/portal/collections/individual/index.php?occid=3236565
3237003	NY	1228729	J. C. Lendemer	28735	0.03	39.38	North Carolina	Swain Co.	35.565	-83.53528	outside_boundary_exact	Tennessee, Sevier County	Great Smoky Mountains National Park, Appalachian Trail at Double Spring Gap, behind camping shelter, 0.6 mi W of jct w/ Goshen Prong Trail	https://lichenportal.org/portal/collections/individual/index.php?occid=3237003
3237040	NY	1228727	J. C. Lendemer	28737	0.03	39.38	North Carolina	Swain Co.	35.565	-83.53528	outside_boundary_exact	Tennessee, Sevier County	Great Smoky Mountains National Park, Appalachian Trail at Double Spring Gap, behind camping shelter, 0.6 mi W of jct w/ Goshen Prong Trail	https://lichenportal.org/portal/collections/individual/index.php?occid=3237040
3237187	NY	1228726	J. C. Lendemer	28738	0.03	39.38	North Carolina	Swain Co.	35.565	-83.53528	outside_boundary_exact	Tennessee, Sevier County	Great Smoky Mountains National Park, Appalachian Trail at Double Spring Gap, behind camping shelter, 0.6 mi W of jct w/ Goshen Prong Trail	https://lichenportal.org/portal/collections/individual/index.php?occid=3237187
3237379	NY	1230985	J. P. Dey	3480	0.03	44.99	North Carolina	Haywood Co.	35.5983	-83.1858	outside_boundary_exact	North Carolina, Swain County	Haywood/Swain Cos. Great Smoky Mountains National Park, Chiltoes Mountain, along the Balsam Mountain trail	https://lichenportal.org/portal/collections/individual/index.php?occid=3237379
3237791	NY	1236430	J. P. Dey	31614	0.03	70.82	North Carolina	Swain Co.	35.5347	-83.1714	outside_boundary_exact	North Carolina, Haywood County	Great Smoky Mountains National Park, Black Camp Gap, 3.6 mi N on Balsam Mountain Road from Blue Ridge Parkway	https://lichenportal.org/portal/collections/individual/index.php?occid=3237791
3237903	NY	1227620	J. P. Dey	31619	0.03	70.82	North Carolina	Swain Co.	35.5347	-83.1714	outside_boundary_exact	North Carolina, Haywood County	Great Smoky Mountains National Park, Black Camp Gap, 3.6 mi N on Balsam Mountain Road from Blue Ridge Parkway	https://lichenportal.org/portal/collections/individual/index.php?occid=3237903
3239002	NY	1227619	J. P. Dey	31630	0.03	70.82	North Carolina	Swain Co.	35.5347	-83.1714	outside_boundary_exact	North Carolina, Haywood County	Great Smoky Mountains National Park, Black Camp Gap, 3.6 mi N on Balsam Mountain Road from Blue Ridge Parkway	https://lichenportal.org/portal/collections/individual/index.php?occid=3239002
3239012	NY	1229677	J. P. Dey	3500	0.03	44.99	North Carolina	Haywood Co.	35.5983	-83.1858	outside_boundary_exact	North Carolina, Swain County	Haywood/Swain Cos. Great Smoky Mountains National Park, Chiltoes Mountain, along the Balsam Mountain trail	https://lichenportal.org/portal/collections/individual/index.php?occid=3239012
3239076	NY	1228718	J. C. Lendemer	28746	0.03	39.38	North Carolina	Swain Co.	35.565	-83.53528	outside_boundary_exact	Tennessee, Sevier County	Great Smoky Mountains National Park, Appalachian Trail at Double Spring Gap, behind camping shelter, 0.6 mi W of jct w/ Goshen Prong Trail	https://lichenportal.org/portal/collections/individual/index.php?occid=3239076
3239151	NY	1227618	J. P. Dey	31612	0.03	70.82	North Carolina	Swain Co.	35.5347	-83.1714	outside_boundary_exact	North Carolina, Haywood County	Great Smoky Mountains National Park, Black Camp Gap, 3.6 mi N on Balsam Mountain Road from Blue Ridge Parkway	https://lichenportal.org/portal/collections/individual/index.php?occid=3239151
3239282	NY	1228724	J. C. Lendemer	28740	0.03	39.38	North Carolina	Swain Co.	35.565	-83.53528	outside_boundary_exact	Tennessee, Sevier County	Great Smoky Mountains National Park, Appalachian Trail at Double Spring Gap, behind camping shelter, 0.6 mi W of jct w/ Goshen Prong Trail	https://lichenportal.org/portal/collections/individual/index.php?occid=3239282
3239409	NY	1229690	J. P. Dey	3461	0.03	44.99	North Carolina	Haywood Co.	35.5983	-83.1858	outside_boundary_exact	North Carolina, Swain County	Haywood/Swain Cos. Great Smoky Mountains National Park, Chiltoes Mountain, along the Balsam Mountain trail	https://lichenportal.org/portal/collections/individual/index.php?occid=3239409
3239410	NY	1229696	J. P. Dey	3485	0.03	44.99	North Carolina	Haywood Co.	35.5983	-83.1858	outside_boundary_exact	North Carolina, Swain County	Haywood/Swain Cos. Great Smoky Mountains National Park, Chiltoes Mountain, along the Balsam Mountain trail	https://lichenportal.org/portal/collections/individual/index.php?occid=3239410
3239833	NY	1228720	J. C. Lendemer	28744	0.03	39.38	North Carolina	Swain Co.	35.565	-83.53528	outside_boundary_exact	Tennessee, Sevier County	Great Smoky Mountains National Park, Appalachian Trail at Double Spring Gap, behind camping shelter, 0.6 mi W of jct w/ Goshen Prong Trail	https://lichenportal.org/portal/collections/individual/index.php?occid=3239833
3239989	NY	1231072	J. P. Dey	31607	0.03	70.82	North Carolina	Swain Co.	35.5347	-83.1714	outside_boundary_exact	North Carolina, Haywood County	Great Smoky Mountains National Park, Black Camp Gap, 3.6 mi N on Balsam Mountain Road from Blue Ridge Parkway	https://lichenportal.org/portal/collections/individual/index.php?occid=3239989
3240015	NY	1231083	J. P. Dey	31610	0.03	70.82	North Carolina	Swain Co.	35.5347	-83.1714	outside_boundary_exact	North Carolina, Haywood County	Great Smoky Mountains National Park, Black Camp Gap, 3.6 mi N on Balsam Mountain Road from Blue Ridge Parkway	https://lichenportal.org/portal/collections/individual/index.php?occid=3240015
3240135	NY	1593380	J. P. Dey	31609	0.03	70.82	North Carolina	Swain Co.	35.5347	-83.1714	outside_boundary_exact	North Carolina, Haywood County	Great Smoky Mountains National Park, Black Camp Gap, 3.6 mi N on Balsam Mountain Road from Blue Ridge Parkway	https://lichenportal.org/portal/collections/individual/index.php?occid=3240135
3240289	NY	1231102	J. P. Dey	31615	0.03	70.82	North Carolina	Swain Co.	35.5347	-83.1714	outside_boundary_exact	North Carolina, Haywood County	Great Smoky Mountains National Park, Black Camp Gap, 3.6 mi N on Balsam Mountain Road from Blue Ridge Parkway	https://lichenportal.org/portal/collections/individual/index.php?occid=3240289
3240401	NY	1236222	J. P. Dey	31622	0.03	70.82	North Carolina	Swain Co.	35.5347	-83.1714	outside_boundary_exact	North Carolina, Haywood County	Great Smoky Mountains National Park, Black Camp Gap, 3.6 mi N on Balsam Mountain Road from Blue Ridge Parkway	https://lichenportal.org/portal/collections/individual/index.php?occid=3240401
3240432	NY	1236219	J. P. Dey	31624	0.03	70.82	North Carolina	Swain Co.	35.5347	-83.1714	outside_boundary_exact	North Carolina, Haywood County	Great Smoky Mountains National Park, Black Camp Gap, 3.6 mi N on Balsam Mountain Road from Blue Ridge Parkway	https://lichenportal.org/portal/collections/individual/index.php?occid=3240432
3240433	NY	1236220	J. P. Dey	31623	0.03	70.82	North Carolina	Swain Co.	35.5347	-83.1714	outside_boundary_exact	North Carolina, Haywood County	Great Smoky Mountains National Park, Black Camp Gap, 3.6 mi N on Balsam Mountain Road from Blue Ridge Parkway	https://lichenportal.org/portal/collections/individual/index.php?occid=3240433
3240434	NY	1236401	J. P. Dey	31625	0.03	70.82	North Carolina	Swain Co.	35.5347	-83.1714	outside_boundary_exact	North Carolina, Haywood County	Great Smoky Mountains National Park, Black Camp Gap, 3.6 mi N on Balsam Mountain Road from Blue Ridge Parkway	https://lichenportal.org/portal/collections/individual/index.php?occid=3240434
3240435	NY	1236402	J. P. Dey	21626	0.03	70.82	North Carolina	Swain Co.	35.5347	-83.1714	outside_boundary_exact	North Carolina, Haywood County	Great Smoky Mountains National Park, Black Camp Gap, 3.6 mi N on Balsam Mountain Road from Blue Ridge Parkway	https://lichenportal.org/portal/collections/individual/index.php?occid=3240435
3240436	NY	1236403	J. P. Dey	31620	0.03	70.82	North Carolina	Swain Co.	35.5347	-83.1714	outside_boundary_exact	North Carolina, Haywood County	Great Smoky Mountains National Park, Black Camp Gap, 3.6 mi N on Balsam Mountain Road from Blue Ridge Parkway	https://lichenportal.org/portal/collections/individual/index.php?occid=3240436
3240454	NY	1231065	J. P. Dey	31616	0.03	70.82	North Carolina	Swain Co.	35.5347	-83.1714	outside_boundary_exact	North Carolina, Haywood County	Great Smoky Mountains National Park, Black Camp Gap, 3.6 mi N on Balsam Mountain Road from Blue Ridge Parkway	https://lichenportal.org/portal/collections/individual/index.php?occid=3240454
3253326	NY	1228734	J. C. Lendemer	28731	0.03	39.38	North Carolina	Swain Co.	35.565	-83.53528	outside_boundary_exact	Tennessee, Sevier County	Great Smoky Mountains National Park, Appalachian Trail at Double Spring Gap, behind camping shelter, 0.6 mi W of jct w/ Goshen Prong Trail	https://lichenportal.org/portal/collections/individual/index.php?occid=3253326
3254224	NY	1231633	J. P. Dey	3488	0.03	44.99	North Carolina	Haywood Co.	35.5983	-83.1858	outside_boundary_exact	North Carolina, Swain County	Haywood/Swain Cos. Great Smoky Mountains National Park, Chiltoes Mountain, along the Balsam Mountain trail	https://lichenportal.org/portal/collections/individual/index.php?occid=3254224
3254225	NY	1227038	J. P. Dey	3513	0.03	44.99	North Carolina	Haywood Co.	35.5983	-83.1858	outside_boundary_exact	North Carolina, Swain County	Haywood/Swain Cos. Great Smoky Mountains National Park, Chiltoes Mountain, along the Balsam Mountain trail	https://lichenportal.org/portal/collections/individual/index.php?occid=3254225
3254226	NY	1226308	J. P. Dey	3474	0.03	44.99	North Carolina	Haywood Co.	35.5983	-83.1858	outside_boundary_exact	North Carolina, Swain County	Haywood/Swain Cos. Great Smoky Mountains National Park, Chiltoes Mountain, along the Balsam Mountain trail	https://lichenportal.org/portal/collections/individual/index.php?occid=3254226
3254227	NY	1227025	J. P. Dey	3472	0.03	44.99	North Carolina	Haywood Co.	35.5983	-83.1858	outside_boundary_exact	North Carolina, Swain County	Haywood/Swain Cos. Great Smoky Mountains National Park, Chiltoes Mountain, along the Balsam Mountain trail	https://lichenportal.org/portal/collections/individual/index.php?occid=3254227
5402142	NY	04344200	J. Hollinger	26177	0.03	57.78	North Carolina	Haywood Co.	35.7597	-83.1653	outside_boundary_exact	Tennessee, Cocke County	Great Smoky Mountains National Park, Camerer Ridge, along trail to lookout tower ca. 0.2 mi from AT.	https://lichenportal.org/portal/collections/individual/index.php?occid=5402142
5402147	NY	04344205	J. Hollinger	26173	0.03	57.78	North Carolina	Haywood Co.	35.7597	-83.1653	outside_boundary_exact	Tennessee, Cocke County	Great Smoky Mountains National Park, Camerer Ridge, along trail to lookout tower ca. 0.2 mi from AT.	https://lichenportal.org/portal/collections/individual/index.php?occid=5402147
5402183	NY	04470725	J. Hollinger	26175	0.03	57.78	North Carolina	Haywood Co.	35.7597	-83.1653	outside_boundary_exact	Tennessee, Cocke County	Great Smoky Mountains National Park, Camerer Ridge, along trail to lookout tower ca. 0.2 mi from AT.	https://lichenportal.org/portal/collections/individual/index.php?occid=5402183
5402186	NY	04470728	J. Hollinger	26176	0.03	57.78	North Carolina	Haywood Co.	35.7597	-83.1653	outside_boundary_exact	Tennessee, Cocke County	Great Smoky Mountains National Park, Camerer Ridge, along trail to lookout tower ca. 0.2 mi from AT.	https://lichenportal.org/portal/collections/individual/index.php?occid=5402186
5402187	NY	04470729	J. Hollinger	26174	0.03	57.78	North Carolina	Haywood Co.	35.7597	-83.1653	outside_boundary_exact	Tennessee, Cocke County	Great Smoky Mountains National Park, Camerer Ridge, along trail to lookout tower ca. 0.2 mi from AT.	https://lichenportal.org/portal/collections/individual/index.php?occid=5402187
882699	NY	1118535	R. C. Harris	13833	0.02	56.68	North Carolina	Haywood Co.	35.415	-82.7483	outside_boundary_exact	North Carolina, Transylvania County	Haywood/Buncombe Co. Buck Spring Gap, near Blue Ridge Parkway mile 407.7	https://lichenportal.org/portal/collections/individual/index.php?occid=882699
883084	NY	1133541	R. C. Harris	13613	0.02	56.68	North Carolina	Haywood Co.	35.415	-82.7483	outside_boundary_exact	North Carolina, Transylvania County	Haywood/Buncombe Co. Buck Spring Gap, near Blue Ridge Parkway mile 407.7	https://lichenportal.org/portal/collections/individual/index.php?occid=883084
954664	NY	1398529	R. C. Harris	13620	0.02	56.68	North Carolina	Haywood Co.	35.415	-82.7483	outside_boundary_exact	North Carolina, Transylvania County	Haywood/Buncombe Co. Buck Spring Gap, near Blue Ridge Parkway mile 407.7	https://lichenportal.org/portal/collections/individual/index.php?occid=954664
957262	NY	1410567	R. C. Harris	13648	0.02	56.68	North Carolina	Haywood Co.	35.415	-82.7483	outside_boundary_exact	North Carolina, Transylvania County	Haywood/Buncombe Co. Buck Spring Gap, near Blue Ridge Parkway mile 407.7	https://lichenportal.org/portal/collections/individual/index.php?occid=957262
958401	NY	1359108	L. Brako	2666	0.02	56.68	North Carolina	Haywood Co.	35.415	-82.7483	outside_boundary_exact	North Carolina, Transylvania County	Haywood/Buncombe Co. Buck Spring Gap, near Blue Ridge Parkway mile 407.7	https://lichenportal.org/portal/collections/individual/index.php?occid=958401
959114	NY	1359829	L. Brako	2667	0.02	56.68	North Carolina	Haywood Co.	35.415	-82.7483	outside_boundary_exact	North Carolina, Transylvania County	Haywood/Buncombe Co. Buck Spring Gap, near Blue Ridge Parkway mile 407.7	https://lichenportal.org/portal/collections/individual/index.php?occid=959114
961663	NY	1411103	R. C. Harris	13642	0.02	56.68	North Carolina	Haywood Co.	35.415	-82.7483	outside_boundary_exact	North Carolina, Transylvania County	Haywood/Buncombe Co. Buck Spring Gap, near Blue Ridge Parkway mile 407.7	https://lichenportal.org/portal/collections/individual/index.php?occid=961663
968481	NY	1489964	R. C. Harris	13619	0.02	56.68	North Carolina	Haywood Co.	35.415	-82.7483	outside_boundary_exact	North Carolina, Transylvania County	Haywood/Buncombe Co. Buck Spring Gap, near Blue Ridge Parkway mile 407.7	https://lichenportal.org/portal/collections/individual/index.php?occid=968481
1006055	NY	1518024	R. C. Harris	13624	0.02	56.68	North Carolina	Haywood Co.	35.415	-82.7483	outside_boundary_exact	North Carolina, Transylvania County	Haywood/Buncombe Co. Buck Spring Gap, near Blue Ridge Parkway mile 407.7	https://lichenportal.org/portal/collections/individual/index.php?occid=1006055
1008461	NY	1519106	L. Brako	2683	0.02	56.68	North Carolina	Haywood Co.	35.415	-82.7483	outside_boundary_exact	North Carolina, Transylvania County	Haywood/Buncombe Co. Buck Spring Gap, near Blue Ridge Parkway mile 407.7	https://lichenportal.org/portal/collections/individual/index.php?occid=1008461
1012447	NY	1521403	R. C. Harris	13634	0.02	56.68	North Carolina	Haywood Co.	35.415	-82.7483	outside_boundary_exact	North Carolina, Transylvania County	Haywood/Buncombe Co. Buck Spring Gap, near Blue Ridge Parkway mile 407.7	https://lichenportal.org/portal/collections/individual/index.php?occid=1012447
1025152	NY	1535836	R. C. Harris	13649	0.02	56.68	North Carolina	Haywood Co.	35.415	-82.7483	outside_boundary_exact	North Carolina, Transylvania County	Haywood/Buncombe Co. Buck Spring Gap, near Blue Ridge Parkway mile 407.7	https://lichenportal.org/portal/collections/individual/index.php?occid=1025152
1037816	NY	1541752	R. C. Harris	13653	0.02	56.68	North Carolina	Haywood Co.	35.415	-82.7483	outside_boundary_exact	North Carolina, Transylvania County	Haywood/Buncombe Co. Buck Spring Gap, near Blue Ridge Parkway mile 407.7	https://lichenportal.org/portal/collections/individual/index.php?occid=1037816
1052113	NY	1547966	R. C. Harris	13632A	0.02	56.68	North Carolina	Haywood Co.	35.415	-82.7483	outside_boundary_exact	North Carolina, Transylvania County	Haywood/Buncombe Co. Buck Spring Gap, near Blue Ridge Parkway mile 407.7	https://lichenportal.org/portal/collections/individual/index.php?occid=1052113
1052463	NY	1548319	R. C. Harris	13632B	0.02	56.68	North Carolina	Haywood Co.	35.415	-82.7483	outside_boundary_exact	North Carolina, Transylvania County	Haywood/Buncombe Co. Buck Spring Gap, near Blue Ridge Parkway mile 407.7	https://lichenportal.org/portal/collections/individual/index.php?occid=1052463
1052466	NY	1548322	R. C. Harris	13623	0.02	56.68	North Carolina	Haywood Co.	35.415	-82.7483	outside_boundary_exact	North Carolina, Transylvania County	Haywood/Buncombe Co. Buck Spring Gap, near Blue Ridge Parkway mile 407.7	https://lichenportal.org/portal/collections/individual/index.php?occid=1052466
1052771	NY	1548630	R. C. Harris	13623A	0.02	56.68	North Carolina	Haywood Co.	35.415	-82.7483	outside_boundary_exact	North Carolina, Transylvania County	Haywood/Buncombe Co. Buck Spring Gap, near Blue Ridge Parkway mile 407.7	https://lichenportal.org/portal/collections/individual/index.php?occid=1052771
1086349	NY	1569247	R. C. Harris	13615	0.02	56.68	North Carolina	Haywood Co.	35.415	-82.7483	outside_boundary_exact	North Carolina, Transylvania County	Haywood/Buncombe Co. Buck Spring Gap, near Blue Ridge Parkway mile 407.7	https://lichenportal.org/portal/collections/individual/index.php?occid=1086349
1087934	NY	1570851	L. Brako	2696a	0.02	56.68	North Carolina	Haywood Co.	35.415	-82.7483	outside_boundary_exact	North Carolina, Transylvania County	Haywood/Buncombe Co. Buck Spring Gap, near Blue Ridge Parkway mile 407.7	https://lichenportal.org/portal/collections/individual/index.php?occid=1087934
1088156	NY	1571076	R. C. Harris	13618	0.02	56.68	North Carolina	Haywood Co.	35.415	-82.7483	outside_boundary_exact	North Carolina, Transylvania County	Haywood/Buncombe Co. Buck Spring Gap, near Blue Ridge Parkway mile 407.7	https://lichenportal.org/portal/collections/individual/index.php?occid=1088156
1127060	NY	1476271	R. C. Harris	13616	0.02	56.68	North Carolina	Haywood Co.	35.415	-82.7483	outside_boundary_exact	North Carolina, Transylvania County	Haywood/Buncombe Co. Buck Spring Gap, near Blue Ridge Parkway mile 407.7	https://lichenportal.org/portal/collections/individual/index.php?occid=1127060
1127062	NY	1476273	L. Brako	2680	0.02	56.68	North Carolina	Haywood Co.	35.415	-82.7483	outside_boundary_exact	North Carolina, Transylvania County	Haywood/Buncombe Co. Buck Spring Gap, near Blue Ridge Parkway mile 407.7	https://lichenportal.org/portal/collections/individual/index.php?occid=1127062
1127115	NY	1476327	R. C. Harris	13609	0.02	56.68	North Carolina	Haywood Co.	35.415	-82.7483	outside_boundary_exact	North Carolina, Transylvania County	Haywood/Buncombe Co. Buck Spring Gap, near Blue Ridge Parkway mile 407.7	https://lichenportal.org/portal/collections/individual/index.php?occid=1127115
1236793	NY	1614591	R. C. Harris	13637	0.02	56.68	North Carolina	Haywood Co.	35.415	-82.7483	outside_boundary_exact	North Carolina, Transylvania County	Haywood/Buncombe Co. Buck Spring Gap, near Blue Ridge Parkway mile 407.7	https://lichenportal.org/portal/collections/individual/index.php?occid=1236793
1238892	NY	1656119	R. C. Harris	13644	0.02	56.68	North Carolina	Haywood Co.	35.415	-82.7483	outside_boundary_exact	North Carolina, Transylvania County	Haywood/Buncombe Co. Buck Spring Gap, near Blue Ridge Parkway mile 407.7	https://lichenportal.org/portal/collections/individual/index.php?occid=1238892
1239067	NY	1656294	L. Brako	26971	0.02	56.68	North Carolina	Haywood Co.	35.415	-82.7483	outside_boundary_exact	North Carolina, Transylvania County	Haywood/Buncombe Co. Buck Spring Gap, near Blue Ridge Parkway mile 407.7	https://lichenportal.org/portal/collections/individual/index.php?occid=1239067
1294392	NY	1703933	R. C. Harris	13614	0.02	56.68	North Carolina	Haywood Co.	35.415	-82.7483	outside_boundary_exact	North Carolina, Transylvania County	Haywood/Buncombe Co. Buck Spring Gap, near Blue Ridge Parkway mile 407.7	https://lichenportal.org/portal/collections/individual/index.php?occid=1294392
1303481	NY	1705815	R. C. Harris	13630	0.02	56.68	North Carolina	Haywood Co.	35.415	-82.7483	outside_boundary_exact	North Carolina, Transylvania County	Haywood/Buncombe Co. Buck Spring Gap, near Blue Ridge Parkway mile 407.7	https://lichenportal.org/portal/collections/individual/index.php?occid=1303481
1304495	NY	1706885	L. Brako	2676	0.02	56.68	North Carolina	Haywood Co.	35.415	-82.7483	outside_boundary_exact	North Carolina, Transylvania County	Haywood/Buncombe Co. Buck Spring Gap, near Blue Ridge Parkway mile 407.7	https://lichenportal.org/portal/collections/individual/index.php?occid=1304495
3195661	NY	1226945	J. P. Dey	2859	0.02	45.46	North Carolina	Swain Co.	35.58661	-83.47282	outside_boundary_exact	Tennessee, Sevier County	Great Smoky Mountains National Park, Mount Collins, along the Appalachian Trail	https://lichenportal.org/portal/collections/individual/index.php?occid=3195661
3202780	NY	1226363	J. P. Dey	2831	0.02	45.46	North Carolina	Swain Co.	35.58661	-83.47282	outside_boundary_exact	Tennessee, Sevier County	Great Smoky Mountains National Park, Mount Collins, along the Appalachian Trail	https://lichenportal.org/portal/collections/individual/index.php?occid=3202780
3204125	NY	1227034	J. P. Dey	3529	0.02	43.33	North Carolina	Haywood Co.	35.5811	-83.1761	outside_boundary_exact	North Carolina, Swain County	Haywood/Swain Cos. Great Smoky Mountains National Park, Cataloochie Balsam	https://lichenportal.org/portal/collections/individual/index.php?occid=3204125
3205580	NY	1230362	J. P. Dey	2863	0.02	45.46	North Carolina	Swain Co.	35.58661	-83.47282	outside_boundary_exact	Tennessee, Sevier County	Great Smoky Mountains National Park, Mount Collins, along the Appalachian Trail	https://lichenportal.org/portal/collections/individual/index.php?occid=3205580
3212222	NY	1227263	J. P. Dey	2892	0.02	45.46	North Carolina	Swain Co.	35.58661	-83.47282	outside_boundary_exact	Tennessee, Sevier County	Great Smoky Mountains National Park, Mount Collins, along the Appalachian Trail	https://lichenportal.org/portal/collections/individual/index.php?occid=3212222
3212223	NY	1227264	J. P. Dey	2891	0.02	45.46	North Carolina	Swain Co.	35.58661	-83.47282	outside_boundary_exact	Tennessee, Sevier County	Great Smoky Mountains National Park, Mount Collins, along the Appalachian Trail	https://lichenportal.org/portal/collections/individual/index.php?occid=3212223
3212224	NY	1227265	J. P. Dey	2884	0.02	45.46	North Carolina	Swain Co.	35.58661	-83.47282	outside_boundary_exact	Tennessee, Sevier County	Great Smoky Mountains National Park, Mount Collins, along the Appalachian Trail	https://lichenportal.org/portal/collections/individual/index.php?occid=3212224
3212225	NY	1227266	J. P. Dey	2878	0.02	45.46	North Carolina	Swain Co.	35.58661	-83.47282	outside_boundary_exact	Tennessee, Sevier County	Great Smoky Mountains National Park, Mount Collins, along the Appalachian Trail	https://lichenportal.org/portal/collections/individual/index.php?occid=3212225
3216414	NY	1226657	J. P. Dey	2896	0.02	45.46	North Carolina	Swain Co.	35.58661	-83.47282	outside_boundary_exact	Tennessee, Sevier County	Great Smoky Mountains National Park, Mount Collins, along the Appalachian Trail	https://lichenportal.org/portal/collections/individual/index.php?occid=3216414
3216415	NY	1226655	J. P. Dey	2838	0.02	45.46	North Carolina	Swain Co.	35.58661	-83.47282	outside_boundary_exact	Tennessee, Sevier County	Great Smoky Mountains National Park, Mount Collins, along the Appalachian Trail	https://lichenportal.org/portal/collections/individual/index.php?occid=3216415
3216416	NY	1226656	J. P. Dey	2882	0.02	45.46	North Carolina	Swain Co.	35.58661	-83.47282	outside_boundary_exact	Tennessee, Sevier County	Great Smoky Mountains National Park, Mount Collins, along the Appalachian Trail	https://lichenportal.org/portal/collections/individual/index.php?occid=3216416
3216752	NY	1229085	J. P. Dey	2893	0.02	45.46	North Carolina	Swain Co.	35.58661	-83.47282	outside_boundary_exact	Tennessee, Sevier County	Great Smoky Mountains National Park, Mount Collins, along the Appalachian Trail	https://lichenportal.org/portal/collections/individual/index.php?occid=3216752
3216795	NY	1227581	J. P. Dey	3528	0.02	43.33	North Carolina	Haywood Co.	35.5811	-83.1761	outside_boundary_exact	North Carolina, Swain County	Haywood/Swain Cos. Great Smoky Mountains National Park, Cataloochie Balsam	https://lichenportal.org/portal/collections/individual/index.php?occid=3216795
3216816	NY	1226947	J. P. Dey	3546	0.02	43.33	North Carolina	Haywood Co.	35.5811	-83.1761	outside_boundary_exact	North Carolina, Swain County	Haywood/Swain Cos. Great Smoky Mountains National Park, Cataloochie Balsam	https://lichenportal.org/portal/collections/individual/index.php?occid=3216816
3216835	NY	1234885	J. P. Dey	3549	0.02	43.33	North Carolina	Haywood Co.	35.5811	-83.1761	outside_boundary_exact	North Carolina, Swain County	Haywood/Swain Cos. Great Smoky Mountains National Park, Cataloochie Balsam	https://lichenportal.org/portal/collections/individual/index.php?occid=3216835
3216853	NY	1231793	J. P. Dey	2851	0.02	45.46	North Carolina	Swain Co.	35.58661	-83.47282	outside_boundary_exact	Tennessee, Sevier County	Great Smoky Mountains National Park, Mount Collins, along the Appalachian Trail	https://lichenportal.org/portal/collections/individual/index.php?occid=3216853
3220563	NY	1226364	J. P. Dey	2845	0.02	45.46	North Carolina	Swain Co.	35.58661	-83.47282	outside_boundary_exact	Tennessee, Sevier County	Great Smoky Mountains National Park, Mount Collins, along the Appalachian Trail	https://lichenportal.org/portal/collections/individual/index.php?occid=3220563
3224412	NY	1231886	J. P. Dey	2918	0.02	45.46	North Carolina	Swain Co.	35.58661	-83.47282	outside_boundary_exact	Tennessee, Sevier County	Great Smoky Mountains National Park, Mount Collins, along the Appalachian Trail	https://lichenportal.org/portal/collections/individual/index.php?occid=3224412
3228045	NY	02688066	Z. M. Muscavitch	58	0.02	58.28	North Carolina	Macon Co.	35.0158	-83.1261	outside_boundary_exact	North Carolina, Macon County	Nantahala National Forest, E side of Chattooga River 0.25-0.75 mi N of FSR1178/Bull Pen Rd.	https://lichenportal.org/portal/collections/individual/index.php?occid=3228045
3228112	NY	1226368	J. P. Dey	2887	0.02	45.46	North Carolina	Swain Co.	35.58661	-83.47282	outside_boundary_exact	Tennessee, Sevier County	Great Smoky Mountains National Park, Mount Collins, along the Appalachian Trail	https://lichenportal.org/portal/collections/individual/index.php?occid=3228112
3228205	NY	02688067	Z. M. Muscavitch	64	0.02	58.28	North Carolina	Macon Co.	35.0158	-83.1261	outside_boundary_exact	North Carolina, Macon County	Nantahala National Forest, E side of Chattooga River 0.25-0.75 mi N of FSR1178/Bull Pen Rd.	https://lichenportal.org/portal/collections/individual/index.php?occid=3228205
3228246	NY	1230726	J. P. Dey	3520	0.02	43.33	North Carolina	Haywood Co.	35.5811	-83.1761	outside_boundary_exact	North Carolina, Swain County	Haywood/Swain Cos. Great Smoky Mountains National Park, Cataloochie Balsam	https://lichenportal.org/portal/collections/individual/index.php?occid=3228246
3228347	NY	1230605	J. P. Dey	2880	0.02	45.46	North Carolina	Swain Co.	35.58661	-83.47282	outside_boundary_exact	Tennessee, Sevier County	Great Smoky Mountains National Park, Mount Collins, along the Appalachian Trail	https://lichenportal.org/portal/collections/individual/index.php?occid=3228347
3228382	NY	1226214	J. P. Dey	2910	0.02	45.46	North Carolina	Swain Co.	35.58661	-83.47282	outside_boundary_exact	Tennessee, Sevier County	Great Smoky Mountains National Park, Mount Collins, along the Appalachian Trail	https://lichenportal.org/portal/collections/individual/index.php?occid=3228382
3228455	NY	1226366	J. P. Dey	2867	0.02	45.46	North Carolina	Swain Co.	35.58661	-83.47282	outside_boundary_exact	Tennessee, Sevier County	Great Smoky Mountains National Park, Mount Collins, along the Appalachian Trail	https://lichenportal.org/portal/collections/individual/index.php?occid=3228455
3228545	NY	1226202	J. P. Dey	2912	0.02	45.46	North Carolina	Swain Co.	35.58661	-83.47282	outside_boundary_exact	Tennessee, Sevier County	Great Smoky Mountains National Park, Mount Collins, along the Appalachian Trail	https://lichenportal.org/portal/collections/individual/index.php?occid=3228545
3228564	NY	02688069	Z. M. Muscavitch	61	0.02	58.28	North Carolina	Macon Co.	35.0158	-83.1261	outside_boundary_exact	North Carolina, Macon County	Nantahala National Forest, E side of Chattooga River 0.25-0.75 mi N of FSR1178/Bull Pen Rd.	https://lichenportal.org/portal/collections/individual/index.php?occid=3228564
3228768	NY	1226654	J. P. Dey	2811	0.02	45.46	North Carolina	Swain Co.	35.58661	-83.47282	outside_boundary_exact	Tennessee, Sevier County	Great Smoky Mountains National Park, Mount Collins, along the Appalachian Trail	https://lichenportal.org/portal/collections/individual/index.php?occid=3228768
3229220	NY	1227556	J. P. Dey	3548	0.02	43.33	North Carolina	Haywood Co.	35.5811	-83.1761	outside_boundary_exact	North Carolina, Swain County	Haywood/Swain Cos. Great Smoky Mountains National Park, Cataloochie Balsam	https://lichenportal.org/portal/collections/individual/index.php?occid=3229220
3230292	NY	1226369	J. P. Dey	2890	0.02	45.46	North Carolina	Swain Co.	35.58661	-83.47282	outside_boundary_exact	Tennessee, Sevier County	Great Smoky Mountains National Park, Mount Collins, along the Appalachian Trail	https://lichenportal.org/portal/collections/individual/index.php?occid=3230292
3230547	NY	1226367	J. P. Dey	2868	0.02	45.46	North Carolina	Swain Co.	35.58661	-83.47282	outside_boundary_exact	Tennessee, Sevier County	Great Smoky Mountains National Park, Mount Collins, along the Appalachian Trail	https://lichenportal.org/portal/collections/individual/index.php?occid=3230547
3230840	NY	1520020	J. P. Dey	2857	0.02	45.46	North Carolina	Swain Co.	35.58661	-83.47282	outside_boundary_exact	Tennessee, Sevier County	Great Smoky Mountains National Park, Mount Collins, along the Appalachian Trail	https://lichenportal.org/portal/collections/individual/index.php?occid=3230840
3232423	NY	2690288	Z. M. Muscavitch	53	0.02	58.28	North Carolina	Macon Co.	35.0158	-83.1261	outside_boundary_exact	North Carolina, Macon County	Nantahala National Forest, E side of Chattooga River 0.25-0.75 mi N of FSR1178/Bull Pen Rd.	https://lichenportal.org/portal/collections/individual/index.php?occid=3232423
3232424	NY	2690285	Z. M. Muscavitch	44	0.02	58.28	North Carolina	Macon Co.	35.0158	-83.1261	outside_boundary_exact	North Carolina, Macon County	Nantahala National Forest, E side of Chattooga River 0.25-0.75 mi N of FSR1178/Bull Pen Rd.	https://lichenportal.org/portal/collections/individual/index.php?occid=3232424
3232425	NY	2690284	Z. M. Muscavitch	45	0.02	58.28	North Carolina	Macon Co.	35.0158	-83.1261	outside_boundary_exact	North Carolina, Macon County	Nantahala National Forest, E side of Chattooga River 0.25-0.75 mi N of FSR1178/Bull Pen Rd.	https://lichenportal.org/portal/collections/individual/index.php?occid=3232425
3232427	NY	2690289	Z. M. Muscavitch	54	0.02	58.28	North Carolina	Macon Co.	35.0158	-83.1261	outside_boundary_exact	North Carolina, Macon County	Nantahala National Forest, E side of Chattooga River 0.25-0.75 mi N of FSR1178/Bull Pen Rd.	https://lichenportal.org/portal/collections/individual/index.php?occid=3232427
3232442	NY	02688072	Z. M. Muscavitch	56	0.02	58.28	North Carolina	Macon Co.	35.0158	-83.1261	outside_boundary_exact	North Carolina, Macon County	Nantahala National Forest, E side of Chattooga River 0.25-0.75 mi N of FSR1178/Bull Pen Rd.	https://lichenportal.org/portal/collections/individual/index.php?occid=3232442
3232443	NY	02688073	Z. M. Muscavitch	49	0.02	58.28	North Carolina	Macon Co.	35.0158	-83.1261	outside_boundary_exact	North Carolina, Macon County	Nantahala National Forest, E side of Chattooga River 0.25-0.75 mi N of FSR1178/Bull Pen Rd.	https://lichenportal.org/portal/collections/individual/index.php?occid=3232443
3232482	NY	02688063	Z. M. Muscavitch	67	0.02	58.28	North Carolina	Macon Co.	35.0158	-83.1261	outside_boundary_exact	North Carolina, Macon County	Nantahala National Forest, E side of Chattooga River 0.25-0.75 mi N of FSR1178/Bull Pen Rd.	https://lichenportal.org/portal/collections/individual/index.php?occid=3232482
3233407	NY	02688064	Z. M. Muscavitch	55	0.02	58.28	North Carolina	Macon Co.	35.0158	-83.1261	outside_boundary_exact	North Carolina, Macon County	Nantahala National Forest, E side of Chattooga River 0.25-0.75 mi N of FSR1178/Bull Pen Rd.	https://lichenportal.org/portal/collections/individual/index.php?occid=3233407
3233453	NY	1716422	J. P. Dey	3547	0.02	43.33	North Carolina	Haywood Co.	35.5811	-83.1761	outside_boundary_exact	North Carolina, Swain County	Haywood/Swain Cos. Great Smoky Mountains National Park, Cataloochie Balsam	https://lichenportal.org/portal/collections/individual/index.php?occid=3233453
3233462	NY	1226371	J. P. Dey	2900	0.02	45.46	North Carolina	Swain Co.	35.58661	-83.47282	outside_boundary_exact	Tennessee, Sevier County	Great Smoky Mountains National Park, Mount Collins, along the Appalachian Trail	https://lichenportal.org/portal/collections/individual/index.php?occid=3233462
3233531	NY	1227762	J. P. Dey	2911	0.02	45.46	North Carolina	Swain Co.	35.58661	-83.47282	outside_boundary_exact	Tennessee, Sevier County	Great Smoky Mountains National Park, Mount Collins, along the Appalachian Trail	https://lichenportal.org/portal/collections/individual/index.php?occid=3233531
3233592	NY	1226714	J. P. Dey	2808	0.02	45.46	North Carolina	Swain Co.	35.58661	-83.47282	outside_boundary_exact	Tennessee, Sevier County	Great Smoky Mountains National Park, Mount Collins, along the Appalachian Trail	https://lichenportal.org/portal/collections/individual/index.php?occid=3233592
3233853	NY	1231630	J. P. Dey	2829	0.02	45.46	North Carolina	Swain Co.	35.58661	-83.47282	outside_boundary_exact	Tennessee, Sevier County	Great Smoky Mountains National Park, Mount Collins, along the Appalachian Trail	https://lichenportal.org/portal/collections/individual/index.php?occid=3233853
3233854	NY	1231631	J. P. Dey	2832	0.02	45.46	North Carolina	Swain Co.	35.58661	-83.47282	outside_boundary_exact	Tennessee, Sevier County	Great Smoky Mountains National Park, Mount Collins, along the Appalachian Trail	https://lichenportal.org/portal/collections/individual/index.php?occid=3233854
3233855	NY	1231632	J. P. Dey	2822	0.02	45.46	North Carolina	Swain Co.	35.58661	-83.47282	outside_boundary_exact	Tennessee, Sevier County	Great Smoky Mountains National Park, Mount Collins, along the Appalachian Trail	https://lichenportal.org/portal/collections/individual/index.php?occid=3233855
3234132	NY	1226372	J. P. Dey	2902	0.02	45.46	North Carolina	Swain Co.	35.58661	-83.47282	outside_boundary_exact	Tennessee, Sevier County	Great Smoky Mountains National Park, Mount Collins, along the Appalachian Trail	https://lichenportal.org/portal/collections/individual/index.php?occid=3234132
3234209	NY	1226362	J. P. Dey	2828	0.02	45.46	North Carolina	Swain Co.	35.58661	-83.47282	outside_boundary_exact	Tennessee, Sevier County	Great Smoky Mountains National Park, Mount Collins, along the Appalachian Trail	https://lichenportal.org/portal/collections/individual/index.php?occid=3234209
3234212	NY	1226361	J. P. Dey	2805	0.02	45.46	North Carolina	Swain Co.	35.58661	-83.47282	outside_boundary_exact	Tennessee, Sevier County	Great Smoky Mountains National Park, Mount Collins, along the Appalachian Trail	https://lichenportal.org/portal/collections/individual/index.php?occid=3234212
3234213	NY	1226365	J. P. Dey	2847	0.02	45.46	North Carolina	Swain Co.	35.58661	-83.47282	outside_boundary_exact	Tennessee, Sevier County	Great Smoky Mountains National Park, Mount Collins, along the Appalachian Trail	https://lichenportal.org/portal/collections/individual/index.php?occid=3234213
3234220	NY	1227279	J. P. Dey	2819	0.02	45.46	North Carolina	Swain Co.	35.58661	-83.47282	outside_boundary_exact	Tennessee, Sevier County	Great Smoky Mountains National Park, Mount Collins, along the Appalachian Trail	https://lichenportal.org/portal/collections/individual/index.php?occid=3234220
3234221	NY	1227280	J. P. Dey	2888	0.02	45.46	North Carolina	Swain Co.	35.58661	-83.47282	outside_boundary_exact	Tennessee, Sevier County	Great Smoky Mountains National Park, Mount Collins, along the Appalachian Trail	https://lichenportal.org/portal/collections/individual/index.php?occid=3234221
3234222	NY	1227281	J. P. Dey	2807	0.02	45.46	North Carolina	Swain Co.	35.58661	-83.47282	outside_boundary_exact	Tennessee, Sevier County	Great Smoky Mountains National Park, Mount Collins, along the Appalachian Trail	https://lichenportal.org/portal/collections/individual/index.php?occid=3234222
3234304	NY	02688068	Z. M. Muscavitch	60	0.02	58.28	North Carolina	Macon Co.	35.0158	-83.1261	outside_boundary_exact	North Carolina, Macon County	Nantahala National Forest, E side of Chattooga River 0.25-0.75 mi N of FSR1178/Bull Pen Rd.	https://lichenportal.org/portal/collections/individual/index.php?occid=3234304
3234657	NY	1230727	J. P. Dey	3533	0.02	43.33	North Carolina	Haywood Co.	35.5811	-83.1761	outside_boundary_exact	North Carolina, Swain County	Haywood/Swain Cos. Great Smoky Mountains National Park, Cataloochie Balsam	https://lichenportal.org/portal/collections/individual/index.php?occid=3234657
3234783	NY	1227322	J. P. Dey	3544	0.02	43.33	North Carolina	Haywood Co.	35.5811	-83.1761	outside_boundary_exact	North Carolina, Swain County	Haywood/Swain Cos. Great Smoky Mountains National Park, Cataloochie Balsam	https://lichenportal.org/portal/collections/individual/index.php?occid=3234783
3234865	NY	1226715	J. P. Dey	2916	0.02	45.46	North Carolina	Swain Co.	35.58661	-83.47282	outside_boundary_exact	Tennessee, Sevier County	Great Smoky Mountains National Park, Mount Collins, along the Appalachian Trail	https://lichenportal.org/portal/collections/individual/index.php?occid=3234865
3234914	NY	1226272	J. P. Dey	2813	0.02	45.46	North Carolina	Swain Co.	35.58661	-83.47282	outside_boundary_exact	Tennessee, Sevier County	Great Smoky Mountains National Park, Mount Collins, along the Appalachian Trail	https://lichenportal.org/portal/collections/individual/index.php?occid=3234914
3235496	NY	1228369	J. P. Dey	3522	0.02	43.33	North Carolina	Haywood Co.	35.5811	-83.1761	outside_boundary_exact	North Carolina, Swain County	Haywood/Swain Cos. Great Smoky Mountains National Park, Cataloochie Balsam	https://lichenportal.org/portal/collections/individual/index.php?occid=3235496
3235569	NY	1230323	J. P. Dey	2815	0.02	45.46	North Carolina	Swain Co.	35.58661	-83.47282	outside_boundary_exact	Tennessee, Sevier County	Great Smoky Mountains National Park, Mount Collins, along the Appalachian Trail	https://lichenportal.org/portal/collections/individual/index.php?occid=3235569
3235664	NY	1226370	J. P. Dey	2897	0.02	45.46	North Carolina	Swain Co.	35.58661	-83.47282	outside_boundary_exact	Tennessee, Sevier County	Great Smoky Mountains National Park, Mount Collins, along the Appalachian Trail	https://lichenportal.org/portal/collections/individual/index.php?occid=3235664
3235772	NY	1230353	J. P. Dey	2894	0.02	45.46	North Carolina	Swain Co.	35.58661	-83.47282	outside_boundary_exact	Tennessee, Sevier County	Great Smoky Mountains National Park, Mount Collins, along the Appalachian Trail	https://lichenportal.org/portal/collections/individual/index.php?occid=3235772
3235773	NY	1230355	J. P. Dey	2885	0.02	45.46	North Carolina	Swain Co.	35.58661	-83.47282	outside_boundary_exact	Tennessee, Sevier County	Great Smoky Mountains National Park, Mount Collins, along the Appalachian Trail	https://lichenportal.org/portal/collections/individual/index.php?occid=3235773
3235913	NY	1230369	J. P. Dey	3517	0.02	43.33	North Carolina	Haywood Co.	35.5811	-83.1761	outside_boundary_exact	North Carolina, Swain County	Haywood/Swain Cos. Great Smoky Mountains National Park, Cataloochie Balsam	https://lichenportal.org/portal/collections/individual/index.php?occid=3235913
3235955	NY	1231393	J. P. Dey	3525	0.02	43.33	North Carolina	Haywood Co.	35.5811	-83.1761	outside_boundary_exact	North Carolina, Swain County	Haywood/Swain Cos. Great Smoky Mountains National Park, Cataloochie Balsam	https://lichenportal.org/portal/collections/individual/index.php?occid=3235955
3236026	NY	02688054	Z. M. Muscavitch	62	0.02	58.28	North Carolina	Macon Co.	35.0158	-83.1261	outside_boundary_exact	North Carolina, Macon County	Nantahala National Forest, E side of Chattooga River 0.25-0.75 mi N of FSR1178/Bull Pen Rd.	https://lichenportal.org/portal/collections/individual/index.php?occid=3236026
3236094	NY	1227457	J. P. Dey	2898	0.02	45.46	North Carolina	Swain Co.	35.58661	-83.47282	outside_boundary_exact	Tennessee, Sevier County	Great Smoky Mountains National Park, Mount Collins, along the Appalachian Trail	https://lichenportal.org/portal/collections/individual/index.php?occid=3236094
3236095	NY	1227456	J. P. Dey	2840	0.02	45.46	North Carolina	Swain Co.	35.58661	-83.47282	outside_boundary_exact	Tennessee, Sevier County	Great Smoky Mountains National Park, Mount Collins, along the Appalachian Trail	https://lichenportal.org/portal/collections/individual/index.php?occid=3236095
3236160	NY	1224532	J. P. Dey	2862	0.02	45.46	North Carolina	Swain Co.	35.58661	-83.47282	outside_boundary_exact	Tennessee, Sevier County	Great Smoky Mountains National Park, Mount Collins, along the Appalachian Trail	https://lichenportal.org/portal/collections/individual/index.php?occid=3236160
3236197	NY	02688065	Z. M. Muscavitch	52	0.02	58.28	North Carolina	Macon Co.	35.0158	-83.1261	outside_boundary_exact	North Carolina, Macon County	Nantahala National Forest, E side of Chattooga River 0.25-0.75 mi N of FSR1178/Bull Pen Rd.	https://lichenportal.org/portal/collections/individual/index.php?occid=3236197
3236205	NY	1231337	J. P. Dey	2905	0.02	45.46	North Carolina	Swain Co.	35.58661	-83.47282	outside_boundary_exact	Tennessee, Sevier County	Great Smoky Mountains National Park, Mount Collins, along the Appalachian Trail	https://lichenportal.org/portal/collections/individual/index.php?occid=3236205
3236412	NY	1226311	J. P. Dey	3535	0.02	43.33	North Carolina	Haywood Co.	35.5811	-83.1761	outside_boundary_exact	North Carolina, Swain County	Haywood/Swain Cos. Great Smoky Mountains National Park, Cataloochie Balsam	https://lichenportal.org/portal/collections/individual/index.php?occid=3236412
3236488	NY	1231030	J. P. Dey	2899	0.02	45.46	North Carolina	Swain Co.	35.58661	-83.47282	outside_boundary_exact	Tennessee, Sevier County	Great Smoky Mountains National Park, Mount Collins, along the Appalachian Trail	https://lichenportal.org/portal/collections/individual/index.php?occid=3236488
3237353	NY	1225557	J. P. Dey	3545	0.02	43.33	North Carolina	Haywood Co.	35.5811	-83.1761	outside_boundary_exact	North Carolina, Swain County	Haywood/Swain Cos. Great Smoky Mountains National Park, Cataloochie Balsam	https://lichenportal.org/portal/collections/individual/index.php?occid=3237353
3237363	NY	1226036	J. P. Dey	2883	0.02	45.46	North Carolina	Swain Co.	35.58661	-83.47282	outside_boundary_exact	Tennessee, Sevier County	Great Smoky Mountains National Park, Mount Collins, along the Appalachian Trail	https://lichenportal.org/portal/collections/individual/index.php?occid=3237363
3237364	NY	1225564	J. P. Dey	2833	0.02	45.46	North Carolina	Swain Co.	35.58661	-83.47282	outside_boundary_exact	Tennessee, Sevier County	Great Smoky Mountains National Park, Mount Collins, along the Appalachian Trail	https://lichenportal.org/portal/collections/individual/index.php?occid=3237364
3237365	NY	1225559	J. P. Dey	2806	0.02	45.46	North Carolina	Swain Co.	35.58661	-83.47282	outside_boundary_exact	Tennessee, Sevier County	Great Smoky Mountains National Park, Mount Collins, along the Appalachian Trail	https://lichenportal.org/portal/collections/individual/index.php?occid=3237365
3238196	NY	1226471	J. P. Dey	2909	0.02	45.46	North Carolina	Swain Co.	35.58661	-83.47282	outside_boundary_exact	Tennessee, Sevier County	Great Smoky Mountains National Park, Mount Collins, along the Appalachian Trail	https://lichenportal.org/portal/collections/individual/index.php?occid=3238196
3238636	NY	1226510	J. P. Dey	2858	0.02	45.46	North Carolina	Swain Co.	35.58661	-83.47282	outside_boundary_exact	Tennessee, Sevier County	Great Smoky Mountains National Park, Mount Collins, along the Appalachian Trail	https://lichenportal.org/portal/collections/individual/index.php?occid=3238636
3238655	NY	02688074	Z. M. Muscavitch	59	0.02	58.28	North Carolina	Macon Co.	35.0158	-83.1261	outside_boundary_exact	North Carolina, Macon County	Nantahala National Forest, E side of Chattooga River 0.25-0.75 mi N of FSR1178/Bull Pen Rd.	https://lichenportal.org/portal/collections/individual/index.php?occid=3238655
3239826	NY	02688070	Z. M. Muscavitch	57	0.02	58.28	North Carolina	Macon Co.	35.0158	-83.1261	outside_boundary_exact	North Carolina, Macon County	Nantahala National Forest, E side of Chattooga River 0.25-0.75 mi N of FSR1178/Bull Pen Rd.	https://lichenportal.org/portal/collections/individual/index.php?occid=3239826
3239877	NY	1865746	J. P. Dey	2915	0.02	45.46	North Carolina	Swain Co.	35.58661	-83.47282	outside_boundary_exact	Tennessee, Sevier County	Great Smoky Mountains National Park, Mount Collins, along the Appalachian Trail	https://lichenportal.org/portal/collections/individual/index.php?occid=3239877
3240985	NY	2794229	J. P. Dey	2907	0.02	45.46	North Carolina	Swain Co.	35.58661	-83.47282	outside_boundary_exact	Tennessee, Sevier County	Great Smoky Mountains National Park, Mount Collins, along the Appalachian Trail	https://lichenportal.org/portal/collections/individual/index.php?occid=3240985
3247734	NY	2794230	J. P. Dey	2907	0.02	45.46	North Carolina	Swain Co.	35.58661	-83.47282	outside_boundary_exact	Tennessee, Sevier County	Great Smoky Mountains National Park, Mount Collins, along the Appalachian Trail	https://lichenportal.org/portal/collections/individual/index.php?occid=3247734
3248030	NY	2795552	J. C. Lendemer	47350	0.02	58.28	North Carolina	Macon Co.	35.0158	-83.1261	outside_boundary_exact	North Carolina, Macon County	Nantahala National Forest, E side of Chattooga River 0.25-0.75 mi N of FSR1178/Bull Pen Rd.	https://lichenportal.org/portal/collections/individual/index.php?occid=3248030
3248031	NY	2795551	J. C. Lendemer	47352	0.02	58.28	North Carolina	Macon Co.	35.0158	-83.1261	outside_boundary_exact	North Carolina, Macon County	Nantahala National Forest, E side of Chattooga River 0.25-0.75 mi N of FSR1178/Bull Pen Rd.	https://lichenportal.org/portal/collections/individual/index.php?occid=3248031
3248032	NY	2795550	J. C. Lendemer	47353	0.02	58.28	North Carolina	Macon Co.	35.0158	-83.1261	outside_boundary_exact	North Carolina, Macon County	Nantahala National Forest, E side of Chattooga River 0.25-0.75 mi N of FSR1178/Bull Pen Rd.	https://lichenportal.org/portal/collections/individual/index.php?occid=3248032
3248033	NY	2795549	J. C. Lendemer	47354	0.02	58.28	North Carolina	Macon Co.	35.0158	-83.1261	outside_boundary_exact	North Carolina, Macon County	Nantahala National Forest, E side of Chattooga River 0.25-0.75 mi N of FSR1178/Bull Pen Rd.	https://lichenportal.org/portal/collections/individual/index.php?occid=3248033
3248034	NY	2795548	J. C. Lendemer	47355	0.02	58.28	North Carolina	Macon Co.	35.0158	-83.1261	outside_boundary_exact	North Carolina, Macon County	Nantahala National Forest, E side of Chattooga River 0.25-0.75 mi N of FSR1178/Bull Pen Rd.	https://lichenportal.org/portal/collections/individual/index.php?occid=3248034
3248035	NY	2795547	J. C. Lendemer	47356	0.02	58.28	North Carolina	Macon Co.	35.0158	-83.1261	outside_boundary_exact	North Carolina, Macon County	Nantahala National Forest, E side of Chattooga River 0.25-0.75 mi N of FSR1178/Bull Pen Rd.	https://lichenportal.org/portal/collections/individual/index.php?occid=3248035
3249866	NY	03032616	J. P. Dey	1002	0.02	40.59	North Carolina	Yancey Co.	35.729778	-82.291383	outside_boundary_exact	North Carolina, Buncombe County	Potato Knob in the Black Mountains, near North Carolina Wildlife Refuge and N.C. Bear Sanctuary Boundary lines	https://lichenportal.org/portal/collections/individual/index.php?occid=3249866
3253293	NY	1227957	J. P. Dey	2875	0.02	45.46	North Carolina	Swain Co.	35.58661	-83.47282	outside_boundary_exact	Tennessee, Sevier County	Great Smoky Mountains National Park, Mount Collins, along the Appalachian Trail	https://lichenportal.org/portal/collections/individual/index.php?occid=3253293
3253294	NY	1227958	J. P. Dey	2825	0.02	45.46	North Carolina	Swain Co.	35.58661	-83.47282	outside_boundary_exact	Tennessee, Sevier County	Great Smoky Mountains National Park, Mount Collins, along the Appalachian Trail	https://lichenportal.org/portal/collections/individual/index.php?occid=3253294
3254283	NY	2690299	Z. M. Muscavitch	50	0.02	58.28	North Carolina	Macon Co.	35.0158	-83.1261	outside_boundary_exact	North Carolina, Macon County	Nantahala National Forest, E side of Chattooga River 0.25-0.75 mi N of FSR1178/Bull Pen Rd.	https://lichenportal.org/portal/collections/individual/index.php?occid=3254283
3257770	NY	2795540	J. C. Lendemer	47315	0.02	58.28	North Carolina	Macon Co.	35.0158	-83.1261	outside_boundary_exact	North Carolina, Macon County	Nantahala National Forest, E side of Chattooga River 0.25-0.75 mi N of FSR1178/Bull Pen Rd.	https://lichenportal.org/portal/collections/individual/index.php?occid=3257770
3257771	NY	2795541	J. C. Lendemer	47314	0.02	58.28	North Carolina	Macon Co.	35.0158	-83.1261	outside_boundary_exact	North Carolina, Macon County	Nantahala National Forest, E side of Chattooga River 0.25-0.75 mi N of FSR1178/Bull Pen Rd.	https://lichenportal.org/portal/collections/individual/index.php?occid=3257771
3257772	NY	2795542	J. C. Lendemer	47313	0.02	58.28	North Carolina	Macon Co.	35.0158	-83.1261	outside_boundary_exact	North Carolina, Macon County	Nantahala National Forest, E side of Chattooga River 0.25-0.75 mi N of FSR1178/Bull Pen Rd.	https://lichenportal.org/portal/collections/individual/index.php?occid=3257772
3257773	NY	2795543	J. C. Lendemer	47312	0.02	58.28	North Carolina	Macon Co.	35.0158	-83.1261	outside_boundary_exact	North Carolina, Macon County	Nantahala National Forest, E side of Chattooga River 0.25-0.75 mi N of FSR1178/Bull Pen Rd.	https://lichenportal.org/portal/collections/individual/index.php?occid=3257773
3257774	NY	2795544	J. C. Lendemer	47311	0.02	58.28	North Carolina	Macon Co.	35.0158	-83.1261	outside_boundary_exact	North Carolina, Macon County	Nantahala National Forest, E side of Chattooga River 0.25-0.75 mi N of FSR1178/Bull Pen Rd.	https://lichenportal.org/portal/collections/individual/index.php?occid=3257774
3257775	NY	2795545	J. C. Lendemer	47310	0.02	58.28	North Carolina	Macon Co.	35.0158	-83.1261	outside_boundary_exact	North Carolina, Macon County	Nantahala National Forest, E side of Chattooga River 0.25-0.75 mi N of FSR1178/Bull Pen Rd.	https://lichenportal.org/portal/collections/individual/index.php?occid=3257775
3257777	NY	2795553	J. C. Lendemer	47349	0.02	58.28	North Carolina	Macon Co.	35.0158	-83.1261	outside_boundary_exact	North Carolina, Macon County	Nantahala National Forest, E side of Chattooga River 0.25-0.75 mi N of FSR1178/Bull Pen Rd.	https://lichenportal.org/portal/collections/individual/index.php?occid=3257777
3257778	NY	2795554	J. C. Lendemer	47348A	0.02	58.28	North Carolina	Macon Co.	35.0158	-83.1261	outside_boundary_exact	North Carolina, Macon County	Nantahala National Forest, E side of Chattooga River 0.25-0.75 mi N of FSR1178/Bull Pen Rd.	https://lichenportal.org/portal/collections/individual/index.php?occid=3257778
3257779	NY	2795555	J. C. Lendemer	47348	0.02	58.28	North Carolina	Macon Co.	35.0158	-83.1261	outside_boundary_exact	North Carolina, Macon County	Nantahala National Forest, E side of Chattooga River 0.25-0.75 mi N of FSR1178/Bull Pen Rd.	https://lichenportal.org/portal/collections/individual/index.php?occid=3257779
3259211	NY	03035389	J. C. Lendemer	47351	0.02	58.28	North Carolina	Macon Co.	35.0158	-83.1261	outside_boundary_exact	North Carolina, Macon County	Nantahala National Forest, E side of Chattooga River 0.25-0.75 mi N of FSR1178/Bull Pen Rd.	https://lichenportal.org/portal/collections/individual/index.php?occid=3259211
3513390	NY	1229098	J. P. Dey	2800	0.02	45.46	North Carolina	Swain Co.	35.58661	-83.47282	outside_boundary_exact	Tennessee, Sevier County	Great Smoky Mountains National Park, Mount Collins, along the Appalachian Trail	https://lichenportal.org/portal/collections/individual/index.php?occid=3513390
3519825	NY	1394503	R. C. Harris	13621	0.02	56.68	North Carolina	Haywood Co.	35.415	-82.7483	outside_boundary_exact	North Carolina, Transylvania County	Haywood/Buncombe Co. Buck Spring Gap, near Blue Ridge Parkway mile 407.7	https://lichenportal.org/portal/collections/individual/index.php?occid=3519825
3582699	NY	1708861	R. C. Harris	13616A	0.02	56.68	North Carolina	Haywood Co.	35.415	-82.7483	outside_boundary_exact	North Carolina, Transylvania County	Haywood/Buncombe Co. Buck Spring Gap, near Blue Ridge Parkway mile 407.7	https://lichenportal.org/portal/collections/individual/index.php?occid=3582699
3786598	NY	1573690	R. C. Harris	13612	0.02	56.68	North Carolina	Haywood Co.	35.415	-82.7483	outside_boundary_exact	North Carolina, Transylvania County	Haywood/Buncombe Co. Buck Spring Gap, near Blue Ridge Parkway mile 407.7	https://lichenportal.org/portal/collections/individual/index.php?occid=3786598
4631186	NY	04665077	R. C. Harris	13611	0.02	56.68	North Carolina	Haywood Co.	35.415	-82.7483	outside_boundary_exact	North Carolina, Transylvania County	Haywood/Buncombe Co. Buck Spring Gap, near Blue Ridge Parkway mile 407.7	https://lichenportal.org/portal/collections/individual/index.php?occid=4631186
4631187	NY	04665078	R. C. Harris	13646	0.02	56.68	North Carolina	Haywood Co.	35.415	-82.7483	outside_boundary_exact	North Carolina, Transylvania County	Haywood/Buncombe Co. Buck Spring Gap, near Blue Ridge Parkway mile 407.7	https://lichenportal.org/portal/collections/individual/index.php?occid=4631187
4979319	NY	02690533	J. P. Dey	2865	0.02	45.46	North Carolina	Swain Co.	35.58661	-83.47282	outside_boundary_exact	Tennessee, Sevier County	Great Smoky Mountains National Park, Mount Collins, along the Appalachian Trail	https://lichenportal.org/portal/collections/individual/index.php?occid=4979319
4979326	NY	02690545	J. P. Dey	2836	0.02	45.46	North Carolina	Swain Co.	35.58661	-83.47282	outside_boundary_exact	Tennessee, Sevier County	Great Smoky Mountains National Park, Mount Collins, along the Appalachian Trail	https://lichenportal.org/portal/collections/individual/index.php?occid=4979326
4979330	NY	02690549	J. P. Dey	1025	0.02	40.59	North Carolina	Yancey Co.	35.729778	-82.291383	outside_boundary_exact	North Carolina, Buncombe County	Potato Knob in the Black Mountains, near North Carolina Wildlife Refuge and N.C. Bear Sanctuary Boundary lines	https://lichenportal.org/portal/collections/individual/index.php?occid=4979330
4983398	NY	04273489	J. Hollinger	23862	0.02	54.37	North Carolina	Haywood Co.	35.7733	-82.9958	outside_boundary_exact	Tennessee, Cocke County	Brown Gap.	https://lichenportal.org/portal/collections/individual/index.php?occid=4983398
5402168	NY	04344226	J. Hollinger	26179	0.02	57.88	North Carolina	Haywood Co.	35.7617	-83.1633	outside_boundary_exact	Tennessee, Cocke County	Great Smoky Mountains National Park, Camerer Ridge, in heath bald just south of Sharpton Gap.	https://lichenportal.org/portal/collections/individual/index.php?occid=5402168
5402258	NY	1708769	R. C. Harris	13628	0.02	56.68	North Carolina	Haywood Co.	35.415	-82.7483	outside_boundary_exact	North Carolina, Transylvania County	Haywood/Buncombe Co. Buck Spring Gap, near Blue Ridge Parkway mile 407.7	https://lichenportal.org/portal/collections/individual/index.php?occid=5402258
5404777	NY	1517460	R. C. Harris	13617	0.02	56.68	North Carolina	Haywood Co.	35.415	-82.7483	outside_boundary_exact	North Carolina, Transylvania County	Haywood/Buncombe Co. Buck Spring Gap, near Blue Ridge Parkway mile 407.7	https://lichenportal.org/portal/collections/individual/index.php?occid=5404777
892835	NY	1224133	J. P. Dey	4918	0.01	42.44	North Carolina	Jackson Co.	35.3031	-82.9275	outside_boundary_exact	North Carolina, Haywood County	Jackson/Haywood Cos. Mt. Hardy (Mt. Black) in the Balsam Mountains	https://lichenportal.org/portal/collections/individual/index.php?occid=892835
893229	NY	1224494	J. P. Dey	4938	0.01	42.44	North Carolina	Jackson Co.	35.3031	-82.9275	outside_boundary_exact	North Carolina, Haywood County	Jackson/Haywood Cos. Mt. Hardy (Mt. Black) in the Balsam Mountains	https://lichenportal.org/portal/collections/individual/index.php?occid=893229
893242	NY	1224535	J. P. Dey	4955	0.01	42.44	North Carolina	Jackson Co.	35.3031	-82.9275	outside_boundary_exact	North Carolina, Haywood County	Jackson/Haywood Cos. Mt. Hardy (Mt. Black) in the Balsam Mountains	https://lichenportal.org/portal/collections/individual/index.php?occid=893242
895523	NY	1224698	J. P. Dey	4935	0.01	42.44	North Carolina	Jackson Co.	35.3031	-82.9275	outside_boundary_exact	North Carolina, Haywood County	Jackson/Haywood Cos. Mt. Hardy (Mt. Black) in the Balsam Mountains	https://lichenportal.org/portal/collections/individual/index.php?occid=895523
895533	NY	1224676	J. P. Dey	6244	0.01	42.44	North Carolina	Jackson Co.	35.3031	-82.9275	outside_boundary_exact	North Carolina, Haywood County	Jackson/Haywood Cos. Mt. Hardy (Mt. Black) in the Balsam Mountains	https://lichenportal.org/portal/collections/individual/index.php?occid=895533
895555	NY	1224853	J. P. Dey	1910	0.01	31.64	North Carolina	Mitchell Co.	36.10456	-82.12244	outside_boundary_exact	Tennessee, Carter County	Laurel Ridge Top of Roan Mountain	https://lichenportal.org/portal/collections/individual/index.php?occid=895555
895592	NY	1224883	J. P. Dey	4915	0.01	42.44	North Carolina	Jackson Co.	35.3031	-82.9275	outside_boundary_exact	North Carolina, Haywood County	Jackson/Haywood Cos. Mt. Hardy (Mt. Black) in the Balsam Mountains	https://lichenportal.org/portal/collections/individual/index.php?occid=895592
897152	NY	1226033	J. P. Dey	1908	0.01	31.64	North Carolina	Mitchell Co.	36.10456	-82.12244	outside_boundary_exact	Tennessee, Carter County	Laurel Ridge Top of Roan Mountain	https://lichenportal.org/portal/collections/individual/index.php?occid=897152
897168	NY	1226064	J. P. Dey	6268	0.01	42.44	North Carolina	Jackson Co.	35.3031	-82.9275	outside_boundary_exact	North Carolina, Haywood County	Jackson/Haywood Cos. Mt. Hardy (Mt. Black) in the Balsam Mountains	https://lichenportal.org/portal/collections/individual/index.php?occid=897168
897321	NY	1226257	J. P. Dey	4934	0.01	42.44	North Carolina	Jackson Co.	35.3031	-82.9275	outside_boundary_exact	North Carolina, Haywood County	Jackson/Haywood Cos. Mt. Hardy (Mt. Black) in the Balsam Mountains	https://lichenportal.org/portal/collections/individual/index.php?occid=897321
898113	NY	1226814	J. P. Dey	4944	0.01	42.44	North Carolina	Jackson Co.	35.3031	-82.9275	outside_boundary_exact	North Carolina, Haywood County	Jackson/Haywood Cos. Mt. Hardy (Mt. Black) in the Balsam Mountains	https://lichenportal.org/portal/collections/individual/index.php?occid=898113
898226	NY	1226988	J. P. Dey	4949	0.01	42.44	North Carolina	Jackson Co.	35.3031	-82.9275	outside_boundary_exact	North Carolina, Haywood County	Jackson/Haywood Cos. Mt. Hardy (Mt. Black) in the Balsam Mountains	https://lichenportal.org/portal/collections/individual/index.php?occid=898226
898317	NY	1227048	J. P. Dey	4942	0.01	42.44	North Carolina	Jackson Co.	35.3031	-82.9275	outside_boundary_exact	North Carolina, Haywood County	Jackson/Haywood Cos. Mt. Hardy (Mt. Black) in the Balsam Mountains	https://lichenportal.org/portal/collections/individual/index.php?occid=898317
898458	NY	1227272	J. P. Dey	4912	0.01	42.44	North Carolina	Jackson Co.	35.3031	-82.9275	outside_boundary_exact	North Carolina, Haywood County	Jackson/Haywood Cos. Mt. Hardy (Mt. Black) in the Balsam Mountains	https://lichenportal.org/portal/collections/individual/index.php?occid=898458
898459	NY	1227131	J. P. Dey	4957	0.01	42.44	North Carolina	Jackson Co.	35.3031	-82.9275	outside_boundary_exact	North Carolina, Haywood County	Jackson/Haywood Cos. Mt. Hardy (Mt. Black) in the Balsam Mountains	https://lichenportal.org/portal/collections/individual/index.php?occid=898459
898541	NY	1227173	J. P. Dey	4941	0.01	42.44	North Carolina	Jackson Co.	35.3031	-82.9275	outside_boundary_exact	North Carolina, Haywood County	Jackson/Haywood Cos. Mt. Hardy (Mt. Black) in the Balsam Mountains	https://lichenportal.org/portal/collections/individual/index.php?occid=898541
898588	NY	1227226	J. P. Dey	6238	0.01	42.44	North Carolina	Jackson Co.	35.3031	-82.9275	outside_boundary_exact	North Carolina, Haywood County	Jackson/Haywood Cos. Mt. Hardy (Mt. Black) in the Balsam Mountains	https://lichenportal.org/portal/collections/individual/index.php?occid=898588
898632	NY	1227306	J. P. Dey	4911	0.01	42.44	North Carolina	Jackson Co.	35.3031	-82.9275	outside_boundary_exact	North Carolina, Haywood County	Jackson/Haywood Cos. Mt. Hardy (Mt. Black) in the Balsam Mountains	https://lichenportal.org/portal/collections/individual/index.php?occid=898632
898860	NY	1227534	J. P. Dey	4904	0.01	42.44	North Carolina	Jackson Co.	35.3031	-82.9275	outside_boundary_exact	North Carolina, Haywood County	Jackson/Haywood Cos. Mt. Hardy (Mt. Black) in the Balsam Mountains	https://lichenportal.org/portal/collections/individual/index.php?occid=898860
898861	NY	1227535	J. P. Dey	4910	0.01	42.44	North Carolina	Jackson Co.	35.3031	-82.9275	outside_boundary_exact	North Carolina, Haywood County	Jackson/Haywood Cos. Mt. Hardy (Mt. Black) in the Balsam Mountains	https://lichenportal.org/portal/collections/individual/index.php?occid=898861
898954	NY	1227589	J. P. Dey	6241	0.01	42.44	North Carolina	Jackson Co.	35.3031	-82.9275	outside_boundary_exact	North Carolina, Haywood County	Jackson/Haywood Cos. Mt. Hardy (Mt. Black) in the Balsam Mountains	https://lichenportal.org/portal/collections/individual/index.php?occid=898954
899166	NY	1227797	J. P. Dey	4959	0.01	42.44	North Carolina	Jackson Co.	35.3031	-82.9275	outside_boundary_exact	North Carolina, Haywood County	Jackson/Haywood Cos. Mt. Hardy (Mt. Black) in the Balsam Mountains	https://lichenportal.org/portal/collections/individual/index.php?occid=899166
900304	NY	1228472	J. P. Dey	4901	0.01	42.44	North Carolina	Jackson Co.	35.3031	-82.9275	outside_boundary_exact	North Carolina, Haywood County	Jackson/Haywood Cos. Mt. Hardy (Mt. Black) in the Balsam Mountains	https://lichenportal.org/portal/collections/individual/index.php?occid=900304
900897	NY	1229084	J. P. Dey	4803	0.01	39.46	North Carolina	Jackson Co.	35.3347	-82.9661	outside_boundary_exact	North Carolina, Haywood County	Jackson/Haywood Cos. Bear Trap Gap in the Balsam Mountains	https://lichenportal.org/portal/collections/individual/index.php?occid=900897
3185506	NY	1230954	J. P. Dey	31483	0.01	41.9	North Carolina	Swain Co.	35.5622	-83.505	outside_boundary_exact	North Carolina, Swain County	Great Smoky Mountains National Park, Mt Buckley and W slope of Clingmans Dome, along Appalachian Trail	https://lichenportal.org/portal/collections/individual/index.php?occid=3185506
3189084	NY	1684730	J. C. Lendemer	32962	0.01	71.22	North Carolina	Swain Co.	35.6925	-83.2153	outside_boundary_exact	North Carolina, Haywood County	Great Smoky Mountains National Park, true summit of Luftee Knob, E of Balsam Mountain Trail 2.25 mi E of jct w/ Appalachian Trail	https://lichenportal.org/portal/collections/individual/index.php?occid=3189084
3197287	NY	1230959	J. P. Dey	31487	0.01	41.9	North Carolina	Swain Co.	35.5622	-83.505	outside_boundary_exact	North Carolina, Swain County	Great Smoky Mountains National Park, Mt Buckley and W slope of Clingmans Dome, along Appalachian Trail	https://lichenportal.org/portal/collections/individual/index.php?occid=3197287
3202404	NY	2280310	A. J. Sharp	14	0.01	53.15	North Carolina	Jackson Co.	35.0547	-83.1511	outside_boundary_exact	North Carolina, Macon County	Black Rock Mt., Highlands	https://lichenportal.org/portal/collections/individual/index.php?occid=3202404
3202423	NY	2280326	A. J. Sharp	13	0.01	53.15	North Carolina	Jackson Co.	35.0547	-83.1511	outside_boundary_exact	North Carolina, Macon County	Black Rock Mt., Highlands	https://lichenportal.org/portal/collections/individual/index.php?occid=3202423
3208003	NY	1230097	J. P. Dey	31489	0.01	41.9	North Carolina	Swain Co.	35.5622	-83.505	outside_boundary_exact	North Carolina, Swain County	Great Smoky Mountains National Park, Mt Buckley and W slope of Clingmans Dome, along Appalachian Trail	https://lichenportal.org/portal/collections/individual/index.php?occid=3208003
3208836	NY	1684758	J. C. Lendemer	32934	0.01	71.22	North Carolina	Swain Co.	35.6925	-83.2153	outside_boundary_exact	North Carolina, Haywood County	Great Smoky Mountains National Park, true summit of Luftee Knob, E of Balsam Mountain Trail 2.25 mi E of jct w/ Appalachian Trail	https://lichenportal.org/portal/collections/individual/index.php?occid=3208836
3212221	NY	1227251	J. P. Dey	6484	0.01	63.19	North Carolina	Swain Co.	35.65986	-83.29562	outside_boundary_exact	Tennessee, Sevier County	Great Smoky Mountains National Park, Eagle Rocks, along the Appalachian Trail	https://lichenportal.org/portal/collections/individual/index.php?occid=3212221
3216344	NY	1235611	J. P. Dey	31462	0.01	41.9	North Carolina	Swain Co.	35.5622	-83.505	outside_boundary_exact	North Carolina, Swain County	Great Smoky Mountains National Park, Mt Buckley and W slope of Clingmans Dome, along Appalachian Trail	https://lichenportal.org/portal/collections/individual/index.php?occid=3216344
3216497	NY	1226669	J. P. Dey	6458	0.01	63.19	North Carolina	Swain Co.	35.65986	-83.29562	outside_boundary_exact	Tennessee, Sevier County	Great Smoky Mountains National Park, Eagle Rocks, along the Appalachian Trail	https://lichenportal.org/portal/collections/individual/index.php?occid=3216497
3216617	NY	1227551	J. P. Dey	6481	0.01	63.19	North Carolina	Swain Co.	35.65986	-83.29562	outside_boundary_exact	Tennessee, Sevier County	Great Smoky Mountains National Park, Eagle Rocks, along the Appalachian Trail	https://lichenportal.org/portal/collections/individual/index.php?occid=3216617
3216673	NY	1593363	J. P. Dey	6487	0.01	63.19	North Carolina	Swain Co.	35.65986	-83.29562	outside_boundary_exact	Tennessee, Sevier County	Great Smoky Mountains National Park, Eagle Rocks, along the Appalachian Trail	https://lichenportal.org/portal/collections/individual/index.php?occid=3216673
3218192	NY	1226201	J. P. Dey	6461	0.01	63.19	North Carolina	Swain Co.	35.65986	-83.29562	outside_boundary_exact	Tennessee, Sevier County	Great Smoky Mountains National Park, Eagle Rocks, along the Appalachian Trail	https://lichenportal.org/portal/collections/individual/index.php?occid=3218192
3222501	NY	1226198	J. P. Dey	6477	0.01	63.19	North Carolina	Swain Co.	35.65986	-83.29562	outside_boundary_exact	Tennessee, Sevier County	Great Smoky Mountains National Park, Eagle Rocks, along the Appalachian Trail	https://lichenportal.org/portal/collections/individual/index.php?occid=3222501
3225739	NY	1716446	J. P. Dey	6482	0.01	63.19	North Carolina	Swain Co.	35.65986	-83.29562	outside_boundary_exact	Tennessee, Sevier County	Great Smoky Mountains National Park, Eagle Rocks, along the Appalachian Trail	https://lichenportal.org/portal/collections/individual/index.php?occid=3225739
3228008	NY	1226209	J. P. Dey	6473	0.01	63.19	North Carolina	Swain Co.	35.65986	-83.29562	outside_boundary_exact	Tennessee, Sevier County	Great Smoky Mountains National Park, Eagle Rocks, along the Appalachian Trail	https://lichenportal.org/portal/collections/individual/index.php?occid=3228008
3228075	NY	1226621	J. P. Dey	6490	0.01	63.19	North Carolina	Swain Co.	35.65986	-83.29562	outside_boundary_exact	Tennessee, Sevier County	Great Smoky Mountains National Park, Eagle Rocks, along the Appalachian Trail	https://lichenportal.org/portal/collections/individual/index.php?occid=3228075
3228151	NY	1593407	J. P. Dey	6479	0.01	63.19	North Carolina	Swain Co.	35.65986	-83.29562	outside_boundary_exact	Tennessee, Sevier County	Great Smoky Mountains National Park, Eagle Rocks, along the Appalachian Trail	https://lichenportal.org/portal/collections/individual/index.php?occid=3228151
3228339	NY	1684723	J. C. Lendemer	32969	0.01	71.22	North Carolina	Swain Co.	35.6925	-83.2153	outside_boundary_exact	North Carolina, Haywood County	Great Smoky Mountains National Park, true summit of Luftee Knob, E of Balsam Mountain Trail 2.25 mi E of jct w/ Appalachian Trail	https://lichenportal.org/portal/collections/individual/index.php?occid=3228339
3228341	NY	1226786	J. P. Dey	6471	0.01	63.19	North Carolina	Swain Co.	35.65986	-83.29562	outside_boundary_exact	Tennessee, Sevier County	Great Smoky Mountains National Park, Eagle Rocks, along the Appalachian Trail	https://lichenportal.org/portal/collections/individual/index.php?occid=3228341
3228388	NY	1684759	J. C. Lendemer	32933	0.01	71.22	North Carolina	Swain Co.	35.6925	-83.2153	outside_boundary_exact	North Carolina, Haywood County	Great Smoky Mountains National Park, true summit of Luftee Knob, E of Balsam Mountain Trail 2.25 mi E of jct w/ Appalachian Trail	https://lichenportal.org/portal/collections/individual/index.php?occid=3228388
3228440	NY	1684751	J. C. Lendemer	32941	0.01	71.22	North Carolina	Swain Co.	35.6925	-83.2153	outside_boundary_exact	North Carolina, Haywood County	Great Smoky Mountains National Park, true summit of Luftee Knob, E of Balsam Mountain Trail 2.25 mi E of jct w/ Appalachian Trail	https://lichenportal.org/portal/collections/individual/index.php?occid=3228440
3228446	NY	1684752	J. C. Lendemer	32940	0.01	71.22	North Carolina	Swain Co.	35.6925	-83.2153	outside_boundary_exact	North Carolina, Haywood County	Great Smoky Mountains National Park, true summit of Luftee Knob, E of Balsam Mountain Trail 2.25 mi E of jct w/ Appalachian Trail	https://lichenportal.org/portal/collections/individual/index.php?occid=3228446
3228454	NY	1684749	J. C. Lendemer	32943	0.01	71.22	North Carolina	Swain Co.	35.6925	-83.2153	outside_boundary_exact	North Carolina, Haywood County	Great Smoky Mountains National Park, true summit of Luftee Knob, E of Balsam Mountain Trail 2.25 mi E of jct w/ Appalachian Trail	https://lichenportal.org/portal/collections/individual/index.php?occid=3228454
3228482	NY	1684763	J. C. Lendemer	32929	0.01	71.22	North Carolina	Swain Co.	35.6925	-83.2153	outside_boundary_exact	North Carolina, Haywood County	Great Smoky Mountains National Park, true summit of Luftee Knob, E of Balsam Mountain Trail 2.25 mi E of jct w/ Appalachian Trail	https://lichenportal.org/portal/collections/individual/index.php?occid=3228482
3228485	NY	1231870	J. P. Dey	1916	0.01	31.64	North Carolina	Mitchell Co.	36.10456	-82.12244	outside_boundary_exact	Tennessee, Carter County	Laurel Ridge Top of Roan Mountain	https://lichenportal.org/portal/collections/individual/index.php?occid=3228485
3228764	NY	1231544	J. P. Dey	31467	0.01	41.9	North Carolina	Swain Co.	35.5622	-83.505	outside_boundary_exact	North Carolina, Swain County	Great Smoky Mountains National Park, Mt Buckley and W slope of Clingmans Dome, along Appalachian Trail	https://lichenportal.org/portal/collections/individual/index.php?occid=3228764
3228765	NY	1231545	J. P. Dey	31465	0.01	41.9	North Carolina	Swain Co.	35.5622	-83.505	outside_boundary_exact	North Carolina, Swain County	Great Smoky Mountains National Park, Mt Buckley and W slope of Clingmans Dome, along Appalachian Trail	https://lichenportal.org/portal/collections/individual/index.php?occid=3228765
3228766	NY	1231546	J. P. Dey	31471	0.01	41.9	North Carolina	Swain Co.	35.5622	-83.505	outside_boundary_exact	North Carolina, Swain County	Great Smoky Mountains National Park, Mt Buckley and W slope of Clingmans Dome, along Appalachian Trail	https://lichenportal.org/portal/collections/individual/index.php?occid=3228766
3229470	NY	1725754	J. P. Dey	6545	0.01	63.19	North Carolina	Swain Co.	35.65986	-83.29562	outside_boundary_exact	Tennessee, Sevier County	Great Smoky Mountains National Park, Eagle Rocks, along the Appalachian Trail	https://lichenportal.org/portal/collections/individual/index.php?occid=3229470
3230147	NY	02375732	A. J. Sharp	11	0.01	53.15	North Carolina	Jackson Co.	35.0547	-83.1511	outside_boundary_exact	North Carolina, Macon County	Black Rock Mt., Highlands	https://lichenportal.org/portal/collections/individual/index.php?occid=3230147
3230148	NY	02375733	A. J. Sharp	6	0.01	53.15	North Carolina	Jackson Co.	35.0547	-83.1511	outside_boundary_exact	North Carolina, Macon County	Black Rock Mt., Highlands	https://lichenportal.org/portal/collections/individual/index.php?occid=3230148
3230149	NY	02375734	A. J. Sharp	1	0.01	53.15	North Carolina	Jackson Co.	35.0547	-83.1511	outside_boundary_exact	North Carolina, Macon County	Black Rock Mt., Highlands	https://lichenportal.org/portal/collections/individual/index.php?occid=3230149
3230150	NY	02375735	A. J. Sharp	10	0.01	53.15	North Carolina	Jackson Co.	35.0547	-83.1511	outside_boundary_exact	North Carolina, Macon County	Black Rock Mt., Highlands	https://lichenportal.org/portal/collections/individual/index.php?occid=3230150
3230177	NY	02375827	A. J. Sharp	3	0.01	53.15	North Carolina	Jackson Co.	35.0547	-83.1511	outside_boundary_exact	North Carolina, Macon County	Black Rock Mt., Highlands	https://lichenportal.org/portal/collections/individual/index.php?occid=3230177
3230178	NY	02375828	A. J. Sharp	7	0.01	53.15	North Carolina	Jackson Co.	35.0547	-83.1511	outside_boundary_exact	North Carolina, Macon County	Black Rock Mt., Highlands	https://lichenportal.org/portal/collections/individual/index.php?occid=3230178
3230303	NY	1231135	J. P. Dey	6476	0.01	63.19	North Carolina	Swain Co.	35.65986	-83.29562	outside_boundary_exact	Tennessee, Sevier County	Great Smoky Mountains National Park, Eagle Rocks, along the Appalachian Trail	https://lichenportal.org/portal/collections/individual/index.php?occid=3230303
3230638	NY	1230934	J. P. Dey	31477	0.01	41.9	North Carolina	Swain Co.	35.5622	-83.505	outside_boundary_exact	North Carolina, Swain County	Great Smoky Mountains National Park, Mt Buckley and W slope of Clingmans Dome, along Appalachian Trail	https://lichenportal.org/portal/collections/individual/index.php?occid=3230638
3230825	NY	1684760	J. C. Lendemer	32932	0.01	71.22	North Carolina	Swain Co.	35.6925	-83.2153	outside_boundary_exact	North Carolina, Haywood County	Great Smoky Mountains National Park, true summit of Luftee Knob, E of Balsam Mountain Trail 2.25 mi E of jct w/ Appalachian Trail	https://lichenportal.org/portal/collections/individual/index.php?occid=3230825
3230875	NY	2606191	J. L. Allen	3890	0.01	32.37	North Carolina	Graham Co.	35.3256	-83.6808	outside_boundary_exact	North Carolina, Swain County	Nantahala National Forest, on Appalachian Trail ~0.5 mi NW of Cheoah Bald	https://lichenportal.org/portal/collections/individual/index.php?occid=3230875
3231331	NY	1684743	J. C. Lendemer	32949	0.01	71.22	North Carolina	Swain Co.	35.6925	-83.2153	outside_boundary_exact	North Carolina, Haywood County	Great Smoky Mountains National Park, true summit of Luftee Knob, E of Balsam Mountain Trail 2.25 mi E of jct w/ Appalachian Trail	https://lichenportal.org/portal/collections/individual/index.php?occid=3231331
3231450	NY	1684705	J. C. Lendemer	32987	0.01	71.22	North Carolina	Swain Co.	35.6925	-83.2153	outside_boundary_exact	North Carolina, Haywood County	Great Smoky Mountains National Park, true summit of Luftee Knob, E of Balsam Mountain Trail 2.25 mi E of jct w/ Appalachian Trail	https://lichenportal.org/portal/collections/individual/index.php?occid=3231450
3231523	NY	1224137	J. P. Dey	6552	0.01	63.19	North Carolina	Swain Co.	35.65986	-83.29562	outside_boundary_exact	Tennessee, Sevier County	Great Smoky Mountains National Park, Eagle Rocks, along the Appalachian Trail	https://lichenportal.org/portal/collections/individual/index.php?occid=3231523
3231984	NY	1684718	J. C. Lendemer	32974	0.01	71.22	North Carolina	Swain Co.	35.6925	-83.2153	outside_boundary_exact	North Carolina, Haywood County	Great Smoky Mountains National Park, true summit of Luftee Knob, E of Balsam Mountain Trail 2.25 mi E of jct w/ Appalachian Trail	https://lichenportal.org/portal/collections/individual/index.php?occid=3231984
3232339	NY	1684719	J. C. Lendemer	32973	0.01	71.22	North Carolina	Swain Co.	35.6925	-83.2153	outside_boundary_exact	North Carolina, Haywood County	Great Smoky Mountains National Park, true summit of Luftee Knob, E of Balsam Mountain Trail 2.25 mi E of jct w/ Appalachian Trail	https://lichenportal.org/portal/collections/individual/index.php?occid=3232339
3232380	NY	1684728	J. C. Lendemer	32964	0.01	71.22	North Carolina	Swain Co.	35.6925	-83.2153	outside_boundary_exact	North Carolina, Haywood County	Great Smoky Mountains National Park, true summit of Luftee Knob, E of Balsam Mountain Trail 2.25 mi E of jct w/ Appalachian Trail	https://lichenportal.org/portal/collections/individual/index.php?occid=3232380
3232383	NY	1684748	J. C. Lendemer	32944	0.01	71.22	North Carolina	Swain Co.	35.6925	-83.2153	outside_boundary_exact	North Carolina, Haywood County	Great Smoky Mountains National Park, true summit of Luftee Knob, E of Balsam Mountain Trail 2.25 mi E of jct w/ Appalachian Trail	https://lichenportal.org/portal/collections/individual/index.php?occid=3232383
3232406	NY	1230958	J. P. Dey	31469	0.01	41.9	North Carolina	Swain Co.	35.5622	-83.505	outside_boundary_exact	North Carolina, Swain County	Great Smoky Mountains National Park, Mt Buckley and W slope of Clingmans Dome, along Appalachian Trail	https://lichenportal.org/portal/collections/individual/index.php?occid=3232406
3232494	NY	1684715	J. C. Lendemer	32977	0.01	71.22	North Carolina	Swain Co.	35.6925	-83.2153	outside_boundary_exact	North Carolina, Haywood County	Great Smoky Mountains National Park, true summit of Luftee Knob, E of Balsam Mountain Trail 2.25 mi E of jct w/ Appalachian Trail	https://lichenportal.org/portal/collections/individual/index.php?occid=3232494
3233509	NY	1684744	J. C. Lendemer	32948	0.01	71.22	North Carolina	Swain Co.	35.6925	-83.2153	outside_boundary_exact	North Carolina, Haywood County	Great Smoky Mountains National Park, true summit of Luftee Knob, E of Balsam Mountain Trail 2.25 mi E of jct w/ Appalachian Trail	https://lichenportal.org/portal/collections/individual/index.php?occid=3233509
3233528	NY	1227743	J. P. Dey	6488	0.01	63.19	North Carolina	Swain Co.	35.65986	-83.29562	outside_boundary_exact	Tennessee, Sevier County	Great Smoky Mountains National Park, Eagle Rocks, along the Appalachian Trail	https://lichenportal.org/portal/collections/individual/index.php?occid=3233528
3233544	NY	1230051	J. P. Dey	31463	0.01	41.9	North Carolina	Swain Co.	35.5622	-83.505	outside_boundary_exact	North Carolina, Swain County	Great Smoky Mountains National Park, Mt Buckley and W slope of Clingmans Dome, along Appalachian Trail	https://lichenportal.org/portal/collections/individual/index.php?occid=3233544
3233728	NY	1684734	J. C. Lendemer	32958	0.01	71.22	North Carolina	Swain Co.	35.6925	-83.2153	outside_boundary_exact	North Carolina, Haywood County	Great Smoky Mountains National Park, true summit of Luftee Knob, E of Balsam Mountain Trail 2.25 mi E of jct w/ Appalachian Trail	https://lichenportal.org/portal/collections/individual/index.php?occid=3233728
3233990	NY	1684725	J. C. Lendemer	32967	0.01	71.22	North Carolina	Swain Co.	35.6925	-83.2153	outside_boundary_exact	North Carolina, Haywood County	Great Smoky Mountains National Park, true summit of Luftee Knob, E of Balsam Mountain Trail 2.25 mi E of jct w/ Appalachian Trail	https://lichenportal.org/portal/collections/individual/index.php?occid=3233990
3234150	NY	1684768	J. C. Lendemer	32925	0.01	71.22	North Carolina	Swain Co.	35.6925	-83.2153	outside_boundary_exact	North Carolina, Haywood County	Great Smoky Mountains National Park, true summit of Luftee Knob, E of Balsam Mountain Trail 2.25 mi E of jct w/ Appalachian Trail	https://lichenportal.org/portal/collections/individual/index.php?occid=3234150
3234238	NY	1230100	J. P. Dey	31474	0.01	41.9	North Carolina	Swain Co.	35.5622	-83.505	outside_boundary_exact	North Carolina, Swain County	Great Smoky Mountains National Park, Mt Buckley and W slope of Clingmans Dome, along Appalachian Trail	https://lichenportal.org/portal/collections/individual/index.php?occid=3234238
3234372	NY	1684756	J. C. Lendemer	32936	0.01	71.22	North Carolina	Swain Co.	35.6925	-83.2153	outside_boundary_exact	North Carolina, Haywood County	Great Smoky Mountains National Park, true summit of Luftee Knob, E of Balsam Mountain Trail 2.25 mi E of jct w/ Appalachian Trail	https://lichenportal.org/portal/collections/individual/index.php?occid=3234372
3234477	NY	1231625	J. P. Dey	6472	0.01	63.19	North Carolina	Swain Co.	35.65986	-83.29562	outside_boundary_exact	Tennessee, Sevier County	Great Smoky Mountains National Park, Eagle Rocks, along the Appalachian Trail	https://lichenportal.org/portal/collections/individual/index.php?occid=3234477
3234489	NY	1684739	J. C. Lendemer	32953	0.01	71.22	North Carolina	Swain Co.	35.6925	-83.2153	outside_boundary_exact	North Carolina, Haywood County	Great Smoky Mountains National Park, true summit of Luftee Knob, E of Balsam Mountain Trail 2.25 mi E of jct w/ Appalachian Trail	https://lichenportal.org/portal/collections/individual/index.php?occid=3234489
3234570	NY	1684720	J. C. Lendemer	32972	0.01	71.22	North Carolina	Swain Co.	35.6925	-83.2153	outside_boundary_exact	North Carolina, Haywood County	Great Smoky Mountains National Park, true summit of Luftee Knob, E of Balsam Mountain Trail 2.25 mi E of jct w/ Appalachian Trail	https://lichenportal.org/portal/collections/individual/index.php?occid=3234570
3234645	NY	1684714	J. C. Lendemer	32978	0.01	71.22	North Carolina	Swain Co.	35.6925	-83.2153	outside_boundary_exact	North Carolina, Haywood County	Great Smoky Mountains National Park, true summit of Luftee Knob, E of Balsam Mountain Trail 2.25 mi E of jct w/ Appalachian Trail	https://lichenportal.org/portal/collections/individual/index.php?occid=3234645
3234861	NY	1226708	J. P. Dey	6547	0.01	63.19	North Carolina	Swain Co.	35.65986	-83.29562	outside_boundary_exact	Tennessee, Sevier County	Great Smoky Mountains National Park, Eagle Rocks, along the Appalachian Trail	https://lichenportal.org/portal/collections/individual/index.php?occid=3234861
3234862	NY	1226709	J. P. Dey	6494	0.01	63.19	North Carolina	Swain Co.	35.65986	-83.29562	outside_boundary_exact	Tennessee, Sevier County	Great Smoky Mountains National Park, Eagle Rocks, along the Appalachian Trail	https://lichenportal.org/portal/collections/individual/index.php?occid=3234862
3234873	NY	1230321	J. P. Dey	6469	0.01	63.19	North Carolina	Swain Co.	35.65986	-83.29562	outside_boundary_exact	Tennessee, Sevier County	Great Smoky Mountains National Park, Eagle Rocks, along the Appalachian Trail	https://lichenportal.org/portal/collections/individual/index.php?occid=3234873
3235031	NY	1230957	J. P. Dey	31470	0.01	41.9	North Carolina	Swain Co.	35.5622	-83.505	outside_boundary_exact	North Carolina, Swain County	Great Smoky Mountains National Park, Mt Buckley and W slope of Clingmans Dome, along Appalachian Trail	https://lichenportal.org/portal/collections/individual/index.php?occid=3235031
3235595	NY	1230590	J. P. Dey	6485	0.01	63.19	North Carolina	Swain Co.	35.65986	-83.29562	outside_boundary_exact	Tennessee, Sevier County	Great Smoky Mountains National Park, Eagle Rocks, along the Appalachian Trail	https://lichenportal.org/portal/collections/individual/index.php?occid=3235595
3235645	NY	1684706	J. C. Lendemer	32986	0.01	71.22	North Carolina	Swain Co.	35.6925	-83.2153	outside_boundary_exact	North Carolina, Haywood County	Great Smoky Mountains National Park, true summit of Luftee Knob, E of Balsam Mountain Trail 2.25 mi E of jct w/ Appalachian Trail	https://lichenportal.org/portal/collections/individual/index.php?occid=3235645
3235674	NY	1684764	J. C. Lendemer	32928	0.01	71.22	North Carolina	Swain Co.	35.6925	-83.2153	outside_boundary_exact	North Carolina, Haywood County	Great Smoky Mountains National Park, true summit of Luftee Knob, E of Balsam Mountain Trail 2.25 mi E of jct w/ Appalachian Trail	https://lichenportal.org/portal/collections/individual/index.php?occid=3235674
3235757	NY	1684707	J. C. Lendemer	32985	0.01	71.22	North Carolina	Swain Co.	35.6925	-83.2153	outside_boundary_exact	North Carolina, Haywood County	Great Smoky Mountains National Park, true summit of Luftee Knob, E of Balsam Mountain Trail 2.25 mi E of jct w/ Appalachian Trail	https://lichenportal.org/portal/collections/individual/index.php?occid=3235757
3235814	NY	1684742	J. C. Lendemer	32950	0.01	71.22	North Carolina	Swain Co.	35.6925	-83.2153	outside_boundary_exact	North Carolina, Haywood County	Great Smoky Mountains National Park, true summit of Luftee Knob, E of Balsam Mountain Trail 2.25 mi E of jct w/ Appalachian Trail	https://lichenportal.org/portal/collections/individual/index.php?occid=3235814
3235843	NY	1684765	J. C. Lendemer	32927	0.01	71.22	North Carolina	Swain Co.	35.6925	-83.2153	outside_boundary_exact	North Carolina, Haywood County	Great Smoky Mountains National Park, true summit of Luftee Knob, E of Balsam Mountain Trail 2.25 mi E of jct w/ Appalachian Trail	https://lichenportal.org/portal/collections/individual/index.php?occid=3235843
3235844	NY	1230099	J. P. Dey	31476	0.01	41.9	North Carolina	Swain Co.	35.5622	-83.505	outside_boundary_exact	North Carolina, Swain County	Great Smoky Mountains National Park, Mt Buckley and W slope of Clingmans Dome, along Appalachian Trail	https://lichenportal.org/portal/collections/individual/index.php?occid=3235844
3236043	NY	1684740	J. C. Lendemer	32952	0.01	71.22	North Carolina	Swain Co.	35.6925	-83.2153	outside_boundary_exact	North Carolina, Haywood County	Great Smoky Mountains National Park, true summit of Luftee Knob, E of Balsam Mountain Trail 2.25 mi E of jct w/ Appalachian Trail	https://lichenportal.org/portal/collections/individual/index.php?occid=3236043
3236048	NY	1230053	J. P. Dey	31460	0.01	41.9	North Carolina	Swain Co.	35.5622	-83.505	outside_boundary_exact	North Carolina, Swain County	Great Smoky Mountains National Park, Mt Buckley and W slope of Clingmans Dome, along Appalachian Trail	https://lichenportal.org/portal/collections/individual/index.php?occid=3236048
3236049	NY	1230059	J. P. Dey	31454	0.01	41.9	North Carolina	Swain Co.	35.5622	-83.505	outside_boundary_exact	North Carolina, Swain County	Great Smoky Mountains National Park, Mt Buckley and W slope of Clingmans Dome, along Appalachian Trail	https://lichenportal.org/portal/collections/individual/index.php?occid=3236049
3236056	NY	1684731	J. C. Lendemer	32961	0.01	71.22	North Carolina	Swain Co.	35.6925	-83.2153	outside_boundary_exact	North Carolina, Haywood County	Great Smoky Mountains National Park, true summit of Luftee Knob, E of Balsam Mountain Trail 2.25 mi E of jct w/ Appalachian Trail	https://lichenportal.org/portal/collections/individual/index.php?occid=3236056
3236079	NY	1684750	J. C. Lendemer	32942	0.01	71.22	North Carolina	Swain Co.	35.6925	-83.2153	outside_boundary_exact	North Carolina, Haywood County	Great Smoky Mountains National Park, true summit of Luftee Knob, E of Balsam Mountain Trail 2.25 mi E of jct w/ Appalachian Trail	https://lichenportal.org/portal/collections/individual/index.php?occid=3236079
3236159	NY	1224526	J. P. Dey	6550	0.01	63.19	North Carolina	Swain Co.	35.65986	-83.29562	outside_boundary_exact	Tennessee, Sevier County	Great Smoky Mountains National Park, Eagle Rocks, along the Appalachian Trail	https://lichenportal.org/portal/collections/individual/index.php?occid=3236159
3236163	NY	1684747	J. C. Lendemer	32945	0.01	71.22	North Carolina	Swain Co.	35.6925	-83.2153	outside_boundary_exact	North Carolina, Haywood County	Great Smoky Mountains National Park, true summit of Luftee Knob, E of Balsam Mountain Trail 2.25 mi E of jct w/ Appalachian Trail	https://lichenportal.org/portal/collections/individual/index.php?occid=3236163
3236164	NY	1230055	J. P. Dey	31458	0.01	41.9	North Carolina	Swain Co.	35.5622	-83.505	outside_boundary_exact	North Carolina, Swain County	Great Smoky Mountains National Park, Mt Buckley and W slope of Clingmans Dome, along Appalachian Trail	https://lichenportal.org/portal/collections/individual/index.php?occid=3236164
3236202	NY	1231348	J. P. Dey	6551	0.01	63.19	North Carolina	Swain Co.	35.65986	-83.29562	outside_boundary_exact	Tennessee, Sevier County	Great Smoky Mountains National Park, Eagle Rocks, along the Appalachian Trail	https://lichenportal.org/portal/collections/individual/index.php?occid=3236202
3236461	NY	1226670	J. P. Dey	6474	0.01	63.19	North Carolina	Swain Co.	35.65986	-83.29562	outside_boundary_exact	Tennessee, Sevier County	Great Smoky Mountains National Park, Eagle Rocks, along the Appalachian Trail	https://lichenportal.org/portal/collections/individual/index.php?occid=3236461
3236462	NY	1226671	J. P. Dey	6544	0.01	63.19	North Carolina	Swain Co.	35.65986	-83.29562	outside_boundary_exact	Tennessee, Sevier County	Great Smoky Mountains National Park, Eagle Rocks, along the Appalachian Trail	https://lichenportal.org/portal/collections/individual/index.php?occid=3236462
3236584	NY	1231020	J. P. Dey	6486	0.01	63.19	North Carolina	Swain Co.	35.65986	-83.29562	outside_boundary_exact	Tennessee, Sevier County	Great Smoky Mountains National Park, Eagle Rocks, along the Appalachian Trail	https://lichenportal.org/portal/collections/individual/index.php?occid=3236584
3236654	NY	1684732	J. C. Lendemer	32960	0.01	71.22	North Carolina	Swain Co.	35.6925	-83.2153	outside_boundary_exact	North Carolina, Haywood County	Great Smoky Mountains National Park, true summit of Luftee Knob, E of Balsam Mountain Trail 2.25 mi E of jct w/ Appalachian Trail	https://lichenportal.org/portal/collections/individual/index.php?occid=3236654
3236986	NY	1684767	J. C. Lendemer	32925A	0.01	71.22	North Carolina	Swain Co.	35.6925	-83.2153	outside_boundary_exact	North Carolina, Haywood County	Great Smoky Mountains National Park, true summit of Luftee Knob, E of Balsam Mountain Trail 2.25 mi E of jct w/ Appalachian Trail	https://lichenportal.org/portal/collections/individual/index.php?occid=3236986
3237008	NY	1684722	J. C. Lendemer	32970	0.01	71.22	North Carolina	Swain Co.	35.6925	-83.2153	outside_boundary_exact	North Carolina, Haywood County	Great Smoky Mountains National Park, true summit of Luftee Knob, E of Balsam Mountain Trail 2.25 mi E of jct w/ Appalachian Trail	https://lichenportal.org/portal/collections/individual/index.php?occid=3237008
3237121	NY	1684761	J. C. Lendemer	32931	0.01	71.22	North Carolina	Swain Co.	35.6925	-83.2153	outside_boundary_exact	North Carolina, Haywood County	Great Smoky Mountains National Park, true summit of Luftee Knob, E of Balsam Mountain Trail 2.25 mi E of jct w/ Appalachian Trail	https://lichenportal.org/portal/collections/individual/index.php?occid=3237121
3237283	NY	1230057	J. P. Dey	31456	0.01	41.9	North Carolina	Swain Co.	35.5622	-83.505	outside_boundary_exact	North Carolina, Swain County	Great Smoky Mountains National Park, Mt Buckley and W slope of Clingmans Dome, along Appalachian Trail	https://lichenportal.org/portal/collections/individual/index.php?occid=3237283
3237320	NY	1230101	J. P. Dey	31473	0.01	41.9	North Carolina	Swain Co.	35.5622	-83.505	outside_boundary_exact	North Carolina, Swain County	Great Smoky Mountains National Park, Mt Buckley and W slope of Clingmans Dome, along Appalachian Trail	https://lichenportal.org/portal/collections/individual/index.php?occid=3237320
3237360	NY	1225568	J. P. Dey	6489	0.01	63.19	North Carolina	Swain Co.	35.65986	-83.29562	outside_boundary_exact	Tennessee, Sevier County	Great Smoky Mountains National Park, Eagle Rocks, along the Appalachian Trail	https://lichenportal.org/portal/collections/individual/index.php?occid=3237360
3237370	NY	1684753	J. C. Lendemer	32939	0.01	71.22	North Carolina	Swain Co.	35.6925	-83.2153	outside_boundary_exact	North Carolina, Haywood County	Great Smoky Mountains National Park, true summit of Luftee Knob, E of Balsam Mountain Trail 2.25 mi E of jct w/ Appalachian Trail	https://lichenportal.org/portal/collections/individual/index.php?occid=3237370
3237397	NY	1230983	J. P. Dey	6555	0.01	63.19	North Carolina	Swain Co.	35.65986	-83.29562	outside_boundary_exact	Tennessee, Sevier County	Great Smoky Mountains National Park, Eagle Rocks, along the Appalachian Trail	https://lichenportal.org/portal/collections/individual/index.php?occid=3237397
3237423	NY	1684709	J. C. Lendemer	32983	0.01	71.22	North Carolina	Swain Co.	35.6925	-83.2153	outside_boundary_exact	North Carolina, Haywood County	Great Smoky Mountains National Park, true summit of Luftee Knob, E of Balsam Mountain Trail 2.25 mi E of jct w/ Appalachian Trail	https://lichenportal.org/portal/collections/individual/index.php?occid=3237423
3237424	NY	1684737	J. C. Lendemer	32955	0.01	71.22	North Carolina	Swain Co.	35.6925	-83.2153	outside_boundary_exact	North Carolina, Haywood County	Great Smoky Mountains National Park, true summit of Luftee Knob, E of Balsam Mountain Trail 2.25 mi E of jct w/ Appalachian Trail	https://lichenportal.org/portal/collections/individual/index.php?occid=3237424
3237511	NY	1684721	J. C. Lendemer	32971	0.01	71.22	North Carolina	Swain Co.	35.6925	-83.2153	outside_boundary_exact	North Carolina, Haywood County	Great Smoky Mountains National Park, true summit of Luftee Knob, E of Balsam Mountain Trail 2.25 mi E of jct w/ Appalachian Trail	https://lichenportal.org/portal/collections/individual/index.php?occid=3237511
3237560	NY	1684716	J. C. Lendemer	32976	0.01	71.22	North Carolina	Swain Co.	35.6925	-83.2153	outside_boundary_exact	North Carolina, Haywood County	Great Smoky Mountains National Park, true summit of Luftee Knob, E of Balsam Mountain Trail 2.25 mi E of jct w/ Appalachian Trail	https://lichenportal.org/portal/collections/individual/index.php?occid=3237560
3237611	NY	1230955	J. P. Dey	31466	0.01	41.9	North Carolina	Swain Co.	35.5622	-83.505	outside_boundary_exact	North Carolina, Swain County	Great Smoky Mountains National Park, Mt Buckley and W slope of Clingmans Dome, along Appalachian Trail	https://lichenportal.org/portal/collections/individual/index.php?occid=3237611
3237612	NY	1230956	J. P. Dey	31468	0.01	41.9	North Carolina	Swain Co.	35.5622	-83.505	outside_boundary_exact	North Carolina, Swain County	Great Smoky Mountains National Park, Mt Buckley and W slope of Clingmans Dome, along Appalachian Trail	https://lichenportal.org/portal/collections/individual/index.php?occid=3237612
3237640	NY	1684762	J. C. Lendemer	32930	0.01	71.22	North Carolina	Swain Co.	35.6925	-83.2153	outside_boundary_exact	North Carolina, Haywood County	Great Smoky Mountains National Park, true summit of Luftee Knob, E of Balsam Mountain Trail 2.25 mi E of jct w/ Appalachian Trail	https://lichenportal.org/portal/collections/individual/index.php?occid=3237640
3237654	NY	1230102	J. P. Dey	31472	0.01	41.9	North Carolina	Swain Co.	35.5622	-83.505	outside_boundary_exact	North Carolina, Swain County	Great Smoky Mountains National Park, Mt Buckley and W slope of Clingmans Dome, along Appalachian Trail	https://lichenportal.org/portal/collections/individual/index.php?occid=3237654
3237694	NY	1230056	J. P. Dey	31457	0.01	41.9	North Carolina	Swain Co.	35.5622	-83.505	outside_boundary_exact	North Carolina, Swain County	Great Smoky Mountains National Park, Mt Buckley and W slope of Clingmans Dome, along Appalachian Trail	https://lichenportal.org/portal/collections/individual/index.php?occid=3237694
3237878	NY	1684745	J. C. Lendemer	32947	0.01	71.22	North Carolina	Swain Co.	35.6925	-83.2153	outside_boundary_exact	North Carolina, Haywood County	Great Smoky Mountains National Park, true summit of Luftee Knob, E of Balsam Mountain Trail 2.25 mi E of jct w/ Appalachian Trail	https://lichenportal.org/portal/collections/individual/index.php?occid=3237878
3237923	NY	1684757	J. C. Lendemer	32935	0.01	71.22	North Carolina	Swain Co.	35.6925	-83.2153	outside_boundary_exact	North Carolina, Haywood County	Great Smoky Mountains National Park, true summit of Luftee Knob, E of Balsam Mountain Trail 2.25 mi E of jct w/ Appalachian Trail	https://lichenportal.org/portal/collections/individual/index.php?occid=3237923
3238135	NY	1684710	J. C. Lendemer	32982	0.01	71.22	North Carolina	Swain Co.	35.6925	-83.2153	outside_boundary_exact	North Carolina, Haywood County	Great Smoky Mountains National Park, true summit of Luftee Knob, E of Balsam Mountain Trail 2.25 mi E of jct w/ Appalachian Trail	https://lichenportal.org/portal/collections/individual/index.php?occid=3238135
3238152	NY	1230054	J. P. Dey	31459	0.01	41.9	North Carolina	Swain Co.	35.5622	-83.505	outside_boundary_exact	North Carolina, Swain County	Great Smoky Mountains National Park, Mt Buckley and W slope of Clingmans Dome, along Appalachian Trail	https://lichenportal.org/portal/collections/individual/index.php?occid=3238152
3238195	NY	1226479	J. P. Dey	6457	0.01	63.19	North Carolina	Swain Co.	35.65986	-83.29562	outside_boundary_exact	Tennessee, Sevier County	Great Smoky Mountains National Park, Eagle Rocks, along the Appalachian Trail	https://lichenportal.org/portal/collections/individual/index.php?occid=3238195
3238214	NY	1684711	J. C. Lendemer	32981	0.01	71.22	North Carolina	Swain Co.	35.6925	-83.2153	outside_boundary_exact	North Carolina, Haywood County	Great Smoky Mountains National Park, true summit of Luftee Knob, E of Balsam Mountain Trail 2.25 mi E of jct w/ Appalachian Trail	https://lichenportal.org/portal/collections/individual/index.php?occid=3238214
3238227	NY	1230058	J. P. Dey	31455	0.01	41.9	North Carolina	Swain Co.	35.5622	-83.505	outside_boundary_exact	North Carolina, Swain County	Great Smoky Mountains National Park, Mt Buckley and W slope of Clingmans Dome, along Appalachian Trail	https://lichenportal.org/portal/collections/individual/index.php?occid=3238227
3238296	NY	1684708	J. C. Lendemer	32984	0.01	71.22	North Carolina	Swain Co.	35.6925	-83.2153	outside_boundary_exact	North Carolina, Haywood County	Great Smoky Mountains National Park, true summit of Luftee Knob, E of Balsam Mountain Trail 2.25 mi E of jct w/ Appalachian Trail	https://lichenportal.org/portal/collections/individual/index.php?occid=3238296
3238448	NY	1230060	J. P. Dey	31453	0.01	41.9	North Carolina	Swain Co.	35.5622	-83.505	outside_boundary_exact	North Carolina, Swain County	Great Smoky Mountains National Park, Mt Buckley and W slope of Clingmans Dome, along Appalachian Trail	https://lichenportal.org/portal/collections/individual/index.php?occid=3238448
3238597	NY	1234333	J. P. Dey	1912	0.01	31.64	North Carolina	Mitchell Co.	36.10456	-82.12244	outside_boundary_exact	Tennessee, Carter County	Laurel Ridge Top of Roan Mountain	https://lichenportal.org/portal/collections/individual/index.php?occid=3238597
3238727	NY	1684755	J. C. Lendemer	32937	0.01	71.22	North Carolina	Swain Co.	35.6925	-83.2153	outside_boundary_exact	North Carolina, Haywood County	Great Smoky Mountains National Park, true summit of Luftee Knob, E of Balsam Mountain Trail 2.25 mi E of jct w/ Appalachian Trail	https://lichenportal.org/portal/collections/individual/index.php?occid=3238727
3239458	NY	1684733	J. C. Lendemer	32959	0.01	71.22	North Carolina	Swain Co.	35.6925	-83.2153	outside_boundary_exact	North Carolina, Haywood County	Great Smoky Mountains National Park, true summit of Luftee Knob, E of Balsam Mountain Trail 2.25 mi E of jct w/ Appalachian Trail	https://lichenportal.org/portal/collections/individual/index.php?occid=3239458
3239872	NY	1865729	J. P. Dey	1909	0.01	31.64	North Carolina	Mitchell Co.	36.10456	-82.12244	outside_boundary_exact	Tennessee, Carter County	Laurel Ridge Top of Roan Mountain	https://lichenportal.org/portal/collections/individual/index.php?occid=3239872
3239898	NY	2204212	J. Hollinger	6136	0.01	57.08	North Carolina	Swain Co.	35.645	-83.3614	outside_boundary_exact	Tennessee, Sevier County	Great Smoky Mountains National Park, Appalachian Trail near Charlies Bunion	https://lichenportal.org/portal/collections/individual/index.php?occid=3239898
3239962	NY	1230158	J. P. Dey	31486	0.01	41.9	North Carolina	Swain Co.	35.5622	-83.505	outside_boundary_exact	North Carolina, Swain County	Great Smoky Mountains National Park, Mt Buckley and W slope of Clingmans Dome, along Appalachian Trail	https://lichenportal.org/portal/collections/individual/index.php?occid=3239962
3239965	NY	1230952	J. P. Dey	31484	0.01	41.9	North Carolina	Swain Co.	35.5622	-83.505	outside_boundary_exact	North Carolina, Swain County	Great Smoky Mountains National Park, Mt Buckley and W slope of Clingmans Dome, along Appalachian Trail	https://lichenportal.org/portal/collections/individual/index.php?occid=3239965
3239966	NY	1230953	J. P. Dey	31485	0.01	41.9	North Carolina	Swain Co.	35.5622	-83.505	outside_boundary_exact	North Carolina, Swain County	Great Smoky Mountains National Park, Mt Buckley and W slope of Clingmans Dome, along Appalachian Trail	https://lichenportal.org/portal/collections/individual/index.php?occid=3239966
3240028	NY	1684766	J. C. Lendemer	32926	0.01	71.22	North Carolina	Swain Co.	35.6925	-83.2153	outside_boundary_exact	North Carolina, Haywood County	Great Smoky Mountains National Park, true summit of Luftee Knob, E of Balsam Mountain Trail 2.25 mi E of jct w/ Appalachian Trail	https://lichenportal.org/portal/collections/individual/index.php?occid=3240028
3240077	NY	1684726	J. C. Lendemer	32966	0.01	71.22	North Carolina	Swain Co.	35.6925	-83.2153	outside_boundary_exact	North Carolina, Haywood County	Great Smoky Mountains National Park, true summit of Luftee Knob, E of Balsam Mountain Trail 2.25 mi E of jct w/ Appalachian Trail	https://lichenportal.org/portal/collections/individual/index.php?occid=3240077
3240114	NY	1219864	J. Hollinger	1577	0.01	42.51	North Carolina	Swain Co.	35.5631	-83.4983	outside_boundary_exact	Tennessee, Sevier County	Great Smoky Mountains National Park, Clingmans Dome	https://lichenportal.org/portal/collections/individual/index.php?occid=3240114
3240207	NY	1231551	J. P. Dey	31475	0.01	41.9	North Carolina	Swain Co.	35.5622	-83.505	outside_boundary_exact	North Carolina, Swain County	Great Smoky Mountains National Park, Mt Buckley and W slope of Clingmans Dome, along Appalachian Trail	https://lichenportal.org/portal/collections/individual/index.php?occid=3240207
3240210	NY	1230190	J. P. Dey	31478	0.01	41.9	North Carolina	Swain Co.	35.5622	-83.505	outside_boundary_exact	North Carolina, Swain County	Great Smoky Mountains National Park, Mt Buckley and W slope of Clingmans Dome, along Appalachian Trail	https://lichenportal.org/portal/collections/individual/index.php?occid=3240210
3240560	NY	1235633	J. P. Dey	31490	0.01	41.9	North Carolina	Swain Co.	35.5622	-83.505	outside_boundary_exact	North Carolina, Swain County	Great Smoky Mountains National Park, Mt Buckley and W slope of Clingmans Dome, along Appalachian Trail	https://lichenportal.org/portal/collections/individual/index.php?occid=3240560
3240654	NY	1684735	J. C. Lendemer	32957	0.01	71.22	North Carolina	Swain Co.	35.6925	-83.2153	outside_boundary_exact	North Carolina, Haywood County	Great Smoky Mountains National Park, true summit of Luftee Knob, E of Balsam Mountain Trail 2.25 mi E of jct w/ Appalachian Trail	https://lichenportal.org/portal/collections/individual/index.php?occid=3240654
3240655	NY	1684746	J. C. Lendemer	32946	0.01	71.22	North Carolina	Swain Co.	35.6925	-83.2153	outside_boundary_exact	North Carolina, Haywood County	Great Smoky Mountains National Park, true summit of Luftee Knob, E of Balsam Mountain Trail 2.25 mi E of jct w/ Appalachian Trail	https://lichenportal.org/portal/collections/individual/index.php?occid=3240655
3240662	NY	1230050	J. P. Dey	31464	0.01	41.9	North Carolina	Swain Co.	35.5622	-83.505	outside_boundary_exact	North Carolina, Swain County	Great Smoky Mountains National Park, Mt Buckley and W slope of Clingmans Dome, along Appalachian Trail	https://lichenportal.org/portal/collections/individual/index.php?occid=3240662
3240664	NY	1230098	J. P. Dey	31488	0.01	41.9	North Carolina	Swain Co.	35.5622	-83.505	outside_boundary_exact	North Carolina, Swain County	Great Smoky Mountains National Park, Mt Buckley and W slope of Clingmans Dome, along Appalachian Trail	https://lichenportal.org/portal/collections/individual/index.php?occid=3240664
3240691	NY	1231898	J. P. Dey	6495	0.01	63.19	North Carolina	Swain Co.	35.65986	-83.29562	outside_boundary_exact	Tennessee, Sevier County	Great Smoky Mountains National Park, Eagle Rocks, along the Appalachian Trail	https://lichenportal.org/portal/collections/individual/index.php?occid=3240691
3240848	NY	1684717	J. C. Lendemer	32975	0.01	71.22	North Carolina	Swain Co.	35.6925	-83.2153	outside_boundary_exact	North Carolina, Haywood County	Great Smoky Mountains National Park, true summit of Luftee Knob, E of Balsam Mountain Trail 2.25 mi E of jct w/ Appalachian Trail	https://lichenportal.org/portal/collections/individual/index.php?occid=3240848
3240849	NY	1684736	J. C. Lendemer	32956	0.01	71.22	North Carolina	Swain Co.	35.6925	-83.2153	outside_boundary_exact	North Carolina, Haywood County	Great Smoky Mountains National Park, true summit of Luftee Knob, E of Balsam Mountain Trail 2.25 mi E of jct w/ Appalachian Trail	https://lichenportal.org/portal/collections/individual/index.php?occid=3240849
3240853	NY	1230052	J. P. Dey	31461	0.01	41.9	North Carolina	Swain Co.	35.5622	-83.505	outside_boundary_exact	North Carolina, Swain County	Great Smoky Mountains National Park, Mt Buckley and W slope of Clingmans Dome, along Appalachian Trail	https://lichenportal.org/portal/collections/individual/index.php?occid=3240853
3240895	NY	1230235	J. P. Dey	4923	0.01	42.44	North Carolina	Jackson Co.	35.3031	-82.9275	outside_boundary_exact	North Carolina, Haywood County	Jackson/Haywood Cos. Mt. Hardy (Mt. Black) in the Balsam Mountains	https://lichenportal.org/portal/collections/individual/index.php?occid=3240895
3240896	NY	1230240	J. P. Dey	6243	0.01	42.44	North Carolina	Jackson Co.	35.3031	-82.9275	outside_boundary_exact	North Carolina, Haywood County	Jackson/Haywood Cos. Mt. Hardy (Mt. Black) in the Balsam Mountains	https://lichenportal.org/portal/collections/individual/index.php?occid=3240896
3240897	NY	1231924	J. P. Dey	4909	0.01	42.44	North Carolina	Jackson Co.	35.3031	-82.9275	outside_boundary_exact	North Carolina, Haywood County	Jackson/Haywood Cos. Mt. Hardy (Mt. Black) in the Balsam Mountains	https://lichenportal.org/portal/collections/individual/index.php?occid=3240897
3240898	NY	1231926	J. P. Dey	4925	0.01	42.44	North Carolina	Jackson Co.	35.3031	-82.9275	outside_boundary_exact	North Carolina, Haywood County	Jackson/Haywood Cos. Mt. Hardy (Mt. Black) in the Balsam Mountains	https://lichenportal.org/portal/collections/individual/index.php?occid=3240898
3240899	NY	1229665	J. P. Dey	4931	0.01	42.44	North Carolina	Jackson Co.	35.3031	-82.9275	outside_boundary_exact	North Carolina, Haywood County	Jackson/Haywood Cos. Mt. Hardy (Mt. Black) in the Balsam Mountains	https://lichenportal.org/portal/collections/individual/index.php?occid=3240899
3240900	NY	1234746	J. P. Dey	6255	0.01	42.44	North Carolina	Jackson Co.	35.3031	-82.9275	outside_boundary_exact	North Carolina, Haywood County	Jackson/Haywood Cos. Mt. Hardy (Mt. Black) in the Balsam Mountains	https://lichenportal.org/portal/collections/individual/index.php?occid=3240900
3240901	NY	1236778	J. P. Dey	6255	0.01	42.44	North Carolina	Jackson Co.	35.3031	-82.9275	outside_boundary_exact	North Carolina, Haywood County	Jackson/Haywood Cos. Mt. Hardy (Mt. Black) in the Balsam Mountains	https://lichenportal.org/portal/collections/individual/index.php?occid=3240901
3240902	NY	1230281	J. P. Dey	4906	0.01	42.44	North Carolina	Jackson Co.	35.3031	-82.9275	outside_boundary_exact	North Carolina, Haywood County	Jackson/Haywood Cos. Mt. Hardy (Mt. Black) in the Balsam Mountains	https://lichenportal.org/portal/collections/individual/index.php?occid=3240902
3240903	NY	1231836	J. P. Dey	4914	0.01	42.44	North Carolina	Jackson Co.	35.3031	-82.9275	outside_boundary_exact	North Carolina, Haywood County	Jackson/Haywood Cos. Mt. Hardy (Mt. Black) in the Balsam Mountains	https://lichenportal.org/portal/collections/individual/index.php?occid=3240903
3240904	NY	1231837	J. P. Dey	6262	0.01	42.44	North Carolina	Jackson Co.	35.3031	-82.9275	outside_boundary_exact	North Carolina, Haywood County	Jackson/Haywood Cos. Mt. Hardy (Mt. Black) in the Balsam Mountains	https://lichenportal.org/portal/collections/individual/index.php?occid=3240904
3240905	NY	1231838	J. P. Dey	6247	0.01	42.44	North Carolina	Jackson Co.	35.3031	-82.9275	outside_boundary_exact	North Carolina, Haywood County	Jackson/Haywood Cos. Mt. Hardy (Mt. Black) in the Balsam Mountains	https://lichenportal.org/portal/collections/individual/index.php?occid=3240905
3240906	NY	1231841	J. P. Dey	4916	0.01	42.44	North Carolina	Jackson Co.	35.3031	-82.9275	outside_boundary_exact	North Carolina, Haywood County	Jackson/Haywood Cos. Mt. Hardy (Mt. Black) in the Balsam Mountains	https://lichenportal.org/portal/collections/individual/index.php?occid=3240906
3240907	NY	1231353	J. P. Dey	6252	0.01	42.44	North Carolina	Jackson Co.	35.3031	-82.9275	outside_boundary_exact	North Carolina, Haywood County	Jackson/Haywood Cos. Mt. Hardy (Mt. Black) in the Balsam Mountains	https://lichenportal.org/portal/collections/individual/index.php?occid=3240907
3240908	NY	1231923	J. P. Dey	4939	0.01	42.44	North Carolina	Jackson Co.	35.3031	-82.9275	outside_boundary_exact	North Carolina, Haywood County	Jackson/Haywood Cos. Mt. Hardy (Mt. Black) in the Balsam Mountains	https://lichenportal.org/portal/collections/individual/index.php?occid=3240908
3240909	NY	2794222	J. P. Dey	4947	0.01	42.44	North Carolina	Jackson Co.	35.3031	-82.9275	outside_boundary_exact	North Carolina, Haywood County	Jackson/Haywood Cos. Mt. Hardy (Mt. Black) in the Balsam Mountains	https://lichenportal.org/portal/collections/individual/index.php?occid=3240909
3240910	NY	1231521	J. P. Dey	4927	0.01	42.44	North Carolina	Jackson Co.	35.3031	-82.9275	outside_boundary_exact	North Carolina, Haywood County	Jackson/Haywood Cos. Mt. Hardy (Mt. Black) in the Balsam Mountains	https://lichenportal.org/portal/collections/individual/index.php?occid=3240910
3240911	NY	1234015	J. P. Dey	4953	0.01	42.44	North Carolina	Jackson Co.	35.3031	-82.9275	outside_boundary_exact	North Carolina, Haywood County	Jackson/Haywood Cos. Mt. Hardy (Mt. Black) in the Balsam Mountains	https://lichenportal.org/portal/collections/individual/index.php?occid=3240911
3240912	NY	1233964	J. P. Dey	4951	0.01	42.44	North Carolina	Jackson Co.	35.3031	-82.9275	outside_boundary_exact	North Carolina, Haywood County	Jackson/Haywood Cos. Mt. Hardy (Mt. Black) in the Balsam Mountains	https://lichenportal.org/portal/collections/individual/index.php?occid=3240912
3240913	NY	1234417	J. P. Dey	4954	0.01	42.44	North Carolina	Jackson Co.	35.3031	-82.9275	outside_boundary_exact	North Carolina, Haywood County	Jackson/Haywood Cos. Mt. Hardy (Mt. Black) in the Balsam Mountains	https://lichenportal.org/portal/collections/individual/index.php?occid=3240913
3240914	NY	1234623	J. P. Dey	4950	0.01	42.44	North Carolina	Jackson Co.	35.3031	-82.9275	outside_boundary_exact	North Carolina, Haywood County	Jackson/Haywood Cos. Mt. Hardy (Mt. Black) in the Balsam Mountains	https://lichenportal.org/portal/collections/individual/index.php?occid=3240914
3240915	NY	1234637	J. P. Dey	4958	0.01	42.44	North Carolina	Jackson Co.	35.3031	-82.9275	outside_boundary_exact	North Carolina, Haywood County	Jackson/Haywood Cos. Mt. Hardy (Mt. Black) in the Balsam Mountains	https://lichenportal.org/portal/collections/individual/index.php?occid=3240915
3240916	NY	1231574	J. P. Dey	4899	0.01	42.44	North Carolina	Jackson Co.	35.3031	-82.9275	outside_boundary_exact	North Carolina, Haywood County	Jackson/Haywood Cos. Mt. Hardy (Mt. Black) in the Balsam Mountains	https://lichenportal.org/portal/collections/individual/index.php?occid=3240916
3240917	NY	1231587	J. P. Dey	4897	0.01	42.44	North Carolina	Jackson Co.	35.3031	-82.9275	outside_boundary_exact	North Carolina, Haywood County	Jackson/Haywood Cos. Mt. Hardy (Mt. Black) in the Balsam Mountains	https://lichenportal.org/portal/collections/individual/index.php?occid=3240917
3246821	NY	02688152	Z. M. Muscavitch	71	0.01	32.44	North Carolina	Clay Co.	35.1481	-83.7862	outside_boundary_exact	North Carolina, Clay County	Nantahala National Forest, Valley River Mountains, Fires Creek Rim Trail 0.5 mi E of Whiteoak Knob and 1.0 mi SW of Defeat Knob.	https://lichenportal.org/portal/collections/individual/index.php?occid=3246821
3249162	NY	1593357	J. P. Dey	4804	0.01	39.46	North Carolina	Jackson Co.	35.3347	-82.9661	outside_boundary_exact	North Carolina, Haywood County	Jackson/Haywood Cos. Bear Trap Gap in the Balsam Mountains	https://lichenportal.org/portal/collections/individual/index.php?occid=3249162
3249163	NY	1230607	J. P. Dey	4794	0.01	39.46	North Carolina	Jackson Co.	35.3347	-82.9661	outside_boundary_exact	North Carolina, Haywood County	Jackson/Haywood Cos. Bear Trap Gap in the Balsam Mountains	https://lichenportal.org/portal/collections/individual/index.php?occid=3249163
3249164	NY	1229671	J. P. Dey	4800	0.01	39.46	North Carolina	Jackson Co.	35.3347	-82.9661	outside_boundary_exact	North Carolina, Haywood County	Jackson/Haywood Cos. Bear Trap Gap in the Balsam Mountains	https://lichenportal.org/portal/collections/individual/index.php?occid=3249164
3249320	NY	03034985	J. P. Dey	1911	0.01	31.64	North Carolina	Mitchell Co.	36.10456	-82.12244	outside_boundary_exact	Tennessee, Carter County	Laurel Ridge Top of Roan Mountain	https://lichenportal.org/portal/collections/individual/index.php?occid=3249320
3250908	NY	1684727	J. C. Lendemer	32965	0.01	71.22	North Carolina	Swain Co.	35.6925	-83.2153	outside_boundary_exact	North Carolina, Haywood County	Great Smoky Mountains National Park, true summit of Luftee Knob, E of Balsam Mountain Trail 2.25 mi E of jct w/ Appalachian Trail	https://lichenportal.org/portal/collections/individual/index.php?occid=3250908
3258643	NY	03032610	J. P. Dey	4935A	0.01	42.44	North Carolina	Jackson Co.	35.3031	-82.9275	outside_boundary_exact	North Carolina, Haywood County	Jackson/Haywood Cos. Mt. Hardy (Mt. Black) in the Balsam Mountains	https://lichenportal.org/portal/collections/individual/index.php?occid=3258643
3258837	NY	03032843	J. P. Dey	4796	0.01	39.46	North Carolina	Jackson Co.	35.3347	-82.9661	outside_boundary_exact	North Carolina, Haywood County	Jackson/Haywood Cos. Bear Trap Gap in the Balsam Mountains	https://lichenportal.org/portal/collections/individual/index.php?occid=3258837
3524983	NY	03721599	A. J. Sharp	8	0.01	53.15	North Carolina	Jackson Co.	35.0547	-83.1511	outside_boundary_exact	North Carolina, Macon County	Black Rock Mt., Highlands	https://lichenportal.org/portal/collections/individual/index.php?occid=3524983
3584874	NY	03818550	J. L. Allen	3272	0.01	39.22	North Carolina	Macon Co.	35.0364	-83.5397	outside_boundary_exact	North Carolina, Clay County	Macon/Clay Co. Nantahala National Forest, Appalachian Trail along ridge NW of Standing Indian Mountain, ~3.7 mi SE of US64.	https://lichenportal.org/portal/collections/individual/index.php?occid=3584874
4979324	NY	02690539	J. P. Dey	4930	0.01	42.44	North Carolina	Jackson Co.	35.3031	-82.9275	outside_boundary_exact	North Carolina, Haywood County	Jackson/Haywood Cos. Mt. Hardy (Mt. Black) in the Balsam Mountains	https://lichenportal.org/portal/collections/individual/index.php?occid=4979324
4983022	NY	04257700	J. Hollinger	23996	0.01	58.24	North Carolina	Macon Co.	35.0174	-83.1258	outside_boundary_exact	North Carolina, Macon County	Chattooga River, along trail going north from Ammons Branch	https://lichenportal.org/portal/collections/individual/index.php?occid=4983022
4983023	NY	04257701	J. Hollinger	23995	0.01	58.24	North Carolina	Macon Co.	35.0174	-83.1258	outside_boundary_exact	North Carolina, Macon County	Chattooga River, along trail going north from Ammons Branch	https://lichenportal.org/portal/collections/individual/index.php?occid=4983023
4983039	NY	04257719	J. Hollinger	24003	0.01	59.13	North Carolina	Macon Co.	35.0121	-83.1178	outside_boundary_exact	North Carolina, Jackson County	Chattoga River, opposite side of river 100 m down from Glade Creek	https://lichenportal.org/portal/collections/individual/index.php?occid=4983039
4983040	NY	04257720	J. Hollinger	24002	0.01	59.13	North Carolina	Macon Co.	35.0121	-83.1178	outside_boundary_exact	North Carolina, Jackson County	Chattoga River, opposite side of river 100 m down from Glade Creek	https://lichenportal.org/portal/collections/individual/index.php?occid=4983040
4987328	NY	04257412	J. Hollinger	23666	0.01	51.98	North Carolina	Swain Co.	35.6181	-83.4095	outside_boundary_exact	North Carolina, Swain County	Great Smoky Mountains National Park, Newfound Gap	https://lichenportal.org/portal/collections/individual/index.php?occid=4987328
4988437	NY	04257413	J. Hollinger	23668	0.01	52	North Carolina	Swain Co.	35.6182	-83.4093	outside_boundary_exact	North Carolina, Swain County	Great Smoky Mountains National Park, Newfound Gap	https://lichenportal.org/portal/collections/individual/index.php?occid=4988437
4988481	NY	04257450	J. Hollinger	23667	0.01	52	North Carolina	Swain Co.	35.6182	-83.4093	outside_boundary_exact	North Carolina, Swain County	Great Smoky Mountains National Park, Newfound Gap	https://lichenportal.org/portal/collections/individual/index.php?occid=4988481
5402144	NY	04344202	J. Hollinger	26185	0.01	57.96	North Carolina	Haywood Co.	35.7633	-83.1617	outside_boundary_exact	Tennessee, Cocke County	Great Smoky Mountains National Park, Mt. Camerer, ca. 30 m SW of lookout tower.	https://lichenportal.org/portal/collections/individual/index.php?occid=5402144
5402146	NY	04344204	J. Hollinger	26183	0.01	57.95	North Carolina	Haywood Co.	35.7628	-83.1625	outside_boundary_exact	Tennessee, Cocke County	Great Smoky Mountains National Park, Mt. Camerer, ca. 100 m SW of lookout tower.	https://lichenportal.org/portal/collections/individual/index.php?occid=5402146
1037626	NY	1541562	G. T. Johnson	s.n.	0	42.48	North Carolina	Swain Co.	35.562918	-83.498535	outside_boundary_exact	North Carolina, Swain County	On road to Clingmans Dome, ca. 3 mi from top	https://lichenportal.org/portal/collections/individual/index.php?occid=1037626
1037627	NY	1541563	G. T. Johnson	s.n.	0	42.48	North Carolina	Swain Co.	35.562918	-83.498535	outside_boundary_exact	North Carolina, Swain County	Clingmans Dome	https://lichenportal.org/portal/collections/individual/index.php?occid=1037627
1037628	NY	1541564	G. T. Johnson	s.n.	0	42.48	North Carolina	Swain Co.	35.562918	-83.498535	outside_boundary_exact	North Carolina, Swain County	[Great Smoky Mountains National Park], Clingmans Dome	https://lichenportal.org/portal/collections/individual/index.php?occid=1037628
1037629	NY	1541565	G. T. Johnson	s.n.	0	42.48	North Carolina	Swain Co.	35.562918	-83.498535	outside_boundary_exact	North Carolina, Swain County	[Great Smoky Mountains National Park], Clingmans Dome	https://lichenportal.org/portal/collections/individual/index.php?occid=1037629
3216323	NY	1228659	J. C. Lendemer	29689	0	39.93	North Carolina	Swain Co.	35.565	-83.5289	outside_boundary_exact	North Carolina, Swain County	Great Smoky Mountains National Park, Appalachian Trail between Clingmans Dome and jct w/ Goshen Prong Trail	https://lichenportal.org/portal/collections/individual/index.php?occid=3216323
3216467	NY	1228706	J. C. Lendemer	29641	0	39.93	North Carolina	Swain Co.	35.565	-83.5289	outside_boundary_exact	North Carolina, Swain County	Great Smoky Mountains National Park, Appalachian Trail between Clingmans Dome and jct w/ Goshen Prong Trail	https://lichenportal.org/portal/collections/individual/index.php?occid=3216467
3216507	NY	1228701	J. C. Lendemer	29647	0	39.93	North Carolina	Swain Co.	35.565	-83.5289	outside_boundary_exact	North Carolina, Swain County	Great Smoky Mountains National Park, Appalachian Trail between Clingmans Dome and jct w/ Goshen Prong Trail	https://lichenportal.org/portal/collections/individual/index.php?occid=3216507
3216568	NY	1228624	J. C. Lendemer	29725	0	39.93	North Carolina	Swain Co.	35.565	-83.5289	outside_boundary_exact	North Carolina, Swain County	Great Smoky Mountains National Park, Appalachian Trail between Clingmans Dome and jct w/ Goshen Prong Trail	https://lichenportal.org/portal/collections/individual/index.php?occid=3216568
3216599	NY	1228629	J. C. Lendemer	29719	0	39.93	North Carolina	Swain Co.	35.565	-83.5289	outside_boundary_exact	North Carolina, Swain County	Great Smoky Mountains National Park, Appalachian Trail between Clingmans Dome and jct w/ Goshen Prong Trail	https://lichenportal.org/portal/collections/individual/index.php?occid=3216599
3216600	NY	1228631	J. C. Lendemer	29717A	0	39.93	North Carolina	Swain Co.	35.565	-83.5289	outside_boundary_exact	North Carolina, Swain County	Great Smoky Mountains National Park, Appalachian Trail between Clingmans Dome and jct w/ Goshen Prong Trail	https://lichenportal.org/portal/collections/individual/index.php?occid=3216600
3216684	NY	1236244	J. P. Dey	2395	0	38.75	North Carolina	Swain Co.	35.565206	-83.542742	outside_boundary_exact	North Carolina, Swain County	Great Smoky Mountains National Park, Double Springs [sic = Spring] Gap, along the Appalachian Trail	https://lichenportal.org/portal/collections/individual/index.php?occid=3216684
3227578	NY	1228640	J. C. Lendemer	29709	0	39.93	North Carolina	Swain Co.	35.565	-83.5289	outside_boundary_exact	North Carolina, Swain County	Great Smoky Mountains National Park, Appalachian Trail between Clingmans Dome and jct w/ Goshen Prong Trail	https://lichenportal.org/portal/collections/individual/index.php?occid=3227578
3227885	NY	1228651	J. C. Lendemer	29698	0	39.93	North Carolina	Swain Co.	35.565	-83.5289	outside_boundary_exact	North Carolina, Swain County	Great Smoky Mountains National Park, Appalachian Trail between Clingmans Dome and jct w/ Goshen Prong Trail	https://lichenportal.org/portal/collections/individual/index.php?occid=3227885
3228224	NY	1228633	J. C. Lendemer	29716	0	39.93	North Carolina	Swain Co.	35.565	-83.5289	outside_boundary_exact	North Carolina, Swain County	Great Smoky Mountains National Park, Appalachian Trail between Clingmans Dome and jct w/ Goshen Prong Trail	https://lichenportal.org/portal/collections/individual/index.php?occid=3228224
3228230	NY	1228703	J. C. Lendemer	29645	0	39.93	North Carolina	Swain Co.	35.565	-83.5289	outside_boundary_exact	North Carolina, Swain County	Great Smoky Mountains National Park, Appalachian Trail between Clingmans Dome and jct w/ Goshen Prong Trail	https://lichenportal.org/portal/collections/individual/index.php?occid=3228230
3228743	NY	1228623	J. C. Lendemer	29726	0	39.93	North Carolina	Swain Co.	35.565	-83.5289	outside_boundary_exact	North Carolina, Swain County	Great Smoky Mountains National Park, Appalachian Trail between Clingmans Dome and jct w/ Goshen Prong Trail	https://lichenportal.org/portal/collections/individual/index.php?occid=3228743
3228744	NY	1228625	J. C. Lendemer	29724	0	39.93	North Carolina	Swain Co.	35.565	-83.5289	outside_boundary_exact	North Carolina, Swain County	Great Smoky Mountains National Park, Appalachian Trail between Clingmans Dome and jct w/ Goshen Prong Trail	https://lichenportal.org/portal/collections/individual/index.php?occid=3228744
3228763	NY	1228637	J. C. Lendemer	29712	0	39.93	North Carolina	Swain Co.	35.565	-83.5289	outside_boundary_exact	North Carolina, Swain County	Great Smoky Mountains National Park, Appalachian Trail between Clingmans Dome and jct w/ Goshen Prong Trail	https://lichenportal.org/portal/collections/individual/index.php?occid=3228763
3230054	NY	1228626	J. C. Lendemer	29723	0	39.93	North Carolina	Swain Co.	35.565	-83.5289	outside_boundary_exact	North Carolina, Swain County	Great Smoky Mountains National Park, Appalachian Trail between Clingmans Dome and jct w/ Goshen Prong Trail	https://lichenportal.org/portal/collections/individual/index.php?occid=3230054
3230643	NY	1228687	J. C. Lendemer	29660	0	39.93	North Carolina	Swain Co.	35.565	-83.5289	outside_boundary_exact	North Carolina, Swain County	Great Smoky Mountains National Park, Appalachian Trail between Clingmans Dome and jct w/ Goshen Prong Trail	https://lichenportal.org/portal/collections/individual/index.php?occid=3230643
3230817	NY	1228628	J. C. Lendemer	29720	0	39.93	North Carolina	Swain Co.	35.565	-83.5289	outside_boundary_exact	North Carolina, Swain County	Great Smoky Mountains National Park, Appalachian Trail between Clingmans Dome and jct w/ Goshen Prong Trail	https://lichenportal.org/portal/collections/individual/index.php?occid=3230817
3230847	NY	1228675	J. C. Lendemer	29672	0	39.93	North Carolina	Swain Co.	35.565	-83.5289	outside_boundary_exact	North Carolina, Swain County	Great Smoky Mountains National Park, Appalachian Trail between Clingmans Dome and jct w/ Goshen Prong Trail	https://lichenportal.org/portal/collections/individual/index.php?occid=3230847
3231304	NY	1228641	J. C. Lendemer	29708	0	39.93	North Carolina	Swain Co.	35.565	-83.5289	outside_boundary_exact	North Carolina, Swain County	Great Smoky Mountains National Park, Appalachian Trail between Clingmans Dome and jct w/ Goshen Prong Trail	https://lichenportal.org/portal/collections/individual/index.php?occid=3231304
3232329	NY	1228634	J. C. Lendemer	29715	0	39.93	North Carolina	Swain Co.	35.565	-83.5289	outside_boundary_exact	North Carolina, Swain County	Great Smoky Mountains National Park, Appalachian Trail between Clingmans Dome and jct w/ Goshen Prong Trail	https://lichenportal.org/portal/collections/individual/index.php?occid=3232329
3232340	NY	1228712	J. C. Lendemer	29635	0	39.93	North Carolina	Swain Co.	35.565	-83.5289	outside_boundary_exact	North Carolina, Swain County	Great Smoky Mountains National Park, Appalachian Trail between Clingmans Dome and jct w/ Goshen Prong Trail	https://lichenportal.org/portal/collections/individual/index.php?occid=3232340
3232397	NY	1228664	J. C. Lendemer	29684	0	39.93	North Carolina	Swain Co.	35.565	-83.5289	outside_boundary_exact	North Carolina, Swain County	Great Smoky Mountains National Park, Appalachian Trail between Clingmans Dome and jct w/ Goshen Prong Trail	https://lichenportal.org/portal/collections/individual/index.php?occid=3232397
3232398	NY	1228683	J. C. Lendemer	29664	0	39.93	North Carolina	Swain Co.	35.565	-83.5289	outside_boundary_exact	North Carolina, Swain County	Great Smoky Mountains National Park, Appalachian Trail between Clingmans Dome and jct w/ Goshen Prong Trail	https://lichenportal.org/portal/collections/individual/index.php?occid=3232398
3232399	NY	1228684	J. C. Lendemer	29662A	0	39.93	North Carolina	Swain Co.	35.565	-83.5289	outside_boundary_exact	North Carolina, Swain County	Great Smoky Mountains National Park, Appalachian Trail between Clingmans Dome and jct w/ Goshen Prong Trail	https://lichenportal.org/portal/collections/individual/index.php?occid=3232399
3232400	NY	1228709	J. C. Lendemer	29638	0	39.93	North Carolina	Swain Co.	35.565	-83.5289	outside_boundary_exact	North Carolina, Swain County	Great Smoky Mountains National Park, Appalachian Trail between Clingmans Dome and jct w/ Goshen Prong Trail	https://lichenportal.org/portal/collections/individual/index.php?occid=3232400
3232465	NY	1228676	J. C. Lendemer	29671	0	39.93	North Carolina	Swain Co.	35.565	-83.5289	outside_boundary_exact	North Carolina, Swain County	Great Smoky Mountains National Park, Appalachian Trail between Clingmans Dome and jct w/ Goshen Prong Trail	https://lichenportal.org/portal/collections/individual/index.php?occid=3232465
3232471	NY	1228670	J. C. Lendemer	29677	0	39.93	North Carolina	Swain Co.	35.565	-83.5289	outside_boundary_exact	North Carolina, Swain County	Great Smoky Mountains National Park, Appalachian Trail between Clingmans Dome and jct w/ Goshen Prong Trail	https://lichenportal.org/portal/collections/individual/index.php?occid=3232471
3232699	NY	1228662	J. C. Lendemer	29686	0	39.93	North Carolina	Swain Co.	35.565	-83.5289	outside_boundary_exact	North Carolina, Swain County	Great Smoky Mountains National Park, Appalachian Trail between Clingmans Dome and jct w/ Goshen Prong Trail	https://lichenportal.org/portal/collections/individual/index.php?occid=3232699
3232725	NY	1228716	J. C. Lendemer	29680	0	39.93	North Carolina	Swain Co.	35.565	-83.5289	outside_boundary_exact	North Carolina, Swain County	Great Smoky Mountains National Park, Appalachian Trail between Clingmans Dome and jct w/ Goshen Prong Trail	https://lichenportal.org/portal/collections/individual/index.php?occid=3232725
3233543	NY	1228714	J. C. Lendemer	29633	0	39.93	North Carolina	Swain Co.	35.565	-83.5289	outside_boundary_exact	North Carolina, Swain County	Great Smoky Mountains National Park, Appalachian Trail between Clingmans Dome and jct w/ Goshen Prong Trail	https://lichenportal.org/portal/collections/individual/index.php?occid=3233543
3233553	NY	1228697	J. C. Lendemer	29650	0	39.93	North Carolina	Swain Co.	35.565	-83.5289	outside_boundary_exact	North Carolina, Swain County	Great Smoky Mountains National Park, Appalachian Trail between Clingmans Dome and jct w/ Goshen Prong Trail	https://lichenportal.org/portal/collections/individual/index.php?occid=3233553
3233791	NY	1228663	J. C. Lendemer	29685	0	39.93	North Carolina	Swain Co.	35.565	-83.5289	outside_boundary_exact	North Carolina, Swain County	Great Smoky Mountains National Park, Appalachian Trail between Clingmans Dome and jct w/ Goshen Prong Trail	https://lichenportal.org/portal/collections/individual/index.php?occid=3233791
3233859	NY	1228699	J. C. Lendemer	29649	0	39.93	North Carolina	Swain Co.	35.565	-83.5289	outside_boundary_exact	North Carolina, Swain County	Great Smoky Mountains National Park, Appalachian Trail between Clingmans Dome and jct w/ Goshen Prong Trail	https://lichenportal.org/portal/collections/individual/index.php?occid=3233859
3234054	NY	2204071	H. L. Clark	4016	0	31.59	North Carolina	Mitchell Co.	36.099575	-82.080197	outside_boundary_exact	North Carolina, Mitchell County	Grassy Bald, Roan Mt.	https://lichenportal.org/portal/collections/individual/index.php?occid=3234054
3234125	NY	1228682	J. C. Lendemer	29665	0	39.93	North Carolina	Swain Co.	35.565	-83.5289	outside_boundary_exact	North Carolina, Swain County	Great Smoky Mountains National Park, Appalachian Trail between Clingmans Dome and jct w/ Goshen Prong Trail	https://lichenportal.org/portal/collections/individual/index.php?occid=3234125
3234245	NY	1228669	J. C. Lendemer	29678	0	39.93	North Carolina	Swain Co.	35.565	-83.5289	outside_boundary_exact	North Carolina, Swain County	Great Smoky Mountains National Park, Appalachian Trail between Clingmans Dome and jct w/ Goshen Prong Trail	https://lichenportal.org/portal/collections/individual/index.php?occid=3234245
3234246	NY	1228685	J. C. Lendemer	29662	0	39.93	North Carolina	Swain Co.	35.565	-83.5289	outside_boundary_exact	North Carolina, Swain County	Great Smoky Mountains National Park, Appalachian Trail between Clingmans Dome and jct w/ Goshen Prong Trail	https://lichenportal.org/portal/collections/individual/index.php?occid=3234246
3234247	NY	1228690	J. C. Lendemer	29657	0	39.93	North Carolina	Swain Co.	35.565	-83.5289	outside_boundary_exact	North Carolina, Swain County	Great Smoky Mountains National Park, Appalachian Trail between Clingmans Dome and jct w/ Goshen Prong Trail	https://lichenportal.org/portal/collections/individual/index.php?occid=3234247
3234382	NY	1228647	J. C. Lendemer	29702	0	39.93	North Carolina	Swain Co.	35.565	-83.5289	outside_boundary_exact	North Carolina, Swain County	Great Smoky Mountains National Park, Appalachian Trail between Clingmans Dome and jct w/ Goshen Prong Trail	https://lichenportal.org/portal/collections/individual/index.php?occid=3234382
3234388	NY	1228673	J. C. Lendemer	29674	0	39.93	North Carolina	Swain Co.	35.565	-83.5289	outside_boundary_exact	North Carolina, Swain County	Great Smoky Mountains National Park, Appalachian Trail between Clingmans Dome and jct w/ Goshen Prong Trail	https://lichenportal.org/portal/collections/individual/index.php?occid=3234388
3234571	NY	1228711	J. C. Lendemer	29636	0	39.93	North Carolina	Swain Co.	35.565	-83.5289	outside_boundary_exact	North Carolina, Swain County	Great Smoky Mountains National Park, Appalachian Trail between Clingmans Dome and jct w/ Goshen Prong Trail	https://lichenportal.org/portal/collections/individual/index.php?occid=3234571
3234574	NY	1228708	J. C. Lendemer	29639	0	39.93	North Carolina	Swain Co.	35.565	-83.5289	outside_boundary_exact	North Carolina, Swain County	Great Smoky Mountains National Park, Appalachian Trail between Clingmans Dome and jct w/ Goshen Prong Trail	https://lichenportal.org/portal/collections/individual/index.php?occid=3234574
3234791	NY	1228639	J. C. Lendemer	29710	0	39.93	North Carolina	Swain Co.	35.565	-83.5289	outside_boundary_exact	North Carolina, Swain County	Great Smoky Mountains National Park, Appalachian Trail between Clingmans Dome and jct w/ Goshen Prong Trail	https://lichenportal.org/portal/collections/individual/index.php?occid=3234791
3234842	NY	1228688	J. C. Lendemer	29659	0	39.93	North Carolina	Swain Co.	35.565	-83.5289	outside_boundary_exact	North Carolina, Swain County	Great Smoky Mountains National Park, Appalachian Trail between Clingmans Dome and jct w/ Goshen Prong Trail	https://lichenportal.org/portal/collections/individual/index.php?occid=3234842
3234852	NY	1228660	J. C. Lendemer	29688	0	39.93	North Carolina	Swain Co.	35.565	-83.5289	outside_boundary_exact	North Carolina, Swain County	Great Smoky Mountains National Park, Appalachian Trail between Clingmans Dome and jct w/ Goshen Prong Trail	https://lichenportal.org/portal/collections/individual/index.php?occid=3234852
3234879	NY	1228650	J. C. Lendemer	29699	0	39.93	North Carolina	Swain Co.	35.565	-83.5289	outside_boundary_exact	North Carolina, Swain County	Great Smoky Mountains National Park, Appalachian Trail between Clingmans Dome and jct w/ Goshen Prong Trail	https://lichenportal.org/portal/collections/individual/index.php?occid=3234879
3234880	NY	1228658	J. C. Lendemer	29690	0	39.93	North Carolina	Swain Co.	35.565	-83.5289	outside_boundary_exact	North Carolina, Swain County	Great Smoky Mountains National Park, Appalachian Trail between Clingmans Dome and jct w/ Goshen Prong Trail	https://lichenportal.org/portal/collections/individual/index.php?occid=3234880
3235042	NY	1228654	J. C. Lendemer	29695	0	39.93	North Carolina	Swain Co.	35.565	-83.5289	outside_boundary_exact	North Carolina, Swain County	Great Smoky Mountains National Park, Appalachian Trail between Clingmans Dome and jct w/ Goshen Prong Trail	https://lichenportal.org/portal/collections/individual/index.php?occid=3235042
3235066	NY	1228702	J. C. Lendemer	29646	0	39.93	North Carolina	Swain Co.	35.565	-83.5289	outside_boundary_exact	North Carolina, Swain County	Great Smoky Mountains National Park, Appalachian Trail between Clingmans Dome and jct w/ Goshen Prong Trail	https://lichenportal.org/portal/collections/individual/index.php?occid=3235066
3235151	NY	1228677	J. C. Lendemer	29670	0	39.93	North Carolina	Swain Co.	35.565	-83.5289	outside_boundary_exact	North Carolina, Swain County	Great Smoky Mountains National Park, Appalachian Trail between Clingmans Dome and jct w/ Goshen Prong Trail	https://lichenportal.org/portal/collections/individual/index.php?occid=3235151
3235488	NY	1228635	J. C. Lendemer	29714	0	39.93	North Carolina	Swain Co.	35.565	-83.5289	outside_boundary_exact	North Carolina, Swain County	Great Smoky Mountains National Park, Appalachian Trail between Clingmans Dome and jct w/ Goshen Prong Trail	https://lichenportal.org/portal/collections/individual/index.php?occid=3235488
3235489	NY	1228678	J. C. Lendemer	29669	0	39.93	North Carolina	Swain Co.	35.565	-83.5289	outside_boundary_exact	North Carolina, Swain County	Great Smoky Mountains National Park, Appalachian Trail between Clingmans Dome and jct w/ Goshen Prong Trail	https://lichenportal.org/portal/collections/individual/index.php?occid=3235489
3235593	NY	1228653	J. C. Lendemer	29696	0	39.93	North Carolina	Swain Co.	35.565	-83.5289	outside_boundary_exact	North Carolina, Swain County	Great Smoky Mountains National Park, Appalachian Trail between Clingmans Dome and jct w/ Goshen Prong Trail	https://lichenportal.org/portal/collections/individual/index.php?occid=3235593
3235727	NY	1593411	J. P. Dey	2395	0	38.75	North Carolina	Swain Co.	35.565206	-83.542742	outside_boundary_exact	North Carolina, Swain County	Great Smoky Mountains National Park, Double Springs [sic = Spring] Gap, along the Appalachian Trail	https://lichenportal.org/portal/collections/individual/index.php?occid=3235727
3235781	NY	1228668	J. C. Lendemer	29679	0	39.93	North Carolina	Swain Co.	35.565	-83.5289	outside_boundary_exact	North Carolina, Swain County	Great Smoky Mountains National Park, Appalachian Trail between Clingmans Dome and jct w/ Goshen Prong Trail	https://lichenportal.org/portal/collections/individual/index.php?occid=3235781
3235826	NY	1228715	J. C. Lendemer	29632	0	39.93	North Carolina	Swain Co.	35.565	-83.5289	outside_boundary_exact	North Carolina, Swain County	Great Smoky Mountains National Park, Appalachian Trail between Clingmans Dome and jct w/ Goshen Prong Trail	https://lichenportal.org/portal/collections/individual/index.php?occid=3235826
3236046	NY	1228665	J. C. Lendemer	29683	0	39.93	North Carolina	Swain Co.	35.565	-83.5289	outside_boundary_exact	North Carolina, Swain County	Great Smoky Mountains National Park, Appalachian Trail between Clingmans Dome and jct w/ Goshen Prong Trail	https://lichenportal.org/portal/collections/individual/index.php?occid=3236046
3236081	NY	1228661	J. C. Lendemer	29687	0	39.93	North Carolina	Swain Co.	35.565	-83.5289	outside_boundary_exact	North Carolina, Swain County	Great Smoky Mountains National Park, Appalachian Trail between Clingmans Dome and jct w/ Goshen Prong Trail	https://lichenportal.org/portal/collections/individual/index.php?occid=3236081
3236089	NY	1228667	J. C. Lendemer	29681	0	39.93	North Carolina	Swain Co.	35.565	-83.5289	outside_boundary_exact	North Carolina, Swain County	Great Smoky Mountains National Park, Appalachian Trail between Clingmans Dome and jct w/ Goshen Prong Trail	https://lichenportal.org/portal/collections/individual/index.php?occid=3236089
3236176	NY	1228627	J. C. Lendemer	29721	0	39.93	North Carolina	Swain Co.	35.565	-83.5289	outside_boundary_exact	North Carolina, Swain County	Great Smoky Mountains National Park, Appalachian Trail between Clingmans Dome and jct w/ Goshen Prong Trail	https://lichenportal.org/portal/collections/individual/index.php?occid=3236176
3236193	NY	1228646	J. C. Lendemer	29703	0	39.93	North Carolina	Swain Co.	35.565	-83.5289	outside_boundary_exact	North Carolina, Swain County	Great Smoky Mountains National Park, Appalachian Trail between Clingmans Dome and jct w/ Goshen Prong Trail	https://lichenportal.org/portal/collections/individual/index.php?occid=3236193
3236222	NY	2204070	H. L. Clark	4003	0	31.59	North Carolina	Mitchell Co.	36.099575	-82.080197	outside_boundary_exact	North Carolina, Mitchell County	Grassy Bald, Roan Mt.	https://lichenportal.org/portal/collections/individual/index.php?occid=3236222
3236428	NY	1228632	J. C. Lendemer	29717	0	39.93	North Carolina	Swain Co.	35.565	-83.5289	outside_boundary_exact	North Carolina, Swain County	Great Smoky Mountains National Park, Appalachian Trail between Clingmans Dome and jct w/ Goshen Prong Trail	https://lichenportal.org/portal/collections/individual/index.php?occid=3236428
3236525	NY	1228704	J. C. Lendemer	29644	0	39.93	North Carolina	Swain Co.	35.565	-83.5289	outside_boundary_exact	North Carolina, Swain County	Great Smoky Mountains National Park, Appalachian Trail between Clingmans Dome and jct w/ Goshen Prong Trail	https://lichenportal.org/portal/collections/individual/index.php?occid=3236525
3236672	NY	1228713	J. C. Lendemer	29634	0	39.93	North Carolina	Swain Co.	35.565	-83.5289	outside_boundary_exact	North Carolina, Swain County	Great Smoky Mountains National Park, Appalachian Trail between Clingmans Dome and jct w/ Goshen Prong Trail	https://lichenportal.org/portal/collections/individual/index.php?occid=3236672
3236897	NY	1228630	J. C. Lendemer	29718	0	39.93	North Carolina	Swain Co.	35.565	-83.5289	outside_boundary_exact	North Carolina, Swain County	Great Smoky Mountains National Park, Appalachian Trail between Clingmans Dome and jct w/ Goshen Prong Trail	https://lichenportal.org/portal/collections/individual/index.php?occid=3236897
3237162	NY	1228644	J. C. Lendemer	29705	0	39.93	North Carolina	Swain Co.	35.565	-83.5289	outside_boundary_exact	North Carolina, Swain County	Great Smoky Mountains National Park, Appalachian Trail between Clingmans Dome and jct w/ Goshen Prong Trail	https://lichenportal.org/portal/collections/individual/index.php?occid=3237162
3237209	NY	1228707	J. C. Lendemer	29640	0	39.93	North Carolina	Swain Co.	35.565	-83.5289	outside_boundary_exact	North Carolina, Swain County	Great Smoky Mountains National Park, Appalachian Trail between Clingmans Dome and jct w/ Goshen Prong Trail	https://lichenportal.org/portal/collections/individual/index.php?occid=3237209
3237435	NY	1228674	J. C. Lendemer	29673	0	39.93	North Carolina	Swain Co.	35.565	-83.5289	outside_boundary_exact	North Carolina, Swain County	Great Smoky Mountains National Park, Appalachian Trail between Clingmans Dome and jct w/ Goshen Prong Trail	https://lichenportal.org/portal/collections/individual/index.php?occid=3237435
3237512	NY	1228643	J. C. Lendemer	29706	0	39.93	North Carolina	Swain Co.	35.565	-83.5289	outside_boundary_exact	North Carolina, Swain County	Great Smoky Mountains National Park, Appalachian Trail between Clingmans Dome and jct w/ Goshen Prong Trail	https://lichenportal.org/portal/collections/individual/index.php?occid=3237512
3237606	NY	1228671	J. C. Lendemer	29676	0	39.93	North Carolina	Swain Co.	35.565	-83.5289	outside_boundary_exact	North Carolina, Swain County	Great Smoky Mountains National Park, Appalachian Trail between Clingmans Dome and jct w/ Goshen Prong Trail	https://lichenportal.org/portal/collections/individual/index.php?occid=3237606
3237607	NY	1228689	J. C. Lendemer	29658	0	39.93	North Carolina	Swain Co.	35.565	-83.5289	outside_boundary_exact	North Carolina, Swain County	Great Smoky Mountains National Park, Appalachian Trail between Clingmans Dome and jct w/ Goshen Prong Trail	https://lichenportal.org/portal/collections/individual/index.php?occid=3237607
3237789	NY	1228672	J. C. Lendemer	29675	0	39.93	North Carolina	Swain Co.	35.565	-83.5289	outside_boundary_exact	North Carolina, Swain County	Great Smoky Mountains National Park, Appalachian Trail between Clingmans Dome and jct w/ Goshen Prong Trail	https://lichenportal.org/portal/collections/individual/index.php?occid=3237789
3237790	NY	1228681	J. C. Lendemer	29666	0	39.93	North Carolina	Swain Co.	35.565	-83.5289	outside_boundary_exact	North Carolina, Swain County	Great Smoky Mountains National Park, Appalachian Trail between Clingmans Dome and jct w/ Goshen Prong Trail	https://lichenportal.org/portal/collections/individual/index.php?occid=3237790
3237932	NY	1228649	J. C. Lendemer	29700	0	39.93	North Carolina	Swain Co.	35.565	-83.5289	outside_boundary_exact	North Carolina, Swain County	Great Smoky Mountains National Park, Appalachian Trail between Clingmans Dome and jct w/ Goshen Prong Trail	https://lichenportal.org/portal/collections/individual/index.php?occid=3237932
3238149	NY	1228636	J. C. Lendemer	29713	0	39.93	North Carolina	Swain Co.	35.565	-83.5289	outside_boundary_exact	North Carolina, Swain County	Great Smoky Mountains National Park, Appalachian Trail between Clingmans Dome and jct w/ Goshen Prong Trail	https://lichenportal.org/portal/collections/individual/index.php?occid=3238149
3238309	NY	1228695	J. C. Lendemer	29652	0	39.93	North Carolina	Swain Co.	35.565	-83.5289	outside_boundary_exact	North Carolina, Swain County	Great Smoky Mountains National Park, Appalachian Trail between Clingmans Dome and jct w/ Goshen Prong Trail	https://lichenportal.org/portal/collections/individual/index.php?occid=3238309
3238638	NY	1228692	J. C. Lendemer	29655	0	39.93	North Carolina	Swain Co.	35.565	-83.5289	outside_boundary_exact	North Carolina, Swain County	Great Smoky Mountains National Park, Appalachian Trail between Clingmans Dome and jct w/ Goshen Prong Trail	https://lichenportal.org/portal/collections/individual/index.php?occid=3238638
3239075	NY	1228700	J. C. Lendemer	29648	0	39.93	North Carolina	Swain Co.	35.565	-83.5289	outside_boundary_exact	North Carolina, Swain County	Great Smoky Mountains National Park, Appalachian Trail between Clingmans Dome and jct w/ Goshen Prong Trail	https://lichenportal.org/portal/collections/individual/index.php?occid=3239075
3239825	NY	02375701	L. R. Phillippe	32715	0	57.95	North Carolina	Haywood Co.	35.7631	-83.1619	outside_boundary_exact	Tennessee, Cocke County	Great Smoky Mountains National Park. Big Creek Watershed. Hartford. Above Appalachian Trail at Mount Cammerer Lookout Tower.	https://lichenportal.org/portal/collections/individual/index.php?occid=3239825
3239896	NY	1228642	J. C. Lendemer	29707	0	39.93	North Carolina	Swain Co.	35.565	-83.5289	outside_boundary_exact	North Carolina, Swain County	Great Smoky Mountains National Park, Appalachian Trail between Clingmans Dome and jct w/ Goshen Prong Trail	https://lichenportal.org/portal/collections/individual/index.php?occid=3239896
3240051	NY	1228655	J. C. Lendemer	29693	0	39.93	North Carolina	Swain Co.	35.565	-83.5289	outside_boundary_exact	North Carolina, Swain County	Great Smoky Mountains National Park, Appalachian Trail between Clingmans Dome and jct w/ Goshen Prong Trail	https://lichenportal.org/portal/collections/individual/index.php?occid=3240051
3240075	NY	1228645	J. C. Lendemer	29704	0	39.93	North Carolina	Swain Co.	35.565	-83.5289	outside_boundary_exact	North Carolina, Swain County	Great Smoky Mountains National Park, Appalachian Trail between Clingmans Dome and jct w/ Goshen Prong Trail	https://lichenportal.org/portal/collections/individual/index.php?occid=3240075
3240082	NY	1228679	J. C. Lendemer	29668	0	39.93	North Carolina	Swain Co.	35.565	-83.5289	outside_boundary_exact	North Carolina, Swain County	Great Smoky Mountains National Park, Appalachian Trail between Clingmans Dome and jct w/ Goshen Prong Trail	https://lichenportal.org/portal/collections/individual/index.php?occid=3240082
3240107	NY	1228693	J. C. Lendemer	29654	0	39.93	North Carolina	Swain Co.	35.565	-83.5289	outside_boundary_exact	North Carolina, Swain County	Great Smoky Mountains National Park, Appalachian Trail between Clingmans Dome and jct w/ Goshen Prong Trail	https://lichenportal.org/portal/collections/individual/index.php?occid=3240107
3240108	NY	1228694	J. C. Lendemer	29653	0	39.93	North Carolina	Swain Co.	35.565	-83.5289	outside_boundary_exact	North Carolina, Swain County	Great Smoky Mountains National Park, Appalachian Trail between Clingmans Dome and jct w/ Goshen Prong Trail	https://lichenportal.org/portal/collections/individual/index.php?occid=3240108
3240336	NY	1228638	J. C. Lendemer	29711	0	39.93	North Carolina	Swain Co.	35.565	-83.5289	outside_boundary_exact	North Carolina, Swain County	Great Smoky Mountains National Park, Appalachian Trail between Clingmans Dome and jct w/ Goshen Prong Trail	https://lichenportal.org/portal/collections/individual/index.php?occid=3240336
3240659	NY	1228648	J. C. Lendemer	29701	0	39.93	North Carolina	Swain Co.	35.565	-83.5289	outside_boundary_exact	North Carolina, Swain County	Great Smoky Mountains National Park, Appalachian Trail between Clingmans Dome and jct w/ Goshen Prong Trail	https://lichenportal.org/portal/collections/individual/index.php?occid=3240659
3240660	NY	1228652	J. C. Lendemer	29697	0	39.93	North Carolina	Swain Co.	35.565	-83.5289	outside_boundary_exact	North Carolina, Swain County	Great Smoky Mountains National Park, Appalachian Trail between Clingmans Dome and jct w/ Goshen Prong Trail	https://lichenportal.org/portal/collections/individual/index.php?occid=3240660
3240661	NY	1228666	J. C. Lendemer	29682	0	39.93	North Carolina	Swain Co.	35.565	-83.5289	outside_boundary_exact	North Carolina, Swain County	Great Smoky Mountains National Park, Appalachian Trail between Clingmans Dome and jct w/ Goshen Prong Trail	https://lichenportal.org/portal/collections/individual/index.php?occid=3240661
3240788	NY	1228680	J. C. Lendemer	29667	0	39.93	North Carolina	Swain Co.	35.565	-83.5289	outside_boundary_exact	North Carolina, Swain County	Great Smoky Mountains National Park, Appalachian Trail between Clingmans Dome and jct w/ Goshen Prong Trail	https://lichenportal.org/portal/collections/individual/index.php?occid=3240788
3240851	NY	1228657	J. C. Lendemer	29691	0	39.93	North Carolina	Swain Co.	35.565	-83.5289	outside_boundary_exact	North Carolina, Swain County	Great Smoky Mountains National Park, Appalachian Trail between Clingmans Dome and jct w/ Goshen Prong Trail	https://lichenportal.org/portal/collections/individual/index.php?occid=3240851
4625324	NY	04256999	J. C. Lendemer	62040	0	71.58	North Carolina	Swain Co.	35.60849	-83.17882	outside_boundary_exact	North Carolina, Haywood County	Great Smoky Mountains National Park, W-facing slope of Spruce Mountain 0.5 mi S of summit, N of jct of Spruce Mountain Trail and campsite 42 access	https://lichenportal.org/portal/collections/individual/index.php?occid=4625324
4628071	NY	04261317	J. C. Lendemer	67243	0	36.62	North Carolina	Mitchell Co.	36.14975	-82.14853	outside_boundary_exact	Tennessee, Carter County	Pisgah National Forest, Iron Mountain S-slopes of Little Rock Knob, below Appalachian Trail ~1.75 mi N of Hughes Gap	https://lichenportal.org/portal/collections/individual/index.php?occid=4628071
4628072	NY	04261318	J. C. Lendemer	67242	0	36.62	North Carolina	Mitchell Co.	36.14975	-82.14853	outside_boundary_exact	Tennessee, Carter County	Pisgah National Forest, Iron Mountain S-slopes of Little Rock Knob, below Appalachian Trail ~1.75 mi N of Hughes Gap	https://lichenportal.org/portal/collections/individual/index.php?occid=4628072
4628073	NY	04261319	J. C. Lendemer	67241	0	36.62	North Carolina	Mitchell Co.	36.14975	-82.14853	outside_boundary_exact	Tennessee, Carter County	Pisgah National Forest, Iron Mountain S-slopes of Little Rock Knob, below Appalachian Trail ~1.75 mi N of Hughes Gap	https://lichenportal.org/portal/collections/individual/index.php?occid=4628073
4628074	NY	04261320	J. C. Lendemer	67240	0	36.62	North Carolina	Mitchell Co.	36.14975	-82.14853	outside_boundary_exact	Tennessee, Carter County	Pisgah National Forest, Iron Mountain S-slopes of Little Rock Knob, below Appalachian Trail ~1.75 mi N of Hughes Gap	https://lichenportal.org/portal/collections/individual/index.php?occid=4628074
4628075	NY	04261321	J. C. Lendemer	67239	0	36.62	North Carolina	Mitchell Co.	36.14975	-82.14853	outside_boundary_exact	Tennessee, Carter County	Pisgah National Forest, Iron Mountain S-slopes of Little Rock Knob, below Appalachian Trail ~1.75 mi N of Hughes Gap	https://lichenportal.org/portal/collections/individual/index.php?occid=4628075
4628076	NY	04261322	J. C. Lendemer	67238	0	36.62	North Carolina	Mitchell Co.	36.14975	-82.14853	outside_boundary_exact	Tennessee, Carter County	Pisgah National Forest, Iron Mountain S-slopes of Little Rock Knob, below Appalachian Trail ~1.75 mi N of Hughes Gap	https://lichenportal.org/portal/collections/individual/index.php?occid=4628076
4628077	NY	04261323	J. C. Lendemer	67237	0	36.62	North Carolina	Mitchell Co.	36.14975	-82.14853	outside_boundary_exact	Tennessee, Carter County	Pisgah National Forest, Iron Mountain S-slopes of Little Rock Knob, below Appalachian Trail ~1.75 mi N of Hughes Gap	https://lichenportal.org/portal/collections/individual/index.php?occid=4628077
4628078	NY	04261324	J. C. Lendemer	67236	0	36.62	North Carolina	Mitchell Co.	36.14975	-82.14853	outside_boundary_exact	Tennessee, Carter County	Pisgah National Forest, Iron Mountain S-slopes of Little Rock Knob, below Appalachian Trail ~1.75 mi N of Hughes Gap	https://lichenportal.org/portal/collections/individual/index.php?occid=4628078
4628079	NY	04261325	J. C. Lendemer	67235	0	36.62	North Carolina	Mitchell Co.	36.14975	-82.14853	outside_boundary_exact	Tennessee, Carter County	Pisgah National Forest, Iron Mountain S-slopes of Little Rock Knob, below Appalachian Trail ~1.75 mi N of Hughes Gap	https://lichenportal.org/portal/collections/individual/index.php?occid=4628079
4628080	NY	04261326	J. C. Lendemer	67234	0	36.62	North Carolina	Mitchell Co.	36.14975	-82.14853	outside_boundary_exact	Tennessee, Carter County	Pisgah National Forest, Iron Mountain S-slopes of Little Rock Knob, below Appalachian Trail ~1.75 mi N of Hughes Gap	https://lichenportal.org/portal/collections/individual/index.php?occid=4628080
4628081	NY	04261327	J. C. Lendemer	67233	0	36.62	North Carolina	Mitchell Co.	36.14975	-82.14853	outside_boundary_exact	Tennessee, Carter County	Pisgah National Forest, Iron Mountain S-slopes of Little Rock Knob, below Appalachian Trail ~1.75 mi N of Hughes Gap	https://lichenportal.org/portal/collections/individual/index.php?occid=4628081
4628082	NY	04261328	J. C. Lendemer	67232	0	36.62	North Carolina	Mitchell Co.	36.14975	-82.14853	outside_boundary_exact	Tennessee, Carter County	Pisgah National Forest, Iron Mountain S-slopes of Little Rock Knob, below Appalachian Trail ~1.75 mi N of Hughes Gap	https://lichenportal.org/portal/collections/individual/index.php?occid=4628082
4628083	NY	04261329	J. C. Lendemer	67231	0	36.62	North Carolina	Mitchell Co.	36.14975	-82.14853	outside_boundary_exact	Tennessee, Carter County	Pisgah National Forest, Iron Mountain S-slopes of Little Rock Knob, below Appalachian Trail ~1.75 mi N of Hughes Gap	https://lichenportal.org/portal/collections/individual/index.php?occid=4628083
4628084	NY	04261330	J. C. Lendemer	67230	0	36.62	North Carolina	Mitchell Co.	36.14975	-82.14853	outside_boundary_exact	Tennessee, Carter County	Pisgah National Forest, Iron Mountain S-slopes of Little Rock Knob, below Appalachian Trail ~1.75 mi N of Hughes Gap	https://lichenportal.org/portal/collections/individual/index.php?occid=4628084
4628085	NY	04261331	J. C. Lendemer	67229	0	36.62	North Carolina	Mitchell Co.	36.14975	-82.14853	outside_boundary_exact	Tennessee, Carter County	Pisgah National Forest, Iron Mountain S-slopes of Little Rock Knob, below Appalachian Trail ~1.75 mi N of Hughes Gap	https://lichenportal.org/portal/collections/individual/index.php?occid=4628085
4628086	NY	04261332	J. C. Lendemer	67228	0	36.62	North Carolina	Mitchell Co.	36.14975	-82.14853	outside_boundary_exact	Tennessee, Carter County	Pisgah National Forest, Iron Mountain S-slopes of Little Rock Knob, below Appalachian Trail ~1.75 mi N of Hughes Gap	https://lichenportal.org/portal/collections/individual/index.php?occid=4628086
4628087	NY	04261333	J. C. Lendemer	67227	0	36.62	North Carolina	Mitchell Co.	36.14975	-82.14853	outside_boundary_exact	Tennessee, Carter County	Pisgah National Forest, Iron Mountain S-slopes of Little Rock Knob, below Appalachian Trail ~1.75 mi N of Hughes Gap	https://lichenportal.org/portal/collections/individual/index.php?occid=4628087
4628088	NY	04261334	J. C. Lendemer	67226	0	36.62	North Carolina	Mitchell Co.	36.14975	-82.14853	outside_boundary_exact	Tennessee, Carter County	Pisgah National Forest, Iron Mountain S-slopes of Little Rock Knob, below Appalachian Trail ~1.75 mi N of Hughes Gap	https://lichenportal.org/portal/collections/individual/index.php?occid=4628088
4628089	NY	04261335	J. C. Lendemer	67225	0	36.62	North Carolina	Mitchell Co.	36.14975	-82.14853	outside_boundary_exact	Tennessee, Carter County	Pisgah National Forest, Iron Mountain S-slopes of Little Rock Knob, below Appalachian Trail ~1.75 mi N of Hughes Gap	https://lichenportal.org/portal/collections/individual/index.php?occid=4628089
4628090	NY	04261336	J. C. Lendemer	67224	0	36.62	North Carolina	Mitchell Co.	36.14975	-82.14853	outside_boundary_exact	Tennessee, Carter County	Pisgah National Forest, Iron Mountain S-slopes of Little Rock Knob, below Appalachian Trail ~1.75 mi N of Hughes Gap	https://lichenportal.org/portal/collections/individual/index.php?occid=4628090
4628091	NY	04261337	J. C. Lendemer	67223	0	36.62	North Carolina	Mitchell Co.	36.14975	-82.14853	outside_boundary_exact	Tennessee, Carter County	Pisgah National Forest, Iron Mountain S-slopes of Little Rock Knob, below Appalachian Trail ~1.75 mi N of Hughes Gap	https://lichenportal.org/portal/collections/individual/index.php?occid=4628091
4628092	NY	04261338	J. C. Lendemer	67222	0	36.62	North Carolina	Mitchell Co.	36.14975	-82.14853	outside_boundary_exact	Tennessee, Carter County	Pisgah National Forest, Iron Mountain S-slopes of Little Rock Knob, below Appalachian Trail ~1.75 mi N of Hughes Gap	https://lichenportal.org/portal/collections/individual/index.php?occid=4628092
4628093	NY	04261339	J. C. Lendemer	67221	0	36.62	North Carolina	Mitchell Co.	36.14975	-82.14853	outside_boundary_exact	Tennessee, Carter County	Pisgah National Forest, Iron Mountain S-slopes of Little Rock Knob, below Appalachian Trail ~1.75 mi N of Hughes Gap	https://lichenportal.org/portal/collections/individual/index.php?occid=4628093
4628094	NY	04261340	J. C. Lendemer	67220	0	36.62	North Carolina	Mitchell Co.	36.14975	-82.14853	outside_boundary_exact	Tennessee, Carter County	Pisgah National Forest, Iron Mountain S-slopes of Little Rock Knob, below Appalachian Trail ~1.75 mi N of Hughes Gap	https://lichenportal.org/portal/collections/individual/index.php?occid=4628094
4628095	NY	04261341	J. C. Lendemer	67219	0	36.62	North Carolina	Mitchell Co.	36.14975	-82.14853	outside_boundary_exact	Tennessee, Carter County	Pisgah National Forest, Iron Mountain S-slopes of Little Rock Knob, below Appalachian Trail ~1.75 mi N of Hughes Gap	https://lichenportal.org/portal/collections/individual/index.php?occid=4628095
4628096	NY	04261342	J. C. Lendemer	67218	0	36.62	North Carolina	Mitchell Co.	36.14975	-82.14853	outside_boundary_exact	Tennessee, Carter County	Pisgah National Forest, Iron Mountain S-slopes of Little Rock Knob, below Appalachian Trail ~1.75 mi N of Hughes Gap	https://lichenportal.org/portal/collections/individual/index.php?occid=4628096
4628097	NY	04261343	J. C. Lendemer	67217	0	36.62	North Carolina	Mitchell Co.	36.14975	-82.14853	outside_boundary_exact	Tennessee, Carter County	Pisgah National Forest, Iron Mountain S-slopes of Little Rock Knob, below Appalachian Trail ~1.75 mi N of Hughes Gap	https://lichenportal.org/portal/collections/individual/index.php?occid=4628097
4628098	NY	04261344	J. C. Lendemer	67216	0	36.62	North Carolina	Mitchell Co.	36.14975	-82.14853	outside_boundary_exact	Tennessee, Carter County	Pisgah National Forest, Iron Mountain S-slopes of Little Rock Knob, below Appalachian Trail ~1.75 mi N of Hughes Gap	https://lichenportal.org/portal/collections/individual/index.php?occid=4628098
4628099	NY	04261345	J. C. Lendemer	67215	0	36.62	North Carolina	Mitchell Co.	36.14975	-82.14853	outside_boundary_exact	Tennessee, Carter County	Pisgah National Forest, Iron Mountain S-slopes of Little Rock Knob, below Appalachian Trail ~1.75 mi N of Hughes Gap	https://lichenportal.org/portal/collections/individual/index.php?occid=4628099
4628100	NY	04261346	J. C. Lendemer	67214	0	36.62	North Carolina	Mitchell Co.	36.14975	-82.14853	outside_boundary_exact	Tennessee, Carter County	Pisgah National Forest, Iron Mountain S-slopes of Little Rock Knob, below Appalachian Trail ~1.75 mi N of Hughes Gap	https://lichenportal.org/portal/collections/individual/index.php?occid=4628100
4628101	NY	04261347	J. C. Lendemer	67213	0	36.62	North Carolina	Mitchell Co.	36.14975	-82.14853	outside_boundary_exact	Tennessee, Carter County	Pisgah National Forest, Iron Mountain S-slopes of Little Rock Knob, below Appalachian Trail ~1.75 mi N of Hughes Gap	https://lichenportal.org/portal/collections/individual/index.php?occid=4628101
4628102	NY	04261348	J. C. Lendemer	67212	0	36.62	North Carolina	Mitchell Co.	36.14975	-82.14853	outside_boundary_exact	Tennessee, Carter County	Pisgah National Forest, Iron Mountain S-slopes of Little Rock Knob, below Appalachian Trail ~1.75 mi N of Hughes Gap	https://lichenportal.org/portal/collections/individual/index.php?occid=4628102
4628103	NY	04261349	J. C. Lendemer	67211	0	36.62	North Carolina	Mitchell Co.	36.14975	-82.14853	outside_boundary_exact	Tennessee, Carter County	Pisgah National Forest, Iron Mountain S-slopes of Little Rock Knob, below Appalachian Trail ~1.75 mi N of Hughes Gap	https://lichenportal.org/portal/collections/individual/index.php?occid=4628103
4628104	NY	04261350	J. C. Lendemer	67210	0	36.62	North Carolina	Mitchell Co.	36.14975	-82.14853	outside_boundary_exact	Tennessee, Carter County	Pisgah National Forest, Iron Mountain S-slopes of Little Rock Knob, below Appalachian Trail ~1.75 mi N of Hughes Gap	https://lichenportal.org/portal/collections/individual/index.php?occid=4628104
4628105	NY	04261351	J. C. Lendemer	67209	0	36.62	North Carolina	Mitchell Co.	36.14975	-82.14853	outside_boundary_exact	Tennessee, Carter County	Pisgah National Forest, Iron Mountain S-slopes of Little Rock Knob, below Appalachian Trail ~1.75 mi N of Hughes Gap	https://lichenportal.org/portal/collections/individual/index.php?occid=4628105
4628106	NY	04261352	J. C. Lendemer	67208	0	36.62	North Carolina	Mitchell Co.	36.14975	-82.14853	outside_boundary_exact	Tennessee, Carter County	Pisgah National Forest, Iron Mountain S-slopes of Little Rock Knob, below Appalachian Trail ~1.75 mi N of Hughes Gap	https://lichenportal.org/portal/collections/individual/index.php?occid=4628106
4628107	NY	04261353	J. C. Lendemer	67207	0	36.62	North Carolina	Mitchell Co.	36.14975	-82.14853	outside_boundary_exact	Tennessee, Carter County	Pisgah National Forest, Iron Mountain S-slopes of Little Rock Knob, below Appalachian Trail ~1.75 mi N of Hughes Gap	https://lichenportal.org/portal/collections/individual/index.php?occid=4628107
4628108	NY	04261354	J. C. Lendemer	67206	0	36.62	North Carolina	Mitchell Co.	36.14975	-82.14853	outside_boundary_exact	Tennessee, Carter County	Pisgah National Forest, Iron Mountain S-slopes of Little Rock Knob, below Appalachian Trail ~1.75 mi N of Hughes Gap	https://lichenportal.org/portal/collections/individual/index.php?occid=4628108
4628109	NY	04261355	J. C. Lendemer	67205	0	36.62	North Carolina	Mitchell Co.	36.14975	-82.14853	outside_boundary_exact	Tennessee, Carter County	Pisgah National Forest, Iron Mountain S-slopes of Little Rock Knob, below Appalachian Trail ~1.75 mi N of Hughes Gap	https://lichenportal.org/portal/collections/individual/index.php?occid=4628109
4628110	NY	04261356	J. C. Lendemer	67204	0	36.62	North Carolina	Mitchell Co.	36.14975	-82.14853	outside_boundary_exact	Tennessee, Carter County	Pisgah National Forest, Iron Mountain S-slopes of Little Rock Knob, below Appalachian Trail ~1.75 mi N of Hughes Gap	https://lichenportal.org/portal/collections/individual/index.php?occid=4628110
4628111	NY	04261357	J. C. Lendemer	67203	0	36.62	North Carolina	Mitchell Co.	36.14975	-82.14853	outside_boundary_exact	Tennessee, Carter County	Pisgah National Forest, Iron Mountain S-slopes of Little Rock Knob, below Appalachian Trail ~1.75 mi N of Hughes Gap	https://lichenportal.org/portal/collections/individual/index.php?occid=4628111
4628112	NY	04261358	J. C. Lendemer	67202	0	36.62	North Carolina	Mitchell Co.	36.14975	-82.14853	outside_boundary_exact	Tennessee, Carter County	Pisgah National Forest, Iron Mountain S-slopes of Little Rock Knob, below Appalachian Trail ~1.75 mi N of Hughes Gap	https://lichenportal.org/portal/collections/individual/index.php?occid=4628112
4628113	NY	04261359	J. C. Lendemer	67201	0	36.62	North Carolina	Mitchell Co.	36.14975	-82.14853	outside_boundary_exact	Tennessee, Carter County	Pisgah National Forest, Iron Mountain S-slopes of Little Rock Knob, below Appalachian Trail ~1.75 mi N of Hughes Gap	https://lichenportal.org/portal/collections/individual/index.php?occid=4628113
4628114	NY	04261360	J. C. Lendemer	67200	0	36.62	North Carolina	Mitchell Co.	36.14975	-82.14853	outside_boundary_exact	Tennessee, Carter County	Pisgah National Forest, Iron Mountain S-slopes of Little Rock Knob, below Appalachian Trail ~1.75 mi N of Hughes Gap	https://lichenportal.org/portal/collections/individual/index.php?occid=4628114
4628115	NY	04261361	J. C. Lendemer	67199	0	36.62	North Carolina	Mitchell Co.	36.14975	-82.14853	outside_boundary_exact	Tennessee, Carter County	Pisgah National Forest, Iron Mountain S-slopes of Little Rock Knob, below Appalachian Trail ~1.75 mi N of Hughes Gap	https://lichenportal.org/portal/collections/individual/index.php?occid=4628115
4628116	NY	04261362	J. C. Lendemer	67198	0	36.62	North Carolina	Mitchell Co.	36.14975	-82.14853	outside_boundary_exact	Tennessee, Carter County	Pisgah National Forest, Iron Mountain S-slopes of Little Rock Knob, below Appalachian Trail ~1.75 mi N of Hughes Gap	https://lichenportal.org/portal/collections/individual/index.php?occid=4628116
4628117	NY	04261363	J. C. Lendemer	67197	0	36.62	North Carolina	Mitchell Co.	36.14975	-82.14853	outside_boundary_exact	Tennessee, Carter County	Pisgah National Forest, Iron Mountain S-slopes of Little Rock Knob, below Appalachian Trail ~1.75 mi N of Hughes Gap	https://lichenportal.org/portal/collections/individual/index.php?occid=4628117
4628118	NY	04261364	J. C. Lendemer	67196	0	36.62	North Carolina	Mitchell Co.	36.14975	-82.14853	outside_boundary_exact	Tennessee, Carter County	Pisgah National Forest, Iron Mountain S-slopes of Little Rock Knob, below Appalachian Trail ~1.75 mi N of Hughes Gap	https://lichenportal.org/portal/collections/individual/index.php?occid=4628118
4628119	NY	04261365	J. C. Lendemer	67195	0	36.62	North Carolina	Mitchell Co.	36.14975	-82.14853	outside_boundary_exact	Tennessee, Carter County	Pisgah National Forest, Iron Mountain S-slopes of Little Rock Knob, below Appalachian Trail ~1.75 mi N of Hughes Gap	https://lichenportal.org/portal/collections/individual/index.php?occid=4628119
4628120	NY	04261366	J. C. Lendemer	67194	0	36.62	North Carolina	Mitchell Co.	36.14975	-82.14853	outside_boundary_exact	Tennessee, Carter County	Pisgah National Forest, Iron Mountain S-slopes of Little Rock Knob, below Appalachian Trail ~1.75 mi N of Hughes Gap	https://lichenportal.org/portal/collections/individual/index.php?occid=4628120
4628121	NY	04261367	J. C. Lendemer	67193	0	36.62	North Carolina	Mitchell Co.	36.14975	-82.14853	outside_boundary_exact	Tennessee, Carter County	Pisgah National Forest, Iron Mountain S-slopes of Little Rock Knob, below Appalachian Trail ~1.75 mi N of Hughes Gap	https://lichenportal.org/portal/collections/individual/index.php?occid=4628121
4628122	NY	04261368	J. C. Lendemer	67192	0	36.62	North Carolina	Mitchell Co.	36.14975	-82.14853	outside_boundary_exact	Tennessee, Carter County	Pisgah National Forest, Iron Mountain S-slopes of Little Rock Knob, below Appalachian Trail ~1.75 mi N of Hughes Gap	https://lichenportal.org/portal/collections/individual/index.php?occid=4628122
4628123	NY	04261369	J. C. Lendemer	67191	0	36.62	North Carolina	Mitchell Co.	36.14975	-82.14853	outside_boundary_exact	Tennessee, Carter County	Pisgah National Forest, Iron Mountain S-slopes of Little Rock Knob, below Appalachian Trail ~1.75 mi N of Hughes Gap	https://lichenportal.org/portal/collections/individual/index.php?occid=4628123
4628124	NY	04261370	J. C. Lendemer	67190	0	36.62	North Carolina	Mitchell Co.	36.14975	-82.14853	outside_boundary_exact	Tennessee, Carter County	Pisgah National Forest, Iron Mountain S-slopes of Little Rock Knob, below Appalachian Trail ~1.75 mi N of Hughes Gap	https://lichenportal.org/portal/collections/individual/index.php?occid=4628124
4628125	NY	04261371	J. C. Lendemer	67189	0	36.62	North Carolina	Mitchell Co.	36.14975	-82.14853	outside_boundary_exact	Tennessee, Carter County	Pisgah National Forest, Iron Mountain S-slopes of Little Rock Knob, below Appalachian Trail ~1.75 mi N of Hughes Gap	https://lichenportal.org/portal/collections/individual/index.php?occid=4628125
4628126	NY	04261372	J. C. Lendemer	67188	0	36.62	North Carolina	Mitchell Co.	36.14975	-82.14853	outside_boundary_exact	Tennessee, Carter County	Pisgah National Forest, Iron Mountain S-slopes of Little Rock Knob, below Appalachian Trail ~1.75 mi N of Hughes Gap	https://lichenportal.org/portal/collections/individual/index.php?occid=4628126
4628127	NY	04261373	J. C. Lendemer	67187	0	36.62	North Carolina	Mitchell Co.	36.14975	-82.14853	outside_boundary_exact	Tennessee, Carter County	Pisgah National Forest, Iron Mountain S-slopes of Little Rock Knob, below Appalachian Trail ~1.75 mi N of Hughes Gap	https://lichenportal.org/portal/collections/individual/index.php?occid=4628127
4628128	NY	04261374	J. C. Lendemer	67185	0	36.62	North Carolina	Mitchell Co.	36.14975	-82.14853	outside_boundary_exact	Tennessee, Carter County	Pisgah National Forest, Iron Mountain S-slopes of Little Rock Knob, below Appalachian Trail ~1.75 mi N of Hughes Gap	https://lichenportal.org/portal/collections/individual/index.php?occid=4628128
4628129	NY	04261375	J. C. Lendemer	67186	0	36.62	North Carolina	Mitchell Co.	36.14975	-82.14853	outside_boundary_exact	Tennessee, Carter County	Pisgah National Forest, Iron Mountain S-slopes of Little Rock Knob, below Appalachian Trail ~1.75 mi N of Hughes Gap	https://lichenportal.org/portal/collections/individual/index.php?occid=4628129
4628130	NY	04261376	J. C. Lendemer	67184	0	36.62	North Carolina	Mitchell Co.	36.14975	-82.14853	outside_boundary_exact	Tennessee, Carter County	Pisgah National Forest, Iron Mountain S-slopes of Little Rock Knob, below Appalachian Trail ~1.75 mi N of Hughes Gap	https://lichenportal.org/portal/collections/individual/index.php?occid=4628130
4628131	NY	04261377	J. C. Lendemer	67183	0	36.62	North Carolina	Mitchell Co.	36.14975	-82.14853	outside_boundary_exact	Tennessee, Carter County	Pisgah National Forest, Iron Mountain S-slopes of Little Rock Knob, below Appalachian Trail ~1.75 mi N of Hughes Gap	https://lichenportal.org/portal/collections/individual/index.php?occid=4628131
4628132	NY	04261378	J. C. Lendemer	67182	0	36.62	North Carolina	Mitchell Co.	36.14975	-82.14853	outside_boundary_exact	Tennessee, Carter County	Pisgah National Forest, Iron Mountain S-slopes of Little Rock Knob, below Appalachian Trail ~1.75 mi N of Hughes Gap	https://lichenportal.org/portal/collections/individual/index.php?occid=4628132
4628133	NY	04261379	J. C. Lendemer	67181	0	36.62	North Carolina	Mitchell Co.	36.14975	-82.14853	outside_boundary_exact	Tennessee, Carter County	Pisgah National Forest, Iron Mountain S-slopes of Little Rock Knob, below Appalachian Trail ~1.75 mi N of Hughes Gap	https://lichenportal.org/portal/collections/individual/index.php?occid=4628133
4628134	NY	04261380	J. C. Lendemer	67180	0	36.62	North Carolina	Mitchell Co.	36.14975	-82.14853	outside_boundary_exact	Tennessee, Carter County	Pisgah National Forest, Iron Mountain S-slopes of Little Rock Knob, below Appalachian Trail ~1.75 mi N of Hughes Gap	https://lichenportal.org/portal/collections/individual/index.php?occid=4628134
4628135	NY	04261381	J. C. Lendemer	67179	0	36.62	North Carolina	Mitchell Co.	36.14975	-82.14853	outside_boundary_exact	Tennessee, Carter County	Pisgah National Forest, Iron Mountain S-slopes of Little Rock Knob, below Appalachian Trail ~1.75 mi N of Hughes Gap	https://lichenportal.org/portal/collections/individual/index.php?occid=4628135
4628136	NY	04261382	J. C. Lendemer	67178	0	36.62	North Carolina	Mitchell Co.	36.14975	-82.14853	outside_boundary_exact	Tennessee, Carter County	Pisgah National Forest, Iron Mountain S-slopes of Little Rock Knob, below Appalachian Trail ~1.75 mi N of Hughes Gap	https://lichenportal.org/portal/collections/individual/index.php?occid=4628136
4628137	NY	04261383	J. C. Lendemer	67177	0	36.62	North Carolina	Mitchell Co.	36.14975	-82.14853	outside_boundary_exact	Tennessee, Carter County	Pisgah National Forest, Iron Mountain S-slopes of Little Rock Knob, below Appalachian Trail ~1.75 mi N of Hughes Gap	https://lichenportal.org/portal/collections/individual/index.php?occid=4628137
4628138	NY	04261384	J. C. Lendemer	67176	0	36.62	North Carolina	Mitchell Co.	36.14975	-82.14853	outside_boundary_exact	Tennessee, Carter County	Pisgah National Forest, Iron Mountain S-slopes of Little Rock Knob, below Appalachian Trail ~1.75 mi N of Hughes Gap	https://lichenportal.org/portal/collections/individual/index.php?occid=4628138
4628139	NY	04261385	J. C. Lendemer	67175	0	36.62	North Carolina	Mitchell Co.	36.14975	-82.14853	outside_boundary_exact	Tennessee, Carter County	Pisgah National Forest, Iron Mountain S-slopes of Little Rock Knob, below Appalachian Trail ~1.75 mi N of Hughes Gap	https://lichenportal.org/portal/collections/individual/index.php?occid=4628139
4628140	NY	04261386	J. C. Lendemer	67174	0	36.62	North Carolina	Mitchell Co.	36.14975	-82.14853	outside_boundary_exact	Tennessee, Carter County	Pisgah National Forest, Iron Mountain S-slopes of Little Rock Knob, below Appalachian Trail ~1.75 mi N of Hughes Gap	https://lichenportal.org/portal/collections/individual/index.php?occid=4628140
4628141	NY	04261387	J. C. Lendemer	67173	0	36.62	North Carolina	Mitchell Co.	36.14975	-82.14853	outside_boundary_exact	Tennessee, Carter County	Pisgah National Forest, Iron Mountain S-slopes of Little Rock Knob, below Appalachian Trail ~1.75 mi N of Hughes Gap	https://lichenportal.org/portal/collections/individual/index.php?occid=4628141
4628142	NY	04261388	J. C. Lendemer	67172	0	36.62	North Carolina	Mitchell Co.	36.14975	-82.14853	outside_boundary_exact	Tennessee, Carter County	Pisgah National Forest, Iron Mountain S-slopes of Little Rock Knob, below Appalachian Trail ~1.75 mi N of Hughes Gap	https://lichenportal.org/portal/collections/individual/index.php?occid=4628142
4628143	NY	04261389	J. C. Lendemer	67171	0	36.62	North Carolina	Mitchell Co.	36.14975	-82.14853	outside_boundary_exact	Tennessee, Carter County	Pisgah National Forest, Iron Mountain S-slopes of Little Rock Knob, below Appalachian Trail ~1.75 mi N of Hughes Gap	https://lichenportal.org/portal/collections/individual/index.php?occid=4628143
4628144	NY	04261390	J. C. Lendemer	67170	0	36.62	North Carolina	Mitchell Co.	36.14975	-82.14853	outside_boundary_exact	Tennessee, Carter County	Pisgah National Forest, Iron Mountain S-slopes of Little Rock Knob, below Appalachian Trail ~1.75 mi N of Hughes Gap	https://lichenportal.org/portal/collections/individual/index.php?occid=4628144
4628145	NY	04261391	J. C. Lendemer	67169	0	36.62	North Carolina	Mitchell Co.	36.14975	-82.14853	outside_boundary_exact	Tennessee, Carter County	Pisgah National Forest, Iron Mountain S-slopes of Little Rock Knob, below Appalachian Trail ~1.75 mi N of Hughes Gap	https://lichenportal.org/portal/collections/individual/index.php?occid=4628145
4628146	NY	04261392	J. C. Lendemer	67168	0	36.62	North Carolina	Mitchell Co.	36.14975	-82.14853	outside_boundary_exact	Tennessee, Carter County	Pisgah National Forest, Iron Mountain S-slopes of Little Rock Knob, below Appalachian Trail ~1.75 mi N of Hughes Gap	https://lichenportal.org/portal/collections/individual/index.php?occid=4628146
4628147	NY	04261393	J. C. Lendemer	67167	0	36.62	North Carolina	Mitchell Co.	36.14975	-82.14853	outside_boundary_exact	Tennessee, Carter County	Pisgah National Forest, Iron Mountain S-slopes of Little Rock Knob, below Appalachian Trail ~1.75 mi N of Hughes Gap	https://lichenportal.org/portal/collections/individual/index.php?occid=4628147
4628148	NY	04261394	J. C. Lendemer	67166	0	36.62	North Carolina	Mitchell Co.	36.14975	-82.14853	outside_boundary_exact	Tennessee, Carter County	Pisgah National Forest, Iron Mountain S-slopes of Little Rock Knob, below Appalachian Trail ~1.75 mi N of Hughes Gap	https://lichenportal.org/portal/collections/individual/index.php?occid=4628148
4628149	NY	04261395	J. C. Lendemer	67165	0	36.62	North Carolina	Mitchell Co.	36.14975	-82.14853	outside_boundary_exact	Tennessee, Carter County	Pisgah National Forest, Iron Mountain S-slopes of Little Rock Knob, below Appalachian Trail ~1.75 mi N of Hughes Gap	https://lichenportal.org/portal/collections/individual/index.php?occid=4628149
4628150	NY	04261396	J. C. Lendemer	67164	0	36.62	North Carolina	Mitchell Co.	36.14975	-82.14853	outside_boundary_exact	Tennessee, Carter County	Pisgah National Forest, Iron Mountain S-slopes of Little Rock Knob, below Appalachian Trail ~1.75 mi N of Hughes Gap	https://lichenportal.org/portal/collections/individual/index.php?occid=4628150
4628151	NY	04261397	J. C. Lendemer	67163	0	36.62	North Carolina	Mitchell Co.	36.14975	-82.14853	outside_boundary_exact	Tennessee, Carter County	Pisgah National Forest, Iron Mountain S-slopes of Little Rock Knob, below Appalachian Trail ~1.75 mi N of Hughes Gap	https://lichenportal.org/portal/collections/individual/index.php?occid=4628151
4628152	NY	04261398	J. C. Lendemer	67162	0	36.62	North Carolina	Mitchell Co.	36.14975	-82.14853	outside_boundary_exact	Tennessee, Carter County	Pisgah National Forest, Iron Mountain S-slopes of Little Rock Knob, below Appalachian Trail ~1.75 mi N of Hughes Gap	https://lichenportal.org/portal/collections/individual/index.php?occid=4628152
4628153	NY	04261399	J. C. Lendemer	67161	0	36.62	North Carolina	Mitchell Co.	36.14975	-82.14853	outside_boundary_exact	Tennessee, Carter County	Pisgah National Forest, Iron Mountain S-slopes of Little Rock Knob, below Appalachian Trail ~1.75 mi N of Hughes Gap	https://lichenportal.org/portal/collections/individual/index.php?occid=4628153
4628154	NY	04261400	J. C. Lendemer	67160	0	36.62	North Carolina	Mitchell Co.	36.14975	-82.14853	outside_boundary_exact	Tennessee, Carter County	Pisgah National Forest, Iron Mountain S-slopes of Little Rock Knob, below Appalachian Trail ~1.75 mi N of Hughes Gap	https://lichenportal.org/portal/collections/individual/index.php?occid=4628154
4628155	NY	04261401	J. C. Lendemer	67159	0	36.62	North Carolina	Mitchell Co.	36.14975	-82.14853	outside_boundary_exact	Tennessee, Carter County	Pisgah National Forest, Iron Mountain S-slopes of Little Rock Knob, below Appalachian Trail ~1.75 mi N of Hughes Gap	https://lichenportal.org/portal/collections/individual/index.php?occid=4628155
4628156	NY	04261402	J. C. Lendemer	67158	0	36.62	North Carolina	Mitchell Co.	36.14975	-82.14853	outside_boundary_exact	Tennessee, Carter County	Pisgah National Forest, Iron Mountain S-slopes of Little Rock Knob, below Appalachian Trail ~1.75 mi N of Hughes Gap	https://lichenportal.org/portal/collections/individual/index.php?occid=4628156
4628157	NY	04261403	J. C. Lendemer	67157	0	36.62	North Carolina	Mitchell Co.	36.14975	-82.14853	outside_boundary_exact	Tennessee, Carter County	Pisgah National Forest, Iron Mountain S-slopes of Little Rock Knob, below Appalachian Trail ~1.75 mi N of Hughes Gap	https://lichenportal.org/portal/collections/individual/index.php?occid=4628157
4628158	NY	04261404	J. C. Lendemer	67156	0	36.62	North Carolina	Mitchell Co.	36.14975	-82.14853	outside_boundary_exact	Tennessee, Carter County	Pisgah National Forest, Iron Mountain S-slopes of Little Rock Knob, below Appalachian Trail ~1.75 mi N of Hughes Gap	https://lichenportal.org/portal/collections/individual/index.php?occid=4628158
4628159	NY	04261405	J. C. Lendemer	67155	0	36.62	North Carolina	Mitchell Co.	36.14975	-82.14853	outside_boundary_exact	Tennessee, Carter County	Pisgah National Forest, Iron Mountain S-slopes of Little Rock Knob, below Appalachian Trail ~1.75 mi N of Hughes Gap	https://lichenportal.org/portal/collections/individual/index.php?occid=4628159
4628160	NY	04261406	J. C. Lendemer	67154	0	36.62	North Carolina	Mitchell Co.	36.14975	-82.14853	outside_boundary_exact	Tennessee, Carter County	Pisgah National Forest, Iron Mountain S-slopes of Little Rock Knob, below Appalachian Trail ~1.75 mi N of Hughes Gap	https://lichenportal.org/portal/collections/individual/index.php?occid=4628160
4628161	NY	04261407	J. C. Lendemer	67153	0	36.62	North Carolina	Mitchell Co.	36.14975	-82.14853	outside_boundary_exact	Tennessee, Carter County	Pisgah National Forest, Iron Mountain S-slopes of Little Rock Knob, below Appalachian Trail ~1.75 mi N of Hughes Gap	https://lichenportal.org/portal/collections/individual/index.php?occid=4628161
4628162	NY	04261408	J. C. Lendemer	67152	0	36.62	North Carolina	Mitchell Co.	36.14975	-82.14853	outside_boundary_exact	Tennessee, Carter County	Pisgah National Forest, Iron Mountain S-slopes of Little Rock Knob, below Appalachian Trail ~1.75 mi N of Hughes Gap	https://lichenportal.org/portal/collections/individual/index.php?occid=4628162
4628163	NY	04261409	J. C. Lendemer	67151	0	36.62	North Carolina	Mitchell Co.	36.14975	-82.14853	outside_boundary_exact	Tennessee, Carter County	Pisgah National Forest, Iron Mountain S-slopes of Little Rock Knob, below Appalachian Trail ~1.75 mi N of Hughes Gap	https://lichenportal.org/portal/collections/individual/index.php?occid=4628163
4628164	NY	04261410	J. C. Lendemer	67150	0	36.62	North Carolina	Mitchell Co.	36.14975	-82.14853	outside_boundary_exact	Tennessee, Carter County	Pisgah National Forest, Iron Mountain S-slopes of Little Rock Knob, below Appalachian Trail ~1.75 mi N of Hughes Gap	https://lichenportal.org/portal/collections/individual/index.php?occid=4628164
4628165	NY	04261411	J. C. Lendemer	67149	0	36.62	North Carolina	Mitchell Co.	36.14975	-82.14853	outside_boundary_exact	Tennessee, Carter County	Pisgah National Forest, Iron Mountain S-slopes of Little Rock Knob, below Appalachian Trail ~1.75 mi N of Hughes Gap	https://lichenportal.org/portal/collections/individual/index.php?occid=4628165
4628166	NY	04261412	J. C. Lendemer	67148	0	36.62	North Carolina	Mitchell Co.	36.14975	-82.14853	outside_boundary_exact	Tennessee, Carter County	Pisgah National Forest, Iron Mountain S-slopes of Little Rock Knob, below Appalachian Trail ~1.75 mi N of Hughes Gap	https://lichenportal.org/portal/collections/individual/index.php?occid=4628166
4628167	NY	04261413	J. C. Lendemer	67147	0	36.62	North Carolina	Mitchell Co.	36.14975	-82.14853	outside_boundary_exact	Tennessee, Carter County	Pisgah National Forest, Iron Mountain S-slopes of Little Rock Knob, below Appalachian Trail ~1.75 mi N of Hughes Gap	https://lichenportal.org/portal/collections/individual/index.php?occid=4628167
4628168	NY	04261414	J. C. Lendemer	67146	0	36.62	North Carolina	Mitchell Co.	36.14975	-82.14853	outside_boundary_exact	Tennessee, Carter County	Pisgah National Forest, Iron Mountain S-slopes of Little Rock Knob, below Appalachian Trail ~1.75 mi N of Hughes Gap	https://lichenportal.org/portal/collections/individual/index.php?occid=4628168
4628169	NY	04261415	J. C. Lendemer	67145	0	36.62	North Carolina	Mitchell Co.	36.14975	-82.14853	outside_boundary_exact	Tennessee, Carter County	Pisgah National Forest, Iron Mountain S-slopes of Little Rock Knob, below Appalachian Trail ~1.75 mi N of Hughes Gap	https://lichenportal.org/portal/collections/individual/index.php?occid=4628169
4628170	NY	04261416	J. C. Lendemer	67144	0	36.62	North Carolina	Mitchell Co.	36.14975	-82.14853	outside_boundary_exact	Tennessee, Carter County	Pisgah National Forest, Iron Mountain S-slopes of Little Rock Knob, below Appalachian Trail ~1.75 mi N of Hughes Gap	https://lichenportal.org/portal/collections/individual/index.php?occid=4628170
4628171	NY	04261417	J. C. Lendemer	67143	0	36.62	North Carolina	Mitchell Co.	36.14975	-82.14853	outside_boundary_exact	Tennessee, Carter County	Pisgah National Forest, Iron Mountain S-slopes of Little Rock Knob, below Appalachian Trail ~1.75 mi N of Hughes Gap	https://lichenportal.org/portal/collections/individual/index.php?occid=4628171
4628172	NY	04261418	J. C. Lendemer	67142	0	36.62	North Carolina	Mitchell Co.	36.14975	-82.14853	outside_boundary_exact	Tennessee, Carter County	Pisgah National Forest, Iron Mountain S-slopes of Little Rock Knob, below Appalachian Trail ~1.75 mi N of Hughes Gap	https://lichenportal.org/portal/collections/individual/index.php?occid=4628172
4628173	NY	04261419	J. C. Lendemer	67141	0	36.62	North Carolina	Mitchell Co.	36.14975	-82.14853	outside_boundary_exact	Tennessee, Carter County	Pisgah National Forest, Iron Mountain S-slopes of Little Rock Knob, below Appalachian Trail ~1.75 mi N of Hughes Gap	https://lichenportal.org/portal/collections/individual/index.php?occid=4628173
4628174	NY	04261420	J. C. Lendemer	67140	0	36.62	North Carolina	Mitchell Co.	36.14975	-82.14853	outside_boundary_exact	Tennessee, Carter County	Pisgah National Forest, Iron Mountain S-slopes of Little Rock Knob, below Appalachian Trail ~1.75 mi N of Hughes Gap	https://lichenportal.org/portal/collections/individual/index.php?occid=4628174
4628175	NY	04261421	J. C. Lendemer	67139	0	36.62	North Carolina	Mitchell Co.	36.14975	-82.14853	outside_boundary_exact	Tennessee, Carter County	Pisgah National Forest, Iron Mountain S-slopes of Little Rock Knob, below Appalachian Trail ~1.75 mi N of Hughes Gap	https://lichenportal.org/portal/collections/individual/index.php?occid=4628175
4628176	NY	04261422	J. C. Lendemer	67138	0	36.62	North Carolina	Mitchell Co.	36.14975	-82.14853	outside_boundary_exact	Tennessee, Carter County	Pisgah National Forest, Iron Mountain S-slopes of Little Rock Knob, below Appalachian Trail ~1.75 mi N of Hughes Gap	https://lichenportal.org/portal/collections/individual/index.php?occid=4628176
4628177	NY	04261423	J. C. Lendemer	67137	0	36.62	North Carolina	Mitchell Co.	36.14975	-82.14853	outside_boundary_exact	Tennessee, Carter County	Pisgah National Forest, Iron Mountain S-slopes of Little Rock Knob, below Appalachian Trail ~1.75 mi N of Hughes Gap	https://lichenportal.org/portal/collections/individual/index.php?occid=4628177
4628178	NY	04261424	J. C. Lendemer	67136	0	36.62	North Carolina	Mitchell Co.	36.14975	-82.14853	outside_boundary_exact	Tennessee, Carter County	Pisgah National Forest, Iron Mountain S-slopes of Little Rock Knob, below Appalachian Trail ~1.75 mi N of Hughes Gap	https://lichenportal.org/portal/collections/individual/index.php?occid=4628178
4628179	NY	04261425	J. C. Lendemer	67135	0	36.62	North Carolina	Mitchell Co.	36.14975	-82.14853	outside_boundary_exact	Tennessee, Carter County	Pisgah National Forest, Iron Mountain S-slopes of Little Rock Knob, below Appalachian Trail ~1.75 mi N of Hughes Gap	https://lichenportal.org/portal/collections/individual/index.php?occid=4628179
4628180	NY	04261426	J. C. Lendemer	67134	0	36.62	North Carolina	Mitchell Co.	36.14975	-82.14853	outside_boundary_exact	Tennessee, Carter County	Pisgah National Forest, Iron Mountain S-slopes of Little Rock Knob, below Appalachian Trail ~1.75 mi N of Hughes Gap	https://lichenportal.org/portal/collections/individual/index.php?occid=4628180
4628181	NY	04261427	J. C. Lendemer	67133	0	36.62	North Carolina	Mitchell Co.	36.14975	-82.14853	outside_boundary_exact	Tennessee, Carter County	Pisgah National Forest, Iron Mountain S-slopes of Little Rock Knob, below Appalachian Trail ~1.75 mi N of Hughes Gap	https://lichenportal.org/portal/collections/individual/index.php?occid=4628181
4628182	NY	04261428	J. C. Lendemer	67132	0	36.62	North Carolina	Mitchell Co.	36.14975	-82.14853	outside_boundary_exact	Tennessee, Carter County	Pisgah National Forest, Iron Mountain S-slopes of Little Rock Knob, below Appalachian Trail ~1.75 mi N of Hughes Gap	https://lichenportal.org/portal/collections/individual/index.php?occid=4628182
4628183	NY	04261429	J. C. Lendemer	67131	0	36.62	North Carolina	Mitchell Co.	36.14975	-82.14853	outside_boundary_exact	Tennessee, Carter County	Pisgah National Forest, Iron Mountain S-slopes of Little Rock Knob, below Appalachian Trail ~1.75 mi N of Hughes Gap	https://lichenportal.org/portal/collections/individual/index.php?occid=4628183
4628184	NY	04261430	J. C. Lendemer	67130	0	36.62	North Carolina	Mitchell Co.	36.14975	-82.14853	outside_boundary_exact	Tennessee, Carter County	Pisgah National Forest, Iron Mountain S-slopes of Little Rock Knob, below Appalachian Trail ~1.75 mi N of Hughes Gap	https://lichenportal.org/portal/collections/individual/index.php?occid=4628184
4628185	NY	04261431	J. C. Lendemer	67129	0	36.62	North Carolina	Mitchell Co.	36.14975	-82.14853	outside_boundary_exact	Tennessee, Carter County	Pisgah National Forest, Iron Mountain S-slopes of Little Rock Knob, below Appalachian Trail ~1.75 mi N of Hughes Gap	https://lichenportal.org/portal/collections/individual/index.php?occid=4628185
4628186	NY	04261432	J. C. Lendemer	67128	0	36.62	North Carolina	Mitchell Co.	36.14975	-82.14853	outside_boundary_exact	Tennessee, Carter County	Pisgah National Forest, Iron Mountain S-slopes of Little Rock Knob, below Appalachian Trail ~1.75 mi N of Hughes Gap	https://lichenportal.org/portal/collections/individual/index.php?occid=4628186
4628187	NY	04261433	J. C. Lendemer	67127	0	36.62	North Carolina	Mitchell Co.	36.14975	-82.14853	outside_boundary_exact	Tennessee, Carter County	Pisgah National Forest, Iron Mountain S-slopes of Little Rock Knob, below Appalachian Trail ~1.75 mi N of Hughes Gap	https://lichenportal.org/portal/collections/individual/index.php?occid=4628187
4628188	NY	04261434	J. C. Lendemer	67126	0	36.62	North Carolina	Mitchell Co.	36.14975	-82.14853	outside_boundary_exact	Tennessee, Carter County	Pisgah National Forest, Iron Mountain S-slopes of Little Rock Knob, below Appalachian Trail ~1.75 mi N of Hughes Gap	https://lichenportal.org/portal/collections/individual/index.php?occid=4628188
4628189	NY	04261435	J. C. Lendemer	67125	0	36.62	North Carolina	Mitchell Co.	36.14975	-82.14853	outside_boundary_exact	Tennessee, Carter County	Pisgah National Forest, Iron Mountain S-slopes of Little Rock Knob, below Appalachian Trail ~1.75 mi N of Hughes Gap	https://lichenportal.org/portal/collections/individual/index.php?occid=4628189
4628190	NY	04261436	J. C. Lendemer	67124	0	36.62	North Carolina	Mitchell Co.	36.14975	-82.14853	outside_boundary_exact	Tennessee, Carter County	Pisgah National Forest, Iron Mountain S-slopes of Little Rock Knob, below Appalachian Trail ~1.75 mi N of Hughes Gap	https://lichenportal.org/portal/collections/individual/index.php?occid=4628190
4628191	NY	04261437	J. C. Lendemer	67123	0	36.62	North Carolina	Mitchell Co.	36.14975	-82.14853	outside_boundary_exact	Tennessee, Carter County	Pisgah National Forest, Iron Mountain S-slopes of Little Rock Knob, below Appalachian Trail ~1.75 mi N of Hughes Gap	https://lichenportal.org/portal/collections/individual/index.php?occid=4628191
4628194	NY	04261440	J. C. Lendemer	67120	0	36.62	North Carolina	Mitchell Co.	36.14975	-82.14853	outside_boundary_exact	Tennessee, Carter County	Pisgah National Forest, Iron Mountain S-slopes of Little Rock Knob, below Appalachian Trail ~1.75 mi N of Hughes Gap	https://lichenportal.org/portal/collections/individual/index.php?occid=4628194
4628195	NY	04261441	J. C. Lendemer	67119	0	36.62	North Carolina	Mitchell Co.	36.14975	-82.14853	outside_boundary_exact	Tennessee, Carter County	Pisgah National Forest, Iron Mountain S-slopes of Little Rock Knob, below Appalachian Trail ~1.75 mi N of Hughes Gap	https://lichenportal.org/portal/collections/individual/index.php?occid=4628195
4628196	NY	04261442	J. C. Lendemer	67118	0	36.62	North Carolina	Mitchell Co.	36.14975	-82.14853	outside_boundary_exact	Tennessee, Carter County	Pisgah National Forest, Iron Mountain S-slopes of Little Rock Knob, below Appalachian Trail ~1.75 mi N of Hughes Gap	https://lichenportal.org/portal/collections/individual/index.php?occid=4628196
4628197	NY	04261443	J. C. Lendemer	67117	0	36.62	North Carolina	Mitchell Co.	36.14975	-82.14853	outside_boundary_exact	Tennessee, Carter County	Pisgah National Forest, Iron Mountain S-slopes of Little Rock Knob, below Appalachian Trail ~1.75 mi N of Hughes Gap	https://lichenportal.org/portal/collections/individual/index.php?occid=4628197
4628198	NY	04261444	J. C. Lendemer	67116	0	36.62	North Carolina	Mitchell Co.	36.14975	-82.14853	outside_boundary_exact	Tennessee, Carter County	Pisgah National Forest, Iron Mountain S-slopes of Little Rock Knob, below Appalachian Trail ~1.75 mi N of Hughes Gap	https://lichenportal.org/portal/collections/individual/index.php?occid=4628198
4628199	NY	04261445	J. C. Lendemer	67115	0	36.62	North Carolina	Mitchell Co.	36.14975	-82.14853	outside_boundary_exact	Tennessee, Carter County	Pisgah National Forest, Iron Mountain S-slopes of Little Rock Knob, below Appalachian Trail ~1.75 mi N of Hughes Gap	https://lichenportal.org/portal/collections/individual/index.php?occid=4628199
4628200	NY	04261446	J. C. Lendemer	67114	0	36.62	North Carolina	Mitchell Co.	36.14975	-82.14853	outside_boundary_exact	Tennessee, Carter County	Pisgah National Forest, Iron Mountain S-slopes of Little Rock Knob, below Appalachian Trail ~1.75 mi N of Hughes Gap	https://lichenportal.org/portal/collections/individual/index.php?occid=4628200
4628202	NY	04261448	J. C. Lendemer	67112	0	36.62	North Carolina	Mitchell Co.	36.14975	-82.14853	outside_boundary_exact	Tennessee, Carter County	Pisgah National Forest, Iron Mountain S-slopes of Little Rock Knob, below Appalachian Trail ~1.75 mi N of Hughes Gap	https://lichenportal.org/portal/collections/individual/index.php?occid=4628202
4628203	NY	04261449	J. C. Lendemer	67111	0	36.62	North Carolina	Mitchell Co.	36.14975	-82.14853	outside_boundary_exact	Tennessee, Carter County	Pisgah National Forest, Iron Mountain S-slopes of Little Rock Knob, below Appalachian Trail ~1.75 mi N of Hughes Gap	https://lichenportal.org/portal/collections/individual/index.php?occid=4628203
4628204	NY	04261450	J. C. Lendemer	67110	0	36.62	North Carolina	Mitchell Co.	36.14975	-82.14853	outside_boundary_exact	Tennessee, Carter County	Pisgah National Forest, Iron Mountain S-slopes of Little Rock Knob, below Appalachian Trail ~1.75 mi N of Hughes Gap	https://lichenportal.org/portal/collections/individual/index.php?occid=4628204
4628205	NY	04261452	J. C. Lendemer	67109	0	36.62	North Carolina	Mitchell Co.	36.14975	-82.14853	outside_boundary_exact	Tennessee, Carter County	Pisgah National Forest, Iron Mountain S-slopes of Little Rock Knob, below Appalachian Trail ~1.75 mi N of Hughes Gap	https://lichenportal.org/portal/collections/individual/index.php?occid=4628205
4628206	NY	04261453	J. C. Lendemer	67108	0	36.62	North Carolina	Mitchell Co.	36.14975	-82.14853	outside_boundary_exact	Tennessee, Carter County	Pisgah National Forest, Iron Mountain S-slopes of Little Rock Knob, below Appalachian Trail ~1.75 mi N of Hughes Gap	https://lichenportal.org/portal/collections/individual/index.php?occid=4628206
4628207	NY	04261454	J. C. Lendemer	67107	0	36.62	North Carolina	Mitchell Co.	36.14975	-82.14853	outside_boundary_exact	Tennessee, Carter County	Pisgah National Forest, Iron Mountain S-slopes of Little Rock Knob, below Appalachian Trail ~1.75 mi N of Hughes Gap	https://lichenportal.org/portal/collections/individual/index.php?occid=4628207
4628208	NY	04261455	J. C. Lendemer	67106	0	36.62	North Carolina	Mitchell Co.	36.14975	-82.14853	outside_boundary_exact	Tennessee, Carter County	Pisgah National Forest, Iron Mountain S-slopes of Little Rock Knob, below Appalachian Trail ~1.75 mi N of Hughes Gap	https://lichenportal.org/portal/collections/individual/index.php?occid=4628208
4628209	NY	04261456	J. C. Lendemer	67105	0	36.62	North Carolina	Mitchell Co.	36.14975	-82.14853	outside_boundary_exact	Tennessee, Carter County	Pisgah National Forest, Iron Mountain S-slopes of Little Rock Knob, below Appalachian Trail ~1.75 mi N of Hughes Gap	https://lichenportal.org/portal/collections/individual/index.php?occid=4628209
4628210	NY	04261457	J. C. Lendemer	67104	0	36.62	North Carolina	Mitchell Co.	36.14975	-82.14853	outside_boundary_exact	Tennessee, Carter County	Pisgah National Forest, Iron Mountain S-slopes of Little Rock Knob, below Appalachian Trail ~1.75 mi N of Hughes Gap	https://lichenportal.org/portal/collections/individual/index.php?occid=4628210
4628211	NY	04261458	J. C. Lendemer	67103	0	36.62	North Carolina	Mitchell Co.	36.14975	-82.14853	outside_boundary_exact	Tennessee, Carter County	Pisgah National Forest, Iron Mountain S-slopes of Little Rock Knob, below Appalachian Trail ~1.75 mi N of Hughes Gap	https://lichenportal.org/portal/collections/individual/index.php?occid=4628211
4628212	NY	04261459	J. C. Lendemer	67102	0	36.62	North Carolina	Mitchell Co.	36.14975	-82.14853	outside_boundary_exact	Tennessee, Carter County	Pisgah National Forest, Iron Mountain S-slopes of Little Rock Knob, below Appalachian Trail ~1.75 mi N of Hughes Gap	https://lichenportal.org/portal/collections/individual/index.php?occid=4628212
4628214	NY	04261461	J. C. Lendemer	67100	0	36.62	North Carolina	Mitchell Co.	36.14975	-82.14853	outside_boundary_exact	Tennessee, Carter County	Pisgah National Forest, Iron Mountain S-slopes of Little Rock Knob, below Appalachian Trail ~1.75 mi N of Hughes Gap	https://lichenportal.org/portal/collections/individual/index.php?occid=4628214
4628215	NY	04261462	J. C. Lendemer	67099	0	36.62	North Carolina	Mitchell Co.	36.14975	-82.14853	outside_boundary_exact	Tennessee, Carter County	Pisgah National Forest, Iron Mountain S-slopes of Little Rock Knob, below Appalachian Trail ~1.75 mi N of Hughes Gap	https://lichenportal.org/portal/collections/individual/index.php?occid=4628215
4628216	NY	04261463	J. C. Lendemer	67098	0	36.62	North Carolina	Mitchell Co.	36.14975	-82.14853	outside_boundary_exact	Tennessee, Carter County	Pisgah National Forest, Iron Mountain S-slopes of Little Rock Knob, below Appalachian Trail ~1.75 mi N of Hughes Gap	https://lichenportal.org/portal/collections/individual/index.php?occid=4628216
4628217	NY	04261464	J. C. Lendemer	67097	0	36.62	North Carolina	Mitchell Co.	36.14975	-82.14853	outside_boundary_exact	Tennessee, Carter County	Pisgah National Forest, Iron Mountain S-slopes of Little Rock Knob, below Appalachian Trail ~1.75 mi N of Hughes Gap	https://lichenportal.org/portal/collections/individual/index.php?occid=4628217
4628218	NY	04261465	J. C. Lendemer	67096	0	36.62	North Carolina	Mitchell Co.	36.14975	-82.14853	outside_boundary_exact	Tennessee, Carter County	Pisgah National Forest, Iron Mountain S-slopes of Little Rock Knob, below Appalachian Trail ~1.75 mi N of Hughes Gap	https://lichenportal.org/portal/collections/individual/index.php?occid=4628218
4628219	NY	04261466	J. C. Lendemer	67095	0	36.62	North Carolina	Mitchell Co.	36.14975	-82.14853	outside_boundary_exact	Tennessee, Carter County	Pisgah National Forest, Iron Mountain S-slopes of Little Rock Knob, below Appalachian Trail ~1.75 mi N of Hughes Gap	https://lichenportal.org/portal/collections/individual/index.php?occid=4628219
4634099	NY	04262081	J. C. Lendemer	69561	0	46.62	North Carolina	Madison Co.	36.025	-82.6008	outside_boundary_exact	Tennessee, Unicoi County	Pisgah National Forest, Bald Mountains, Flint Mountain, Appalachian Trail ~1.2 mi N of Devil Fork Gap	https://lichenportal.org/portal/collections/individual/index.php?occid=4634099
4940286	NY	04256996	J. C. Lendemer	62078	0	71.58	North Carolina	Swain Co.	35.60849	-83.17882	outside_boundary_exact	North Carolina, Haywood County	Great Smoky Mountains National Park, W-facing slope of Spruce Mountain 0.5 mi S of summit, N of jct of Spruce Mountain Trail and campsite 42 access	https://lichenportal.org/portal/collections/individual/index.php?occid=4940286
4940287	NY	04256997	J. C. Lendemer	62098	0	71.58	North Carolina	Swain Co.	35.60849	-83.17882	outside_boundary_exact	North Carolina, Haywood County	Great Smoky Mountains National Park, W-facing slope of Spruce Mountain 0.5 mi S of summit, N of jct of Spruce Mountain Trail and campsite 42 access	https://lichenportal.org/portal/collections/individual/index.php?occid=4940287
4940288	NY	04256998	J. C. Lendemer	62014	0	71.58	North Carolina	Swain Co.	35.60849	-83.17882	outside_boundary_exact	North Carolina, Haywood County	Great Smoky Mountains National Park, W-facing slope of Spruce Mountain 0.5 mi S of summit, N of jct of Spruce Mountain Trail and campsite 42 access	https://lichenportal.org/portal/collections/individual/index.php?occid=4940288
4940289	NY	04257000	J. C. Lendemer	62095	0	71.58	North Carolina	Swain Co.	35.60849	-83.17882	outside_boundary_exact	North Carolina, Haywood County	Great Smoky Mountains National Park, W-facing slope of Spruce Mountain 0.5 mi S of summit, N of jct of Spruce Mountain Trail and campsite 42 access	https://lichenportal.org/portal/collections/individual/index.php?occid=4940289
4940292	NY	04257005	J. C. Lendemer	62099	0	71.58	North Carolina	Swain Co.	35.60849	-83.17882	outside_boundary_exact	North Carolina, Haywood County	Great Smoky Mountains National Park, W-facing slope of Spruce Mountain 0.5 mi S of summit, N of jct of Spruce Mountain Trail and campsite 42 access	https://lichenportal.org/portal/collections/individual/index.php?occid=4940292
4940293	NY	04257006	J. C. Lendemer	62097	0	71.58	North Carolina	Swain Co.	35.60849	-83.17882	outside_boundary_exact	North Carolina, Haywood County	Great Smoky Mountains National Park, W-facing slope of Spruce Mountain 0.5 mi S of summit, N of jct of Spruce Mountain Trail and campsite 42 access	https://lichenportal.org/portal/collections/individual/index.php?occid=4940293
4940294	NY	04257007	J. C. Lendemer	62096	0	71.58	North Carolina	Swain Co.	35.60849	-83.17882	outside_boundary_exact	North Carolina, Haywood County	Great Smoky Mountains National Park, W-facing slope of Spruce Mountain 0.5 mi S of summit, N of jct of Spruce Mountain Trail and campsite 42 access	https://lichenportal.org/portal/collections/individual/index.php?occid=4940294
4940295	NY	04257008	J. C. Lendemer	62094	0	71.58	North Carolina	Swain Co.	35.60849	-83.17882	outside_boundary_exact	North Carolina, Haywood County	Great Smoky Mountains National Park, W-facing slope of Spruce Mountain 0.5 mi S of summit, N of jct of Spruce Mountain Trail and campsite 42 access	https://lichenportal.org/portal/collections/individual/index.php?occid=4940295
4940296	NY	04257009	J. C. Lendemer	62093	0	71.58	North Carolina	Swain Co.	35.60849	-83.17882	outside_boundary_exact	North Carolina, Haywood County	Great Smoky Mountains National Park, W-facing slope of Spruce Mountain 0.5 mi S of summit, N of jct of Spruce Mountain Trail and campsite 42 access	https://lichenportal.org/portal/collections/individual/index.php?occid=4940296
4940297	NY	04257012	J. C. Lendemer	62090	0	71.58	North Carolina	Swain Co.	35.60849	-83.17882	outside_boundary_exact	North Carolina, Haywood County	Great Smoky Mountains National Park, W-facing slope of Spruce Mountain 0.5 mi S of summit, N of jct of Spruce Mountain Trail and campsite 42 access	https://lichenportal.org/portal/collections/individual/index.php?occid=4940297
4940298	NY	04257014	J. C. Lendemer	62088	0	71.58	North Carolina	Swain Co.	35.60849	-83.17882	outside_boundary_exact	North Carolina, Haywood County	Great Smoky Mountains National Park, W-facing slope of Spruce Mountain 0.5 mi S of summit, N of jct of Spruce Mountain Trail and campsite 42 access	https://lichenportal.org/portal/collections/individual/index.php?occid=4940298
4940299	NY	04257015	J. C. Lendemer	62087	0	71.58	North Carolina	Swain Co.	35.60849	-83.17882	outside_boundary_exact	North Carolina, Haywood County	Great Smoky Mountains National Park, W-facing slope of Spruce Mountain 0.5 mi S of summit, N of jct of Spruce Mountain Trail and campsite 42 access	https://lichenportal.org/portal/collections/individual/index.php?occid=4940299
4940301	NY	04257024	J. C. Lendemer	62075	0	71.58	North Carolina	Swain Co.	35.60849	-83.17882	outside_boundary_exact	North Carolina, Haywood County	Great Smoky Mountains National Park, W-facing slope of Spruce Mountain 0.5 mi S of summit, N of jct of Spruce Mountain Trail and campsite 42 access	https://lichenportal.org/portal/collections/individual/index.php?occid=4940301
4940302	NY	04257026	J. C. Lendemer	62072	0	71.58	North Carolina	Swain Co.	35.60849	-83.17882	outside_boundary_exact	North Carolina, Haywood County	Great Smoky Mountains National Park, W-facing slope of Spruce Mountain 0.5 mi S of summit, N of jct of Spruce Mountain Trail and campsite 42 access	https://lichenportal.org/portal/collections/individual/index.php?occid=4940302
4940303	NY	04257029	J. C. Lendemer	62069	0	71.58	North Carolina	Swain Co.	35.60849	-83.17882	outside_boundary_exact	North Carolina, Haywood County	Great Smoky Mountains National Park, W-facing slope of Spruce Mountain 0.5 mi S of summit, N of jct of Spruce Mountain Trail and campsite 42 access	https://lichenportal.org/portal/collections/individual/index.php?occid=4940303
4940304	NY	04257031	J. C. Lendemer	62067	0	71.58	North Carolina	Swain Co.	35.60849	-83.17882	outside_boundary_exact	North Carolina, Haywood County	Great Smoky Mountains National Park, W-facing slope of Spruce Mountain 0.5 mi S of summit, N of jct of Spruce Mountain Trail and campsite 42 access	https://lichenportal.org/portal/collections/individual/index.php?occid=4940304
4940305	NY	04257033	J. C. Lendemer	62065	0	71.58	North Carolina	Swain Co.	35.60849	-83.17882	outside_boundary_exact	North Carolina, Haywood County	Great Smoky Mountains National Park, W-facing slope of Spruce Mountain 0.5 mi S of summit, N of jct of Spruce Mountain Trail and campsite 42 access	https://lichenportal.org/portal/collections/individual/index.php?occid=4940305
4940306	NY	04257034	J. C. Lendemer	62064	0	71.58	North Carolina	Swain Co.	35.60849	-83.17882	outside_boundary_exact	North Carolina, Haywood County	Great Smoky Mountains National Park, W-facing slope of Spruce Mountain 0.5 mi S of summit, N of jct of Spruce Mountain Trail and campsite 42 access	https://lichenportal.org/portal/collections/individual/index.php?occid=4940306
4940307	NY	04257035	J. C. Lendemer	62063	0	71.58	North Carolina	Swain Co.	35.60849	-83.17882	outside_boundary_exact	North Carolina, Haywood County	Great Smoky Mountains National Park, W-facing slope of Spruce Mountain 0.5 mi S of summit, N of jct of Spruce Mountain Trail and campsite 42 access	https://lichenportal.org/portal/collections/individual/index.php?occid=4940307
4940308	NY	04257036	J. C. Lendemer	62062	0	71.58	North Carolina	Swain Co.	35.60849	-83.17882	outside_boundary_exact	North Carolina, Haywood County	Great Smoky Mountains National Park, W-facing slope of Spruce Mountain 0.5 mi S of summit, N of jct of Spruce Mountain Trail and campsite 42 access	https://lichenportal.org/portal/collections/individual/index.php?occid=4940308
4940309	NY	04257037	J. C. Lendemer	62061	0	71.58	North Carolina	Swain Co.	35.60849	-83.17882	outside_boundary_exact	North Carolina, Haywood County	Great Smoky Mountains National Park, W-facing slope of Spruce Mountain 0.5 mi S of summit, N of jct of Spruce Mountain Trail and campsite 42 access	https://lichenportal.org/portal/collections/individual/index.php?occid=4940309
4940310	NY	04257038	J. C. Lendemer	62060	0	71.58	North Carolina	Swain Co.	35.60849	-83.17882	outside_boundary_exact	North Carolina, Haywood County	Great Smoky Mountains National Park, W-facing slope of Spruce Mountain 0.5 mi S of summit, N of jct of Spruce Mountain Trail and campsite 42 access	https://lichenportal.org/portal/collections/individual/index.php?occid=4940310
4940311	NY	04257043	J. C. Lendemer	62055	0	71.58	North Carolina	Swain Co.	35.60849	-83.17882	outside_boundary_exact	North Carolina, Haywood County	Great Smoky Mountains National Park, W-facing slope of Spruce Mountain 0.5 mi S of summit, N of jct of Spruce Mountain Trail and campsite 42 access	https://lichenportal.org/portal/collections/individual/index.php?occid=4940311
4940312	NY	04257044	J. C. Lendemer	62054	0	71.58	North Carolina	Swain Co.	35.60849	-83.17882	outside_boundary_exact	North Carolina, Haywood County	Great Smoky Mountains National Park, W-facing slope of Spruce Mountain 0.5 mi S of summit, N of jct of Spruce Mountain Trail and campsite 42 access	https://lichenportal.org/portal/collections/individual/index.php?occid=4940312
4940314	NY	04257052	J. C. Lendemer	62046	0	71.58	North Carolina	Swain Co.	35.60849	-83.17882	outside_boundary_exact	North Carolina, Haywood County	Great Smoky Mountains National Park, W-facing slope of Spruce Mountain 0.5 mi S of summit, N of jct of Spruce Mountain Trail and campsite 42 access	https://lichenportal.org/portal/collections/individual/index.php?occid=4940314
4940315	NY	04257056	J. C. Lendemer	62041	0	71.58	North Carolina	Swain Co.	35.60849	-83.17882	outside_boundary_exact	North Carolina, Haywood County	Great Smoky Mountains National Park, W-facing slope of Spruce Mountain 0.5 mi S of summit, N of jct of Spruce Mountain Trail and campsite 42 access	https://lichenportal.org/portal/collections/individual/index.php?occid=4940315
4940316	NY	04257057	J. C. Lendemer	62039	0	71.58	North Carolina	Swain Co.	35.60849	-83.17882	outside_boundary_exact	North Carolina, Haywood County	Great Smoky Mountains National Park, W-facing slope of Spruce Mountain 0.5 mi S of summit, N of jct of Spruce Mountain Trail and campsite 42 access	https://lichenportal.org/portal/collections/individual/index.php?occid=4940316
4940317	NY	04257058	J. C. Lendemer	62038	0	71.58	North Carolina	Swain Co.	35.60849	-83.17882	outside_boundary_exact	North Carolina, Haywood County	Great Smoky Mountains National Park, W-facing slope of Spruce Mountain 0.5 mi S of summit, N of jct of Spruce Mountain Trail and campsite 42 access	https://lichenportal.org/portal/collections/individual/index.php?occid=4940317
4940318	NY	04257061	J. C. Lendemer	62035	0	71.58	North Carolina	Swain Co.	35.60849	-83.17882	outside_boundary_exact	North Carolina, Haywood County	Great Smoky Mountains National Park, W-facing slope of Spruce Mountain 0.5 mi S of summit, N of jct of Spruce Mountain Trail and campsite 42 access	https://lichenportal.org/portal/collections/individual/index.php?occid=4940318
4940319	NY	04257062	J. C. Lendemer	62034	0	71.58	North Carolina	Swain Co.	35.60849	-83.17882	outside_boundary_exact	North Carolina, Haywood County	Great Smoky Mountains National Park, W-facing slope of Spruce Mountain 0.5 mi S of summit, N of jct of Spruce Mountain Trail and campsite 42 access	https://lichenportal.org/portal/collections/individual/index.php?occid=4940319
4940320	NY	04257064	J. C. Lendemer	62032	0	71.58	North Carolina	Swain Co.	35.60849	-83.17882	outside_boundary_exact	North Carolina, Haywood County	Great Smoky Mountains National Park, W-facing slope of Spruce Mountain 0.5 mi S of summit, N of jct of Spruce Mountain Trail and campsite 42 access	https://lichenportal.org/portal/collections/individual/index.php?occid=4940320
4940321	NY	04257066	J. C. Lendemer	62031	0	71.58	North Carolina	Swain Co.	35.60849	-83.17882	outside_boundary_exact	North Carolina, Haywood County	Great Smoky Mountains National Park, W-facing slope of Spruce Mountain 0.5 mi S of summit, N of jct of Spruce Mountain Trail and campsite 42 access	https://lichenportal.org/portal/collections/individual/index.php?occid=4940321
4940322	NY	04257069	J. C. Lendemer	62028	0	71.58	North Carolina	Swain Co.	35.60849	-83.17882	outside_boundary_exact	North Carolina, Haywood County	Great Smoky Mountains National Park, W-facing slope of Spruce Mountain 0.5 mi S of summit, N of jct of Spruce Mountain Trail and campsite 42 access	https://lichenportal.org/portal/collections/individual/index.php?occid=4940322
4940323	NY	04257070	J. C. Lendemer	62027	0	71.58	North Carolina	Swain Co.	35.60849	-83.17882	outside_boundary_exact	North Carolina, Haywood County	Great Smoky Mountains National Park, W-facing slope of Spruce Mountain 0.5 mi S of summit, N of jct of Spruce Mountain Trail and campsite 42 access	https://lichenportal.org/portal/collections/individual/index.php?occid=4940323
4940324	NY	04257071	J. C. Lendemer	62026	0	71.58	North Carolina	Swain Co.	35.60849	-83.17882	outside_boundary_exact	North Carolina, Haywood County	Great Smoky Mountains National Park, W-facing slope of Spruce Mountain 0.5 mi S of summit, N of jct of Spruce Mountain Trail and campsite 42 access	https://lichenportal.org/portal/collections/individual/index.php?occid=4940324
4940325	NY	04257073	J. C. Lendemer	62024	0	71.58	North Carolina	Swain Co.	35.60849	-83.17882	outside_boundary_exact	North Carolina, Haywood County	Great Smoky Mountains National Park, W-facing slope of Spruce Mountain 0.5 mi S of summit, N of jct of Spruce Mountain Trail and campsite 42 access	https://lichenportal.org/portal/collections/individual/index.php?occid=4940325
4940326	NY	04257074	J. C. Lendemer	62023	0	71.58	North Carolina	Swain Co.	35.60849	-83.17882	outside_boundary_exact	North Carolina, Haywood County	Great Smoky Mountains National Park, W-facing slope of Spruce Mountain 0.5 mi S of summit, N of jct of Spruce Mountain Trail and campsite 42 access	https://lichenportal.org/portal/collections/individual/index.php?occid=4940326
4940327	NY	04257075	J. C. Lendemer	62022	0	71.58	North Carolina	Swain Co.	35.60849	-83.17882	outside_boundary_exact	North Carolina, Haywood County	Great Smoky Mountains National Park, W-facing slope of Spruce Mountain 0.5 mi S of summit, N of jct of Spruce Mountain Trail and campsite 42 access	https://lichenportal.org/portal/collections/individual/index.php?occid=4940327
4940328	NY	04257076	J. C. Lendemer	62021	0	71.58	North Carolina	Swain Co.	35.60849	-83.17882	outside_boundary_exact	North Carolina, Haywood County	Great Smoky Mountains National Park, W-facing slope of Spruce Mountain 0.5 mi S of summit, N of jct of Spruce Mountain Trail and campsite 42 access	https://lichenportal.org/portal/collections/individual/index.php?occid=4940328
4940329	NY	04257078	J. C. Lendemer	62019	0	71.58	North Carolina	Swain Co.	35.60849	-83.17882	outside_boundary_exact	North Carolina, Haywood County	Great Smoky Mountains National Park, W-facing slope of Spruce Mountain 0.5 mi S of summit, N of jct of Spruce Mountain Trail and campsite 42 access	https://lichenportal.org/portal/collections/individual/index.php?occid=4940329
4940330	NY	04257079	J. C. Lendemer	62018	0	71.58	North Carolina	Swain Co.	35.60849	-83.17882	outside_boundary_exact	North Carolina, Haywood County	Great Smoky Mountains National Park, W-facing slope of Spruce Mountain 0.5 mi S of summit, N of jct of Spruce Mountain Trail and campsite 42 access	https://lichenportal.org/portal/collections/individual/index.php?occid=4940330
4940331	NY	04257080	J. C. Lendemer	62017	0	71.58	North Carolina	Swain Co.	35.60849	-83.17882	outside_boundary_exact	North Carolina, Haywood County	Great Smoky Mountains National Park, W-facing slope of Spruce Mountain 0.5 mi S of summit, N of jct of Spruce Mountain Trail and campsite 42 access	https://lichenportal.org/portal/collections/individual/index.php?occid=4940331
4940333	NY	04257083	J. C. Lendemer	62013	0	71.58	North Carolina	Swain Co.	35.60849	-83.17882	outside_boundary_exact	North Carolina, Haywood County	Great Smoky Mountains National Park, W-facing slope of Spruce Mountain 0.5 mi S of summit, N of jct of Spruce Mountain Trail and campsite 42 access	https://lichenportal.org/portal/collections/individual/index.php?occid=4940333
4940334	NY	04257084	J. C. Lendemer	62012	0	71.58	North Carolina	Swain Co.	35.60849	-83.17882	outside_boundary_exact	North Carolina, Haywood County	Great Smoky Mountains National Park, W-facing slope of Spruce Mountain 0.5 mi S of summit, N of jct of Spruce Mountain Trail and campsite 42 access	https://lichenportal.org/portal/collections/individual/index.php?occid=4940334
4940335	NY	04257085	J. C. Lendemer	62011	0	71.58	North Carolina	Swain Co.	35.60849	-83.17882	outside_boundary_exact	North Carolina, Haywood County	Great Smoky Mountains National Park, W-facing slope of Spruce Mountain 0.5 mi S of summit, N of jct of Spruce Mountain Trail and campsite 42 access	https://lichenportal.org/portal/collections/individual/index.php?occid=4940335
4940337	NY	04257087	J. C. Lendemer	62009	0	71.58	North Carolina	Swain Co.	35.60849	-83.17882	outside_boundary_exact	North Carolina, Haywood County	Great Smoky Mountains National Park, W-facing slope of Spruce Mountain 0.5 mi S of summit, N of jct of Spruce Mountain Trail and campsite 42 access	https://lichenportal.org/portal/collections/individual/index.php?occid=4940337
4940338	NY	04257088	J. C. Lendemer	62008	0	71.58	North Carolina	Swain Co.	35.60849	-83.17882	outside_boundary_exact	North Carolina, Haywood County	Great Smoky Mountains National Park, W-facing slope of Spruce Mountain 0.5 mi S of summit, N of jct of Spruce Mountain Trail and campsite 42 access	https://lichenportal.org/portal/collections/individual/index.php?occid=4940338
4977858	NY	04256995	J. C. Lendemer	62074	0	71.58	North Carolina	Swain Co.	35.60849	-83.17882	outside_boundary_exact	North Carolina, Haywood County	Great Smoky Mountains National Park, W-facing slope of Spruce Mountain 0.5 mi S of summit, N of jct of Spruce Mountain Trail and campsite 42 access	https://lichenportal.org/portal/collections/individual/index.php?occid=4977858
4977859	NY	04257060	J. C. Lendemer	62036	0	71.58	North Carolina	Swain Co.	35.60849	-83.17882	outside_boundary_exact	North Carolina, Haywood County	Great Smoky Mountains National Park, W-facing slope of Spruce Mountain 0.5 mi S of summit, N of jct of Spruce Mountain Trail and campsite 42 access	https://lichenportal.org/portal/collections/individual/index.php?occid=4977859
4977860	NY	04257068	J. C. Lendemer	62029	0	71.58	North Carolina	Swain Co.	35.60849	-83.17882	outside_boundary_exact	North Carolina, Haywood County	Great Smoky Mountains National Park, W-facing slope of Spruce Mountain 0.5 mi S of summit, N of jct of Spruce Mountain Trail and campsite 42 access	https://lichenportal.org/portal/collections/individual/index.php?occid=4977860
4977861	NY	04257077	J. C. Lendemer	62020	0	71.58	North Carolina	Swain Co.	35.60849	-83.17882	outside_boundary_exact	North Carolina, Haywood County	Great Smoky Mountains National Park, W-facing slope of Spruce Mountain 0.5 mi S of summit, N of jct of Spruce Mountain Trail and campsite 42 access	https://lichenportal.org/portal/collections/individual/index.php?occid=4977861
4980117	NY	04257004	J. C. Lendemer	62100	0	71.58	North Carolina	Swain Co.	35.60849	-83.17882	outside_boundary_exact	North Carolina, Haywood County	Great Smoky Mountains National Park, W-facing slope of Spruce Mountain 0.5 mi S of summit, N of jct of Spruce Mountain Trail and campsite 42 access	https://lichenportal.org/portal/collections/individual/index.php?occid=4980117
4980118	NY	04257032	J. C. Lendemer	62066	0	71.58	North Carolina	Swain Co.	35.60849	-83.17882	outside_boundary_exact	North Carolina, Haywood County	Great Smoky Mountains National Park, W-facing slope of Spruce Mountain 0.5 mi S of summit, N of jct of Spruce Mountain Trail and campsite 42 access	https://lichenportal.org/portal/collections/individual/index.php?occid=4980118
4983808	NY	04257451	J. C. Lendemer	62042	0	71.58	North Carolina	Swain Co.	35.60849	-83.17882	outside_boundary_exact	North Carolina, Haywood County	Great Smoky Mountains National Park, W-facing slope of Spruce Mountain 0.5 mi S of summit, N of jct of Spruce Mountain Trail and campsite 42 access	https://lichenportal.org/portal/collections/individual/index.php?occid=4983808
4984934	NY	04257011	J. C. Lendemer	62091	0	71.58	North Carolina	Swain Co.	35.60849	-83.17882	outside_boundary_exact	North Carolina, Haywood County	Great Smoky Mountains National Park, W-facing slope of Spruce Mountain 0.5 mi S of summit, N of jct of Spruce Mountain Trail and campsite 42 access	https://lichenportal.org/portal/collections/individual/index.php?occid=4984934
4984935	NY	04257013	J. C. Lendemer	62089	0	71.58	North Carolina	Swain Co.	35.60849	-83.17882	outside_boundary_exact	North Carolina, Haywood County	Great Smoky Mountains National Park, W-facing slope of Spruce Mountain 0.5 mi S of summit, N of jct of Spruce Mountain Trail and campsite 42 access	https://lichenportal.org/portal/collections/individual/index.php?occid=4984935
4984936	NY	04257016	J. C. Lendemer	62086	0	71.58	North Carolina	Swain Co.	35.60849	-83.17882	outside_boundary_exact	North Carolina, Haywood County	Great Smoky Mountains National Park, W-facing slope of Spruce Mountain 0.5 mi S of summit, N of jct of Spruce Mountain Trail and campsite 42 access	https://lichenportal.org/portal/collections/individual/index.php?occid=4984936
4984938	NY	04257018	J. C. Lendemer	62084	0	71.58	North Carolina	Swain Co.	35.60849	-83.17882	outside_boundary_exact	North Carolina, Haywood County	Great Smoky Mountains National Park, W-facing slope of Spruce Mountain 0.5 mi S of summit, N of jct of Spruce Mountain Trail and campsite 42 access	https://lichenportal.org/portal/collections/individual/index.php?occid=4984938
4984939	NY	04257020	J. C. Lendemer	62082	0	71.58	North Carolina	Swain Co.	35.60849	-83.17882	outside_boundary_exact	North Carolina, Haywood County	Great Smoky Mountains National Park, W-facing slope of Spruce Mountain 0.5 mi S of summit, N of jct of Spruce Mountain Trail and campsite 42 access	https://lichenportal.org/portal/collections/individual/index.php?occid=4984939
4984940	NY	04257023	J. C. Lendemer	62076	0	71.58	North Carolina	Swain Co.	35.60849	-83.17882	outside_boundary_exact	North Carolina, Haywood County	Great Smoky Mountains National Park, W-facing slope of Spruce Mountain 0.5 mi S of summit, N of jct of Spruce Mountain Trail and campsite 42 access	https://lichenportal.org/portal/collections/individual/index.php?occid=4984940
4984941	NY	04257025	J. C. Lendemer	62073	0	71.58	North Carolina	Swain Co.	35.60849	-83.17882	outside_boundary_exact	North Carolina, Haywood County	Great Smoky Mountains National Park, W-facing slope of Spruce Mountain 0.5 mi S of summit, N of jct of Spruce Mountain Trail and campsite 42 access	https://lichenportal.org/portal/collections/individual/index.php?occid=4984941
4984942	NY	04257027	J. C. Lendemer	62071	0	71.58	North Carolina	Swain Co.	35.60849	-83.17882	outside_boundary_exact	North Carolina, Haywood County	Great Smoky Mountains National Park, W-facing slope of Spruce Mountain 0.5 mi S of summit, N of jct of Spruce Mountain Trail and campsite 42 access	https://lichenportal.org/portal/collections/individual/index.php?occid=4984942
4984943	NY	04257028	J. C. Lendemer	62070	0	71.58	North Carolina	Swain Co.	35.60849	-83.17882	outside_boundary_exact	North Carolina, Haywood County	Great Smoky Mountains National Park, W-facing slope of Spruce Mountain 0.5 mi S of summit, N of jct of Spruce Mountain Trail and campsite 42 access	https://lichenportal.org/portal/collections/individual/index.php?occid=4984943
4984944	NY	04257030	J. C. Lendemer	62068	0	71.58	North Carolina	Swain Co.	35.60849	-83.17882	outside_boundary_exact	North Carolina, Haywood County	Great Smoky Mountains National Park, W-facing slope of Spruce Mountain 0.5 mi S of summit, N of jct of Spruce Mountain Trail and campsite 42 access	https://lichenportal.org/portal/collections/individual/index.php?occid=4984944
4984945	NY	04257039	J. C. Lendemer	62059	0	71.58	North Carolina	Swain Co.	35.60849	-83.17882	outside_boundary_exact	North Carolina, Haywood County	Great Smoky Mountains National Park, W-facing slope of Spruce Mountain 0.5 mi S of summit, N of jct of Spruce Mountain Trail and campsite 42 access	https://lichenportal.org/portal/collections/individual/index.php?occid=4984945
4984946	NY	04257040	J. C. Lendemer	62058	0	71.58	North Carolina	Swain Co.	35.60849	-83.17882	outside_boundary_exact	North Carolina, Haywood County	Great Smoky Mountains National Park, W-facing slope of Spruce Mountain 0.5 mi S of summit, N of jct of Spruce Mountain Trail and campsite 42 access	https://lichenportal.org/portal/collections/individual/index.php?occid=4984946
4984947	NY	04257041	J. C. Lendemer	62057	0	71.58	North Carolina	Swain Co.	35.60849	-83.17882	outside_boundary_exact	North Carolina, Haywood County	Great Smoky Mountains National Park, W-facing slope of Spruce Mountain 0.5 mi S of summit, N of jct of Spruce Mountain Trail and campsite 42 access	https://lichenportal.org/portal/collections/individual/index.php?occid=4984947
4984948	NY	04257042	J. C. Lendemer	62056	0	71.58	North Carolina	Swain Co.	35.60849	-83.17882	outside_boundary_exact	North Carolina, Haywood County	Great Smoky Mountains National Park, W-facing slope of Spruce Mountain 0.5 mi S of summit, N of jct of Spruce Mountain Trail and campsite 42 access	https://lichenportal.org/portal/collections/individual/index.php?occid=4984948
4984949	NY	04257045	J. C. Lendemer	62053	0	71.58	North Carolina	Swain Co.	35.60849	-83.17882	outside_boundary_exact	North Carolina, Haywood County	Great Smoky Mountains National Park, W-facing slope of Spruce Mountain 0.5 mi S of summit, N of jct of Spruce Mountain Trail and campsite 42 access	https://lichenportal.org/portal/collections/individual/index.php?occid=4984949
4984950	NY	04257047	J. C. Lendemer	62051	0	71.58	North Carolina	Swain Co.	35.60849	-83.17882	outside_boundary_exact	North Carolina, Haywood County	Great Smoky Mountains National Park, W-facing slope of Spruce Mountain 0.5 mi S of summit, N of jct of Spruce Mountain Trail and campsite 42 access	https://lichenportal.org/portal/collections/individual/index.php?occid=4984950
4984951	NY	04257048	J. C. Lendemer	62050	0	71.58	North Carolina	Swain Co.	35.60849	-83.17882	outside_boundary_exact	North Carolina, Haywood County	Great Smoky Mountains National Park, W-facing slope of Spruce Mountain 0.5 mi S of summit, N of jct of Spruce Mountain Trail and campsite 42 access	https://lichenportal.org/portal/collections/individual/index.php?occid=4984951
4984952	NY	04257049	J. C. Lendemer	62049	0	71.58	North Carolina	Swain Co.	35.60849	-83.17882	outside_boundary_exact	North Carolina, Haywood County	Great Smoky Mountains National Park, W-facing slope of Spruce Mountain 0.5 mi S of summit, N of jct of Spruce Mountain Trail and campsite 42 access	https://lichenportal.org/portal/collections/individual/index.php?occid=4984952
4984953	NY	04257050	J. C. Lendemer	62048	0	71.58	North Carolina	Swain Co.	35.60849	-83.17882	outside_boundary_exact	North Carolina, Haywood County	Great Smoky Mountains National Park, W-facing slope of Spruce Mountain 0.5 mi S of summit, N of jct of Spruce Mountain Trail and campsite 42 access	https://lichenportal.org/portal/collections/individual/index.php?occid=4984953
4984954	NY	04257051	J. C. Lendemer	62047	0	71.58	North Carolina	Swain Co.	35.60849	-83.17882	outside_boundary_exact	North Carolina, Haywood County	Great Smoky Mountains National Park, W-facing slope of Spruce Mountain 0.5 mi S of summit, N of jct of Spruce Mountain Trail and campsite 42 access	https://lichenportal.org/portal/collections/individual/index.php?occid=4984954
4984955	NY	04257053	J. C. Lendemer	62045	0	71.58	North Carolina	Swain Co.	35.60849	-83.17882	outside_boundary_exact	North Carolina, Haywood County	Great Smoky Mountains National Park, W-facing slope of Spruce Mountain 0.5 mi S of summit, N of jct of Spruce Mountain Trail and campsite 42 access	https://lichenportal.org/portal/collections/individual/index.php?occid=4984955
4984956	NY	04257054	J. C. Lendemer	62044	0	71.58	North Carolina	Swain Co.	35.60849	-83.17882	outside_boundary_exact	North Carolina, Haywood County	Great Smoky Mountains National Park, W-facing slope of Spruce Mountain 0.5 mi S of summit, N of jct of Spruce Mountain Trail and campsite 42 access	https://lichenportal.org/portal/collections/individual/index.php?occid=4984956
4984957	NY	04257055	J. C. Lendemer	62043	0	71.58	North Carolina	Swain Co.	35.60849	-83.17882	outside_boundary_exact	North Carolina, Haywood County	Great Smoky Mountains National Park, W-facing slope of Spruce Mountain 0.5 mi S of summit, N of jct of Spruce Mountain Trail and campsite 42 access	https://lichenportal.org/portal/collections/individual/index.php?occid=4984957
4984958	NY	04257059	J. C. Lendemer	62037	0	71.58	North Carolina	Swain Co.	35.60849	-83.17882	outside_boundary_exact	North Carolina, Haywood County	Great Smoky Mountains National Park, W-facing slope of Spruce Mountain 0.5 mi S of summit, N of jct of Spruce Mountain Trail and campsite 42 access	https://lichenportal.org/portal/collections/individual/index.php?occid=4984958
4984959	NY	04257063	J. C. Lendemer	62033	0	71.58	North Carolina	Swain Co.	35.60849	-83.17882	outside_boundary_exact	North Carolina, Haywood County	Great Smoky Mountains National Park, W-facing slope of Spruce Mountain 0.5 mi S of summit, N of jct of Spruce Mountain Trail and campsite 42 access	https://lichenportal.org/portal/collections/individual/index.php?occid=4984959
4984961	NY	04257067	J. C. Lendemer	62030	0	71.58	North Carolina	Swain Co.	35.60849	-83.17882	outside_boundary_exact	North Carolina, Haywood County	Great Smoky Mountains National Park, W-facing slope of Spruce Mountain 0.5 mi S of summit, N of jct of Spruce Mountain Trail and campsite 42 access	https://lichenportal.org/portal/collections/individual/index.php?occid=4984961
4984962	NY	04257072	J. C. Lendemer	62025	0	71.58	North Carolina	Swain Co.	35.60849	-83.17882	outside_boundary_exact	North Carolina, Haywood County	Great Smoky Mountains National Park, W-facing slope of Spruce Mountain 0.5 mi S of summit, N of jct of Spruce Mountain Trail and campsite 42 access	https://lichenportal.org/portal/collections/individual/index.php?occid=4984962
4984963	NY	04257081	J. C. Lendemer	62016	0	71.58	North Carolina	Swain Co.	35.60849	-83.17882	outside_boundary_exact	North Carolina, Haywood County	Great Smoky Mountains National Park, W-facing slope of Spruce Mountain 0.5 mi S of summit, N of jct of Spruce Mountain Trail and campsite 42 access	https://lichenportal.org/portal/collections/individual/index.php?occid=4984963
4984964	NY	04257089	J. C. Lendemer	62007	0	71.58	North Carolina	Swain Co.	35.60849	-83.17882	outside_boundary_exact	North Carolina, Haywood County	Great Smoky Mountains National Park, W-facing slope of Spruce Mountain 0.5 mi S of summit, N of jct of Spruce Mountain Trail and campsite 42 access	https://lichenportal.org/portal/collections/individual/index.php?occid=4984964
4984965	NY	04257090	J. C. Lendemer	62006	0	71.58	North Carolina	Swain Co.	35.60849	-83.17882	outside_boundary_exact	North Carolina, Haywood County	Great Smoky Mountains National Park, W-facing slope of Spruce Mountain 0.5 mi S of summit, N of jct of Spruce Mountain Trail and campsite 42 access	https://lichenportal.org/portal/collections/individual/index.php?occid=4984965
4984966	NY	04257091	J. C. Lendemer	62005	0	71.58	North Carolina	Swain Co.	35.60849	-83.17882	outside_boundary_exact	North Carolina, Haywood County	Great Smoky Mountains National Park, W-facing slope of Spruce Mountain 0.5 mi S of summit, N of jct of Spruce Mountain Trail and campsite 42 access	https://lichenportal.org/portal/collections/individual/index.php?occid=4984966
4984967	NY	04257092	J. C. Lendemer	62004	0	71.58	North Carolina	Swain Co.	35.60849	-83.17882	outside_boundary_exact	North Carolina, Haywood County	Great Smoky Mountains National Park, W-facing slope of Spruce Mountain 0.5 mi S of summit, N of jct of Spruce Mountain Trail and campsite 42 access	https://lichenportal.org/portal/collections/individual/index.php?occid=4984967
4984968	NY	04257093	J. C. Lendemer	62003	0	71.58	North Carolina	Swain Co.	35.60849	-83.17882	outside_boundary_exact	North Carolina, Haywood County	Great Smoky Mountains National Park, W-facing slope of Spruce Mountain 0.5 mi S of summit, N of jct of Spruce Mountain Trail and campsite 42 access	https://lichenportal.org/portal/collections/individual/index.php?occid=4984968
4984969	NY	04257094	J. C. Lendemer	62002	0	71.58	North Carolina	Swain Co.	35.60849	-83.17882	outside_boundary_exact	North Carolina, Haywood County	Great Smoky Mountains National Park, W-facing slope of Spruce Mountain 0.5 mi S of summit, N of jct of Spruce Mountain Trail and campsite 42 access	https://lichenportal.org/portal/collections/individual/index.php?occid=4984969
4984970	NY	04257095	J. C. Lendemer	62001	0	71.58	North Carolina	Swain Co.	35.60849	-83.17882	outside_boundary_exact	North Carolina, Haywood County	Great Smoky Mountains National Park, W-facing slope of Spruce Mountain 0.5 mi S of summit, N of jct of Spruce Mountain Trail and campsite 42 access	https://lichenportal.org/portal/collections/individual/index.php?occid=4984970
4987174	NY	04257003	J. C. Lendemer	62101	0	71.58	North Carolina	Swain Co.	35.60849	-83.17882	outside_boundary_exact	North Carolina, Haywood County	Great Smoky Mountains National Park, W-facing slope of Spruce Mountain 0.5 mi S of summit, N of jct of Spruce Mountain Trail and campsite 42 access	https://lichenportal.org/portal/collections/individual/index.php?occid=4987174
4987175	NY	04257010	J. C. Lendemer	62092	0	71.58	North Carolina	Swain Co.	35.60849	-83.17882	outside_boundary_exact	North Carolina, Haywood County	Great Smoky Mountains National Park, W-facing slope of Spruce Mountain 0.5 mi S of summit, N of jct of Spruce Mountain Trail and campsite 42 access	https://lichenportal.org/portal/collections/individual/index.php?occid=4987175
4987176	NY	04257019	J. C. Lendemer	62083	0	71.58	North Carolina	Swain Co.	35.60849	-83.17882	outside_boundary_exact	North Carolina, Haywood County	Great Smoky Mountains National Park, W-facing slope of Spruce Mountain 0.5 mi S of summit, N of jct of Spruce Mountain Trail and campsite 42 access	https://lichenportal.org/portal/collections/individual/index.php?occid=4987176
4987177	NY	04257022	J. C. Lendemer	62079	0	71.58	North Carolina	Swain Co.	35.60849	-83.17882	outside_boundary_exact	North Carolina, Haywood County	Great Smoky Mountains National Park, W-facing slope of Spruce Mountain 0.5 mi S of summit, N of jct of Spruce Mountain Trail and campsite 42 access	https://lichenportal.org/portal/collections/individual/index.php?occid=4987177
3520909	NY	03683872	J. L. Allen	3969	NA	NA	North Carolina	Sevier Co.	35.6533	-83.4317	county_not_matched_no_match	county_not_matched	Great Smoky Mountains National Park, Myrtle Point, ~0.3 mi E of summit of Mount LeConte.	https://lichenportal.org/portal/collections/individual/index.php?occid=3520909
4982796	NY	04273316	J. L. Allen	3967	NA	NA	North Carolina	Sevier Co.	35.6533	-83.4317	county_not_matched_no_match	county_not_matched	Great Smoky Mountains National Park, Myrtle Point, ~0.3 mi E of summit of Mount LeConte.	https://lichenportal.org/portal/collections/individual/index.php?occid=4982796
