id	institutionCode	catalogNumber	recordedBy	recordNumber	distance_km	distance_max_km	state	county	decimalLatitude	decimalLongitude	status	implied_location	locality	record_link
847764	NY	793551	W. W. Calkins	201	16395.58	16452.52	Tennessee	Knox Co.	-84.086751	35.910677	outside_boundary_exact	not_found_in_US	Kingston Pike	https://lichenportal.org/portal/collections/individual/index.php?occid=847764
887454	NY	1219861	J. Hollinger	1105	440.67	480.95	Tennessee	Henderson Co.	35.8139	-83.2581	outside_boundary_exact	Tennessee, Cocke County	Natchez Trace State Forest, off TN114 just S of I-40, N side of road	https://lichenportal.org/portal/collections/individual/index.php?occid=887454
887455	NY	1219862	J. Hollinger	1104	440.67	480.95	Tennessee	Henderson Co.	35.8139	-83.2581	outside_boundary_exact	Tennessee, Cocke County	Natchez Trace State Forest, off TN114 just S of I-40, N side of road	https://lichenportal.org/portal/collections/individual/index.php?occid=887455
3220801	NY	2466976	H. N. Mozingo	s.n.	60.12	106.78	Tennessee	Grainger Co.	36.023338	-84.382737	outside_boundary_exact	Tennessee, Roane County	3 mi NE of Blair	https://lichenportal.org/portal/collections/individual/index.php?occid=3220801
846491	NY	808102	A. Amtoft	2013	57.63	95.04	Tennessee	Carter Co.	36.2753	-82.9897	outside_boundary_exact	Tennessee, Greene County	Cherokee National forest, Hwy 321, along Poga Road, ca. 5 mi E of Hwy 321, Hwy 67 jct.	https://lichenportal.org/portal/collections/individual/index.php?occid=846491
3234195	NY	02171201	H. N. Mozingo	AH-3-176	22.28	75.54	Tennessee	Cocke Co.	36.37186	-83.092378	outside_boundary_exact	Tennessee, Hawkins County	25 mi N of Parrottsville	https://lichenportal.org/portal/collections/individual/index.php?occid=3234195
1008472	NY	1519117	W. R. Buck	34763	16.19	49.88	Tennessee	Polk Co.	34.8436	-84.5683	outside_boundary_exact	Georgia, Gilmer County	Cherokee National Forest. Cohutta Wilderness Area. Chestnut Mountain Trail off Forest Service Road 62, just north of Georgia border.	https://lichenportal.org/portal/collections/individual/index.php?occid=1008472
3518791	NY	03302882	E. Lay	98-0464	16.19	49.88	Tennessee	Polk Co.	34.8436	-84.5683	outside_boundary_exact	Georgia, Gilmer County	Cherokee National Forest. Cohutta Wilderness Area. Chestnut Mountain Trail off Forest Service Road 62, just north of Georgia border.	https://lichenportal.org/portal/collections/individual/index.php?occid=3518791
3242259	NY	1224240	J. P. Dey	32874	12.94	56.32	Tennessee	Sevier Co.	35.5883	-83.8072	outside_boundary_exact	Tennessee, Blount County	Great Smoky Mountains National Park, Oliver Branch stream area, 0.3 mi E of Tipton Place on Cades Cove Loop Road	https://lichenportal.org/portal/collections/individual/index.php?occid=3242259
3242419	NY	1224248	J. P. Dey	32873	12.94	56.32	Tennessee	Sevier Co.	35.5883	-83.8072	outside_boundary_exact	Tennessee, Blount County	Great Smoky Mountains National Park, Oliver Branch stream area, 0.3 mi E of Tipton Place on Cades Cove Loop Road	https://lichenportal.org/portal/collections/individual/index.php?occid=3242419
3243336	NY	1225327	J. P. Dey	32872	12.94	56.32	Tennessee	Sevier Co.	35.5883	-83.8072	outside_boundary_exact	Tennessee, Blount County	Great Smoky Mountains National Park, Oliver Branch stream area, 0.3 mi E of Tipton Place on Cades Cove Loop Road	https://lichenportal.org/portal/collections/individual/index.php?occid=3243336
3243683	NY	1231537	J. P. Dey	32868	12.94	56.32	Tennessee	Sevier Co.	35.5883	-83.8072	outside_boundary_exact	Tennessee, Blount County	Great Smoky Mountains National Park, Oliver Branch stream area, 0.3 mi E of Tipton Place on Cades Cove Loop Road	https://lichenportal.org/portal/collections/individual/index.php?occid=3243683
3244922	NY	1224243	J. P. Dey	32871	12.94	56.32	Tennessee	Sevier Co.	35.5883	-83.8072	outside_boundary_exact	Tennessee, Blount County	Great Smoky Mountains National Park, Oliver Branch stream area, 0.3 mi E of Tipton Place on Cades Cove Loop Road	https://lichenportal.org/portal/collections/individual/index.php?occid=3244922
3245107	NY	1224241	J. P. Dey	32875	12.94	56.32	Tennessee	Sevier Co.	35.5883	-83.8072	outside_boundary_exact	Tennessee, Blount County	Great Smoky Mountains National Park, Oliver Branch stream area, 0.3 mi E of Tipton Place on Cades Cove Loop Road	https://lichenportal.org/portal/collections/individual/index.php?occid=3245107
3245132	NY	1224242	J. P. Dey	32877	12.94	56.32	Tennessee	Sevier Co.	35.5883	-83.8072	outside_boundary_exact	Tennessee, Blount County	Great Smoky Mountains National Park, Oliver Branch stream area, 0.3 mi E of Tipton Place on Cades Cove Loop Road	https://lichenportal.org/portal/collections/individual/index.php?occid=3245132
3245314	NY	1224245	J. P. Dey	32876	12.94	56.32	Tennessee	Sevier Co.	35.5883	-83.8072	outside_boundary_exact	Tennessee, Blount County	Great Smoky Mountains National Park, Oliver Branch stream area, 0.3 mi E of Tipton Place on Cades Cove Loop Road	https://lichenportal.org/portal/collections/individual/index.php?occid=3245314
3245315	NY	1224246	J. P. Dey	32870	12.94	56.32	Tennessee	Sevier Co.	35.5883	-83.8072	outside_boundary_exact	Tennessee, Blount County	Great Smoky Mountains National Park, Oliver Branch stream area, 0.3 mi E of Tipton Place on Cades Cove Loop Road	https://lichenportal.org/portal/collections/individual/index.php?occid=3245315
3245395	NY	1224247	J. P. Dey	32869	12.94	56.32	Tennessee	Sevier Co.	35.5883	-83.8072	outside_boundary_exact	Tennessee, Blount County	Great Smoky Mountains National Park, Oliver Branch stream area, 0.3 mi E of Tipton Place on Cades Cove Loop Road	https://lichenportal.org/portal/collections/individual/index.php?occid=3245395
3245415	NY	1224244	J. P. Dey	32878	12.94	56.32	Tennessee	Sevier Co.	35.5883	-83.8072	outside_boundary_exact	Tennessee, Blount County	Great Smoky Mountains National Park, Oliver Branch stream area, 0.3 mi E of Tipton Place on Cades Cove Loop Road	https://lichenportal.org/portal/collections/individual/index.php?occid=3245415
3241445	NY	1224411	J. P. Dey	32879	11.49	54.76	Tennessee	Sevier Co.	35.5944	-83.7911	outside_boundary_exact	Tennessee, Blount County	Great Smoky Mountains National Park, Sea Branch stream area, 0.3 mi E of Sparks Lane on Cades Cove Loop Road	https://lichenportal.org/portal/collections/individual/index.php?occid=3241445
3241855	NY	1224404	J. P. Dey	32899	11.49	54.76	Tennessee	Sevier Co.	35.5944	-83.7911	outside_boundary_exact	Tennessee, Blount County	Great Smoky Mountains National Park, Sea Branch stream area, 0.3 mi E of Sparks Lane on Cades Cove Loop Road	https://lichenportal.org/portal/collections/individual/index.php?occid=3241855
3242260	NY	1224424	J. P. Dey	32904	11.49	54.76	Tennessee	Sevier Co.	35.5944	-83.7911	outside_boundary_exact	Tennessee, Blount County	Great Smoky Mountains National Park, Sea Branch stream area, 0.3 mi E of Sparks Lane on Cades Cove Loop Road	https://lichenportal.org/portal/collections/individual/index.php?occid=3242260
3242420	NY	1224421	J. P. Dey	32901	11.49	54.76	Tennessee	Sevier Co.	35.5944	-83.7911	outside_boundary_exact	Tennessee, Blount County	Great Smoky Mountains National Park, Sea Branch stream area, 0.3 mi E of Sparks Lane on Cades Cove Loop Road	https://lichenportal.org/portal/collections/individual/index.php?occid=3242420
3242781	NY	1224414	J. P. Dey	32883	11.49	54.76	Tennessee	Sevier Co.	35.5944	-83.7911	outside_boundary_exact	Tennessee, Blount County	Great Smoky Mountains National Park, Sea Branch stream area, 0.3 mi E of Sparks Lane on Cades Cove Loop Road	https://lichenportal.org/portal/collections/individual/index.php?occid=3242781
3242863	NY	1224412	J. P. Dey	32880	11.49	54.76	Tennessee	Sevier Co.	35.5944	-83.7911	outside_boundary_exact	Tennessee, Blount County	Great Smoky Mountains National Park, Sea Branch stream area, 0.3 mi E of Sparks Lane on Cades Cove Loop Road	https://lichenportal.org/portal/collections/individual/index.php?occid=3242863
3243114	NY	1224418	J. P. Dey	32894	11.49	54.76	Tennessee	Sevier Co.	35.5944	-83.7911	outside_boundary_exact	Tennessee, Blount County	Great Smoky Mountains National Park, Sea Branch stream area, 0.3 mi E of Sparks Lane on Cades Cove Loop Road	https://lichenportal.org/portal/collections/individual/index.php?occid=3243114
3243158	NY	1224420	J. P. Dey	32898	11.49	54.76	Tennessee	Sevier Co.	35.5944	-83.7911	outside_boundary_exact	Tennessee, Blount County	Great Smoky Mountains National Park, Sea Branch stream area, 0.3 mi E of Sparks Lane on Cades Cove Loop Road	https://lichenportal.org/portal/collections/individual/index.php?occid=3243158
3243636	NY	1224419	J. P. Dey	32897	11.49	54.76	Tennessee	Sevier Co.	35.5944	-83.7911	outside_boundary_exact	Tennessee, Blount County	Great Smoky Mountains National Park, Sea Branch stream area, 0.3 mi E of Sparks Lane on Cades Cove Loop Road	https://lichenportal.org/portal/collections/individual/index.php?occid=3243636
3243671	NY	1224413	J. P. Dey	32881	11.49	54.76	Tennessee	Sevier Co.	35.5944	-83.7911	outside_boundary_exact	Tennessee, Blount County	Great Smoky Mountains National Park, Sea Branch stream area, 0.3 mi E of Sparks Lane on Cades Cove Loop Road	https://lichenportal.org/portal/collections/individual/index.php?occid=3243671
3243672	NY	1224423	J. P. Dey	32903	11.49	54.76	Tennessee	Sevier Co.	35.5944	-83.7911	outside_boundary_exact	Tennessee, Blount County	Great Smoky Mountains National Park, Sea Branch stream area, 0.3 mi E of Sparks Lane on Cades Cove Loop Road	https://lichenportal.org/portal/collections/individual/index.php?occid=3243672
3243709	NY	1224416	J. P. Dey	32896	11.49	54.76	Tennessee	Sevier Co.	35.5944	-83.7911	outside_boundary_exact	Tennessee, Blount County	Great Smoky Mountains National Park, Sea Branch stream area, 0.3 mi E of Sparks Lane on Cades Cove Loop Road	https://lichenportal.org/portal/collections/individual/index.php?occid=3243709
3243768	NY	1224415	J. P. Dey	32889	11.49	54.76	Tennessee	Sevier Co.	35.5944	-83.7911	outside_boundary_exact	Tennessee, Blount County	Great Smoky Mountains National Park, Sea Branch stream area, 0.3 mi E of Sparks Lane on Cades Cove Loop Road	https://lichenportal.org/portal/collections/individual/index.php?occid=3243768
3243926	NY	1224422	J. P. Dey	32902	11.49	54.76	Tennessee	Sevier Co.	35.5944	-83.7911	outside_boundary_exact	Tennessee, Blount County	Great Smoky Mountains National Park, Sea Branch stream area, 0.3 mi E of Sparks Lane on Cades Cove Loop Road	https://lichenportal.org/portal/collections/individual/index.php?occid=3243926
3243974	NY	1224410	J. P. Dey	32887	11.49	54.76	Tennessee	Sevier Co.	35.5944	-83.7911	outside_boundary_exact	Tennessee, Blount County	Great Smoky Mountains National Park, Sea Branch stream area, 0.3 mi E of Sparks Lane on Cades Cove Loop Road	https://lichenportal.org/portal/collections/individual/index.php?occid=3243974
3244570	NY	1224417	J. P. Dey	32890	11.49	54.76	Tennessee	Sevier Co.	35.5944	-83.7911	outside_boundary_exact	Tennessee, Blount County	Great Smoky Mountains National Park, Sea Branch stream area, 0.3 mi E of Sparks Lane on Cades Cove Loop Road	https://lichenportal.org/portal/collections/individual/index.php?occid=3244570
3245108	NY	1224407	J. P. Dey	32892	11.49	54.76	Tennessee	Sevier Co.	35.5944	-83.7911	outside_boundary_exact	Tennessee, Blount County	Great Smoky Mountains National Park, Sea Branch stream area, 0.3 mi E of Sparks Lane on Cades Cove Loop Road	https://lichenportal.org/portal/collections/individual/index.php?occid=3245108
3245233	NY	1224408	J. P. Dey	32905	11.49	54.76	Tennessee	Sevier Co.	35.5944	-83.7911	outside_boundary_exact	Tennessee, Blount County	Great Smoky Mountains National Park, Sea Branch stream area, 0.3 mi E of Sparks Lane on Cades Cove Loop Road	https://lichenportal.org/portal/collections/individual/index.php?occid=3245233
3245280	NY	1224403	J. P. Dey	32885	11.49	54.76	Tennessee	Sevier Co.	35.5944	-83.7911	outside_boundary_exact	Tennessee, Blount County	Great Smoky Mountains National Park, Sea Branch stream area, 0.3 mi E of Sparks Lane on Cades Cove Loop Road	https://lichenportal.org/portal/collections/individual/index.php?occid=3245280
3245291	NY	1224402	J. P. Dey	32891	11.49	54.76	Tennessee	Sevier Co.	35.5944	-83.7911	outside_boundary_exact	Tennessee, Blount County	Great Smoky Mountains National Park, Sea Branch stream area, 0.3 mi E of Sparks Lane on Cades Cove Loop Road	https://lichenportal.org/portal/collections/individual/index.php?occid=3245291
3245292	NY	1224427	J. P. Dey	30462	11.49	54.78	Tennessee	Sevier Co.	35.5942	-83.7911	outside_boundary_exact	Tennessee, Blount County	Great Smoky Mountains National Park, Sea Branch stream area, 0.3 mi E of Sparks Lane on S section of Cades Cove Loop Road	https://lichenportal.org/portal/collections/individual/index.php?occid=3245292
3245338	NY	1224428	J. P. Dey	30463	11.49	54.78	Tennessee	Sevier Co.	35.5942	-83.7911	outside_boundary_exact	Tennessee, Blount County	Great Smoky Mountains National Park, Sea Branch stream area, 0.3 mi E of Sparks Lane on S section of Cades Cove Loop Road	https://lichenportal.org/portal/collections/individual/index.php?occid=3245338
3245339	NY	1224429	J. P. Dey	30460	11.49	54.78	Tennessee	Sevier Co.	35.5942	-83.7911	outside_boundary_exact	Tennessee, Blount County	Great Smoky Mountains National Park, Sea Branch stream area, 0.3 mi E of Sparks Lane on S section of Cades Cove Loop Road	https://lichenportal.org/portal/collections/individual/index.php?occid=3245339
3245348	NY	1224249	J. P. Dey	32895	11.49	54.76	Tennessee	Sevier Co.	35.5944	-83.7911	outside_boundary_exact	Tennessee, Blount County	Great Smoky Mountains National Park, Sea Branch stream area, 0.3 mi E of Sparks Lane on Cades Cove Loop Road	https://lichenportal.org/portal/collections/individual/index.php?occid=3245348
3245349	NY	1224250	J. P. Dey	30461	11.49	54.78	Tennessee	Sevier Co.	35.5942	-83.7911	outside_boundary_exact	Tennessee, Blount County	Great Smoky Mountains National Park, Sea Branch stream area, 0.3 mi E of Sparks Lane on S section of Cades Cove Loop Road	https://lichenportal.org/portal/collections/individual/index.php?occid=3245349
3245360	NY	1224401	J. P. Dey	32884	11.49	54.76	Tennessee	Sevier Co.	35.5944	-83.7911	outside_boundary_exact	Tennessee, Blount County	Great Smoky Mountains National Park, Sea Branch stream area, 0.3 mi E of Sparks Lane on Cades Cove Loop Road	https://lichenportal.org/portal/collections/individual/index.php?occid=3245360
3245361	NY	1224426	J. P. Dey	30464	11.49	54.78	Tennessee	Sevier Co.	35.5942	-83.7911	outside_boundary_exact	Tennessee, Blount County	Great Smoky Mountains National Park, Sea Branch stream area, 0.3 mi E of Sparks Lane on S section of Cades Cove Loop Road	https://lichenportal.org/portal/collections/individual/index.php?occid=3245361
3245411	NY	1224406	J. P. Dey	32886	11.49	54.76	Tennessee	Sevier Co.	35.5944	-83.7911	outside_boundary_exact	Tennessee, Blount County	Great Smoky Mountains National Park, Sea Branch stream area, 0.3 mi E of Sparks Lane on Cades Cove Loop Road	https://lichenportal.org/portal/collections/individual/index.php?occid=3245411
3245416	NY	1224405	J. P. Dey	32882	11.49	54.76	Tennessee	Sevier Co.	35.5944	-83.7911	outside_boundary_exact	Tennessee, Blount County	Great Smoky Mountains National Park, Sea Branch stream area, 0.3 mi E of Sparks Lane on Cades Cove Loop Road	https://lichenportal.org/portal/collections/individual/index.php?occid=3245416
3253278	NY	1224409	J. P. Dey	32893	11.49	54.76	Tennessee	Sevier Co.	35.5944	-83.7911	outside_boundary_exact	Tennessee, Blount County	Great Smoky Mountains National Park, Sea Branch stream area, 0.3 mi E of Sparks Lane on Cades Cove Loop Road	https://lichenportal.org/portal/collections/individual/index.php?occid=3253278
896522	NY	1364839	G. T. Johnson	NA	7.28	46.84	Tennessee	Anderson Co.	36.04	-84.4336	outside_boundary_exact	Tennessee, Morgan County	5 mi NW of Oliver Springs	https://lichenportal.org/portal/collections/individual/index.php?occid=896522
904700	NY	1075806	G. T. Johnson	s.n.	7.28	46.84	Tennessee	Anderson Co.	36.04	-84.4336	outside_boundary_exact	Tennessee, Morgan County	5 mi NW of Oliver Springs	https://lichenportal.org/portal/collections/individual/index.php?occid=904700
954069	NY	1397032	G. T. Johnson	NA	7.28	46.84	Tennessee	Anderson Co.	36.04	-84.4336	outside_boundary_exact	Tennessee, Morgan County	5 mi NW of Oliver Springs	https://lichenportal.org/portal/collections/individual/index.php?occid=954069
954070	NY	1397033	G. T. Johnson	NA	7.28	46.84	Tennessee	Anderson Co.	36.04	-84.4336	outside_boundary_exact	Tennessee, Morgan County	5 mi NW of Oliver Springs	https://lichenportal.org/portal/collections/individual/index.php?occid=954070
956140	NY	1409392	G. T. Johnson	NA	7.28	46.84	Tennessee	Anderson Co.	36.04	-84.4336	outside_boundary_exact	Tennessee, Morgan County	5 mi NW of Oliver Springs	https://lichenportal.org/portal/collections/individual/index.php?occid=956140
956548	NY	1409810	G. T. Johnson	NA	7.28	46.84	Tennessee	Anderson Co.	36.04	-84.4336	outside_boundary_exact	Tennessee, Morgan County	5 mi NW of Oliver Springs	https://lichenportal.org/portal/collections/individual/index.php?occid=956548
962958	NY	1396233	G. T. Johnson	NA	7.28	46.84	Tennessee	Anderson Co.	36.04	-84.4336	outside_boundary_exact	Tennessee, Morgan County	5 mi NW of Oliver Springs	https://lichenportal.org/portal/collections/individual/index.php?occid=962958
3244650	NY	1396751	G. T. Johnson	NA	7.28	46.84	Tennessee	Anderson Co.	36.04	-84.4336	outside_boundary_exact	Tennessee, Morgan County	5 mi NW of Oliver Springs	https://lichenportal.org/portal/collections/individual/index.php?occid=3244650
4623906	NY	04260356	G. T. Johnson	NA	7.28	46.84	Tennessee	Anderson Co.	36.04	-84.4336	outside_boundary_exact	Tennessee, Morgan County	5 mi NW of Oliver Springs	https://lichenportal.org/portal/collections/individual/index.php?occid=4623906
3241112	NY	1219738	J. C. Lendemer	26770	3.35	49.91	Tennessee	Blount Co.	35.45625	-83.88389	outside_boundary_exact	North Carolina, Graham County	Great Smoky Mountains National Park, Gregory Bald Trail, Parsons Branch Rd. to Sheep Pen Gap (4 mi)	https://lichenportal.org/portal/collections/individual/index.php?occid=3241112
3241132	NY	1219764	J. C. Lendemer	26744	3.35	49.91	Tennessee	Blount Co.	35.45625	-83.88389	outside_boundary_exact	North Carolina, Graham County	Great Smoky Mountains National Park, Gregory Bald Trail, Parsons Branch Rd. to Sheep Pen Gap (4 mi)	https://lichenportal.org/portal/collections/individual/index.php?occid=3241132
3241154	NY	1219780	J. C. Lendemer	26727	3.35	49.91	Tennessee	Blount Co.	35.45625	-83.88389	outside_boundary_exact	North Carolina, Graham County	Great Smoky Mountains National Park, Gregory Bald Trail, Parsons Branch Rd. to Sheep Pen Gap (4 mi)	https://lichenportal.org/portal/collections/individual/index.php?occid=3241154
3241280	NY	1219726	J. C. Lendemer	26783	3.35	49.91	Tennessee	Blount Co.	35.45625	-83.88389	outside_boundary_exact	North Carolina, Graham County	Great Smoky Mountains National Park, Gregory Bald Trail, Parsons Branch Rd. to Sheep Pen Gap (4 mi)	https://lichenportal.org/portal/collections/individual/index.php?occid=3241280
3241281	NY	1219774	J. C. Lendemer	26733	3.35	49.91	Tennessee	Blount Co.	35.45625	-83.88389	outside_boundary_exact	North Carolina, Graham County	Great Smoky Mountains National Park, Gregory Bald Trail, Parsons Branch Rd. to Sheep Pen Gap (4 mi)	https://lichenportal.org/portal/collections/individual/index.php?occid=3241281
3241408	NY	1219723	J. C. Lendemer	26786	3.35	49.91	Tennessee	Blount Co.	35.45625	-83.88389	outside_boundary_exact	North Carolina, Graham County	Great Smoky Mountains National Park, Gregory Bald Trail, Parsons Branch Rd. to Sheep Pen Gap (4 mi)	https://lichenportal.org/portal/collections/individual/index.php?occid=3241408
3241418	NY	1219754	J. C. Lendemer	26754	3.35	49.91	Tennessee	Blount Co.	35.45625	-83.88389	outside_boundary_exact	North Carolina, Graham County	Great Smoky Mountains National Park, Gregory Bald Trail, Parsons Branch Rd. to Sheep Pen Gap (4 mi)	https://lichenportal.org/portal/collections/individual/index.php?occid=3241418
3241465	NY	1219751	J. C. Lendemer	26757	3.35	49.91	Tennessee	Blount Co.	35.45625	-83.88389	outside_boundary_exact	North Carolina, Graham County	Great Smoky Mountains National Park, Gregory Bald Trail, Parsons Branch Rd. to Sheep Pen Gap (4 mi)	https://lichenportal.org/portal/collections/individual/index.php?occid=3241465
3241506	NY	1219765	J. C. Lendemer	26743	3.35	49.91	Tennessee	Blount Co.	35.45625	-83.88389	outside_boundary_exact	North Carolina, Graham County	Great Smoky Mountains National Park, Gregory Bald Trail, Parsons Branch Rd. to Sheep Pen Gap (4 mi)	https://lichenportal.org/portal/collections/individual/index.php?occid=3241506
3241528	NY	1219759	J. C. Lendemer	26749	3.35	49.91	Tennessee	Blount Co.	35.45625	-83.88389	outside_boundary_exact	North Carolina, Graham County	Great Smoky Mountains National Park, Gregory Bald Trail, Parsons Branch Rd. to Sheep Pen Gap (4 mi)	https://lichenportal.org/portal/collections/individual/index.php?occid=3241528
3241553	NY	1219768	J. C. Lendemer	26740	3.35	49.91	Tennessee	Blount Co.	35.45625	-83.88389	outside_boundary_exact	North Carolina, Graham County	Great Smoky Mountains National Park, Gregory Bald Trail, Parsons Branch Rd. to Sheep Pen Gap (4 mi)	https://lichenportal.org/portal/collections/individual/index.php?occid=3241553
3241567	NY	1219746	J. C. Lendemer	26762	3.35	49.91	Tennessee	Blount Co.	35.45625	-83.88389	outside_boundary_exact	North Carolina, Graham County	Great Smoky Mountains National Park, Gregory Bald Trail, Parsons Branch Rd. to Sheep Pen Gap (4 mi)	https://lichenportal.org/portal/collections/individual/index.php?occid=3241567
3241574	NY	1219763	J. C. Lendemer	26745	3.35	49.91	Tennessee	Blount Co.	35.45625	-83.88389	outside_boundary_exact	North Carolina, Graham County	Great Smoky Mountains National Park, Gregory Bald Trail, Parsons Branch Rd. to Sheep Pen Gap (4 mi)	https://lichenportal.org/portal/collections/individual/index.php?occid=3241574
3241575	NY	1219766	J. C. Lendemer	26742	3.35	49.91	Tennessee	Blount Co.	35.45625	-83.88389	outside_boundary_exact	North Carolina, Graham County	Great Smoky Mountains National Park, Gregory Bald Trail, Parsons Branch Rd. to Sheep Pen Gap (4 mi)	https://lichenportal.org/portal/collections/individual/index.php?occid=3241575
3241591	NY	1219748	J. C. Lendemer	26760	3.35	49.91	Tennessee	Blount Co.	35.45625	-83.88389	outside_boundary_exact	North Carolina, Graham County	Great Smoky Mountains National Park, Gregory Bald Trail, Parsons Branch Rd. to Sheep Pen Gap (4 mi)	https://lichenportal.org/portal/collections/individual/index.php?occid=3241591
3241674	NY	1219770	J. C. Lendemer	26738	3.35	49.91	Tennessee	Blount Co.	35.45625	-83.88389	outside_boundary_exact	North Carolina, Graham County	Great Smoky Mountains National Park, Gregory Bald Trail, Parsons Branch Rd. to Sheep Pen Gap (4 mi)	https://lichenportal.org/portal/collections/individual/index.php?occid=3241674
3241700	NY	1219769	J. C. Lendemer	26739	3.35	49.91	Tennessee	Blount Co.	35.45625	-83.88389	outside_boundary_exact	North Carolina, Graham County	Great Smoky Mountains National Park, Gregory Bald Trail, Parsons Branch Rd. to Sheep Pen Gap (4 mi)	https://lichenportal.org/portal/collections/individual/index.php?occid=3241700
3241701	NY	1219775	J. C. Lendemer	26732	3.35	49.91	Tennessee	Blount Co.	35.45625	-83.88389	outside_boundary_exact	North Carolina, Graham County	Great Smoky Mountains National Park, Gregory Bald Trail, Parsons Branch Rd. to Sheep Pen Gap (4 mi)	https://lichenportal.org/portal/collections/individual/index.php?occid=3241701
3241736	NY	1219739	J. C. Lendemer	26769	3.35	49.91	Tennessee	Blount Co.	35.45625	-83.88389	outside_boundary_exact	North Carolina, Graham County	Great Smoky Mountains National Park, Gregory Bald Trail, Parsons Branch Rd. to Sheep Pen Gap (4 mi)	https://lichenportal.org/portal/collections/individual/index.php?occid=3241736
3241821	NY	1219776	J. C. Lendemer	26731	3.35	49.91	Tennessee	Blount Co.	35.45625	-83.88389	outside_boundary_exact	North Carolina, Graham County	Great Smoky Mountains National Park, Gregory Bald Trail, Parsons Branch Rd. to Sheep Pen Gap (4 mi)	https://lichenportal.org/portal/collections/individual/index.php?occid=3241821
3241950	NY	1219756	J. C. Lendemer	26752	3.35	49.91	Tennessee	Blount Co.	35.45625	-83.88389	outside_boundary_exact	North Carolina, Graham County	Great Smoky Mountains National Park, Gregory Bald Trail, Parsons Branch Rd. to Sheep Pen Gap (4 mi)	https://lichenportal.org/portal/collections/individual/index.php?occid=3241950
3241970	NY	1219731	J. C. Lendemer	26778	3.35	49.91	Tennessee	Blount Co.	35.45625	-83.88389	outside_boundary_exact	North Carolina, Graham County	Great Smoky Mountains National Park, Gregory Bald Trail, Parsons Branch Rd. to Sheep Pen Gap (4 mi)	https://lichenportal.org/portal/collections/individual/index.php?occid=3241970
3241994	NY	1219710	J. C. Lendemer	26799	3.35	49.91	Tennessee	Blount Co.	35.45625	-83.88389	outside_boundary_exact	North Carolina, Graham County	Great Smoky Mountains National Park, Gregory Bald Trail, Parsons Branch Rd. to Sheep Pen Gap (4 mi)	https://lichenportal.org/portal/collections/individual/index.php?occid=3241994
3242179	NY	1151396	J. C. Lendemer	26721	3.35	49.91	Tennessee	Blount Co.	35.45625	-83.88389	outside_boundary_exact	North Carolina, Graham County	Great Smoky Mountains National Park, Gregory Bald Trail, Parsons Branch Rd. to Sheep Pen Gap (4 mi)	https://lichenportal.org/portal/collections/individual/index.php?occid=3242179
3242204	NY	1219778	J. C. Lendemer	26729	3.35	49.91	Tennessee	Blount Co.	35.45625	-83.88389	outside_boundary_exact	North Carolina, Graham County	Great Smoky Mountains National Park, Gregory Bald Trail, Parsons Branch Rd. to Sheep Pen Gap (4 mi)	https://lichenportal.org/portal/collections/individual/index.php?occid=3242204
3242253	NY	1219749	J. C. Lendemer	26759	3.35	49.91	Tennessee	Blount Co.	35.45625	-83.88389	outside_boundary_exact	North Carolina, Graham County	Great Smoky Mountains National Park, Gregory Bald Trail, Parsons Branch Rd. to Sheep Pen Gap (4 mi)	https://lichenportal.org/portal/collections/individual/index.php?occid=3242253
3242329	NY	1219706	J. C. Lendemer	26803	3.35	49.91	Tennessee	Blount Co.	35.45625	-83.88389	outside_boundary_exact	North Carolina, Graham County	Great Smoky Mountains National Park, Gregory Bald Trail, Parsons Branch Rd. to Sheep Pen Gap (4 mi)	https://lichenportal.org/portal/collections/individual/index.php?occid=3242329
3242387	NY	1219711	J. C. Lendemer	26798	3.35	49.91	Tennessee	Blount Co.	35.45625	-83.88389	outside_boundary_exact	North Carolina, Graham County	Great Smoky Mountains National Park, Gregory Bald Trail, Parsons Branch Rd. to Sheep Pen Gap (4 mi)	https://lichenportal.org/portal/collections/individual/index.php?occid=3242387
3242534	NY	1219727	J. C. Lendemer	26782	3.35	49.91	Tennessee	Blount Co.	35.45625	-83.88389	outside_boundary_exact	North Carolina, Graham County	Great Smoky Mountains National Park, Gregory Bald Trail, Parsons Branch Rd. to Sheep Pen Gap (4 mi)	https://lichenportal.org/portal/collections/individual/index.php?occid=3242534
3242575	NY	1219773	J. C. Lendemer	26735	3.35	49.91	Tennessee	Blount Co.	35.45625	-83.88389	outside_boundary_exact	North Carolina, Graham County	Great Smoky Mountains National Park, Gregory Bald Trail, Parsons Branch Rd. to Sheep Pen Gap (4 mi)	https://lichenportal.org/portal/collections/individual/index.php?occid=3242575
3242643	NY	1219730	J. C. Lendemer	26779	3.35	49.91	Tennessee	Blount Co.	35.45625	-83.88389	outside_boundary_exact	North Carolina, Graham County	Great Smoky Mountains National Park, Gregory Bald Trail, Parsons Branch Rd. to Sheep Pen Gap (4 mi)	https://lichenportal.org/portal/collections/individual/index.php?occid=3242643
3242753	NY	1219721	J. C. Lendemer	26788	3.35	49.91	Tennessee	Blount Co.	35.45625	-83.88389	outside_boundary_exact	North Carolina, Graham County	Great Smoky Mountains National Park, Gregory Bald Trail, Parsons Branch Rd. to Sheep Pen Gap (4 mi)	https://lichenportal.org/portal/collections/individual/index.php?occid=3242753
3242793	NY	1219728	J. C. Lendemer	26781	3.35	49.91	Tennessee	Blount Co.	35.45625	-83.88389	outside_boundary_exact	North Carolina, Graham County	Great Smoky Mountains National Park, Gregory Bald Trail, Parsons Branch Rd. to Sheep Pen Gap (4 mi)	https://lichenportal.org/portal/collections/individual/index.php?occid=3242793
3242886	NY	1219755	J. C. Lendemer	26753	3.35	49.91	Tennessee	Blount Co.	35.45625	-83.88389	outside_boundary_exact	North Carolina, Graham County	Great Smoky Mountains National Park, Gregory Bald Trail, Parsons Branch Rd. to Sheep Pen Gap (4 mi)	https://lichenportal.org/portal/collections/individual/index.php?occid=3242886
3242919	NY	1219722	J. C. Lendemer	26787	3.35	49.91	Tennessee	Blount Co.	35.45625	-83.88389	outside_boundary_exact	North Carolina, Graham County	Great Smoky Mountains National Park, Gregory Bald Trail, Parsons Branch Rd. to Sheep Pen Gap (4 mi)	https://lichenportal.org/portal/collections/individual/index.php?occid=3242919
3242929	NY	1219745	J. C. Lendemer	26763	3.35	49.91	Tennessee	Blount Co.	35.45625	-83.88389	outside_boundary_exact	North Carolina, Graham County	Great Smoky Mountains National Park, Gregory Bald Trail, Parsons Branch Rd. to Sheep Pen Gap (4 mi)	https://lichenportal.org/portal/collections/individual/index.php?occid=3242929
3242971	NY	1219785	J. C. Lendemer	26722	3.35	49.91	Tennessee	Blount Co.	35.45625	-83.88389	outside_boundary_exact	North Carolina, Graham County	Great Smoky Mountains National Park, Gregory Bald Trail, Parsons Branch Rd. to Sheep Pen Gap (4 mi)	https://lichenportal.org/portal/collections/individual/index.php?occid=3242971
3242988	NY	1219734	J. C. Lendemer	26774	3.35	49.91	Tennessee	Blount Co.	35.45625	-83.88389	outside_boundary_exact	North Carolina, Graham County	Great Smoky Mountains National Park, Gregory Bald Trail, Parsons Branch Rd. to Sheep Pen Gap (4 mi)	https://lichenportal.org/portal/collections/individual/index.php?occid=3242988
3243019	NY	1219758	J. C. Lendemer	26750	3.35	49.91	Tennessee	Blount Co.	35.45625	-83.88389	outside_boundary_exact	North Carolina, Graham County	Great Smoky Mountains National Park, Gregory Bald Trail, Parsons Branch Rd. to Sheep Pen Gap (4 mi)	https://lichenportal.org/portal/collections/individual/index.php?occid=3243019
3243074	NY	1219743	J. C. Lendemer	26765	3.35	49.91	Tennessee	Blount Co.	35.45625	-83.88389	outside_boundary_exact	North Carolina, Graham County	Great Smoky Mountains National Park, Gregory Bald Trail, Parsons Branch Rd. to Sheep Pen Gap (4 mi)	https://lichenportal.org/portal/collections/individual/index.php?occid=3243074
3243092	NY	1219750	J. C. Lendemer	26758	3.35	49.91	Tennessee	Blount Co.	35.45625	-83.88389	outside_boundary_exact	North Carolina, Graham County	Great Smoky Mountains National Park, Gregory Bald Trail, Parsons Branch Rd. to Sheep Pen Gap (4 mi)	https://lichenportal.org/portal/collections/individual/index.php?occid=3243092
3243135	NY	1219713	J. C. Lendemer	26796	3.35	49.91	Tennessee	Blount Co.	35.45625	-83.88389	outside_boundary_exact	North Carolina, Graham County	Great Smoky Mountains National Park, Gregory Bald Trail, Parsons Branch Rd. to Sheep Pen Gap (4 mi)	https://lichenportal.org/portal/collections/individual/index.php?occid=3243135
3243184	NY	1219709	J. C. Lendemer	26800	3.35	49.91	Tennessee	Blount Co.	35.45625	-83.88389	outside_boundary_exact	North Carolina, Graham County	Great Smoky Mountains National Park, Gregory Bald Trail, Parsons Branch Rd. to Sheep Pen Gap (4 mi)	https://lichenportal.org/portal/collections/individual/index.php?occid=3243184
3243194	NY	1219771	J. C. Lendemer	26737	3.35	49.91	Tennessee	Blount Co.	35.45625	-83.88389	outside_boundary_exact	North Carolina, Graham County	Great Smoky Mountains National Park, Gregory Bald Trail, Parsons Branch Rd. to Sheep Pen Gap (4 mi)	https://lichenportal.org/portal/collections/individual/index.php?occid=3243194
3243331	NY	1219781	J. C. Lendemer	26726	3.35	49.91	Tennessee	Blount Co.	35.45625	-83.88389	outside_boundary_exact	North Carolina, Graham County	Great Smoky Mountains National Park, Gregory Bald Trail, Parsons Branch Rd. to Sheep Pen Gap (4 mi)	https://lichenportal.org/portal/collections/individual/index.php?occid=3243331
3243362	NY	1219717	J. C. Lendemer	26792	3.35	49.91	Tennessee	Blount Co.	35.45625	-83.88389	outside_boundary_exact	North Carolina, Graham County	Great Smoky Mountains National Park, Gregory Bald Trail, Parsons Branch Rd. to Sheep Pen Gap (4 mi)	https://lichenportal.org/portal/collections/individual/index.php?occid=3243362
3243510	NY	1219786	J. C. Lendemer	26721A	3.35	49.91	Tennessee	Blount Co.	35.45625	-83.88389	outside_boundary_exact	North Carolina, Graham County	Great Smoky Mountains National Park, Gregory Bald Trail, Parsons Branch Rd. to Sheep Pen Gap (4 mi)	https://lichenportal.org/portal/collections/individual/index.php?occid=3243510
3243551	NY	1219747	J. C. Lendemer	26761	3.35	49.91	Tennessee	Blount Co.	35.45625	-83.88389	outside_boundary_exact	North Carolina, Graham County	Great Smoky Mountains National Park, Gregory Bald Trail, Parsons Branch Rd. to Sheep Pen Gap (4 mi)	https://lichenportal.org/portal/collections/individual/index.php?occid=3243551
3243654	NY	1219718	J. C. Lendemer	26791	3.35	49.91	Tennessee	Blount Co.	35.45625	-83.88389	outside_boundary_exact	North Carolina, Graham County	Great Smoky Mountains National Park, Gregory Bald Trail, Parsons Branch Rd. to Sheep Pen Gap (4 mi)	https://lichenportal.org/portal/collections/individual/index.php?occid=3243654
3243786	NY	1219742	J. C. Lendemer	26766	3.35	49.91	Tennessee	Blount Co.	35.45625	-83.88389	outside_boundary_exact	North Carolina, Graham County	Great Smoky Mountains National Park, Gregory Bald Trail, Parsons Branch Rd. to Sheep Pen Gap (4 mi)	https://lichenportal.org/portal/collections/individual/index.php?occid=3243786
3243798	NY	1219735	J. C. Lendemer	26773	3.35	49.91	Tennessee	Blount Co.	35.45625	-83.88389	outside_boundary_exact	North Carolina, Graham County	Great Smoky Mountains National Park, Gregory Bald Trail, Parsons Branch Rd. to Sheep Pen Gap (4 mi)	https://lichenportal.org/portal/collections/individual/index.php?occid=3243798
3243844	NY	1219784	J. C. Lendemer	26723	3.35	49.91	Tennessee	Blount Co.	35.45625	-83.88389	outside_boundary_exact	North Carolina, Graham County	Great Smoky Mountains National Park, Gregory Bald Trail, Parsons Branch Rd. to Sheep Pen Gap (4 mi)	https://lichenportal.org/portal/collections/individual/index.php?occid=3243844
3243881	NY	1219729	J. C. Lendemer	26780	3.35	49.91	Tennessee	Blount Co.	35.45625	-83.88389	outside_boundary_exact	North Carolina, Graham County	Great Smoky Mountains National Park, Gregory Bald Trail, Parsons Branch Rd. to Sheep Pen Gap (4 mi)	https://lichenportal.org/portal/collections/individual/index.php?occid=3243881
3244075	NY	1219732	J. C. Lendemer	26777	3.35	49.91	Tennessee	Blount Co.	35.45625	-83.88389	outside_boundary_exact	North Carolina, Graham County	Great Smoky Mountains National Park, Gregory Bald Trail, Parsons Branch Rd. to Sheep Pen Gap (4 mi)	https://lichenportal.org/portal/collections/individual/index.php?occid=3244075
3244096	NY	1219719	J. C. Lendemer	26790	3.35	49.91	Tennessee	Blount Co.	35.45625	-83.88389	outside_boundary_exact	North Carolina, Graham County	Great Smoky Mountains National Park, Gregory Bald Trail, Parsons Branch Rd. to Sheep Pen Gap (4 mi)	https://lichenportal.org/portal/collections/individual/index.php?occid=3244096
3244153	NY	1219724	J. C. Lendemer	26785	3.35	49.91	Tennessee	Blount Co.	35.45625	-83.88389	outside_boundary_exact	North Carolina, Graham County	Great Smoky Mountains National Park, Gregory Bald Trail, Parsons Branch Rd. to Sheep Pen Gap (4 mi)	https://lichenportal.org/portal/collections/individual/index.php?occid=3244153
3244161	NY	1219757	J. C. Lendemer	26751	3.35	49.91	Tennessee	Blount Co.	35.45625	-83.88389	outside_boundary_exact	North Carolina, Graham County	Great Smoky Mountains National Park, Gregory Bald Trail, Parsons Branch Rd. to Sheep Pen Gap (4 mi)	https://lichenportal.org/portal/collections/individual/index.php?occid=3244161
3244203	NY	1219761	J. C. Lendemer	26747	3.35	49.91	Tennessee	Blount Co.	35.45625	-83.88389	outside_boundary_exact	North Carolina, Graham County	Great Smoky Mountains National Park, Gregory Bald Trail, Parsons Branch Rd. to Sheep Pen Gap (4 mi)	https://lichenportal.org/portal/collections/individual/index.php?occid=3244203
3244204	NY	1219772	J. C. Lendemer	26736	3.35	49.91	Tennessee	Blount Co.	35.45625	-83.88389	outside_boundary_exact	North Carolina, Graham County	Great Smoky Mountains National Park, Gregory Bald Trail, Parsons Branch Rd. to Sheep Pen Gap (4 mi)	https://lichenportal.org/portal/collections/individual/index.php?occid=3244204
3244240	NY	1219720	J. C. Lendemer	26789	3.35	49.91	Tennessee	Blount Co.	35.45625	-83.88389	outside_boundary_exact	North Carolina, Graham County	Great Smoky Mountains National Park, Gregory Bald Trail, Parsons Branch Rd. to Sheep Pen Gap (4 mi)	https://lichenportal.org/portal/collections/individual/index.php?occid=3244240
3244241	NY	1219741	J. C. Lendemer	26767	3.35	49.91	Tennessee	Blount Co.	35.45625	-83.88389	outside_boundary_exact	North Carolina, Graham County	Great Smoky Mountains National Park, Gregory Bald Trail, Parsons Branch Rd. to Sheep Pen Gap (4 mi)	https://lichenportal.org/portal/collections/individual/index.php?occid=3244241
3244242	NY	1219760	J. C. Lendemer	26748	3.35	49.91	Tennessee	Blount Co.	35.45625	-83.88389	outside_boundary_exact	North Carolina, Graham County	Great Smoky Mountains National Park, Gregory Bald Trail, Parsons Branch Rd. to Sheep Pen Gap (4 mi)	https://lichenportal.org/portal/collections/individual/index.php?occid=3244242
3244243	NY	1219767	J. C. Lendemer	26741	3.35	49.91	Tennessee	Blount Co.	35.45625	-83.88389	outside_boundary_exact	North Carolina, Graham County	Great Smoky Mountains National Park, Gregory Bald Trail, Parsons Branch Rd. to Sheep Pen Gap (4 mi)	https://lichenportal.org/portal/collections/individual/index.php?occid=3244243
3244301	NY	1219762	J. C. Lendemer	26746	3.35	49.91	Tennessee	Blount Co.	35.45625	-83.88389	outside_boundary_exact	North Carolina, Graham County	Great Smoky Mountains National Park, Gregory Bald Trail, Parsons Branch Rd. to Sheep Pen Gap (4 mi)	https://lichenportal.org/portal/collections/individual/index.php?occid=3244301
3244355	NY	1219782	J. C. Lendemer	26725	3.35	49.91	Tennessee	Blount Co.	35.45625	-83.88389	outside_boundary_exact	North Carolina, Graham County	Great Smoky Mountains National Park, Gregory Bald Trail, Parsons Branch Rd. to Sheep Pen Gap (4 mi)	https://lichenportal.org/portal/collections/individual/index.php?occid=3244355
3244365	NY	1219725	J. C. Lendemer	26784	3.35	49.91	Tennessee	Blount Co.	35.45625	-83.88389	outside_boundary_exact	North Carolina, Graham County	Great Smoky Mountains National Park, Gregory Bald Trail, Parsons Branch Rd. to Sheep Pen Gap (4 mi)	https://lichenportal.org/portal/collections/individual/index.php?occid=3244365
3244630	NY	1219712	J. C. Lendemer	26797	3.35	49.91	Tennessee	Blount Co.	35.45625	-83.88389	outside_boundary_exact	North Carolina, Graham County	Great Smoky Mountains National Park, Gregory Bald Trail, Parsons Branch Rd. to Sheep Pen Gap (4 mi)	https://lichenportal.org/portal/collections/individual/index.php?occid=3244630
3244654	NY	1219714	J. C. Lendemer	26795	3.35	49.91	Tennessee	Blount Co.	35.45625	-83.88389	outside_boundary_exact	North Carolina, Graham County	Great Smoky Mountains National Park, Gregory Bald Trail, Parsons Branch Rd. to Sheep Pen Gap (4 mi)	https://lichenportal.org/portal/collections/individual/index.php?occid=3244654
3244662	NY	1219752	J. C. Lendemer	26756	3.35	49.91	Tennessee	Blount Co.	35.45625	-83.88389	outside_boundary_exact	North Carolina, Graham County	Great Smoky Mountains National Park, Gregory Bald Trail, Parsons Branch Rd. to Sheep Pen Gap (4 mi)	https://lichenportal.org/portal/collections/individual/index.php?occid=3244662
3244663	NY	1219753	J. C. Lendemer	26755	3.35	49.91	Tennessee	Blount Co.	35.45625	-83.88389	outside_boundary_exact	North Carolina, Graham County	Great Smoky Mountains National Park, Gregory Bald Trail, Parsons Branch Rd. to Sheep Pen Gap (4 mi)	https://lichenportal.org/portal/collections/individual/index.php?occid=3244663
3244683	NY	1219708	J. C. Lendemer	26801	3.35	49.91	Tennessee	Blount Co.	35.45625	-83.88389	outside_boundary_exact	North Carolina, Graham County	Great Smoky Mountains National Park, Gregory Bald Trail, Parsons Branch Rd. to Sheep Pen Gap (4 mi)	https://lichenportal.org/portal/collections/individual/index.php?occid=3244683
3244800	NY	1219715	J. C. Lendemer	26794	3.35	49.91	Tennessee	Blount Co.	35.45625	-83.88389	outside_boundary_exact	North Carolina, Graham County	Great Smoky Mountains National Park, Gregory Bald Trail, Parsons Branch Rd. to Sheep Pen Gap (4 mi)	https://lichenportal.org/portal/collections/individual/index.php?occid=3244800
3245503	NY	1219737	J. C. Lendemer	26771	3.35	49.91	Tennessee	Blount Co.	35.45625	-83.88389	outside_boundary_exact	North Carolina, Graham County	Great Smoky Mountains National Park, Gregory Bald Trail, Parsons Branch Rd. to Sheep Pen Gap (4 mi)	https://lichenportal.org/portal/collections/individual/index.php?occid=3245503
3245592	NY	1219744	J. C. Lendemer	26764	3.35	49.91	Tennessee	Blount Co.	35.45625	-83.88389	outside_boundary_exact	North Carolina, Graham County	Great Smoky Mountains National Park, Gregory Bald Trail, Parsons Branch Rd. to Sheep Pen Gap (4 mi)	https://lichenportal.org/portal/collections/individual/index.php?occid=3245592
3245610	NY	1219787	J. C. Lendemer	26721	3.35	49.91	Tennessee	Blount Co.	35.45625	-83.88389	outside_boundary_exact	North Carolina, Graham County	Great Smoky Mountains National Park, Gregory Bald Trail, Parsons Branch Rd. to Sheep Pen Gap (4 mi)	https://lichenportal.org/portal/collections/individual/index.php?occid=3245610
3248216	NY	1219777	J. C. Lendemer	26730	3.35	49.91	Tennessee	Blount Co.	35.45625	-83.88389	outside_boundary_exact	North Carolina, Graham County	Great Smoky Mountains National Park, Gregory Bald Trail, Parsons Branch Rd. to Sheep Pen Gap (4 mi)	https://lichenportal.org/portal/collections/individual/index.php?occid=3248216
3250889	NY	1219736	J. C. Lendemer	26772	3.35	49.91	Tennessee	Blount Co.	35.45625	-83.88389	outside_boundary_exact	North Carolina, Graham County	Great Smoky Mountains National Park, Gregory Bald Trail, Parsons Branch Rd. to Sheep Pen Gap (4 mi)	https://lichenportal.org/portal/collections/individual/index.php?occid=3250889
3252804	NY	1219716	J. C. Lendemer	26793	3.35	49.91	Tennessee	Blount Co.	35.45625	-83.88389	outside_boundary_exact	North Carolina, Graham County	Great Smoky Mountains National Park, Gregory Bald Trail, Parsons Branch Rd. to Sheep Pen Gap (4 mi)	https://lichenportal.org/portal/collections/individual/index.php?occid=3252804
3241448	NY	1225319	J. P. Dey	30038	3.21	45.42	Tennessee	Sevier Co.	35.6389	-83.6986	outside_boundary_exact	Tennessee, Blount County	Great Smoky Mountains National Park, Twin Creeks adjacent to Uplands Research Lab (All Taxa Biodiversity Ref. Plot A18)	https://lichenportal.org/portal/collections/individual/index.php?occid=3241448
3241449	NY	1225320	J. P. Dey	30040	3.21	45.42	Tennessee	Sevier Co.	35.6389	-83.6986	outside_boundary_exact	Tennessee, Blount County	Great Smoky Mountains National Park, Twin Creeks adjacent to Uplands Research Lab (All Taxa Biodiversity Ref. Plot A18)	https://lichenportal.org/portal/collections/individual/index.php?occid=3241449
3242421	NY	1225309	J. P. Dey	29996	3.21	45.42	Tennessee	Sevier Co.	35.6389	-83.6986	outside_boundary_exact	Tennessee, Blount County	Great Smoky Mountains National Park, Twin Creeks adjacent to Uplands Research Lab (All Taxa Biodiversity Ref. Plot A18)	https://lichenportal.org/portal/collections/individual/index.php?occid=3242421
3242866	NY	1225321	J. P. Dey	30041	3.21	45.42	Tennessee	Sevier Co.	35.6389	-83.6986	outside_boundary_exact	Tennessee, Blount County	Great Smoky Mountains National Park, Twin Creeks adjacent to Uplands Research Lab (All Taxa Biodiversity Ref. Plot A18)	https://lichenportal.org/portal/collections/individual/index.php?occid=3242866
3243238	NY	1225316	J. P. Dey	30023	3.21	45.42	Tennessee	Sevier Co.	35.6389	-83.6986	outside_boundary_exact	Tennessee, Blount County	Great Smoky Mountains National Park, Twin Creeks adjacent to Uplands Research Lab (All Taxa Biodiversity Ref. Plot A18)	https://lichenportal.org/portal/collections/individual/index.php?occid=3243238
3243292	NY	1225315	J. P. Dey	30025	3.21	45.42	Tennessee	Sevier Co.	35.6389	-83.6986	outside_boundary_exact	Tennessee, Blount County	Great Smoky Mountains National Park, Twin Creeks adjacent to Uplands Research Lab (All Taxa Biodiversity Ref. Plot A18)	https://lichenportal.org/portal/collections/individual/index.php?occid=3243292
3243383	NY	1225311	J. P. Dey	30001	3.21	45.42	Tennessee	Sevier Co.	35.6389	-83.6986	outside_boundary_exact	Tennessee, Blount County	Great Smoky Mountains National Park, Twin Creeks adjacent to Uplands Research Lab (All Taxa Biodiversity Ref. Plot A18)	https://lichenportal.org/portal/collections/individual/index.php?occid=3243383
3243384	NY	1225314	J. P. Dey	30020	3.21	45.42	Tennessee	Sevier Co.	35.6389	-83.6986	outside_boundary_exact	Tennessee, Blount County	Great Smoky Mountains National Park, Twin Creeks adjacent to Uplands Research Lab (All Taxa Biodiversity Ref. Plot A18)	https://lichenportal.org/portal/collections/individual/index.php?occid=3243384
3243449	NY	1225310	J. P. Dey	29998	3.21	45.42	Tennessee	Sevier Co.	35.6389	-83.6986	outside_boundary_exact	Tennessee, Blount County	Great Smoky Mountains National Park, Twin Creeks adjacent to Uplands Research Lab (All Taxa Biodiversity Ref. Plot A18)	https://lichenportal.org/portal/collections/individual/index.php?occid=3243449
3243535	NY	1225302	J. P. Dey	30034	3.21	45.42	Tennessee	Sevier Co.	35.6389	-83.6986	outside_boundary_exact	Tennessee, Blount County	Great Smoky Mountains National Park, Twin Creeks adjacent to Uplands Research Lab (All Taxa Biodiversity Ref. Plot A18)	https://lichenportal.org/portal/collections/individual/index.php?occid=3243535
3243536	NY	1225305	J. P. Dey	30000	3.21	45.42	Tennessee	Sevier Co.	35.6389	-83.6986	outside_boundary_exact	Tennessee, Blount County	Great Smoky Mountains National Park, Twin Creeks adjacent to Uplands Research Lab (All Taxa Biodiversity Ref. Plot A18)	https://lichenportal.org/portal/collections/individual/index.php?occid=3243536
3243537	NY	1225306	J. P. Dey	30031	3.21	45.42	Tennessee	Sevier Co.	35.6389	-83.6986	outside_boundary_exact	Tennessee, Blount County	Great Smoky Mountains National Park, Twin Creeks adjacent to Uplands Research Lab (All Taxa Biodiversity Ref. Plot A18)	https://lichenportal.org/portal/collections/individual/index.php?occid=3243537
3243548	NY	1575725	J. P. Dey	30034	3.21	45.42	Tennessee	Sevier Co.	35.6389	-83.6986	outside_boundary_exact	Tennessee, Blount County	Great Smoky Mountains National Park, Twin Creeks adjacent to Uplands Research Lab (All Taxa Biodiversity Ref. Plot A18)	https://lichenportal.org/portal/collections/individual/index.php?occid=3243548
3243549	NY	1575726	J. P. Dey	30000	3.21	45.42	Tennessee	Sevier Co.	35.6389	-83.6986	outside_boundary_exact	Tennessee, Blount County	Great Smoky Mountains National Park, Twin Creeks adjacent to Uplands Research Lab (All Taxa Biodiversity Ref. Plot A18)	https://lichenportal.org/portal/collections/individual/index.php?occid=3243549
3243568	NY	1225318	J. P. Dey	30035	3.21	45.42	Tennessee	Sevier Co.	35.6389	-83.6986	outside_boundary_exact	Tennessee, Blount County	Great Smoky Mountains National Park, Twin Creeks adjacent to Uplands Research Lab (All Taxa Biodiversity Ref. Plot A18)	https://lichenportal.org/portal/collections/individual/index.php?occid=3243568
3243583	NY	1225307	J. P. Dey	30033	3.21	45.42	Tennessee	Sevier Co.	35.6389	-83.6986	outside_boundary_exact	Tennessee, Blount County	Great Smoky Mountains National Park, Twin Creeks adjacent to Uplands Research Lab (All Taxa Biodiversity Ref. Plot A18)	https://lichenportal.org/portal/collections/individual/index.php?occid=3243583
3243638	NY	1225313	J. P. Dey	30019	3.21	45.42	Tennessee	Sevier Co.	35.6389	-83.6986	outside_boundary_exact	Tennessee, Blount County	Great Smoky Mountains National Park, Twin Creeks adjacent to Uplands Research Lab (All Taxa Biodiversity Ref. Plot A18)	https://lichenportal.org/portal/collections/individual/index.php?occid=3243638
3243673	NY	1225308	J. P. Dey	29995	3.21	45.42	Tennessee	Sevier Co.	35.6389	-83.6986	outside_boundary_exact	Tennessee, Blount County	Great Smoky Mountains National Park, Twin Creeks adjacent to Uplands Research Lab (All Taxa Biodiversity Ref. Plot A18)	https://lichenportal.org/portal/collections/individual/index.php?occid=3243673
3243756	NY	1225304	J. P. Dey	30006	3.21	45.42	Tennessee	Sevier Co.	35.6389	-83.6986	outside_boundary_exact	Tennessee, Blount County	Great Smoky Mountains National Park, Twin Creeks adjacent to Uplands Research Lab (All Taxa Biodiversity Ref. Plot A18)	https://lichenportal.org/portal/collections/individual/index.php?occid=3243756
3243792	NY	1716356	J. P. Dey	30003	3.21	45.42	Tennessee	Sevier Co.	35.6389	-83.6986	outside_boundary_exact	Tennessee, Blount County	Great Smoky Mountains National Park, Twin Creeks adjacent to Uplands Research Lab (All Taxa Biodiversity Ref. Plot A18)	https://lichenportal.org/portal/collections/individual/index.php?occid=3243792
3243928	NY	1225312	J. P. Dey	30012	3.21	45.42	Tennessee	Sevier Co.	35.6389	-83.6986	outside_boundary_exact	Tennessee, Blount County	Great Smoky Mountains National Park, Twin Creeks adjacent to Uplands Research Lab (All Taxa Biodiversity Ref. Plot A18)	https://lichenportal.org/portal/collections/individual/index.php?occid=3243928
3243969	NY	1225295	J. P. Dey	30011	3.21	45.42	Tennessee	Sevier Co.	35.6389	-83.6986	outside_boundary_exact	Tennessee, Blount County	Great Smoky Mountains National Park, Twin Creeks adjacent to Uplands Research Lab (All Taxa Biodiversity Ref. Plot A18)	https://lichenportal.org/portal/collections/individual/index.php?occid=3243969
3243998	NY	1226116	J. P. Dey	30005	3.21	45.42	Tennessee	Sevier Co.	35.6389	-83.6986	outside_boundary_exact	Tennessee, Blount County	Great Smoky Mountains National Park, Twin Creeks adjacent to Uplands Research Lab (All Taxa Biodiversity Ref. Plot A18)	https://lichenportal.org/portal/collections/individual/index.php?occid=3243998
3244035	NY	1226082	J. P. Dey	30004	3.21	45.42	Tennessee	Sevier Co.	35.6389	-83.6986	outside_boundary_exact	Tennessee, Blount County	Great Smoky Mountains National Park, Twin Creeks adjacent to Uplands Research Lab (All Taxa Biodiversity Ref. Plot A18)	https://lichenportal.org/portal/collections/individual/index.php?occid=3244035
3244212	NY	1225303	J. P. Dey	30032	3.21	45.42	Tennessee	Sevier Co.	35.6389	-83.6986	outside_boundary_exact	Tennessee, Blount County	Great Smoky Mountains National Park, Twin Creeks adjacent to Uplands Research Lab (All Taxa Biodiversity Ref. Plot A18)	https://lichenportal.org/portal/collections/individual/index.php?occid=3244212
3244294	NY	1225325	J. P. Dey	29999	3.21	45.42	Tennessee	Sevier Co.	35.6389	-83.6986	outside_boundary_exact	Tennessee, Blount County	Great Smoky Mountains National Park, Twin Creeks adjacent to Uplands Research Lab (All Taxa Biodiversity Ref. Plot A18)	https://lichenportal.org/portal/collections/individual/index.php?occid=3244294
3244449	NY	1225317	J. P. Dey	30029	3.21	45.42	Tennessee	Sevier Co.	35.6389	-83.6986	outside_boundary_exact	Tennessee, Blount County	Great Smoky Mountains National Park, Twin Creeks adjacent to Uplands Research Lab (All Taxa Biodiversity Ref. Plot A18)	https://lichenportal.org/portal/collections/individual/index.php?occid=3244449
3244931	NY	1225278	J. P. Dey	30052	3.21	45.42	Tennessee	Sevier Co.	35.6389	-83.6986	outside_boundary_exact	Tennessee, Blount County	Great Smoky Mountains National Park, Twin Creeks adjacent to Uplands Research Lab (All Taxa Biodiversity Ref. Plot A18)	https://lichenportal.org/portal/collections/individual/index.php?occid=3244931
3244932	NY	1225279	J. P. Dey	30044	3.21	45.42	Tennessee	Sevier Co.	35.6389	-83.6986	outside_boundary_exact	Tennessee, Blount County	Great Smoky Mountains National Park, Twin Creeks adjacent to Uplands Research Lab (All Taxa Biodiversity Ref. Plot A18)	https://lichenportal.org/portal/collections/individual/index.php?occid=3244932
3244933	NY	1225280	J. P. Dey	30047	3.21	45.42	Tennessee	Sevier Co.	35.6389	-83.6986	outside_boundary_exact	Tennessee, Blount County	Great Smoky Mountains National Park, Twin Creeks adjacent to Uplands Research Lab (All Taxa Biodiversity Ref. Plot A18)	https://lichenportal.org/portal/collections/individual/index.php?occid=3244933
3244959	NY	1225301	J. P. Dey	30024	3.21	45.42	Tennessee	Sevier Co.	35.6389	-83.6986	outside_boundary_exact	Tennessee, Blount County	Great Smoky Mountains National Park, Twin Creeks adjacent to Uplands Research Lab (All Taxa Biodiversity Ref. Plot A18)	https://lichenportal.org/portal/collections/individual/index.php?occid=3244959
3244979	NY	1225287	J. P. Dey	30039	3.21	45.42	Tennessee	Sevier Co.	35.6389	-83.6986	outside_boundary_exact	Tennessee, Blount County	Great Smoky Mountains National Park, Twin Creeks adjacent to Uplands Research Lab (All Taxa Biodiversity Ref. Plot A18)	https://lichenportal.org/portal/collections/individual/index.php?occid=3244979
3244988	NY	1225285	J. P. Dey	30042	3.21	45.42	Tennessee	Sevier Co.	35.6389	-83.6986	outside_boundary_exact	Tennessee, Blount County	Great Smoky Mountains National Park, Twin Creeks adjacent to Uplands Research Lab (All Taxa Biodiversity Ref. Plot A18)	https://lichenportal.org/portal/collections/individual/index.php?occid=3244988
3244989	NY	1225288	J. P. Dey	30042	3.21	45.42	Tennessee	Sevier Co.	35.6389	-83.6986	outside_boundary_exact	Tennessee, Blount County	Great Smoky Mountains National Park, Twin Creeks adjacent to Uplands Research Lab (All Taxa Biodiversity Ref. Plot A18)	https://lichenportal.org/portal/collections/individual/index.php?occid=3244989
3244994	NY	1225286	J. P. Dey	30043	3.21	45.42	Tennessee	Sevier Co.	35.6389	-83.6986	outside_boundary_exact	Tennessee, Blount County	Great Smoky Mountains National Park, Twin Creeks adjacent to Uplands Research Lab (All Taxa Biodiversity Ref. Plot A18)	https://lichenportal.org/portal/collections/individual/index.php?occid=3244994
3245065	NY	1225291	J. P. Dey	30015	3.21	45.42	Tennessee	Sevier Co.	35.6389	-83.6986	outside_boundary_exact	Tennessee, Blount County	Great Smoky Mountains National Park, Twin Creeks adjacent to Uplands Research Lab (All Taxa Biodiversity Ref. Plot A18)	https://lichenportal.org/portal/collections/individual/index.php?occid=3245065
3245194	NY	1225298	J. P. Dey	30022	3.21	45.42	Tennessee	Sevier Co.	35.6389	-83.6986	outside_boundary_exact	Tennessee, Blount County	Great Smoky Mountains National Park, Twin Creeks adjacent to Uplands Research Lab (All Taxa Biodiversity Ref. Plot A18)	https://lichenportal.org/portal/collections/individual/index.php?occid=3245194
3245211	NY	1225284	J. P. Dey	30007	3.21	45.42	Tennessee	Sevier Co.	35.6389	-83.6986	outside_boundary_exact	Tennessee, Blount County	Great Smoky Mountains National Park, Twin Creeks adjacent to Uplands Research Lab (All Taxa Biodiversity Ref. Plot A18)	https://lichenportal.org/portal/collections/individual/index.php?occid=3245211
3245218	NY	1225281	J. P. Dey	30008	3.21	45.42	Tennessee	Sevier Co.	35.6389	-83.6986	outside_boundary_exact	Tennessee, Blount County	Great Smoky Mountains National Park, Twin Creeks adjacent to Uplands Research Lab (All Taxa Biodiversity Ref. Plot A18)	https://lichenportal.org/portal/collections/individual/index.php?occid=3245218
3245219	NY	1225282	J. P. Dey	30010	3.21	45.42	Tennessee	Sevier Co.	35.6389	-83.6986	outside_boundary_exact	Tennessee, Blount County	Great Smoky Mountains National Park, Twin Creeks adjacent to Uplands Research Lab (All Taxa Biodiversity Ref. Plot A18)	https://lichenportal.org/portal/collections/individual/index.php?occid=3245219
3245220	NY	1225283	J. P. Dey	30017	3.21	45.42	Tennessee	Sevier Co.	35.6389	-83.6986	outside_boundary_exact	Tennessee, Blount County	Great Smoky Mountains National Park, Twin Creeks adjacent to Uplands Research Lab (All Taxa Biodiversity Ref. Plot A18)	https://lichenportal.org/portal/collections/individual/index.php?occid=3245220
3245259	NY	1225297	J. P. Dey	30018	3.21	45.42	Tennessee	Sevier Co.	35.6389	-83.6986	outside_boundary_exact	Tennessee, Blount County	Great Smoky Mountains National Park, Twin Creeks adjacent to Uplands Research Lab (All Taxa Biodiversity Ref. Plot A18)	https://lichenportal.org/portal/collections/individual/index.php?occid=3245259
3245403	NY	1225292	J. P. Dey	30021	3.21	45.42	Tennessee	Sevier Co.	35.6389	-83.6986	outside_boundary_exact	Tennessee, Blount County	Great Smoky Mountains National Park, Twin Creeks adjacent to Uplands Research Lab (All Taxa Biodiversity Ref. Plot A18)	https://lichenportal.org/portal/collections/individual/index.php?occid=3245403
3245404	NY	1225293	J. P. Dey	29994	3.21	45.42	Tennessee	Sevier Co.	35.6389	-83.6986	outside_boundary_exact	Tennessee, Blount County	Great Smoky Mountains National Park, Twin Creeks adjacent to Uplands Research Lab (All Taxa Biodiversity Ref. Plot A18)	https://lichenportal.org/portal/collections/individual/index.php?occid=3245404
3245406	NY	1225294	J. P. Dey	30023	3.21	45.42	Tennessee	Sevier Co.	35.6389	-83.6986	outside_boundary_exact	Tennessee, Blount County	Great Smoky Mountains National Park, Twin Creeks adjacent to Uplands Research Lab (All Taxa Biodiversity Ref. Plot A18)	https://lichenportal.org/portal/collections/individual/index.php?occid=3245406
3245422	NY	1225300	J. P. Dey	30028	3.21	45.42	Tennessee	Sevier Co.	35.6389	-83.6986	outside_boundary_exact	Tennessee, Blount County	Great Smoky Mountains National Park, Twin Creeks adjacent to Uplands Research Lab (All Taxa Biodiversity Ref. Plot A18)	https://lichenportal.org/portal/collections/individual/index.php?occid=3245422
3245426	NY	1225296	J. P. Dey	30002	3.21	45.42	Tennessee	Sevier Co.	35.6389	-83.6986	outside_boundary_exact	Tennessee, Blount County	Great Smoky Mountains National Park, Twin Creeks adjacent to Uplands Research Lab (All Taxa Biodiversity Ref. Plot A18)	https://lichenportal.org/portal/collections/individual/index.php?occid=3245426
3245439	NY	1225299	J. P. Dey	30030	3.21	45.42	Tennessee	Sevier Co.	35.6389	-83.6986	outside_boundary_exact	Tennessee, Blount County	Great Smoky Mountains National Park, Twin Creeks adjacent to Uplands Research Lab (All Taxa Biodiversity Ref. Plot A18)	https://lichenportal.org/portal/collections/individual/index.php?occid=3245439
3259572	NY	02797300	A. Ciegler	340	2.4	43.23	Tennessee	Coffee Co.	35.33236	-86.10222	outside_boundary_exact	Tennessee, Franklin County	Rowland Creek Entrance on UTSI Rd. North Rowland Creek Watershed. Site 5-1.	https://lichenportal.org/portal/collections/individual/index.php?occid=3259572
3259620	NY	02797346	A. Ciegler	343	2.4	43.23	Tennessee	Coffee Co.	35.33236	-86.10222	outside_boundary_exact	Tennessee, Franklin County	Rowland Creek Entrance on UTSI Rd...north Rowland Creek watershed, Site 5-1. Side of trail after USGS yellow posts, before TWRA red sign.	https://lichenportal.org/portal/collections/individual/index.php?occid=3259620
3259621	NY	02797347	A. Ciegler	339	2.4	43.23	Tennessee	Coffee Co.	35.33236	-86.10222	outside_boundary_exact	Tennessee, Franklin County	Rowland Creek Entrance on UTSI Rd...north Rowland Creek watershed, Site 5-1. Side of trail after USGS yellow posts, before TWRA red sign.	https://lichenportal.org/portal/collections/individual/index.php?occid=3259621
3259622	NY	02797348	A. Ciegler	341	2.4	43.23	Tennessee	Coffee Co.	35.33236	-86.10222	outside_boundary_exact	Tennessee, Franklin County	Rowland Creek Entrance on UTSI Rd...north Rowland Creek watershed, Site 5-1. Side of trail after USGS yellow posts, before TWRA red sign.	https://lichenportal.org/portal/collections/individual/index.php?occid=3259622
3259623	NY	02797349	A. Ciegler	345	2.39	43.17	Tennessee	Coffee Co.	35.33261	-86.10381	outside_boundary_exact	Tennessee, Franklin County	Rowland Creek Watershed; Just before fork in trail. Site 5-2.	https://lichenportal.org/portal/collections/individual/index.php?occid=3259623
3259624	NY	02797350	A. Ciegler	344	2.39	43.17	Tennessee	Coffee Co.	35.33261	-86.10381	outside_boundary_exact	Tennessee, Franklin County	Rowland Creek Watershed; Just before fork in trail. Site 5-2.	https://lichenportal.org/portal/collections/individual/index.php?occid=3259624
3259625	NY	02797351	A. Ciegler	355	2.39	43.17	Tennessee	Coffee Co.	35.33261	-86.10381	outside_boundary_exact	Tennessee, Franklin County	Rowland Creek Watershed; Just before fork in trail. Site 5-2.	https://lichenportal.org/portal/collections/individual/index.php?occid=3259625
3259626	NY	02797352	A. Ciegler	356	2.39	43.17	Tennessee	Coffee Co.	35.33261	-86.10381	outside_boundary_exact	Tennessee, Franklin County	Rowland Creek Watershed; Just after bend in south side of trail. Site 5-2.	https://lichenportal.org/portal/collections/individual/index.php?occid=3259626
3253345	NY	03034386	A. Ciegler	417	2.32	42.82	Tennessee	Coffee Co.	35.33436	-86.11089	outside_boundary_exact	Tennessee, Franklin County	Rowland Creek Watershed, Site 5	https://lichenportal.org/portal/collections/individual/index.php?occid=3253345
3253346	NY	03034388	A. Ciegler	421	2.32	42.82	Tennessee	Coffee Co.	35.33436	-86.11089	outside_boundary_exact	Tennessee, Franklin County	Rowland Creek Watershed, Site 5	https://lichenportal.org/portal/collections/individual/index.php?occid=3253346
3253347	NY	03034387	A. Ciegler	422	2.32	42.82	Tennessee	Coffee Co.	35.33436	-86.11089	outside_boundary_exact	Tennessee, Franklin County	Rowland Creek Watershed, Site 5	https://lichenportal.org/portal/collections/individual/index.php?occid=3253347
3256802	NY	03034389	A. Ciegler	423	2.32	42.82	Tennessee	Coffee Co.	35.33436	-86.11089	outside_boundary_exact	Tennessee, Franklin County	Rowland Creek Watershed, Site 5	https://lichenportal.org/portal/collections/individual/index.php?occid=3256802
3259571	NY	02797299	A. Ciegler	393	2.28	42.82	Tennessee	Coffee Co.	35.33456	-86.10981	outside_boundary_exact	Tennessee, Franklin County	Road towards Rowland Creek...along ridge south of main Rowland Creek Watershed. Site 5.	https://lichenportal.org/portal/collections/individual/index.php?occid=3259571
3259650	NY	02797376	A. Ciegler	386	2.28	42.82	Tennessee	Coffee Co.	35.33456	-86.10981	outside_boundary_exact	Tennessee, Franklin County	West of southbound fork road; cut ridge south of main trail. Rowland Creek Watershed. Site 5-12.	https://lichenportal.org/portal/collections/individual/index.php?occid=3259650
3259651	NY	02797377	A. Ciegler	397	2.28	42.82	Tennessee	Coffee Co.	35.33456	-86.10981	outside_boundary_exact	Tennessee, Franklin County	Along ridge south of main road towards Rowland Creek. Rowland Creek Watershed. Site 5-13.	https://lichenportal.org/portal/collections/individual/index.php?occid=3259651
3259652	NY	02797378	A. Ciegler	391	2.28	42.82	Tennessee	Coffee Co.	35.33456	-86.10981	outside_boundary_exact	Tennessee, Franklin County	Along ridge south of main road towards Rowland Creek. Rowland Creek Watershed. Site 5-13.	https://lichenportal.org/portal/collections/individual/index.php?occid=3259652
3259653	NY	02797379	A. Ciegler	395	2.28	42.82	Tennessee	Coffee Co.	35.33456	-86.10981	outside_boundary_exact	Tennessee, Franklin County	Along ridge south of main road towards Rowland Creek. Rowland Creek Watershed. Site 5-13.	https://lichenportal.org/portal/collections/individual/index.php?occid=3259653
3259654	NY	02797380	A. Ciegler	394	2.28	42.82	Tennessee	Coffee Co.	35.33456	-86.10981	outside_boundary_exact	Tennessee, Franklin County	Along ridge south of main road towards Rowland Creek. Rowland Creek Watershed. Site 5-13.	https://lichenportal.org/portal/collections/individual/index.php?occid=3259654
3259655	NY	02797381	A. Ciegler	392	2.28	42.82	Tennessee	Coffee Co.	35.33456	-86.10981	outside_boundary_exact	Tennessee, Franklin County	Along ridge south of main road towards Rowland Creek. Rowland Creek Watershed. Site 5-13.	https://lichenportal.org/portal/collections/individual/index.php?occid=3259655
3259656	NY	02797382	A. Ciegler	401	2.28	42.82	Tennessee	Coffee Co.	35.33456	-86.10981	outside_boundary_exact	Tennessee, Franklin County	Near Site 5-13 and 5-12. Rowland Creek Watershed. Site 5-14.	https://lichenportal.org/portal/collections/individual/index.php?occid=3259656
3259657	NY	02797383	A. Ciegler	400	2.28	42.82	Tennessee	Coffee Co.	35.33456	-86.10981	outside_boundary_exact	Tennessee, Franklin County	Near Site 5-13 and 5-12. Rowland Creek Watershed. Site 5-14.	https://lichenportal.org/portal/collections/individual/index.php?occid=3259657
3259658	NY	02797384	A. Ciegler	398	2.28	42.82	Tennessee	Coffee Co.	35.33456	-86.10981	outside_boundary_exact	Tennessee, Franklin County	Near Site 5-13 and 5-12. Rowland Creek Watershed. Site 5-14.	https://lichenportal.org/portal/collections/individual/index.php?occid=3259658
3259659	NY	02797385	A. Ciegler	399	2.28	42.82	Tennessee	Coffee Co.	35.33456	-86.10981	outside_boundary_exact	Tennessee, Franklin County	Near Site 5-13 and 5-12. Rowland Creek Watershed. Site 5-14.	https://lichenportal.org/portal/collections/individual/index.php?occid=3259659
3259660	NY	02797386	A. Ciegler	402	2.28	42.82	Tennessee	Coffee Co.	35.33456	-86.10981	outside_boundary_exact	Tennessee, Franklin County	Near 5-14. Rowland Creek Watershed. Site 5-15	https://lichenportal.org/portal/collections/individual/index.php?occid=3259660
3259661	NY	02797387	A. Ciegler	403	2.28	42.82	Tennessee	Coffee Co.	35.33456	-86.10981	outside_boundary_exact	Tennessee, Franklin County	Near 5-14. Rowland Creek Watershed. Site 5-15	https://lichenportal.org/portal/collections/individual/index.php?occid=3259661
3256796	NY	03034380	A. Ciegler	411	2.27	42.8	Tennessee	Coffee Co.	35.33472	-86.11011	outside_boundary_exact	Tennessee, Franklin County	Rowland Creek Watershed, Site 5	https://lichenportal.org/portal/collections/individual/index.php?occid=3256796
3256797	NY	03034381	A. Ciegler	414	2.27	42.8	Tennessee	Coffee Co.	35.33472	-86.11011	outside_boundary_exact	Tennessee, Franklin County	Rowland Creek Watershed, Site 5	https://lichenportal.org/portal/collections/individual/index.php?occid=3256797
3256798	NY	03034382	A. Ciegler	413	2.27	42.8	Tennessee	Coffee Co.	35.33472	-86.11011	outside_boundary_exact	Tennessee, Franklin County	Rowland Creek Watershed, Site 5	https://lichenportal.org/portal/collections/individual/index.php?occid=3256798
3256799	NY	03034383	A. Ciegler	408	2.27	42.8	Tennessee	Coffee Co.	35.33472	-86.11011	outside_boundary_exact	Tennessee, Franklin County	Rowland Creek Watershed, Site 5	https://lichenportal.org/portal/collections/individual/index.php?occid=3256799
3256800	NY	03034384	A. Ciegler	412	2.27	42.8	Tennessee	Coffee Co.	35.33472	-86.11011	outside_boundary_exact	Tennessee, Franklin County	Rowland Creek Watershed, Site 5	https://lichenportal.org/portal/collections/individual/index.php?occid=3256800
3256801	NY	03034385	A. Ciegler	416	2.27	42.8	Tennessee	Coffee Co.	35.33472	-86.11011	outside_boundary_exact	Tennessee, Franklin County	Rowland Creek Watershed, Site 5	https://lichenportal.org/portal/collections/individual/index.php?occid=3256801
3514657	NY	02797490	A. Ciegler	1086	2.27	48.72	Tennessee	Franklin Co.	35.36561	-86.04356	outside_boundary_exact	Tennessee, Coffee County	Restricted Road. Site 11-3	https://lichenportal.org/portal/collections/individual/index.php?occid=3514657
3259641	NY	02797367	A. Ciegler	375	2.25	42.67	Tennessee	Coffee Co.	35.33531	-86.11303	outside_boundary_exact	Tennessee, Franklin County	Rowland Creek Watershed. Site 5-7	https://lichenportal.org/portal/collections/individual/index.php?occid=3259641
3259662	NY	02797388	A. Ciegler	404	2.23	42.79	Tennessee	Coffee Co.	35.33494	-86.10928	outside_boundary_exact	Tennessee, Franklin County	60 ft. west of trail. Rowland Creek Watershed. Site 5-16	https://lichenportal.org/portal/collections/individual/index.php?occid=3259662
3259663	NY	02797389	A. Ciegler	405	2.23	42.79	Tennessee	Coffee Co.	35.33494	-86.10928	outside_boundary_exact	Tennessee, Franklin County	Rowland Creek Watershed. Site 5-16	https://lichenportal.org/portal/collections/individual/index.php?occid=3259663
3259664	NY	02797390	A. Ciegler	406	2.23	42.79	Tennessee	Coffee Co.	35.33494	-86.10928	outside_boundary_exact	Tennessee, Franklin County	Rowland Creek Watershed. Site 5-16	https://lichenportal.org/portal/collections/individual/index.php?occid=3259664
3259665	NY	02797391	A. Ciegler	407	2.23	42.79	Tennessee	Coffee Co.	35.33494	-86.10928	outside_boundary_exact	Tennessee, Franklin County	Rowland Creek Watershed. Site 5-17	https://lichenportal.org/portal/collections/individual/index.php?occid=3259665
3256805	NY	03034392	A. Ciegler	351	2.22	42.85	Tennessee	Coffee Co.	35.33475	-86.10778	outside_boundary_exact	Tennessee, Franklin County	Rowland Creek Watershed, Site 5	https://lichenportal.org/portal/collections/individual/index.php?occid=3256805
3256807	NY	03034394	A. Ciegler	350	2.22	42.85	Tennessee	Coffee Co.	35.33475	-86.10778	outside_boundary_exact	Tennessee, Franklin County	Rowland Creek Watershed, Site 5	https://lichenportal.org/portal/collections/individual/index.php?occid=3256807
3256808	NY	03034395	A. Ciegler	349	2.22	42.85	Tennessee	Coffee Co.	35.33475	-86.10778	outside_boundary_exact	Tennessee, Franklin County	Rowland Creek Watershed, Site 5	https://lichenportal.org/portal/collections/individual/index.php?occid=3256808
3256809	NY	03034396	A. Ciegler	347	2.22	42.85	Tennessee	Coffee Co.	35.33475	-86.10778	outside_boundary_exact	Tennessee, Franklin County	Rowland Creek Watershed, Site 5	https://lichenportal.org/portal/collections/individual/index.php?occid=3256809
3259627	NY	02797353	A. Ciegler	364	2.22	42.85	Tennessee	Coffee Co.	35.33475	-86.10778	outside_boundary_exact	Tennessee, Franklin County	Rowland Creek Watershed, north side of trail. Site 5-3	https://lichenportal.org/portal/collections/individual/index.php?occid=3259627
3259628	NY	02797354	A. Ciegler	365	2.17	42.76	Tennessee	Coffee Co.	35.33539	-86.10872	outside_boundary_exact	Tennessee, Franklin County	Rowland Creek Watershed, south side of trail. Site 5-4	https://lichenportal.org/portal/collections/individual/index.php?occid=3259628
3259629	NY	02797355	A. Ciegler	359	2.17	42.78	Tennessee	Coffee Co.	35.33531	-86.10803	outside_boundary_exact	Tennessee, Franklin County	Rowland Creek Watershed, north side of trail. Site 5-5	https://lichenportal.org/portal/collections/individual/index.php?occid=3259629
3259630	NY	02797356	A. Ciegler	367	2.17	42.78	Tennessee	Coffee Co.	35.33531	-86.10803	outside_boundary_exact	Tennessee, Franklin County	Rowland Creek Watershed, north side of trail. Site 5-5	https://lichenportal.org/portal/collections/individual/index.php?occid=3259630
3259631	NY	02797357	A. Ciegler	362	2.17	42.78	Tennessee	Coffee Co.	35.33531	-86.10803	outside_boundary_exact	Tennessee, Franklin County	Rowland Creek Watershed, north side of trail. Site 5-5	https://lichenportal.org/portal/collections/individual/index.php?occid=3259631
3259632	NY	02797358	A. Ciegler	361	2.17	42.78	Tennessee	Coffee Co.	35.33531	-86.10803	outside_boundary_exact	Tennessee, Franklin County	Rowland Creek Watershed, north side of trail. Site 5-5	https://lichenportal.org/portal/collections/individual/index.php?occid=3259632
3259633	NY	02797359	A. Ciegler	360	2.17	42.78	Tennessee	Coffee Co.	35.33531	-86.10803	outside_boundary_exact	Tennessee, Franklin County	Rowland Creek Watershed, north side of trail. Site 5-5	https://lichenportal.org/portal/collections/individual/index.php?occid=3259633
3259634	NY	02797360	A. Ciegler	357	2.17	42.78	Tennessee	Coffee Co.	35.33531	-86.10803	outside_boundary_exact	Tennessee, Franklin County	Rowland Creek Watershed, north side of trail. Site 5-5	https://lichenportal.org/portal/collections/individual/index.php?occid=3259634
3259635	NY	02797361	A. Ciegler	363	2.17	42.78	Tennessee	Coffee Co.	35.33531	-86.10803	outside_boundary_exact	Tennessee, Franklin County	Rowland Creek Watershed, north side of trail. Site 5-5	https://lichenportal.org/portal/collections/individual/index.php?occid=3259635
3259636	NY	02797362	A. Ciegler	372	2.17	42.78	Tennessee	Coffee Co.	35.33531	-86.10803	outside_boundary_exact	Tennessee, Franklin County	Rowland Creek Watershed, north side of trail. Site 5-6	https://lichenportal.org/portal/collections/individual/index.php?occid=3259636
3259637	NY	02797363	A. Ciegler	373	2.17	42.78	Tennessee	Coffee Co.	35.33531	-86.10803	outside_boundary_exact	Tennessee, Franklin County	Rowland Creek Watershed, north side of trail. Site 5-6	https://lichenportal.org/portal/collections/individual/index.php?occid=3259637
3259638	NY	02797364	A. Ciegler	369	2.17	42.78	Tennessee	Coffee Co.	35.33531	-86.10803	outside_boundary_exact	Tennessee, Franklin County	Rowland Creek Watershed, north side of trail. Site 5-6	https://lichenportal.org/portal/collections/individual/index.php?occid=3259638
3259639	NY	02797365	A. Ciegler	371	2.17	42.78	Tennessee	Coffee Co.	35.33531	-86.10803	outside_boundary_exact	Tennessee, Franklin County	Rowland Creek Watershed, north side of trail. Site 5-6	https://lichenportal.org/portal/collections/individual/index.php?occid=3259639
3259640	NY	02797366	A. Ciegler	370	2.17	42.78	Tennessee	Coffee Co.	35.33531	-86.10803	outside_boundary_exact	Tennessee, Franklin County	Rowland Creek Watershed, north side of trail. Site 5-6	https://lichenportal.org/portal/collections/individual/index.php?occid=3259640
3259648	NY	02797374	A. Ciegler	384	2.17	42.78	Tennessee	Coffee Co.	35.33531	-86.10803	outside_boundary_exact	Tennessee, Franklin County	Left side of trail heading north. East of Rowland Creek Watershed. Site 5-10.	https://lichenportal.org/portal/collections/individual/index.php?occid=3259648
3259642	NY	02797368	A. Ciegler	379	2.12	42.67	Tennessee	Coffee Co.	35.336	-86.10981	outside_boundary_exact	Tennessee, Franklin County	Rowland Creek Watershed. 9 South side of trail. Site 5-8	https://lichenportal.org/portal/collections/individual/index.php?occid=3259642
3259643	NY	02797369	A. Ciegler	376	2.12	42.67	Tennessee	Coffee Co.	35.336	-86.10981	outside_boundary_exact	Tennessee, Franklin County	Rowland Creek Watershed. 9 South side of trail. Site 5-8	https://lichenportal.org/portal/collections/individual/index.php?occid=3259643
3259644	NY	02797370	A. Ciegler	380	2.12	42.67	Tennessee	Coffee Co.	35.336	-86.10981	outside_boundary_exact	Tennessee, Franklin County	Rowland Creek Watershed. 9 South side of trail. Site 5-8	https://lichenportal.org/portal/collections/individual/index.php?occid=3259644
3259645	NY	02797371	A. Ciegler	378	2.12	42.67	Tennessee	Coffee Co.	35.336	-86.10981	outside_boundary_exact	Tennessee, Franklin County	Rowland Creek Watershed. 9 South side of trail. Site 5-8	https://lichenportal.org/portal/collections/individual/index.php?occid=3259645
3259646	NY	02797372	A. Ciegler	377	2.12	42.67	Tennessee	Coffee Co.	35.336	-86.10981	outside_boundary_exact	Tennessee, Franklin County	Rowland Creek Watershed. 9 South side of trail. Site 5-8	https://lichenportal.org/portal/collections/individual/index.php?occid=3259646
3259647	NY	02797373	A. Ciegler	381	2.12	42.67	Tennessee	Coffee Co.	35.336	-86.10981	outside_boundary_exact	Tennessee, Franklin County	Rowland Creek Watershed, Site 5-9.	https://lichenportal.org/portal/collections/individual/index.php?occid=3259647
3514658	NY	02797491	A. Ciegler	1121	1.88	48.4	Tennessee	Franklin Co.	35.36189	-86.04267	outside_boundary_exact	Tennessee, Coffee County	Restricted Road. Site 11-14	https://lichenportal.org/portal/collections/individual/index.php?occid=3514658
3515601	NY	02797544	A. Ciegler	547	1.25	40.86	Tennessee	Coffee Co.	35.34792	-86.13622	outside_boundary_exact	Tennessee, Franklin County	Just North of Intersection. Roads J- 5 & 7 on old airbase near Tullahoma. Miscellaneous Sites. Site X-10.	https://lichenportal.org/portal/collections/individual/index.php?occid=3515601
3515751	NY	02797592	A. Ciegler	545	1.25	40.86	Tennessee	Coffee Co.	35.34792	-86.13622	outside_boundary_exact	Tennessee, Franklin County	Just North of Intersection. Roads J- 5 & 7 on old airbase near Tullahoma. Miscellaneous Sites. Site X-10.	https://lichenportal.org/portal/collections/individual/index.php?occid=3515751
879556	NY	1079765	G. T. Johnson	5844	1.21	45.6	Tennessee	Anderson Co.	36.125547	-84.447439	outside_boundary_exact	Tennessee, Morgan County	9 mi NW of Oliver Springs	https://lichenportal.org/portal/collections/individual/index.php?occid=879556
879557	NY	1079766	G. T. Johnson	5852	1.21	45.6	Tennessee	Anderson Co.	36.125547	-84.447439	outside_boundary_exact	Tennessee, Morgan County	9 mi NW of Oliver Springs	https://lichenportal.org/portal/collections/individual/index.php?occid=879557
954071	NY	1397034	G. T. Johnson	NA	1.21	45.6	Tennessee	Anderson Co.	36.125547	-84.447439	outside_boundary_exact	Tennessee, Morgan County	9 mi NW of Oliver Springs	https://lichenportal.org/portal/collections/individual/index.php?occid=954071
954178	NY	1397141	G. T. Johnson	NA	1.21	45.6	Tennessee	Anderson Co.	36.125547	-84.447439	outside_boundary_exact	Tennessee, Morgan County	9 mi NW of Oliver Springs	https://lichenportal.org/portal/collections/individual/index.php?occid=954178
4623354	NY	04260357	G. T. Johnson	NA	1.21	45.6	Tennessee	Anderson Co.	36.125547	-84.447439	outside_boundary_exact	Tennessee, Morgan County	9 mi NW of Oliver Springs	https://lichenportal.org/portal/collections/individual/index.php?occid=4623354
3515725	NY	02797565	A. Ciegler	998	1.17	44.39	Tennessee	Coffee Co.	35.33506	-86.04844	outside_boundary_exact	Tennessee, Franklin County	Brumelow Creek. Site 10-23	https://lichenportal.org/portal/collections/individual/index.php?occid=3515725
961665	NY	1411105	A. J. Sharp	128	1.14	51.1	Tennessee	Davidson Co.	36.015618	-86.581939	outside_boundary_exact	Tennessee, Rutherford County	La Vergne, near Nashville	https://lichenportal.org/portal/collections/individual/index.php?occid=961665
954674	NY	1398539	W. R. Buck	34760	0.93	35.69	Tennessee	Polk Co.	34.98	-84.57	outside_boundary_exact	Georgia, Fannin County	Cherokee National Forest, Cohutta Wilderness Area, Chesnut Mountain Trail off Forest Service Rd. 62, just N of Georgia border	https://lichenportal.org/portal/collections/individual/index.php?occid=954674
971059	NY	1516804	W. R. Buck	34779	0.93	35.69	Tennessee	Polk Co.	34.98	-84.57	outside_boundary_exact	Georgia, Fannin County	Cherokee National Forest, Cohutta Wilderness Area, Chesnut Mountain Trail off Forest Service Rd. 62, just N of Georgia border	https://lichenportal.org/portal/collections/individual/index.php?occid=971059
1006060	NY	1518029	R. C. Harris	42475	0.93	35.69	Tennessee	Polk Co.	34.98	-84.57	outside_boundary_exact	Georgia, Fannin County	Cherokee National Forest, Cohutta Wilderness Area, Chesnut Mountain Trail off Forest Service Rd. 62, just N of Georgia border	https://lichenportal.org/portal/collections/individual/index.php?occid=1006060
1006061	NY	1518030	W. R. Buck	34789	0.93	35.69	Tennessee	Polk Co.	34.98	-84.57	outside_boundary_exact	Georgia, Fannin County	Cherokee National Forest, Cohutta Wilderness Area, Chesnut Mountain Trail off Forest Service Rd. 62, just N of Georgia border	https://lichenportal.org/portal/collections/individual/index.php?occid=1006061
1006194	NY	1518164	W. R. Buck	34766	0.93	35.69	Tennessee	Polk Co.	34.98	-84.57	outside_boundary_exact	Georgia, Fannin County	Cherokee National Forest, Cohutta Wilderness Area, Chesnut Mountain Trail off Forest Service Rd. 62, just N of Georgia border	https://lichenportal.org/portal/collections/individual/index.php?occid=1006194
1008636	NY	1519284	W. R. Buck	34772	0.93	35.69	Tennessee	Polk Co.	34.98	-84.57	outside_boundary_exact	Georgia, Fannin County	Cherokee National Forest, Cohutta Wilderness Area, Chesnut Mountain Trail off Forest Service Rd. 62, just N of Georgia border	https://lichenportal.org/portal/collections/individual/index.php?occid=1008636
3244071	NY	2688108	E. Lay	98-0479	0.93	35.69	Tennessee	Polk Co.	34.98	-84.57	outside_boundary_exact	Georgia, Fannin County	Cherokee National Forest, Cohutta Wilderness Area, Chesnut Mountain Trail off Forest Service Rd. 62, just N of Georgia border	https://lichenportal.org/portal/collections/individual/index.php?occid=3244071
3513819	NY	1708496	R. C. Harris	42441	0.93	35.69	Tennessee	Polk Co.	34.98	-84.57	outside_boundary_exact	Georgia, Fannin County	Cherokee National Forest, Cohutta Wilderness Area, Chesnut Mountain Trail off Forest Service Rd. 62, just N of Georgia border	https://lichenportal.org/portal/collections/individual/index.php?occid=3513819
4631214	NY	4665091	R. C. Harris	42460	0.93	35.69	Tennessee	Polk Co.	34.98	-84.57	outside_boundary_exact	Georgia, Fannin County	Cherokee National Forest, Cohutta Wilderness Area, Chesnut Mountain Trail off Forest Service Rd. 62, just N of Georgia border	https://lichenportal.org/portal/collections/individual/index.php?occid=4631214
4631215	NY	4665092	R. C. Harris	42440	0.93	35.69	Tennessee	Polk Co.	34.98	-84.57	outside_boundary_exact	Georgia, Fannin County	Cherokee National Forest, Cohutta Wilderness Area, Chesnut Mountain Trail off Forest Service Rd. 62, just N of Georgia border	https://lichenportal.org/portal/collections/individual/index.php?occid=4631215
3256816	NY	03034404	A. Ciegler	446	0.91	42.03	Tennessee	Coffee Co.	35.34486	-86.09578	outside_boundary_exact	Tennessee, Franklin County	Rowland Creek Watershed, Site 5	https://lichenportal.org/portal/collections/individual/index.php?occid=3256816
3513244	NY	02797551	A. Ciegler	448	0.91	42.03	Tennessee	Coffee Co.	35.34486	-86.09578	outside_boundary_exact	Tennessee, Franklin County	Rowland Creek Watershed. Site 5-45	https://lichenportal.org/portal/collections/individual/index.php?occid=3513244
3235596	NY	2712234	H. N. Mozingo	s.n.	0.9	44.27	Tennessee	Meigs Co.	35.662745	-84.790222	outside_boundary_exact	Tennessee, Rhea County	10.2 mi N of Decatur	https://lichenportal.org/portal/collections/individual/index.php?occid=3235596
3241155	NY	1220211	E. A. Tripp	1356	0.85	44.98	Tennessee	Blount Co.	35.512053	-83.873789	outside_boundary_exact	North Carolina, Swain County	Great Smoky Mountains National Park, Wolf Ridge Trail, N of Parsons Bald but S of jct with Gregory Bald Trail	https://lichenportal.org/portal/collections/individual/index.php?occid=3241155
3241208	NY	1220219	E. A. Tripp	1348	0.85	44.98	Tennessee	Blount Co.	35.512053	-83.873789	outside_boundary_exact	North Carolina, Swain County	Great Smoky Mountains National Park, Wolf Ridge Trail, N of Parsons Bald but S of jct with Gregory Bald Trail	https://lichenportal.org/portal/collections/individual/index.php?occid=3241208
3241466	NY	1220210	E. A. Tripp	1357	0.85	44.98	Tennessee	Blount Co.	35.512053	-83.873789	outside_boundary_exact	North Carolina, Swain County	Great Smoky Mountains National Park, Wolf Ridge Trail, N of Parsons Bald but S of jct with Gregory Bald Trail	https://lichenportal.org/portal/collections/individual/index.php?occid=3241466
3241568	NY	1220213	E. A. Tripp	1354	0.85	44.98	Tennessee	Blount Co.	35.512053	-83.873789	outside_boundary_exact	North Carolina, Swain County	Great Smoky Mountains National Park, Wolf Ridge Trail, N of Parsons Bald but S of jct with Gregory Bald Trail	https://lichenportal.org/portal/collections/individual/index.php?occid=3241568
3241875	NY	1220194	E. A. Tripp	1373	0.85	44.98	Tennessee	Blount Co.	35.512053	-83.873789	outside_boundary_exact	North Carolina, Swain County	Great Smoky Mountains National Park, Wolf Ridge Trail, N of Parsons Bald but S of jct with Gregory Bald Trail	https://lichenportal.org/portal/collections/individual/index.php?occid=3241875
3242020	NY	1220192	E. A. Tripp	1375	0.85	44.98	Tennessee	Blount Co.	35.512053	-83.873789	outside_boundary_exact	North Carolina, Swain County	Great Smoky Mountains National Park, Wolf Ridge Trail, N of Parsons Bald but S of jct with Gregory Bald Trail	https://lichenportal.org/portal/collections/individual/index.php?occid=3242020
3242044	NY	1220191	E. A. Tripp	1376	0.85	44.98	Tennessee	Blount Co.	35.512053	-83.873789	outside_boundary_exact	North Carolina, Swain County	Great Smoky Mountains National Park, Wolf Ridge Trail, N of Parsons Bald but S of jct with Gregory Bald Trail	https://lichenportal.org/portal/collections/individual/index.php?occid=3242044
3242045	NY	1220190	E. A. Tripp	1377	0.85	44.98	Tennessee	Blount Co.	35.512053	-83.873789	outside_boundary_exact	North Carolina, Swain County	Great Smoky Mountains National Park, Wolf Ridge Trail, N of Parsons Bald but S of jct with Gregory Bald Trail	https://lichenportal.org/portal/collections/individual/index.php?occid=3242045
3242499	NY	1220207	E. A. Tripp	1360	0.85	44.98	Tennessee	Blount Co.	35.512053	-83.873789	outside_boundary_exact	North Carolina, Swain County	Great Smoky Mountains National Park, Wolf Ridge Trail, N of Parsons Bald but S of jct with Gregory Bald Trail	https://lichenportal.org/portal/collections/individual/index.php?occid=3242499
3242553	NY	1220220	E. A. Tripp	1347	0.85	44.98	Tennessee	Blount Co.	35.512053	-83.873789	outside_boundary_exact	North Carolina, Swain County	Great Smoky Mountains National Park, Wolf Ridge Trail, N of Parsons Bald but S of jct with Gregory Bald Trail	https://lichenportal.org/portal/collections/individual/index.php?occid=3242553
3242991	NY	1220215	E. A. Tripp	1352	0.85	44.98	Tennessee	Blount Co.	35.512053	-83.873789	outside_boundary_exact	North Carolina, Swain County	Great Smoky Mountains National Park, Wolf Ridge Trail, N of Parsons Bald but S of jct with Gregory Bald Trail	https://lichenportal.org/portal/collections/individual/index.php?occid=3242991
3242992	NY	1220214	E. A. Tripp	1353	0.85	44.98	Tennessee	Blount Co.	35.512053	-83.873789	outside_boundary_exact	North Carolina, Swain County	Great Smoky Mountains National Park, Wolf Ridge Trail, N of Parsons Bald but S of jct with Gregory Bald Trail	https://lichenportal.org/portal/collections/individual/index.php?occid=3242992
3243041	NY	1220221	E. A. Tripp	1346	0.85	44.98	Tennessee	Blount Co.	35.512053	-83.873789	outside_boundary_exact	North Carolina, Swain County	Great Smoky Mountains National Park, Wolf Ridge Trail, N of Parsons Bald but S of jct with Gregory Bald Trail	https://lichenportal.org/portal/collections/individual/index.php?occid=3243041
3243136	NY	1220209	E. A. Tripp	1358	0.85	44.98	Tennessee	Blount Co.	35.512053	-83.873789	outside_boundary_exact	North Carolina, Swain County	Great Smoky Mountains National Park, Wolf Ridge Trail, N of Parsons Bald but S of jct with Gregory Bald Trail	https://lichenportal.org/portal/collections/individual/index.php?occid=3243136
3243171	NY	1220208	E. A. Tripp	1359	0.85	44.98	Tennessee	Blount Co.	35.512053	-83.873789	outside_boundary_exact	North Carolina, Swain County	Great Smoky Mountains National Park, Wolf Ridge Trail, N of Parsons Bald but S of jct with Gregory Bald Trail	https://lichenportal.org/portal/collections/individual/index.php?occid=3243171
3243185	NY	1220196	E. A. Tripp	1371	0.85	44.98	Tennessee	Blount Co.	35.512053	-83.873789	outside_boundary_exact	North Carolina, Swain County	Great Smoky Mountains National Park, Wolf Ridge Trail, N of Parsons Bald but S of jct with Gregory Bald Trail	https://lichenportal.org/portal/collections/individual/index.php?occid=3243185
3243186	NY	1220195	E. A. Tripp	1372	0.85	44.98	Tennessee	Blount Co.	35.512053	-83.873789	outside_boundary_exact	North Carolina, Swain County	Great Smoky Mountains National Park, Wolf Ridge Trail, N of Parsons Bald but S of jct with Gregory Bald Trail	https://lichenportal.org/portal/collections/individual/index.php?occid=3243186
3243300	NY	1220222	E. A. Tripp	1345	0.85	44.98	Tennessee	Blount Co.	35.512053	-83.873789	outside_boundary_exact	North Carolina, Swain County	Great Smoky Mountains National Park, Wolf Ridge Trail, N of Parsons Bald but S of jct with Gregory Bald Trail	https://lichenportal.org/portal/collections/individual/index.php?occid=3243300
3243363	NY	1220217	E. A. Tripp	1350	0.85	44.98	Tennessee	Blount Co.	35.512053	-83.873789	outside_boundary_exact	North Carolina, Swain County	Great Smoky Mountains National Park, Wolf Ridge Trail, N of Parsons Bald but S of jct with Gregory Bald Trail	https://lichenportal.org/portal/collections/individual/index.php?occid=3243363
3243403	NY	1220216	E. A. Tripp	1351	0.85	44.98	Tennessee	Blount Co.	35.512053	-83.873789	outside_boundary_exact	North Carolina, Swain County	Great Smoky Mountains National Park, Wolf Ridge Trail, N of Parsons Bald but S of jct with Gregory Bald Trail	https://lichenportal.org/portal/collections/individual/index.php?occid=3243403
3243511	NY	1220212	E. A. Tripp	1355	0.85	44.98	Tennessee	Blount Co.	35.512053	-83.873789	outside_boundary_exact	North Carolina, Swain County	Great Smoky Mountains National Park, Wolf Ridge Trail, N of Parsons Bald but S of jct with Gregory Bald Trail	https://lichenportal.org/portal/collections/individual/index.php?occid=3243511
3243956	NY	1220200	E. A. Tripp	1367	0.85	44.98	Tennessee	Blount Co.	35.512053	-83.873789	outside_boundary_exact	North Carolina, Swain County	Great Smoky Mountains National Park, Wolf Ridge Trail, N of Parsons Bald but S of jct with Gregory Bald Trail	https://lichenportal.org/portal/collections/individual/index.php?occid=3243956
3243957	NY	1220198	E. A. Tripp	1369	0.85	44.98	Tennessee	Blount Co.	35.512053	-83.873789	outside_boundary_exact	North Carolina, Swain County	Great Smoky Mountains National Park, Wolf Ridge Trail, N of Parsons Bald but S of jct with Gregory Bald Trail	https://lichenportal.org/portal/collections/individual/index.php?occid=3243957
3243958	NY	1220199	E. A. Tripp	1368	0.85	44.98	Tennessee	Blount Co.	35.512053	-83.873789	outside_boundary_exact	North Carolina, Swain County	Great Smoky Mountains National Park, Wolf Ridge Trail, N of Parsons Bald but S of jct with Gregory Bald Trail	https://lichenportal.org/portal/collections/individual/index.php?occid=3243958
3244205	NY	1220206	E. A. Tripp	1361	0.85	44.98	Tennessee	Blount Co.	35.512053	-83.873789	outside_boundary_exact	North Carolina, Swain County	Great Smoky Mountains National Park, Wolf Ridge Trail, N of Parsons Bald but S of jct with Gregory Bald Trail	https://lichenportal.org/portal/collections/individual/index.php?occid=3244205
3244221	NY	1220205	E. A. Tripp	1362	0.85	44.98	Tennessee	Blount Co.	35.512053	-83.873789	outside_boundary_exact	North Carolina, Swain County	Great Smoky Mountains National Park, Wolf Ridge Trail, N of Parsons Bald but S of jct with Gregory Bald Trail	https://lichenportal.org/portal/collections/individual/index.php?occid=3244221
3244264	NY	1220204	E. A. Tripp	1363	0.85	44.98	Tennessee	Blount Co.	35.512053	-83.873789	outside_boundary_exact	North Carolina, Swain County	Great Smoky Mountains National Park, Wolf Ridge Trail, N of Parsons Bald but S of jct with Gregory Bald Trail	https://lichenportal.org/portal/collections/individual/index.php?occid=3244264
3244265	NY	1220202	E. A. Tripp	1365	0.85	44.98	Tennessee	Blount Co.	35.512053	-83.873789	outside_boundary_exact	North Carolina, Swain County	Great Smoky Mountains National Park, Wolf Ridge Trail, N of Parsons Bald but S of jct with Gregory Bald Trail	https://lichenportal.org/portal/collections/individual/index.php?occid=3244265
3244266	NY	1220203	E. A. Tripp	1364	0.85	44.98	Tennessee	Blount Co.	35.512053	-83.873789	outside_boundary_exact	North Carolina, Swain County	Great Smoky Mountains National Park, Wolf Ridge Trail, N of Parsons Bald but S of jct with Gregory Bald Trail	https://lichenportal.org/portal/collections/individual/index.php?occid=3244266
3244632	NY	1220201	E. A. Tripp	1366	0.85	44.98	Tennessee	Blount Co.	35.512053	-83.873789	outside_boundary_exact	North Carolina, Swain County	Great Smoky Mountains National Park, Wolf Ridge Trail, N of Parsons Bald but S of jct with Gregory Bald Trail	https://lichenportal.org/portal/collections/individual/index.php?occid=3244632
3244701	NY	1220197	E. A. Tripp	1370	0.85	44.98	Tennessee	Blount Co.	35.512053	-83.873789	outside_boundary_exact	North Carolina, Swain County	Great Smoky Mountains National Park, Wolf Ridge Trail, N of Parsons Bald but S of jct with Gregory Bald Trail	https://lichenportal.org/portal/collections/individual/index.php?occid=3244701
3245625	NY	1220218	E. A. Tripp	1349	0.85	44.98	Tennessee	Blount Co.	35.512053	-83.873789	outside_boundary_exact	North Carolina, Swain County	Great Smoky Mountains National Park, Wolf Ridge Trail, N of Parsons Bald but S of jct with Gregory Bald Trail	https://lichenportal.org/portal/collections/individual/index.php?occid=3245625
958431	NY	1359138	C. F. Reed	46019	0.52	32.85	Tennessee	Claiborne Co.	36.6053	-83.6664	outside_boundary_exact	Virginia, Lee County	Cumberland Gap, Pinnacle Rock	https://lichenportal.org/portal/collections/individual/index.php?occid=958431
959136	NY	1359852	C. F. Reed	46018	0.52	32.85	Tennessee	Claiborne Co.	36.6053	-83.6664	outside_boundary_exact	Virginia, Lee County	Cumberland Gap, Pinnacle Rock	https://lichenportal.org/portal/collections/individual/index.php?occid=959136
1108734	NY	1572310	C. F. Reed	46014	0.52	32.85	Tennessee	Claiborne Co.	36.6053	-83.6664	outside_boundary_exact	Virginia, Lee County	Cumberland Gap, Pinnacle Rock	https://lichenportal.org/portal/collections/individual/index.php?occid=1108734
3256814	NY	03034402	A. Ciegler	458	0.5	41.14	Tennessee	Coffee Co.	35.35042	-86.10781	outside_boundary_exact	Tennessee, Franklin County	Rowland Creek Watershed, Site 5	https://lichenportal.org/portal/collections/individual/index.php?occid=3256814
3256811	NY	03034399	A. Ciegler	440	0.46	41.11	Tennessee	Coffee Co.	35.35081	-86.10761	outside_boundary_exact	Tennessee, Franklin County	Rowland Creek Watershed, Site 5	https://lichenportal.org/portal/collections/individual/index.php?occid=3256811
3256813	NY	03034401	A. Ciegler	441	0.46	41.11	Tennessee	Coffee Co.	35.35081	-86.10761	outside_boundary_exact	Tennessee, Franklin County	Rowland Creek Watershed, Site 5	https://lichenportal.org/portal/collections/individual/index.php?occid=3256813
3513454	NY	02797550	A. Ciegler	457	0.46	41.11	Tennessee	Coffee Co.	35.35081	-86.10761	outside_boundary_exact	Tennessee, Franklin County	Rowland Creek Watershed. Site 5-35	https://lichenportal.org/portal/collections/individual/index.php?occid=3513454
3253349	NY	03034398	A. Ciegler	439	0.43	41.1	Tennessee	Coffee Co.	35.35094	-86.10719	outside_boundary_exact	Tennessee, Franklin County	Rowland Creek Watershed, Site 5	https://lichenportal.org/portal/collections/individual/index.php?occid=3253349
3256810	NY	03034397	A. Ciegler	438	0.42	41.12	Tennessee	Coffee Co.	35.35097	-86.10628	outside_boundary_exact	Tennessee, Franklin County	Rowland Creek Watershed, Site 5	https://lichenportal.org/portal/collections/individual/index.php?occid=3256810
3256803	NY	03034390	A. Ciegler	434	0.4	41.08	Tennessee	Coffee Co.	35.35117	-86.10692	outside_boundary_exact	Tennessee, Franklin County	Rowland Creek Watershed, Site 5	https://lichenportal.org/portal/collections/individual/index.php?occid=3256803
3256804	NY	03034391	A. Ciegler	435	0.4	41.08	Tennessee	Coffee Co.	35.35117	-86.10692	outside_boundary_exact	Tennessee, Franklin County	Rowland Creek Watershed, Site 5	https://lichenportal.org/portal/collections/individual/index.php?occid=3256804
3256815	NY	03034403	A. Ciegler	444	0.4	41.12	Tennessee	Coffee Co.	35.35108	-86.10583	outside_boundary_exact	Tennessee, Franklin County	Rowland Creek Watershed, Site 5	https://lichenportal.org/portal/collections/individual/index.php?occid=3256815
3515736	NY	02797577	A. Ciegler	460	0.4	41.08	Tennessee	Coffee Co.	35.35117	-86.10692	outside_boundary_exact	Tennessee, Franklin County	Rowland Creek Watershed. Site 5-30	https://lichenportal.org/portal/collections/individual/index.php?occid=3515736
3515771	NY	02797602	A. Ciegler	450	0.4	41.12	Tennessee	Coffee Co.	35.35108	-86.10583	outside_boundary_exact	Tennessee, Franklin County	Rowland Creek Watershed; Site 5-39	https://lichenportal.org/portal/collections/individual/index.php?occid=3515771
3515772	NY	02797603	A. Ciegler	451	0.4	41.12	Tennessee	Coffee Co.	35.35108	-86.10583	outside_boundary_exact	Tennessee, Franklin County	Rowland Creek Watershed; Site 5-39	https://lichenportal.org/portal/collections/individual/index.php?occid=3515772
3241822	NY	1685365	E. A. Tripp	2367	0.29	48.84	Tennessee	Sevier Co.	35.7492	-83.2769	outside_boundary_exact	Tennessee, Cocke County	Great Smoky Mountains National Park, Maddron Bald Trail to Albright Grove	https://lichenportal.org/portal/collections/individual/index.php?occid=3241822
3242115	NY	1685364	E. A. Tripp	2370	0.29	48.84	Tennessee	Sevier Co.	35.7492	-83.2769	outside_boundary_exact	Tennessee, Cocke County	Great Smoky Mountains National Park, Maddron Bald Trail to Albright Grove	https://lichenportal.org/portal/collections/individual/index.php?occid=3242115
3242487	NY	1685367	E. A. Tripp	2368	0.29	48.84	Tennessee	Sevier Co.	35.7492	-83.2769	outside_boundary_exact	Tennessee, Cocke County	Great Smoky Mountains National Park, Maddron Bald Trail to Albright Grove	https://lichenportal.org/portal/collections/individual/index.php?occid=3242487
3253324	NY	1685366	E. A. Tripp	2369	0.29	48.84	Tennessee	Sevier Co.	35.7492	-83.2769	outside_boundary_exact	Tennessee, Cocke County	Great Smoky Mountains National Park, Maddron Bald Trail to Albright Grove	https://lichenportal.org/portal/collections/individual/index.php?occid=3253324
3241411	NY	02057297	E. A. Tripp | J. C. Lendemer	3949	0.27	47.05	Tennessee	Cocke Co.	35.76236	-83.1575	outside_boundary_exact	North Carolina, Haywood County	Great Smoky Mountains National Park, Appalachian Trail, 0-1.5 miles E of intersection of Appalachian Trail with spur trail to Mt. Cammerer summit, along the A.T..	https://lichenportal.org/portal/collections/individual/index.php?occid=3241411
3241478	NY	02057293	E. A. Tripp | J. C. Lendemer	3943	0.27	47.05	Tennessee	Cocke Co.	35.76236	-83.1575	outside_boundary_exact	North Carolina, Haywood County	Great Smoky Mountains National Park, Appalachian Trail, 0-1.5 miles E of intersection of Appalachian Trail with spur trail to Mt. Cammerer summit, along the A.T..	https://lichenportal.org/portal/collections/individual/index.php?occid=3241478
3241676	NY	02057294	E. A. Tripp | J. C. Lendemer	3937	0.27	47.05	Tennessee	Cocke Co.	35.76236	-83.1575	outside_boundary_exact	North Carolina, Haywood County	Great Smoky Mountains National Park, Appalachian Trail, 0-1.5 miles E of intersection of Appalachian Trail with spur trail to Mt. Cammerer summit, along the A.T..	https://lichenportal.org/portal/collections/individual/index.php?occid=3241676
3241780	NY	1887258	E. A. Tripp | J. C. Lendemer	3952	0.27	47.05	Tennessee	Cocke Co.	35.76236	-83.1575	outside_boundary_exact	North Carolina, Haywood County	Great Smoky Mountains National Park, Appalachian Trail, 0-1.5 miles E of intersection of Appalachian Trail with spur trail to Mt. Cammerer summit, along the A.T..	https://lichenportal.org/portal/collections/individual/index.php?occid=3241780
3242722	NY	02057295	E. A. Tripp | J. C. Lendemer	3950	0.27	47.05	Tennessee	Cocke Co.	35.76236	-83.1575	outside_boundary_exact	North Carolina, Haywood County	Great Smoky Mountains National Park, Appalachian Trail, 0-1.5 miles E of intersection of Appalachian Trail with spur trail to Mt. Cammerer summit, along the A.T..	https://lichenportal.org/portal/collections/individual/index.php?occid=3242722
3243001	NY	02057292	E. A. Tripp | J. C. Lendemer	3947	0.27	47.05	Tennessee	Cocke Co.	35.76236	-83.1575	outside_boundary_exact	North Carolina, Haywood County	Great Smoky Mountains National Park, Appalachian Trail, 0-1.5 miles E of intersection of Appalachian Trail with spur trail to Mt. Cammerer summit, along the A.T..	https://lichenportal.org/portal/collections/individual/index.php?occid=3243001
3243029	NY	1887259	E. A. Tripp | J. C. Lendemer	3944a	0.27	47.05	Tennessee	Cocke Co.	35.76236	-83.1575	outside_boundary_exact	North Carolina, Haywood County	Great Smoky Mountains National Park, Appalachian Trail, 0-1.5 miles E of intersection of Appalachian Trail with spur trail to Mt. Cammerer summit, along the A.T..	https://lichenportal.org/portal/collections/individual/index.php?occid=3243029
3243062	NY	02057298	E. A. Tripp | J. C. Lendemer	3940	0.27	47.05	Tennessee	Cocke Co.	35.76236	-83.1575	outside_boundary_exact	North Carolina, Haywood County	Great Smoky Mountains National Park, Appalachian Trail, 0-1.5 miles E of intersection of Appalachian Trail with spur trail to Mt. Cammerer summit, along the A.T..	https://lichenportal.org/portal/collections/individual/index.php?occid=3243062
3243085	NY	2050350	E. A. Tripp	3945	0.27	47.05	Tennessee	Cocke Co.	35.76236	-83.1575	outside_boundary_exact	North Carolina, Haywood County	Great Smoky Mountains National Park, Appalachian Trail, 0-1.5 miles E of intersection of Appalachian Trail with spur trail to Mt. Cammerer summit, along the A.T..	https://lichenportal.org/portal/collections/individual/index.php?occid=3243085
3244319	NY	02057335	E. A. Tripp | J. C. Lendemer	3942	0.27	47.05	Tennessee	Cocke Co.	35.76236	-83.1575	outside_boundary_exact	North Carolina, Haywood County	Great Smoky Mountains National Park, Appalachian Trail, on spur trail to Mt. Cammerer summit, near summit proper	https://lichenportal.org/portal/collections/individual/index.php?occid=3244319
3244755	NY	1887257	E. A. Tripp | J. C. Lendemer	3948	0.27	47.05	Tennessee	Cocke Co.	35.76236	-83.1575	outside_boundary_exact	North Carolina, Haywood County	Great Smoky Mountains National Park, Appalachian Trail, 0-1.5 miles E of intersection of Appalachian Trail with spur trail to Mt. Cammerer summit, along the A.T..	https://lichenportal.org/portal/collections/individual/index.php?occid=3244755
3244757	NY	1887260	E. A. Tripp | J. C. Lendemer	3941	0.27	47.05	Tennessee	Cocke Co.	35.76236	-83.1575	outside_boundary_exact	North Carolina, Haywood County	Great Smoky Mountains National Park, Appalachian Trail, 0-1.5 miles E of intersection of Appalachian Trail with spur trail to Mt. Cammerer summit, along the A.T..	https://lichenportal.org/portal/collections/individual/index.php?occid=3244757
3247561	NY	02057300	E. A. Tripp | J. C. Lendemer	3938	0.27	47.05	Tennessee	Cocke Co.	35.76236	-83.1575	outside_boundary_exact	North Carolina, Haywood County	Great Smoky Mountains National Park, Appalachian Trail, 0-1.5 miles E of intersection of Appalachian Trail with spur trail to Mt. Cammerer summit, along the A.T..	https://lichenportal.org/portal/collections/individual/index.php?occid=3247561
3248567	NY	02057296	E. A. Tripp | J. C. Lendemer	3946	0.27	47.05	Tennessee	Cocke Co.	35.76236	-83.1575	outside_boundary_exact	North Carolina, Haywood County	Great Smoky Mountains National Park, Appalachian Trail, 0-1.5 miles E of intersection of Appalachian Trail with spur trail to Mt. Cammerer summit, along the A.T..	https://lichenportal.org/portal/collections/individual/index.php?occid=3248567
3242323	NY	1225694	J. Hollinger	2809	0.18	50.32	Tennessee	Cocke Co.	35.7331	-83.1819	outside_boundary_exact	North Carolina, Haywood County	Great Smoky Mountains National Park, Appalachian Trail south of Low Gap	https://lichenportal.org/portal/collections/individual/index.php?occid=3242323
3243188	NY	2202818	E. A. Tripp	3903	0.14	46.88	Tennessee	Cocke Co.	35.7642	-83.1447	outside_boundary_exact	North Carolina, Haywood County	Great Smoky Mountains National Park, Appalachian Trail, 0-2 miles W of intersection with Chestnut Branch Trail, E of junction with Mt. Cammerer spur trail	https://lichenportal.org/portal/collections/individual/index.php?occid=3243188
3241108	NY	02057328	E. A. Tripp | J. C. Lendemer	3919	0.13	46.86	Tennessee	Cocke Co.	35.76436	-83.14492	outside_boundary_exact	North Carolina, Haywood County	Great Smoky Mountains National Park, Appalachian Trail, 0-2 mi W of intersection with Chestnut Branch Trail, E of junction with Mt. Cammerer spur trail	https://lichenportal.org/portal/collections/individual/index.php?occid=3241108
3241359	NY	02057332	E. A. Tripp	3901b	0.13	46.86	Tennessee	Cocke Co.	35.76436	-83.14492	outside_boundary_exact	North Carolina, Haywood County	Great Smoky Mountains National Park, Appalachian Trail, 0-2 mi W of intersection with Chestnut Branch Trail, E of junction with Mt. Cammerer spur trail	https://lichenportal.org/portal/collections/individual/index.php?occid=3241359
3241469	NY	1886958	E. A. Tripp | J. C. Lendemer	3922	0.13	46.86	Tennessee	Cocke Co.	35.76436	-83.14492	outside_boundary_exact	North Carolina, Haywood County	Great Smoky Mountains National Park, Appalachian Trail, 0-2 mi W of intersection with Chestnut Branch Trail, E of junction with Mt. Cammerer spur trail	https://lichenportal.org/portal/collections/individual/index.php?occid=3241469
3241738	NY	1887271	E. A. Tripp	3902	0.13	46.86	Tennessee	Cocke Co.	35.76436	-83.14492	outside_boundary_exact	North Carolina, Haywood County	Great Smoky Mountains National Park, Appalachian Trail, 0-2 mi W of intersection with Chestnut Branch Trail, E of junction with Mt. Cammerer spur trail	https://lichenportal.org/portal/collections/individual/index.php?occid=3241738
3242226	NY	1886963	E. A. Tripp | J. C. Lendemer	3929	0.13	46.86	Tennessee	Cocke Co.	35.76436	-83.14492	outside_boundary_exact	North Carolina, Haywood County	Great Smoky Mountains National Park, Appalachian Trail, 0-2 mi W of intersection with Chestnut Branch Trail, E of junction with Mt. Cammerer spur trail	https://lichenportal.org/portal/collections/individual/index.php?occid=3242226
3242330	NY	1886962	E. A. Tripp | J. C. Lendemer	3911	0.13	46.86	Tennessee	Cocke Co.	35.76436	-83.14492	outside_boundary_exact	North Carolina, Haywood County	Great Smoky Mountains National Park, Appalachian Trail, 0-2 mi W of intersection with Chestnut Branch Trail, E of junction with Mt. Cammerer spur trail	https://lichenportal.org/portal/collections/individual/index.php?occid=3242330
3242494	NY	02057331	E. A. Tripp | J. C. Lendemer	3935	0.13	46.86	Tennessee	Cocke Co.	35.76436	-83.14492	outside_boundary_exact	North Carolina, Haywood County	Great Smoky Mountains National Park, Appalachian Trail, 0-2 mi W of intersection with Chestnut Branch Trail, E of junction with Mt. Cammerer spur trail	https://lichenportal.org/portal/collections/individual/index.php?occid=3242494
3242881	NY	1887264	E. A. Tripp	3904	0.13	46.86	Tennessee	Cocke Co.	35.76436	-83.14492	outside_boundary_exact	North Carolina, Haywood County	Great Smoky Mountains National Park, Appalachian Trail, 0-2 mi W of intersection with Chestnut Branch Trail, E of junction with Mt. Cammerer spur trail	https://lichenportal.org/portal/collections/individual/index.php?occid=3242881
3242969	NY	1887272	E. A. Tripp | J. C. Lendemer	3928	0.13	46.86	Tennessee	Cocke Co.	35.76436	-83.14492	outside_boundary_exact	North Carolina, Haywood County	Great Smoky Mountains National Park, Appalachian Trail, 0-2 mi W of intersection with Chestnut Branch Trail, E of junction with Mt. Cammerer spur trail	https://lichenportal.org/portal/collections/individual/index.php?occid=3242969
3243078	NY	1887270	E. A. Tripp | J. C. Lendemer	3934	0.13	46.86	Tennessee	Cocke Co.	35.76436	-83.14492	outside_boundary_exact	North Carolina, Haywood County	Great Smoky Mountains National Park, Appalachian Trail, 0-2 mi W of intersection with Chestnut Branch Trail, E of junction with Mt. Cammerer spur trail	https://lichenportal.org/portal/collections/individual/index.php?occid=3243078
3243107	NY	02057321	E. A. Tripp | J. C. Lendemer	3932	0.13	46.86	Tennessee	Cocke Co.	35.76436	-83.14492	outside_boundary_exact	North Carolina, Haywood County	Great Smoky Mountains National Park, Appalachian Trail, 0-2 mi W of intersection with Chestnut Branch Trail, E of junction with Mt. Cammerer spur trail	https://lichenportal.org/portal/collections/individual/index.php?occid=3243107
3243108	NY	02057323	E. A. Tripp | J. C. Lendemer	3926	0.13	46.86	Tennessee	Cocke Co.	35.76436	-83.14492	outside_boundary_exact	North Carolina, Haywood County	Great Smoky Mountains National Park, Appalachian Trail, 0-2 mi W of intersection with Chestnut Branch Trail, E of junction with Mt. Cammerer spur trail	https://lichenportal.org/portal/collections/individual/index.php?occid=3243108
3243189	NY	1887267	E. A. Tripp	3903	0.13	46.86	Tennessee	Cocke Co.	35.76436	-83.14492	outside_boundary_exact	North Carolina, Haywood County	Great Smoky Mountains National Park, Appalachian Trail, 0-2 mi W of intersection with Chestnut Branch Trail, E of junction with Mt. Cammerer spur trail	https://lichenportal.org/portal/collections/individual/index.php?occid=3243189
3243210	NY	1887250	E. A. Tripp | J. C. Lendemer	3931	0.13	46.86	Tennessee	Cocke Co.	35.76436	-83.14492	outside_boundary_exact	North Carolina, Haywood County	Great Smoky Mountains National Park, Appalachian Trail, 0-2 mi W of intersection with Chestnut Branch Trail, E of junction with Mt. Cammerer spur trail	https://lichenportal.org/portal/collections/individual/index.php?occid=3243210
3243213	NY	02057322	E. A. Tripp | J. C. Lendemer	3932	0.13	46.86	Tennessee	Cocke Co.	35.76436	-83.14492	outside_boundary_exact	North Carolina, Haywood County	Great Smoky Mountains National Park, Appalachian Trail, 0-2 mi W of intersection with Chestnut Branch Trail, E of junction with Mt. Cammerer spur trail	https://lichenportal.org/portal/collections/individual/index.php?occid=3243213
3243284	NY	02057325	E. A. Tripp | J. C. Lendemer	3923	0.13	46.86	Tennessee	Cocke Co.	35.76436	-83.14492	outside_boundary_exact	North Carolina, Haywood County	Great Smoky Mountains National Park, Appalachian Trail, 0-2 mi W of intersection with Chestnut Branch Trail, E of junction with Mt. Cammerer spur trail	https://lichenportal.org/portal/collections/individual/index.php?occid=3243284
3243659	NY	1887273	E. A. Tripp | J. C. Lendemer	3925	0.13	46.86	Tennessee	Cocke Co.	35.76436	-83.14492	outside_boundary_exact	North Carolina, Haywood County	Great Smoky Mountains National Park, Appalachian Trail, 0-2 mi W of intersection with Chestnut Branch Trail, E of junction with Mt. Cammerer spur trail	https://lichenportal.org/portal/collections/individual/index.php?occid=3243659
3243894	NY	1887268	E. A. Tripp	3906	0.13	46.86	Tennessee	Cocke Co.	35.76436	-83.14492	outside_boundary_exact	North Carolina, Haywood County	Great Smoky Mountains National Park, Appalachian Trail, 0-2 mi W of intersection with Chestnut Branch Trail, E of junction with Mt. Cammerer spur trail	https://lichenportal.org/portal/collections/individual/index.php?occid=3243894
3243961	NY	1887269	E. A. Tripp | J. C. Lendemer	3908	0.13	46.86	Tennessee	Cocke Co.	35.76436	-83.14492	outside_boundary_exact	North Carolina, Haywood County	Great Smoky Mountains National Park, Appalachian Trail, 0-2 mi W of intersection with Chestnut Branch Trail, E of junction with Mt. Cammerer spur trail	https://lichenportal.org/portal/collections/individual/index.php?occid=3243961
3244051	NY	1887263	E. A. Tripp	3905	0.13	46.86	Tennessee	Cocke Co.	35.76436	-83.14492	outside_boundary_exact	North Carolina, Haywood County	Great Smoky Mountains National Park, Appalachian Trail, 0-2 mi W of intersection with Chestnut Branch Trail, E of junction with Mt. Cammerer spur trail	https://lichenportal.org/portal/collections/individual/index.php?occid=3244051
3244106	NY	02057327	E. A. Tripp | J. C. Lendemer	3933	0.13	46.86	Tennessee	Cocke Co.	35.76436	-83.14492	outside_boundary_exact	North Carolina, Haywood County	Great Smoky Mountains National Park, Appalachian Trail, 0-2 mi W of intersection with Chestnut Branch Trail, E of junction with Mt. Cammerer spur trail	https://lichenportal.org/portal/collections/individual/index.php?occid=3244106
3244201	NY	1887266	E. A. Tripp | J. C. Lendemer	3915	0.13	46.86	Tennessee	Cocke Co.	35.76436	-83.14492	outside_boundary_exact	North Carolina, Haywood County	Great Smoky Mountains National Park, Appalachian Trail, 0-2 mi W of intersection with Chestnut Branch Trail, E of junction with Mt. Cammerer spur trail	https://lichenportal.org/portal/collections/individual/index.php?occid=3244201
3244329	NY	02057329	E. A. Tripp	3901a	0.13	46.86	Tennessee	Cocke Co.	35.76436	-83.14492	outside_boundary_exact	North Carolina, Haywood County	Great Smoky Mountains National Park, Appalachian Trail, 0-2 mi W of intersection with Chestnut Branch Trail, E of junction with Mt. Cammerer spur trail	https://lichenportal.org/portal/collections/individual/index.php?occid=3244329
3244545	NY	1887265	E. A. Tripp | J. C. Lendemer	3920	0.13	46.86	Tennessee	Cocke Co.	35.76436	-83.14492	outside_boundary_exact	North Carolina, Haywood County	Great Smoky Mountains National Park, Appalachian Trail, 0-2 mi W of intersection with Chestnut Branch Trail, E of junction with Mt. Cammerer spur trail	https://lichenportal.org/portal/collections/individual/index.php?occid=3244545
3244730	NY	1886961	E. A. Tripp | J. C. Lendemer	3913	0.13	46.86	Tennessee	Cocke Co.	35.76436	-83.14492	outside_boundary_exact	North Carolina, Haywood County	Great Smoky Mountains National Park, Appalachian Trail, 0-2 mi W of intersection with Chestnut Branch Trail, E of junction with Mt. Cammerer spur trail	https://lichenportal.org/portal/collections/individual/index.php?occid=3244730
3244829	NY	02057324	E. A. Tripp | J. C. Lendemer	3916	0.13	46.86	Tennessee	Cocke Co.	35.76436	-83.14492	outside_boundary_exact	North Carolina, Haywood County	Great Smoky Mountains National Park, Appalachian Trail, 0-2 mi W of intersection with Chestnut Branch Trail, E of junction with Mt. Cammerer spur trail	https://lichenportal.org/portal/collections/individual/index.php?occid=3244829
3245240	NY	1886959	E. A. Tripp | J. C. Lendemer	3909	0.13	46.86	Tennessee	Cocke Co.	35.76436	-83.14492	outside_boundary_exact	North Carolina, Haywood County	Great Smoky Mountains National Park, Appalachian Trail, 0-2 mi W of intersection with Chestnut Branch Trail, E of junction with Mt. Cammerer spur trail	https://lichenportal.org/portal/collections/individual/index.php?occid=3245240
3245505	NY	02057326	E. A. Tripp | J. C. Lendemer	3918	0.13	46.86	Tennessee	Cocke Co.	35.76436	-83.14492	outside_boundary_exact	North Carolina, Haywood County	Great Smoky Mountains National Park, Appalachian Trail, 0-2 mi W of intersection with Chestnut Branch Trail, E of junction with Mt. Cammerer spur trail	https://lichenportal.org/portal/collections/individual/index.php?occid=3245505
3245593	NY	1886960	E. A. Tripp | J. C. Lendemer	3907	0.13	46.86	Tennessee	Cocke Co.	35.76436	-83.14492	outside_boundary_exact	North Carolina, Haywood County	Great Smoky Mountains National Park, Appalachian Trail, 0-2 mi W of intersection with Chestnut Branch Trail, E of junction with Mt. Cammerer spur trail	https://lichenportal.org/portal/collections/individual/index.php?occid=3245593
3245605	NY	1887249	E. A. Tripp | J. C. Lendemer	3910	0.13	46.86	Tennessee	Cocke Co.	35.76436	-83.14492	outside_boundary_exact	North Carolina, Haywood County	Great Smoky Mountains National Park, Appalachian Trail, 0-2 mi W of intersection with Chestnut Branch Trail, E of junction with Mt. Cammerer spur trail	https://lichenportal.org/portal/collections/individual/index.php?occid=3245605
3251581	NY	02858387	E. A. Tripp	3927	0.13	46.86	Tennessee	Cocke Co.	35.76436	-83.14492	outside_boundary_exact	North Carolina, Haywood County	Great Smoky Mountains National Park, Appalachian Trail, 0-2 mi W of intersection with Chestnut Branch Trail, E of junction with Mt. Cammerer spur trail.	https://lichenportal.org/portal/collections/individual/index.php?occid=3251581
1234431	NY	1612208	H. A. Imshaug	22444	0.07	52.86	Tennessee	Sevier Co.	35.6103	-83.4247	outside_boundary_exact	North Carolina, Swain County	Great Smoky Mountains National Park, Newfound Gap	https://lichenportal.org/portal/collections/individual/index.php?occid=1234431
3257175	NY	03034773	A. Ciegler	320	0.07	50.34	Tennessee	Coffee Co.	35.30831	-85.96142	outside_boundary_exact	Tennessee, Franklin County	Negro Bottom, Site 7-21	https://lichenportal.org/portal/collections/individual/index.php?occid=3257175
3257176	NY	03034774	A. Ciegler	321	0.07	50.34	Tennessee	Coffee Co.	35.30831	-85.96142	outside_boundary_exact	Tennessee, Franklin County	Negro Bottom, Site 7-21	https://lichenportal.org/portal/collections/individual/index.php?occid=3257176
3257177	NY	03034775	A. Ciegler	325	0.07	50.34	Tennessee	Coffee Co.	35.30831	-85.96142	outside_boundary_exact	Tennessee, Franklin County	Negro Bottom, Site 7-21	https://lichenportal.org/portal/collections/individual/index.php?occid=3257177
3257178	NY	03034776	A. Ciegler	322	0.07	50.34	Tennessee	Coffee Co.	35.30831	-85.96142	outside_boundary_exact	Tennessee, Franklin County	Negro Bottom, Site 7-21	https://lichenportal.org/portal/collections/individual/index.php?occid=3257178
3257182	NY	03034780	A. Ciegler	330	0.07	50.04	Tennessee	Coffee Co.	35.31108	-85.96192	outside_boundary_exact	Tennessee, Franklin County	Negro Bottom, Site 7-23	https://lichenportal.org/portal/collections/individual/index.php?occid=3257182
3257183	NY	03034781	A. Ciegler	328	0.07	50.04	Tennessee	Coffee Co.	35.31108	-85.96192	outside_boundary_exact	Tennessee, Franklin County	Negro Bottom, Site 7-23	https://lichenportal.org/portal/collections/individual/index.php?occid=3257183
3256869	NY	03034459	A. Ciegler	314	0.06	50.36	Tennessee	Coffee Co.	35.30819	-85.96128	outside_boundary_exact	Tennessee, Franklin County	Negro Bottom, Site 7-19	https://lichenportal.org/portal/collections/individual/index.php?occid=3256869
3257173	NY	03034771	A. Ciegler	315	0.06	50.36	Tennessee	Coffee Co.	35.30819	-85.96128	outside_boundary_exact	Tennessee, Franklin County	Negro Bottom, Site 7-20	https://lichenportal.org/portal/collections/individual/index.php?occid=3257173
3257174	NY	03034772	A. Ciegler	318	0.06	50.36	Tennessee	Coffee Co.	35.30819	-85.96128	outside_boundary_exact	Tennessee, Franklin County	Negro Bottom, Site 7-20	https://lichenportal.org/portal/collections/individual/index.php?occid=3257174
3241214	NY	1236213	J. P. Dey	31573	0.05	52.79	Tennessee	Sevier Co.	35.6106	-83.4256	outside_boundary_exact	North Carolina, Swain County	Great Smoky Mountains National Park, rocky roadbank at junction of US Hwy 441 & Clingmans Dome Road near Newfound Gap	https://lichenportal.org/portal/collections/individual/index.php?occid=3241214
3241215	NY	1236214	J. P. Dey	31572A	0.05	52.79	Tennessee	Sevier Co.	35.6106	-83.4256	outside_boundary_exact	North Carolina, Swain County	Great Smoky Mountains National Park, rocky roadbank at junction of US Hwy 441 & Clingmans Dome Road near Newfound Gap	https://lichenportal.org/portal/collections/individual/index.php?occid=3241215
3244733	NY	1227628	J. P. Dey	31571	0.05	52.79	Tennessee	Sevier Co.	35.6106	-83.4256	outside_boundary_exact	North Carolina, Swain County	Great Smoky Mountains National Park, rocky roadbank at junction of US Hwy 441 & Clingmans Dome Road near Newfound Gap	https://lichenportal.org/portal/collections/individual/index.php?occid=3244733
3244734	NY	1227629	J. P. Dey	31576	0.05	52.79	Tennessee	Sevier Co.	35.6106	-83.4256	outside_boundary_exact	North Carolina, Swain County	Great Smoky Mountains National Park, rocky roadbank at junction of US Hwy 441 & Clingmans Dome Road near Newfound Gap	https://lichenportal.org/portal/collections/individual/index.php?occid=3244734
3245477	NY	1236208	J. P. Dey	31575	0.05	52.79	Tennessee	Sevier Co.	35.6106	-83.4256	outside_boundary_exact	North Carolina, Swain County	Great Smoky Mountains National Park, rocky roadbank at junction of US Hwy 441 & Clingmans Dome Road near Newfound Gap	https://lichenportal.org/portal/collections/individual/index.php?occid=3245477
3245478	NY	1236209	J. P. Dey	31570	0.05	52.79	Tennessee	Sevier Co.	35.6106	-83.4256	outside_boundary_exact	North Carolina, Swain County	Great Smoky Mountains National Park, rocky roadbank at junction of US Hwy 441 & Clingmans Dome Road near Newfound Gap	https://lichenportal.org/portal/collections/individual/index.php?occid=3245478
3245479	NY	1236210	J. P. Dey	31569	0.05	52.79	Tennessee	Sevier Co.	35.6106	-83.4256	outside_boundary_exact	North Carolina, Swain County	Great Smoky Mountains National Park, rocky roadbank at junction of US Hwy 441 & Clingmans Dome Road near Newfound Gap	https://lichenportal.org/portal/collections/individual/index.php?occid=3245479
3245480	NY	1236211	J. P. Dey	31572	0.05	52.79	Tennessee	Sevier Co.	35.6106	-83.4256	outside_boundary_exact	North Carolina, Swain County	Great Smoky Mountains National Park, rocky roadbank at junction of US Hwy 441 & Clingmans Dome Road near Newfound Gap	https://lichenportal.org/portal/collections/individual/index.php?occid=3245480
3245481	NY	1236212	J. P. Dey	31574	0.05	52.79	Tennessee	Sevier Co.	35.6106	-83.4256	outside_boundary_exact	North Carolina, Swain County	Great Smoky Mountains National Park, rocky roadbank at junction of US Hwy 441 & Clingmans Dome Road near Newfound Gap	https://lichenportal.org/portal/collections/individual/index.php?occid=3245481
3251176	NY	03034436	A. Ciegler	282	0.05	50.66	Tennessee	Coffee Co.	35.30539	-85.96067	outside_boundary_exact	Tennessee, Franklin County	Negro Bottom, Site 7-9	https://lichenportal.org/portal/collections/individual/index.php?occid=3251176
3251177	NY	03034437	A. Ciegler	281	0.05	50.66	Tennessee	Coffee Co.	35.30539	-85.96067	outside_boundary_exact	Tennessee, Franklin County	Negro Bottom, Site 7-9	https://lichenportal.org/portal/collections/individual/index.php?occid=3251177
3256839	NY	03034427	A. Ciegler	271	0.05	50.76	Tennessee	Coffee Co.	35.30436	-85.96069	outside_boundary_exact	Tennessee, Franklin County	Negro Bottom, Site 7	https://lichenportal.org/portal/collections/individual/index.php?occid=3256839
3256840	NY	03034428	A. Ciegler	269	0.05	50.76	Tennessee	Coffee Co.	35.30436	-85.96069	outside_boundary_exact	Tennessee, Franklin County	Negro Bottom, Site 7	https://lichenportal.org/portal/collections/individual/index.php?occid=3256840
3256841	NY	03034429	A. Ciegler	273	0.05	50.76	Tennessee	Coffee Co.	35.30436	-85.96069	outside_boundary_exact	Tennessee, Franklin County	Negro Bottom, Site 7	https://lichenportal.org/portal/collections/individual/index.php?occid=3256841
3256842	NY	03034430	A. Ciegler	270	0.05	50.76	Tennessee	Coffee Co.	35.30436	-85.96069	outside_boundary_exact	Tennessee, Franklin County	Negro Bottom, Site 7	https://lichenportal.org/portal/collections/individual/index.php?occid=3256842
3256843	NY	03034431	A. Ciegler	272	0.05	50.76	Tennessee	Coffee Co.	35.30436	-85.96069	outside_boundary_exact	Tennessee, Franklin County	Negro Bottom, Site 7	https://lichenportal.org/portal/collections/individual/index.php?occid=3256843
3256844	NY	03034432	A. Ciegler	274	0.05	50.76	Tennessee	Coffee Co.	35.30436	-85.96069	outside_boundary_exact	Tennessee, Franklin County	Negro Bottom, Site 7	https://lichenportal.org/portal/collections/individual/index.php?occid=3256844
3256845	NY	03034433	A. Ciegler	276	0.05	50.76	Tennessee	Coffee Co.	35.30436	-85.96069	outside_boundary_exact	Tennessee, Franklin County	Negro Bottom, Site 7	https://lichenportal.org/portal/collections/individual/index.php?occid=3256845
3256846	NY	03034434	A. Ciegler	277	0.05	50.76	Tennessee	Coffee Co.	35.30436	-85.96069	outside_boundary_exact	Tennessee, Franklin County	Negro Bottom, Site 7	https://lichenportal.org/portal/collections/individual/index.php?occid=3256846
3256847	NY	03034435	A. Ciegler	279	0.05	50.76	Tennessee	Coffee Co.	35.30436	-85.96069	outside_boundary_exact	Tennessee, Franklin County	Negro Bottom, Site 7	https://lichenportal.org/portal/collections/individual/index.php?occid=3256847
3256848	NY	03034438	A. Ciegler	283	0.05	50.66	Tennessee	Coffee Co.	35.30539	-85.96067	outside_boundary_exact	Tennessee, Franklin County	Negro Bottom, Site 7-10	https://lichenportal.org/portal/collections/individual/index.php?occid=3256848
3256849	NY	03034439	A. Ciegler	287	0.05	50.61	Tennessee	Coffee Co.	35.30586	-85.96078	outside_boundary_exact	Tennessee, Franklin County	Negro Bottom, Site 7-11	https://lichenportal.org/portal/collections/individual/index.php?occid=3256849
3256850	NY	03034440	A. Ciegler	284	0.05	50.61	Tennessee	Coffee Co.	35.30586	-85.96078	outside_boundary_exact	Tennessee, Franklin County	Negro Bottom, Site 7-11	https://lichenportal.org/portal/collections/individual/index.php?occid=3256850
3256851	NY	03034441	A. Ciegler	285	0.05	50.61	Tennessee	Coffee Co.	35.30586	-85.96078	outside_boundary_exact	Tennessee, Franklin County	Negro Bottom, Site 7-11	https://lichenportal.org/portal/collections/individual/index.php?occid=3256851
3256852	NY	03034442	A. Ciegler	289	0.05	50.61	Tennessee	Coffee Co.	35.30586	-85.96078	outside_boundary_exact	Tennessee, Franklin County	Negro Bottom, Site 7-12	https://lichenportal.org/portal/collections/individual/index.php?occid=3256852
3256853	NY	03034443	A. Ciegler	288	0.05	50.61	Tennessee	Coffee Co.	35.30586	-85.96078	outside_boundary_exact	Tennessee, Franklin County	Negro Bottom, Site 7-12	https://lichenportal.org/portal/collections/individual/index.php?occid=3256853
3256854	NY	03034444	A. Ciegler	291	0.05	50.61	Tennessee	Coffee Co.	35.30586	-85.96078	outside_boundary_exact	Tennessee, Franklin County	Negro Bottom, Site 7-12	https://lichenportal.org/portal/collections/individual/index.php?occid=3256854
3256821	NY	03034409	A. Ciegler	245	0.04	50.54	Tennessee	Coffee Co.	35.30658	-85.96061	outside_boundary_exact	Tennessee, Franklin County	Negro Bottom, Site 7	https://lichenportal.org/portal/collections/individual/index.php?occid=3256821
3256822	NY	03034410	A. Ciegler	244	0.04	50.54	Tennessee	Coffee Co.	35.30658	-85.96061	outside_boundary_exact	Tennessee, Franklin County	Negro Bottom, Site 7	https://lichenportal.org/portal/collections/individual/index.php?occid=3256822
3256823	NY	03034411	A. Ciegler	248	0.04	50.54	Tennessee	Coffee Co.	35.30658	-85.96061	outside_boundary_exact	Tennessee, Franklin County	Negro Bottom, Site 7	https://lichenportal.org/portal/collections/individual/index.php?occid=3256823
3256824	NY	03034412	A. Ciegler	246	0.04	50.54	Tennessee	Coffee Co.	35.30658	-85.96061	outside_boundary_exact	Tennessee, Franklin County	Negro Bottom, Site 7	https://lichenportal.org/portal/collections/individual/index.php?occid=3256824
3256825	NY	03034413	A. Ciegler	247	0.04	50.54	Tennessee	Coffee Co.	35.30658	-85.96061	outside_boundary_exact	Tennessee, Franklin County	Negro Bottom, Site 7	https://lichenportal.org/portal/collections/individual/index.php?occid=3256825
3256826	NY	03034414	A. Ciegler	250	0.04	50.54	Tennessee	Coffee Co.	35.30658	-85.96061	outside_boundary_exact	Tennessee, Franklin County	Negro Bottom, Site 7	https://lichenportal.org/portal/collections/individual/index.php?occid=3256826
3256827	NY	03034415	A. Ciegler	254	0.04	50.54	Tennessee	Coffee Co.	35.30658	-85.96061	outside_boundary_exact	Tennessee, Franklin County	Negro Bottom, Site 7	https://lichenportal.org/portal/collections/individual/index.php?occid=3256827
3256861	NY	03034451	A. Ciegler	304	0.04	50.44	Tennessee	Coffee Co.	35.30756	-85.96081	outside_boundary_exact	Tennessee, Franklin County	Negro Bottom, Site 7-15	https://lichenportal.org/portal/collections/individual/index.php?occid=3256861
3256862	NY	03034452	A. Ciegler	302	0.04	50.44	Tennessee	Coffee Co.	35.30756	-85.96081	outside_boundary_exact	Tennessee, Franklin County	Negro Bottom, Site 7-15	https://lichenportal.org/portal/collections/individual/index.php?occid=3256862
3256863	NY	03034453	A. Ciegler	303	0.04	50.44	Tennessee	Coffee Co.	35.30756	-85.96081	outside_boundary_exact	Tennessee, Franklin County	Negro Bottom, Site 7-15	https://lichenportal.org/portal/collections/individual/index.php?occid=3256863
3256864	NY	03034454	A. Ciegler	306	0.04	50.44	Tennessee	Coffee Co.	35.30756	-85.96081	outside_boundary_exact	Tennessee, Franklin County	Negro Bottom, Site 7-16	https://lichenportal.org/portal/collections/individual/index.php?occid=3256864
3256865	NY	03034455	A. Ciegler	307	0.04	50.44	Tennessee	Coffee Co.	35.30756	-85.96081	outside_boundary_exact	Tennessee, Franklin County	Negro Bottom, Site 7-17	https://lichenportal.org/portal/collections/individual/index.php?occid=3256865
3256866	NY	03034456	A. Ciegler	308	0.04	50.44	Tennessee	Coffee Co.	35.30756	-85.96081	outside_boundary_exact	Tennessee, Franklin County	Negro Bottom, Site 7-17	https://lichenportal.org/portal/collections/individual/index.php?occid=3256866
3256868	NY	03034458	A. Ciegler	312	0.04	50.44	Tennessee	Coffee Co.	35.30756	-85.96081	outside_boundary_exact	Tennessee, Franklin County	Negro Bottom, Site 7-18	https://lichenportal.org/portal/collections/individual/index.php?occid=3256868
3257179	NY	03034777	A. Ciegler	319	0.04	50.09	Tennessee	Coffee Co.	35.31072	-85.96156	outside_boundary_exact	Tennessee, Franklin County	Negro Bottom, Site 7-22	https://lichenportal.org/portal/collections/individual/index.php?occid=3257179
3257180	NY	03034778	A. Ciegler	329	0.04	50.09	Tennessee	Coffee Co.	35.31072	-85.96156	outside_boundary_exact	Tennessee, Franklin County	Negro Bottom, Site 7-22	https://lichenportal.org/portal/collections/individual/index.php?occid=3257180
3257181	NY	03034779	A. Ciegler	326	0.04	50.09	Tennessee	Coffee Co.	35.31072	-85.96156	outside_boundary_exact	Tennessee, Franklin County	Negro Bottom, Site 7-22	https://lichenportal.org/portal/collections/individual/index.php?occid=3257181
3257186	NY	03034784	A. Ciegler	253	0.04	50.54	Tennessee	Coffee Co.	35.30658	-85.96061	outside_boundary_exact	Tennessee, Franklin County	Negro Bottom, Site 7-32	https://lichenportal.org/portal/collections/individual/index.php?occid=3257186
3228219	NY	1685305	E. A. Tripp	2329	0.03	52.15	Tennessee	Sevier Co.	35.6458	-83.36	outside_boundary_exact	Tennessee, Sevier County	Great Smoky Mountains National Park, Appalachian Trail from Newfound Gap to The Sawteeth (~0-5 miles from parking area)	https://lichenportal.org/portal/collections/individual/index.php?occid=3228219
3241175	NY	1886740	J. C. Lendemer	37937	0.03	51.46	Tennessee	Sevier Co.	35.6622	-83.3433	outside_boundary_exact	Tennessee, Sevier County	Great Smoky Mountains National Park, Appalachian Trail 0-1 mi E of False Gap	https://lichenportal.org/portal/collections/individual/index.php?occid=3241175
3241186	NY	1685320	E. A. Tripp	2359	0.03	52.15	Tennessee	Sevier Co.	35.6458	-83.36	outside_boundary_exact	Tennessee, Sevier County	Great Smoky Mountains National Park, Appalachian Trail from Newfound Gap to The Sawteeth (~0-5 miles from parking area)	https://lichenportal.org/portal/collections/individual/index.php?occid=3241186
3241199	NY	1685326	E. A. Tripp	2347	0.03	52.15	Tennessee	Sevier Co.	35.6458	-83.36	outside_boundary_exact	Tennessee, Sevier County	Great Smoky Mountains National Park, Appalachian Trail from Newfound Gap to The Sawteeth (~0-5 miles from parking area)	https://lichenportal.org/portal/collections/individual/index.php?occid=3241199
3241203	NY	1886734	J. C. Lendemer	37943	0.03	51.46	Tennessee	Sevier Co.	35.6622	-83.3433	outside_boundary_exact	Tennessee, Sevier County	Great Smoky Mountains National Park, Appalachian Trail 0-1 mi E of False Gap	https://lichenportal.org/portal/collections/individual/index.php?occid=3241203
3241257	NY	1685300	E. A. Tripp	2335	0.03	52.15	Tennessee	Sevier Co.	35.6458	-83.36	outside_boundary_exact	Tennessee, Sevier County	Great Smoky Mountains National Park, Appalachian Trail from Newfound Gap to The Sawteeth (~0-5 miles from parking area)	https://lichenportal.org/portal/collections/individual/index.php?occid=3241257
3241283	NY	1685298	E. A. Tripp	2338	0.03	52.15	Tennessee	Sevier Co.	35.6458	-83.36	outside_boundary_exact	Tennessee, Sevier County	Great Smoky Mountains National Park, Appalachian Trail from Newfound Gap to The Sawteeth (~0-5 miles from parking area)	https://lichenportal.org/portal/collections/individual/index.php?occid=3241283
3241284	NY	1685303	E. A. Tripp	2331	0.03	52.15	Tennessee	Sevier Co.	35.6458	-83.36	outside_boundary_exact	Tennessee, Sevier County	Great Smoky Mountains National Park, Appalachian Trail from Newfound Gap to The Sawteeth (~0-5 miles from parking area)	https://lichenportal.org/portal/collections/individual/index.php?occid=3241284
3241397	NY	1685302	E. A. Tripp	2332	0.03	52.15	Tennessee	Sevier Co.	35.6458	-83.36	outside_boundary_exact	Tennessee, Sevier County	Great Smoky Mountains National Park, Appalachian Trail from Newfound Gap to The Sawteeth (~0-5 miles from parking area)	https://lichenportal.org/portal/collections/individual/index.php?occid=3241397
3241486	NY	1886743	J. C. Lendemer	37934	0.03	51.46	Tennessee	Sevier Co.	35.6622	-83.3433	outside_boundary_exact	Tennessee, Sevier County	Great Smoky Mountains National Park, Appalachian Trail 0-1 mi E of False Gap	https://lichenportal.org/portal/collections/individual/index.php?occid=3241486
3241562	NY	1886716	J. C. Lendemer	37961	0.03	51.46	Tennessee	Sevier Co.	35.6622	-83.3433	outside_boundary_exact	Tennessee, Sevier County	Great Smoky Mountains National Park, Appalachian Trail 0-1 mi E of False Gap	https://lichenportal.org/portal/collections/individual/index.php?occid=3241562
3241625	NY	1685327	E. A. Tripp	2346	0.03	52.15	Tennessee	Sevier Co.	35.6458	-83.36	outside_boundary_exact	Tennessee, Sevier County	Great Smoky Mountains National Park, Appalachian Trail from Newfound Gap to The Sawteeth (~0-5 miles from parking area)	https://lichenportal.org/portal/collections/individual/index.php?occid=3241625
3241684	NY	1886729	J. C. Lendemer	37948	0.03	51.46	Tennessee	Sevier Co.	35.6622	-83.3433	outside_boundary_exact	Tennessee, Sevier County	Great Smoky Mountains National Park, Appalachian Trail 0-1 mi E of False Gap	https://lichenportal.org/portal/collections/individual/index.php?occid=3241684
3241687	NY	1685293	E. A. Tripp	2345	0.03	52.15	Tennessee	Sevier Co.	35.6458	-83.36	outside_boundary_exact	Tennessee, Sevier County	Great Smoky Mountains National Park, Appalachian Trail from Newfound Gap to The Sawteeth (~0-5 miles from parking area)	https://lichenportal.org/portal/collections/individual/index.php?occid=3241687
3241762	NY	1886748	J. C. Lendemer	37929	0.03	51.46	Tennessee	Sevier Co.	35.6622	-83.3433	outside_boundary_exact	Tennessee, Sevier County	Great Smoky Mountains National Park, Appalachian Trail 0-1 mi E of False Gap	https://lichenportal.org/portal/collections/individual/index.php?occid=3241762
3241777	NY	1685323	E. A. Tripp	2352	0.03	52.15	Tennessee	Sevier Co.	35.6458	-83.36	outside_boundary_exact	Tennessee, Sevier County	Great Smoky Mountains National Park, Appalachian Trail from Newfound Gap to The Sawteeth (~0-5 miles from parking area)	https://lichenportal.org/portal/collections/individual/index.php?occid=3241777
3241778	NY	1685328	E. A. Tripp	2343	0.03	52.15	Tennessee	Sevier Co.	35.6458	-83.36	outside_boundary_exact	Tennessee, Sevier County	Great Smoky Mountains National Park, Appalachian Trail from Newfound Gap to The Sawteeth (~0-5 miles from parking area)	https://lichenportal.org/portal/collections/individual/index.php?occid=3241778
3241836	NY	1886731	J. C. Lendemer	37946	0.03	51.46	Tennessee	Sevier Co.	35.6622	-83.3433	outside_boundary_exact	Tennessee, Sevier County	Great Smoky Mountains National Park, Appalachian Trail 0-1 mi E of False Gap	https://lichenportal.org/portal/collections/individual/index.php?occid=3241836
3241895	NY	1685317	E. A. Tripp	2361	0.03	52.15	Tennessee	Sevier Co.	35.6458	-83.36	outside_boundary_exact	Tennessee, Sevier County	Great Smoky Mountains National Park, Appalachian Trail from Newfound Gap to The Sawteeth (~0-5 miles from parking area)	https://lichenportal.org/portal/collections/individual/index.php?occid=3241895
3241977	NY	1886722	J. C. Lendemer	37955	0.03	51.46	Tennessee	Sevier Co.	35.6622	-83.3433	outside_boundary_exact	Tennessee, Sevier County	Great Smoky Mountains National Park, Appalachian Trail 0-1 mi E of False Gap	https://lichenportal.org/portal/collections/individual/index.php?occid=3241977
3242052	NY	1685297	E. A. Tripp	2340	0.03	52.15	Tennessee	Sevier Co.	35.6458	-83.36	outside_boundary_exact	Tennessee, Sevier County	Great Smoky Mountains National Park, Appalachian Trail from Newfound Gap to The Sawteeth (~0-5 miles from parking area)	https://lichenportal.org/portal/collections/individual/index.php?occid=3242052
3242053	NY	1685312	E. A. Tripp	2314	0.03	52.15	Tennessee	Sevier Co.	35.6458	-83.36	outside_boundary_exact	Tennessee, Sevier County	Great Smoky Mountains National Park, Appalachian Trail from Newfound Gap to The Sawteeth (~0-5 miles from parking area)	https://lichenportal.org/portal/collections/individual/index.php?occid=3242053
3242054	NY	1685313	E. A. Tripp	2313	0.03	52.15	Tennessee	Sevier Co.	35.6458	-83.36	outside_boundary_exact	Tennessee, Sevier County	Great Smoky Mountains National Park, Appalachian Trail from Newfound Gap to The Sawteeth (~0-5 miles from parking area)	https://lichenportal.org/portal/collections/individual/index.php?occid=3242054
3242072	NY	1886717	J. C. Lendemer	37960	0.03	51.46	Tennessee	Sevier Co.	35.6622	-83.3433	outside_boundary_exact	Tennessee, Sevier County	Great Smoky Mountains National Park, Appalachian Trail 0-1 mi E of False Gap	https://lichenportal.org/portal/collections/individual/index.php?occid=3242072
3242212	NY	1685329	E. A. Tripp	2341	0.03	52.15	Tennessee	Sevier Co.	35.6458	-83.36	outside_boundary_exact	Tennessee, Sevier County	Great Smoky Mountains National Park, Appalachian Trail from Newfound Gap to The Sawteeth (~0-5 miles from parking area)	https://lichenportal.org/portal/collections/individual/index.php?occid=3242212
3242218	NY	1886742	J. C. Lendemer	37935	0.03	51.46	Tennessee	Sevier Co.	35.6622	-83.3433	outside_boundary_exact	Tennessee, Sevier County	Great Smoky Mountains National Park, Appalachian Trail 0-1 mi E of False Gap	https://lichenportal.org/portal/collections/individual/index.php?occid=3242218
3242401	NY	1685299	E. A. Tripp	2337	0.03	52.15	Tennessee	Sevier Co.	35.6458	-83.36	outside_boundary_exact	Tennessee, Sevier County	Great Smoky Mountains National Park, Appalachian Trail from Newfound Gap to The Sawteeth (~0-5 miles from parking area)	https://lichenportal.org/portal/collections/individual/index.php?occid=3242401
3242402	NY	1685301	E. A. Tripp	2334	0.03	52.15	Tennessee	Sevier Co.	35.6458	-83.36	outside_boundary_exact	Tennessee, Sevier County	Great Smoky Mountains National Park, Appalachian Trail from Newfound Gap to The Sawteeth (~0-5 miles from parking area)	https://lichenportal.org/portal/collections/individual/index.php?occid=3242402
3242502	NY	1685331	E. A. Tripp	2336	0.03	52.15	Tennessee	Sevier Co.	35.6458	-83.36	outside_boundary_exact	Tennessee, Sevier County	Great Smoky Mountains National Park, Appalachian Trail from Newfound Gap to The Sawteeth (~0-5 miles from parking area)	https://lichenportal.org/portal/collections/individual/index.php?occid=3242502
3242541	NY	1886739	J. C. Lendemer	37938	0.03	51.46	Tennessee	Sevier Co.	35.6622	-83.3433	outside_boundary_exact	Tennessee, Sevier County	Great Smoky Mountains National Park, Appalachian Trail 0-1 mi E of False Gap	https://lichenportal.org/portal/collections/individual/index.php?occid=3242541
3242620	NY	1886713	J. C. Lendemer	37964	0.03	51.46	Tennessee	Sevier Co.	35.6622	-83.3433	outside_boundary_exact	Tennessee, Sevier County	Great Smoky Mountains National Park, Appalachian Trail 0-1 mi E of False Gap	https://lichenportal.org/portal/collections/individual/index.php?occid=3242620
3242648	NY	1685333	E. A. Tripp	2328	0.03	52.15	Tennessee	Sevier Co.	35.6458	-83.36	outside_boundary_exact	Tennessee, Sevier County	Great Smoky Mountains National Park, Appalachian Trail from Newfound Gap to The Sawteeth (~0-5 miles from parking area)	https://lichenportal.org/portal/collections/individual/index.php?occid=3242648
3242733	NY	1886714	J. C. Lendemer	37963	0.03	51.46	Tennessee	Sevier Co.	35.6622	-83.3433	outside_boundary_exact	Tennessee, Sevier County	Great Smoky Mountains National Park, Appalachian Trail 0-1 mi E of False Gap	https://lichenportal.org/portal/collections/individual/index.php?occid=3242733
3242928	NY	1886719	J. C. Lendemer	37958	0.03	51.46	Tennessee	Sevier Co.	35.6622	-83.3433	outside_boundary_exact	Tennessee, Sevier County	Great Smoky Mountains National Park, Appalachian Trail 0-1 mi E of False Gap	https://lichenportal.org/portal/collections/individual/index.php?occid=3242928
3242939	NY	1886736	J. C. Lendemer	37941	0.03	51.46	Tennessee	Sevier Co.	35.6622	-83.3433	outside_boundary_exact	Tennessee, Sevier County	Great Smoky Mountains National Park, Appalachian Trail 0-1 mi E of False Gap	https://lichenportal.org/portal/collections/individual/index.php?occid=3242939
3242946	NY	1685294	E. A. Tripp	2344	0.03	52.15	Tennessee	Sevier Co.	35.6458	-83.36	outside_boundary_exact	Tennessee, Sevier County	Great Smoky Mountains National Park, Appalachian Trail from Newfound Gap to The Sawteeth (~0-5 miles from parking area)	https://lichenportal.org/portal/collections/individual/index.php?occid=3242946
3242958	NY	1685289	E. A. Tripp	2363	0.03	52.15	Tennessee	Sevier Co.	35.6458	-83.36	outside_boundary_exact	Tennessee, Sevier County	Great Smoky Mountains National Park, Appalachian Trail from Newfound Gap to The Sawteeth (~0-5 miles from parking area)	https://lichenportal.org/portal/collections/individual/index.php?occid=3242958
3243072	NY	1886725	J. C. Lendemer	37952	0.03	51.46	Tennessee	Sevier Co.	35.6622	-83.3433	outside_boundary_exact	Tennessee, Sevier County	Great Smoky Mountains National Park, Appalachian Trail 0-1 mi E of False Gap	https://lichenportal.org/portal/collections/individual/index.php?occid=3243072
3243324	NY	1886728	J. C. Lendemer	27949	0.03	51.46	Tennessee	Sevier Co.	35.6622	-83.3433	outside_boundary_exact	Tennessee, Sevier County	Great Smoky Mountains National Park, Appalachian Trail 0-1 mi E of False Gap	https://lichenportal.org/portal/collections/individual/index.php?occid=3243324
3243395	NY	1886738	J. C. Lendemer	37939	0.03	51.46	Tennessee	Sevier Co.	35.6622	-83.3433	outside_boundary_exact	Tennessee, Sevier County	Great Smoky Mountains National Park, Appalachian Trail 0-1 mi E of False Gap	https://lichenportal.org/portal/collections/individual/index.php?occid=3243395
3243406	NY	1685322	E. A. Tripp	2354	0.03	52.15	Tennessee	Sevier Co.	35.6458	-83.36	outside_boundary_exact	Tennessee, Sevier County	Great Smoky Mountains National Park, Appalachian Trail from Newfound Gap to The Sawteeth (~0-5 miles from parking area)	https://lichenportal.org/portal/collections/individual/index.php?occid=3243406
3243425	NY	1685336	E. A. Tripp	2323	0.03	52.15	Tennessee	Sevier Co.	35.6458	-83.36	outside_boundary_exact	Tennessee, Sevier County	Great Smoky Mountains National Park, Appalachian Trail from Newfound Gap to The Sawteeth (~0-5 miles from parking area)	https://lichenportal.org/portal/collections/individual/index.php?occid=3243425
3243430	NY	1886741	J. C. Lendemer	37936	0.03	51.46	Tennessee	Sevier Co.	35.6622	-83.3433	outside_boundary_exact	Tennessee, Sevier County	Great Smoky Mountains National Park, Appalachian Trail 0-1 mi E of False Gap	https://lichenportal.org/portal/collections/individual/index.php?occid=3243430
3243437	NY	1685309	E. A. Tripp	2319	0.03	52.15	Tennessee	Sevier Co.	35.6458	-83.36	outside_boundary_exact	Tennessee, Sevier County	Great Smoky Mountains National Park, Appalachian Trail from Newfound Gap to The Sawteeth (~0-5 miles from parking area)	https://lichenportal.org/portal/collections/individual/index.php?occid=3243437
3243438	NY	1685311	E. A. Tripp	2317	0.03	52.15	Tennessee	Sevier Co.	35.6458	-83.36	outside_boundary_exact	Tennessee, Sevier County	Great Smoky Mountains National Park, Appalachian Trail from Newfound Gap to The Sawteeth (~0-5 miles from parking area)	https://lichenportal.org/portal/collections/individual/index.php?occid=3243438
3243515	NY	1685319	E. A. Tripp	2355	0.03	52.15	Tennessee	Sevier Co.	35.6458	-83.36	outside_boundary_exact	Tennessee, Sevier County	Great Smoky Mountains National Park, Appalachian Trail from Newfound Gap to The Sawteeth (~0-5 miles from parking area)	https://lichenportal.org/portal/collections/individual/index.php?occid=3243515
3243658	NY	1685330	E. A. Tripp	2339	0.03	52.15	Tennessee	Sevier Co.	35.6458	-83.36	outside_boundary_exact	Tennessee, Sevier County	Great Smoky Mountains National Park, Appalachian Trail from Newfound Gap to The Sawteeth (~0-5 miles from parking area)	https://lichenportal.org/portal/collections/individual/index.php?occid=3243658
3243718	NY	1886745	J. C. Lendemer	37932	0.03	51.46	Tennessee	Sevier Co.	35.6622	-83.3433	outside_boundary_exact	Tennessee, Sevier County	Great Smoky Mountains National Park, Appalachian Trail 0-1 mi E of False Gap	https://lichenportal.org/portal/collections/individual/index.php?occid=3243718
3243853	NY	1685332	E. A. Tripp	2333	0.03	52.15	Tennessee	Sevier Co.	35.6458	-83.36	outside_boundary_exact	Tennessee, Sevier County	Great Smoky Mountains National Park, Appalachian Trail from Newfound Gap to The Sawteeth (~0-5 miles from parking area)	https://lichenportal.org/portal/collections/individual/index.php?occid=3243853
3243890	NY	1685318	E. A. Tripp	2360	0.03	52.15	Tennessee	Sevier Co.	35.6458	-83.36	outside_boundary_exact	Tennessee, Sevier County	Great Smoky Mountains National Park, Appalachian Trail from Newfound Gap to The Sawteeth (~0-5 miles from parking area)	https://lichenportal.org/portal/collections/individual/index.php?occid=3243890
3243891	NY	1685335	E. A. Tripp	2326	0.03	52.15	Tennessee	Sevier Co.	35.6458	-83.36	outside_boundary_exact	Tennessee, Sevier County	Great Smoky Mountains National Park, Appalachian Trail from Newfound Gap to The Sawteeth (~0-5 miles from parking area)	https://lichenportal.org/portal/collections/individual/index.php?occid=3243891
3243945	NY	1886721	J. C. Lendemer	37956	0.03	51.46	Tennessee	Sevier Co.	35.6622	-83.3433	outside_boundary_exact	Tennessee, Sevier County	Great Smoky Mountains National Park, Appalachian Trail 0-1 mi E of False Gap	https://lichenportal.org/portal/collections/individual/index.php?occid=3243945
3244213	NY	1886718	J. C. Lendemer	37959	0.03	51.46	Tennessee	Sevier Co.	35.6622	-83.3433	outside_boundary_exact	Tennessee, Sevier County	Great Smoky Mountains National Park, Appalachian Trail 0-1 mi E of False Gap	https://lichenportal.org/portal/collections/individual/index.php?occid=3244213
3244215	NY	1685310	E. A. Tripp	2318	0.03	52.15	Tennessee	Sevier Co.	35.6458	-83.36	outside_boundary_exact	Tennessee, Sevier County	Great Smoky Mountains National Park, Appalachian Trail from Newfound Gap to The Sawteeth (~0-5 miles from parking area)	https://lichenportal.org/portal/collections/individual/index.php?occid=3244215
3244625	NY	1886732	J. C. Lendemer	37945	0.03	51.46	Tennessee	Sevier Co.	35.6622	-83.3433	outside_boundary_exact	Tennessee, Sevier County	Great Smoky Mountains National Park, Appalachian Trail 0-1 mi E of False Gap	https://lichenportal.org/portal/collections/individual/index.php?occid=3244625
3244668	NY	1886723	J. C. Lendemer	37954	0.03	51.46	Tennessee	Sevier Co.	35.6622	-83.3433	outside_boundary_exact	Tennessee, Sevier County	Great Smoky Mountains National Park, Appalachian Trail 0-1 mi E of False Gap	https://lichenportal.org/portal/collections/individual/index.php?occid=3244668
3244709	NY	1685334	E. A. Tripp	2327	0.03	52.15	Tennessee	Sevier Co.	35.6458	-83.36	outside_boundary_exact	Tennessee, Sevier County	Great Smoky Mountains National Park, Appalachian Trail from Newfound Gap to The Sawteeth (~0-5 miles from parking area)	https://lichenportal.org/portal/collections/individual/index.php?occid=3244709
3244760	NY	1685316	E. A. Tripp	2364	0.03	52.15	Tennessee	Sevier Co.	35.6458	-83.36	outside_boundary_exact	Tennessee, Sevier County	Great Smoky Mountains National Park, Appalachian Trail from Newfound Gap to The Sawteeth (~0-5 miles from parking area)	https://lichenportal.org/portal/collections/individual/index.php?occid=3244760
3244761	NY	1685337	E. A. Tripp	2315	0.03	52.15	Tennessee	Sevier Co.	35.6458	-83.36	outside_boundary_exact	Tennessee, Sevier County	Great Smoky Mountains National Park, Appalachian Trail from Newfound Gap to The Sawteeth (~0-5 miles from parking area)	https://lichenportal.org/portal/collections/individual/index.php?occid=3244761
3244807	NY	1886730	J. C. Lendemer	37947	0.03	51.46	Tennessee	Sevier Co.	35.6622	-83.3433	outside_boundary_exact	Tennessee, Sevier County	Great Smoky Mountains National Park, Appalachian Trail 0-1 mi E of False Gap	https://lichenportal.org/portal/collections/individual/index.php?occid=3244807
3244891	NY	1886746	J. C. Lendemer	37931	0.03	51.46	Tennessee	Sevier Co.	35.6622	-83.3433	outside_boundary_exact	Tennessee, Sevier County	Great Smoky Mountains National Park, Appalachian Trail 0-1 mi E of False Gap	https://lichenportal.org/portal/collections/individual/index.php?occid=3244891
3244908	NY	1685314	E. A. Tripp	2312	0.03	52.15	Tennessee	Sevier Co.	35.6458	-83.36	outside_boundary_exact	Tennessee, Sevier County	Great Smoky Mountains National Park, Appalachian Trail from Newfound Gap to The Sawteeth (~0-5 miles from parking area)	https://lichenportal.org/portal/collections/individual/index.php?occid=3244908
3244911	NY	1886733	J. C. Lendemer	37944	0.03	51.46	Tennessee	Sevier Co.	35.6622	-83.3433	outside_boundary_exact	Tennessee, Sevier County	Great Smoky Mountains National Park, Appalachian Trail 0-1 mi E of False Gap	https://lichenportal.org/portal/collections/individual/index.php?occid=3244911
3244914	NY	1685304	E. A. Tripp	2330	0.03	52.15	Tennessee	Sevier Co.	35.6458	-83.36	outside_boundary_exact	Tennessee, Sevier County	Great Smoky Mountains National Park, Appalachian Trail from Newfound Gap to The Sawteeth (~0-5 miles from parking area)	https://lichenportal.org/portal/collections/individual/index.php?occid=3244914
3245010	NY	1685291	E. A. Tripp	2358	0.03	52.15	Tennessee	Sevier Co.	35.6458	-83.36	outside_boundary_exact	Tennessee, Sevier County	Great Smoky Mountains National Park, Appalachian Trail from Newfound Gap to The Sawteeth (~0-5 miles from parking area)	https://lichenportal.org/portal/collections/individual/index.php?occid=3245010
3245011	NY	1685296	E. A. Tripp	2341	0.03	52.15	Tennessee	Sevier Co.	35.6458	-83.36	outside_boundary_exact	Tennessee, Sevier County	Great Smoky Mountains National Park, Appalachian Trail from Newfound Gap to The Sawteeth (~0-5 miles from parking area)	https://lichenportal.org/portal/collections/individual/index.php?occid=3245011
3245012	NY	1685306	E. A. Tripp	2324	0.03	52.15	Tennessee	Sevier Co.	35.6458	-83.36	outside_boundary_exact	Tennessee, Sevier County	Great Smoky Mountains National Park, Appalachian Trail from Newfound Gap to The Sawteeth (~0-5 miles from parking area)	https://lichenportal.org/portal/collections/individual/index.php?occid=3245012
3245013	NY	1685321	E. A. Tripp	2357	0.03	52.15	Tennessee	Sevier Co.	35.6458	-83.36	outside_boundary_exact	Tennessee, Sevier County	Great Smoky Mountains National Park, Appalachian Trail from Newfound Gap to The Sawteeth (~0-5 miles from parking area)	https://lichenportal.org/portal/collections/individual/index.php?occid=3245013
3245165	NY	1886744	J. C. Lendemer	37933	0.03	51.46	Tennessee	Sevier Co.	35.6622	-83.3433	outside_boundary_exact	Tennessee, Sevier County	Great Smoky Mountains National Park, Appalachian Trail 0-1 mi E of False Gap	https://lichenportal.org/portal/collections/individual/index.php?occid=3245165
3245456	NY	1886727	J. C. Lendemer	37950	0.03	51.46	Tennessee	Sevier Co.	35.6622	-83.3433	outside_boundary_exact	Tennessee, Sevier County	Great Smoky Mountains National Park, Appalachian Trail 0-1 mi E of False Gap	https://lichenportal.org/portal/collections/individual/index.php?occid=3245456
3245539	NY	1685292	E. A. Tripp	2356	0.03	52.15	Tennessee	Sevier Co.	35.6458	-83.36	outside_boundary_exact	Tennessee, Sevier County	Great Smoky Mountains National Park, Appalachian Trail from Newfound Gap to The Sawteeth (~0-5 miles from parking area)	https://lichenportal.org/portal/collections/individual/index.php?occid=3245539
3245549	NY	1685308	E. A. Tripp	2320	0.03	52.15	Tennessee	Sevier Co.	35.6458	-83.36	outside_boundary_exact	Tennessee, Sevier County	Great Smoky Mountains National Park, Appalachian Trail from Newfound Gap to The Sawteeth (~0-5 miles from parking area)	https://lichenportal.org/portal/collections/individual/index.php?occid=3245549
3245565	NY	1685324	E. A. Tripp	2351	0.03	52.15	Tennessee	Sevier Co.	35.6458	-83.36	outside_boundary_exact	Tennessee, Sevier County	Great Smoky Mountains National Park, Appalachian Trail from Newfound Gap to The Sawteeth (~0-5 miles from parking area)	https://lichenportal.org/portal/collections/individual/index.php?occid=3245565
3245594	NY	1886863	J. C. Lendemer	37925	0.03	51.46	Tennessee	Sevier Co.	35.6622	-83.3433	outside_boundary_exact	Tennessee, Sevier County	Great Smoky Mountains National Park, Appalachian Trail 0-1 mi E of False Gap	https://lichenportal.org/portal/collections/individual/index.php?occid=3245594
3245595	NY	1886864	J. C. Lendemer	37925	0.03	51.46	Tennessee	Sevier Co.	35.6622	-83.3433	outside_boundary_exact	Tennessee, Sevier County	Great Smoky Mountains National Park, Appalachian Trail 0-1 mi E of False Gap	https://lichenportal.org/portal/collections/individual/index.php?occid=3245595
3249699	NY	1886724	J. C. Lendemer	37953	0.03	51.46	Tennessee	Sevier Co.	35.6622	-83.3433	outside_boundary_exact	Tennessee, Sevier County	Great Smoky Mountains National Park, Appalachian Trail 0-1 mi E of False Gap	https://lichenportal.org/portal/collections/individual/index.php?occid=3249699
3513757	NY	03217719	J. C. Lendemer	53167	0.03	54.46	Tennessee	Sevier Co.	35.565	-83.5439	outside_boundary_exact	North Carolina, Swain County	Great Smoky Mountains National Park, Jenkins Knob, Appalachian Trail 0.3 mi W of Double Spring Gap and Double Spring Gap Shelter	https://lichenportal.org/portal/collections/individual/index.php?occid=3513757
3513758	NY	03217720	J. C. Lendemer	53166	0.03	54.46	Tennessee	Sevier Co.	35.565	-83.5439	outside_boundary_exact	North Carolina, Swain County	Great Smoky Mountains National Park, Jenkins Knob, Appalachian Trail 0.3 mi W of Double Spring Gap and Double Spring Gap Shelter	https://lichenportal.org/portal/collections/individual/index.php?occid=3513758
961857	NY	1411297	R. C. Harris	18340	0.02	46.58	Tennessee	Carter Co.	36.1065077	-82.1104008	outside_boundary_exact	North Carolina, Mitchell County	Carvers Gap	https://lichenportal.org/portal/collections/individual/index.php?occid=961857
1037618	NY	1541554	G. T. Johnson	s.n.	0.02	55.59	Tennessee	Sevier Co.	35.5628	-83.4983	outside_boundary_exact	North Carolina, Swain County	Great Smoky Mountains National Park, near Clingmans Dome	https://lichenportal.org/portal/collections/individual/index.php?occid=1037618
1037620	NY	1541556	G. T. Johnson	s.n.	0.02	55.59	Tennessee	Sevier Co.	35.5628	-83.4983	outside_boundary_exact	North Carolina, Swain County	Great Smoky Mountains National Park, near Clingmans Dome	https://lichenportal.org/portal/collections/individual/index.php?occid=1037620
1037621	NY	1541557	G. T. Johnson	s.n.	0.02	55.59	Tennessee	Sevier Co.	35.5628	-83.4983	outside_boundary_exact	North Carolina, Swain County	Great Smoky Mountains National Park, near Clingmans Dome	https://lichenportal.org/portal/collections/individual/index.php?occid=1037621
1052493	NY	1548349	R. C. Harris	18360	0.02	46.58	Tennessee	Carter Co.	36.1065077	-82.1104008	outside_boundary_exact	North Carolina, Mitchell County	Carvers Gap	https://lichenportal.org/portal/collections/individual/index.php?occid=1052493
1201693	NY	1609509	R. C. Harris	18326	0.02	46.58	Tennessee	Carter Co.	36.1065077	-82.1104008	outside_boundary_exact	North Carolina, Mitchell County	Carvers Gap	https://lichenportal.org/portal/collections/individual/index.php?occid=1201693
3187325	NY	1150017	G. T. Johnson	s.n.	0.02	55.59	Tennessee	Sevier Co.	35.5628	-83.4983	outside_boundary_exact	North Carolina, Swain County	Great Smoky Mountains National Park, near Clingmans Dome	https://lichenportal.org/portal/collections/individual/index.php?occid=3187325
3241070	NY	1219795	J. C. Lendemer	26714	0.02	44.2	Tennessee	Blount Co.	35.52014	-83.87417	outside_boundary_exact	North Carolina, Swain County	Great Smoky Mountains National Park, Gregory Bald Trail, Sheep Pen Gap to Gregory Bald (0.5 mi)	https://lichenportal.org/portal/collections/individual/index.php?occid=3241070
3241071	NY	1219804	J. C. Lendemer	26705	0.02	44.2	Tennessee	Blount Co.	35.52014	-83.87417	outside_boundary_exact	North Carolina, Swain County	Great Smoky Mountains National Park, Gregory Bald Trail, Sheep Pen Gap to Gregory Bald (0.5 mi)	https://lichenportal.org/portal/collections/individual/index.php?occid=3241071
3241072	NY	1219823	J. C. Lendemer	26686	0.02	44.2	Tennessee	Blount Co.	35.52014	-83.87417	outside_boundary_exact	North Carolina, Swain County	Great Smoky Mountains National Park, Gregory Bald Trail, Sheep Pen Gap to Gregory Bald (0.5 mi)	https://lichenportal.org/portal/collections/individual/index.php?occid=3241072
3241100	NY	1219835	J. C. Lendemer	26674	0.02	44.2	Tennessee	Blount Co.	35.52014	-83.87417	outside_boundary_exact	North Carolina, Swain County	Great Smoky Mountains National Park, Gregory Bald Trail, Sheep Pen Gap to Gregory Bald (0.5 mi)	https://lichenportal.org/portal/collections/individual/index.php?occid=3241100
3241103	NY	1219831	J. C. Lendemer	26678	0.02	44.2	Tennessee	Blount Co.	35.52014	-83.87417	outside_boundary_exact	North Carolina, Swain County	Great Smoky Mountains National Park, Gregory Bald Trail, Sheep Pen Gap to Gregory Bald (0.5 mi)	https://lichenportal.org/portal/collections/individual/index.php?occid=3241103
3241115	NY	1219796	J. C. Lendemer	26713	0.02	44.2	Tennessee	Blount Co.	35.52014	-83.87417	outside_boundary_exact	North Carolina, Swain County	Great Smoky Mountains National Park, Gregory Bald Trail, Sheep Pen Gap to Gregory Bald (0.5 mi)	https://lichenportal.org/portal/collections/individual/index.php?occid=3241115
3241119	NY	02171068	E. Lay	94-1584	0.02	46.59	Tennessee	Carter Co.	36.1064	-82.1106	outside_boundary_exact	North Carolina, Mitchell County	Cherokee National Forest, Route 143 towards Roan Mt. and Carvers Gap, 3.2 miles from Carvers Gap on right-hand side of road.	https://lichenportal.org/portal/collections/individual/index.php?occid=3241119
3241148	NY	1219788	J. C. Lendemer	26720A	0.02	44.2	Tennessee	Blount Co.	35.52014	-83.87417	outside_boundary_exact	North Carolina, Swain County	Great Smoky Mountains National Park, Gregory Bald Trail, Sheep Pen Gap to Gregory Bald (0.5 mi)	https://lichenportal.org/portal/collections/individual/index.php?occid=3241148
3241165	NY	1219836	J. C. Lendemer	26673	0.02	44.2	Tennessee	Blount Co.	35.52014	-83.87417	outside_boundary_exact	North Carolina, Swain County	Great Smoky Mountains National Park, Gregory Bald Trail, Sheep Pen Gap to Gregory Bald (0.5 mi)	https://lichenportal.org/portal/collections/individual/index.php?occid=3241165
3241300	NY	1219793	J. C. Lendemer	26716	0.02	44.2	Tennessee	Blount Co.	35.52014	-83.87417	outside_boundary_exact	North Carolina, Swain County	Great Smoky Mountains National Park, Gregory Bald Trail, Sheep Pen Gap to Gregory Bald (0.5 mi)	https://lichenportal.org/portal/collections/individual/index.php?occid=3241300
3241392	NY	1772485	J. C. Lendemer	33389	0.02	46.94	Tennessee	Cocke Co.	35.7633	-83.1611	outside_boundary_exact	North Carolina, Haywood County	Great Smoky Mountains National Park, summit of Mt. Cammerer, ridge extending NE of shelter	https://lichenportal.org/portal/collections/individual/index.php?occid=3241392
3241545	NY	1219802	J. C. Lendemer	26707	0.02	44.2	Tennessee	Blount Co.	35.52014	-83.87417	outside_boundary_exact	North Carolina, Swain County	Great Smoky Mountains National Park, Gregory Bald Trail, Sheep Pen Gap to Gregory Bald (0.5 mi)	https://lichenportal.org/portal/collections/individual/index.php?occid=3241545
3241557	NY	1219816	J. C. Lendemer	26693	0.02	44.2	Tennessee	Blount Co.	35.52014	-83.87417	outside_boundary_exact	North Carolina, Swain County	Great Smoky Mountains National Park, Gregory Bald Trail, Sheep Pen Gap to Gregory Bald (0.5 mi)	https://lichenportal.org/portal/collections/individual/index.php?occid=3241557
3241605	NY	1772465	J. C. Lendemer	33409	0.02	46.94	Tennessee	Cocke Co.	35.7633	-83.1611	outside_boundary_exact	North Carolina, Haywood County	Great Smoky Mountains National Park, summit of Mt. Cammerer, ridge extending NE of shelter	https://lichenportal.org/portal/collections/individual/index.php?occid=3241605
3241632	NY	1772463	J. C. Lendemer	33411	0.02	46.94	Tennessee	Cocke Co.	35.7633	-83.1611	outside_boundary_exact	North Carolina, Haywood County	Great Smoky Mountains National Park, summit of Mt. Cammerer, ridge extending NE of shelter	https://lichenportal.org/portal/collections/individual/index.php?occid=3241632
3241673	NY	1772450	J. C. Lendemer	33423	0.02	46.94	Tennessee	Cocke Co.	35.7633	-83.1611	outside_boundary_exact	North Carolina, Haywood County	Great Smoky Mountains National Park, summit of Mt. Cammerer, ridge extending NE of shelter	https://lichenportal.org/portal/collections/individual/index.php?occid=3241673
3241685	NY	1772473	J. C. Lendemer	33401	0.02	46.94	Tennessee	Cocke Co.	35.7633	-83.1611	outside_boundary_exact	North Carolina, Haywood County	Great Smoky Mountains National Park, summit of Mt. Cammerer, ridge extending NE of shelter	https://lichenportal.org/portal/collections/individual/index.php?occid=3241685
3241689	NY	1772443	J. C. Lendemer	33430	0.02	46.94	Tennessee	Cocke Co.	35.7633	-83.1611	outside_boundary_exact	North Carolina, Haywood County	Great Smoky Mountains National Park, summit of Mt. Cammerer, ridge extending NE of shelter	https://lichenportal.org/portal/collections/individual/index.php?occid=3241689
3241694	NY	1772488	J. C. Lendemer	33386	0.02	46.94	Tennessee	Cocke Co.	35.7633	-83.1611	outside_boundary_exact	North Carolina, Haywood County	Great Smoky Mountains National Park, summit of Mt. Cammerer, ridge extending NE of shelter	https://lichenportal.org/portal/collections/individual/index.php?occid=3241694
3241705	NY	1772478	J. C. Lendemer	33396	0.02	46.94	Tennessee	Cocke Co.	35.7633	-83.1611	outside_boundary_exact	North Carolina, Haywood County	Great Smoky Mountains National Park, summit of Mt. Cammerer, ridge extending NE of shelter	https://lichenportal.org/portal/collections/individual/index.php?occid=3241705
3241771	NY	1772480	J. C. Lendemer	33394	0.02	46.94	Tennessee	Cocke Co.	35.7633	-83.1611	outside_boundary_exact	North Carolina, Haywood County	Great Smoky Mountains National Park, summit of Mt. Cammerer, ridge extending NE of shelter	https://lichenportal.org/portal/collections/individual/index.php?occid=3241771
3241827	NY	2686529	E. Lay	94-1518	0.02	46.59	Tennessee	Carter Co.	36.1064	-82.1106	outside_boundary_exact	North Carolina, Mitchell County	Cherokee National Forest, Route 143 towards Roan Mt. and Carvers Gap, 3.2 miles from Carvers Gap on right-hand side of road.	https://lichenportal.org/portal/collections/individual/index.php?occid=3241827
3241867	NY	1219819	J. C. Lendemer	26690	0.02	44.2	Tennessee	Blount Co.	35.52014	-83.87417	outside_boundary_exact	North Carolina, Swain County	Great Smoky Mountains National Park, Gregory Bald Trail, Sheep Pen Gap to Gregory Bald (0.5 mi)	https://lichenportal.org/portal/collections/individual/index.php?occid=3241867
3242008	NY	1219807	J. C. Lendemer	26702	0.02	44.2	Tennessee	Blount Co.	35.52014	-83.87417	outside_boundary_exact	North Carolina, Swain County	Great Smoky Mountains National Park, Gregory Bald Trail, Sheep Pen Gap to Gregory Bald (0.5 mi)	https://lichenportal.org/portal/collections/individual/index.php?occid=3242008
3242014	NY	1219808	J. C. Lendemer	26701	0.02	44.2	Tennessee	Blount Co.	35.52014	-83.87417	outside_boundary_exact	North Carolina, Swain County	Great Smoky Mountains National Park, Gregory Bald Trail, Sheep Pen Gap to Gregory Bald (0.5 mi)	https://lichenportal.org/portal/collections/individual/index.php?occid=3242014
3242030	NY	1219806	J. C. Lendemer	26703	0.02	44.2	Tennessee	Blount Co.	35.52014	-83.87417	outside_boundary_exact	North Carolina, Swain County	Great Smoky Mountains National Park, Gregory Bald Trail, Sheep Pen Gap to Gregory Bald (0.5 mi)	https://lichenportal.org/portal/collections/individual/index.php?occid=3242030
3242031	NY	1219821	J. C. Lendemer	26688	0.02	44.2	Tennessee	Blount Co.	35.52014	-83.87417	outside_boundary_exact	North Carolina, Swain County	Great Smoky Mountains National Park, Gregory Bald Trail, Sheep Pen Gap to Gregory Bald (0.5 mi)	https://lichenportal.org/portal/collections/individual/index.php?occid=3242031
3242043	NY	1772471	J. C. Lendemer	33403	0.02	46.94	Tennessee	Cocke Co.	35.7633	-83.1611	outside_boundary_exact	North Carolina, Haywood County	Great Smoky Mountains National Park, summit of Mt. Cammerer, ridge extending NE of shelter	https://lichenportal.org/portal/collections/individual/index.php?occid=3242043
3242172	NY	1219810	J. C. Lendemer	26699	0.02	44.2	Tennessee	Blount Co.	35.52014	-83.87417	outside_boundary_exact	North Carolina, Swain County	Great Smoky Mountains National Park, Gregory Bald Trail, Sheep Pen Gap to Gregory Bald (0.5 mi)	https://lichenportal.org/portal/collections/individual/index.php?occid=3242172
3242325	NY	1219830	J. C. Lendemer	26679	0.02	44.2	Tennessee	Blount Co.	35.52014	-83.87417	outside_boundary_exact	North Carolina, Swain County	Great Smoky Mountains National Park, Gregory Bald Trail, Sheep Pen Gap to Gregory Bald (0.5 mi)	https://lichenportal.org/portal/collections/individual/index.php?occid=3242325
3242378	NY	1772464	J. C. Lendemer	33410	0.02	46.94	Tennessee	Cocke Co.	35.7633	-83.1611	outside_boundary_exact	North Carolina, Haywood County	Great Smoky Mountains National Park, summit of Mt. Cammerer, ridge extending NE of shelter	https://lichenportal.org/portal/collections/individual/index.php?occid=3242378
3242380	NY	1219809	J. C. Lendemer	26700	0.02	44.2	Tennessee	Blount Co.	35.52014	-83.87417	outside_boundary_exact	North Carolina, Swain County	Great Smoky Mountains National Park, Gregory Bald Trail, Sheep Pen Gap to Gregory Bald (0.5 mi)	https://lichenportal.org/portal/collections/individual/index.php?occid=3242380
3242395	NY	1772476	J. C. Lendemer	33398	0.02	46.94	Tennessee	Cocke Co.	35.7633	-83.1611	outside_boundary_exact	North Carolina, Haywood County	Great Smoky Mountains National Park, summit of Mt. Cammerer, ridge extending NE of shelter	https://lichenportal.org/portal/collections/individual/index.php?occid=3242395
3242495	NY	1219832	J. C. Lendemer	26677	0.02	44.2	Tennessee	Blount Co.	35.52014	-83.87417	outside_boundary_exact	North Carolina, Swain County	Great Smoky Mountains National Park, Gregory Bald Trail, Sheep Pen Gap to Gregory Bald (0.5 mi)	https://lichenportal.org/portal/collections/individual/index.php?occid=3242495
3242513	NY	1772449	J. C. Lendemer	33424	0.02	46.94	Tennessee	Cocke Co.	35.7633	-83.1611	outside_boundary_exact	North Carolina, Haywood County	Great Smoky Mountains National Park, summit of Mt. Cammerer, ridge extending NE of shelter	https://lichenportal.org/portal/collections/individual/index.php?occid=3242513
3242520	NY	1772477	J. C. Lendemer	33397	0.02	46.94	Tennessee	Cocke Co.	35.7633	-83.1611	outside_boundary_exact	North Carolina, Haywood County	Great Smoky Mountains National Park, summit of Mt. Cammerer, ridge extending NE of shelter	https://lichenportal.org/portal/collections/individual/index.php?occid=3242520
3242540	NY	1219826	J. C. Lendemer	26683	0.02	44.2	Tennessee	Blount Co.	35.52014	-83.87417	outside_boundary_exact	North Carolina, Swain County	Great Smoky Mountains National Park, Gregory Bald Trail, Sheep Pen Gap to Gregory Bald (0.5 mi)	https://lichenportal.org/portal/collections/individual/index.php?occid=3242540
3242588	NY	1772486	J. C. Lendemer	33388	0.02	46.94	Tennessee	Cocke Co.	35.7633	-83.1611	outside_boundary_exact	North Carolina, Haywood County	Great Smoky Mountains National Park, summit of Mt. Cammerer, ridge extending NE of shelter	https://lichenportal.org/portal/collections/individual/index.php?occid=3242588
3242642	NY	1772454	J. C. Lendemer	33419	0.02	46.94	Tennessee	Cocke Co.	35.7633	-83.1611	outside_boundary_exact	North Carolina, Haywood County	Great Smoky Mountains National Park, summit of Mt. Cammerer, ridge extending NE of shelter	https://lichenportal.org/portal/collections/individual/index.php?occid=3242642
3242674	NY	1772448	J. C. Lendemer	33425	0.02	46.94	Tennessee	Cocke Co.	35.7633	-83.1611	outside_boundary_exact	North Carolina, Haywood County	Great Smoky Mountains National Park, summit of Mt. Cammerer, ridge extending NE of shelter	https://lichenportal.org/portal/collections/individual/index.php?occid=3242674
3242721	NY	1772445	J. C. Lendemer	33428	0.02	46.94	Tennessee	Cocke Co.	35.7633	-83.1611	outside_boundary_exact	North Carolina, Haywood County	Great Smoky Mountains National Park, summit of Mt. Cammerer, ridge extending NE of shelter	https://lichenportal.org/portal/collections/individual/index.php?occid=3242721
3242740	NY	1772456	J. C. Lendemer	33417	0.02	46.94	Tennessee	Cocke Co.	35.7633	-83.1611	outside_boundary_exact	North Carolina, Haywood County	Great Smoky Mountains National Park, summit of Mt. Cammerer, ridge extending NE of shelter	https://lichenportal.org/portal/collections/individual/index.php?occid=3242740
3242758	NY	1772472	J. C. Lendemer	33402	0.02	46.94	Tennessee	Cocke Co.	35.7633	-83.1611	outside_boundary_exact	North Carolina, Haywood County	Great Smoky Mountains National Park, summit of Mt. Cammerer, ridge extending NE of shelter	https://lichenportal.org/portal/collections/individual/index.php?occid=3242758
3242927	NY	1219818	J. C. Lendemer	26691	0.02	44.2	Tennessee	Blount Co.	35.52014	-83.87417	outside_boundary_exact	North Carolina, Swain County	Great Smoky Mountains National Park, Gregory Bald Trail, Sheep Pen Gap to Gregory Bald (0.5 mi)	https://lichenportal.org/portal/collections/individual/index.php?occid=3242927
3242982	NY	1219805	J. C. Lendemer	26704	0.02	44.2	Tennessee	Blount Co.	35.52014	-83.87417	outside_boundary_exact	North Carolina, Swain County	Great Smoky Mountains National Park, Gregory Bald Trail, Sheep Pen Gap to Gregory Bald (0.5 mi)	https://lichenportal.org/portal/collections/individual/index.php?occid=3242982
3243038	NY	1219792	J. C. Lendemer	26717	0.02	44.2	Tennessee	Blount Co.	35.52014	-83.87417	outside_boundary_exact	North Carolina, Swain County	Great Smoky Mountains National Park, Gregory Bald Trail, Sheep Pen Gap to Gregory Bald (0.5 mi)	https://lichenportal.org/portal/collections/individual/index.php?occid=3243038
3243048	NY	1772475	J. C. Lendemer	33399	0.02	46.94	Tennessee	Cocke Co.	35.7633	-83.1611	outside_boundary_exact	North Carolina, Haywood County	Great Smoky Mountains National Park, summit of Mt. Cammerer, ridge extending NE of shelter	https://lichenportal.org/portal/collections/individual/index.php?occid=3243048
3243052	NY	1219814	J. C. Lendemer	26695	0.02	44.2	Tennessee	Blount Co.	35.52014	-83.87417	outside_boundary_exact	North Carolina, Swain County	Great Smoky Mountains National Park, Gregory Bald Trail, Sheep Pen Gap to Gregory Bald (0.5 mi)	https://lichenportal.org/portal/collections/individual/index.php?occid=3243052
3243057	NY	1219829	J. C. Lendemer	26680	0.02	44.2	Tennessee	Blount Co.	35.52014	-83.87417	outside_boundary_exact	North Carolina, Swain County	Great Smoky Mountains National Park, Gregory Bald Trail, Sheep Pen Gap to Gregory Bald (0.5 mi)	https://lichenportal.org/portal/collections/individual/index.php?occid=3243057
3243070	NY	1772469	J. C. Lendemer	33405	0.02	46.94	Tennessee	Cocke Co.	35.7633	-83.1611	outside_boundary_exact	North Carolina, Haywood County	Great Smoky Mountains National Park, summit of Mt. Cammerer, ridge extending NE of shelter	https://lichenportal.org/portal/collections/individual/index.php?occid=3243070
3243073	NY	1772470	J. C. Lendemer	33404	0.02	46.94	Tennessee	Cocke Co.	35.7633	-83.1611	outside_boundary_exact	North Carolina, Haywood County	Great Smoky Mountains National Park, summit of Mt. Cammerer, ridge extending NE of shelter	https://lichenportal.org/portal/collections/individual/index.php?occid=3243073
3243102	NY	1772451	J. C. Lendemer	33422	0.02	46.94	Tennessee	Cocke Co.	35.7633	-83.1611	outside_boundary_exact	North Carolina, Haywood County	Great Smoky Mountains National Park, summit of Mt. Cammerer, ridge extending NE of shelter	https://lichenportal.org/portal/collections/individual/index.php?occid=3243102
3243103	NY	1772468	J. C. Lendemer	33406	0.02	46.94	Tennessee	Cocke Co.	35.7633	-83.1611	outside_boundary_exact	North Carolina, Haywood County	Great Smoky Mountains National Park, summit of Mt. Cammerer, ridge extending NE of shelter	https://lichenportal.org/portal/collections/individual/index.php?occid=3243103
3243147	NY	1219825	J. C. Lendemer	26684	0.02	44.2	Tennessee	Blount Co.	35.52014	-83.87417	outside_boundary_exact	North Carolina, Swain County	Great Smoky Mountains National Park, Gregory Bald Trail, Sheep Pen Gap to Gregory Bald (0.5 mi)	https://lichenportal.org/portal/collections/individual/index.php?occid=3243147
3243285	NY	1219834	J. C. Lendemer	26675	0.02	44.2	Tennessee	Blount Co.	35.52014	-83.87417	outside_boundary_exact	North Carolina, Swain County	Great Smoky Mountains National Park, Gregory Bald Trail, Sheep Pen Gap to Gregory Bald (0.5 mi)	https://lichenportal.org/portal/collections/individual/index.php?occid=3243285
3243353	NY	1219817	J. C. Lendemer	26692	0.02	44.2	Tennessee	Blount Co.	35.52014	-83.87417	outside_boundary_exact	North Carolina, Swain County	Great Smoky Mountains National Park, Gregory Bald Trail, Sheep Pen Gap to Gregory Bald (0.5 mi)	https://lichenportal.org/portal/collections/individual/index.php?occid=3243353
3243379	NY	1219822	J. C. Lendemer	26687	0.02	44.2	Tennessee	Blount Co.	35.52014	-83.87417	outside_boundary_exact	North Carolina, Swain County	Great Smoky Mountains National Park, Gregory Bald Trail, Sheep Pen Gap to Gregory Bald (0.5 mi)	https://lichenportal.org/portal/collections/individual/index.php?occid=3243379
3243401	NY	1772453	J. C. Lendemer	33420	0.02	46.94	Tennessee	Cocke Co.	35.7633	-83.1611	outside_boundary_exact	North Carolina, Haywood County	Great Smoky Mountains National Park, summit of Mt. Cammerer, ridge extending NE of shelter	https://lichenportal.org/portal/collections/individual/index.php?occid=3243401
3243434	NY	1772484	J. C. Lendemer	33390	0.02	46.94	Tennessee	Cocke Co.	35.7633	-83.1611	outside_boundary_exact	North Carolina, Haywood County	Great Smoky Mountains National Park, summit of Mt. Cammerer, ridge extending NE of shelter	https://lichenportal.org/portal/collections/individual/index.php?occid=3243434
3243664	NY	1772481	J. C. Lendemer	33393	0.02	46.94	Tennessee	Cocke Co.	35.7633	-83.1611	outside_boundary_exact	North Carolina, Haywood County	Great Smoky Mountains National Park, summit of Mt. Cammerer, ridge extending NE of shelter	https://lichenportal.org/portal/collections/individual/index.php?occid=3243664
3243843	NY	1772461	J. C. Lendemer	33413	0.02	46.94	Tennessee	Cocke Co.	35.7633	-83.1611	outside_boundary_exact	North Carolina, Haywood County	Great Smoky Mountains National Park, summit of Mt. Cammerer, ridge extending NE of shelter	https://lichenportal.org/portal/collections/individual/index.php?occid=3243843
3243880	NY	1772460	J. C. Lendemer	33413A	0.02	46.94	Tennessee	Cocke Co.	35.7633	-83.1611	outside_boundary_exact	North Carolina, Haywood County	Great Smoky Mountains National Park, summit of Mt. Cammerer, ridge extending NE of shelter	https://lichenportal.org/portal/collections/individual/index.php?occid=3243880
3243962	NY	02544456	E. Lay	94-1480	0.02	46.59	Tennessee	Carter Co.	36.1064	-82.1106	outside_boundary_exact	North Carolina, Mitchell County	Cherokee National Forest, Route 143 towards Roan Mt. and Carvers Gap, 3.2 miles from Carvers Gap on right-hand side of road.	https://lichenportal.org/portal/collections/individual/index.php?occid=3243962
3244184	NY	1772447	J. C. Lendemer	33426	0.02	46.94	Tennessee	Cocke Co.	35.7633	-83.1611	outside_boundary_exact	North Carolina, Haywood County	Great Smoky Mountains National Park, summit of Mt. Cammerer, ridge extending NE of shelter	https://lichenportal.org/portal/collections/individual/index.php?occid=3244184
3244192	NY	1772457	J. C. Lendemer	33416	0.02	46.94	Tennessee	Cocke Co.	35.7633	-83.1611	outside_boundary_exact	North Carolina, Haywood County	Great Smoky Mountains National Park, summit of Mt. Cammerer, ridge extending NE of shelter	https://lichenportal.org/portal/collections/individual/index.php?occid=3244192
3244230	NY	1219837	J. C. Lendemer	26672	0.02	44.2	Tennessee	Blount Co.	35.52014	-83.87417	outside_boundary_exact	North Carolina, Swain County	Great Smoky Mountains National Park, Gregory Bald Trail, Sheep Pen Gap to Gregory Bald (0.5 mi)	https://lichenportal.org/portal/collections/individual/index.php?occid=3244230
3244246	NY	1219820	J. C. Lendemer	26689	0.02	44.2	Tennessee	Blount Co.	35.52014	-83.87417	outside_boundary_exact	North Carolina, Swain County	Great Smoky Mountains National Park, Gregory Bald Trail, Sheep Pen Gap to Gregory Bald (0.5 mi)	https://lichenportal.org/portal/collections/individual/index.php?occid=3244246
3244261	NY	1219790	J. C. Lendemer	26719	0.02	44.2	Tennessee	Blount Co.	35.52014	-83.87417	outside_boundary_exact	North Carolina, Swain County	Great Smoky Mountains National Park, Gregory Bald Trail, Sheep Pen Gap to Gregory Bald (0.5 mi)	https://lichenportal.org/portal/collections/individual/index.php?occid=3244261
3244262	NY	1219812	J. C. Lendemer	26697	0.02	44.2	Tennessee	Blount Co.	35.52014	-83.87417	outside_boundary_exact	North Carolina, Swain County	Great Smoky Mountains National Park, Gregory Bald Trail, Sheep Pen Gap to Gregory Bald (0.5 mi)	https://lichenportal.org/portal/collections/individual/index.php?occid=3244262
3244277	NY	1772446	J. C. Lendemer	33427	0.02	46.94	Tennessee	Cocke Co.	35.7633	-83.1611	outside_boundary_exact	North Carolina, Haywood County	Great Smoky Mountains National Park, summit of Mt. Cammerer, ridge extending NE of shelter	https://lichenportal.org/portal/collections/individual/index.php?occid=3244277
3244314	NY	1219833	J. C. Lendemer	26676	0.02	44.2	Tennessee	Blount Co.	35.52014	-83.87417	outside_boundary_exact	North Carolina, Swain County	Great Smoky Mountains National Park, Gregory Bald Trail, Sheep Pen Gap to Gregory Bald (0.5 mi)	https://lichenportal.org/portal/collections/individual/index.php?occid=3244314
3244326	NY	1772467	J. C. Lendemer	33407	0.02	46.94	Tennessee	Cocke Co.	35.7633	-83.1611	outside_boundary_exact	North Carolina, Haywood County	Great Smoky Mountains National Park, summit of Mt. Cammerer, ridge extending NE of shelter	https://lichenportal.org/portal/collections/individual/index.php?occid=3244326
3244411	NY	1219827	J. C. Lendemer	26682	0.02	44.2	Tennessee	Blount Co.	35.52014	-83.87417	outside_boundary_exact	North Carolina, Swain County	Great Smoky Mountains National Park, Gregory Bald Trail, Sheep Pen Gap to Gregory Bald (0.5 mi)	https://lichenportal.org/portal/collections/individual/index.php?occid=3244411
3244543	NY	1772452	J. C. Lendemer	33421	0.02	46.94	Tennessee	Cocke Co.	35.7633	-83.1611	outside_boundary_exact	North Carolina, Haywood County	Great Smoky Mountains National Park, summit of Mt. Cammerer, ridge extending NE of shelter	https://lichenportal.org/portal/collections/individual/index.php?occid=3244543
3244671	NY	1772479	J. C. Lendemer	33395	0.02	46.94	Tennessee	Cocke Co.	35.7633	-83.1611	outside_boundary_exact	North Carolina, Haywood County	Great Smoky Mountains National Park, summit of Mt. Cammerer, ridge extending NE of shelter	https://lichenportal.org/portal/collections/individual/index.php?occid=3244671
3244700	NY	1772466	J. C. Lendemer	33408	0.02	46.94	Tennessee	Cocke Co.	35.7633	-83.1611	outside_boundary_exact	North Carolina, Haywood County	Great Smoky Mountains National Park, summit of Mt. Cammerer, ridge extending NE of shelter	https://lichenportal.org/portal/collections/individual/index.php?occid=3244700
3244767	NY	1219824	J. C. Lendemer	26685	0.02	44.2	Tennessee	Blount Co.	35.52014	-83.87417	outside_boundary_exact	North Carolina, Swain County	Great Smoky Mountains National Park, Gregory Bald Trail, Sheep Pen Gap to Gregory Bald (0.5 mi)	https://lichenportal.org/portal/collections/individual/index.php?occid=3244767
3244814	NY	1772455	J. C. Lendemer	33418	0.02	46.94	Tennessee	Cocke Co.	35.7633	-83.1611	outside_boundary_exact	North Carolina, Haywood County	Great Smoky Mountains National Park, summit of Mt. Cammerer, ridge extending NE of shelter	https://lichenportal.org/portal/collections/individual/index.php?occid=3244814
3244822	NY	1219791	J. C. Lendemer	26718	0.02	44.2	Tennessee	Blount Co.	35.52014	-83.87417	outside_boundary_exact	North Carolina, Swain County	Great Smoky Mountains National Park, Gregory Bald Trail, Sheep Pen Gap to Gregory Bald (0.5 mi)	https://lichenportal.org/portal/collections/individual/index.php?occid=3244822
3244833	NY	1772487	J. C. Lendemer	33387	0.02	46.94	Tennessee	Cocke Co.	35.7633	-83.1611	outside_boundary_exact	North Carolina, Haywood County	Great Smoky Mountains National Park, summit of Mt. Cammerer, ridge extending NE of shelter	https://lichenportal.org/portal/collections/individual/index.php?occid=3244833
3244894	NY	1772444	J. C. Lendemer	33429	0.02	46.94	Tennessee	Cocke Co.	35.7633	-83.1611	outside_boundary_exact	North Carolina, Haywood County	Great Smoky Mountains National Park, summit of Mt. Cammerer, ridge extending NE of shelter	https://lichenportal.org/portal/collections/individual/index.php?occid=3244894
3244902	NY	1219797	J. C. Lendemer	26712	0.02	44.2	Tennessee	Blount Co.	35.52014	-83.87417	outside_boundary_exact	North Carolina, Swain County	Great Smoky Mountains National Park, Gregory Bald Trail, Sheep Pen Gap to Gregory Bald (0.5 mi)	https://lichenportal.org/portal/collections/individual/index.php?occid=3244902
3244904	NY	1219801	J. C. Lendemer	26708	0.02	44.2	Tennessee	Blount Co.	35.52014	-83.87417	outside_boundary_exact	North Carolina, Swain County	Great Smoky Mountains National Park, Gregory Bald Trail, Sheep Pen Gap to Gregory Bald (0.5 mi)	https://lichenportal.org/portal/collections/individual/index.php?occid=3244904
3245029	NY	1219803	J. C. Lendemer	26706	0.02	44.2	Tennessee	Blount Co.	35.52014	-83.87417	outside_boundary_exact	North Carolina, Swain County	Great Smoky Mountains National Park, Gregory Bald Trail, Sheep Pen Gap to Gregory Bald (0.5 mi)	https://lichenportal.org/portal/collections/individual/index.php?occid=3245029
3245169	NY	1772458	J. C. Lendemer	33415	0.02	46.94	Tennessee	Cocke Co.	35.7633	-83.1611	outside_boundary_exact	North Carolina, Haywood County	Great Smoky Mountains National Park, summit of Mt. Cammerer, ridge extending NE of shelter	https://lichenportal.org/portal/collections/individual/index.php?occid=3245169
3245499	NY	2358903	E. Lay	94-1328	0.02	46.59	Tennessee	Carter Co.	36.1064	-82.1106	outside_boundary_exact	North Carolina, Mitchell County	Cherokee National Forest, Route 143 towards Roan Mt. and Carvers Gap, 3.2 miles from Carvers Gap on right-hand side of road.	https://lichenportal.org/portal/collections/individual/index.php?occid=3245499
3245500	NY	1219813	J. C. Lendemer	26696	0.02	44.2	Tennessee	Blount Co.	35.52014	-83.87417	outside_boundary_exact	North Carolina, Swain County	Great Smoky Mountains National Park, Gregory Bald Trail, Sheep Pen Gap to Gregory Bald (0.5 mi)	https://lichenportal.org/portal/collections/individual/index.php?occid=3245500
3245501	NY	1219838	J. C. Lendemer	26671	0.02	44.2	Tennessee	Blount Co.	35.52014	-83.87417	outside_boundary_exact	North Carolina, Swain County	Great Smoky Mountains National Park, Gregory Bald Trail, Sheep Pen Gap to Gregory Bald (0.5 mi)	https://lichenportal.org/portal/collections/individual/index.php?occid=3245501
3245502	NY	1772474	J. C. Lendemer	33400	0.02	46.94	Tennessee	Cocke Co.	35.7633	-83.1611	outside_boundary_exact	North Carolina, Haywood County	Great Smoky Mountains National Park, summit of Mt. Cammerer, ridge extending NE of shelter	https://lichenportal.org/portal/collections/individual/index.php?occid=3245502
3245566	NY	1772459	J. C. Lendemer	33414	0.02	46.94	Tennessee	Cocke Co.	35.7633	-83.1611	outside_boundary_exact	North Carolina, Haywood County	Great Smoky Mountains National Park, summit of Mt. Cammerer, ridge extending NE of shelter	https://lichenportal.org/portal/collections/individual/index.php?occid=3245566
3245601	NY	1219800	J. C. Lendemer	26709	0.02	44.2	Tennessee	Blount Co.	35.52014	-83.87417	outside_boundary_exact	North Carolina, Swain County	Great Smoky Mountains National Park, Gregory Bald Trail, Sheep Pen Gap to Gregory Bald (0.5 mi)	https://lichenportal.org/portal/collections/individual/index.php?occid=3245601
3245609	NY	1219798	J. C. Lendemer	26711	0.02	44.2	Tennessee	Blount Co.	35.52014	-83.87417	outside_boundary_exact	North Carolina, Swain County	Great Smoky Mountains National Park, Gregory Bald Trail, Sheep Pen Gap to Gregory Bald (0.5 mi)	https://lichenportal.org/portal/collections/individual/index.php?occid=3245609
3245619	NY	1219828	J. C. Lendemer	26681	0.02	44.2	Tennessee	Blount Co.	35.52014	-83.87417	outside_boundary_exact	North Carolina, Swain County	Great Smoky Mountains National Park, Gregory Bald Trail, Sheep Pen Gap to Gregory Bald (0.5 mi)	https://lichenportal.org/portal/collections/individual/index.php?occid=3245619
3249698	NY	1772482	J. C. Lendemer	33392	0.02	46.94	Tennessee	Cocke Co.	35.7633	-83.1611	outside_boundary_exact	North Carolina, Haywood County	Great Smoky Mountains National Park, summit of Mt. Cammerer, ridge extending NE of shelter	https://lichenportal.org/portal/collections/individual/index.php?occid=3249698
3249801	NY	1772483	J. C. Lendemer	33391	0.02	46.94	Tennessee	Cocke Co.	35.7633	-83.1611	outside_boundary_exact	North Carolina, Haywood County	Great Smoky Mountains National Park, summit of Mt. Cammerer, ridge extending NE of shelter	https://lichenportal.org/portal/collections/individual/index.php?occid=3249801
3249883	NY	1772462	J. C. Lendemer	33412	0.02	46.94	Tennessee	Cocke Co.	35.7633	-83.1611	outside_boundary_exact	North Carolina, Haywood County	Great Smoky Mountains National Park, summit of Mt. Cammerer, ridge extending NE of shelter	https://lichenportal.org/portal/collections/individual/index.php?occid=3249883
3250311	NY	1219799	J. C. Lendemer	26710	0.02	44.2	Tennessee	Blount Co.	35.52014	-83.87417	outside_boundary_exact	North Carolina, Swain County	Great Smoky Mountains National Park, Gregory Bald Trail, Sheep Pen Gap to Gregory Bald (0.5 mi)	https://lichenportal.org/portal/collections/individual/index.php?occid=3250311
3256855	NY	03034445	A. Ciegler	300	0.02	50.57	Tennessee	Coffee Co.	35.30639	-85.96039	outside_boundary_exact	Tennessee, Franklin County	Negro Bottom, Site 7-13	https://lichenportal.org/portal/collections/individual/index.php?occid=3256855
3256856	NY	03034446	A. Ciegler	296	0.02	50.57	Tennessee	Coffee Co.	35.30639	-85.96039	outside_boundary_exact	Tennessee, Franklin County	Negro Bottom, Site 7-13	https://lichenportal.org/portal/collections/individual/index.php?occid=3256856
3256857	NY	03034447	A. Ciegler	297	0.02	50.57	Tennessee	Coffee Co.	35.30639	-85.96039	outside_boundary_exact	Tennessee, Franklin County	Negro Bottom, Site 7-13	https://lichenportal.org/portal/collections/individual/index.php?occid=3256857
3256858	NY	03034448	A. Ciegler	299	0.02	50.57	Tennessee	Coffee Co.	35.30639	-85.96039	outside_boundary_exact	Tennessee, Franklin County	Negro Bottom, Site 7-13	https://lichenportal.org/portal/collections/individual/index.php?occid=3256858
3256859	NY	03034449	A. Ciegler	295	0.02	50.57	Tennessee	Coffee Co.	35.30639	-85.96039	outside_boundary_exact	Tennessee, Franklin County	Negro Bottom, Site 7-13	https://lichenportal.org/portal/collections/individual/index.php?occid=3256859
3256860	NY	03034450	A. Ciegler	294	0.02	50.57	Tennessee	Coffee Co.	35.30639	-85.96039	outside_boundary_exact	Tennessee, Franklin County	Negro Bottom, Site 7-13	https://lichenportal.org/portal/collections/individual/index.php?occid=3256860
3514169	NY	03105462	E. Lay	94-1319	0.02	46.59	Tennessee	Carter Co.	36.1064	-82.1106	outside_boundary_exact	North Carolina, Mitchell County	Cherokee National Forest, Route 143 towards Roan Mt. and Carvers Gap, 3.2 miles from Carvers Gap on right-hand side of road.	https://lichenportal.org/portal/collections/individual/index.php?occid=3514169
3524662	NY	03861710	E. A. Tripp	8354	0.02	50.23	Tennessee	Blount Co.	35.56404	-83.7139	outside_boundary_exact	North Carolina, Swain County	Great Smoky Mountains National Park, Rocky Top, Appalachian Trail ~0.2 mi SW of Thunderhead Mountain, ~1 mi NE of jct w/ Bote Mountain Trail	https://lichenportal.org/portal/collections/individual/index.php?occid=3524662
3524665	NY	03861713	E. A. Tripp | J. C. Lendemer	7998	0.02	48.32	Tennessee	Blount Co.	35.562894	-83.7431	outside_boundary_exact	North Carolina, Swain County	Great Smoky Mountains National Park, N slopes of Mount Squires, Appalachian Trail 0.7 mi W of Spence Field and jct w/ Anthony Creek Trail/Bote Mountain Trail	https://lichenportal.org/portal/collections/individual/index.php?occid=3524665
3524993	NY	03861733	E. A. Tripp	7991	0.02	48.32	Tennessee	Blount Co.	35.562894	-83.7431	outside_boundary_exact	North Carolina, Swain County	Great Smoky Mountains National Park, N slopes of Mount Squires, Appalachian Trail 0.7 mi W of Spence Field and jct w/ Anthony Creek Trail/Bote Mountain Trail	https://lichenportal.org/portal/collections/individual/index.php?occid=3524993
3525008	NY	03861802	E. A. Tripp	8338	0.02	50.23	Tennessee	Blount Co.	35.56404	-83.7139	outside_boundary_exact	North Carolina, Swain County	Great Smoky Mountains National Park, Rocky Top, Appalachian Trail ~0.2 mi SW of Thunderhead Mountain, ~1 mi NE of jct w/ Bote Mountain Trail	https://lichenportal.org/portal/collections/individual/index.php?occid=3525008
3525009	NY	03861803	E. A. Tripp	8357	0.02	50.23	Tennessee	Blount Co.	35.56404	-83.7139	outside_boundary_exact	North Carolina, Swain County	Great Smoky Mountains National Park, Rocky Top, Appalachian Trail ~0.2 mi SW of Thunderhead Mountain, ~1 mi NE of jct w/ Bote Mountain Trail	https://lichenportal.org/portal/collections/individual/index.php?occid=3525009
3525109	NY	03861798	E. A. Tripp	8320	0.02	50.23	Tennessee	Blount Co.	35.56404	-83.7139	outside_boundary_exact	North Carolina, Swain County	Great Smoky Mountains National Park, Rocky Top, Appalachian Trail ~0.2 mi SW of Thunderhead Mountain, ~1 mi NE of jct w/ Bote Mountain Trail	https://lichenportal.org/portal/collections/individual/index.php?occid=3525109
3525110	NY	03861797	E. A. Tripp	8328	0.02	50.23	Tennessee	Blount Co.	35.56404	-83.7139	outside_boundary_exact	North Carolina, Swain County	Great Smoky Mountains National Park, Rocky Top, Appalachian Trail ~0.2 mi SW of Thunderhead Mountain, ~1 mi NE of jct w/ Bote Mountain Trail	https://lichenportal.org/portal/collections/individual/index.php?occid=3525110
3525111	NY	03861796	E. A. Tripp	8348	0.02	50.23	Tennessee	Blount Co.	35.56404	-83.7139	outside_boundary_exact	North Carolina, Swain County	Great Smoky Mountains National Park, Rocky Top, Appalachian Trail ~0.2 mi SW of Thunderhead Mountain, ~1 mi NE of jct w/ Bote Mountain Trail	https://lichenportal.org/portal/collections/individual/index.php?occid=3525111
3525120	NY	03861857	E. A. Tripp | J. C. Lendemer	7990	0.02	48.32	Tennessee	Blount Co.	35.562894	-83.7431	outside_boundary_exact	North Carolina, Swain County	Great Smoky Mountains National Park, N slopes of Mount Squires, Appalachian Trail 0.7 mi W of Spence Field and jct w/ Anthony Creek Trail/Bote Mountain Trail	https://lichenportal.org/portal/collections/individual/index.php?occid=3525120
3525138	NY	03861785	E. A. Tripp	7985	0.02	48.32	Tennessee	Blount Co.	35.562894	-83.7431	outside_boundary_exact	North Carolina, Swain County	Great Smoky Mountains National Park, N slopes of Mount Squires, Appalachian Trail 0.7 mi W of Spence Field and jct w/ Anthony Creek Trail/Bote Mountain Trail	https://lichenportal.org/portal/collections/individual/index.php?occid=3525138
3525181	NY	03861800	E. A. Tripp	8360	0.02	50.23	Tennessee	Blount Co.	35.56404	-83.7139	outside_boundary_exact	North Carolina, Swain County	Great Smoky Mountains National Park, Rocky Top, Appalachian Trail ~0.2 mi SW of Thunderhead Mountain, ~1 mi NE of jct w/ Bote Mountain Trail	https://lichenportal.org/portal/collections/individual/index.php?occid=3525181
3525700	NY	03861781	E. A. Tripp	8337	0.02	50.23	Tennessee	Blount Co.	35.56404	-83.7139	outside_boundary_exact	North Carolina, Swain County	Great Smoky Mountains National Park, Rocky Top, Appalachian Trail ~0.2 mi SW of Thunderhead Mountain, ~1 mi NE of jct w/ Bote Mountain Trail	https://lichenportal.org/portal/collections/individual/index.php?occid=3525700
3525774	NY	03861799	E. A. Tripp	8330	0.02	50.23	Tennessee	Blount Co.	35.56404	-83.7139	outside_boundary_exact	North Carolina, Swain County	Great Smoky Mountains National Park, Rocky Top, Appalachian Trail ~0.2 mi SW of Thunderhead Mountain, ~1 mi NE of jct w/ Bote Mountain Trail	https://lichenportal.org/portal/collections/individual/index.php?occid=3525774
3525776	NY	03861795	E. A. Tripp	8358	0.02	50.23	Tennessee	Blount Co.	35.56404	-83.7139	outside_boundary_exact	North Carolina, Swain County	Great Smoky Mountains National Park, Rocky Top, Appalachian Trail ~0.2 mi SW of Thunderhead Mountain, ~1 mi NE of jct w/ Bote Mountain Trail	https://lichenportal.org/portal/collections/individual/index.php?occid=3525776
3525777	NY	03861794	E. A. Tripp	8327	0.02	50.23	Tennessee	Blount Co.	35.56404	-83.7139	outside_boundary_exact	North Carolina, Swain County	Great Smoky Mountains National Park, Rocky Top, Appalachian Trail ~0.2 mi SW of Thunderhead Mountain, ~1 mi NE of jct w/ Bote Mountain Trail	https://lichenportal.org/portal/collections/individual/index.php?occid=3525777
3525778	NY	03861793	E. A. Tripp	8346	0.02	50.23	Tennessee	Blount Co.	35.56404	-83.7139	outside_boundary_exact	North Carolina, Swain County	Great Smoky Mountains National Park, Rocky Top, Appalachian Trail ~0.2 mi SW of Thunderhead Mountain, ~1 mi NE of jct w/ Bote Mountain Trail	https://lichenportal.org/portal/collections/individual/index.php?occid=3525778
3525832	NY	03861771	E. A. Tripp	8355	0.02	50.23	Tennessee	Blount Co.	35.56404	-83.7139	outside_boundary_exact	North Carolina, Swain County	Great Smoky Mountains National Park, Rocky Top, Appalachian Trail ~0.2 mi SW of Thunderhead Mountain, ~1 mi NE of jct w/ Bote Mountain Trail	https://lichenportal.org/portal/collections/individual/index.php?occid=3525832
3525835	NY	03861772	E. A. Tripp	8356	0.02	50.23	Tennessee	Blount Co.	35.56404	-83.7139	outside_boundary_exact	North Carolina, Swain County	Great Smoky Mountains National Park, Rocky Top, Appalachian Trail ~0.2 mi SW of Thunderhead Mountain, ~1 mi NE of jct w/ Bote Mountain Trail	https://lichenportal.org/portal/collections/individual/index.php?occid=3525835
3525858	NY	03861776	E. A. Tripp	8326	0.02	50.23	Tennessee	Blount Co.	35.56404	-83.7139	outside_boundary_exact	North Carolina, Swain County	Great Smoky Mountains National Park, Rocky Top, Appalachian Trail ~0.2 mi SW of Thunderhead Mountain, ~1 mi NE of jct w/ Bote Mountain Trail	https://lichenportal.org/portal/collections/individual/index.php?occid=3525858
3525860	NY	03861789	E. A. Tripp	8363	0.02	50.23	Tennessee	Blount Co.	35.56404	-83.7139	outside_boundary_exact	North Carolina, Swain County	Great Smoky Mountains National Park, Rocky Top, Appalachian Trail ~0.2 mi SW of Thunderhead Mountain, ~1 mi NE of jct w/ Bote Mountain Trail	https://lichenportal.org/portal/collections/individual/index.php?occid=3525860
3525892	NY	03861856	E. A. Tripp	7970	0.02	48.32	Tennessee	Blount Co.	35.562894	-83.7431	outside_boundary_exact	North Carolina, Swain County	Great Smoky Mountains National Park, N slopes of Mount Squires, Appalachian Trail 0.7 mi W of Spence Field and jct w/ Anthony Creek Trail/Bote Mountain Trail	https://lichenportal.org/portal/collections/individual/index.php?occid=3525892
3526160	NY	03861907	E. A. Tripp | J. C. Lendemer	7995	0.02	48.32	Tennessee	Blount Co.	35.562894	-83.7431	outside_boundary_exact	North Carolina, Swain County	Great Smoky Mountains National Park, N slopes of Mount Squires, Appalachian Trail 0.7 mi W of Spence Field and jct w/ Anthony Creek Trail/Bote Mountain Trail	https://lichenportal.org/portal/collections/individual/index.php?occid=3526160
3526161	NY	03861908	E. A. Tripp | J. C. Lendemer	8001	0.02	48.32	Tennessee	Blount Co.	35.562894	-83.7431	outside_boundary_exact	North Carolina, Swain County	Great Smoky Mountains National Park, N slopes of Mount Squires, Appalachian Trail 0.7 mi W of Spence Field and jct w/ Anthony Creek Trail/Bote Mountain Trail	https://lichenportal.org/portal/collections/individual/index.php?occid=3526161
3526162	NY	03861909	E. A. Tripp | J. C. Lendemer	7994	0.02	48.32	Tennessee	Blount Co.	35.562894	-83.7431	outside_boundary_exact	North Carolina, Swain County	Great Smoky Mountains National Park, N slopes of Mount Squires, Appalachian Trail 0.7 mi W of Spence Field and jct w/ Anthony Creek Trail/Bote Mountain Trail	https://lichenportal.org/portal/collections/individual/index.php?occid=3526162
3526163	NY	03861910	E. A. Tripp | J. C. Lendemer	7997	0.02	48.32	Tennessee	Blount Co.	35.562894	-83.7431	outside_boundary_exact	North Carolina, Swain County	Great Smoky Mountains National Park, N slopes of Mount Squires, Appalachian Trail 0.7 mi W of Spence Field and jct w/ Anthony Creek Trail/Bote Mountain Trail	https://lichenportal.org/portal/collections/individual/index.php?occid=3526163
3526164	NY	03861911	E. A. Tripp | J. C. Lendemer	8000	0.02	48.32	Tennessee	Blount Co.	35.562894	-83.7431	outside_boundary_exact	North Carolina, Swain County	Great Smoky Mountains National Park, N slopes of Mount Squires, Appalachian Trail 0.7 mi W of Spence Field and jct w/ Anthony Creek Trail/Bote Mountain Trail	https://lichenportal.org/portal/collections/individual/index.php?occid=3526164
3526165	NY	03861912	E. A. Tripp | J. C. Lendemer	7999	0.02	48.32	Tennessee	Blount Co.	35.562894	-83.7431	outside_boundary_exact	North Carolina, Swain County	Great Smoky Mountains National Park, N slopes of Mount Squires, Appalachian Trail 0.7 mi W of Spence Field and jct w/ Anthony Creek Trail/Bote Mountain Trail	https://lichenportal.org/portal/collections/individual/index.php?occid=3526165
3526166	NY	03861913	E. A. Tripp | J. C. Lendemer	8002	0.02	48.32	Tennessee	Blount Co.	35.562894	-83.7431	outside_boundary_exact	North Carolina, Swain County	Great Smoky Mountains National Park, N slopes of Mount Squires, Appalachian Trail 0.7 mi W of Spence Field and jct w/ Anthony Creek Trail/Bote Mountain Trail	https://lichenportal.org/portal/collections/individual/index.php?occid=3526166
3526167	NY	03861914	E. A. Tripp | J. C. Lendemer	7966	0.02	48.32	Tennessee	Blount Co.	35.562894	-83.7431	outside_boundary_exact	North Carolina, Swain County	Great Smoky Mountains National Park, N slopes of Mount Squires, Appalachian Trail 0.7 mi W of Spence Field and jct w/ Anthony Creek Trail/Bote Mountain Trail	https://lichenportal.org/portal/collections/individual/index.php?occid=3526167
3526168	NY	03861915	E. A. Tripp | J. C. Lendemer	7963	0.02	48.32	Tennessee	Blount Co.	35.562894	-83.7431	outside_boundary_exact	North Carolina, Swain County	Great Smoky Mountains National Park, N slopes of Mount Squires, Appalachian Trail 0.7 mi W of Spence Field and jct w/ Anthony Creek Trail/Bote Mountain Trail	https://lichenportal.org/portal/collections/individual/index.php?occid=3526168
3526169	NY	03861916	E. A. Tripp | J. C. Lendemer	7996	0.02	48.32	Tennessee	Blount Co.	35.562894	-83.7431	outside_boundary_exact	North Carolina, Swain County	Great Smoky Mountains National Park, N slopes of Mount Squires, Appalachian Trail 0.7 mi W of Spence Field and jct w/ Anthony Creek Trail/Bote Mountain Trail	https://lichenportal.org/portal/collections/individual/index.php?occid=3526169
3526170	NY	03861917	E. A. Tripp | J. C. Lendemer	7982	0.02	48.32	Tennessee	Blount Co.	35.562894	-83.7431	outside_boundary_exact	North Carolina, Swain County	Great Smoky Mountains National Park, N slopes of Mount Squires, Appalachian Trail 0.7 mi W of Spence Field and jct w/ Anthony Creek Trail/Bote Mountain Trail	https://lichenportal.org/portal/collections/individual/index.php?occid=3526170
3526171	NY	03861918	E. A. Tripp | J. C. Lendemer	7978	0.02	48.32	Tennessee	Blount Co.	35.562894	-83.7431	outside_boundary_exact	North Carolina, Swain County	Great Smoky Mountains National Park, N slopes of Mount Squires, Appalachian Trail 0.7 mi W of Spence Field and jct w/ Anthony Creek Trail/Bote Mountain Trail	https://lichenportal.org/portal/collections/individual/index.php?occid=3526171
3526375	NY	03722104	J. C. Lendemer	54226	0.02	48.32	Tennessee	Blount Co.	35.562894	-83.7431	outside_boundary_exact	North Carolina, Swain County	Great Smoky Mountains National Park, N slopes of Mount Squires, Appalachian Trail 0.7 mi W of Spence Field and jct w/ Anthony Creek Trail/Bote Mountain Trail	https://lichenportal.org/portal/collections/individual/index.php?occid=3526375
3526376	NY	03722105	J. C. Lendemer	54225	0.02	48.32	Tennessee	Blount Co.	35.562894	-83.7431	outside_boundary_exact	North Carolina, Swain County	Great Smoky Mountains National Park, N slopes of Mount Squires, Appalachian Trail 0.7 mi W of Spence Field and jct w/ Anthony Creek Trail/Bote Mountain Trail	https://lichenportal.org/portal/collections/individual/index.php?occid=3526376
3526377	NY	03722106	J. C. Lendemer	54224	0.02	48.32	Tennessee	Blount Co.	35.562894	-83.7431	outside_boundary_exact	North Carolina, Swain County	Great Smoky Mountains National Park, N slopes of Mount Squires, Appalachian Trail 0.7 mi W of Spence Field and jct w/ Anthony Creek Trail/Bote Mountain Trail	https://lichenportal.org/portal/collections/individual/index.php?occid=3526377
3526378	NY	03722107	J. C. Lendemer	54223	0.02	48.32	Tennessee	Blount Co.	35.562894	-83.7431	outside_boundary_exact	North Carolina, Swain County	Great Smoky Mountains National Park, N slopes of Mount Squires, Appalachian Trail 0.7 mi W of Spence Field and jct w/ Anthony Creek Trail/Bote Mountain Trail	https://lichenportal.org/portal/collections/individual/index.php?occid=3526378
3526379	NY	03722108	J. C. Lendemer	54222	0.02	48.32	Tennessee	Blount Co.	35.562894	-83.7431	outside_boundary_exact	North Carolina, Swain County	Great Smoky Mountains National Park, N slopes of Mount Squires, Appalachian Trail 0.7 mi W of Spence Field and jct w/ Anthony Creek Trail/Bote Mountain Trail	https://lichenportal.org/portal/collections/individual/index.php?occid=3526379
3526380	NY	03722109	J. C. Lendemer	54221	0.02	48.32	Tennessee	Blount Co.	35.562894	-83.7431	outside_boundary_exact	North Carolina, Swain County	Great Smoky Mountains National Park, N slopes of Mount Squires, Appalachian Trail 0.7 mi W of Spence Field and jct w/ Anthony Creek Trail/Bote Mountain Trail	https://lichenportal.org/portal/collections/individual/index.php?occid=3526380
3526381	NY	03722110	J. C. Lendemer	54220	0.02	48.32	Tennessee	Blount Co.	35.562894	-83.7431	outside_boundary_exact	North Carolina, Swain County	Great Smoky Mountains National Park, N slopes of Mount Squires, Appalachian Trail 0.7 mi W of Spence Field and jct w/ Anthony Creek Trail/Bote Mountain Trail	https://lichenportal.org/portal/collections/individual/index.php?occid=3526381
3526382	NY	03722111	J. C. Lendemer	54219	0.02	48.32	Tennessee	Blount Co.	35.562894	-83.7431	outside_boundary_exact	North Carolina, Swain County	Great Smoky Mountains National Park, N slopes of Mount Squires, Appalachian Trail 0.7 mi W of Spence Field and jct w/ Anthony Creek Trail/Bote Mountain Trail	https://lichenportal.org/portal/collections/individual/index.php?occid=3526382
3526383	NY	03722112	J. C. Lendemer	54218	0.02	48.32	Tennessee	Blount Co.	35.562894	-83.7431	outside_boundary_exact	North Carolina, Swain County	Great Smoky Mountains National Park, N slopes of Mount Squires, Appalachian Trail 0.7 mi W of Spence Field and jct w/ Anthony Creek Trail/Bote Mountain Trail	https://lichenportal.org/portal/collections/individual/index.php?occid=3526383
3526384	NY	03722113	J. C. Lendemer	54217	0.02	48.32	Tennessee	Blount Co.	35.562894	-83.7431	outside_boundary_exact	North Carolina, Swain County	Great Smoky Mountains National Park, N slopes of Mount Squires, Appalachian Trail 0.7 mi W of Spence Field and jct w/ Anthony Creek Trail/Bote Mountain Trail	https://lichenportal.org/portal/collections/individual/index.php?occid=3526384
3526385	NY	03722114	J. C. Lendemer	54216	0.02	48.32	Tennessee	Blount Co.	35.562894	-83.7431	outside_boundary_exact	North Carolina, Swain County	Great Smoky Mountains National Park, N slopes of Mount Squires, Appalachian Trail 0.7 mi W of Spence Field and jct w/ Anthony Creek Trail/Bote Mountain Trail	https://lichenportal.org/portal/collections/individual/index.php?occid=3526385
3526386	NY	03722115	J. C. Lendemer	54215	0.02	48.32	Tennessee	Blount Co.	35.562894	-83.7431	outside_boundary_exact	North Carolina, Swain County	Great Smoky Mountains National Park, N slopes of Mount Squires, Appalachian Trail 0.7 mi W of Spence Field and jct w/ Anthony Creek Trail/Bote Mountain Trail	https://lichenportal.org/portal/collections/individual/index.php?occid=3526386
3526387	NY	03722116	J. C. Lendemer	54214	0.02	48.32	Tennessee	Blount Co.	35.562894	-83.7431	outside_boundary_exact	North Carolina, Swain County	Great Smoky Mountains National Park, N slopes of Mount Squires, Appalachian Trail 0.7 mi W of Spence Field and jct w/ Anthony Creek Trail/Bote Mountain Trail	https://lichenportal.org/portal/collections/individual/index.php?occid=3526387
3526388	NY	03722117	J. C. Lendemer	54213	0.02	48.32	Tennessee	Blount Co.	35.562894	-83.7431	outside_boundary_exact	North Carolina, Swain County	Great Smoky Mountains National Park, N slopes of Mount Squires, Appalachian Trail 0.7 mi W of Spence Field and jct w/ Anthony Creek Trail/Bote Mountain Trail	https://lichenportal.org/portal/collections/individual/index.php?occid=3526388
3526389	NY	03722118	J. C. Lendemer	54212	0.02	48.32	Tennessee	Blount Co.	35.562894	-83.7431	outside_boundary_exact	North Carolina, Swain County	Great Smoky Mountains National Park, N slopes of Mount Squires, Appalachian Trail 0.7 mi W of Spence Field and jct w/ Anthony Creek Trail/Bote Mountain Trail	https://lichenportal.org/portal/collections/individual/index.php?occid=3526389
3526390	NY	03722119	J. C. Lendemer	54211	0.02	48.32	Tennessee	Blount Co.	35.562894	-83.7431	outside_boundary_exact	North Carolina, Swain County	Great Smoky Mountains National Park, N slopes of Mount Squires, Appalachian Trail 0.7 mi W of Spence Field and jct w/ Anthony Creek Trail/Bote Mountain Trail	https://lichenportal.org/portal/collections/individual/index.php?occid=3526390
3526391	NY	03722120	J. C. Lendemer	54210	0.02	48.32	Tennessee	Blount Co.	35.562894	-83.7431	outside_boundary_exact	North Carolina, Swain County	Great Smoky Mountains National Park, N slopes of Mount Squires, Appalachian Trail 0.7 mi W of Spence Field and jct w/ Anthony Creek Trail/Bote Mountain Trail	https://lichenportal.org/portal/collections/individual/index.php?occid=3526391
3526392	NY	03722121	J. C. Lendemer	54209	0.02	48.32	Tennessee	Blount Co.	35.562894	-83.7431	outside_boundary_exact	North Carolina, Swain County	Great Smoky Mountains National Park, N slopes of Mount Squires, Appalachian Trail 0.7 mi W of Spence Field and jct w/ Anthony Creek Trail/Bote Mountain Trail	https://lichenportal.org/portal/collections/individual/index.php?occid=3526392
3526393	NY	03722122	J. C. Lendemer	54208	0.02	48.32	Tennessee	Blount Co.	35.562894	-83.7431	outside_boundary_exact	North Carolina, Swain County	Great Smoky Mountains National Park, N slopes of Mount Squires, Appalachian Trail 0.7 mi W of Spence Field and jct w/ Anthony Creek Trail/Bote Mountain Trail	https://lichenportal.org/portal/collections/individual/index.php?occid=3526393
3526394	NY	03722123	J. C. Lendemer	54207	0.02	48.32	Tennessee	Blount Co.	35.562894	-83.7431	outside_boundary_exact	North Carolina, Swain County	Great Smoky Mountains National Park, N slopes of Mount Squires, Appalachian Trail 0.7 mi W of Spence Field and jct w/ Anthony Creek Trail/Bote Mountain Trail	https://lichenportal.org/portal/collections/individual/index.php?occid=3526394
3526395	NY	03722124	J. C. Lendemer	54206	0.02	48.32	Tennessee	Blount Co.	35.562894	-83.7431	outside_boundary_exact	North Carolina, Swain County	Great Smoky Mountains National Park, N slopes of Mount Squires, Appalachian Trail 0.7 mi W of Spence Field and jct w/ Anthony Creek Trail/Bote Mountain Trail	https://lichenportal.org/portal/collections/individual/index.php?occid=3526395
3526396	NY	03722125	J. C. Lendemer	54205	0.02	48.32	Tennessee	Blount Co.	35.562894	-83.7431	outside_boundary_exact	North Carolina, Swain County	Great Smoky Mountains National Park, N slopes of Mount Squires, Appalachian Trail 0.7 mi W of Spence Field and jct w/ Anthony Creek Trail/Bote Mountain Trail	https://lichenportal.org/portal/collections/individual/index.php?occid=3526396
3526397	NY	03722126	J. C. Lendemer	54204	0.02	48.32	Tennessee	Blount Co.	35.562894	-83.7431	outside_boundary_exact	North Carolina, Swain County	Great Smoky Mountains National Park, N slopes of Mount Squires, Appalachian Trail 0.7 mi W of Spence Field and jct w/ Anthony Creek Trail/Bote Mountain Trail	https://lichenportal.org/portal/collections/individual/index.php?occid=3526397
3526398	NY	03722127	J. C. Lendemer	54203	0.02	48.32	Tennessee	Blount Co.	35.562894	-83.7431	outside_boundary_exact	North Carolina, Swain County	Great Smoky Mountains National Park, N slopes of Mount Squires, Appalachian Trail 0.7 mi W of Spence Field and jct w/ Anthony Creek Trail/Bote Mountain Trail	https://lichenportal.org/portal/collections/individual/index.php?occid=3526398
3526399	NY	03722128	J. C. Lendemer	54202	0.02	48.32	Tennessee	Blount Co.	35.562894	-83.7431	outside_boundary_exact	North Carolina, Swain County	Great Smoky Mountains National Park, N slopes of Mount Squires, Appalachian Trail 0.7 mi W of Spence Field and jct w/ Anthony Creek Trail/Bote Mountain Trail	https://lichenportal.org/portal/collections/individual/index.php?occid=3526399
3526400	NY	03722129	J. C. Lendemer	54201	0.02	48.32	Tennessee	Blount Co.	35.562894	-83.7431	outside_boundary_exact	North Carolina, Swain County	Great Smoky Mountains National Park, N slopes of Mount Squires, Appalachian Trail 0.7 mi W of Spence Field and jct w/ Anthony Creek Trail/Bote Mountain Trail	https://lichenportal.org/portal/collections/individual/index.php?occid=3526400
3526401	NY	03722130	J. C. Lendemer	54200	0.02	48.32	Tennessee	Blount Co.	35.562894	-83.7431	outside_boundary_exact	North Carolina, Swain County	Great Smoky Mountains National Park, N slopes of Mount Squires, Appalachian Trail 0.7 mi W of Spence Field and jct w/ Anthony Creek Trail/Bote Mountain Trail	https://lichenportal.org/portal/collections/individual/index.php?occid=3526401
3526402	NY	03722131	J. C. Lendemer	54199	0.02	48.32	Tennessee	Blount Co.	35.562894	-83.7431	outside_boundary_exact	North Carolina, Swain County	Great Smoky Mountains National Park, N slopes of Mount Squires, Appalachian Trail 0.7 mi W of Spence Field and jct w/ Anthony Creek Trail/Bote Mountain Trail	https://lichenportal.org/portal/collections/individual/index.php?occid=3526402
3526403	NY	03722132	J. C. Lendemer	54198	0.02	48.32	Tennessee	Blount Co.	35.562894	-83.7431	outside_boundary_exact	North Carolina, Swain County	Great Smoky Mountains National Park, N slopes of Mount Squires, Appalachian Trail 0.7 mi W of Spence Field and jct w/ Anthony Creek Trail/Bote Mountain Trail	https://lichenportal.org/portal/collections/individual/index.php?occid=3526403
3526404	NY	03722133	J. C. Lendemer	54197	0.02	48.32	Tennessee	Blount Co.	35.562894	-83.7431	outside_boundary_exact	North Carolina, Swain County	Great Smoky Mountains National Park, N slopes of Mount Squires, Appalachian Trail 0.7 mi W of Spence Field and jct w/ Anthony Creek Trail/Bote Mountain Trail	https://lichenportal.org/portal/collections/individual/index.php?occid=3526404
3526405	NY	03722134	J. C. Lendemer	54196	0.02	48.32	Tennessee	Blount Co.	35.562894	-83.7431	outside_boundary_exact	North Carolina, Swain County	Great Smoky Mountains National Park, N slopes of Mount Squires, Appalachian Trail 0.7 mi W of Spence Field and jct w/ Anthony Creek Trail/Bote Mountain Trail	https://lichenportal.org/portal/collections/individual/index.php?occid=3526405
3526406	NY	03722135	J. C. Lendemer	54195	0.02	48.32	Tennessee	Blount Co.	35.562894	-83.7431	outside_boundary_exact	North Carolina, Swain County	Great Smoky Mountains National Park, N slopes of Mount Squires, Appalachian Trail 0.7 mi W of Spence Field and jct w/ Anthony Creek Trail/Bote Mountain Trail	https://lichenportal.org/portal/collections/individual/index.php?occid=3526406
3526407	NY	03722136	J. C. Lendemer	54194	0.02	48.32	Tennessee	Blount Co.	35.562894	-83.7431	outside_boundary_exact	North Carolina, Swain County	Great Smoky Mountains National Park, N slopes of Mount Squires, Appalachian Trail 0.7 mi W of Spence Field and jct w/ Anthony Creek Trail/Bote Mountain Trail	https://lichenportal.org/portal/collections/individual/index.php?occid=3526407
3526408	NY	03722137	J. C. Lendemer	54193	0.02	48.32	Tennessee	Blount Co.	35.562894	-83.7431	outside_boundary_exact	North Carolina, Swain County	Great Smoky Mountains National Park, N slopes of Mount Squires, Appalachian Trail 0.7 mi W of Spence Field and jct w/ Anthony Creek Trail/Bote Mountain Trail	https://lichenportal.org/portal/collections/individual/index.php?occid=3526408
3526409	NY	03722138	J. C. Lendemer	54192	0.02	48.32	Tennessee	Blount Co.	35.562894	-83.7431	outside_boundary_exact	North Carolina, Swain County	Great Smoky Mountains National Park, N slopes of Mount Squires, Appalachian Trail 0.7 mi W of Spence Field and jct w/ Anthony Creek Trail/Bote Mountain Trail	https://lichenportal.org/portal/collections/individual/index.php?occid=3526409
3526410	NY	03722139	J. C. Lendemer	54191	0.02	48.32	Tennessee	Blount Co.	35.562894	-83.7431	outside_boundary_exact	North Carolina, Swain County	Great Smoky Mountains National Park, N slopes of Mount Squires, Appalachian Trail 0.7 mi W of Spence Field and jct w/ Anthony Creek Trail/Bote Mountain Trail	https://lichenportal.org/portal/collections/individual/index.php?occid=3526410
3526411	NY	03722140	J. C. Lendemer	54190	0.02	48.32	Tennessee	Blount Co.	35.562894	-83.7431	outside_boundary_exact	North Carolina, Swain County	Great Smoky Mountains National Park, N slopes of Mount Squires, Appalachian Trail 0.7 mi W of Spence Field and jct w/ Anthony Creek Trail/Bote Mountain Trail	https://lichenportal.org/portal/collections/individual/index.php?occid=3526411
3526412	NY	03722141	J. C. Lendemer	54189	0.02	48.32	Tennessee	Blount Co.	35.562894	-83.7431	outside_boundary_exact	North Carolina, Swain County	Great Smoky Mountains National Park, N slopes of Mount Squires, Appalachian Trail 0.7 mi W of Spence Field and jct w/ Anthony Creek Trail/Bote Mountain Trail	https://lichenportal.org/portal/collections/individual/index.php?occid=3526412
3526413	NY	03722142	J. C. Lendemer	54188	0.02	48.32	Tennessee	Blount Co.	35.562894	-83.7431	outside_boundary_exact	North Carolina, Swain County	Great Smoky Mountains National Park, N slopes of Mount Squires, Appalachian Trail 0.7 mi W of Spence Field and jct w/ Anthony Creek Trail/Bote Mountain Trail	https://lichenportal.org/portal/collections/individual/index.php?occid=3526413
3526414	NY	03722143	J. C. Lendemer	54187	0.02	48.32	Tennessee	Blount Co.	35.562894	-83.7431	outside_boundary_exact	North Carolina, Swain County	Great Smoky Mountains National Park, N slopes of Mount Squires, Appalachian Trail 0.7 mi W of Spence Field and jct w/ Anthony Creek Trail/Bote Mountain Trail	https://lichenportal.org/portal/collections/individual/index.php?occid=3526414
3526415	NY	03722144	J. C. Lendemer	54186	0.02	48.32	Tennessee	Blount Co.	35.562894	-83.7431	outside_boundary_exact	North Carolina, Swain County	Great Smoky Mountains National Park, N slopes of Mount Squires, Appalachian Trail 0.7 mi W of Spence Field and jct w/ Anthony Creek Trail/Bote Mountain Trail	https://lichenportal.org/portal/collections/individual/index.php?occid=3526415
3526416	NY	03722145	J. C. Lendemer	54185	0.02	48.32	Tennessee	Blount Co.	35.562894	-83.7431	outside_boundary_exact	North Carolina, Swain County	Great Smoky Mountains National Park, N slopes of Mount Squires, Appalachian Trail 0.7 mi W of Spence Field and jct w/ Anthony Creek Trail/Bote Mountain Trail	https://lichenportal.org/portal/collections/individual/index.php?occid=3526416
3526417	NY	03722146	J. C. Lendemer	54184	0.02	48.32	Tennessee	Blount Co.	35.562894	-83.7431	outside_boundary_exact	North Carolina, Swain County	Great Smoky Mountains National Park, N slopes of Mount Squires, Appalachian Trail 0.7 mi W of Spence Field and jct w/ Anthony Creek Trail/Bote Mountain Trail	https://lichenportal.org/portal/collections/individual/index.php?occid=3526417
3526418	NY	03722147	J. C. Lendemer	54183	0.02	48.32	Tennessee	Blount Co.	35.562894	-83.7431	outside_boundary_exact	North Carolina, Swain County	Great Smoky Mountains National Park, N slopes of Mount Squires, Appalachian Trail 0.7 mi W of Spence Field and jct w/ Anthony Creek Trail/Bote Mountain Trail	https://lichenportal.org/portal/collections/individual/index.php?occid=3526418
3526419	NY	03722148	J. C. Lendemer	54182	0.02	48.32	Tennessee	Blount Co.	35.562894	-83.7431	outside_boundary_exact	North Carolina, Swain County	Great Smoky Mountains National Park, N slopes of Mount Squires, Appalachian Trail 0.7 mi W of Spence Field and jct w/ Anthony Creek Trail/Bote Mountain Trail	https://lichenportal.org/portal/collections/individual/index.php?occid=3526419
3526420	NY	03722149	J. C. Lendemer	54181	0.02	48.32	Tennessee	Blount Co.	35.562894	-83.7431	outside_boundary_exact	North Carolina, Swain County	Great Smoky Mountains National Park, N slopes of Mount Squires, Appalachian Trail 0.7 mi W of Spence Field and jct w/ Anthony Creek Trail/Bote Mountain Trail	https://lichenportal.org/portal/collections/individual/index.php?occid=3526420
3526421	NY	03722150	J. C. Lendemer	54180	0.02	48.32	Tennessee	Blount Co.	35.562894	-83.7431	outside_boundary_exact	North Carolina, Swain County	Great Smoky Mountains National Park, N slopes of Mount Squires, Appalachian Trail 0.7 mi W of Spence Field and jct w/ Anthony Creek Trail/Bote Mountain Trail	https://lichenportal.org/portal/collections/individual/index.php?occid=3526421
3526422	NY	03722151	J. C. Lendemer	54179	0.02	48.32	Tennessee	Blount Co.	35.562894	-83.7431	outside_boundary_exact	North Carolina, Swain County	Great Smoky Mountains National Park, N slopes of Mount Squires, Appalachian Trail 0.7 mi W of Spence Field and jct w/ Anthony Creek Trail/Bote Mountain Trail	https://lichenportal.org/portal/collections/individual/index.php?occid=3526422
3526423	NY	03722152	J. C. Lendemer	54178	0.02	48.32	Tennessee	Blount Co.	35.562894	-83.7431	outside_boundary_exact	North Carolina, Swain County	Great Smoky Mountains National Park, N slopes of Mount Squires, Appalachian Trail 0.7 mi W of Spence Field and jct w/ Anthony Creek Trail/Bote Mountain Trail	https://lichenportal.org/portal/collections/individual/index.php?occid=3526423
3526424	NY	03722153	J. C. Lendemer	54177	0.02	48.32	Tennessee	Blount Co.	35.562894	-83.7431	outside_boundary_exact	North Carolina, Swain County	Great Smoky Mountains National Park, N slopes of Mount Squires, Appalachian Trail 0.7 mi W of Spence Field and jct w/ Anthony Creek Trail/Bote Mountain Trail	https://lichenportal.org/portal/collections/individual/index.php?occid=3526424
3526426	NY	03722155	J. C. Lendemer	54175	0.02	48.32	Tennessee	Blount Co.	35.562894	-83.7431	outside_boundary_exact	North Carolina, Swain County	Great Smoky Mountains National Park, N slopes of Mount Squires, Appalachian Trail 0.7 mi W of Spence Field and jct w/ Anthony Creek Trail/Bote Mountain Trail	https://lichenportal.org/portal/collections/individual/index.php?occid=3526426
3526428	NY	03722157	J. C. Lendemer	54173	0.02	48.32	Tennessee	Blount Co.	35.562894	-83.7431	outside_boundary_exact	North Carolina, Swain County	Great Smoky Mountains National Park, N slopes of Mount Squires, Appalachian Trail 0.7 mi W of Spence Field and jct w/ Anthony Creek Trail/Bote Mountain Trail	https://lichenportal.org/portal/collections/individual/index.php?occid=3526428
3526429	NY	03722158	J. C. Lendemer	54172	0.02	48.32	Tennessee	Blount Co.	35.562894	-83.7431	outside_boundary_exact	North Carolina, Swain County	Great Smoky Mountains National Park, N slopes of Mount Squires, Appalachian Trail 0.7 mi W of Spence Field and jct w/ Anthony Creek Trail/Bote Mountain Trail	https://lichenportal.org/portal/collections/individual/index.php?occid=3526429
3526430	NY	03722159	J. C. Lendemer	54171	0.02	48.32	Tennessee	Blount Co.	35.562894	-83.7431	outside_boundary_exact	North Carolina, Swain County	Great Smoky Mountains National Park, N slopes of Mount Squires, Appalachian Trail 0.7 mi W of Spence Field and jct w/ Anthony Creek Trail/Bote Mountain Trail	https://lichenportal.org/portal/collections/individual/index.php?occid=3526430
3526431	NY	03722164	J. C. Lendemer	54166	0.02	48.32	Tennessee	Blount Co.	35.562894	-83.7431	outside_boundary_exact	North Carolina, Swain County	Great Smoky Mountains National Park, N slopes of Mount Squires, Appalachian Trail 0.7 mi W of Spence Field and jct w/ Anthony Creek Trail/Bote Mountain Trail	https://lichenportal.org/portal/collections/individual/index.php?occid=3526431
3526433	NY	03722163	J. C. Lendemer	54167	0.02	48.32	Tennessee	Blount Co.	35.562894	-83.7431	outside_boundary_exact	North Carolina, Swain County	Great Smoky Mountains National Park, N slopes of Mount Squires, Appalachian Trail 0.7 mi W of Spence Field and jct w/ Anthony Creek Trail/Bote Mountain Trail	https://lichenportal.org/portal/collections/individual/index.php?occid=3526433
3526434	NY	03722162	J. C. Lendemer	54168	0.02	48.32	Tennessee	Blount Co.	35.562894	-83.7431	outside_boundary_exact	North Carolina, Swain County	Great Smoky Mountains National Park, N slopes of Mount Squires, Appalachian Trail 0.7 mi W of Spence Field and jct w/ Anthony Creek Trail/Bote Mountain Trail	https://lichenportal.org/portal/collections/individual/index.php?occid=3526434
3526435	NY	03722161	J. C. Lendemer	54169	0.02	48.32	Tennessee	Blount Co.	35.562894	-83.7431	outside_boundary_exact	North Carolina, Swain County	Great Smoky Mountains National Park, N slopes of Mount Squires, Appalachian Trail 0.7 mi W of Spence Field and jct w/ Anthony Creek Trail/Bote Mountain Trail	https://lichenportal.org/portal/collections/individual/index.php?occid=3526435
3526436	NY	03722160	J. C. Lendemer	54170	0.02	48.32	Tennessee	Blount Co.	35.562894	-83.7431	outside_boundary_exact	North Carolina, Swain County	Great Smoky Mountains National Park, N slopes of Mount Squires, Appalachian Trail 0.7 mi W of Spence Field and jct w/ Anthony Creek Trail/Bote Mountain Trail	https://lichenportal.org/portal/collections/individual/index.php?occid=3526436
3526437	NY	03722166	J. C. Lendemer	54164	0.02	48.32	Tennessee	Blount Co.	35.562894	-83.7431	outside_boundary_exact	North Carolina, Swain County	Great Smoky Mountains National Park, N slopes of Mount Squires, Appalachian Trail 0.7 mi W of Spence Field and jct w/ Anthony Creek Trail/Bote Mountain Trail	https://lichenportal.org/portal/collections/individual/index.php?occid=3526437
3526438	NY	03722167	J. C. Lendemer	54163	0.02	48.32	Tennessee	Blount Co.	35.562894	-83.7431	outside_boundary_exact	North Carolina, Swain County	Great Smoky Mountains National Park, N slopes of Mount Squires, Appalachian Trail 0.7 mi W of Spence Field and jct w/ Anthony Creek Trail/Bote Mountain Trail	https://lichenportal.org/portal/collections/individual/index.php?occid=3526438
3526439	NY	03722168	J. C. Lendemer	54162	0.02	48.32	Tennessee	Blount Co.	35.562894	-83.7431	outside_boundary_exact	North Carolina, Swain County	Great Smoky Mountains National Park, N slopes of Mount Squires, Appalachian Trail 0.7 mi W of Spence Field and jct w/ Anthony Creek Trail/Bote Mountain Trail	https://lichenportal.org/portal/collections/individual/index.php?occid=3526439
3526440	NY	03722170	J. C. Lendemer	54160	0.02	48.32	Tennessee	Blount Co.	35.562894	-83.7431	outside_boundary_exact	North Carolina, Swain County	Great Smoky Mountains National Park, N slopes of Mount Squires, Appalachian Trail 0.7 mi W of Spence Field and jct w/ Anthony Creek Trail/Bote Mountain Trail	https://lichenportal.org/portal/collections/individual/index.php?occid=3526440
3526441	NY	03722171	J. C. Lendemer	54159	0.02	48.32	Tennessee	Blount Co.	35.562894	-83.7431	outside_boundary_exact	North Carolina, Swain County	Great Smoky Mountains National Park, N slopes of Mount Squires, Appalachian Trail 0.7 mi W of Spence Field and jct w/ Anthony Creek Trail/Bote Mountain Trail	https://lichenportal.org/portal/collections/individual/index.php?occid=3526441
3526442	NY	03722172	J. C. Lendemer	54158	0.02	48.32	Tennessee	Blount Co.	35.562894	-83.7431	outside_boundary_exact	North Carolina, Swain County	Great Smoky Mountains National Park, N slopes of Mount Squires, Appalachian Trail 0.7 mi W of Spence Field and jct w/ Anthony Creek Trail/Bote Mountain Trail	https://lichenportal.org/portal/collections/individual/index.php?occid=3526442
3526443	NY	03722173	J. C. Lendemer	54157	0.02	48.32	Tennessee	Blount Co.	35.562894	-83.7431	outside_boundary_exact	North Carolina, Swain County	Great Smoky Mountains National Park, N slopes of Mount Squires, Appalachian Trail 0.7 mi W of Spence Field and jct w/ Anthony Creek Trail/Bote Mountain Trail	https://lichenportal.org/portal/collections/individual/index.php?occid=3526443
3526444	NY	03722174	J. C. Lendemer	54156	0.02	48.32	Tennessee	Blount Co.	35.562894	-83.7431	outside_boundary_exact	North Carolina, Swain County	Great Smoky Mountains National Park, N slopes of Mount Squires, Appalachian Trail 0.7 mi W of Spence Field and jct w/ Anthony Creek Trail/Bote Mountain Trail	https://lichenportal.org/portal/collections/individual/index.php?occid=3526444
3526445	NY	03722175	J. C. Lendemer	54155	0.02	48.32	Tennessee	Blount Co.	35.562894	-83.7431	outside_boundary_exact	North Carolina, Swain County	Great Smoky Mountains National Park, N slopes of Mount Squires, Appalachian Trail 0.7 mi W of Spence Field and jct w/ Anthony Creek Trail/Bote Mountain Trail	https://lichenportal.org/portal/collections/individual/index.php?occid=3526445
3526446	NY	03722176	J. C. Lendemer	54154	0.02	48.32	Tennessee	Blount Co.	35.562894	-83.7431	outside_boundary_exact	North Carolina, Swain County	Great Smoky Mountains National Park, N slopes of Mount Squires, Appalachian Trail 0.7 mi W of Spence Field and jct w/ Anthony Creek Trail/Bote Mountain Trail	https://lichenportal.org/portal/collections/individual/index.php?occid=3526446
3526447	NY	03722177	J. C. Lendemer	54153	0.02	48.32	Tennessee	Blount Co.	35.562894	-83.7431	outside_boundary_exact	North Carolina, Swain County	Great Smoky Mountains National Park, N slopes of Mount Squires, Appalachian Trail 0.7 mi W of Spence Field and jct w/ Anthony Creek Trail/Bote Mountain Trail	https://lichenportal.org/portal/collections/individual/index.php?occid=3526447
3526448	NY	03722178	J. C. Lendemer	45152	0.02	48.32	Tennessee	Blount Co.	35.562894	-83.7431	outside_boundary_exact	North Carolina, Swain County	Great Smoky Mountains National Park, N slopes of Mount Squires, Appalachian Trail 0.7 mi W of Spence Field and jct w/ Anthony Creek Trail/Bote Mountain Trail	https://lichenportal.org/portal/collections/individual/index.php?occid=3526448
3526449	NY	03722179	J. C. Lendemer	54151	0.02	48.32	Tennessee	Blount Co.	35.562894	-83.7431	outside_boundary_exact	North Carolina, Swain County	Great Smoky Mountains National Park, N slopes of Mount Squires, Appalachian Trail 0.7 mi W of Spence Field and jct w/ Anthony Creek Trail/Bote Mountain Trail	https://lichenportal.org/portal/collections/individual/index.php?occid=3526449
3526450	NY	03722180	J. C. Lendemer	54150	0.02	48.32	Tennessee	Blount Co.	35.562894	-83.7431	outside_boundary_exact	North Carolina, Swain County	Great Smoky Mountains National Park, N slopes of Mount Squires, Appalachian Trail 0.7 mi W of Spence Field and jct w/ Anthony Creek Trail/Bote Mountain Trail	https://lichenportal.org/portal/collections/individual/index.php?occid=3526450
3526451	NY	03722181	J. C. Lendemer	54149	0.02	48.32	Tennessee	Blount Co.	35.562894	-83.7431	outside_boundary_exact	North Carolina, Swain County	Great Smoky Mountains National Park, N slopes of Mount Squires, Appalachian Trail 0.7 mi W of Spence Field and jct w/ Anthony Creek Trail/Bote Mountain Trail	https://lichenportal.org/portal/collections/individual/index.php?occid=3526451
3526452	NY	03722182	J. C. Lendemer	54148	0.02	48.32	Tennessee	Blount Co.	35.562894	-83.7431	outside_boundary_exact	North Carolina, Swain County	Great Smoky Mountains National Park, N slopes of Mount Squires, Appalachian Trail 0.7 mi W of Spence Field and jct w/ Anthony Creek Trail/Bote Mountain Trail	https://lichenportal.org/portal/collections/individual/index.php?occid=3526452
3526453	NY	03722183	J. C. Lendemer	54147	0.02	48.32	Tennessee	Blount Co.	35.562894	-83.7431	outside_boundary_exact	North Carolina, Swain County	Great Smoky Mountains National Park, N slopes of Mount Squires, Appalachian Trail 0.7 mi W of Spence Field and jct w/ Anthony Creek Trail/Bote Mountain Trail	https://lichenportal.org/portal/collections/individual/index.php?occid=3526453
3526454	NY	03722184	J. C. Lendemer	54146	0.02	48.32	Tennessee	Blount Co.	35.562894	-83.7431	outside_boundary_exact	North Carolina, Swain County	Great Smoky Mountains National Park, N slopes of Mount Squires, Appalachian Trail 0.7 mi W of Spence Field and jct w/ Anthony Creek Trail/Bote Mountain Trail	https://lichenportal.org/portal/collections/individual/index.php?occid=3526454
3526455	NY	03722185	J. C. Lendemer	54145	0.02	48.32	Tennessee	Blount Co.	35.562894	-83.7431	outside_boundary_exact	North Carolina, Swain County	Great Smoky Mountains National Park, N slopes of Mount Squires, Appalachian Trail 0.7 mi W of Spence Field and jct w/ Anthony Creek Trail/Bote Mountain Trail	https://lichenportal.org/portal/collections/individual/index.php?occid=3526455
3526456	NY	03722186	J. C. Lendemer	54144	0.02	48.32	Tennessee	Blount Co.	35.562894	-83.7431	outside_boundary_exact	North Carolina, Swain County	Great Smoky Mountains National Park, N slopes of Mount Squires, Appalachian Trail 0.7 mi W of Spence Field and jct w/ Anthony Creek Trail/Bote Mountain Trail	https://lichenportal.org/portal/collections/individual/index.php?occid=3526456
3526457	NY	03722187	J. C. Lendemer	54143	0.02	48.32	Tennessee	Blount Co.	35.562894	-83.7431	outside_boundary_exact	North Carolina, Swain County	Great Smoky Mountains National Park, N slopes of Mount Squires, Appalachian Trail 0.7 mi W of Spence Field and jct w/ Anthony Creek Trail/Bote Mountain Trail	https://lichenportal.org/portal/collections/individual/index.php?occid=3526457
3526458	NY	03722188	J. C. Lendemer	54142	0.02	48.32	Tennessee	Blount Co.	35.562894	-83.7431	outside_boundary_exact	North Carolina, Swain County	Great Smoky Mountains National Park, N slopes of Mount Squires, Appalachian Trail 0.7 mi W of Spence Field and jct w/ Anthony Creek Trail/Bote Mountain Trail	https://lichenportal.org/portal/collections/individual/index.php?occid=3526458
3526459	NY	03722189	J. C. Lendemer	54141	0.02	48.32	Tennessee	Blount Co.	35.562894	-83.7431	outside_boundary_exact	North Carolina, Swain County	Great Smoky Mountains National Park, N slopes of Mount Squires, Appalachian Trail 0.7 mi W of Spence Field and jct w/ Anthony Creek Trail/Bote Mountain Trail	https://lichenportal.org/portal/collections/individual/index.php?occid=3526459
3526460	NY	03722190	J. C. Lendemer	54140	0.02	48.32	Tennessee	Blount Co.	35.562894	-83.7431	outside_boundary_exact	North Carolina, Swain County	Great Smoky Mountains National Park, N slopes of Mount Squires, Appalachian Trail 0.7 mi W of Spence Field and jct w/ Anthony Creek Trail/Bote Mountain Trail	https://lichenportal.org/portal/collections/individual/index.php?occid=3526460
3526461	NY	03722191	J. C. Lendemer	54139	0.02	48.32	Tennessee	Blount Co.	35.562894	-83.7431	outside_boundary_exact	North Carolina, Swain County	Great Smoky Mountains National Park, N slopes of Mount Squires, Appalachian Trail 0.7 mi W of Spence Field and jct w/ Anthony Creek Trail/Bote Mountain Trail	https://lichenportal.org/portal/collections/individual/index.php?occid=3526461
3526462	NY	03722192	J. C. Lendemer	54138	0.02	48.32	Tennessee	Blount Co.	35.562894	-83.7431	outside_boundary_exact	North Carolina, Swain County	Great Smoky Mountains National Park, N slopes of Mount Squires, Appalachian Trail 0.7 mi W of Spence Field and jct w/ Anthony Creek Trail/Bote Mountain Trail	https://lichenportal.org/portal/collections/individual/index.php?occid=3526462
3526463	NY	03722193	J. C. Lendemer	54137	0.02	48.32	Tennessee	Blount Co.	35.562894	-83.7431	outside_boundary_exact	North Carolina, Swain County	Great Smoky Mountains National Park, N slopes of Mount Squires, Appalachian Trail 0.7 mi W of Spence Field and jct w/ Anthony Creek Trail/Bote Mountain Trail	https://lichenportal.org/portal/collections/individual/index.php?occid=3526463
3526464	NY	03722194	J. C. Lendemer	54136	0.02	48.32	Tennessee	Blount Co.	35.562894	-83.7431	outside_boundary_exact	North Carolina, Swain County	Great Smoky Mountains National Park, N slopes of Mount Squires, Appalachian Trail 0.7 mi W of Spence Field and jct w/ Anthony Creek Trail/Bote Mountain Trail	https://lichenportal.org/portal/collections/individual/index.php?occid=3526464
3526465	NY	03722195	J. C. Lendemer	54135	0.02	48.32	Tennessee	Blount Co.	35.562894	-83.7431	outside_boundary_exact	North Carolina, Swain County	Great Smoky Mountains National Park, N slopes of Mount Squires, Appalachian Trail 0.7 mi W of Spence Field and jct w/ Anthony Creek Trail/Bote Mountain Trail	https://lichenportal.org/portal/collections/individual/index.php?occid=3526465
3526466	NY	03722196	J. C. Lendemer	54134	0.02	48.32	Tennessee	Blount Co.	35.562894	-83.7431	outside_boundary_exact	North Carolina, Swain County	Great Smoky Mountains National Park, N slopes of Mount Squires, Appalachian Trail 0.7 mi W of Spence Field and jct w/ Anthony Creek Trail/Bote Mountain Trail	https://lichenportal.org/portal/collections/individual/index.php?occid=3526466
3526467	NY	03722197	J. C. Lendemer	54133	0.02	48.32	Tennessee	Blount Co.	35.562894	-83.7431	outside_boundary_exact	North Carolina, Swain County	Great Smoky Mountains National Park, N slopes of Mount Squires, Appalachian Trail 0.7 mi W of Spence Field and jct w/ Anthony Creek Trail/Bote Mountain Trail	https://lichenportal.org/portal/collections/individual/index.php?occid=3526467
3526468	NY	03722198	J. C. Lendemer	54132	0.02	48.32	Tennessee	Blount Co.	35.562894	-83.7431	outside_boundary_exact	North Carolina, Swain County	Great Smoky Mountains National Park, N slopes of Mount Squires, Appalachian Trail 0.7 mi W of Spence Field and jct w/ Anthony Creek Trail/Bote Mountain Trail	https://lichenportal.org/portal/collections/individual/index.php?occid=3526468
3526469	NY	03722199	J. C. Lendemer	54131	0.02	48.32	Tennessee	Blount Co.	35.562894	-83.7431	outside_boundary_exact	North Carolina, Swain County	Great Smoky Mountains National Park, N slopes of Mount Squires, Appalachian Trail 0.7 mi W of Spence Field and jct w/ Anthony Creek Trail/Bote Mountain Trail	https://lichenportal.org/portal/collections/individual/index.php?occid=3526469
3526470	NY	03722200	J. C. Lendemer	54130	0.02	48.32	Tennessee	Blount Co.	35.562894	-83.7431	outside_boundary_exact	North Carolina, Swain County	Great Smoky Mountains National Park, N slopes of Mount Squires, Appalachian Trail 0.7 mi W of Spence Field and jct w/ Anthony Creek Trail/Bote Mountain Trail	https://lichenportal.org/portal/collections/individual/index.php?occid=3526470
3526471	NY	03722201	J. C. Lendemer	54129	0.02	48.32	Tennessee	Blount Co.	35.562894	-83.7431	outside_boundary_exact	North Carolina, Swain County	Great Smoky Mountains National Park, N slopes of Mount Squires, Appalachian Trail 0.7 mi W of Spence Field and jct w/ Anthony Creek Trail/Bote Mountain Trail	https://lichenportal.org/portal/collections/individual/index.php?occid=3526471
3526472	NY	03722202	J. C. Lendemer	54128	0.02	48.32	Tennessee	Blount Co.	35.562894	-83.7431	outside_boundary_exact	North Carolina, Swain County	Great Smoky Mountains National Park, N slopes of Mount Squires, Appalachian Trail 0.7 mi W of Spence Field and jct w/ Anthony Creek Trail/Bote Mountain Trail	https://lichenportal.org/portal/collections/individual/index.php?occid=3526472
3526473	NY	03722203	J. C. Lendemer	54127	0.02	48.32	Tennessee	Blount Co.	35.562894	-83.7431	outside_boundary_exact	North Carolina, Swain County	Great Smoky Mountains National Park, N slopes of Mount Squires, Appalachian Trail 0.7 mi W of Spence Field and jct w/ Anthony Creek Trail/Bote Mountain Trail	https://lichenportal.org/portal/collections/individual/index.php?occid=3526473
3526474	NY	03722204	J. C. Lendemer	54126	0.02	48.32	Tennessee	Blount Co.	35.562894	-83.7431	outside_boundary_exact	North Carolina, Swain County	Great Smoky Mountains National Park, N slopes of Mount Squires, Appalachian Trail 0.7 mi W of Spence Field and jct w/ Anthony Creek Trail/Bote Mountain Trail	https://lichenportal.org/portal/collections/individual/index.php?occid=3526474
3526476	NY	03722169	J. C. Lendemer	54161	0.02	48.32	Tennessee	Blount Co.	35.562894	-83.7431	outside_boundary_exact	North Carolina, Swain County	Great Smoky Mountains National Park, N slopes of Mount Squires, Appalachian Trail 0.7 mi W of Spence Field and jct w/ Anthony Creek Trail/Bote Mountain Trail	https://lichenportal.org/portal/collections/individual/index.php?occid=3526476
3581395	NY	03722442	J. C. Lendemer	54932	0.02	50.23	Tennessee	Blount Co.	35.56404	-83.7139	outside_boundary_exact	North Carolina, Swain County	Great Smoky Mountains National Park, Rocky Top, Appalachian Trail ~0.2 mi SW of Thunderhead Mountain, ~1 mi NE of jct w/ Bote Mountain Trail	https://lichenportal.org/portal/collections/individual/index.php?occid=3581395
3581396	NY	03722443	J. C. Lendemer	54931	0.02	50.23	Tennessee	Blount Co.	35.56404	-83.7139	outside_boundary_exact	North Carolina, Swain County	Great Smoky Mountains National Park, Rocky Top, Appalachian Trail ~0.2 mi SW of Thunderhead Mountain, ~1 mi NE of jct w/ Bote Mountain Trail	https://lichenportal.org/portal/collections/individual/index.php?occid=3581396
3581398	NY	03861966	E. A. Tripp	7968	0.02	48.32	Tennessee	Blount Co.	35.562894	-83.7431	outside_boundary_exact	North Carolina, Swain County	Great Smoky Mountains National Park, N slopes of Mount Squires, Appalachian Trail 0.7 mi W of Spence Field and jct w/ Anthony Creek Trail/Bote Mountain Trail	https://lichenportal.org/portal/collections/individual/index.php?occid=3581398
3581399	NY	03861965	E. A. Tripp	7967	0.02	48.32	Tennessee	Blount Co.	35.562894	-83.7431	outside_boundary_exact	North Carolina, Swain County	Great Smoky Mountains National Park, N slopes of Mount Squires, Appalachian Trail 0.7 mi W of Spence Field and jct w/ Anthony Creek Trail/Bote Mountain Trail	https://lichenportal.org/portal/collections/individual/index.php?occid=3581399
3581406	NY	03861970	E. A. Tripp	7981	0.02	48.32	Tennessee	Blount Co.	35.562894	-83.7431	outside_boundary_exact	North Carolina, Swain County	Great Smoky Mountains National Park, N slopes of Mount Squires, Appalachian Trail 0.7 mi W of Spence Field and jct w/ Anthony Creek Trail/Bote Mountain Trail	https://lichenportal.org/portal/collections/individual/index.php?occid=3581406
3581410	NY	03722411	J. C. Lendemer	54963	0.02	50.23	Tennessee	Blount Co.	35.56404	-83.7139	outside_boundary_exact	North Carolina, Swain County	Great Smoky Mountains National Park, Rocky Top, Appalachian Trail ~0.2 mi SW of Thunderhead Mountain, ~1 mi NE of jct w/ Bote Mountain Trail	https://lichenportal.org/portal/collections/individual/index.php?occid=3581410
3581411	NY	03722459	J. C. Lendemer	54915	0.02	50.23	Tennessee	Blount Co.	35.56404	-83.7139	outside_boundary_exact	North Carolina, Swain County	Great Smoky Mountains National Park, Rocky Top, Appalachian Trail ~0.2 mi SW of Thunderhead Mountain, ~1 mi NE of jct w/ Bote Mountain Trail	https://lichenportal.org/portal/collections/individual/index.php?occid=3581411
3581412	NY	03722397	J. C. Lendemer	54977	0.02	50.23	Tennessee	Blount Co.	35.56404	-83.7139	outside_boundary_exact	North Carolina, Swain County	Great Smoky Mountains National Park, Rocky Top, Appalachian Trail ~0.2 mi SW of Thunderhead Mountain, ~1 mi NE of jct w/ Bote Mountain Trail	https://lichenportal.org/portal/collections/individual/index.php?occid=3581412
3581413	NY	03722398	J. C. Lendemer	54976	0.02	50.23	Tennessee	Blount Co.	35.56404	-83.7139	outside_boundary_exact	North Carolina, Swain County	Great Smoky Mountains National Park, Rocky Top, Appalachian Trail ~0.2 mi SW of Thunderhead Mountain, ~1 mi NE of jct w/ Bote Mountain Trail	https://lichenportal.org/portal/collections/individual/index.php?occid=3581413
3581415	NY	03861964	E. A. Tripp	7965	0.02	48.32	Tennessee	Blount Co.	35.562894	-83.7431	outside_boundary_exact	North Carolina, Swain County	Great Smoky Mountains National Park, N slopes of Mount Squires, Appalachian Trail 0.7 mi W of Spence Field and jct w/ Anthony Creek Trail/Bote Mountain Trail	https://lichenportal.org/portal/collections/individual/index.php?occid=3581415
3581417	NY	03722436	J. C. Lendemer	54938	0.02	50.23	Tennessee	Blount Co.	35.56404	-83.7139	outside_boundary_exact	North Carolina, Swain County	Great Smoky Mountains National Park, Rocky Top, Appalachian Trail ~0.2 mi SW of Thunderhead Mountain, ~1 mi NE of jct w/ Bote Mountain Trail	https://lichenportal.org/portal/collections/individual/index.php?occid=3581417
3581419	NY	03722456	J. C. Lendemer	54918	0.02	50.23	Tennessee	Blount Co.	35.56404	-83.7139	outside_boundary_exact	North Carolina, Swain County	Great Smoky Mountains National Park, Rocky Top, Appalachian Trail ~0.2 mi SW of Thunderhead Mountain, ~1 mi NE of jct w/ Bote Mountain Trail	https://lichenportal.org/portal/collections/individual/index.php?occid=3581419
3581421	NY	03861967	E. A. Tripp	7969	0.02	48.32	Tennessee	Blount Co.	35.562894	-83.7431	outside_boundary_exact	North Carolina, Swain County	Great Smoky Mountains National Park, N slopes of Mount Squires, Appalachian Trail 0.7 mi W of Spence Field and jct w/ Anthony Creek Trail/Bote Mountain Trail	https://lichenportal.org/portal/collections/individual/index.php?occid=3581421
3581423	NY	03722439	J. C. Lendemer	54935	0.02	50.23	Tennessee	Blount Co.	35.56404	-83.7139	outside_boundary_exact	North Carolina, Swain County	Great Smoky Mountains National Park, Rocky Top, Appalachian Trail ~0.2 mi SW of Thunderhead Mountain, ~1 mi NE of jct w/ Bote Mountain Trail	https://lichenportal.org/portal/collections/individual/index.php?occid=3581423
3581424	NY	03722440	J. C. Lendemer	54934	0.02	50.23	Tennessee	Blount Co.	35.56404	-83.7139	outside_boundary_exact	North Carolina, Swain County	Great Smoky Mountains National Park, Rocky Top, Appalachian Trail ~0.2 mi SW of Thunderhead Mountain, ~1 mi NE of jct w/ Bote Mountain Trail	https://lichenportal.org/portal/collections/individual/index.php?occid=3581424
3581437	NY	03861972	E. A. Tripp	7988	0.02	48.32	Tennessee	Blount Co.	35.562894	-83.7431	outside_boundary_exact	North Carolina, Swain County	Great Smoky Mountains National Park, N slopes of Mount Squires, Appalachian Trail 0.7 mi W of Spence Field and jct w/ Anthony Creek Trail/Bote Mountain Trail	https://lichenportal.org/portal/collections/individual/index.php?occid=3581437
3581438	NY	03722431	J. C. Lendemer	54943	0.02	50.23	Tennessee	Blount Co.	35.56404	-83.7139	outside_boundary_exact	North Carolina, Swain County	Great Smoky Mountains National Park, Rocky Top, Appalachian Trail ~0.2 mi SW of Thunderhead Mountain, ~1 mi NE of jct w/ Bote Mountain Trail	https://lichenportal.org/portal/collections/individual/index.php?occid=3581438
3581439	NY	03722432	J. C. Lendemer	54942	0.02	50.23	Tennessee	Blount Co.	35.56404	-83.7139	outside_boundary_exact	North Carolina, Swain County	Great Smoky Mountains National Park, Rocky Top, Appalachian Trail ~0.2 mi SW of Thunderhead Mountain, ~1 mi NE of jct w/ Bote Mountain Trail	https://lichenportal.org/portal/collections/individual/index.php?occid=3581439
3581440	NY	03722384	J. C. Lendemer	54990	0.02	50.23	Tennessee	Blount Co.	35.56404	-83.7139	outside_boundary_exact	North Carolina, Swain County	Great Smoky Mountains National Park, Rocky Top, Appalachian Trail ~0.2 mi SW of Thunderhead Mountain, ~1 mi NE of jct w/ Bote Mountain Trail	https://lichenportal.org/portal/collections/individual/index.php?occid=3581440
3581441	NY	03722385	J. C. Lendemer	54989	0.02	50.23	Tennessee	Blount Co.	35.56404	-83.7139	outside_boundary_exact	North Carolina, Swain County	Great Smoky Mountains National Park, Rocky Top, Appalachian Trail ~0.2 mi SW of Thunderhead Mountain, ~1 mi NE of jct w/ Bote Mountain Trail	https://lichenportal.org/portal/collections/individual/index.php?occid=3581441
3581442	NY	03722386	J. C. Lendemer	54988	0.02	50.23	Tennessee	Blount Co.	35.56404	-83.7139	outside_boundary_exact	North Carolina, Swain County	Great Smoky Mountains National Park, Rocky Top, Appalachian Trail ~0.2 mi SW of Thunderhead Mountain, ~1 mi NE of jct w/ Bote Mountain Trail	https://lichenportal.org/portal/collections/individual/index.php?occid=3581442
3581443	NY	03722353	J. C. Lendemer	55022	0.02	50.23	Tennessee	Blount Co.	35.56404	-83.7139	outside_boundary_exact	North Carolina, Swain County	Great Smoky Mountains National Park, Rocky Top, Appalachian Trail ~0.2 mi SW of Thunderhead Mountain, ~1 mi NE of jct w/ Bote Mountain Trail	https://lichenportal.org/portal/collections/individual/index.php?occid=3581443
3581449	NY	03722365	J. C. Lendemer	55010	0.02	50.23	Tennessee	Blount Co.	35.56404	-83.7139	outside_boundary_exact	North Carolina, Swain County	Great Smoky Mountains National Park, Rocky Top, Appalachian Trail ~0.2 mi SW of Thunderhead Mountain, ~1 mi NE of jct w/ Bote Mountain Trail	https://lichenportal.org/portal/collections/individual/index.php?occid=3581449
3581451	NY	03722380	J. C. Lendemer	54994	0.02	50.23	Tennessee	Blount Co.	35.56404	-83.7139	outside_boundary_exact	North Carolina, Swain County	Great Smoky Mountains National Park, Rocky Top, Appalachian Trail ~0.2 mi SW of Thunderhead Mountain, ~1 mi NE of jct w/ Bote Mountain Trail	https://lichenportal.org/portal/collections/individual/index.php?occid=3581451
3581458	NY	03722389	J. C. Lendemer	54985	0.02	50.23	Tennessee	Blount Co.	35.56404	-83.7139	outside_boundary_exact	North Carolina, Swain County	Great Smoky Mountains National Park, Rocky Top, Appalachian Trail ~0.2 mi SW of Thunderhead Mountain, ~1 mi NE of jct w/ Bote Mountain Trail	https://lichenportal.org/portal/collections/individual/index.php?occid=3581458
3581459	NY	03722390	J. C. Lendemer	54984	0.02	50.23	Tennessee	Blount Co.	35.56404	-83.7139	outside_boundary_exact	North Carolina, Swain County	Great Smoky Mountains National Park, Rocky Top, Appalachian Trail ~0.2 mi SW of Thunderhead Mountain, ~1 mi NE of jct w/ Bote Mountain Trail	https://lichenportal.org/portal/collections/individual/index.php?occid=3581459
3581460	NY	03722391	J. C. Lendemer	54983	0.02	50.23	Tennessee	Blount Co.	35.56404	-83.7139	outside_boundary_exact	North Carolina, Swain County	Great Smoky Mountains National Park, Rocky Top, Appalachian Trail ~0.2 mi SW of Thunderhead Mountain, ~1 mi NE of jct w/ Bote Mountain Trail	https://lichenportal.org/portal/collections/individual/index.php?occid=3581460
3581467	NY	03722445	J. C. Lendemer	54929	0.02	50.23	Tennessee	Blount Co.	35.56404	-83.7139	outside_boundary_exact	North Carolina, Swain County	Great Smoky Mountains National Park, Rocky Top, Appalachian Trail ~0.2 mi SW of Thunderhead Mountain, ~1 mi NE of jct w/ Bote Mountain Trail	https://lichenportal.org/portal/collections/individual/index.php?occid=3581467
3581468	NY	03722446	J. C. Lendemer	54928	0.02	50.23	Tennessee	Blount Co.	35.56404	-83.7139	outside_boundary_exact	North Carolina, Swain County	Great Smoky Mountains National Park, Rocky Top, Appalachian Trail ~0.2 mi SW of Thunderhead Mountain, ~1 mi NE of jct w/ Bote Mountain Trail	https://lichenportal.org/portal/collections/individual/index.php?occid=3581468
3581469	NY	03722447	J. C. Lendemer	54927	0.02	50.23	Tennessee	Blount Co.	35.56404	-83.7139	outside_boundary_exact	North Carolina, Swain County	Great Smoky Mountains National Park, Rocky Top, Appalachian Trail ~0.2 mi SW of Thunderhead Mountain, ~1 mi NE of jct w/ Bote Mountain Trail	https://lichenportal.org/portal/collections/individual/index.php?occid=3581469
3581476	NY	03862171	E. A. Tripp	8321	0.02	50.23	Tennessee	Blount Co.	35.56404	-83.7139	outside_boundary_exact	North Carolina, Swain County	Great Smoky Mountains National Park, Rocky Top, Appalachian Trail ~0.2 mi SW of Thunderhead Mountain, ~1 mi NE of jct w/ Bote Mountain Trail	https://lichenportal.org/portal/collections/individual/index.php?occid=3581476
3581478	NY	03862173	E. A. Tripp	8347	0.02	50.23	Tennessee	Blount Co.	35.56404	-83.7139	outside_boundary_exact	North Carolina, Swain County	Great Smoky Mountains National Park, Rocky Top, Appalachian Trail ~0.2 mi SW of Thunderhead Mountain, ~1 mi NE of jct w/ Bote Mountain Trail	https://lichenportal.org/portal/collections/individual/index.php?occid=3581478
3581479	NY	03862174	E. A. Tripp	8336	0.02	50.23	Tennessee	Blount Co.	35.56404	-83.7139	outside_boundary_exact	North Carolina, Swain County	Great Smoky Mountains National Park, Rocky Top, Appalachian Trail ~0.2 mi SW of Thunderhead Mountain, ~1 mi NE of jct w/ Bote Mountain Trail	https://lichenportal.org/portal/collections/individual/index.php?occid=3581479
3581482	NY	03722409	J. C. Lendemer	54965	0.02	50.23	Tennessee	Blount Co.	35.56404	-83.7139	outside_boundary_exact	North Carolina, Swain County	Great Smoky Mountains National Park, Rocky Top, Appalachian Trail ~0.2 mi SW of Thunderhead Mountain, ~1 mi NE of jct w/ Bote Mountain Trail	https://lichenportal.org/portal/collections/individual/index.php?occid=3581482
3581483	NY	03722410	J. C. Lendemer	54964	0.02	50.23	Tennessee	Blount Co.	35.56404	-83.7139	outside_boundary_exact	North Carolina, Swain County	Great Smoky Mountains National Park, Rocky Top, Appalachian Trail ~0.2 mi SW of Thunderhead Mountain, ~1 mi NE of jct w/ Bote Mountain Trail	https://lichenportal.org/portal/collections/individual/index.php?occid=3581483
3581492	NY	03861980	E. A. Tripp	7976	0.02	48.32	Tennessee	Blount Co.	35.562894	-83.7431	outside_boundary_exact	North Carolina, Swain County	Great Smoky Mountains National Park, N slopes of Mount Squires, Appalachian Trail 0.7 mi W of Spence Field and jct w/ Anthony Creek Trail/Bote Mountain Trail	https://lichenportal.org/portal/collections/individual/index.php?occid=3581492
3581493	NY	03722375	J. C. Lendemer	54999	0.02	50.23	Tennessee	Blount Co.	35.56404	-83.7139	outside_boundary_exact	North Carolina, Swain County	Great Smoky Mountains National Park, Rocky Top, Appalachian Trail ~0.2 mi SW of Thunderhead Mountain, ~1 mi NE of jct w/ Bote Mountain Trail	https://lichenportal.org/portal/collections/individual/index.php?occid=3581493
3581494	NY	03722376	J. C. Lendemer	54998	0.02	50.23	Tennessee	Blount Co.	35.56404	-83.7139	outside_boundary_exact	North Carolina, Swain County	Great Smoky Mountains National Park, Rocky Top, Appalachian Trail ~0.2 mi SW of Thunderhead Mountain, ~1 mi NE of jct w/ Bote Mountain Trail	https://lichenportal.org/portal/collections/individual/index.php?occid=3581494
3581495	NY	03722414	J. C. Lendemer	54960	0.02	50.23	Tennessee	Blount Co.	35.56404	-83.7139	outside_boundary_exact	North Carolina, Swain County	Great Smoky Mountains National Park, Rocky Top, Appalachian Trail ~0.2 mi SW of Thunderhead Mountain, ~1 mi NE of jct w/ Bote Mountain Trail	https://lichenportal.org/portal/collections/individual/index.php?occid=3581495
3581496	NY	03722415	J. C. Lendemer	54959	0.02	50.23	Tennessee	Blount Co.	35.56404	-83.7139	outside_boundary_exact	North Carolina, Swain County	Great Smoky Mountains National Park, Rocky Top, Appalachian Trail ~0.2 mi SW of Thunderhead Mountain, ~1 mi NE of jct w/ Bote Mountain Trail	https://lichenportal.org/portal/collections/individual/index.php?occid=3581496
3581512	NY	03722425	J. C. Lendemer	54949	0.02	50.23	Tennessee	Blount Co.	35.56404	-83.7139	outside_boundary_exact	North Carolina, Swain County	Great Smoky Mountains National Park, Rocky Top, Appalachian Trail ~0.2 mi SW of Thunderhead Mountain, ~1 mi NE of jct w/ Bote Mountain Trail	https://lichenportal.org/portal/collections/individual/index.php?occid=3581512
3581513	NY	03722426	J. C. Lendemer	54948	0.02	50.23	Tennessee	Blount Co.	35.56404	-83.7139	outside_boundary_exact	North Carolina, Swain County	Great Smoky Mountains National Park, Rocky Top, Appalachian Trail ~0.2 mi SW of Thunderhead Mountain, ~1 mi NE of jct w/ Bote Mountain Trail	https://lichenportal.org/portal/collections/individual/index.php?occid=3581513
3581515	NY	03722363	J. C. Lendemer	55012	0.02	50.23	Tennessee	Blount Co.	35.56404	-83.7139	outside_boundary_exact	North Carolina, Swain County	Great Smoky Mountains National Park, Rocky Top, Appalachian Trail ~0.2 mi SW of Thunderhead Mountain, ~1 mi NE of jct w/ Bote Mountain Trail	https://lichenportal.org/portal/collections/individual/index.php?occid=3581515
3581516	NY	03722364	J. C. Lendemer	55011	0.02	50.23	Tennessee	Blount Co.	35.56404	-83.7139	outside_boundary_exact	North Carolina, Swain County	Great Smoky Mountains National Park, Rocky Top, Appalachian Trail ~0.2 mi SW of Thunderhead Mountain, ~1 mi NE of jct w/ Bote Mountain Trail	https://lichenportal.org/portal/collections/individual/index.php?occid=3581516
3581518	NY	03722377	J. C. Lendemer	54997	0.02	50.23	Tennessee	Blount Co.	35.56404	-83.7139	outside_boundary_exact	North Carolina, Swain County	Great Smoky Mountains National Park, Rocky Top, Appalachian Trail ~0.2 mi SW of Thunderhead Mountain, ~1 mi NE of jct w/ Bote Mountain Trail	https://lichenportal.org/portal/collections/individual/index.php?occid=3581518
3581519	NY	03722378	J. C. Lendemer	54996	0.02	50.23	Tennessee	Blount Co.	35.56404	-83.7139	outside_boundary_exact	North Carolina, Swain County	Great Smoky Mountains National Park, Rocky Top, Appalachian Trail ~0.2 mi SW of Thunderhead Mountain, ~1 mi NE of jct w/ Bote Mountain Trail	https://lichenportal.org/portal/collections/individual/index.php?occid=3581519
3581521	NY	03722379	J. C. Lendemer	54995	0.02	50.23	Tennessee	Blount Co.	35.56404	-83.7139	outside_boundary_exact	North Carolina, Swain County	Great Smoky Mountains National Park, Rocky Top, Appalachian Trail ~0.2 mi SW of Thunderhead Mountain, ~1 mi NE of jct w/ Bote Mountain Trail	https://lichenportal.org/portal/collections/individual/index.php?occid=3581521
3581527	NY	03722428	J. C. Lendemer	54946	0.02	50.23	Tennessee	Blount Co.	35.56404	-83.7139	outside_boundary_exact	North Carolina, Swain County	Great Smoky Mountains National Park, Rocky Top, Appalachian Trail ~0.2 mi SW of Thunderhead Mountain, ~1 mi NE of jct w/ Bote Mountain Trail	https://lichenportal.org/portal/collections/individual/index.php?occid=3581527
3581528	NY	03722429	J. C. Lendemer	54945	0.02	50.23	Tennessee	Blount Co.	35.56404	-83.7139	outside_boundary_exact	North Carolina, Swain County	Great Smoky Mountains National Park, Rocky Top, Appalachian Trail ~0.2 mi SW of Thunderhead Mountain, ~1 mi NE of jct w/ Bote Mountain Trail	https://lichenportal.org/portal/collections/individual/index.php?occid=3581528
3581529	NY	03722430	J. C. Lendemer	54944	0.02	50.23	Tennessee	Blount Co.	35.56404	-83.7139	outside_boundary_exact	North Carolina, Swain County	Great Smoky Mountains National Park, Rocky Top, Appalachian Trail ~0.2 mi SW of Thunderhead Mountain, ~1 mi NE of jct w/ Bote Mountain Trail	https://lichenportal.org/portal/collections/individual/index.php?occid=3581529
3581530	NY	03722420	J. C. Lendemer	54954	0.02	50.23	Tennessee	Blount Co.	35.56404	-83.7139	outside_boundary_exact	North Carolina, Swain County	Great Smoky Mountains National Park, Rocky Top, Appalachian Trail ~0.2 mi SW of Thunderhead Mountain, ~1 mi NE of jct w/ Bote Mountain Trail	https://lichenportal.org/portal/collections/individual/index.php?occid=3581530
3581531	NY	03722421	J. C. Lendemer	54953	0.02	50.23	Tennessee	Blount Co.	35.56404	-83.7139	outside_boundary_exact	North Carolina, Swain County	Great Smoky Mountains National Park, Rocky Top, Appalachian Trail ~0.2 mi SW of Thunderhead Mountain, ~1 mi NE of jct w/ Bote Mountain Trail	https://lichenportal.org/portal/collections/individual/index.php?occid=3581531
3581537	NY	03722453	J. C. Lendemer	54921	0.02	50.23	Tennessee	Blount Co.	35.56404	-83.7139	outside_boundary_exact	North Carolina, Swain County	Great Smoky Mountains National Park, Rocky Top, Appalachian Trail ~0.2 mi SW of Thunderhead Mountain, ~1 mi NE of jct w/ Bote Mountain Trail	https://lichenportal.org/portal/collections/individual/index.php?occid=3581537
3581538	NY	03722454	J. C. Lendemer	54920	0.02	50.23	Tennessee	Blount Co.	35.56404	-83.7139	outside_boundary_exact	North Carolina, Swain County	Great Smoky Mountains National Park, Rocky Top, Appalachian Trail ~0.2 mi SW of Thunderhead Mountain, ~1 mi NE of jct w/ Bote Mountain Trail	https://lichenportal.org/portal/collections/individual/index.php?occid=3581538
3581539	NY	03722418	J. C. Lendemer	54956	0.02	50.23	Tennessee	Blount Co.	35.56404	-83.7139	outside_boundary_exact	North Carolina, Swain County	Great Smoky Mountains National Park, Rocky Top, Appalachian Trail ~0.2 mi SW of Thunderhead Mountain, ~1 mi NE of jct w/ Bote Mountain Trail	https://lichenportal.org/portal/collections/individual/index.php?occid=3581539
3581547	NY	03722427	J. C. Lendemer	54947	0.02	50.23	Tennessee	Blount Co.	35.56404	-83.7139	outside_boundary_exact	North Carolina, Swain County	Great Smoky Mountains National Park, Rocky Top, Appalachian Trail ~0.2 mi SW of Thunderhead Mountain, ~1 mi NE of jct w/ Bote Mountain Trail	https://lichenportal.org/portal/collections/individual/index.php?occid=3581547
3581554	NY	03722371	J. C. Lendemer	55003	0.02	50.23	Tennessee	Blount Co.	35.56404	-83.7139	outside_boundary_exact	North Carolina, Swain County	Great Smoky Mountains National Park, Rocky Top, Appalachian Trail ~0.2 mi SW of Thunderhead Mountain, ~1 mi NE of jct w/ Bote Mountain Trail	https://lichenportal.org/portal/collections/individual/index.php?occid=3581554
3581555	NY	03722372	J. C. Lendemer	55002	0.02	50.23	Tennessee	Blount Co.	35.56404	-83.7139	outside_boundary_exact	North Carolina, Swain County	Great Smoky Mountains National Park, Rocky Top, Appalachian Trail ~0.2 mi SW of Thunderhead Mountain, ~1 mi NE of jct w/ Bote Mountain Trail	https://lichenportal.org/portal/collections/individual/index.php?occid=3581555
3581556	NY	03722373	J. C. Lendemer	55001	0.02	50.23	Tennessee	Blount Co.	35.56404	-83.7139	outside_boundary_exact	North Carolina, Swain County	Great Smoky Mountains National Park, Rocky Top, Appalachian Trail ~0.2 mi SW of Thunderhead Mountain, ~1 mi NE of jct w/ Bote Mountain Trail	https://lichenportal.org/portal/collections/individual/index.php?occid=3581556
3581557	NY	03722374	J. C. Lendemer	55000	0.02	50.23	Tennessee	Blount Co.	35.56404	-83.7139	outside_boundary_exact	North Carolina, Swain County	Great Smoky Mountains National Park, Rocky Top, Appalachian Trail ~0.2 mi SW of Thunderhead Mountain, ~1 mi NE of jct w/ Bote Mountain Trail	https://lichenportal.org/portal/collections/individual/index.php?occid=3581557
3581559	NY	03861973	E. A. Tripp	7989	0.02	48.32	Tennessee	Blount Co.	35.562894	-83.7431	outside_boundary_exact	North Carolina, Swain County	Great Smoky Mountains National Park, N slopes of Mount Squires, Appalachian Trail 0.7 mi W of Spence Field and jct w/ Anthony Creek Trail/Bote Mountain Trail	https://lichenportal.org/portal/collections/individual/index.php?occid=3581559
3581560	NY	03722408	J. C. Lendemer	54966	0.02	50.23	Tennessee	Blount Co.	35.56404	-83.7139	outside_boundary_exact	North Carolina, Swain County	Great Smoky Mountains National Park, Rocky Top, Appalachian Trail ~0.2 mi SW of Thunderhead Mountain, ~1 mi NE of jct w/ Bote Mountain Trail	https://lichenportal.org/portal/collections/individual/index.php?occid=3581560
3581568	NY	03722451	J. C. Lendemer	54923	0.02	50.23	Tennessee	Blount Co.	35.56404	-83.7139	outside_boundary_exact	North Carolina, Swain County	Great Smoky Mountains National Park, Rocky Top, Appalachian Trail ~0.2 mi SW of Thunderhead Mountain, ~1 mi NE of jct w/ Bote Mountain Trail	https://lichenportal.org/portal/collections/individual/index.php?occid=3581568
3581569	NY	03722450	J. C. Lendemer	54924	0.02	50.23	Tennessee	Blount Co.	35.56404	-83.7139	outside_boundary_exact	North Carolina, Swain County	Great Smoky Mountains National Park, Rocky Top, Appalachian Trail ~0.2 mi SW of Thunderhead Mountain, ~1 mi NE of jct w/ Bote Mountain Trail	https://lichenportal.org/portal/collections/individual/index.php?occid=3581569
3581570	NY	03722452	J. C. Lendemer	54922	0.02	50.23	Tennessee	Blount Co.	35.56404	-83.7139	outside_boundary_exact	North Carolina, Swain County	Great Smoky Mountains National Park, Rocky Top, Appalachian Trail ~0.2 mi SW of Thunderhead Mountain, ~1 mi NE of jct w/ Bote Mountain Trail	https://lichenportal.org/portal/collections/individual/index.php?occid=3581570
3581571	NY	03722396	J. C. Lendemer	54978	0.02	50.23	Tennessee	Blount Co.	35.56404	-83.7139	outside_boundary_exact	North Carolina, Swain County	Great Smoky Mountains National Park, Rocky Top, Appalachian Trail ~0.2 mi SW of Thunderhead Mountain, ~1 mi NE of jct w/ Bote Mountain Trail	https://lichenportal.org/portal/collections/individual/index.php?occid=3581571
3581577	NY	03722457	J. C. Lendemer	54917	0.02	50.23	Tennessee	Blount Co.	35.56404	-83.7139	outside_boundary_exact	North Carolina, Swain County	Great Smoky Mountains National Park, Rocky Top, Appalachian Trail ~0.2 mi SW of Thunderhead Mountain, ~1 mi NE of jct w/ Bote Mountain Trail	https://lichenportal.org/portal/collections/individual/index.php?occid=3581577
3581578	NY	03722458	J. C. Lendemer	54916	0.02	50.23	Tennessee	Blount Co.	35.56404	-83.7139	outside_boundary_exact	North Carolina, Swain County	Great Smoky Mountains National Park, Rocky Top, Appalachian Trail ~0.2 mi SW of Thunderhead Mountain, ~1 mi NE of jct w/ Bote Mountain Trail	https://lichenportal.org/portal/collections/individual/index.php?occid=3581578
3581579	NY	03722433	J. C. Lendemer	54941	0.02	50.23	Tennessee	Blount Co.	35.56404	-83.7139	outside_boundary_exact	North Carolina, Swain County	Great Smoky Mountains National Park, Rocky Top, Appalachian Trail ~0.2 mi SW of Thunderhead Mountain, ~1 mi NE of jct w/ Bote Mountain Trail	https://lichenportal.org/portal/collections/individual/index.php?occid=3581579
3581580	NY	03722434	J. C. Lendemer	54940	0.02	50.23	Tennessee	Blount Co.	35.56404	-83.7139	outside_boundary_exact	North Carolina, Swain County	Great Smoky Mountains National Park, Rocky Top, Appalachian Trail ~0.2 mi SW of Thunderhead Mountain, ~1 mi NE of jct w/ Bote Mountain Trail	https://lichenportal.org/portal/collections/individual/index.php?occid=3581580
3581581	NY	03722435	J. C. Lendemer	54939	0.02	50.23	Tennessee	Blount Co.	35.56404	-83.7139	outside_boundary_exact	North Carolina, Swain County	Great Smoky Mountains National Park, Rocky Top, Appalachian Trail ~0.2 mi SW of Thunderhead Mountain, ~1 mi NE of jct w/ Bote Mountain Trail	https://lichenportal.org/portal/collections/individual/index.php?occid=3581581
3581583	NY	03722416	J. C. Lendemer	54957	0.02	50.23	Tennessee	Blount Co.	35.56404	-83.7139	outside_boundary_exact	North Carolina, Swain County	Great Smoky Mountains National Park, Rocky Top, Appalachian Trail ~0.2 mi SW of Thunderhead Mountain, ~1 mi NE of jct w/ Bote Mountain Trail	https://lichenportal.org/portal/collections/individual/index.php?occid=3581583
3581584	NY	03722417	J. C. Lendemer	54958	0.02	50.23	Tennessee	Blount Co.	35.56404	-83.7139	outside_boundary_exact	North Carolina, Swain County	Great Smoky Mountains National Park, Rocky Top, Appalachian Trail ~0.2 mi SW of Thunderhead Mountain, ~1 mi NE of jct w/ Bote Mountain Trail	https://lichenportal.org/portal/collections/individual/index.php?occid=3581584
3581605	NY	03722402	J. C. Lendemer	54972	0.02	50.23	Tennessee	Blount Co.	35.56404	-83.7139	outside_boundary_exact	North Carolina, Swain County	Great Smoky Mountains National Park, Rocky Top, Appalachian Trail ~0.2 mi SW of Thunderhead Mountain, ~1 mi NE of jct w/ Bote Mountain Trail	https://lichenportal.org/portal/collections/individual/index.php?occid=3581605
3581606	NY	03722403	J. C. Lendemer	54971	0.02	50.23	Tennessee	Blount Co.	35.56404	-83.7139	outside_boundary_exact	North Carolina, Swain County	Great Smoky Mountains National Park, Rocky Top, Appalachian Trail ~0.2 mi SW of Thunderhead Mountain, ~1 mi NE of jct w/ Bote Mountain Trail	https://lichenportal.org/portal/collections/individual/index.php?occid=3581606
3581607	NY	03722404	J. C. Lendemer	54970	0.02	50.23	Tennessee	Blount Co.	35.56404	-83.7139	outside_boundary_exact	North Carolina, Swain County	Great Smoky Mountains National Park, Rocky Top, Appalachian Trail ~0.2 mi SW of Thunderhead Mountain, ~1 mi NE of jct w/ Bote Mountain Trail	https://lichenportal.org/portal/collections/individual/index.php?occid=3581607
3581608	NY	03722405	J. C. Lendemer	54969	0.02	50.23	Tennessee	Blount Co.	35.56404	-83.7139	outside_boundary_exact	North Carolina, Swain County	Great Smoky Mountains National Park, Rocky Top, Appalachian Trail ~0.2 mi SW of Thunderhead Mountain, ~1 mi NE of jct w/ Bote Mountain Trail	https://lichenportal.org/portal/collections/individual/index.php?occid=3581608
3581609	NY	03722419	J. C. Lendemer	54955	0.02	50.23	Tennessee	Blount Co.	35.56404	-83.7139	outside_boundary_exact	North Carolina, Swain County	Great Smoky Mountains National Park, Rocky Top, Appalachian Trail ~0.2 mi SW of Thunderhead Mountain, ~1 mi NE of jct w/ Bote Mountain Trail	https://lichenportal.org/portal/collections/individual/index.php?occid=3581609
3581611	NY	03722400	J. C. Lendemer	54974	0.02	50.23	Tennessee	Blount Co.	35.56404	-83.7139	outside_boundary_exact	North Carolina, Swain County	Great Smoky Mountains National Park, Rocky Top, Appalachian Trail ~0.2 mi SW of Thunderhead Mountain, ~1 mi NE of jct w/ Bote Mountain Trail	https://lichenportal.org/portal/collections/individual/index.php?occid=3581611
3581612	NY	03722401	J. C. Lendemer	54973	0.02	50.23	Tennessee	Blount Co.	35.56404	-83.7139	outside_boundary_exact	North Carolina, Swain County	Great Smoky Mountains National Park, Rocky Top, Appalachian Trail ~0.2 mi SW of Thunderhead Mountain, ~1 mi NE of jct w/ Bote Mountain Trail	https://lichenportal.org/portal/collections/individual/index.php?occid=3581612
3581704	NY	03722355	J. C. Lendemer	55020	0.02	50.23	Tennessee	Blount Co.	35.56404	-83.7139	outside_boundary_exact	North Carolina, Swain County	Great Smoky Mountains National Park, Rocky Top, Appalachian Trail ~0.2 mi SW of Thunderhead Mountain, ~1 mi NE of jct w/ Bote Mountain Trail	https://lichenportal.org/portal/collections/individual/index.php?occid=3581704
3581705	NY	03722356	J. C. Lendemer	55019	0.02	50.23	Tennessee	Blount Co.	35.56404	-83.7139	outside_boundary_exact	North Carolina, Swain County	Great Smoky Mountains National Park, Rocky Top, Appalachian Trail ~0.2 mi SW of Thunderhead Mountain, ~1 mi NE of jct w/ Bote Mountain Trail	https://lichenportal.org/portal/collections/individual/index.php?occid=3581705
3581707	NY	03722358	J. C. Lendemer	55017	0.02	50.23	Tennessee	Blount Co.	35.56404	-83.7139	outside_boundary_exact	North Carolina, Swain County	Great Smoky Mountains National Park, Rocky Top, Appalachian Trail ~0.2 mi SW of Thunderhead Mountain, ~1 mi NE of jct w/ Bote Mountain Trail	https://lichenportal.org/portal/collections/individual/index.php?occid=3581707
3581724	NY	03722395	J. C. Lendemer	54979	0.02	50.23	Tennessee	Blount Co.	35.56404	-83.7139	outside_boundary_exact	North Carolina, Swain County	Great Smoky Mountains National Park, Rocky Top, Appalachian Trail ~0.2 mi SW of Thunderhead Mountain, ~1 mi NE of jct w/ Bote Mountain Trail	https://lichenportal.org/portal/collections/individual/index.php?occid=3581724
3581729	NY	03722383	J. C. Lendemer	54991	0.02	50.23	Tennessee	Blount Co.	35.56404	-83.7139	outside_boundary_exact	North Carolina, Swain County	Great Smoky Mountains National Park, Rocky Top, Appalachian Trail ~0.2 mi SW of Thunderhead Mountain, ~1 mi NE of jct w/ Bote Mountain Trail	https://lichenportal.org/portal/collections/individual/index.php?occid=3581729
3581730	NY	03722382	J. C. Lendemer	54992	0.02	50.23	Tennessee	Blount Co.	35.56404	-83.7139	outside_boundary_exact	North Carolina, Swain County	Great Smoky Mountains National Park, Rocky Top, Appalachian Trail ~0.2 mi SW of Thunderhead Mountain, ~1 mi NE of jct w/ Bote Mountain Trail	https://lichenportal.org/portal/collections/individual/index.php?occid=3581730
3581731	NY	03861976	E. A. Tripp	7972	0.02	48.32	Tennessee	Blount Co.	35.562894	-83.7431	outside_boundary_exact	North Carolina, Swain County	Great Smoky Mountains National Park, N slopes of Mount Squires, Appalachian Trail 0.7 mi W of Spence Field and jct w/ Anthony Creek Trail/Bote Mountain Trail	https://lichenportal.org/portal/collections/individual/index.php?occid=3581731
3581732	NY	03861977	E. A. Tripp	7973	0.02	48.32	Tennessee	Blount Co.	35.562894	-83.7431	outside_boundary_exact	North Carolina, Swain County	Great Smoky Mountains National Park, N slopes of Mount Squires, Appalachian Trail 0.7 mi W of Spence Field and jct w/ Anthony Creek Trail/Bote Mountain Trail	https://lichenportal.org/portal/collections/individual/index.php?occid=3581732
3581735	NY	03861963	E. A. Tripp	7964	0.02	48.32	Tennessee	Blount Co.	35.562894	-83.7431	outside_boundary_exact	North Carolina, Swain County	Great Smoky Mountains National Park, N slopes of Mount Squires, Appalachian Trail 0.7 mi W of Spence Field and jct w/ Anthony Creek Trail/Bote Mountain Trail	https://lichenportal.org/portal/collections/individual/index.php?occid=3581735
3581751	NY	03722359	J. C. Lendemer	55016	0.02	50.23	Tennessee	Blount Co.	35.56404	-83.7139	outside_boundary_exact	North Carolina, Swain County	Great Smoky Mountains National Park, Rocky Top, Appalachian Trail ~0.2 mi SW of Thunderhead Mountain, ~1 mi NE of jct w/ Bote Mountain Trail	https://lichenportal.org/portal/collections/individual/index.php?occid=3581751
3581752	NY	03722360	J. C. Lendemer	55015	0.02	50.23	Tennessee	Blount Co.	35.56404	-83.7139	outside_boundary_exact	North Carolina, Swain County	Great Smoky Mountains National Park, Rocky Top, Appalachian Trail ~0.2 mi SW of Thunderhead Mountain, ~1 mi NE of jct w/ Bote Mountain Trail	https://lichenportal.org/portal/collections/individual/index.php?occid=3581752
3581753	NY	03722361	J. C. Lendemer	55014	0.02	50.23	Tennessee	Blount Co.	35.56404	-83.7139	outside_boundary_exact	North Carolina, Swain County	Great Smoky Mountains National Park, Rocky Top, Appalachian Trail ~0.2 mi SW of Thunderhead Mountain, ~1 mi NE of jct w/ Bote Mountain Trail	https://lichenportal.org/portal/collections/individual/index.php?occid=3581753
3581754	NY	03722362	J. C. Lendemer	55013	0.02	50.23	Tennessee	Blount Co.	35.56404	-83.7139	outside_boundary_exact	North Carolina, Swain County	Great Smoky Mountains National Park, Rocky Top, Appalachian Trail ~0.2 mi SW of Thunderhead Mountain, ~1 mi NE of jct w/ Bote Mountain Trail	https://lichenportal.org/portal/collections/individual/index.php?occid=3581754
3581755	NY	03861968	E. A. Tripp	7979	0.02	48.32	Tennessee	Blount Co.	35.562894	-83.7431	outside_boundary_exact	North Carolina, Swain County	Great Smoky Mountains National Park, N slopes of Mount Squires, Appalachian Trail 0.7 mi W of Spence Field and jct w/ Anthony Creek Trail/Bote Mountain Trail	https://lichenportal.org/portal/collections/individual/index.php?occid=3581755
3581782	NY	03861975	E. A. Tripp	7993	0.02	48.32	Tennessee	Blount Co.	35.562894	-83.7431	outside_boundary_exact	North Carolina, Swain County	Great Smoky Mountains National Park, N slopes of Mount Squires, Appalachian Trail 0.7 mi W of Spence Field and jct w/ Anthony Creek Trail/Bote Mountain Trail	https://lichenportal.org/portal/collections/individual/index.php?occid=3581782
3581788	NY	03722412	J. C. Lendemer	54962	0.02	50.23	Tennessee	Blount Co.	35.56404	-83.7139	outside_boundary_exact	North Carolina, Swain County	Great Smoky Mountains National Park, Rocky Top, Appalachian Trail ~0.2 mi SW of Thunderhead Mountain, ~1 mi NE of jct w/ Bote Mountain Trail	https://lichenportal.org/portal/collections/individual/index.php?occid=3581788
3581789	NY	03722413	J. C. Lendemer	54961	0.02	50.23	Tennessee	Blount Co.	35.56404	-83.7139	outside_boundary_exact	North Carolina, Swain County	Great Smoky Mountains National Park, Rocky Top, Appalachian Trail ~0.2 mi SW of Thunderhead Mountain, ~1 mi NE of jct w/ Bote Mountain Trail	https://lichenportal.org/portal/collections/individual/index.php?occid=3581789
3581791	NY	03861978	E. A. Tripp	7974	0.02	48.32	Tennessee	Blount Co.	35.562894	-83.7431	outside_boundary_exact	North Carolina, Swain County	Great Smoky Mountains National Park, N slopes of Mount Squires, Appalachian Trail 0.7 mi W of Spence Field and jct w/ Anthony Creek Trail/Bote Mountain Trail	https://lichenportal.org/portal/collections/individual/index.php?occid=3581791
3581792	NY	03861979	E. A. Tripp	7975	0.02	48.32	Tennessee	Blount Co.	35.562894	-83.7431	outside_boundary_exact	North Carolina, Swain County	Great Smoky Mountains National Park, N slopes of Mount Squires, Appalachian Trail 0.7 mi W of Spence Field and jct w/ Anthony Creek Trail/Bote Mountain Trail	https://lichenportal.org/portal/collections/individual/index.php?occid=3581792
3581794	NY	03862198	E. A. Tripp	8335	0.02	50.23	Tennessee	Blount Co.	35.56404	-83.7139	outside_boundary_exact	North Carolina, Swain County	Great Smoky Mountains National Park, Rocky Top, Appalachian Trail ~0.2 mi SW of Thunderhead Mountain, ~1 mi NE of jct w/ Bote Mountain Trail	https://lichenportal.org/portal/collections/individual/index.php?occid=3581794
3581795	NY	03862197	E. A. Tripp	8337-A	0.02	50.23	Tennessee	Blount Co.	35.56404	-83.7139	outside_boundary_exact	North Carolina, Swain County	Great Smoky Mountains National Park, Rocky Top, Appalachian Trail ~0.2 mi SW of Thunderhead Mountain, ~1 mi NE of jct w/ Bote Mountain Trail	https://lichenportal.org/portal/collections/individual/index.php?occid=3581795
3581802	NY	03862196	E. A. Tripp	8331	0.02	50.23	Tennessee	Blount Co.	35.56404	-83.7139	outside_boundary_exact	North Carolina, Swain County	Great Smoky Mountains National Park, Rocky Top, Appalachian Trail ~0.2 mi SW of Thunderhead Mountain, ~1 mi NE of jct w/ Bote Mountain Trail	https://lichenportal.org/portal/collections/individual/index.php?occid=3581802
3581803	NY	03722422	J. C. Lendemer	54952	0.02	50.23	Tennessee	Blount Co.	35.56404	-83.7139	outside_boundary_exact	North Carolina, Swain County	Great Smoky Mountains National Park, Rocky Top, Appalachian Trail ~0.2 mi SW of Thunderhead Mountain, ~1 mi NE of jct w/ Bote Mountain Trail	https://lichenportal.org/portal/collections/individual/index.php?occid=3581803
3581804	NY	03722423	J. C. Lendemer	54951	0.02	50.23	Tennessee	Blount Co.	35.56404	-83.7139	outside_boundary_exact	North Carolina, Swain County	Great Smoky Mountains National Park, Rocky Top, Appalachian Trail ~0.2 mi SW of Thunderhead Mountain, ~1 mi NE of jct w/ Bote Mountain Trail	https://lichenportal.org/portal/collections/individual/index.php?occid=3581804
3581805	NY	03722424	J. C. Lendemer	54950	0.02	50.23	Tennessee	Blount Co.	35.56404	-83.7139	outside_boundary_exact	North Carolina, Swain County	Great Smoky Mountains National Park, Rocky Top, Appalachian Trail ~0.2 mi SW of Thunderhead Mountain, ~1 mi NE of jct w/ Bote Mountain Trail	https://lichenportal.org/portal/collections/individual/index.php?occid=3581805
3581806	NY	03862199	E. A. Tripp	8339	0.02	50.23	Tennessee	Blount Co.	35.56404	-83.7139	outside_boundary_exact	North Carolina, Swain County	Great Smoky Mountains National Park, Rocky Top, Appalachian Trail ~0.2 mi SW of Thunderhead Mountain, ~1 mi NE of jct w/ Bote Mountain Trail	https://lichenportal.org/portal/collections/individual/index.php?occid=3581806
3581807	NY	03861974	E. A. Tripp	7992	0.02	48.32	Tennessee	Blount Co.	35.562894	-83.7431	outside_boundary_exact	North Carolina, Swain County	Great Smoky Mountains National Park, N slopes of Mount Squires, Appalachian Trail 0.7 mi W of Spence Field and jct w/ Anthony Creek Trail/Bote Mountain Trail	https://lichenportal.org/portal/collections/individual/index.php?occid=3581807
3581809	NY	03861971	E. A. Tripp	7984	0.02	48.32	Tennessee	Blount Co.	35.562894	-83.7431	outside_boundary_exact	North Carolina, Swain County	Great Smoky Mountains National Park, N slopes of Mount Squires, Appalachian Trail 0.7 mi W of Spence Field and jct w/ Anthony Creek Trail/Bote Mountain Trail	https://lichenportal.org/portal/collections/individual/index.php?occid=3581809
3581810	NY	03722406	J. C. Lendemer	54968	0.02	50.23	Tennessee	Blount Co.	35.56404	-83.7139	outside_boundary_exact	North Carolina, Swain County	Great Smoky Mountains National Park, Rocky Top, Appalachian Trail ~0.2 mi SW of Thunderhead Mountain, ~1 mi NE of jct w/ Bote Mountain Trail	https://lichenportal.org/portal/collections/individual/index.php?occid=3581810
3581811	NY	03722407	J. C. Lendemer	54967	0.02	50.23	Tennessee	Blount Co.	35.56404	-83.7139	outside_boundary_exact	North Carolina, Swain County	Great Smoky Mountains National Park, Rocky Top, Appalachian Trail ~0.2 mi SW of Thunderhead Mountain, ~1 mi NE of jct w/ Bote Mountain Trail	https://lichenportal.org/portal/collections/individual/index.php?occid=3581811
3581815	NY	03722366	J. C. Lendemer	55009	0.02	50.23	Tennessee	Blount Co.	35.56404	-83.7139	outside_boundary_exact	North Carolina, Swain County	Great Smoky Mountains National Park, Rocky Top, Appalachian Trail ~0.2 mi SW of Thunderhead Mountain, ~1 mi NE of jct w/ Bote Mountain Trail	https://lichenportal.org/portal/collections/individual/index.php?occid=3581815
3581816	NY	03722367	J. C. Lendemer	55007	0.02	50.23	Tennessee	Blount Co.	35.56404	-83.7139	outside_boundary_exact	North Carolina, Swain County	Great Smoky Mountains National Park, Rocky Top, Appalachian Trail ~0.2 mi SW of Thunderhead Mountain, ~1 mi NE of jct w/ Bote Mountain Trail	https://lichenportal.org/portal/collections/individual/index.php?occid=3581816
3581817	NY	03722368	J. C. Lendemer	55006	0.02	50.23	Tennessee	Blount Co.	35.56404	-83.7139	outside_boundary_exact	North Carolina, Swain County	Great Smoky Mountains National Park, Rocky Top, Appalachian Trail ~0.2 mi SW of Thunderhead Mountain, ~1 mi NE of jct w/ Bote Mountain Trail	https://lichenportal.org/portal/collections/individual/index.php?occid=3581817
3581818	NY	03722369	J. C. Lendemer	55005	0.02	50.23	Tennessee	Blount Co.	35.56404	-83.7139	outside_boundary_exact	North Carolina, Swain County	Great Smoky Mountains National Park, Rocky Top, Appalachian Trail ~0.2 mi SW of Thunderhead Mountain, ~1 mi NE of jct w/ Bote Mountain Trail	https://lichenportal.org/portal/collections/individual/index.php?occid=3581818
3581819	NY	03722370	J. C. Lendemer	55004	0.02	50.23	Tennessee	Blount Co.	35.56404	-83.7139	outside_boundary_exact	North Carolina, Swain County	Great Smoky Mountains National Park, Rocky Top, Appalachian Trail ~0.2 mi SW of Thunderhead Mountain, ~1 mi NE of jct w/ Bote Mountain Trail	https://lichenportal.org/portal/collections/individual/index.php?occid=3581819
3581820	NY	03862200	E. A. Tripp	8340	0.02	50.23	Tennessee	Blount Co.	35.56404	-83.7139	outside_boundary_exact	North Carolina, Swain County	Great Smoky Mountains National Park, Rocky Top, Appalachian Trail ~0.2 mi SW of Thunderhead Mountain, ~1 mi NE of jct w/ Bote Mountain Trail	https://lichenportal.org/portal/collections/individual/index.php?occid=3581820
3581829	NY	03722399	J. C. Lendemer	54975	0.02	50.23	Tennessee	Blount Co.	35.56404	-83.7139	outside_boundary_exact	North Carolina, Swain County	Great Smoky Mountains National Park, Rocky Top, Appalachian Trail ~0.2 mi SW of Thunderhead Mountain, ~1 mi NE of jct w/ Bote Mountain Trail	https://lichenportal.org/portal/collections/individual/index.php?occid=3581829
3581834	NY	03722448	J. C. Lendemer	54926	0.02	50.23	Tennessee	Blount Co.	35.56404	-83.7139	outside_boundary_exact	North Carolina, Swain County	Great Smoky Mountains National Park, Rocky Top, Appalachian Trail ~0.2 mi SW of Thunderhead Mountain, ~1 mi NE of jct w/ Bote Mountain Trail	https://lichenportal.org/portal/collections/individual/index.php?occid=3581834
3581835	NY	03722449	J. C. Lendemer	54925	0.02	50.23	Tennessee	Blount Co.	35.56404	-83.7139	outside_boundary_exact	North Carolina, Swain County	Great Smoky Mountains National Park, Rocky Top, Appalachian Trail ~0.2 mi SW of Thunderhead Mountain, ~1 mi NE of jct w/ Bote Mountain Trail	https://lichenportal.org/portal/collections/individual/index.php?occid=3581835
3581842	NY	03862201	E. A. Tripp	8341	0.02	50.23	Tennessee	Blount Co.	35.56404	-83.7139	outside_boundary_exact	North Carolina, Swain County	Great Smoky Mountains National Park, Rocky Top, Appalachian Trail ~0.2 mi SW of Thunderhead Mountain, ~1 mi NE of jct w/ Bote Mountain Trail	https://lichenportal.org/portal/collections/individual/index.php?occid=3581842
3581843	NY	03861941	E. A. Tripp	8329	0.02	50.23	Tennessee	Blount Co.	35.56404	-83.7139	outside_boundary_exact	North Carolina, Swain County	Great Smoky Mountains National Park, Rocky Top, Appalachian Trail ~0.2 mi SW of Thunderhead Mountain, ~1 mi NE of jct w/ Bote Mountain Trail	https://lichenportal.org/portal/collections/individual/index.php?occid=3581843
3581844	NY	03722381	J. C. Lendemer	54993	0.02	50.23	Tennessee	Blount Co.	35.56404	-83.7139	outside_boundary_exact	North Carolina, Swain County	Great Smoky Mountains National Park, Rocky Top, Appalachian Trail ~0.2 mi SW of Thunderhead Mountain, ~1 mi NE of jct w/ Bote Mountain Trail	https://lichenportal.org/portal/collections/individual/index.php?occid=3581844
3581847	NY	03862202	E. A. Tripp	8343	0.02	50.23	Tennessee	Blount Co.	35.56404	-83.7139	outside_boundary_exact	North Carolina, Swain County	Great Smoky Mountains National Park, Rocky Top, Appalachian Trail ~0.2 mi SW of Thunderhead Mountain, ~1 mi NE of jct w/ Bote Mountain Trail	https://lichenportal.org/portal/collections/individual/index.php?occid=3581847
3581850	NY	03861969	E. A. Tripp	7980	0.02	48.32	Tennessee	Blount Co.	35.562894	-83.7431	outside_boundary_exact	North Carolina, Swain County	Great Smoky Mountains National Park, N slopes of Mount Squires, Appalachian Trail 0.7 mi W of Spence Field and jct w/ Anthony Creek Trail/Bote Mountain Trail	https://lichenportal.org/portal/collections/individual/index.php?occid=3581850
3581851	NY	03722387	J. C. Lendemer	54987	0.02	50.23	Tennessee	Blount Co.	35.56404	-83.7139	outside_boundary_exact	North Carolina, Swain County	Great Smoky Mountains National Park, Rocky Top, Appalachian Trail ~0.2 mi SW of Thunderhead Mountain, ~1 mi NE of jct w/ Bote Mountain Trail	https://lichenportal.org/portal/collections/individual/index.php?occid=3581851
3581852	NY	03722388	J. C. Lendemer	54986	0.02	50.23	Tennessee	Blount Co.	35.56404	-83.7139	outside_boundary_exact	North Carolina, Swain County	Great Smoky Mountains National Park, Rocky Top, Appalachian Trail ~0.2 mi SW of Thunderhead Mountain, ~1 mi NE of jct w/ Bote Mountain Trail	https://lichenportal.org/portal/collections/individual/index.php?occid=3581852
3581853	NY	03722393	J. C. Lendemer	54981	0.02	50.23	Tennessee	Blount Co.	35.56404	-83.7139	outside_boundary_exact	North Carolina, Swain County	Great Smoky Mountains National Park, Rocky Top, Appalachian Trail ~0.2 mi SW of Thunderhead Mountain, ~1 mi NE of jct w/ Bote Mountain Trail	https://lichenportal.org/portal/collections/individual/index.php?occid=3581853
3581855	NY	03722394	J. C. Lendemer	54980	0.02	50.23	Tennessee	Blount Co.	35.56404	-83.7139	outside_boundary_exact	North Carolina, Swain County	Great Smoky Mountains National Park, Rocky Top, Appalachian Trail ~0.2 mi SW of Thunderhead Mountain, ~1 mi NE of jct w/ Bote Mountain Trail	https://lichenportal.org/portal/collections/individual/index.php?occid=3581855
3581860	NY	03862203	E. A. Tripp	8345	0.02	50.23	Tennessee	Blount Co.	35.56404	-83.7139	outside_boundary_exact	North Carolina, Swain County	Great Smoky Mountains National Park, Rocky Top, Appalachian Trail ~0.2 mi SW of Thunderhead Mountain, ~1 mi NE of jct w/ Bote Mountain Trail	https://lichenportal.org/portal/collections/individual/index.php?occid=3581860
3581869	NY	03862204	E. A. Tripp	8334	0.02	50.23	Tennessee	Blount Co.	35.56404	-83.7139	outside_boundary_exact	North Carolina, Swain County	Great Smoky Mountains National Park, Rocky Top, Appalachian Trail ~0.2 mi SW of Thunderhead Mountain, ~1 mi NE of jct w/ Bote Mountain Trail	https://lichenportal.org/portal/collections/individual/index.php?occid=3581869
3581870	NY	03861981	E. A. Tripp	7977	0.02	48.32	Tennessee	Blount Co.	35.562894	-83.7431	outside_boundary_exact	North Carolina, Swain County	Great Smoky Mountains National Park, N slopes of Mount Squires, Appalachian Trail 0.7 mi W of Spence Field and jct w/ Anthony Creek Trail/Bote Mountain Trail	https://lichenportal.org/portal/collections/individual/index.php?occid=3581870
3581872	NY	03862205	E. A. Tripp	8322	0.02	50.23	Tennessee	Blount Co.	35.56404	-83.7139	outside_boundary_exact	North Carolina, Swain County	Great Smoky Mountains National Park, Rocky Top, Appalachian Trail ~0.2 mi SW of Thunderhead Mountain, ~1 mi NE of jct w/ Bote Mountain Trail	https://lichenportal.org/portal/collections/individual/index.php?occid=3581872
3581874	NY	03862206	E. A. Tripp	8344	0.02	50.23	Tennessee	Blount Co.	35.56404	-83.7139	outside_boundary_exact	North Carolina, Swain County	Great Smoky Mountains National Park, Rocky Top, Appalachian Trail ~0.2 mi SW of Thunderhead Mountain, ~1 mi NE of jct w/ Bote Mountain Trail	https://lichenportal.org/portal/collections/individual/index.php?occid=3581874
3581875	NY	03862207	E. A. Tripp	8359	0.02	50.23	Tennessee	Blount Co.	35.56404	-83.7139	outside_boundary_exact	North Carolina, Swain County	Great Smoky Mountains National Park, Rocky Top, Appalachian Trail ~0.2 mi SW of Thunderhead Mountain, ~1 mi NE of jct w/ Bote Mountain Trail	https://lichenportal.org/portal/collections/individual/index.php?occid=3581875
3581876	NY	03862208	E. A. Tripp	8323	0.02	50.23	Tennessee	Blount Co.	35.56404	-83.7139	outside_boundary_exact	North Carolina, Swain County	Great Smoky Mountains National Park, Rocky Top, Appalachian Trail ~0.2 mi SW of Thunderhead Mountain, ~1 mi NE of jct w/ Bote Mountain Trail	https://lichenportal.org/portal/collections/individual/index.php?occid=3581876
3581877	NY	03862209	E. A. Tripp	8352	0.02	50.23	Tennessee	Blount Co.	35.56404	-83.7139	outside_boundary_exact	North Carolina, Swain County	Great Smoky Mountains National Park, Rocky Top, Appalachian Trail ~0.2 mi SW of Thunderhead Mountain, ~1 mi NE of jct w/ Bote Mountain Trail	https://lichenportal.org/portal/collections/individual/index.php?occid=3581877
3581897	NY	03722437	J. C. Lendemer	54937	0.02	50.23	Tennessee	Blount Co.	35.56404	-83.7139	outside_boundary_exact	North Carolina, Swain County	Great Smoky Mountains National Park, Rocky Top, Appalachian Trail ~0.2 mi SW of Thunderhead Mountain, ~1 mi NE of jct w/ Bote Mountain Trail	https://lichenportal.org/portal/collections/individual/index.php?occid=3581897
3581899	NY	03722441	J. C. Lendemer	54933	0.02	50.23	Tennessee	Blount Co.	35.56404	-83.7139	outside_boundary_exact	North Carolina, Swain County	Great Smoky Mountains National Park, Rocky Top, Appalachian Trail ~0.2 mi SW of Thunderhead Mountain, ~1 mi NE of jct w/ Bote Mountain Trail	https://lichenportal.org/portal/collections/individual/index.php?occid=3581899
3582191	NY	03862011	E. A. Tripp	7971	0.02	48.32	Tennessee	Blount Co.	35.562894	-83.7431	outside_boundary_exact	North Carolina, Swain County	Great Smoky Mountains National Park, N slopes of Mount Squires, Appalachian Trail 0.7 mi W of Spence Field and jct w/ Anthony Creek Trail/Bote Mountain Trail	https://lichenportal.org/portal/collections/individual/index.php?occid=3582191
3582548	NY	03862210	E. A. Tripp	8350	0.02	50.23	Tennessee	Blount Co.	35.56404	-83.7139	outside_boundary_exact	North Carolina, Swain County	Great Smoky Mountains National Park, Rocky Top, Appalachian Trail ~0.2 mi SW of Thunderhead Mountain, ~1 mi NE of jct w/ Bote Mountain Trail	https://lichenportal.org/portal/collections/individual/index.php?occid=3582548
3582592	NY	03862169	E. A. Tripp	8332	0.02	50.23	Tennessee	Blount Co.	35.56404	-83.7139	outside_boundary_exact	North Carolina, Swain County	Great Smoky Mountains National Park, Rocky Top, Appalachian Trail ~0.2 mi SW of Thunderhead Mountain, ~1 mi NE of jct w/ Bote Mountain Trail	https://lichenportal.org/portal/collections/individual/index.php?occid=3582592
3582660	NY	03862309	E. A. Tripp	8351	0.02	50.23	Tennessee	Blount Co.	35.56404	-83.7139	outside_boundary_exact	North Carolina, Swain County	Great Smoky Mountains National Park, Rocky Top, Appalachian Trail ~0.2 mi SW of Thunderhead Mountain, ~1 mi NE of jct w/ Bote Mountain Trail	https://lichenportal.org/portal/collections/individual/index.php?occid=3582660
3582888	NY	03862268	E. A. Tripp	8361	0.02	50.23	Tennessee	Blount Co.	35.56404	-83.7139	outside_boundary_exact	North Carolina, Swain County	Great Smoky Mountains National Park, Rocky Top, Appalachian Trail ~0.2 mi SW of Thunderhead Mountain, ~1 mi NE of jct w/ Bote Mountain Trail	https://lichenportal.org/portal/collections/individual/index.php?occid=3582888
3583213	NY	03862279	E. A. Tripp | J. C. Lendemer	7962	0.02	48.32	Tennessee	Blount Co.	35.562894	-83.7431	outside_boundary_exact	North Carolina, Swain County	Great Smoky Mountains National Park, N slopes of Mount Squires, Appalachian Trail 0.7 mi W of Spence Field and jct w/ Anthony Creek Trail/Bote Mountain Trail	https://lichenportal.org/portal/collections/individual/index.php?occid=3583213
3583274	NY	03862292	E. A. Tripp	8325	0.02	50.23	Tennessee	Blount Co.	35.56404	-83.7139	outside_boundary_exact	North Carolina, Swain County	Great Smoky Mountains National Park, Rocky Top, Appalachian Trail ~0.2 mi SW of Thunderhead Mountain, ~1 mi NE of jct w/ Bote Mountain Trail	https://lichenportal.org/portal/collections/individual/index.php?occid=3583274
3583275	NY	03862293	E. A. Tripp	8353	0.02	50.23	Tennessee	Blount Co.	35.56404	-83.7139	outside_boundary_exact	North Carolina, Swain County	Great Smoky Mountains National Park, Rocky Top, Appalachian Trail ~0.2 mi SW of Thunderhead Mountain, ~1 mi NE of jct w/ Bote Mountain Trail	https://lichenportal.org/portal/collections/individual/index.php?occid=3583275
4987872	NY	04276217	E. Lay	94-1596	0.02	46.59	Tennessee	Carter Co.	36.1064	-82.1106	outside_boundary_exact	North Carolina, Mitchell County	Cherokee National Park. Route 143 towards Roan Mt. and Carvers Gap, 3.2 mi from Carvers Gap on right-hand side of rd.	https://lichenportal.org/portal/collections/individual/index.php?occid=4987872
1037619	NY	1541555	G. T. Johnson	s.n.	0.01	55.59	Tennessee	Sevier Co.	35.562778	-83.498535	outside_boundary_exact	North Carolina, Swain County	Near Clingmans Dome	https://lichenportal.org/portal/collections/individual/index.php?occid=1037619
3241075	NY	2441220	J. C. Lendemer	45698	0.01	55.34	Tennessee	Sevier Co.	35.5669	-83.4903	outside_boundary_exact	North Carolina, Swain County	Great Smoky Mountains National Park, Mt. Love, Appalachian Trail 0.4-0.8 mi E of Clingmans Dome	https://lichenportal.org/portal/collections/individual/index.php?occid=3241075
3241109	NY	2441154	J. C. Lendemer	45766	0.01	55.34	Tennessee	Sevier Co.	35.5669	-83.4903	outside_boundary_exact	North Carolina, Swain County	Great Smoky Mountains National Park, Mt. Love, Appalachian Trail 0.4-0.8 mi E of Clingmans Dome	https://lichenportal.org/portal/collections/individual/index.php?occid=3241109
3241176	NY	2441234	J. C. Lendemer	45684	0.01	55.34	Tennessee	Sevier Co.	35.5669	-83.4903	outside_boundary_exact	North Carolina, Swain County	Great Smoky Mountains National Park, Mt. Love, Appalachian Trail 0.4-0.8 mi E of Clingmans Dome	https://lichenportal.org/portal/collections/individual/index.php?occid=3241176
3241192	NY	2441161	J. C. Lendemer	45759	0.01	55.34	Tennessee	Sevier Co.	35.5669	-83.4903	outside_boundary_exact	North Carolina, Swain County	Great Smoky Mountains National Park, Mt. Love, Appalachian Trail 0.4-0.8 mi E of Clingmans Dome	https://lichenportal.org/portal/collections/individual/index.php?occid=3241192
3241194	NY	2441184	J. C. Lendemer	45735	0.01	55.34	Tennessee	Sevier Co.	35.5669	-83.4903	outside_boundary_exact	North Carolina, Swain County	Great Smoky Mountains National Park, Mt. Love, Appalachian Trail 0.4-0.8 mi E of Clingmans Dome	https://lichenportal.org/portal/collections/individual/index.php?occid=3241194
3241204	NY	2441173	J. C. Lendemer	45747	0.01	55.34	Tennessee	Sevier Co.	35.5669	-83.4903	outside_boundary_exact	North Carolina, Swain County	Great Smoky Mountains National Park, Mt. Love, Appalachian Trail 0.4-0.8 mi E of Clingmans Dome	https://lichenportal.org/portal/collections/individual/index.php?occid=3241204
3241217	NY	2441153	J. C. Lendemer	45767	0.01	55.34	Tennessee	Sevier Co.	35.5669	-83.4903	outside_boundary_exact	North Carolina, Swain County	Great Smoky Mountains National Park, Mt. Love, Appalachian Trail 0.4-0.8 mi E of Clingmans Dome	https://lichenportal.org/portal/collections/individual/index.php?occid=3241217
3241221	NY	1224520	J. P. Dey	6415	0.01	51.38	Tennessee	Sevier Co.	35.6644	-83.3408	outside_boundary_exact	Tennessee, Sevier County	Great Smoky Mountains National Park, Laurel Top, along the Appalachian Trail	https://lichenportal.org/portal/collections/individual/index.php?occid=3241221
3241222	NY	1224521	J. P. Dey	6409	0.01	51.38	Tennessee	Sevier Co.	35.6644	-83.3408	outside_boundary_exact	Tennessee, Sevier County	Great Smoky Mountains National Park, Laurel Top, along the Appalachian Trail	https://lichenportal.org/portal/collections/individual/index.php?occid=3241222
3241230	NY	2441199	J. C. Lendemer	45720	0.01	55.34	Tennessee	Sevier Co.	35.5669	-83.4903	outside_boundary_exact	North Carolina, Swain County	Great Smoky Mountains National Park, Mt. Love, Appalachian Trail 0.4-0.8 mi E of Clingmans Dome	https://lichenportal.org/portal/collections/individual/index.php?occid=3241230
3241275	NY	2441213	J. C. Lendemer	45705	0.01	55.34	Tennessee	Sevier Co.	35.5669	-83.4903	outside_boundary_exact	North Carolina, Swain County	Great Smoky Mountains National Park, Mt. Love, Appalachian Trail 0.4-0.8 mi E of Clingmans Dome	https://lichenportal.org/portal/collections/individual/index.php?occid=3241275
3241317	NY	2441174	J. C. Lendemer	45746	0.01	55.34	Tennessee	Sevier Co.	35.5669	-83.4903	outside_boundary_exact	North Carolina, Swain County	Great Smoky Mountains National Park, Mt. Love, Appalachian Trail 0.4-0.8 mi E of Clingmans Dome	https://lichenportal.org/portal/collections/individual/index.php?occid=3241317
3241339	NY	2441195	J. C. Lendemer	45724	0.01	55.34	Tennessee	Sevier Co.	35.5669	-83.4903	outside_boundary_exact	North Carolina, Swain County	Great Smoky Mountains National Park, Mt. Love, Appalachian Trail 0.4-0.8 mi E of Clingmans Dome	https://lichenportal.org/portal/collections/individual/index.php?occid=3241339
3241386	NY	2441209	J. C. Lendemer	45709	0.01	55.34	Tennessee	Sevier Co.	35.5669	-83.4903	outside_boundary_exact	North Carolina, Swain County	Great Smoky Mountains National Park, Mt. Love, Appalachian Trail 0.4-0.8 mi E of Clingmans Dome	https://lichenportal.org/portal/collections/individual/index.php?occid=3241386
3241479	NY	2441206	J. C. Lendemer	45713	0.01	55.34	Tennessee	Sevier Co.	35.5669	-83.4903	outside_boundary_exact	North Carolina, Swain County	Great Smoky Mountains National Park, Mt. Love, Appalachian Trail 0.4-0.8 mi E of Clingmans Dome	https://lichenportal.org/portal/collections/individual/index.php?occid=3241479
3241515	NY	2441164	J. C. Lendemer	45756	0.01	55.34	Tennessee	Sevier Co.	35.5669	-83.4903	outside_boundary_exact	North Carolina, Swain County	Great Smoky Mountains National Park, Mt. Love, Appalachian Trail 0.4-0.8 mi E of Clingmans Dome	https://lichenportal.org/portal/collections/individual/index.php?occid=3241515
3241516	NY	2441218	J. C. Lendemer	45700	0.01	55.34	Tennessee	Sevier Co.	35.5669	-83.4903	outside_boundary_exact	North Carolina, Swain County	Great Smoky Mountains National Park, Mt. Love, Appalachian Trail 0.4-0.8 mi E of Clingmans Dome	https://lichenportal.org/portal/collections/individual/index.php?occid=3241516
3241518	NY	2441192	J. C. Lendemer	45727	0.01	55.34	Tennessee	Sevier Co.	35.5669	-83.4903	outside_boundary_exact	North Carolina, Swain County	Great Smoky Mountains National Park, Mt. Love, Appalachian Trail 0.4-0.8 mi E of Clingmans Dome	https://lichenportal.org/portal/collections/individual/index.php?occid=3241518
3241596	NY	2441172	J. C. Lendemer	45748	0.01	55.34	Tennessee	Sevier Co.	35.5669	-83.4903	outside_boundary_exact	North Carolina, Swain County	Great Smoky Mountains National Park, Mt. Love, Appalachian Trail 0.4-0.8 mi E of Clingmans Dome	https://lichenportal.org/portal/collections/individual/index.php?occid=3241596
3241608	NY	2441229	J. C. Lendemer	45689	0.01	55.34	Tennessee	Sevier Co.	35.5669	-83.4903	outside_boundary_exact	North Carolina, Swain County	Great Smoky Mountains National Park, Mt. Love, Appalachian Trail 0.4-0.8 mi E of Clingmans Dome	https://lichenportal.org/portal/collections/individual/index.php?occid=3241608
3241618	NY	2441181	J. C. Lendemer	45738	0.01	55.34	Tennessee	Sevier Co.	35.5669	-83.4903	outside_boundary_exact	North Carolina, Swain County	Great Smoky Mountains National Park, Mt. Love, Appalachian Trail 0.4-0.8 mi E of Clingmans Dome	https://lichenportal.org/portal/collections/individual/index.php?occid=3241618
3241634	NY	2441194	J. C. Lendemer	45725	0.01	55.34	Tennessee	Sevier Co.	35.5669	-83.4903	outside_boundary_exact	North Carolina, Swain County	Great Smoky Mountains National Park, Mt. Love, Appalachian Trail 0.4-0.8 mi E of Clingmans Dome	https://lichenportal.org/portal/collections/individual/index.php?occid=3241634
3241636	NY	1228379	J. P. Dey	3419	0.01	51.38	Tennessee	Sevier Co.	35.6644	-83.3408	outside_boundary_exact	Tennessee, Sevier County	Great Smoky Mountains National Park, Laurel Top, along the Appalachian Trail	https://lichenportal.org/portal/collections/individual/index.php?occid=3241636
3241645	NY	2441228	J. C. Lendemer	45690	0.01	55.34	Tennessee	Sevier Co.	35.5669	-83.4903	outside_boundary_exact	North Carolina, Swain County	Great Smoky Mountains National Park, Mt. Love, Appalachian Trail 0.4-0.8 mi E of Clingmans Dome	https://lichenportal.org/portal/collections/individual/index.php?occid=3241645
3241649	NY	1226869	J. P. Dey	6389	0.01	51.38	Tennessee	Sevier Co.	35.6644	-83.3408	outside_boundary_exact	Tennessee, Sevier County	Great Smoky Mountains National Park, Laurel Top, along the Appalachian Trail	https://lichenportal.org/portal/collections/individual/index.php?occid=3241649
3241656	NY	2441225	J. C. Lendemer	45693	0.01	55.34	Tennessee	Sevier Co.	35.5669	-83.4903	outside_boundary_exact	North Carolina, Swain County	Great Smoky Mountains National Park, Mt. Love, Appalachian Trail 0.4-0.8 mi E of Clingmans Dome	https://lichenportal.org/portal/collections/individual/index.php?occid=3241656
3241678	NY	2441208	J. C. Lendemer	45710	0.01	55.34	Tennessee	Sevier Co.	35.5669	-83.4903	outside_boundary_exact	North Carolina, Swain County	Great Smoky Mountains National Park, Mt. Love, Appalachian Trail 0.4-0.8 mi E of Clingmans Dome	https://lichenportal.org/portal/collections/individual/index.php?occid=3241678
3241690	NY	2441186	J. C. Lendemer	45733	0.01	55.34	Tennessee	Sevier Co.	35.5669	-83.4903	outside_boundary_exact	North Carolina, Swain County	Great Smoky Mountains National Park, Mt. Love, Appalachian Trail 0.4-0.8 mi E of Clingmans Dome	https://lichenportal.org/portal/collections/individual/index.php?occid=3241690
3241759	NY	1230950	J. P. Dey	31564	0.01	54.4	Tennessee	Sevier Co.	35.5781	-83.4797	outside_boundary_exact	Tennessee, Sevier County	Great Smoky Mountains National Park, Indian Gap Road turnout on Clingmans Dome Road, near junction Appalachian Trail and Road Prong Trailhead	https://lichenportal.org/portal/collections/individual/index.php?occid=3241759
3241763	NY	2441175	J. C. Lendemer	45745	0.01	55.34	Tennessee	Sevier Co.	35.5669	-83.4903	outside_boundary_exact	North Carolina, Swain County	Great Smoky Mountains National Park, Mt. Love, Appalachian Trail 0.4-0.8 mi E of Clingmans Dome	https://lichenportal.org/portal/collections/individual/index.php?occid=3241763
3241764	NY	2441196	J. C. Lendemer	45723	0.01	55.34	Tennessee	Sevier Co.	35.5669	-83.4903	outside_boundary_exact	North Carolina, Swain County	Great Smoky Mountains National Park, Mt. Love, Appalachian Trail 0.4-0.8 mi E of Clingmans Dome	https://lichenportal.org/portal/collections/individual/index.php?occid=3241764
3241765	NY	2441202	J. C. Lendemer	45717	0.01	55.34	Tennessee	Sevier Co.	35.5669	-83.4903	outside_boundary_exact	North Carolina, Swain County	Great Smoky Mountains National Park, Mt. Love, Appalachian Trail 0.4-0.8 mi E of Clingmans Dome	https://lichenportal.org/portal/collections/individual/index.php?occid=3241765
3241782	NY	2441163	J. C. Lendemer	45757	0.01	55.34	Tennessee	Sevier Co.	35.5669	-83.4903	outside_boundary_exact	North Carolina, Swain County	Great Smoky Mountains National Park, Mt. Love, Appalachian Trail 0.4-0.8 mi E of Clingmans Dome	https://lichenportal.org/portal/collections/individual/index.php?occid=3241782
3241783	NY	2441221	J. C. Lendemer	45697	0.01	55.34	Tennessee	Sevier Co.	35.5669	-83.4903	outside_boundary_exact	North Carolina, Swain County	Great Smoky Mountains National Park, Mt. Love, Appalachian Trail 0.4-0.8 mi E of Clingmans Dome	https://lichenportal.org/portal/collections/individual/index.php?occid=3241783
3241837	NY	2441171	J. C. Lendemer	45749	0.01	55.34	Tennessee	Sevier Co.	35.5669	-83.4903	outside_boundary_exact	North Carolina, Swain County	Great Smoky Mountains National Park, Mt. Love, Appalachian Trail 0.4-0.8 mi E of Clingmans Dome	https://lichenportal.org/portal/collections/individual/index.php?occid=3241837
3241870	NY	1236221	J. P. Dey	31559	0.01	54.4	Tennessee	Sevier Co.	35.5781	-83.4797	outside_boundary_exact	Tennessee, Sevier County	Great Smoky Mountains National Park, Indian Gap Road turnout on Clingmans Dome Road, near junction Appalachian Trail and Road Prong Trailhead	https://lichenportal.org/portal/collections/individual/index.php?occid=3241870
3241885	NY	2441231	J. C. Lendemer	45687	0.01	55.34	Tennessee	Sevier Co.	35.5669	-83.4903	outside_boundary_exact	North Carolina, Swain County	Great Smoky Mountains National Park, Mt. Love, Appalachian Trail 0.4-0.8 mi E of Clingmans Dome	https://lichenportal.org/portal/collections/individual/index.php?occid=3241885
3241889	NY	1230308	J. P. Dey	6368	0.01	51.38	Tennessee	Sevier Co.	35.6644	-83.3408	outside_boundary_exact	Tennessee, Sevier County	Great Smoky Mountains National Park, Laurel Top, along the Appalachian Trail	https://lichenportal.org/portal/collections/individual/index.php?occid=3241889
3241907	NY	2441193	J. C. Lendemer	45726	0.01	55.34	Tennessee	Sevier Co.	35.5669	-83.4903	outside_boundary_exact	North Carolina, Swain County	Great Smoky Mountains National Park, Mt. Love, Appalachian Trail 0.4-0.8 mi E of Clingmans Dome	https://lichenportal.org/portal/collections/individual/index.php?occid=3241907
3241908	NY	2441210	J. C. Lendemer	45708	0.01	55.34	Tennessee	Sevier Co.	35.5669	-83.4903	outside_boundary_exact	North Carolina, Swain County	Great Smoky Mountains National Park, Mt. Love, Appalachian Trail 0.4-0.8 mi E of Clingmans Dome	https://lichenportal.org/portal/collections/individual/index.php?occid=3241908
3241937	NY	2441214	J. C. Lendemer	45704	0.01	55.34	Tennessee	Sevier Co.	35.5669	-83.4903	outside_boundary_exact	North Carolina, Swain County	Great Smoky Mountains National Park, Mt. Love, Appalachian Trail 0.4-0.8 mi E of Clingmans Dome	https://lichenportal.org/portal/collections/individual/index.php?occid=3241937
3241963	NY	2441203	J. C. Lendemer	45716	0.01	55.34	Tennessee	Sevier Co.	35.5669	-83.4903	outside_boundary_exact	North Carolina, Swain County	Great Smoky Mountains National Park, Mt. Love, Appalachian Trail 0.4-0.8 mi E of Clingmans Dome	https://lichenportal.org/portal/collections/individual/index.php?occid=3241963
3241967	NY	1226282	J. P. Dey	6374	0.01	51.38	Tennessee	Sevier Co.	35.6644	-83.3408	outside_boundary_exact	Tennessee, Sevier County	Great Smoky Mountains National Park, Laurel Top, along the Appalachian Trail	https://lichenportal.org/portal/collections/individual/index.php?occid=3241967
3241968	NY	1226519	J. P. Dey	6373	0.01	51.38	Tennessee	Sevier Co.	35.6644	-83.3408	outside_boundary_exact	Tennessee, Sevier County	Great Smoky Mountains National Park, Laurel Top, along the Appalachian Trail	https://lichenportal.org/portal/collections/individual/index.php?occid=3241968
3242001	NY	1231100	J. P. Dey	31556	0.01	54.4	Tennessee	Sevier Co.	35.5781	-83.4797	outside_boundary_exact	Tennessee, Sevier County	Great Smoky Mountains National Park, Indian Gap Road turnout on Clingmans Dome Road, near junction Appalachian Trail and Road Prong Trailhead	https://lichenportal.org/portal/collections/individual/index.php?occid=3242001
3242002	NY	1231096	J. P. Dey	31560	0.01	54.4	Tennessee	Sevier Co.	35.5781	-83.4797	outside_boundary_exact	Tennessee, Sevier County	Great Smoky Mountains National Park, Indian Gap Road turnout on Clingmans Dome Road, near junction Appalachian Trail and Road Prong Trailhead	https://lichenportal.org/portal/collections/individual/index.php?occid=3242002
3242036	NY	2441166	J. C. Lendemer	45754	0.01	55.34	Tennessee	Sevier Co.	35.5669	-83.4903	outside_boundary_exact	North Carolina, Swain County	Great Smoky Mountains National Park, Mt. Love, Appalachian Trail 0.4-0.8 mi E of Clingmans Dome	https://lichenportal.org/portal/collections/individual/index.php?occid=3242036
3242037	NY	2441177	J. C. Lendemer	45743	0.01	55.34	Tennessee	Sevier Co.	35.5669	-83.4903	outside_boundary_exact	North Carolina, Swain County	Great Smoky Mountains National Park, Mt. Love, Appalachian Trail 0.4-0.8 mi E of Clingmans Dome	https://lichenportal.org/portal/collections/individual/index.php?occid=3242037
3242038	NY	2441235	J. C. Lendemer	45683	0.01	55.34	Tennessee	Sevier Co.	35.5669	-83.4903	outside_boundary_exact	North Carolina, Swain County	Great Smoky Mountains National Park, Mt. Love, Appalachian Trail 0.4-0.8 mi E of Clingmans Dome	https://lichenportal.org/portal/collections/individual/index.php?occid=3242038
3242073	NY	2441162	J. C. Lendemer	45758	0.01	55.34	Tennessee	Sevier Co.	35.5669	-83.4903	outside_boundary_exact	North Carolina, Swain County	Great Smoky Mountains National Park, Mt. Love, Appalachian Trail 0.4-0.8 mi E of Clingmans Dome	https://lichenportal.org/portal/collections/individual/index.php?occid=3242073
3242094	NY	2441183	J. C. Lendemer	45736	0.01	55.34	Tennessee	Sevier Co.	35.5669	-83.4903	outside_boundary_exact	North Carolina, Swain County	Great Smoky Mountains National Park, Mt. Love, Appalachian Trail 0.4-0.8 mi E of Clingmans Dome	https://lichenportal.org/portal/collections/individual/index.php?occid=3242094
3242182	NY	2441165	J. C. Lendemer	45755	0.01	55.34	Tennessee	Sevier Co.	35.5669	-83.4903	outside_boundary_exact	North Carolina, Swain County	Great Smoky Mountains National Park, Mt. Love, Appalachian Trail 0.4-0.8 mi E of Clingmans Dome	https://lichenportal.org/portal/collections/individual/index.php?occid=3242182
3242195	NY	2441189	J. C. Lendemer	45730	0.01	55.34	Tennessee	Sevier Co.	35.5669	-83.4903	outside_boundary_exact	North Carolina, Swain County	Great Smoky Mountains National Park, Mt. Love, Appalachian Trail 0.4-0.8 mi E of Clingmans Dome	https://lichenportal.org/portal/collections/individual/index.php?occid=3242195
3242219	NY	2441216	J. C. Lendemer	45702	0.01	55.34	Tennessee	Sevier Co.	35.5669	-83.4903	outside_boundary_exact	North Carolina, Swain County	Great Smoky Mountains National Park, Mt. Love, Appalachian Trail 0.4-0.8 mi E of Clingmans Dome	https://lichenportal.org/portal/collections/individual/index.php?occid=3242219
3242249	NY	2441191	J. C. Lendemer	45728	0.01	55.34	Tennessee	Sevier Co.	35.5669	-83.4903	outside_boundary_exact	North Carolina, Swain County	Great Smoky Mountains National Park, Mt. Love, Appalachian Trail 0.4-0.8 mi E of Clingmans Dome	https://lichenportal.org/portal/collections/individual/index.php?occid=3242249
3242268	NY	1227297	J. P. Dey	6424	0.01	51.38	Tennessee	Sevier Co.	35.6644	-83.3408	outside_boundary_exact	Tennessee, Sevier County	Great Smoky Mountains National Park, Laurel Top, along the Appalachian Trail	https://lichenportal.org/portal/collections/individual/index.php?occid=3242268
3242283	NY	1227624	J. P. Dey	31561	0.01	54.4	Tennessee	Sevier Co.	35.5781	-83.4797	outside_boundary_exact	Tennessee, Sevier County	Great Smoky Mountains National Park, Indian Gap Road turnout on Clingmans Dome Road, near junction Appalachian Trail and Road Prong Trailhead	https://lichenportal.org/portal/collections/individual/index.php?occid=3242283
3242312	NY	1227474	J. P. Dey	6390	0.01	51.38	Tennessee	Sevier Co.	35.6644	-83.3408	outside_boundary_exact	Tennessee, Sevier County	Great Smoky Mountains National Park, Laurel Top, along the Appalachian Trail	https://lichenportal.org/portal/collections/individual/index.php?occid=3242312
3242357	NY	2441226	J. C. Lendemer	45692	0.01	55.34	Tennessee	Sevier Co.	35.5669	-83.4903	outside_boundary_exact	North Carolina, Swain County	Great Smoky Mountains National Park, Mt. Love, Appalachian Trail 0.4-0.8 mi E of Clingmans Dome	https://lichenportal.org/portal/collections/individual/index.php?occid=3242357
3242363	NY	1231611	J. P. Dey	6404	0.01	51.38	Tennessee	Sevier Co.	35.6644	-83.3408	outside_boundary_exact	Tennessee, Sevier County	Great Smoky Mountains National Park, Laurel Top, along the Appalachian Trail	https://lichenportal.org/portal/collections/individual/index.php?occid=3242363
3242375	NY	2441205	J. C. Lendemer	45714	0.01	55.34	Tennessee	Sevier Co.	35.5669	-83.4903	outside_boundary_exact	North Carolina, Swain County	Great Smoky Mountains National Park, Mt. Love, Appalachian Trail 0.4-0.8 mi E of Clingmans Dome	https://lichenportal.org/portal/collections/individual/index.php?occid=3242375
3242376	NY	2441232	J. C. Lendemer	45686	0.01	55.34	Tennessee	Sevier Co.	35.5669	-83.4903	outside_boundary_exact	North Carolina, Swain County	Great Smoky Mountains National Park, Mt. Love, Appalachian Trail 0.4-0.8 mi E of Clingmans Dome	https://lichenportal.org/portal/collections/individual/index.php?occid=3242376
3242392	NY	2441222	J. C. Lendemer	45696	0.01	55.34	Tennessee	Sevier Co.	35.5669	-83.4903	outside_boundary_exact	North Carolina, Swain County	Great Smoky Mountains National Park, Mt. Love, Appalachian Trail 0.4-0.8 mi E of Clingmans Dome	https://lichenportal.org/portal/collections/individual/index.php?occid=3242392
3242482	NY	2441182	J. C. Lendemer	45737	0.01	55.34	Tennessee	Sevier Co.	35.5669	-83.4903	outside_boundary_exact	North Carolina, Swain County	Great Smoky Mountains National Park, Mt. Love, Appalachian Trail 0.4-0.8 mi E of Clingmans Dome	https://lichenportal.org/portal/collections/individual/index.php?occid=3242482
3242511	NY	2441188	J. C. Lendemer	45731	0.01	55.34	Tennessee	Sevier Co.	35.5669	-83.4903	outside_boundary_exact	North Carolina, Swain County	Great Smoky Mountains National Park, Mt. Love, Appalachian Trail 0.4-0.8 mi E of Clingmans Dome	https://lichenportal.org/portal/collections/individual/index.php?occid=3242511
3242531	NY	2441169	J. C. Lendemer	45751	0.01	55.34	Tennessee	Sevier Co.	35.5669	-83.4903	outside_boundary_exact	North Carolina, Swain County	Great Smoky Mountains National Park, Mt. Love, Appalachian Trail 0.4-0.8 mi E of Clingmans Dome	https://lichenportal.org/portal/collections/individual/index.php?occid=3242531
3242536	NY	2441185	J. C. Lendemer	45734	0.01	55.34	Tennessee	Sevier Co.	35.5669	-83.4903	outside_boundary_exact	North Carolina, Swain County	Great Smoky Mountains National Park, Mt. Love, Appalachian Trail 0.4-0.8 mi E of Clingmans Dome	https://lichenportal.org/portal/collections/individual/index.php?occid=3242536
3242621	NY	2441159	J. C. Lendemer	45761	0.01	55.34	Tennessee	Sevier Co.	35.5669	-83.4903	outside_boundary_exact	North Carolina, Swain County	Great Smoky Mountains National Park, Mt. Love, Appalachian Trail 0.4-0.8 mi E of Clingmans Dome	https://lichenportal.org/portal/collections/individual/index.php?occid=3242621
3242623	NY	1226969	J. P. Dey	6405	0.01	51.38	Tennessee	Sevier Co.	35.6644	-83.3408	outside_boundary_exact	Tennessee, Sevier County	Great Smoky Mountains National Park, Laurel Top, along the Appalachian Trail	https://lichenportal.org/portal/collections/individual/index.php?occid=3242623
3242649	NY	1227582	J. P. Dey	6397	0.01	51.38	Tennessee	Sevier Co.	35.6644	-83.3408	outside_boundary_exact	Tennessee, Sevier County	Great Smoky Mountains National Park, Laurel Top, along the Appalachian Trail	https://lichenportal.org/portal/collections/individual/index.php?occid=3242649
3242650	NY	1227583	J. P. Dey	6397	0.01	51.38	Tennessee	Sevier Co.	35.6644	-83.3408	outside_boundary_exact	Tennessee, Sevier County	Great Smoky Mountains National Park, Laurel Top, along the Appalachian Trail	https://lichenportal.org/portal/collections/individual/index.php?occid=3242650
3242668	NY	2441187	J. C. Lendemer	45732	0.01	55.34	Tennessee	Sevier Co.	35.5669	-83.4903	outside_boundary_exact	North Carolina, Swain County	Great Smoky Mountains National Park, Mt. Love, Appalachian Trail 0.4-0.8 mi E of Clingmans Dome	https://lichenportal.org/portal/collections/individual/index.php?occid=3242668
3242686	NY	2441211	J. C. Lendemer	45707	0.01	55.34	Tennessee	Sevier Co.	35.5669	-83.4903	outside_boundary_exact	North Carolina, Swain County	Great Smoky Mountains National Park, Mt. Love, Appalachian Trail 0.4-0.8 mi E of Clingmans Dome	https://lichenportal.org/portal/collections/individual/index.php?occid=3242686
3242690	NY	1885739	J. P. Dey	6378	0.01	51.38	Tennessee	Sevier Co.	35.6644	-83.3408	outside_boundary_exact	Tennessee, Sevier County	Great Smoky Mountains National Park, Laurel Top, along the Appalachian Trail	https://lichenportal.org/portal/collections/individual/index.php?occid=3242690
3242716	NY	1716467	J. P. Dey	6395	0.01	51.38	Tennessee	Sevier Co.	35.6644	-83.3408	outside_boundary_exact	Tennessee, Sevier County	Great Smoky Mountains National Park, Laurel Top, along the Appalachian Trail	https://lichenportal.org/portal/collections/individual/index.php?occid=3242716
3242732	NY	1807641	J. P. Dey	31562	0.01	54.4	Tennessee	Sevier Co.	35.5781	-83.4797	outside_boundary_exact	Tennessee, Sevier County	Great Smoky Mountains National Park, Indian Gap Road turnout on Clingmans Dome Road, near junction Appalachian Trail and Road Prong Trailhead	https://lichenportal.org/portal/collections/individual/index.php?occid=3242732
3242734	NY	2441156	J. C. Lendemer	45764	0.01	55.34	Tennessee	Sevier Co.	35.5669	-83.4903	outside_boundary_exact	North Carolina, Swain County	Great Smoky Mountains National Park, Mt. Love, Appalachian Trail 0.4-0.8 mi E of Clingmans Dome	https://lichenportal.org/portal/collections/individual/index.php?occid=3242734
3242735	NY	2441176	J. C. Lendemer	45744	0.01	55.34	Tennessee	Sevier Co.	35.5669	-83.4903	outside_boundary_exact	North Carolina, Swain County	Great Smoky Mountains National Park, Mt. Love, Appalachian Trail 0.4-0.8 mi E of Clingmans Dome	https://lichenportal.org/portal/collections/individual/index.php?occid=3242735
3242917	NY	2441170	J. C. Lendemer	45750	0.01	55.34	Tennessee	Sevier Co.	35.5669	-83.4903	outside_boundary_exact	North Carolina, Swain County	Great Smoky Mountains National Park, Mt. Love, Appalachian Trail 0.4-0.8 mi E of Clingmans Dome	https://lichenportal.org/portal/collections/individual/index.php?occid=3242917
3243025	NY	2441168	J. C. Lendemer	45752	0.01	55.34	Tennessee	Sevier Co.	35.5669	-83.4903	outside_boundary_exact	North Carolina, Swain County	Great Smoky Mountains National Park, Mt. Love, Appalachian Trail 0.4-0.8 mi E of Clingmans Dome	https://lichenportal.org/portal/collections/individual/index.php?occid=3243025
3243083	NY	2441180	J. C. Lendemer	45740	0.01	55.34	Tennessee	Sevier Co.	35.5669	-83.4903	outside_boundary_exact	North Carolina, Swain County	Great Smoky Mountains National Park, Mt. Love, Appalachian Trail 0.4-0.8 mi E of Clingmans Dome	https://lichenportal.org/portal/collections/individual/index.php?occid=3243083
3243167	NY	1237146	R. D. Rosentreter	17452	0.01	46.44	Tennessee	Carter Co.	36.107375	-82.108608	outside_boundary_exact	Tennessee, Carter County	Carvers Gap, Roan Mountain State Park, in Appalachian Mountains	https://lichenportal.org/portal/collections/individual/index.php?occid=3243167
3243192	NY	2441190	J. C. Lendemer	45729	0.01	55.34	Tennessee	Sevier Co.	35.5669	-83.4903	outside_boundary_exact	North Carolina, Swain County	Great Smoky Mountains National Park, Mt. Love, Appalachian Trail 0.4-0.8 mi E of Clingmans Dome	https://lichenportal.org/portal/collections/individual/index.php?occid=3243192
3243204	NY	2441167	J. C. Lendemer	45753	0.01	55.34	Tennessee	Sevier Co.	35.5669	-83.4903	outside_boundary_exact	North Carolina, Swain County	Great Smoky Mountains National Park, Mt. Love, Appalachian Trail 0.4-0.8 mi E of Clingmans Dome	https://lichenportal.org/portal/collections/individual/index.php?occid=3243204
3243246	NY	1229105	J. P. Dey	6381	0.01	51.38	Tennessee	Sevier Co.	35.6644	-83.3408	outside_boundary_exact	Tennessee, Sevier County	Great Smoky Mountains National Park, Laurel Top, along the Appalachian Trail	https://lichenportal.org/portal/collections/individual/index.php?occid=3243246
3243320	NY	1227626	J. P. Dey	31566	0.01	54.4	Tennessee	Sevier Co.	35.5781	-83.4797	outside_boundary_exact	Tennessee, Sevier County	Great Smoky Mountains National Park, Indian Gap Road turnout on Clingmans Dome Road, near junction Appalachian Trail and Road Prong Trailhead	https://lichenportal.org/portal/collections/individual/index.php?occid=3243320
3243397	NY	2441201	J. C. Lendemer	45718	0.01	55.34	Tennessee	Sevier Co.	35.5669	-83.4903	outside_boundary_exact	North Carolina, Swain County	Great Smoky Mountains National Park, Mt. Love, Appalachian Trail 0.4-0.8 mi E of Clingmans Dome	https://lichenportal.org/portal/collections/individual/index.php?occid=3243397
3243408	NY	1227627	J. P. Dey	31568	0.01	54.4	Tennessee	Sevier Co.	35.5781	-83.4797	outside_boundary_exact	Tennessee, Sevier County	Great Smoky Mountains National Park, Indian Gap Road turnout on Clingmans Dome Road, near junction Appalachian Trail and Road Prong Trailhead	https://lichenportal.org/portal/collections/individual/index.php?occid=3243408
3243413	NY	2441230	J. C. Lendemer	45688	0.01	55.34	Tennessee	Sevier Co.	35.5669	-83.4903	outside_boundary_exact	North Carolina, Swain County	Great Smoky Mountains National Park, Mt. Love, Appalachian Trail 0.4-0.8 mi E of Clingmans Dome	https://lichenportal.org/portal/collections/individual/index.php?occid=3243413
3243418	NY	1225450	J. P. Dey	6383	0.01	51.38	Tennessee	Sevier Co.	35.6644	-83.3408	outside_boundary_exact	Tennessee, Sevier County	Great Smoky Mountains National Park, Laurel Top, along the Appalachian Trail	https://lichenportal.org/portal/collections/individual/index.php?occid=3243418
3243472	NY	2441155	J. C. Lendemer	45765	0.01	55.34	Tennessee	Sevier Co.	35.5669	-83.4903	outside_boundary_exact	North Carolina, Swain County	Great Smoky Mountains National Park, Mt. Love, Appalachian Trail 0.4-0.8 mi E of Clingmans Dome	https://lichenportal.org/portal/collections/individual/index.php?occid=3243472
3243473	NY	2441207	J. C. Lendemer	45711	0.01	55.34	Tennessee	Sevier Co.	35.5669	-83.4903	outside_boundary_exact	North Carolina, Swain County	Great Smoky Mountains National Park, Mt. Love, Appalachian Trail 0.4-0.8 mi E of Clingmans Dome	https://lichenportal.org/portal/collections/individual/index.php?occid=3243473
3243480	NY	1226298	J. P. Dey	6402	0.01	51.38	Tennessee	Sevier Co.	35.6644	-83.3408	outside_boundary_exact	Tennessee, Sevier County	Great Smoky Mountains National Park, Laurel Top, along the Appalachian Trail	https://lichenportal.org/portal/collections/individual/index.php?occid=3243480
3243481	NY	1226299	J. P. Dey	6413	0.01	51.38	Tennessee	Sevier Co.	35.6644	-83.3408	outside_boundary_exact	Tennessee, Sevier County	Great Smoky Mountains National Park, Laurel Top, along the Appalachian Trail	https://lichenportal.org/portal/collections/individual/index.php?occid=3243481
3243482	NY	1226300	J. P. Dey	6423	0.01	51.38	Tennessee	Sevier Co.	35.6644	-83.3408	outside_boundary_exact	Tennessee, Sevier County	Great Smoky Mountains National Park, Laurel Top, along the Appalachian Trail	https://lichenportal.org/portal/collections/individual/index.php?occid=3243482
3243506	NY	2441197	J. C. Lendemer	45722	0.01	55.34	Tennessee	Sevier Co.	35.5669	-83.4903	outside_boundary_exact	North Carolina, Swain County	Great Smoky Mountains National Park, Mt. Love, Appalachian Trail 0.4-0.8 mi E of Clingmans Dome	https://lichenportal.org/portal/collections/individual/index.php?occid=3243506
3243507	NY	2441215	J. C. Lendemer	45703	0.01	55.34	Tennessee	Sevier Co.	35.5669	-83.4903	outside_boundary_exact	North Carolina, Swain County	Great Smoky Mountains National Park, Mt. Love, Appalachian Trail 0.4-0.8 mi E of Clingmans Dome	https://lichenportal.org/portal/collections/individual/index.php?occid=3243507
3243620	NY	2441219	J. C. Lendemer	45699	0.01	55.34	Tennessee	Sevier Co.	35.5669	-83.4903	outside_boundary_exact	North Carolina, Swain County	Great Smoky Mountains National Park, Mt. Love, Appalachian Trail 0.4-0.8 mi E of Clingmans Dome	https://lichenportal.org/portal/collections/individual/index.php?occid=3243620
3243653	NY	1226826	J. P. Dey	6382	0.01	51.38	Tennessee	Sevier Co.	35.6644	-83.3408	outside_boundary_exact	Tennessee, Sevier County	Great Smoky Mountains National Park, Laurel Top, along the Appalachian Trail	https://lichenportal.org/portal/collections/individual/index.php?occid=3243653
3243715	NY	1231143	J. P. Dey	31553	0.01	54.4	Tennessee	Sevier Co.	35.5781	-83.4797	outside_boundary_exact	Tennessee, Sevier County	Great Smoky Mountains National Park, Indian Gap Road turnout on Clingmans Dome Road, near junction Appalachian Trail and Road Prong Trailhead	https://lichenportal.org/portal/collections/individual/index.php?occid=3243715
3243835	NY	2441200	J. C. Lendemer	45719	0.01	55.34	Tennessee	Sevier Co.	35.5669	-83.4903	outside_boundary_exact	North Carolina, Swain County	Great Smoky Mountains National Park, Mt. Love, Appalachian Trail 0.4-0.8 mi E of Clingmans Dome	https://lichenportal.org/portal/collections/individual/index.php?occid=3243835
3243838	NY	1226487	J. P. Dey	6420	0.01	51.38	Tennessee	Sevier Co.	35.6644	-83.3408	outside_boundary_exact	Tennessee, Sevier County	Great Smoky Mountains National Park, Laurel Top, along the Appalachian Trail	https://lichenportal.org/portal/collections/individual/index.php?occid=3243838
3243839	NY	1226488	J. P. Dey	6426	0.01	51.38	Tennessee	Sevier Co.	35.6644	-83.3408	outside_boundary_exact	Tennessee, Sevier County	Great Smoky Mountains National Park, Laurel Top, along the Appalachian Trail	https://lichenportal.org/portal/collections/individual/index.php?occid=3243839
3243864	NY	1227625	J. P. Dey	31563	0.01	54.4	Tennessee	Sevier Co.	35.5781	-83.4797	outside_boundary_exact	Tennessee, Sevier County	Great Smoky Mountains National Park, Indian Gap Road turnout on Clingmans Dome Road, near junction Appalachian Trail and Road Prong Trailhead	https://lichenportal.org/portal/collections/individual/index.php?occid=3243864
3243872	NY	2441212	J. C. Lendemer	45706	0.01	55.34	Tennessee	Sevier Co.	35.5669	-83.4903	outside_boundary_exact	North Carolina, Swain County	Great Smoky Mountains National Park, Mt. Love, Appalachian Trail 0.4-0.8 mi E of Clingmans Dome	https://lichenportal.org/portal/collections/individual/index.php?occid=3243872
3243946	NY	2441236	J. C. Lendemer	45682	0.01	55.34	Tennessee	Sevier Co.	35.5669	-83.4903	outside_boundary_exact	North Carolina, Swain County	Great Smoky Mountains National Park, Mt. Love, Appalachian Trail 0.4-0.8 mi E of Clingmans Dome	https://lichenportal.org/portal/collections/individual/index.php?occid=3243946
3244133	NY	1236224	J. P. Dey	31555	0.01	54.4	Tennessee	Sevier Co.	35.5781	-83.4797	outside_boundary_exact	Tennessee, Sevier County	Great Smoky Mountains National Park, Indian Gap Road turnout on Clingmans Dome Road, near junction Appalachian Trail and Road Prong Trailhead	https://lichenportal.org/portal/collections/individual/index.php?occid=3244133
3244809	NY	2441160	J. C. Lendemer	45760	0.01	55.34	Tennessee	Sevier Co.	35.5669	-83.4903	outside_boundary_exact	North Carolina, Swain County	Great Smoky Mountains National Park, Mt. Love, Appalachian Trail 0.4-0.8 mi E of Clingmans Dome	https://lichenportal.org/portal/collections/individual/index.php?occid=3244809
3244813	NY	1227812	J. P. Dey	6421	0.01	51.38	Tennessee	Sevier Co.	35.6644	-83.3408	outside_boundary_exact	Tennessee, Sevier County	Great Smoky Mountains National Park, Laurel Top, along the Appalachian Trail	https://lichenportal.org/portal/collections/individual/index.php?occid=3244813
3244892	NY	2441157	J. C. Lendemer	45763	0.01	55.34	Tennessee	Sevier Co.	35.5669	-83.4903	outside_boundary_exact	North Carolina, Swain County	Great Smoky Mountains National Park, Mt. Love, Appalachian Trail 0.4-0.8 mi E of Clingmans Dome	https://lichenportal.org/portal/collections/individual/index.php?occid=3244892
3244893	NY	2441158	J. C. Lendemer	45762	0.01	55.34	Tennessee	Sevier Co.	35.5669	-83.4903	outside_boundary_exact	North Carolina, Swain County	Great Smoky Mountains National Park, Mt. Love, Appalachian Trail 0.4-0.8 mi E of Clingmans Dome	https://lichenportal.org/portal/collections/individual/index.php?occid=3244893
3245003	NY	2441178	J. C. Lendemer	45742	0.01	55.34	Tennessee	Sevier Co.	35.5669	-83.4903	outside_boundary_exact	North Carolina, Swain County	Great Smoky Mountains National Park, Mt. Love, Appalachian Trail 0.4-0.8 mi E of Clingmans Dome	https://lichenportal.org/portal/collections/individual/index.php?occid=3245003
3245153	NY	1227852	J. P. Dey	31558	0.01	54.4	Tennessee	Sevier Co.	35.5781	-83.4797	outside_boundary_exact	Tennessee, Sevier County	Great Smoky Mountains National Park, Indian Gap Road turnout on Clingmans Dome Road, near junction Appalachian Trail and Road Prong Trailhead	https://lichenportal.org/portal/collections/individual/index.php?occid=3245153
3245262	NY	2441227	J. C. Lendemer	45691	0.01	55.34	Tennessee	Sevier Co.	35.5669	-83.4903	outside_boundary_exact	North Carolina, Swain County	Great Smoky Mountains National Park, Mt. Love, Appalachian Trail 0.4-0.8 mi E of Clingmans Dome	https://lichenportal.org/portal/collections/individual/index.php?occid=3245262
3245527	NY	2441204	J. C. Lendemer	45715	0.01	55.34	Tennessee	Sevier Co.	35.5669	-83.4903	outside_boundary_exact	North Carolina, Swain County	Great Smoky Mountains National Park, Mt. Love, Appalachian Trail 0.4-0.8 mi E of Clingmans Dome	https://lichenportal.org/portal/collections/individual/index.php?occid=3245527
3245534	NY	1231891	J. P. Dey	6388	0.01	51.38	Tennessee	Sevier Co.	35.6644	-83.3408	outside_boundary_exact	Tennessee, Sevier County	Great Smoky Mountains National Park, Laurel Top, along the Appalachian Trail	https://lichenportal.org/portal/collections/individual/index.php?occid=3245534
3245543	NY	2441179	J. C. Lendemer	45741	0.01	55.34	Tennessee	Sevier Co.	35.5669	-83.4903	outside_boundary_exact	North Carolina, Swain County	Great Smoky Mountains National Park, Mt. Love, Appalachian Trail 0.4-0.8 mi E of Clingmans Dome	https://lichenportal.org/portal/collections/individual/index.php?occid=3245543
3245572	NY	2794227	J. P. Dey	6400	0.01	51.38	Tennessee	Sevier Co.	35.6644	-83.3408	outside_boundary_exact	Tennessee, Sevier County	Great Smoky Mountains National Park, Laurel Top, along the Appalachian Trail	https://lichenportal.org/portal/collections/individual/index.php?occid=3245572
3245621	NY	1224681	J. P. Dey	6372	0.01	51.38	Tennessee	Sevier Co.	35.6644	-83.3408	outside_boundary_exact	Tennessee, Sevier County	Great Smoky Mountains National Park, Laurel Top, along the Appalachian Trail	https://lichenportal.org/portal/collections/individual/index.php?occid=3245621
3249634	NY	2441233	J. C. Lendemer	45685	0.01	55.34	Tennessee	Sevier Co.	35.5669	-83.4903	outside_boundary_exact	North Carolina, Swain County	Great Smoky Mountains National Park, Mt. Love, Appalachian Trail 0.4-0.8 mi E of Clingmans Dome	https://lichenportal.org/portal/collections/individual/index.php?occid=3249634
3249700	NY	2441224	J. C. Lendemer	45694	0.01	55.34	Tennessee	Sevier Co.	35.5669	-83.4903	outside_boundary_exact	North Carolina, Swain County	Great Smoky Mountains National Park, Mt. Love, Appalachian Trail 0.4-0.8 mi E of Clingmans Dome	https://lichenportal.org/portal/collections/individual/index.php?occid=3249700
4979303	NY	02690515	J. P. Dey	6406	0.01	51.38	Tennessee	Sevier Co.	35.6644	-83.3408	outside_boundary_exact	Tennessee, Sevier County	Great Smoky Mountains National Park, Laurel Top, along the Appalachian Trail	https://lichenportal.org/portal/collections/individual/index.php?occid=4979303
1037622	NY	1541558	G. T. Johnson	s.n.	0	55.58	Tennessee	Sevier Co.	35.562872	-83.498497	outside_boundary_exact	North Carolina, Swain County	Great Smoky Mountains National Park, near Clingmans Dome	https://lichenportal.org/portal/collections/individual/index.php?occid=1037622
1037623	NY	1541559	G. T. Johnson	s.n.	0	55.58	Tennessee	Sevier Co.	35.562872	-83.498497	outside_boundary_exact	North Carolina, Swain County	Great Smoky Mountains National Park, near Clingmans Dome	https://lichenportal.org/portal/collections/individual/index.php?occid=1037623
1037624	NY	1541560	G. T. Johnson	s.n.	0	55.58	Tennessee	Sevier Co.	35.562872	-83.498497	outside_boundary_exact	North Carolina, Swain County	Great Smoky Mountains National Park, near Clingmans Dome	https://lichenportal.org/portal/collections/individual/index.php?occid=1037624
3241076	NY	2606731	J. C. Lendemer	46217	0	53.8	Tennessee	Sevier Co.	35.585	-83.4747	outside_boundary_exact	North Carolina, Swain County	Great Smoky Mountains National Park, N-facing slope N of Appalachian Trail 0.2 mi S of summit of Mount Collins	https://lichenportal.org/portal/collections/individual/index.php?occid=3241076
3241121	NY	2606672	J. C. Lendemer	46276	0	53.8	Tennessee	Sevier Co.	35.585	-83.4747	outside_boundary_exact	North Carolina, Swain County	Great Smoky Mountains National Park, N-facing slope N of Appalachian Trail 0.2 mi S of summit of Mount Collins	https://lichenportal.org/portal/collections/individual/index.php?occid=3241121
3241139	NY	2606739	J. C. Lendemer	46209	0	53.8	Tennessee	Sevier Co.	35.585	-83.4747	outside_boundary_exact	North Carolina, Swain County	Great Smoky Mountains National Park, N-facing slope N of Appalachian Trail 0.2 mi S of summit of Mount Collins	https://lichenportal.org/portal/collections/individual/index.php?occid=3241139
3241151	NY	2606683	J. C. Lendemer	46265	0	53.8	Tennessee	Sevier Co.	35.585	-83.4747	outside_boundary_exact	North Carolina, Swain County	Great Smoky Mountains National Park, N-facing slope N of Appalachian Trail 0.2 mi S of summit of Mount Collins	https://lichenportal.org/portal/collections/individual/index.php?occid=3241151
3241178	NY	2606728	J. C. Lendemer	46220	0	53.8	Tennessee	Sevier Co.	35.585	-83.4747	outside_boundary_exact	North Carolina, Swain County	Great Smoky Mountains National Park, N-facing slope N of Appalachian Trail 0.2 mi S of summit of Mount Collins	https://lichenportal.org/portal/collections/individual/index.php?occid=3241178
3241212	NY	2606670	J. C. Lendemer	46278	0	53.8	Tennessee	Sevier Co.	35.585	-83.4747	outside_boundary_exact	North Carolina, Swain County	Great Smoky Mountains National Park, N-facing slope N of Appalachian Trail 0.2 mi S of summit of Mount Collins	https://lichenportal.org/portal/collections/individual/index.php?occid=3241212
3241254	NY	2606712	J. C. Lendemer	46236	0	53.8	Tennessee	Sevier Co.	35.585	-83.4747	outside_boundary_exact	North Carolina, Swain County	Great Smoky Mountains National Park, N-facing slope N of Appalachian Trail 0.2 mi S of summit of Mount Collins	https://lichenportal.org/portal/collections/individual/index.php?occid=3241254
3241278	NY	2606740	J. C. Lendemer	46208	0	53.8	Tennessee	Sevier Co.	35.585	-83.4747	outside_boundary_exact	North Carolina, Swain County	Great Smoky Mountains National Park, N-facing slope N of Appalachian Trail 0.2 mi S of summit of Mount Collins	https://lichenportal.org/portal/collections/individual/index.php?occid=3241278
3241340	NY	2606695	J. C. Lendemer	46253	0	53.8	Tennessee	Sevier Co.	35.585	-83.4747	outside_boundary_exact	North Carolina, Swain County	Great Smoky Mountains National Park, N-facing slope N of Appalachian Trail 0.2 mi S of summit of Mount Collins	https://lichenportal.org/portal/collections/individual/index.php?occid=3241340
3241388	NY	2606730	J. C. Lendemer	46218	0	53.8	Tennessee	Sevier Co.	35.585	-83.4747	outside_boundary_exact	North Carolina, Swain County	Great Smoky Mountains National Park, N-facing slope N of Appalachian Trail 0.2 mi S of summit of Mount Collins	https://lichenportal.org/portal/collections/individual/index.php?occid=3241388
3241480	NY	2606718	J. C. Lendemer	46230	0	53.8	Tennessee	Sevier Co.	35.585	-83.4747	outside_boundary_exact	North Carolina, Swain County	Great Smoky Mountains National Park, N-facing slope N of Appalachian Trail 0.2 mi S of summit of Mount Collins	https://lichenportal.org/portal/collections/individual/index.php?occid=3241480
3241505	NY	2606736	J. C. Lendemer	46212	0	53.8	Tennessee	Sevier Co.	35.585	-83.4747	outside_boundary_exact	North Carolina, Swain County	Great Smoky Mountains National Park, N-facing slope N of Appalachian Trail 0.2 mi S of summit of Mount Collins	https://lichenportal.org/portal/collections/individual/index.php?occid=3241505
3241522	NY	2606692	J. C. Lendemer	46256	0	53.8	Tennessee	Sevier Co.	35.585	-83.4747	outside_boundary_exact	North Carolina, Swain County	Great Smoky Mountains National Park, N-facing slope N of Appalachian Trail 0.2 mi S of summit of Mount Collins	https://lichenportal.org/portal/collections/individual/index.php?occid=3241522
3241658	NY	1684897	E. A. Tripp	3537	0	52.67	Tennessee	Sevier Co.	35.625	-83.3928	outside_boundary_exact	North Carolina, Swain County	Great Smoky Mountains National Park, between Newfound Gap parking area and Boulevard Trail along the Appalachia Trail	https://lichenportal.org/portal/collections/individual/index.php?occid=3241658
3241679	NY	2606741	J. C. Lendemer	46207	0	53.8	Tennessee	Sevier Co.	35.585	-83.4747	outside_boundary_exact	North Carolina, Swain County	Great Smoky Mountains National Park, N-facing slope N of Appalachian Trail 0.2 mi S of summit of Mount Collins	https://lichenportal.org/portal/collections/individual/index.php?occid=3241679
3241767	NY	2606694	J. C. Lendemer	46254	0	53.8	Tennessee	Sevier Co.	35.585	-83.4747	outside_boundary_exact	North Carolina, Swain County	Great Smoky Mountains National Park, N-facing slope N of Appalachian Trail 0.2 mi S of summit of Mount Collins	https://lichenportal.org/portal/collections/individual/index.php?occid=3241767
3241768	NY	2606733	J. C. Lendemer	46215	0	53.8	Tennessee	Sevier Co.	35.585	-83.4747	outside_boundary_exact	North Carolina, Swain County	Great Smoky Mountains National Park, N-facing slope N of Appalachian Trail 0.2 mi S of summit of Mount Collins	https://lichenportal.org/portal/collections/individual/index.php?occid=3241768
3241839	NY	2606734	J. C. Lendemer	46214	0	53.8	Tennessee	Sevier Co.	35.585	-83.4747	outside_boundary_exact	North Carolina, Swain County	Great Smoky Mountains National Park, N-facing slope N of Appalachian Trail 0.2 mi S of summit of Mount Collins	https://lichenportal.org/portal/collections/individual/index.php?occid=3241839
3241880	NY	01180511	G. T. Johnson	s.n.	0	55.58	Tennessee	Sevier Co.	35.562872	-83.498497	outside_boundary_exact	North Carolina, Swain County	Great Smoky Mountains National Park, near Clingmans Dome	https://lichenportal.org/portal/collections/individual/index.php?occid=3241880
3241887	NY	2606710	J. C. Lendemer	46238	0	53.8	Tennessee	Sevier Co.	35.585	-83.4747	outside_boundary_exact	North Carolina, Swain County	Great Smoky Mountains National Park, N-facing slope N of Appalachian Trail 0.2 mi S of summit of Mount Collins	https://lichenportal.org/portal/collections/individual/index.php?occid=3241887
3241910	NY	2606732	J. C. Lendemer	46216	0	53.8	Tennessee	Sevier Co.	35.585	-83.4747	outside_boundary_exact	North Carolina, Swain County	Great Smoky Mountains National Park, N-facing slope N of Appalachian Trail 0.2 mi S of summit of Mount Collins	https://lichenportal.org/portal/collections/individual/index.php?occid=3241910
3241919	NY	2606697	J. C. Lendemer	46251	0	53.8	Tennessee	Sevier Co.	35.585	-83.4747	outside_boundary_exact	North Carolina, Swain County	Great Smoky Mountains National Park, N-facing slope N of Appalachian Trail 0.2 mi S of summit of Mount Collins	https://lichenportal.org/portal/collections/individual/index.php?occid=3241919
3241920	NY	2606707	J. C. Lendemer	46241	0	53.8	Tennessee	Sevier Co.	35.585	-83.4747	outside_boundary_exact	North Carolina, Swain County	Great Smoky Mountains National Park, N-facing slope N of Appalachian Trail 0.2 mi S of summit of Mount Collins	https://lichenportal.org/portal/collections/individual/index.php?occid=3241920
3241921	NY	2606727	J. C. Lendemer	46221	0	53.8	Tennessee	Sevier Co.	35.585	-83.4747	outside_boundary_exact	North Carolina, Swain County	Great Smoky Mountains National Park, N-facing slope N of Appalachian Trail 0.2 mi S of summit of Mount Collins	https://lichenportal.org/portal/collections/individual/index.php?occid=3241921
3241939	NY	1684898	E. A. Tripp	3536	0	52.67	Tennessee	Sevier Co.	35.625	-83.3928	outside_boundary_exact	North Carolina, Swain County	Great Smoky Mountains National Park, between Newfound Gap parking area and Boulevard Trail along the Appalachia Trail	https://lichenportal.org/portal/collections/individual/index.php?occid=3241939
3241964	NY	2606726	J. C. Lendemer	46222	0	53.8	Tennessee	Sevier Co.	35.585	-83.4747	outside_boundary_exact	North Carolina, Swain County	Great Smoky Mountains National Park, N-facing slope N of Appalachian Trail 0.2 mi S of summit of Mount Collins	https://lichenportal.org/portal/collections/individual/index.php?occid=3241964
3242016	NY	2606703	J. C. Lendemer	46245	0	53.8	Tennessee	Sevier Co.	35.585	-83.4747	outside_boundary_exact	North Carolina, Swain County	Great Smoky Mountains National Park, N-facing slope N of Appalachian Trail 0.2 mi S of summit of Mount Collins	https://lichenportal.org/portal/collections/individual/index.php?occid=3242016
3242040	NY	2606677	J. C. Lendemer	46271	0	53.8	Tennessee	Sevier Co.	35.585	-83.4747	outside_boundary_exact	North Carolina, Swain County	Great Smoky Mountains National Park, N-facing slope N of Appalachian Trail 0.2 mi S of summit of Mount Collins	https://lichenportal.org/portal/collections/individual/index.php?occid=3242040
3242041	NY	2606715	J. C. Lendemer	46233	0	53.8	Tennessee	Sevier Co.	35.585	-83.4747	outside_boundary_exact	North Carolina, Swain County	Great Smoky Mountains National Park, N-facing slope N of Appalachian Trail 0.2 mi S of summit of Mount Collins	https://lichenportal.org/portal/collections/individual/index.php?occid=3242041
3242074	NY	2606684	J. C. Lendemer	46264	0	53.8	Tennessee	Sevier Co.	35.585	-83.4747	outside_boundary_exact	North Carolina, Swain County	Great Smoky Mountains National Park, N-facing slope N of Appalachian Trail 0.2 mi S of summit of Mount Collins	https://lichenportal.org/portal/collections/individual/index.php?occid=3242074
3242085	NY	2606687	J. C. Lendemer	46261	0	53.8	Tennessee	Sevier Co.	35.585	-83.4747	outside_boundary_exact	North Carolina, Swain County	Great Smoky Mountains National Park, N-facing slope N of Appalachian Trail 0.2 mi S of summit of Mount Collins	https://lichenportal.org/portal/collections/individual/index.php?occid=3242085
3242221	NY	2606725	J. C. Lendemer	46223	0	53.8	Tennessee	Sevier Co.	35.585	-83.4747	outside_boundary_exact	North Carolina, Swain County	Great Smoky Mountains National Park, N-facing slope N of Appalachian Trail 0.2 mi S of summit of Mount Collins	https://lichenportal.org/portal/collections/individual/index.php?occid=3242221
3242250	NY	2606708	J. C. Lendemer	46240	0	53.8	Tennessee	Sevier Co.	35.585	-83.4747	outside_boundary_exact	North Carolina, Swain County	Great Smoky Mountains National Park, N-facing slope N of Appalachian Trail 0.2 mi S of summit of Mount Collins	https://lichenportal.org/portal/collections/individual/index.php?occid=3242250
3242393	NY	2606711	J. C. Lendemer	46237	0	53.8	Tennessee	Sevier Co.	35.585	-83.4747	outside_boundary_exact	North Carolina, Swain County	Great Smoky Mountains National Park, N-facing slope N of Appalachian Trail 0.2 mi S of summit of Mount Collins	https://lichenportal.org/portal/collections/individual/index.php?occid=3242393
3242394	NY	2606723	J. C. Lendemer	46225	0	53.8	Tennessee	Sevier Co.	35.585	-83.4747	outside_boundary_exact	North Carolina, Swain County	Great Smoky Mountains National Park, N-facing slope N of Appalachian Trail 0.2 mi S of summit of Mount Collins	https://lichenportal.org/portal/collections/individual/index.php?occid=3242394
3242489	NY	2606673	J. C. Lendemer	46275	0	53.8	Tennessee	Sevier Co.	35.585	-83.4747	outside_boundary_exact	North Carolina, Swain County	Great Smoky Mountains National Park, N-facing slope N of Appalachian Trail 0.2 mi S of summit of Mount Collins	https://lichenportal.org/portal/collections/individual/index.php?occid=3242489
3242497	NY	2606681	J. C. Lendemer	46267	0	53.8	Tennessee	Sevier Co.	35.585	-83.4747	outside_boundary_exact	North Carolina, Swain County	Great Smoky Mountains National Park, N-facing slope N of Appalachian Trail 0.2 mi S of summit of Mount Collins	https://lichenportal.org/portal/collections/individual/index.php?occid=3242497
3242532	NY	2606698	J. C. Lendemer	46250	0	53.8	Tennessee	Sevier Co.	35.585	-83.4747	outside_boundary_exact	North Carolina, Swain County	Great Smoky Mountains National Park, N-facing slope N of Appalachian Trail 0.2 mi S of summit of Mount Collins	https://lichenportal.org/portal/collections/individual/index.php?occid=3242532
3242622	NY	2606678	J. C. Lendemer	46270	0	53.8	Tennessee	Sevier Co.	35.585	-83.4747	outside_boundary_exact	North Carolina, Swain County	Great Smoky Mountains National Park, N-facing slope N of Appalachian Trail 0.2 mi S of summit of Mount Collins	https://lichenportal.org/portal/collections/individual/index.php?occid=3242622
3242687	NY	2606706	J. C. Lendemer	46242	0	53.8	Tennessee	Sevier Co.	35.585	-83.4747	outside_boundary_exact	North Carolina, Swain County	Great Smoky Mountains National Park, N-facing slope N of Appalachian Trail 0.2 mi S of summit of Mount Collins	https://lichenportal.org/portal/collections/individual/index.php?occid=3242687
3242737	NY	2606720	J. C. Lendemer	46228	0	53.8	Tennessee	Sevier Co.	35.585	-83.4747	outside_boundary_exact	North Carolina, Swain County	Great Smoky Mountains National Park, N-facing slope N of Appalachian Trail 0.2 mi S of summit of Mount Collins	https://lichenportal.org/portal/collections/individual/index.php?occid=3242737
3242942	NY	2606674	J. C. Lendemer	46274	0	53.8	Tennessee	Sevier Co.	35.585	-83.4747	outside_boundary_exact	North Carolina, Swain County	Great Smoky Mountains National Park, N-facing slope N of Appalachian Trail 0.2 mi S of summit of Mount Collins	https://lichenportal.org/portal/collections/individual/index.php?occid=3242942
3242986	NY	2606679	J. C. Lendemer	46269	0	53.8	Tennessee	Sevier Co.	35.585	-83.4747	outside_boundary_exact	North Carolina, Swain County	Great Smoky Mountains National Park, N-facing slope N of Appalachian Trail 0.2 mi S of summit of Mount Collins	https://lichenportal.org/portal/collections/individual/index.php?occid=3242986
3242987	NY	2606713	J. C. Lendemer	46235	0	53.8	Tennessee	Sevier Co.	35.585	-83.4747	outside_boundary_exact	North Carolina, Swain County	Great Smoky Mountains National Park, N-facing slope N of Appalachian Trail 0.2 mi S of summit of Mount Collins	https://lichenportal.org/portal/collections/individual/index.php?occid=3242987
3243015	NY	01180376	G. T. Johnson	s.n.	0	55.58	Tennessee	Sevier Co.	35.562872	-83.498497	outside_boundary_exact	North Carolina, Swain County	Great Smoky Mountains National Park, near Clingmans Dome	https://lichenportal.org/portal/collections/individual/index.php?occid=3243015
3243124	NY	01180478	G. T. Johnson	s.n.	0	55.58	Tennessee	Sevier Co.	35.562872	-83.498497	outside_boundary_exact	North Carolina, Swain County	Great Smoky Mountains National Park, near Clingmans Dome	https://lichenportal.org/portal/collections/individual/index.php?occid=3243124
3243193	NY	2606737	J. C. Lendemer	46211	0	53.8	Tennessee	Sevier Co.	35.585	-83.4747	outside_boundary_exact	North Carolina, Swain County	Great Smoky Mountains National Park, N-facing slope N of Appalachian Trail 0.2 mi S of summit of Mount Collins	https://lichenportal.org/portal/collections/individual/index.php?occid=3243193
3243206	NY	2606724	J. C. Lendemer	46224	0	53.8	Tennessee	Sevier Co.	35.585	-83.4747	outside_boundary_exact	North Carolina, Swain County	Great Smoky Mountains National Park, N-facing slope N of Appalachian Trail 0.2 mi S of summit of Mount Collins	https://lichenportal.org/portal/collections/individual/index.php?occid=3243206
3243207	NY	2606742	J. C. Lendemer	46206	0	53.8	Tennessee	Sevier Co.	35.585	-83.4747	outside_boundary_exact	North Carolina, Swain County	Great Smoky Mountains National Park, N-facing slope N of Appalachian Trail 0.2 mi S of summit of Mount Collins	https://lichenportal.org/portal/collections/individual/index.php?occid=3243207
3243399	NY	2606716	J. C. Lendemer	46232	0	53.8	Tennessee	Sevier Co.	35.585	-83.4747	outside_boundary_exact	North Carolina, Swain County	Great Smoky Mountains National Park, N-facing slope N of Appalachian Trail 0.2 mi S of summit of Mount Collins	https://lichenportal.org/portal/collections/individual/index.php?occid=3243399
3243415	NY	2606717	J. C. Lendemer	46231	0	53.8	Tennessee	Sevier Co.	35.585	-83.4747	outside_boundary_exact	North Carolina, Swain County	Great Smoky Mountains National Park, N-facing slope N of Appalachian Trail 0.2 mi S of summit of Mount Collins	https://lichenportal.org/portal/collections/individual/index.php?occid=3243415
3243433	NY	2606696	J. C. Lendemer	46252	0	53.8	Tennessee	Sevier Co.	35.585	-83.4747	outside_boundary_exact	North Carolina, Swain County	Great Smoky Mountains National Park, N-facing slope N of Appalachian Trail 0.2 mi S of summit of Mount Collins	https://lichenportal.org/portal/collections/individual/index.php?occid=3243433
3243474	NY	2606738	J. C. Lendemer	46210	0	53.8	Tennessee	Sevier Co.	35.585	-83.4747	outside_boundary_exact	North Carolina, Swain County	Great Smoky Mountains National Park, N-facing slope N of Appalachian Trail 0.2 mi S of summit of Mount Collins	https://lichenportal.org/portal/collections/individual/index.php?occid=3243474
3243508	NY	2606702	J. C. Lendemer	46246	0	53.8	Tennessee	Sevier Co.	35.585	-83.4747	outside_boundary_exact	North Carolina, Swain County	Great Smoky Mountains National Park, N-facing slope N of Appalachian Trail 0.2 mi S of summit of Mount Collins	https://lichenportal.org/portal/collections/individual/index.php?occid=3243508
3243662	NY	2606705	J. C. Lendemer	46243	0	53.8	Tennessee	Sevier Co.	35.585	-83.4747	outside_boundary_exact	North Carolina, Swain County	Great Smoky Mountains National Park, N-facing slope N of Appalachian Trail 0.2 mi S of summit of Mount Collins	https://lichenportal.org/portal/collections/individual/index.php?occid=3243662
3243722	NY	2606688	J. C. Lendemer	46260	0	53.8	Tennessee	Sevier Co.	35.585	-83.4747	outside_boundary_exact	North Carolina, Swain County	Great Smoky Mountains National Park, N-facing slope N of Appalachian Trail 0.2 mi S of summit of Mount Collins	https://lichenportal.org/portal/collections/individual/index.php?occid=3243722
3243836	NY	2606714	J. C. Lendemer	46234	0	53.8	Tennessee	Sevier Co.	35.585	-83.4747	outside_boundary_exact	North Carolina, Swain County	Great Smoky Mountains National Park, N-facing slope N of Appalachian Trail 0.2 mi S of summit of Mount Collins	https://lichenportal.org/portal/collections/individual/index.php?occid=3243836
3243875	NY	2606676	J. C. Lendemer	46272	0	53.8	Tennessee	Sevier Co.	35.585	-83.4747	outside_boundary_exact	North Carolina, Swain County	Great Smoky Mountains National Park, N-facing slope N of Appalachian Trail 0.2 mi S of summit of Mount Collins	https://lichenportal.org/portal/collections/individual/index.php?occid=3243875
3243876	NY	2606701	J. C. Lendemer	46247	0	53.8	Tennessee	Sevier Co.	35.585	-83.4747	outside_boundary_exact	North Carolina, Swain County	Great Smoky Mountains National Park, N-facing slope N of Appalachian Trail 0.2 mi S of summit of Mount Collins	https://lichenportal.org/portal/collections/individual/index.php?occid=3243876
3243948	NY	2606686	J. C. Lendemer	46262	0	53.8	Tennessee	Sevier Co.	35.585	-83.4747	outside_boundary_exact	North Carolina, Swain County	Great Smoky Mountains National Park, N-facing slope N of Appalachian Trail 0.2 mi S of summit of Mount Collins	https://lichenportal.org/portal/collections/individual/index.php?occid=3243948
3244070	NY	2606700	J. C. Lendemer	46248	0	53.8	Tennessee	Sevier Co.	35.585	-83.4747	outside_boundary_exact	North Carolina, Swain County	Great Smoky Mountains National Park, N-facing slope N of Appalachian Trail 0.2 mi S of summit of Mount Collins	https://lichenportal.org/portal/collections/individual/index.php?occid=3244070
3244539	NY	2606690	J. C. Lendemer	46258	0	53.8	Tennessee	Sevier Co.	35.585	-83.4747	outside_boundary_exact	North Carolina, Swain County	Great Smoky Mountains National Park, N-facing slope N of Appalachian Trail 0.2 mi S of summit of Mount Collins	https://lichenportal.org/portal/collections/individual/index.php?occid=3244539
3244627	NY	2606671	J. C. Lendemer	46277	0	53.8	Tennessee	Sevier Co.	35.585	-83.4747	outside_boundary_exact	North Carolina, Swain County	Great Smoky Mountains National Park, N-facing slope N of Appalachian Trail 0.2 mi S of summit of Mount Collins	https://lichenportal.org/portal/collections/individual/index.php?occid=3244627
3244670	NY	2606691	J. C. Lendemer	46257	0	53.8	Tennessee	Sevier Co.	35.585	-83.4747	outside_boundary_exact	North Carolina, Swain County	Great Smoky Mountains National Park, N-facing slope N of Appalachian Trail 0.2 mi S of summit of Mount Collins	https://lichenportal.org/portal/collections/individual/index.php?occid=3244670
3245000	NY	2606680	J. C. Lendemer	46268	0	53.8	Tennessee	Sevier Co.	35.585	-83.4747	outside_boundary_exact	North Carolina, Swain County	Great Smoky Mountains National Park, N-facing slope N of Appalachian Trail 0.2 mi S of summit of Mount Collins	https://lichenportal.org/portal/collections/individual/index.php?occid=3245000
3245004	NY	2606729	J. C. Lendemer	46219	0	53.8	Tennessee	Sevier Co.	35.585	-83.4747	outside_boundary_exact	North Carolina, Swain County	Great Smoky Mountains National Park, N-facing slope N of Appalachian Trail 0.2 mi S of summit of Mount Collins	https://lichenportal.org/portal/collections/individual/index.php?occid=3245004
3245035	NY	2606722	J. C. Lendemer	46226	0	53.8	Tennessee	Sevier Co.	35.585	-83.4747	outside_boundary_exact	North Carolina, Swain County	Great Smoky Mountains National Park, N-facing slope N of Appalachian Trail 0.2 mi S of summit of Mount Collins	https://lichenportal.org/portal/collections/individual/index.php?occid=3245035
3245457	NY	2606735	J. C. Lendemer	46213	0	53.8	Tennessee	Sevier Co.	35.585	-83.4747	outside_boundary_exact	North Carolina, Swain County	Great Smoky Mountains National Park, N-facing slope N of Appalachian Trail 0.2 mi S of summit of Mount Collins	https://lichenportal.org/portal/collections/individual/index.php?occid=3245457
3245528	NY	2606682	J. C. Lendemer	46266	0	53.8	Tennessee	Sevier Co.	35.585	-83.4747	outside_boundary_exact	North Carolina, Swain County	Great Smoky Mountains National Park, N-facing slope N of Appalachian Trail 0.2 mi S of summit of Mount Collins	https://lichenportal.org/portal/collections/individual/index.php?occid=3245528
3245529	NY	2606719	J. C. Lendemer	46229	0	53.8	Tennessee	Sevier Co.	35.585	-83.4747	outside_boundary_exact	North Carolina, Swain County	Great Smoky Mountains National Park, N-facing slope N of Appalachian Trail 0.2 mi S of summit of Mount Collins	https://lichenportal.org/portal/collections/individual/index.php?occid=3245529
3245563	NY	2606675	J. C. Lendemer	46273	0	53.8	Tennessee	Sevier Co.	35.585	-83.4747	outside_boundary_exact	North Carolina, Swain County	Great Smoky Mountains National Park, N-facing slope N of Appalachian Trail 0.2 mi S of summit of Mount Collins	https://lichenportal.org/portal/collections/individual/index.php?occid=3245563
3249703	NY	2606689	J. C. Lendemer	46259	0	53.8	Tennessee	Sevier Co.	35.585	-83.4747	outside_boundary_exact	North Carolina, Swain County	Great Smoky Mountains National Park, N-facing slope N of Appalachian Trail 0.2 mi S of summit of Mount Collins	https://lichenportal.org/portal/collections/individual/index.php?occid=3249703
3524649	NY	03861699	E. A. Tripp | J. C. Lendemer	8262	0	55.77	Tennessee	Monroe Co.	35.37221	-84.0085	outside_boundary_exact	Tennessee, Monroe County	Cherokee National Forest, Unicoi Mountains, Bob Bald, Benton MacKeye Trail/Bob Bald Connector/Trail54A, ~2.6 mi N of Cherohala Skyway/TN165 at Beech Gap	https://lichenportal.org/portal/collections/individual/index.php?occid=3524649
3524650	NY	03861700	E. A. Tripp | J. C. Lendemer	8259	0	55.77	Tennessee	Monroe Co.	35.37221	-84.0085	outside_boundary_exact	Tennessee, Monroe County	Cherokee National Forest, Unicoi Mountains, Bob Bald, Benton MacKeye Trail/Bob Bald Connector/Trail54A, ~2.6 mi N of Cherohala Skyway/TN165 at Beech Gap	https://lichenportal.org/portal/collections/individual/index.php?occid=3524650
3524651	NY	03861701	E. A. Tripp | J. C. Lendemer	8262	0	55.77	Tennessee	Monroe Co.	35.37221	-84.0085	outside_boundary_exact	Tennessee, Monroe County	Cherokee National Forest, Unicoi Mountains, Bob Bald, Benton MacKeye Trail/Bob Bald Connector/Trail54A, ~2.6 mi N of Cherohala Skyway/TN165 at Beech Gap	https://lichenportal.org/portal/collections/individual/index.php?occid=3524651
3524894	NY	03861831	E. A. Tripp	8276	0	55.77	Tennessee	Monroe Co.	35.37221	-84.0085	outside_boundary_exact	Tennessee, Monroe County	Cherokee National Forest, Unicoi Mountains, Bob Bald, Benton MacKeye Trail/Bob Bald Connector/Trail54A, ~2.6 mi N of Cherohala Skyway/TN165 at Beech Gap	https://lichenportal.org/portal/collections/individual/index.php?occid=3524894
3524972	NY	03861723	E. A. Tripp | J. C. Lendemer	8239	0	55.77	Tennessee	Monroe Co.	35.37221	-84.0085	outside_boundary_exact	Tennessee, Monroe County	Cherokee National Forest, Unicoi Mountains, Bob Bald, Benton MacKeye Trail/Bob Bald Connector/Trail54A, ~2.6 mi N of Cherohala Skyway/TN165 at Beech Gap	https://lichenportal.org/portal/collections/individual/index.php?occid=3524972
3524987	NY	03861715	E. A. Tripp	8238	0	55.77	Tennessee	Monroe Co.	35.37221	-84.0085	outside_boundary_exact	Tennessee, Monroe County	Cherokee National Forest, Unicoi Mountains, Bob Bald, Benton MacKeye Trail/Bob Bald Connector/Trail54A, ~2.6 mi N of Cherohala Skyway/TN165 at Beech Gap	https://lichenportal.org/portal/collections/individual/index.php?occid=3524987
3525023	NY	03861834	E. A. Tripp | J. C. Lendemer	8241	0	55.77	Tennessee	Monroe Co.	35.37221	-84.0085	outside_boundary_exact	Tennessee, Monroe County	Cherokee National Forest, Unicoi Mountains, Bob Bald, Benton MacKeye Trail/Bob Bald Connector/Trail54A, ~2.6 mi N of Cherohala Skyway/TN165 at Beech Gap	https://lichenportal.org/portal/collections/individual/index.php?occid=3525023
3525095	NY	03861839	E. A. Tripp | J. C. Lendemer	8244	0	55.77	Tennessee	Monroe Co.	35.37221	-84.0085	outside_boundary_exact	Tennessee, Monroe County	Cherokee National Forest, Unicoi Mountains, Bob Bald, Benton MacKeye Trail/Bob Bald Connector/Trail54A, ~2.6 mi N of Cherohala Skyway/TN165 at Beech Gap	https://lichenportal.org/portal/collections/individual/index.php?occid=3525095
3525104	NY	03861832	E. A. Tripp | J. C. Lendemer	8274	0	55.77	Tennessee	Monroe Co.	35.37221	-84.0085	outside_boundary_exact	Tennessee, Monroe County	Cherokee National Forest, Unicoi Mountains, Bob Bald, Benton MacKeye Trail/Bob Bald Connector/Trail54A, ~2.6 mi N of Cherohala Skyway/TN165 at Beech Gap	https://lichenportal.org/portal/collections/individual/index.php?occid=3525104
3525125	NY	03861837	E. A. Tripp | J. C. Lendemer	8236	0	55.77	Tennessee	Monroe Co.	35.37221	-84.0085	outside_boundary_exact	Tennessee, Monroe County	Cherokee National Forest, Unicoi Mountains, Bob Bald, Benton MacKeye Trail/Bob Bald Connector/Trail54A, ~2.6 mi N of Cherohala Skyway/TN165 at Beech Gap	https://lichenportal.org/portal/collections/individual/index.php?occid=3525125
3525356	NY	03861716	E. A. Tripp	8238-A	0	55.77	Tennessee	Monroe Co.	35.37221	-84.0085	outside_boundary_exact	Tennessee, Monroe County	Cherokee National Forest, Unicoi Mountains, Bob Bald, Benton MacKeye Trail/Bob Bald Connector/Trail54A, ~2.6 mi N of Cherohala Skyway/TN165 at Beech Gap	https://lichenportal.org/portal/collections/individual/index.php?occid=3525356
3525475	NY	03861840	E. A. Tripp | J. C. Lendemer	8243	0	55.77	Tennessee	Monroe Co.	35.37221	-84.0085	outside_boundary_exact	Tennessee, Monroe County	Cherokee National Forest, Unicoi Mountains, Bob Bald, Benton MacKeye Trail/Bob Bald Connector/Trail54A, ~2.6 mi N of Cherohala Skyway/TN165 at Beech Gap	https://lichenportal.org/portal/collections/individual/index.php?occid=3525475
3525476	NY	03861833	E. A. Tripp | J. C. Lendemer	8235	0	55.77	Tennessee	Monroe Co.	35.37221	-84.0085	outside_boundary_exact	Tennessee, Monroe County	Cherokee National Forest, Unicoi Mountains, Bob Bald, Benton MacKeye Trail/Bob Bald Connector/Trail54A, ~2.6 mi N of Cherohala Skyway/TN165 at Beech Gap	https://lichenportal.org/portal/collections/individual/index.php?occid=3525476
3525686	NY	03861779	E. A. Tripp | J. C. Lendemer	8240	0	55.77	Tennessee	Monroe Co.	35.37221	-84.0085	outside_boundary_exact	Tennessee, Monroe County	Cherokee National Forest, Unicoi Mountains, Bob Bald, Benton MacKeye Trail/Bob Bald Connector/Trail54A, ~2.6 mi N of Cherohala Skyway/TN165 at Beech Gap	https://lichenportal.org/portal/collections/individual/index.php?occid=3525686
3525771	NY	03861841	E. A. Tripp | J. C. Lendemer	8242	0	55.77	Tennessee	Monroe Co.	35.37221	-84.0085	outside_boundary_exact	Tennessee, Monroe County	Cherokee National Forest, Unicoi Mountains, Bob Bald, Benton MacKeye Trail/Bob Bald Connector/Trail54A, ~2.6 mi N of Cherohala Skyway/TN165 at Beech Gap	https://lichenportal.org/portal/collections/individual/index.php?occid=3525771
3525782	NY	03861835	E. A. Tripp | J. C. Lendemer	5263	0	55.77	Tennessee	Monroe Co.	35.37221	-84.0085	outside_boundary_exact	Tennessee, Monroe County	Cherokee National Forest, Unicoi Mountains, Bob Bald, Benton MacKeye Trail/Bob Bald Connector/Trail54A, ~2.6 mi N of Cherohala Skyway/TN165 at Beech Gap	https://lichenportal.org/portal/collections/individual/index.php?occid=3525782
3525784	NY	03861838	E. A. Tripp | J. C. Lendemer	8257	0	55.77	Tennessee	Monroe Co.	35.37221	-84.0085	outside_boundary_exact	Tennessee, Monroe County	Cherokee National Forest, Unicoi Mountains, Bob Bald, Benton MacKeye Trail/Bob Bald Connector/Trail54A, ~2.6 mi N of Cherohala Skyway/TN165 at Beech Gap	https://lichenportal.org/portal/collections/individual/index.php?occid=3525784
3525791	NY	03861836	E. A. Tripp | J. C. Lendemer	8277	0	55.77	Tennessee	Monroe Co.	35.37221	-84.0085	outside_boundary_exact	Tennessee, Monroe County	Cherokee National Forest, Unicoi Mountains, Bob Bald, Benton MacKeye Trail/Bob Bald Connector/Trail54A, ~2.6 mi N of Cherohala Skyway/TN165 at Beech Gap	https://lichenportal.org/portal/collections/individual/index.php?occid=3525791
3525887	NY	03861769	E. A. Tripp	8255	0	55.77	Tennessee	Monroe Co.	35.37221	-84.0085	outside_boundary_exact	Tennessee, Monroe County	Cherokee National Forest, Unicoi Mountains, Bob Bald, Benton MacKeye Trail/Bob Bald Connector/Trail54A, ~2.6 mi N of Cherohala Skyway/TN165 at Beech Gap	https://lichenportal.org/portal/collections/individual/index.php?occid=3525887
3525888	NY	03861770	E. A. Tripp | J. C. Lendemer	8261	0	55.77	Tennessee	Monroe Co.	35.37221	-84.0085	outside_boundary_exact	Tennessee, Monroe County	Cherokee National Forest, Unicoi Mountains, Bob Bald, Benton MacKeye Trail/Bob Bald Connector/Trail54A, ~2.6 mi N of Cherohala Skyway/TN165 at Beech Gap	https://lichenportal.org/portal/collections/individual/index.php?occid=3525888
3582368	NY	03862085	E. A. Tripp | J. C. Lendemer	8264	0	55.77	Tennessee	Monroe Co.	35.37221	-84.0085	outside_boundary_exact	Tennessee, Monroe County	Cherokee National Forest, Unicoi Mountains, Bob Bald, Benton MacKeye Trail/Bob Bald Connector/Trail54A, ~2.6 mi N of Cherohala Skyway/TN165 at Beech Gap	https://lichenportal.org/portal/collections/individual/index.php?occid=3582368
3582519	NY	03862121	E. A. Tripp | J. C. Lendemer	8226	0	55.77	Tennessee	Monroe Co.	35.37221	-84.0085	outside_boundary_exact	Tennessee, Monroe County	Cherokee National Forest, Unicoi Mountains, Bob Bald, Benton MacKeye Trail/Bob Bald Connector/Trail54A, ~2.6 mi N of Cherohala Skyway/TN165 at Beech Gap	https://lichenportal.org/portal/collections/individual/index.php?occid=3582519
3582520	NY	03862122	E. A. Tripp | J. C. Lendemer	8231	0	55.77	Tennessee	Monroe Co.	35.37221	-84.0085	outside_boundary_exact	Tennessee, Monroe County	Cherokee National Forest, Unicoi Mountains, Bob Bald, Benton MacKeye Trail/Bob Bald Connector/Trail54A, ~2.6 mi N of Cherohala Skyway/TN165 at Beech Gap	https://lichenportal.org/portal/collections/individual/index.php?occid=3582520
3582521	NY	03862123	E. A. Tripp | J. C. Lendemer	8273	0	55.77	Tennessee	Monroe Co.	35.37221	-84.0085	outside_boundary_exact	Tennessee, Monroe County	Cherokee National Forest, Unicoi Mountains, Bob Bald, Benton MacKeye Trail/Bob Bald Connector/Trail54A, ~2.6 mi N of Cherohala Skyway/TN165 at Beech Gap	https://lichenportal.org/portal/collections/individual/index.php?occid=3582521
3582522	NY	03862124	E. A. Tripp | J. C. Lendemer	8275-A	0	55.77	Tennessee	Monroe Co.	35.37221	-84.0085	outside_boundary_exact	Tennessee, Monroe County	Cherokee National Forest, Unicoi Mountains, Bob Bald, Benton MacKeye Trail/Bob Bald Connector/Trail54A, ~2.6 mi N of Cherohala Skyway/TN165 at Beech Gap	https://lichenportal.org/portal/collections/individual/index.php?occid=3582522
3582523	NY	03862125	E. A. Tripp | J. C. Lendemer	8228	0	55.77	Tennessee	Monroe Co.	35.37221	-84.0085	outside_boundary_exact	Tennessee, Monroe County	Cherokee National Forest, Unicoi Mountains, Bob Bald, Benton MacKeye Trail/Bob Bald Connector/Trail54A, ~2.6 mi N of Cherohala Skyway/TN165 at Beech Gap	https://lichenportal.org/portal/collections/individual/index.php?occid=3582523
3582524	NY	03862126	E. A. Tripp | J. C. Lendemer	8229	0	55.77	Tennessee	Monroe Co.	35.37221	-84.0085	outside_boundary_exact	Tennessee, Monroe County	Cherokee National Forest, Unicoi Mountains, Bob Bald, Benton MacKeye Trail/Bob Bald Connector/Trail54A, ~2.6 mi N of Cherohala Skyway/TN165 at Beech Gap	https://lichenportal.org/portal/collections/individual/index.php?occid=3582524
3582525	NY	03862127	E. A. Tripp | J. C. Lendemer	8230	0	55.77	Tennessee	Monroe Co.	35.37221	-84.0085	outside_boundary_exact	Tennessee, Monroe County	Cherokee National Forest, Unicoi Mountains, Bob Bald, Benton MacKeye Trail/Bob Bald Connector/Trail54A, ~2.6 mi N of Cherohala Skyway/TN165 at Beech Gap	https://lichenportal.org/portal/collections/individual/index.php?occid=3582525
3582526	NY	03862128	E. A. Tripp | J. C. Lendemer	8232	0	55.77	Tennessee	Monroe Co.	35.37221	-84.0085	outside_boundary_exact	Tennessee, Monroe County	Cherokee National Forest, Unicoi Mountains, Bob Bald, Benton MacKeye Trail/Bob Bald Connector/Trail54A, ~2.6 mi N of Cherohala Skyway/TN165 at Beech Gap	https://lichenportal.org/portal/collections/individual/index.php?occid=3582526
3582527	NY	03862129	E. A. Tripp | J. C. Lendemer	8237	0	55.77	Tennessee	Monroe Co.	35.37221	-84.0085	outside_boundary_exact	Tennessee, Monroe County	Cherokee National Forest, Unicoi Mountains, Bob Bald, Benton MacKeye Trail/Bob Bald Connector/Trail54A, ~2.6 mi N of Cherohala Skyway/TN165 at Beech Gap	https://lichenportal.org/portal/collections/individual/index.php?occid=3582527
3582528	NY	03862130	E. A. Tripp | J. C. Lendemer	8251	0	55.77	Tennessee	Monroe Co.	35.37221	-84.0085	outside_boundary_exact	Tennessee, Monroe County	Cherokee National Forest, Unicoi Mountains, Bob Bald, Benton MacKeye Trail/Bob Bald Connector/Trail54A, ~2.6 mi N of Cherohala Skyway/TN165 at Beech Gap	https://lichenportal.org/portal/collections/individual/index.php?occid=3582528
3582529	NY	03862131	E. A. Tripp | J. C. Lendemer	8254	0	55.77	Tennessee	Monroe Co.	35.37221	-84.0085	outside_boundary_exact	Tennessee, Monroe County	Cherokee National Forest, Unicoi Mountains, Bob Bald, Benton MacKeye Trail/Bob Bald Connector/Trail54A, ~2.6 mi N of Cherohala Skyway/TN165 at Beech Gap	https://lichenportal.org/portal/collections/individual/index.php?occid=3582529
3582530	NY	03862132	E. A. Tripp | J. C. Lendemer	8250	0	55.77	Tennessee	Monroe Co.	35.37221	-84.0085	outside_boundary_exact	Tennessee, Monroe County	Cherokee National Forest, Unicoi Mountains, Bob Bald, Benton MacKeye Trail/Bob Bald Connector/Trail54A, ~2.6 mi N of Cherohala Skyway/TN165 at Beech Gap	https://lichenportal.org/portal/collections/individual/index.php?occid=3582530
3582531	NY	03862134	E. A. Tripp | J. C. Lendemer	8249	0	55.77	Tennessee	Monroe Co.	35.37221	-84.0085	outside_boundary_exact	Tennessee, Monroe County	Cherokee National Forest, Unicoi Mountains, Bob Bald, Benton MacKeye Trail/Bob Bald Connector/Trail54A, ~2.6 mi N of Cherohala Skyway/TN165 at Beech Gap	https://lichenportal.org/portal/collections/individual/index.php?occid=3582531
3582532	NY	03862133	E. A. Tripp | J. C. Lendemer	8246	0	55.77	Tennessee	Monroe Co.	35.37221	-84.0085	outside_boundary_exact	Tennessee, Monroe County	Cherokee National Forest, Unicoi Mountains, Bob Bald, Benton MacKeye Trail/Bob Bald Connector/Trail54A, ~2.6 mi N of Cherohala Skyway/TN165 at Beech Gap	https://lichenportal.org/portal/collections/individual/index.php?occid=3582532
3582533	NY	03862135	E. A. Tripp | J. C. Lendemer	8268	0	55.77	Tennessee	Monroe Co.	35.37221	-84.0085	outside_boundary_exact	Tennessee, Monroe County	Cherokee National Forest, Unicoi Mountains, Bob Bald, Benton MacKeye Trail/Bob Bald Connector/Trail54A, ~2.6 mi N of Cherohala Skyway/TN165 at Beech Gap	https://lichenportal.org/portal/collections/individual/index.php?occid=3582533
3582534	NY	03862136	E. A. Tripp | J. C. Lendemer	8260	0	55.77	Tennessee	Monroe Co.	35.37221	-84.0085	outside_boundary_exact	Tennessee, Monroe County	Cherokee National Forest, Unicoi Mountains, Bob Bald, Benton MacKeye Trail/Bob Bald Connector/Trail54A, ~2.6 mi N of Cherohala Skyway/TN165 at Beech Gap	https://lichenportal.org/portal/collections/individual/index.php?occid=3582534
3582536	NY	03862138	E. A. Tripp | J. C. Lendemer	8252	0	55.77	Tennessee	Monroe Co.	35.37221	-84.0085	outside_boundary_exact	Tennessee, Monroe County	Cherokee National Forest, Unicoi Mountains, Bob Bald, Benton MacKeye Trail/Bob Bald Connector/Trail54A, ~2.6 mi N of Cherohala Skyway/TN165 at Beech Gap	https://lichenportal.org/portal/collections/individual/index.php?occid=3582536
3582537	NY	03862139	E. A. Tripp | J. C. Lendemer	8269	0	55.77	Tennessee	Monroe Co.	35.37221	-84.0085	outside_boundary_exact	Tennessee, Monroe County	Cherokee National Forest, Unicoi Mountains, Bob Bald, Benton MacKeye Trail/Bob Bald Connector/Trail54A, ~2.6 mi N of Cherohala Skyway/TN165 at Beech Gap	https://lichenportal.org/portal/collections/individual/index.php?occid=3582537
3582625	NY	03862237	E. A. Tripp | J. C. Lendemer	8272	0	55.77	Tennessee	Monroe Co.	35.37221	-84.0085	outside_boundary_exact	Tennessee, Monroe County	Cherokee National Forest, Unicoi Mountains, Bob Bald, Benton MacKeye Trail/Bob Bald Connector/Trail54A, ~2.6 mi N of Cherohala Skyway/TN165 at Beech Gap	https://lichenportal.org/portal/collections/individual/index.php?occid=3582625
3582644	NY	03862238	E. A. Tripp | J. C. Lendemer	8271	0	55.77	Tennessee	Monroe Co.	35.37221	-84.0085	outside_boundary_exact	Tennessee, Monroe County	Cherokee National Forest, Unicoi Mountains, Bob Bald, Benton MacKeye Trail/Bob Bald Connector/Trail54A, ~2.6 mi N of Cherohala Skyway/TN165 at Beech Gap	https://lichenportal.org/portal/collections/individual/index.php?occid=3582644
3582653	NY	03862236	E. A. Tripp | J. C. Lendemer	8275	0	55.77	Tennessee	Monroe Co.	35.37221	-84.0085	outside_boundary_exact	Tennessee, Monroe County	Cherokee National Forest, Unicoi Mountains, Bob Bald, Benton MacKeye Trail/Bob Bald Connector/Trail54A, ~2.6 mi N of Cherohala Skyway/TN165 at Beech Gap	https://lichenportal.org/portal/collections/individual/index.php?occid=3582653
3582658	NY	03862307	E. A. Tripp | J. C. Lendemer	8245	0	55.77	Tennessee	Monroe Co.	35.37221	-84.0085	outside_boundary_exact	Tennessee, Monroe County	Cherokee National Forest, Unicoi Mountains, Bob Bald, Benton MacKeye Trail/Bob Bald Connector/Trail54A, ~2.6 mi N of Cherohala Skyway/TN165 at Beech Gap	https://lichenportal.org/portal/collections/individual/index.php?occid=3582658
3582665	NY	03862306	E. A. Tripp | J. C. Lendemer	8233	0	55.77	Tennessee	Monroe Co.	35.37221	-84.0085	outside_boundary_exact	Tennessee, Monroe County	Cherokee National Forest, Unicoi Mountains, Bob Bald, Benton MacKeye Trail/Bob Bald Connector/Trail54A, ~2.6 mi N of Cherohala Skyway/TN165 at Beech Gap	https://lichenportal.org/portal/collections/individual/index.php?occid=3582665
3582698	NY	03862270	E. A. Tripp | J. C. Lendemer	8279	0	55.77	Tennessee	Monroe Co.	35.37221	-84.0085	outside_boundary_exact	Tennessee, Monroe County	Cherokee National Forest, Unicoi Mountains, Bob Bald, Benton MacKeye Trail/Bob Bald Connector/Trail54A, ~2.6 mi N of Cherohala Skyway/TN165 at Beech Gap	https://lichenportal.org/portal/collections/individual/index.php?occid=3582698
3582710	NY	03862239	E. A. Tripp | J. C. Lendemer	8270	0	55.77	Tennessee	Monroe Co.	35.37221	-84.0085	outside_boundary_exact	Tennessee, Monroe County	Cherokee National Forest, Unicoi Mountains, Bob Bald, Benton MacKeye Trail/Bob Bald Connector/Trail54A, ~2.6 mi N of Cherohala Skyway/TN165 at Beech Gap	https://lichenportal.org/portal/collections/individual/index.php?occid=3582710
3582711	NY	03862240	E. A. Tripp | J. C. Lendemer	8267	0	55.77	Tennessee	Monroe Co.	35.37221	-84.0085	outside_boundary_exact	Tennessee, Monroe County	Cherokee National Forest, Unicoi Mountains, Bob Bald, Benton MacKeye Trail/Bob Bald Connector/Trail54A, ~2.6 mi N of Cherohala Skyway/TN165 at Beech Gap	https://lichenportal.org/portal/collections/individual/index.php?occid=3582711
3582712	NY	03862241	E. A. Tripp | J. C. Lendemer	8279-A	0	55.77	Tennessee	Monroe Co.	35.37221	-84.0085	outside_boundary_exact	Tennessee, Monroe County	Cherokee National Forest, Unicoi Mountains, Bob Bald, Benton MacKeye Trail/Bob Bald Connector/Trail54A, ~2.6 mi N of Cherohala Skyway/TN165 at Beech Gap	https://lichenportal.org/portal/collections/individual/index.php?occid=3582712
3582713	NY	03862242	E. A. Tripp | J. C. Lendemer	8265	0	55.77	Tennessee	Monroe Co.	35.37221	-84.0085	outside_boundary_exact	Tennessee, Monroe County	Cherokee National Forest, Unicoi Mountains, Bob Bald, Benton MacKeye Trail/Bob Bald Connector/Trail54A, ~2.6 mi N of Cherohala Skyway/TN165 at Beech Gap	https://lichenportal.org/portal/collections/individual/index.php?occid=3582713
3582728	NY	03722569	J. C. Lendemer	54805	0	55.77	Tennessee	Monroe Co.	35.37221	-84.0085	outside_boundary_exact	Tennessee, Monroe County	Cherokee National Forest, Unicoi Mountains, Bob Bald, Benton MacKeye Trail/Bob Bald Connector/Trail54A, ~2.6 mi N of Cherohala Skyway/TN165 at Beech Gap	https://lichenportal.org/portal/collections/individual/index.php?occid=3582728
3582729	NY	03722570	J. C. Lendemer	54804	0	55.77	Tennessee	Monroe Co.	35.37221	-84.0085	outside_boundary_exact	Tennessee, Monroe County	Cherokee National Forest, Unicoi Mountains, Bob Bald, Benton MacKeye Trail/Bob Bald Connector/Trail54A, ~2.6 mi N of Cherohala Skyway/TN165 at Beech Gap	https://lichenportal.org/portal/collections/individual/index.php?occid=3582729
3582731	NY	03722572	J. C. Lendemer	54802	0	55.77	Tennessee	Monroe Co.	35.37221	-84.0085	outside_boundary_exact	Tennessee, Monroe County	Cherokee National Forest, Unicoi Mountains, Bob Bald, Benton MacKeye Trail/Bob Bald Connector/Trail54A, ~2.6 mi N of Cherohala Skyway/TN165 at Beech Gap	https://lichenportal.org/portal/collections/individual/index.php?occid=3582731
3582732	NY	03722573	J. C. Lendemer	54801	0	55.77	Tennessee	Monroe Co.	35.37221	-84.0085	outside_boundary_exact	Tennessee, Monroe County	Cherokee National Forest, Unicoi Mountains, Bob Bald, Benton MacKeye Trail/Bob Bald Connector/Trail54A, ~2.6 mi N of Cherohala Skyway/TN165 at Beech Gap	https://lichenportal.org/portal/collections/individual/index.php?occid=3582732
3582733	NY	03722574	J. C. Lendemer	54799	0	55.77	Tennessee	Monroe Co.	35.37221	-84.0085	outside_boundary_exact	Tennessee, Monroe County	Cherokee National Forest, Unicoi Mountains, Bob Bald, Benton MacKeye Trail/Bob Bald Connector/Trail54A, ~2.6 mi N of Cherohala Skyway/TN165 at Beech Gap	https://lichenportal.org/portal/collections/individual/index.php?occid=3582733
3582735	NY	03722576	J. C. Lendemer	54797	0	55.77	Tennessee	Monroe Co.	35.37221	-84.0085	outside_boundary_exact	Tennessee, Monroe County	Cherokee National Forest, Unicoi Mountains, Bob Bald, Benton MacKeye Trail/Bob Bald Connector/Trail54A, ~2.6 mi N of Cherohala Skyway/TN165 at Beech Gap	https://lichenportal.org/portal/collections/individual/index.php?occid=3582735
3582736	NY	03722577	J. C. Lendemer	54796A	0	55.77	Tennessee	Monroe Co.	35.37221	-84.0085	outside_boundary_exact	Tennessee, Monroe County	Cherokee National Forest, Unicoi Mountains, Bob Bald, Benton MacKeye Trail/Bob Bald Connector/Trail54A, ~2.6 mi N of Cherohala Skyway/TN165 at Beech Gap	https://lichenportal.org/portal/collections/individual/index.php?occid=3582736
3582737	NY	03722578	J. C. Lendemer	54796	0	55.77	Tennessee	Monroe Co.	35.37221	-84.0085	outside_boundary_exact	Tennessee, Monroe County	Cherokee National Forest, Unicoi Mountains, Bob Bald, Benton MacKeye Trail/Bob Bald Connector/Trail54A, ~2.6 mi N of Cherohala Skyway/TN165 at Beech Gap	https://lichenportal.org/portal/collections/individual/index.php?occid=3582737
3582738	NY	03722579	J. C. Lendemer	54795	0	55.77	Tennessee	Monroe Co.	35.37221	-84.0085	outside_boundary_exact	Tennessee, Monroe County	Cherokee National Forest, Unicoi Mountains, Bob Bald, Benton MacKeye Trail/Bob Bald Connector/Trail54A, ~2.6 mi N of Cherohala Skyway/TN165 at Beech Gap	https://lichenportal.org/portal/collections/individual/index.php?occid=3582738
3582739	NY	03722580	J. C. Lendemer	54794	0	55.77	Tennessee	Monroe Co.	35.37221	-84.0085	outside_boundary_exact	Tennessee, Monroe County	Cherokee National Forest, Unicoi Mountains, Bob Bald, Benton MacKeye Trail/Bob Bald Connector/Trail54A, ~2.6 mi N of Cherohala Skyway/TN165 at Beech Gap	https://lichenportal.org/portal/collections/individual/index.php?occid=3582739
3582740	NY	03722581	J. C. Lendemer	54793	0	55.77	Tennessee	Monroe Co.	35.37221	-84.0085	outside_boundary_exact	Tennessee, Monroe County	Cherokee National Forest, Unicoi Mountains, Bob Bald, Benton MacKeye Trail/Bob Bald Connector/Trail54A, ~2.6 mi N of Cherohala Skyway/TN165 at Beech Gap	https://lichenportal.org/portal/collections/individual/index.php?occid=3582740
3582741	NY	03722582	J. C. Lendemer	54792	0	55.77	Tennessee	Monroe Co.	35.37221	-84.0085	outside_boundary_exact	Tennessee, Monroe County	Cherokee National Forest, Unicoi Mountains, Bob Bald, Benton MacKeye Trail/Bob Bald Connector/Trail54A, ~2.6 mi N of Cherohala Skyway/TN165 at Beech Gap	https://lichenportal.org/portal/collections/individual/index.php?occid=3582741
3582742	NY	03722583	J. C. Lendemer	54791	0	55.77	Tennessee	Monroe Co.	35.37221	-84.0085	outside_boundary_exact	Tennessee, Monroe County	Cherokee National Forest, Unicoi Mountains, Bob Bald, Benton MacKeye Trail/Bob Bald Connector/Trail54A, ~2.6 mi N of Cherohala Skyway/TN165 at Beech Gap	https://lichenportal.org/portal/collections/individual/index.php?occid=3582742
3582743	NY	03722584	J. C. Lendemer	54790	0	55.77	Tennessee	Monroe Co.	35.37221	-84.0085	outside_boundary_exact	Tennessee, Monroe County	Cherokee National Forest, Unicoi Mountains, Bob Bald, Benton MacKeye Trail/Bob Bald Connector/Trail54A, ~2.6 mi N of Cherohala Skyway/TN165 at Beech Gap	https://lichenportal.org/portal/collections/individual/index.php?occid=3582743
3582744	NY	03722585	J. C. Lendemer	54789	0	55.77	Tennessee	Monroe Co.	35.37221	-84.0085	outside_boundary_exact	Tennessee, Monroe County	Cherokee National Forest, Unicoi Mountains, Bob Bald, Benton MacKeye Trail/Bob Bald Connector/Trail54A, ~2.6 mi N of Cherohala Skyway/TN165 at Beech Gap	https://lichenportal.org/portal/collections/individual/index.php?occid=3582744
3582745	NY	03722586	J. C. Lendemer	54788	0	55.77	Tennessee	Monroe Co.	35.37221	-84.0085	outside_boundary_exact	Tennessee, Monroe County	Cherokee National Forest, Unicoi Mountains, Bob Bald, Benton MacKeye Trail/Bob Bald Connector/Trail54A, ~2.6 mi N of Cherohala Skyway/TN165 at Beech Gap	https://lichenportal.org/portal/collections/individual/index.php?occid=3582745
3582746	NY	03722587	J. C. Lendemer	54787	0	55.77	Tennessee	Monroe Co.	35.37221	-84.0085	outside_boundary_exact	Tennessee, Monroe County	Cherokee National Forest, Unicoi Mountains, Bob Bald, Benton MacKeye Trail/Bob Bald Connector/Trail54A, ~2.6 mi N of Cherohala Skyway/TN165 at Beech Gap	https://lichenportal.org/portal/collections/individual/index.php?occid=3582746
3582747	NY	03722588	J. C. Lendemer	54786	0	55.77	Tennessee	Monroe Co.	35.37221	-84.0085	outside_boundary_exact	Tennessee, Monroe County	Cherokee National Forest, Unicoi Mountains, Bob Bald, Benton MacKeye Trail/Bob Bald Connector/Trail54A, ~2.6 mi N of Cherohala Skyway/TN165 at Beech Gap	https://lichenportal.org/portal/collections/individual/index.php?occid=3582747
3582748	NY	03722589	J. C. Lendemer	54785	0	55.77	Tennessee	Monroe Co.	35.37221	-84.0085	outside_boundary_exact	Tennessee, Monroe County	Cherokee National Forest, Unicoi Mountains, Bob Bald, Benton MacKeye Trail/Bob Bald Connector/Trail54A, ~2.6 mi N of Cherohala Skyway/TN165 at Beech Gap	https://lichenportal.org/portal/collections/individual/index.php?occid=3582748
3582749	NY	03722590	J. C. Lendemer	54784	0	55.77	Tennessee	Monroe Co.	35.37221	-84.0085	outside_boundary_exact	Tennessee, Monroe County	Cherokee National Forest, Unicoi Mountains, Bob Bald, Benton MacKeye Trail/Bob Bald Connector/Trail54A, ~2.6 mi N of Cherohala Skyway/TN165 at Beech Gap	https://lichenportal.org/portal/collections/individual/index.php?occid=3582749
3582750	NY	03722592	J. C. Lendemer	54782	0	55.77	Tennessee	Monroe Co.	35.37221	-84.0085	outside_boundary_exact	Tennessee, Monroe County	Cherokee National Forest, Unicoi Mountains, Bob Bald, Benton MacKeye Trail/Bob Bald Connector/Trail54A, ~2.6 mi N of Cherohala Skyway/TN165 at Beech Gap	https://lichenportal.org/portal/collections/individual/index.php?occid=3582750
3582753	NY	03722595	J. C. Lendemer	54779	0	55.77	Tennessee	Monroe Co.	35.37221	-84.0085	outside_boundary_exact	Tennessee, Monroe County	Cherokee National Forest, Unicoi Mountains, Bob Bald, Benton MacKeye Trail/Bob Bald Connector/Trail54A, ~2.6 mi N of Cherohala Skyway/TN165 at Beech Gap	https://lichenportal.org/portal/collections/individual/index.php?occid=3582753
3582754	NY	03722596	J. C. Lendemer	54778	0	55.77	Tennessee	Monroe Co.	35.37221	-84.0085	outside_boundary_exact	Tennessee, Monroe County	Cherokee National Forest, Unicoi Mountains, Bob Bald, Benton MacKeye Trail/Bob Bald Connector/Trail54A, ~2.6 mi N of Cherohala Skyway/TN165 at Beech Gap	https://lichenportal.org/portal/collections/individual/index.php?occid=3582754
3582755	NY	03722597	J. C. Lendemer	54777	0	55.77	Tennessee	Monroe Co.	35.37221	-84.0085	outside_boundary_exact	Tennessee, Monroe County	Cherokee National Forest, Unicoi Mountains, Bob Bald, Benton MacKeye Trail/Bob Bald Connector/Trail54A, ~2.6 mi N of Cherohala Skyway/TN165 at Beech Gap	https://lichenportal.org/portal/collections/individual/index.php?occid=3582755
3582756	NY	03722598	J. C. Lendemer	54776	0	55.77	Tennessee	Monroe Co.	35.37221	-84.0085	outside_boundary_exact	Tennessee, Monroe County	Cherokee National Forest, Unicoi Mountains, Bob Bald, Benton MacKeye Trail/Bob Bald Connector/Trail54A, ~2.6 mi N of Cherohala Skyway/TN165 at Beech Gap	https://lichenportal.org/portal/collections/individual/index.php?occid=3582756
3582757	NY	03722599	J. C. Lendemer	54775	0	55.77	Tennessee	Monroe Co.	35.37221	-84.0085	outside_boundary_exact	Tennessee, Monroe County	Cherokee National Forest, Unicoi Mountains, Bob Bald, Benton MacKeye Trail/Bob Bald Connector/Trail54A, ~2.6 mi N of Cherohala Skyway/TN165 at Beech Gap	https://lichenportal.org/portal/collections/individual/index.php?occid=3582757
3582758	NY	03722600	J. C. Lendemer	54774	0	55.77	Tennessee	Monroe Co.	35.37221	-84.0085	outside_boundary_exact	Tennessee, Monroe County	Cherokee National Forest, Unicoi Mountains, Bob Bald, Benton MacKeye Trail/Bob Bald Connector/Trail54A, ~2.6 mi N of Cherohala Skyway/TN165 at Beech Gap	https://lichenportal.org/portal/collections/individual/index.php?occid=3582758
3582759	NY	03722601	J. C. Lendemer	54773	0	55.77	Tennessee	Monroe Co.	35.37221	-84.0085	outside_boundary_exact	Tennessee, Monroe County	Cherokee National Forest, Unicoi Mountains, Bob Bald, Benton MacKeye Trail/Bob Bald Connector/Trail54A, ~2.6 mi N of Cherohala Skyway/TN165 at Beech Gap	https://lichenportal.org/portal/collections/individual/index.php?occid=3582759
3582760	NY	03722602	J. C. Lendemer	54772	0	55.77	Tennessee	Monroe Co.	35.37221	-84.0085	outside_boundary_exact	Tennessee, Monroe County	Cherokee National Forest, Unicoi Mountains, Bob Bald, Benton MacKeye Trail/Bob Bald Connector/Trail54A, ~2.6 mi N of Cherohala Skyway/TN165 at Beech Gap	https://lichenportal.org/portal/collections/individual/index.php?occid=3582760
3582762	NY	03722604	J. C. Lendemer	54770	0	55.77	Tennessee	Monroe Co.	35.37221	-84.0085	outside_boundary_exact	Tennessee, Monroe County	Cherokee National Forest, Unicoi Mountains, Bob Bald, Benton MacKeye Trail/Bob Bald Connector/Trail54A, ~2.6 mi N of Cherohala Skyway/TN165 at Beech Gap	https://lichenportal.org/portal/collections/individual/index.php?occid=3582762
3582763	NY	03722605	J. C. Lendemer	54769	0	55.77	Tennessee	Monroe Co.	35.37221	-84.0085	outside_boundary_exact	Tennessee, Monroe County	Cherokee National Forest, Unicoi Mountains, Bob Bald, Benton MacKeye Trail/Bob Bald Connector/Trail54A, ~2.6 mi N of Cherohala Skyway/TN165 at Beech Gap	https://lichenportal.org/portal/collections/individual/index.php?occid=3582763
3582764	NY	03722606	J. C. Lendemer	54768	0	55.77	Tennessee	Monroe Co.	35.37221	-84.0085	outside_boundary_exact	Tennessee, Monroe County	Cherokee National Forest, Unicoi Mountains, Bob Bald, Benton MacKeye Trail/Bob Bald Connector/Trail54A, ~2.6 mi N of Cherohala Skyway/TN165 at Beech Gap	https://lichenportal.org/portal/collections/individual/index.php?occid=3582764
3582765	NY	03722607	J. C. Lendemer	54767	0	55.77	Tennessee	Monroe Co.	35.37221	-84.0085	outside_boundary_exact	Tennessee, Monroe County	Cherokee National Forest, Unicoi Mountains, Bob Bald, Benton MacKeye Trail/Bob Bald Connector/Trail54A, ~2.6 mi N of Cherohala Skyway/TN165 at Beech Gap	https://lichenportal.org/portal/collections/individual/index.php?occid=3582765
3582766	NY	03722608	J. C. Lendemer	54766	0	55.77	Tennessee	Monroe Co.	35.37221	-84.0085	outside_boundary_exact	Tennessee, Monroe County	Cherokee National Forest, Unicoi Mountains, Bob Bald, Benton MacKeye Trail/Bob Bald Connector/Trail54A, ~2.6 mi N of Cherohala Skyway/TN165 at Beech Gap	https://lichenportal.org/portal/collections/individual/index.php?occid=3582766
3582767	NY	03722609	J. C. Lendemer	54765	0	55.77	Tennessee	Monroe Co.	35.37221	-84.0085	outside_boundary_exact	Tennessee, Monroe County	Cherokee National Forest, Unicoi Mountains, Bob Bald, Benton MacKeye Trail/Bob Bald Connector/Trail54A, ~2.6 mi N of Cherohala Skyway/TN165 at Beech Gap	https://lichenportal.org/portal/collections/individual/index.php?occid=3582767
3582768	NY	03722610	J. C. Lendemer	54764	0	55.77	Tennessee	Monroe Co.	35.37221	-84.0085	outside_boundary_exact	Tennessee, Monroe County	Cherokee National Forest, Unicoi Mountains, Bob Bald, Benton MacKeye Trail/Bob Bald Connector/Trail54A, ~2.6 mi N of Cherohala Skyway/TN165 at Beech Gap	https://lichenportal.org/portal/collections/individual/index.php?occid=3582768
3582769	NY	03722611	J. C. Lendemer	54763	0	55.77	Tennessee	Monroe Co.	35.37221	-84.0085	outside_boundary_exact	Tennessee, Monroe County	Cherokee National Forest, Unicoi Mountains, Bob Bald, Benton MacKeye Trail/Bob Bald Connector/Trail54A, ~2.6 mi N of Cherohala Skyway/TN165 at Beech Gap	https://lichenportal.org/portal/collections/individual/index.php?occid=3582769
3582770	NY	03722612	J. C. Lendemer	54762	0	55.77	Tennessee	Monroe Co.	35.37221	-84.0085	outside_boundary_exact	Tennessee, Monroe County	Cherokee National Forest, Unicoi Mountains, Bob Bald, Benton MacKeye Trail/Bob Bald Connector/Trail54A, ~2.6 mi N of Cherohala Skyway/TN165 at Beech Gap	https://lichenportal.org/portal/collections/individual/index.php?occid=3582770
3582771	NY	03722613	J. C. Lendemer	54761	0	55.77	Tennessee	Monroe Co.	35.37221	-84.0085	outside_boundary_exact	Tennessee, Monroe County	Cherokee National Forest, Unicoi Mountains, Bob Bald, Benton MacKeye Trail/Bob Bald Connector/Trail54A, ~2.6 mi N of Cherohala Skyway/TN165 at Beech Gap	https://lichenportal.org/portal/collections/individual/index.php?occid=3582771
3582772	NY	03722614	J. C. Lendemer	54760	0	55.77	Tennessee	Monroe Co.	35.37221	-84.0085	outside_boundary_exact	Tennessee, Monroe County	Cherokee National Forest, Unicoi Mountains, Bob Bald, Benton MacKeye Trail/Bob Bald Connector/Trail54A, ~2.6 mi N of Cherohala Skyway/TN165 at Beech Gap	https://lichenportal.org/portal/collections/individual/index.php?occid=3582772
3582773	NY	03722615	J. C. Lendemer	54759	0	55.77	Tennessee	Monroe Co.	35.37221	-84.0085	outside_boundary_exact	Tennessee, Monroe County	Cherokee National Forest, Unicoi Mountains, Bob Bald, Benton MacKeye Trail/Bob Bald Connector/Trail54A, ~2.6 mi N of Cherohala Skyway/TN165 at Beech Gap	https://lichenportal.org/portal/collections/individual/index.php?occid=3582773
3582774	NY	03722616	J. C. Lendemer	54758	0	55.77	Tennessee	Monroe Co.	35.37221	-84.0085	outside_boundary_exact	Tennessee, Monroe County	Cherokee National Forest, Unicoi Mountains, Bob Bald, Benton MacKeye Trail/Bob Bald Connector/Trail54A, ~2.6 mi N of Cherohala Skyway/TN165 at Beech Gap	https://lichenportal.org/portal/collections/individual/index.php?occid=3582774
3582775	NY	03722617	J. C. Lendemer	54757	0	55.77	Tennessee	Monroe Co.	35.37221	-84.0085	outside_boundary_exact	Tennessee, Monroe County	Cherokee National Forest, Unicoi Mountains, Bob Bald, Benton MacKeye Trail/Bob Bald Connector/Trail54A, ~2.6 mi N of Cherohala Skyway/TN165 at Beech Gap	https://lichenportal.org/portal/collections/individual/index.php?occid=3582775
3582776	NY	03722618	J. C. Lendemer	54756	0	55.77	Tennessee	Monroe Co.	35.37221	-84.0085	outside_boundary_exact	Tennessee, Monroe County	Cherokee National Forest, Unicoi Mountains, Bob Bald, Benton MacKeye Trail/Bob Bald Connector/Trail54A, ~2.6 mi N of Cherohala Skyway/TN165 at Beech Gap	https://lichenportal.org/portal/collections/individual/index.php?occid=3582776
3582777	NY	03722619	J. C. Lendemer	54755	0	55.77	Tennessee	Monroe Co.	35.37221	-84.0085	outside_boundary_exact	Tennessee, Monroe County	Cherokee National Forest, Unicoi Mountains, Bob Bald, Benton MacKeye Trail/Bob Bald Connector/Trail54A, ~2.6 mi N of Cherohala Skyway/TN165 at Beech Gap	https://lichenportal.org/portal/collections/individual/index.php?occid=3582777
3582779	NY	03722621	J. C. Lendemer	54753	0	55.77	Tennessee	Monroe Co.	35.37221	-84.0085	outside_boundary_exact	Tennessee, Monroe County	Cherokee National Forest, Unicoi Mountains, Bob Bald, Benton MacKeye Trail/Bob Bald Connector/Trail54A, ~2.6 mi N of Cherohala Skyway/TN165 at Beech Gap	https://lichenportal.org/portal/collections/individual/index.php?occid=3582779
3582780	NY	03722622	J. C. Lendemer	54752	0	55.77	Tennessee	Monroe Co.	35.37221	-84.0085	outside_boundary_exact	Tennessee, Monroe County	Cherokee National Forest, Unicoi Mountains, Bob Bald, Benton MacKeye Trail/Bob Bald Connector/Trail54A, ~2.6 mi N of Cherohala Skyway/TN165 at Beech Gap	https://lichenportal.org/portal/collections/individual/index.php?occid=3582780
3582781	NY	03722623	J. C. Lendemer	54751	0	55.77	Tennessee	Monroe Co.	35.37221	-84.0085	outside_boundary_exact	Tennessee, Monroe County	Cherokee National Forest, Unicoi Mountains, Bob Bald, Benton MacKeye Trail/Bob Bald Connector/Trail54A, ~2.6 mi N of Cherohala Skyway/TN165 at Beech Gap	https://lichenportal.org/portal/collections/individual/index.php?occid=3582781
3582782	NY	03722624	J. C. Lendemer	54750	0	55.77	Tennessee	Monroe Co.	35.37221	-84.0085	outside_boundary_exact	Tennessee, Monroe County	Cherokee National Forest, Unicoi Mountains, Bob Bald, Benton MacKeye Trail/Bob Bald Connector/Trail54A, ~2.6 mi N of Cherohala Skyway/TN165 at Beech Gap	https://lichenportal.org/portal/collections/individual/index.php?occid=3582782
3582783	NY	03722625	J. C. Lendemer	54749	0	55.77	Tennessee	Monroe Co.	35.37221	-84.0085	outside_boundary_exact	Tennessee, Monroe County	Cherokee National Forest, Unicoi Mountains, Bob Bald, Benton MacKeye Trail/Bob Bald Connector/Trail54A, ~2.6 mi N of Cherohala Skyway/TN165 at Beech Gap	https://lichenportal.org/portal/collections/individual/index.php?occid=3582783
3582784	NY	03722626	J. C. Lendemer	54748	0	55.77	Tennessee	Monroe Co.	35.37221	-84.0085	outside_boundary_exact	Tennessee, Monroe County	Cherokee National Forest, Unicoi Mountains, Bob Bald, Benton MacKeye Trail/Bob Bald Connector/Trail54A, ~2.6 mi N of Cherohala Skyway/TN165 at Beech Gap	https://lichenportal.org/portal/collections/individual/index.php?occid=3582784
3582785	NY	03722627	J. C. Lendemer	54747	0	55.77	Tennessee	Monroe Co.	35.37221	-84.0085	outside_boundary_exact	Tennessee, Monroe County	Cherokee National Forest, Unicoi Mountains, Bob Bald, Benton MacKeye Trail/Bob Bald Connector/Trail54A, ~2.6 mi N of Cherohala Skyway/TN165 at Beech Gap	https://lichenportal.org/portal/collections/individual/index.php?occid=3582785
3582786	NY	03722628	J. C. Lendemer	54746	0	55.77	Tennessee	Monroe Co.	35.37221	-84.0085	outside_boundary_exact	Tennessee, Monroe County	Cherokee National Forest, Unicoi Mountains, Bob Bald, Benton MacKeye Trail/Bob Bald Connector/Trail54A, ~2.6 mi N of Cherohala Skyway/TN165 at Beech Gap	https://lichenportal.org/portal/collections/individual/index.php?occid=3582786
3582787	NY	03722629	J. C. Lendemer	54745	0	55.77	Tennessee	Monroe Co.	35.37221	-84.0085	outside_boundary_exact	Tennessee, Monroe County	Cherokee National Forest, Unicoi Mountains, Bob Bald, Benton MacKeye Trail/Bob Bald Connector/Trail54A, ~2.6 mi N of Cherohala Skyway/TN165 at Beech Gap	https://lichenportal.org/portal/collections/individual/index.php?occid=3582787
3582788	NY	03722630	J. C. Lendemer	54744	0	55.77	Tennessee	Monroe Co.	35.37221	-84.0085	outside_boundary_exact	Tennessee, Monroe County	Cherokee National Forest, Unicoi Mountains, Bob Bald, Benton MacKeye Trail/Bob Bald Connector/Trail54A, ~2.6 mi N of Cherohala Skyway/TN165 at Beech Gap	https://lichenportal.org/portal/collections/individual/index.php?occid=3582788
3582789	NY	03722631	J. C. Lendemer	54743	0	55.77	Tennessee	Monroe Co.	35.37221	-84.0085	outside_boundary_exact	Tennessee, Monroe County	Cherokee National Forest, Unicoi Mountains, Bob Bald, Benton MacKeye Trail/Bob Bald Connector/Trail54A, ~2.6 mi N of Cherohala Skyway/TN165 at Beech Gap	https://lichenportal.org/portal/collections/individual/index.php?occid=3582789
3582790	NY	03722632	J. C. Lendemer	54742	0	55.77	Tennessee	Monroe Co.	35.37221	-84.0085	outside_boundary_exact	Tennessee, Monroe County	Cherokee National Forest, Unicoi Mountains, Bob Bald, Benton MacKeye Trail/Bob Bald Connector/Trail54A, ~2.6 mi N of Cherohala Skyway/TN165 at Beech Gap	https://lichenportal.org/portal/collections/individual/index.php?occid=3582790
3582791	NY	03722633	J. C. Lendemer	54741	0	55.77	Tennessee	Monroe Co.	35.37221	-84.0085	outside_boundary_exact	Tennessee, Monroe County	Cherokee National Forest, Unicoi Mountains, Bob Bald, Benton MacKeye Trail/Bob Bald Connector/Trail54A, ~2.6 mi N of Cherohala Skyway/TN165 at Beech Gap	https://lichenportal.org/portal/collections/individual/index.php?occid=3582791
3582792	NY	03722634	J. C. Lendemer	54740	0	55.77	Tennessee	Monroe Co.	35.37221	-84.0085	outside_boundary_exact	Tennessee, Monroe County	Cherokee National Forest, Unicoi Mountains, Bob Bald, Benton MacKeye Trail/Bob Bald Connector/Trail54A, ~2.6 mi N of Cherohala Skyway/TN165 at Beech Gap	https://lichenportal.org/portal/collections/individual/index.php?occid=3582792
3582793	NY	03722635	J. C. Lendemer	54739	0	55.77	Tennessee	Monroe Co.	35.37221	-84.0085	outside_boundary_exact	Tennessee, Monroe County	Cherokee National Forest, Unicoi Mountains, Bob Bald, Benton MacKeye Trail/Bob Bald Connector/Trail54A, ~2.6 mi N of Cherohala Skyway/TN165 at Beech Gap	https://lichenportal.org/portal/collections/individual/index.php?occid=3582793
3582795	NY	03722637	J. C. Lendemer	54737	0	55.77	Tennessee	Monroe Co.	35.37221	-84.0085	outside_boundary_exact	Tennessee, Monroe County	Cherokee National Forest, Unicoi Mountains, Bob Bald, Benton MacKeye Trail/Bob Bald Connector/Trail54A, ~2.6 mi N of Cherohala Skyway/TN165 at Beech Gap	https://lichenportal.org/portal/collections/individual/index.php?occid=3582795
3582797	NY	03722639	J. C. Lendemer	54735	0	55.77	Tennessee	Monroe Co.	35.37221	-84.0085	outside_boundary_exact	Tennessee, Monroe County	Cherokee National Forest, Unicoi Mountains, Bob Bald, Benton MacKeye Trail/Bob Bald Connector/Trail54A, ~2.6 mi N of Cherohala Skyway/TN165 at Beech Gap	https://lichenportal.org/portal/collections/individual/index.php?occid=3582797
3582798	NY	03722640	J. C. Lendemer	54734	0	55.77	Tennessee	Monroe Co.	35.37221	-84.0085	outside_boundary_exact	Tennessee, Monroe County	Cherokee National Forest, Unicoi Mountains, Bob Bald, Benton MacKeye Trail/Bob Bald Connector/Trail54A, ~2.6 mi N of Cherohala Skyway/TN165 at Beech Gap	https://lichenportal.org/portal/collections/individual/index.php?occid=3582798
3582799	NY	03722641	J. C. Lendemer	54733	0	55.77	Tennessee	Monroe Co.	35.37221	-84.0085	outside_boundary_exact	Tennessee, Monroe County	Cherokee National Forest, Unicoi Mountains, Bob Bald, Benton MacKeye Trail/Bob Bald Connector/Trail54A, ~2.6 mi N of Cherohala Skyway/TN165 at Beech Gap	https://lichenportal.org/portal/collections/individual/index.php?occid=3582799
3582800	NY	03722642	J. C. Lendemer	54732	0	55.77	Tennessee	Monroe Co.	35.37221	-84.0085	outside_boundary_exact	Tennessee, Monroe County	Cherokee National Forest, Unicoi Mountains, Bob Bald, Benton MacKeye Trail/Bob Bald Connector/Trail54A, ~2.6 mi N of Cherohala Skyway/TN165 at Beech Gap	https://lichenportal.org/portal/collections/individual/index.php?occid=3582800
3582801	NY	03722643	J. C. Lendemer	54731	0	55.77	Tennessee	Monroe Co.	35.37221	-84.0085	outside_boundary_exact	Tennessee, Monroe County	Cherokee National Forest, Unicoi Mountains, Bob Bald, Benton MacKeye Trail/Bob Bald Connector/Trail54A, ~2.6 mi N of Cherohala Skyway/TN165 at Beech Gap	https://lichenportal.org/portal/collections/individual/index.php?occid=3582801
3582802	NY	03722644	J. C. Lendemer	54730	0	55.77	Tennessee	Monroe Co.	35.37221	-84.0085	outside_boundary_exact	Tennessee, Monroe County	Cherokee National Forest, Unicoi Mountains, Bob Bald, Benton MacKeye Trail/Bob Bald Connector/Trail54A, ~2.6 mi N of Cherohala Skyway/TN165 at Beech Gap	https://lichenportal.org/portal/collections/individual/index.php?occid=3582802
3582803	NY	03722645	J. C. Lendemer	54729	0	55.77	Tennessee	Monroe Co.	35.37221	-84.0085	outside_boundary_exact	Tennessee, Monroe County	Cherokee National Forest, Unicoi Mountains, Bob Bald, Benton MacKeye Trail/Bob Bald Connector/Trail54A, ~2.6 mi N of Cherohala Skyway/TN165 at Beech Gap	https://lichenportal.org/portal/collections/individual/index.php?occid=3582803
3582804	NY	03722646	J. C. Lendemer	54728	0	55.77	Tennessee	Monroe Co.	35.37221	-84.0085	outside_boundary_exact	Tennessee, Monroe County	Cherokee National Forest, Unicoi Mountains, Bob Bald, Benton MacKeye Trail/Bob Bald Connector/Trail54A, ~2.6 mi N of Cherohala Skyway/TN165 at Beech Gap	https://lichenportal.org/portal/collections/individual/index.php?occid=3582804
3582805	NY	03722647	J. C. Lendemer	54727	0	55.77	Tennessee	Monroe Co.	35.37221	-84.0085	outside_boundary_exact	Tennessee, Monroe County	Cherokee National Forest, Unicoi Mountains, Bob Bald, Benton MacKeye Trail/Bob Bald Connector/Trail54A, ~2.6 mi N of Cherohala Skyway/TN165 at Beech Gap	https://lichenportal.org/portal/collections/individual/index.php?occid=3582805
3582806	NY	03722648	J. C. Lendemer	54726	0	55.77	Tennessee	Monroe Co.	35.37221	-84.0085	outside_boundary_exact	Tennessee, Monroe County	Cherokee National Forest, Unicoi Mountains, Bob Bald, Benton MacKeye Trail/Bob Bald Connector/Trail54A, ~2.6 mi N of Cherohala Skyway/TN165 at Beech Gap	https://lichenportal.org/portal/collections/individual/index.php?occid=3582806
3582807	NY	03722649	J. C. Lendemer	54725	0	55.77	Tennessee	Monroe Co.	35.37221	-84.0085	outside_boundary_exact	Tennessee, Monroe County	Cherokee National Forest, Unicoi Mountains, Bob Bald, Benton MacKeye Trail/Bob Bald Connector/Trail54A, ~2.6 mi N of Cherohala Skyway/TN165 at Beech Gap	https://lichenportal.org/portal/collections/individual/index.php?occid=3582807
3582808	NY	03722650	J. C. Lendemer	54724	0	55.77	Tennessee	Monroe Co.	35.37221	-84.0085	outside_boundary_exact	Tennessee, Monroe County	Cherokee National Forest, Unicoi Mountains, Bob Bald, Benton MacKeye Trail/Bob Bald Connector/Trail54A, ~2.6 mi N of Cherohala Skyway/TN165 at Beech Gap	https://lichenportal.org/portal/collections/individual/index.php?occid=3582808
3582809	NY	03722651	J. C. Lendemer	54723	0	55.77	Tennessee	Monroe Co.	35.37221	-84.0085	outside_boundary_exact	Tennessee, Monroe County	Cherokee National Forest, Unicoi Mountains, Bob Bald, Benton MacKeye Trail/Bob Bald Connector/Trail54A, ~2.6 mi N of Cherohala Skyway/TN165 at Beech Gap	https://lichenportal.org/portal/collections/individual/index.php?occid=3582809
3582810	NY	03722652	J. C. Lendemer	54722	0	55.77	Tennessee	Monroe Co.	35.37221	-84.0085	outside_boundary_exact	Tennessee, Monroe County	Cherokee National Forest, Unicoi Mountains, Bob Bald, Benton MacKeye Trail/Bob Bald Connector/Trail54A, ~2.6 mi N of Cherohala Skyway/TN165 at Beech Gap	https://lichenportal.org/portal/collections/individual/index.php?occid=3582810
3582811	NY	03722653	J. C. Lendemer	54721	0	55.77	Tennessee	Monroe Co.	35.37221	-84.0085	outside_boundary_exact	Tennessee, Monroe County	Cherokee National Forest, Unicoi Mountains, Bob Bald, Benton MacKeye Trail/Bob Bald Connector/Trail54A, ~2.6 mi N of Cherohala Skyway/TN165 at Beech Gap	https://lichenportal.org/portal/collections/individual/index.php?occid=3582811
3582812	NY	03722654	J. C. Lendemer	54720	0	55.77	Tennessee	Monroe Co.	35.37221	-84.0085	outside_boundary_exact	Tennessee, Monroe County	Cherokee National Forest, Unicoi Mountains, Bob Bald, Benton MacKeye Trail/Bob Bald Connector/Trail54A, ~2.6 mi N of Cherohala Skyway/TN165 at Beech Gap	https://lichenportal.org/portal/collections/individual/index.php?occid=3582812
3582813	NY	03722655	J. C. Lendemer	54719	0	55.77	Tennessee	Monroe Co.	35.37221	-84.0085	outside_boundary_exact	Tennessee, Monroe County	Cherokee National Forest, Unicoi Mountains, Bob Bald, Benton MacKeye Trail/Bob Bald Connector/Trail54A, ~2.6 mi N of Cherohala Skyway/TN165 at Beech Gap	https://lichenportal.org/portal/collections/individual/index.php?occid=3582813
3582814	NY	03722656	J. C. Lendemer	54718	0	55.77	Tennessee	Monroe Co.	35.37221	-84.0085	outside_boundary_exact	Tennessee, Monroe County	Cherokee National Forest, Unicoi Mountains, Bob Bald, Benton MacKeye Trail/Bob Bald Connector/Trail54A, ~2.6 mi N of Cherohala Skyway/TN165 at Beech Gap	https://lichenportal.org/portal/collections/individual/index.php?occid=3582814
3582815	NY	03722657	J. C. Lendemer	54717	0	55.77	Tennessee	Monroe Co.	35.37221	-84.0085	outside_boundary_exact	Tennessee, Monroe County	Cherokee National Forest, Unicoi Mountains, Bob Bald, Benton MacKeye Trail/Bob Bald Connector/Trail54A, ~2.6 mi N of Cherohala Skyway/TN165 at Beech Gap	https://lichenportal.org/portal/collections/individual/index.php?occid=3582815
3582816	NY	03722658	J. C. Lendemer	54716	0	55.77	Tennessee	Monroe Co.	35.37221	-84.0085	outside_boundary_exact	Tennessee, Monroe County	Cherokee National Forest, Unicoi Mountains, Bob Bald, Benton MacKeye Trail/Bob Bald Connector/Trail54A, ~2.6 mi N of Cherohala Skyway/TN165 at Beech Gap	https://lichenportal.org/portal/collections/individual/index.php?occid=3582816
3582817	NY	03722659	J. C. Lendemer	54715	0	55.77	Tennessee	Monroe Co.	35.37221	-84.0085	outside_boundary_exact	Tennessee, Monroe County	Cherokee National Forest, Unicoi Mountains, Bob Bald, Benton MacKeye Trail/Bob Bald Connector/Trail54A, ~2.6 mi N of Cherohala Skyway/TN165 at Beech Gap	https://lichenportal.org/portal/collections/individual/index.php?occid=3582817
3582818	NY	03722660	J. C. Lendemer	54714	0	55.77	Tennessee	Monroe Co.	35.37221	-84.0085	outside_boundary_exact	Tennessee, Monroe County	Cherokee National Forest, Unicoi Mountains, Bob Bald, Benton MacKeye Trail/Bob Bald Connector/Trail54A, ~2.6 mi N of Cherohala Skyway/TN165 at Beech Gap	https://lichenportal.org/portal/collections/individual/index.php?occid=3582818
3582819	NY	03722661	J. C. Lendemer	54713	0	55.77	Tennessee	Monroe Co.	35.37221	-84.0085	outside_boundary_exact	Tennessee, Monroe County	Cherokee National Forest, Unicoi Mountains, Bob Bald, Benton MacKeye Trail/Bob Bald Connector/Trail54A, ~2.6 mi N of Cherohala Skyway/TN165 at Beech Gap	https://lichenportal.org/portal/collections/individual/index.php?occid=3582819
3582820	NY	03722662	J. C. Lendemer	54712	0	55.77	Tennessee	Monroe Co.	35.37221	-84.0085	outside_boundary_exact	Tennessee, Monroe County	Cherokee National Forest, Unicoi Mountains, Bob Bald, Benton MacKeye Trail/Bob Bald Connector/Trail54A, ~2.6 mi N of Cherohala Skyway/TN165 at Beech Gap	https://lichenportal.org/portal/collections/individual/index.php?occid=3582820
3582821	NY	03722663	J. C. Lendemer	54711	0	55.77	Tennessee	Monroe Co.	35.37221	-84.0085	outside_boundary_exact	Tennessee, Monroe County	Cherokee National Forest, Unicoi Mountains, Bob Bald, Benton MacKeye Trail/Bob Bald Connector/Trail54A, ~2.6 mi N of Cherohala Skyway/TN165 at Beech Gap	https://lichenportal.org/portal/collections/individual/index.php?occid=3582821
3582822	NY	03722664	J. C. Lendemer	54710	0	55.77	Tennessee	Monroe Co.	35.37221	-84.0085	outside_boundary_exact	Tennessee, Monroe County	Cherokee National Forest, Unicoi Mountains, Bob Bald, Benton MacKeye Trail/Bob Bald Connector/Trail54A, ~2.6 mi N of Cherohala Skyway/TN165 at Beech Gap	https://lichenportal.org/portal/collections/individual/index.php?occid=3582822
3582823	NY	03722665	J. C. Lendemer	54709	0	55.77	Tennessee	Monroe Co.	35.37221	-84.0085	outside_boundary_exact	Tennessee, Monroe County	Cherokee National Forest, Unicoi Mountains, Bob Bald, Benton MacKeye Trail/Bob Bald Connector/Trail54A, ~2.6 mi N of Cherohala Skyway/TN165 at Beech Gap	https://lichenportal.org/portal/collections/individual/index.php?occid=3582823
3582824	NY	03722666	J. C. Lendemer	54708	0	55.77	Tennessee	Monroe Co.	35.37221	-84.0085	outside_boundary_exact	Tennessee, Monroe County	Cherokee National Forest, Unicoi Mountains, Bob Bald, Benton MacKeye Trail/Bob Bald Connector/Trail54A, ~2.6 mi N of Cherohala Skyway/TN165 at Beech Gap	https://lichenportal.org/portal/collections/individual/index.php?occid=3582824
3582825	NY	03722667	J. C. Lendemer	54707	0	55.77	Tennessee	Monroe Co.	35.37221	-84.0085	outside_boundary_exact	Tennessee, Monroe County	Cherokee National Forest, Unicoi Mountains, Bob Bald, Benton MacKeye Trail/Bob Bald Connector/Trail54A, ~2.6 mi N of Cherohala Skyway/TN165 at Beech Gap	https://lichenportal.org/portal/collections/individual/index.php?occid=3582825
3582826	NY	03722668	J. C. Lendemer	54706	0	55.77	Tennessee	Monroe Co.	35.37221	-84.0085	outside_boundary_exact	Tennessee, Monroe County	Cherokee National Forest, Unicoi Mountains, Bob Bald, Benton MacKeye Trail/Bob Bald Connector/Trail54A, ~2.6 mi N of Cherohala Skyway/TN165 at Beech Gap	https://lichenportal.org/portal/collections/individual/index.php?occid=3582826
3582827	NY	03722669	J. C. Lendemer	54705	0	55.77	Tennessee	Monroe Co.	35.37221	-84.0085	outside_boundary_exact	Tennessee, Monroe County	Cherokee National Forest, Unicoi Mountains, Bob Bald, Benton MacKeye Trail/Bob Bald Connector/Trail54A, ~2.6 mi N of Cherohala Skyway/TN165 at Beech Gap	https://lichenportal.org/portal/collections/individual/index.php?occid=3582827
3582828	NY	03722670	J. C. Lendemer	54704	0	55.77	Tennessee	Monroe Co.	35.37221	-84.0085	outside_boundary_exact	Tennessee, Monroe County	Cherokee National Forest, Unicoi Mountains, Bob Bald, Benton MacKeye Trail/Bob Bald Connector/Trail54A, ~2.6 mi N of Cherohala Skyway/TN165 at Beech Gap	https://lichenportal.org/portal/collections/individual/index.php?occid=3582828
3582829	NY	03722671	J. C. Lendemer	54703	0	55.77	Tennessee	Monroe Co.	35.37221	-84.0085	outside_boundary_exact	Tennessee, Monroe County	Cherokee National Forest, Unicoi Mountains, Bob Bald, Benton MacKeye Trail/Bob Bald Connector/Trail54A, ~2.6 mi N of Cherohala Skyway/TN165 at Beech Gap	https://lichenportal.org/portal/collections/individual/index.php?occid=3582829
3582830	NY	03722672	J. C. Lendemer	54702	0	55.77	Tennessee	Monroe Co.	35.37221	-84.0085	outside_boundary_exact	Tennessee, Monroe County	Cherokee National Forest, Unicoi Mountains, Bob Bald, Benton MacKeye Trail/Bob Bald Connector/Trail54A, ~2.6 mi N of Cherohala Skyway/TN165 at Beech Gap	https://lichenportal.org/portal/collections/individual/index.php?occid=3582830
3582831	NY	03722673	J. C. Lendemer	54701	0	55.77	Tennessee	Monroe Co.	35.37221	-84.0085	outside_boundary_exact	Tennessee, Monroe County	Cherokee National Forest, Unicoi Mountains, Bob Bald, Benton MacKeye Trail/Bob Bald Connector/Trail54A, ~2.6 mi N of Cherohala Skyway/TN165 at Beech Gap	https://lichenportal.org/portal/collections/individual/index.php?occid=3582831
3582832	NY	03722674	J. C. Lendemer	54700	0	55.77	Tennessee	Monroe Co.	35.37221	-84.0085	outside_boundary_exact	Tennessee, Monroe County	Cherokee National Forest, Unicoi Mountains, Bob Bald, Benton MacKeye Trail/Bob Bald Connector/Trail54A, ~2.6 mi N of Cherohala Skyway/TN165 at Beech Gap	https://lichenportal.org/portal/collections/individual/index.php?occid=3582832
3582833	NY	03722675	J. C. Lendemer	54699	0	55.77	Tennessee	Monroe Co.	35.37221	-84.0085	outside_boundary_exact	Tennessee, Monroe County	Cherokee National Forest, Unicoi Mountains, Bob Bald, Benton MacKeye Trail/Bob Bald Connector/Trail54A, ~2.6 mi N of Cherohala Skyway/TN165 at Beech Gap	https://lichenportal.org/portal/collections/individual/index.php?occid=3582833
3582834	NY	03722676	J. C. Lendemer	54698	0	55.77	Tennessee	Monroe Co.	35.37221	-84.0085	outside_boundary_exact	Tennessee, Monroe County	Cherokee National Forest, Unicoi Mountains, Bob Bald, Benton MacKeye Trail/Bob Bald Connector/Trail54A, ~2.6 mi N of Cherohala Skyway/TN165 at Beech Gap	https://lichenportal.org/portal/collections/individual/index.php?occid=3582834
3582835	NY	03722677	J. C. Lendemer	54697	0	55.77	Tennessee	Monroe Co.	35.37221	-84.0085	outside_boundary_exact	Tennessee, Monroe County	Cherokee National Forest, Unicoi Mountains, Bob Bald, Benton MacKeye Trail/Bob Bald Connector/Trail54A, ~2.6 mi N of Cherohala Skyway/TN165 at Beech Gap	https://lichenportal.org/portal/collections/individual/index.php?occid=3582835
3582836	NY	03722678	J. C. Lendemer	54696	0	55.77	Tennessee	Monroe Co.	35.37221	-84.0085	outside_boundary_exact	Tennessee, Monroe County	Cherokee National Forest, Unicoi Mountains, Bob Bald, Benton MacKeye Trail/Bob Bald Connector/Trail54A, ~2.6 mi N of Cherohala Skyway/TN165 at Beech Gap	https://lichenportal.org/portal/collections/individual/index.php?occid=3582836
3583006	NY	03862269	E. A. Tripp | J. C. Lendemer	8268	0	55.77	Tennessee	Monroe Co.	35.37221	-84.0085	outside_boundary_exact	Tennessee, Monroe County	Cherokee National Forest, Unicoi Mountains, Bob Bald, Benton MacKeye Trail/Bob Bald Connector/Trail54A, ~2.6 mi N of Cherohala Skyway/TN165 at Beech Gap	https://lichenportal.org/portal/collections/individual/index.php?occid=3583006
3583231	NY	03722591	J. C. Lendemer	54783	0	55.77	Tennessee	Monroe Co.	35.37221	-84.0085	outside_boundary_exact	Tennessee, Monroe County	Cherokee National Forest, Unicoi Mountains, Bob Bald, Benton MacKeye Trail/Bob Bald Connector/Trail54A, ~2.6 mi N of Cherohala Skyway/TN165 at Beech Gap	https://lichenportal.org/portal/collections/individual/index.php?occid=3583231
3583631	NY	03723225	J. C. Lendemer	56741A	0	45.25	Tennessee	Blount Co.	35.52028	-83.85328	outside_boundary_exact	North Carolina, Swain County	Great Smoky Mountains National Park, Rich Gap, jct of Long Hungry Ridge Trail and Gregory Ridge Trail, ~0.6 mi E of Gregory Bald, ~0.7 mi W of Forge Knob	https://lichenportal.org/portal/collections/individual/index.php?occid=3583631
3583632	NY	03723226	J. C. Lendemer	56741	0	45.25	Tennessee	Blount Co.	35.52028	-83.85328	outside_boundary_exact	North Carolina, Swain County	Great Smoky Mountains National Park, Rich Gap, jct of Long Hungry Ridge Trail and Gregory Ridge Trail, ~0.6 mi E of Gregory Bald, ~0.7 mi W of Forge Knob	https://lichenportal.org/portal/collections/individual/index.php?occid=3583632
3583633	NY	03723227	J. C. Lendemer	56740	0	45.25	Tennessee	Blount Co.	35.52028	-83.85328	outside_boundary_exact	North Carolina, Swain County	Great Smoky Mountains National Park, Rich Gap, jct of Long Hungry Ridge Trail and Gregory Ridge Trail, ~0.6 mi E of Gregory Bald, ~0.7 mi W of Forge Knob	https://lichenportal.org/portal/collections/individual/index.php?occid=3583633
3583634	NY	03723228	J. C. Lendemer	56739	0	45.25	Tennessee	Blount Co.	35.52028	-83.85328	outside_boundary_exact	North Carolina, Swain County	Great Smoky Mountains National Park, Rich Gap, jct of Long Hungry Ridge Trail and Gregory Ridge Trail, ~0.6 mi E of Gregory Bald, ~0.7 mi W of Forge Knob	https://lichenportal.org/portal/collections/individual/index.php?occid=3583634
3583635	NY	03723229	J. C. Lendemer	56738	0	45.25	Tennessee	Blount Co.	35.52028	-83.85328	outside_boundary_exact	North Carolina, Swain County	Great Smoky Mountains National Park, Rich Gap, jct of Long Hungry Ridge Trail and Gregory Ridge Trail, ~0.6 mi E of Gregory Bald, ~0.7 mi W of Forge Knob	https://lichenportal.org/portal/collections/individual/index.php?occid=3583635
3583636	NY	03723230	J. C. Lendemer	56737	0	45.25	Tennessee	Blount Co.	35.52028	-83.85328	outside_boundary_exact	North Carolina, Swain County	Great Smoky Mountains National Park, Rich Gap, jct of Long Hungry Ridge Trail and Gregory Ridge Trail, ~0.6 mi E of Gregory Bald, ~0.7 mi W of Forge Knob	https://lichenportal.org/portal/collections/individual/index.php?occid=3583636
3583637	NY	03723231	J. C. Lendemer	56736	0	45.25	Tennessee	Blount Co.	35.52028	-83.85328	outside_boundary_exact	North Carolina, Swain County	Great Smoky Mountains National Park, Rich Gap, jct of Long Hungry Ridge Trail and Gregory Ridge Trail, ~0.6 mi E of Gregory Bald, ~0.7 mi W of Forge Knob	https://lichenportal.org/portal/collections/individual/index.php?occid=3583637
3583638	NY	03723232	J. C. Lendemer	56735	0	45.25	Tennessee	Blount Co.	35.52028	-83.85328	outside_boundary_exact	North Carolina, Swain County	Great Smoky Mountains National Park, Rich Gap, jct of Long Hungry Ridge Trail and Gregory Ridge Trail, ~0.6 mi E of Gregory Bald, ~0.7 mi W of Forge Knob	https://lichenportal.org/portal/collections/individual/index.php?occid=3583638
3583639	NY	03723233	J. C. Lendemer	56734	0	45.25	Tennessee	Blount Co.	35.52028	-83.85328	outside_boundary_exact	North Carolina, Swain County	Great Smoky Mountains National Park, Rich Gap, jct of Long Hungry Ridge Trail and Gregory Ridge Trail, ~0.6 mi E of Gregory Bald, ~0.7 mi W of Forge Knob	https://lichenportal.org/portal/collections/individual/index.php?occid=3583639
3583640	NY	03723234	J. C. Lendemer	56733	0	45.25	Tennessee	Blount Co.	35.52028	-83.85328	outside_boundary_exact	North Carolina, Swain County	Great Smoky Mountains National Park, Rich Gap, jct of Long Hungry Ridge Trail and Gregory Ridge Trail, ~0.6 mi E of Gregory Bald, ~0.7 mi W of Forge Knob	https://lichenportal.org/portal/collections/individual/index.php?occid=3583640
3583641	NY	03723235	J. C. Lendemer	56732	0	45.25	Tennessee	Blount Co.	35.52028	-83.85328	outside_boundary_exact	North Carolina, Swain County	Great Smoky Mountains National Park, Rich Gap, jct of Long Hungry Ridge Trail and Gregory Ridge Trail, ~0.6 mi E of Gregory Bald, ~0.7 mi W of Forge Knob	https://lichenportal.org/portal/collections/individual/index.php?occid=3583641
3583642	NY	03723236	J. C. Lendemer	56731	0	45.25	Tennessee	Blount Co.	35.52028	-83.85328	outside_boundary_exact	North Carolina, Swain County	Great Smoky Mountains National Park, Rich Gap, jct of Long Hungry Ridge Trail and Gregory Ridge Trail, ~0.6 mi E of Gregory Bald, ~0.7 mi W of Forge Knob	https://lichenportal.org/portal/collections/individual/index.php?occid=3583642
3583643	NY	03723237	J. C. Lendemer	56730	0	45.25	Tennessee	Blount Co.	35.52028	-83.85328	outside_boundary_exact	North Carolina, Swain County	Great Smoky Mountains National Park, Rich Gap, jct of Long Hungry Ridge Trail and Gregory Ridge Trail, ~0.6 mi E of Gregory Bald, ~0.7 mi W of Forge Knob	https://lichenportal.org/portal/collections/individual/index.php?occid=3583643
3583644	NY	03723238	J. C. Lendemer	56729	0	45.25	Tennessee	Blount Co.	35.52028	-83.85328	outside_boundary_exact	North Carolina, Swain County	Great Smoky Mountains National Park, Rich Gap, jct of Long Hungry Ridge Trail and Gregory Ridge Trail, ~0.6 mi E of Gregory Bald, ~0.7 mi W of Forge Knob	https://lichenportal.org/portal/collections/individual/index.php?occid=3583644
3583645	NY	03723239	J. C. Lendemer	56728	0	45.25	Tennessee	Blount Co.	35.52028	-83.85328	outside_boundary_exact	North Carolina, Swain County	Great Smoky Mountains National Park, Rich Gap, jct of Long Hungry Ridge Trail and Gregory Ridge Trail, ~0.6 mi E of Gregory Bald, ~0.7 mi W of Forge Knob	https://lichenportal.org/portal/collections/individual/index.php?occid=3583645
3583646	NY	03723240	J. C. Lendemer	56727	0	45.25	Tennessee	Blount Co.	35.52028	-83.85328	outside_boundary_exact	North Carolina, Swain County	Great Smoky Mountains National Park, Rich Gap, jct of Long Hungry Ridge Trail and Gregory Ridge Trail, ~0.6 mi E of Gregory Bald, ~0.7 mi W of Forge Knob	https://lichenportal.org/portal/collections/individual/index.php?occid=3583646
3583647	NY	03723241	J. C. Lendemer	56726	0	45.25	Tennessee	Blount Co.	35.52028	-83.85328	outside_boundary_exact	North Carolina, Swain County	Great Smoky Mountains National Park, Rich Gap, jct of Long Hungry Ridge Trail and Gregory Ridge Trail, ~0.6 mi E of Gregory Bald, ~0.7 mi W of Forge Knob	https://lichenportal.org/portal/collections/individual/index.php?occid=3583647
3583648	NY	03723242	J. C. Lendemer	56725	0	45.25	Tennessee	Blount Co.	35.52028	-83.85328	outside_boundary_exact	North Carolina, Swain County	Great Smoky Mountains National Park, Rich Gap, jct of Long Hungry Ridge Trail and Gregory Ridge Trail, ~0.6 mi E of Gregory Bald, ~0.7 mi W of Forge Knob	https://lichenportal.org/portal/collections/individual/index.php?occid=3583648
3583649	NY	03723243	J. C. Lendemer	56724	0	45.25	Tennessee	Blount Co.	35.52028	-83.85328	outside_boundary_exact	North Carolina, Swain County	Great Smoky Mountains National Park, Rich Gap, jct of Long Hungry Ridge Trail and Gregory Ridge Trail, ~0.6 mi E of Gregory Bald, ~0.7 mi W of Forge Knob	https://lichenportal.org/portal/collections/individual/index.php?occid=3583649
3583650	NY	03723244	J. C. Lendemer	56723	0	45.25	Tennessee	Blount Co.	35.52028	-83.85328	outside_boundary_exact	North Carolina, Swain County	Great Smoky Mountains National Park, Rich Gap, jct of Long Hungry Ridge Trail and Gregory Ridge Trail, ~0.6 mi E of Gregory Bald, ~0.7 mi W of Forge Knob	https://lichenportal.org/portal/collections/individual/index.php?occid=3583650
3583651	NY	03723245	J. C. Lendemer	56722	0	45.25	Tennessee	Blount Co.	35.52028	-83.85328	outside_boundary_exact	North Carolina, Swain County	Great Smoky Mountains National Park, Rich Gap, jct of Long Hungry Ridge Trail and Gregory Ridge Trail, ~0.6 mi E of Gregory Bald, ~0.7 mi W of Forge Knob	https://lichenportal.org/portal/collections/individual/index.php?occid=3583651
3583652	NY	03723246	J. C. Lendemer	56721	0	45.25	Tennessee	Blount Co.	35.52028	-83.85328	outside_boundary_exact	North Carolina, Swain County	Great Smoky Mountains National Park, Rich Gap, jct of Long Hungry Ridge Trail and Gregory Ridge Trail, ~0.6 mi E of Gregory Bald, ~0.7 mi W of Forge Knob	https://lichenportal.org/portal/collections/individual/index.php?occid=3583652
3583653	NY	03723247	J. C. Lendemer	56720	0	45.25	Tennessee	Blount Co.	35.52028	-83.85328	outside_boundary_exact	North Carolina, Swain County	Great Smoky Mountains National Park, Rich Gap, jct of Long Hungry Ridge Trail and Gregory Ridge Trail, ~0.6 mi E of Gregory Bald, ~0.7 mi W of Forge Knob	https://lichenportal.org/portal/collections/individual/index.php?occid=3583653
3583654	NY	03723248	J. C. Lendemer	56719	0	45.25	Tennessee	Blount Co.	35.52028	-83.85328	outside_boundary_exact	North Carolina, Swain County	Great Smoky Mountains National Park, Rich Gap, jct of Long Hungry Ridge Trail and Gregory Ridge Trail, ~0.6 mi E of Gregory Bald, ~0.7 mi W of Forge Knob	https://lichenportal.org/portal/collections/individual/index.php?occid=3583654
3583655	NY	03723249	J. C. Lendemer	56718	0	45.25	Tennessee	Blount Co.	35.52028	-83.85328	outside_boundary_exact	North Carolina, Swain County	Great Smoky Mountains National Park, Rich Gap, jct of Long Hungry Ridge Trail and Gregory Ridge Trail, ~0.6 mi E of Gregory Bald, ~0.7 mi W of Forge Knob	https://lichenportal.org/portal/collections/individual/index.php?occid=3583655
3583656	NY	03723250	J. C. Lendemer	56717	0	45.25	Tennessee	Blount Co.	35.52028	-83.85328	outside_boundary_exact	North Carolina, Swain County	Great Smoky Mountains National Park, Rich Gap, jct of Long Hungry Ridge Trail and Gregory Ridge Trail, ~0.6 mi E of Gregory Bald, ~0.7 mi W of Forge Knob	https://lichenportal.org/portal/collections/individual/index.php?occid=3583656
3583657	NY	03723251	J. C. Lendemer	56716	0	45.25	Tennessee	Blount Co.	35.52028	-83.85328	outside_boundary_exact	North Carolina, Swain County	Great Smoky Mountains National Park, Rich Gap, jct of Long Hungry Ridge Trail and Gregory Ridge Trail, ~0.6 mi E of Gregory Bald, ~0.7 mi W of Forge Knob	https://lichenportal.org/portal/collections/individual/index.php?occid=3583657
3583658	NY	03723252	J. C. Lendemer	56715	0	45.25	Tennessee	Blount Co.	35.52028	-83.85328	outside_boundary_exact	North Carolina, Swain County	Great Smoky Mountains National Park, Rich Gap, jct of Long Hungry Ridge Trail and Gregory Ridge Trail, ~0.6 mi E of Gregory Bald, ~0.7 mi W of Forge Knob	https://lichenportal.org/portal/collections/individual/index.php?occid=3583658
3583659	NY	03723253	J. C. Lendemer	56714	0	45.25	Tennessee	Blount Co.	35.52028	-83.85328	outside_boundary_exact	North Carolina, Swain County	Great Smoky Mountains National Park, Rich Gap, jct of Long Hungry Ridge Trail and Gregory Ridge Trail, ~0.6 mi E of Gregory Bald, ~0.7 mi W of Forge Knob	https://lichenportal.org/portal/collections/individual/index.php?occid=3583659
3583660	NY	03723254	J. C. Lendemer	56713	0	45.25	Tennessee	Blount Co.	35.52028	-83.85328	outside_boundary_exact	North Carolina, Swain County	Great Smoky Mountains National Park, Rich Gap, jct of Long Hungry Ridge Trail and Gregory Ridge Trail, ~0.6 mi E of Gregory Bald, ~0.7 mi W of Forge Knob	https://lichenportal.org/portal/collections/individual/index.php?occid=3583660
3583661	NY	03723255	J. C. Lendemer	56712	0	45.25	Tennessee	Blount Co.	35.52028	-83.85328	outside_boundary_exact	North Carolina, Swain County	Great Smoky Mountains National Park, Rich Gap, jct of Long Hungry Ridge Trail and Gregory Ridge Trail, ~0.6 mi E of Gregory Bald, ~0.7 mi W of Forge Knob	https://lichenportal.org/portal/collections/individual/index.php?occid=3583661
3583662	NY	03723256	J. C. Lendemer	56711	0	45.25	Tennessee	Blount Co.	35.52028	-83.85328	outside_boundary_exact	North Carolina, Swain County	Great Smoky Mountains National Park, Rich Gap, jct of Long Hungry Ridge Trail and Gregory Ridge Trail, ~0.6 mi E of Gregory Bald, ~0.7 mi W of Forge Knob	https://lichenportal.org/portal/collections/individual/index.php?occid=3583662
3583663	NY	03723257	J. C. Lendemer	56710	0	45.25	Tennessee	Blount Co.	35.52028	-83.85328	outside_boundary_exact	North Carolina, Swain County	Great Smoky Mountains National Park, Rich Gap, jct of Long Hungry Ridge Trail and Gregory Ridge Trail, ~0.6 mi E of Gregory Bald, ~0.7 mi W of Forge Knob	https://lichenportal.org/portal/collections/individual/index.php?occid=3583663
3583664	NY	03723258	J. C. Lendemer	56709	0	45.25	Tennessee	Blount Co.	35.52028	-83.85328	outside_boundary_exact	North Carolina, Swain County	Great Smoky Mountains National Park, Rich Gap, jct of Long Hungry Ridge Trail and Gregory Ridge Trail, ~0.6 mi E of Gregory Bald, ~0.7 mi W of Forge Knob	https://lichenportal.org/portal/collections/individual/index.php?occid=3583664
3583665	NY	03723259	J. C. Lendemer	56708	0	45.25	Tennessee	Blount Co.	35.52028	-83.85328	outside_boundary_exact	North Carolina, Swain County	Great Smoky Mountains National Park, Rich Gap, jct of Long Hungry Ridge Trail and Gregory Ridge Trail, ~0.6 mi E of Gregory Bald, ~0.7 mi W of Forge Knob	https://lichenportal.org/portal/collections/individual/index.php?occid=3583665
3583667	NY	03723262	J. C. Lendemer	56705	0	45.25	Tennessee	Blount Co.	35.52028	-83.85328	outside_boundary_exact	North Carolina, Swain County	Great Smoky Mountains National Park, Rich Gap, jct of Long Hungry Ridge Trail and Gregory Ridge Trail, ~0.6 mi E of Gregory Bald, ~0.7 mi W of Forge Knob	https://lichenportal.org/portal/collections/individual/index.php?occid=3583667
3583668	NY	03723261	J. C. Lendemer	56706	0	45.25	Tennessee	Blount Co.	35.52028	-83.85328	outside_boundary_exact	North Carolina, Swain County	Great Smoky Mountains National Park, Rich Gap, jct of Long Hungry Ridge Trail and Gregory Ridge Trail, ~0.6 mi E of Gregory Bald, ~0.7 mi W of Forge Knob	https://lichenportal.org/portal/collections/individual/index.php?occid=3583668
3583669	NY	03723263	J. C. Lendemer	56704	0	45.25	Tennessee	Blount Co.	35.52028	-83.85328	outside_boundary_exact	North Carolina, Swain County	Great Smoky Mountains National Park, Rich Gap, jct of Long Hungry Ridge Trail and Gregory Ridge Trail, ~0.6 mi E of Gregory Bald, ~0.7 mi W of Forge Knob	https://lichenportal.org/portal/collections/individual/index.php?occid=3583669
3583670	NY	03723264	J. C. Lendemer	56703	0	45.25	Tennessee	Blount Co.	35.52028	-83.85328	outside_boundary_exact	North Carolina, Swain County	Great Smoky Mountains National Park, Rich Gap, jct of Long Hungry Ridge Trail and Gregory Ridge Trail, ~0.6 mi E of Gregory Bald, ~0.7 mi W of Forge Knob	https://lichenportal.org/portal/collections/individual/index.php?occid=3583670
3583671	NY	03723265	J. C. Lendemer	56702	0	45.25	Tennessee	Blount Co.	35.52028	-83.85328	outside_boundary_exact	North Carolina, Swain County	Great Smoky Mountains National Park, Rich Gap, jct of Long Hungry Ridge Trail and Gregory Ridge Trail, ~0.6 mi E of Gregory Bald, ~0.7 mi W of Forge Knob	https://lichenportal.org/portal/collections/individual/index.php?occid=3583671
3583672	NY	03723266	J. C. Lendemer	56701	0	45.25	Tennessee	Blount Co.	35.52028	-83.85328	outside_boundary_exact	North Carolina, Swain County	Great Smoky Mountains National Park, Rich Gap, jct of Long Hungry Ridge Trail and Gregory Ridge Trail, ~0.6 mi E of Gregory Bald, ~0.7 mi W of Forge Knob	https://lichenportal.org/portal/collections/individual/index.php?occid=3583672
3583673	NY	03723267	J. C. Lendemer	56700	0	45.25	Tennessee	Blount Co.	35.52028	-83.85328	outside_boundary_exact	North Carolina, Swain County	Great Smoky Mountains National Park, Rich Gap, jct of Long Hungry Ridge Trail and Gregory Ridge Trail, ~0.6 mi E of Gregory Bald, ~0.7 mi W of Forge Knob	https://lichenportal.org/portal/collections/individual/index.php?occid=3583673
3583674	NY	03723268	J. C. Lendemer	56699	0	45.25	Tennessee	Blount Co.	35.52028	-83.85328	outside_boundary_exact	North Carolina, Swain County	Great Smoky Mountains National Park, Rich Gap, jct of Long Hungry Ridge Trail and Gregory Ridge Trail, ~0.6 mi E of Gregory Bald, ~0.7 mi W of Forge Knob	https://lichenportal.org/portal/collections/individual/index.php?occid=3583674
3583675	NY	03723269	J. C. Lendemer	56698	0	45.25	Tennessee	Blount Co.	35.52028	-83.85328	outside_boundary_exact	North Carolina, Swain County	Great Smoky Mountains National Park, Rich Gap, jct of Long Hungry Ridge Trail and Gregory Ridge Trail, ~0.6 mi E of Gregory Bald, ~0.7 mi W of Forge Knob	https://lichenportal.org/portal/collections/individual/index.php?occid=3583675
3583676	NY	03723270	J. C. Lendemer	56697	0	45.25	Tennessee	Blount Co.	35.52028	-83.85328	outside_boundary_exact	North Carolina, Swain County	Great Smoky Mountains National Park, Rich Gap, jct of Long Hungry Ridge Trail and Gregory Ridge Trail, ~0.6 mi E of Gregory Bald, ~0.7 mi W of Forge Knob	https://lichenportal.org/portal/collections/individual/index.php?occid=3583676
3583677	NY	03723271	J. C. Lendemer	56696	0	45.25	Tennessee	Blount Co.	35.52028	-83.85328	outside_boundary_exact	North Carolina, Swain County	Great Smoky Mountains National Park, Rich Gap, jct of Long Hungry Ridge Trail and Gregory Ridge Trail, ~0.6 mi E of Gregory Bald, ~0.7 mi W of Forge Knob	https://lichenportal.org/portal/collections/individual/index.php?occid=3583677
3583679	NY	03723273	J. C. Lendemer	56694	0	45.25	Tennessee	Blount Co.	35.52028	-83.85328	outside_boundary_exact	North Carolina, Swain County	Great Smoky Mountains National Park, Rich Gap, jct of Long Hungry Ridge Trail and Gregory Ridge Trail, ~0.6 mi E of Gregory Bald, ~0.7 mi W of Forge Knob	https://lichenportal.org/portal/collections/individual/index.php?occid=3583679
3583680	NY	03723274	J. C. Lendemer	56693	0	45.25	Tennessee	Blount Co.	35.52028	-83.85328	outside_boundary_exact	North Carolina, Swain County	Great Smoky Mountains National Park, Rich Gap, jct of Long Hungry Ridge Trail and Gregory Ridge Trail, ~0.6 mi E of Gregory Bald, ~0.7 mi W of Forge Knob	https://lichenportal.org/portal/collections/individual/index.php?occid=3583680
3583681	NY	03723275	J. C. Lendemer	56692	0	45.25	Tennessee	Blount Co.	35.52028	-83.85328	outside_boundary_exact	North Carolina, Swain County	Great Smoky Mountains National Park, Rich Gap, jct of Long Hungry Ridge Trail and Gregory Ridge Trail, ~0.6 mi E of Gregory Bald, ~0.7 mi W of Forge Knob	https://lichenportal.org/portal/collections/individual/index.php?occid=3583681
3583682	NY	03723276	J. C. Lendemer	56691	0	45.25	Tennessee	Blount Co.	35.52028	-83.85328	outside_boundary_exact	North Carolina, Swain County	Great Smoky Mountains National Park, Rich Gap, jct of Long Hungry Ridge Trail and Gregory Ridge Trail, ~0.6 mi E of Gregory Bald, ~0.7 mi W of Forge Knob	https://lichenportal.org/portal/collections/individual/index.php?occid=3583682
3583683	NY	03723277	J. C. Lendemer	56690	0	45.25	Tennessee	Blount Co.	35.52028	-83.85328	outside_boundary_exact	North Carolina, Swain County	Great Smoky Mountains National Park, Rich Gap, jct of Long Hungry Ridge Trail and Gregory Ridge Trail, ~0.6 mi E of Gregory Bald, ~0.7 mi W of Forge Knob	https://lichenportal.org/portal/collections/individual/index.php?occid=3583683
3583684	NY	03723278	J. C. Lendemer	56689	0	45.25	Tennessee	Blount Co.	35.52028	-83.85328	outside_boundary_exact	North Carolina, Swain County	Great Smoky Mountains National Park, Rich Gap, jct of Long Hungry Ridge Trail and Gregory Ridge Trail, ~0.6 mi E of Gregory Bald, ~0.7 mi W of Forge Knob	https://lichenportal.org/portal/collections/individual/index.php?occid=3583684
3583685	NY	03723279	J. C. Lendemer	56688	0	45.25	Tennessee	Blount Co.	35.52028	-83.85328	outside_boundary_exact	North Carolina, Swain County	Great Smoky Mountains National Park, Rich Gap, jct of Long Hungry Ridge Trail and Gregory Ridge Trail, ~0.6 mi E of Gregory Bald, ~0.7 mi W of Forge Knob	https://lichenportal.org/portal/collections/individual/index.php?occid=3583685
3583686	NY	03723280	J. C. Lendemer	56687	0	45.25	Tennessee	Blount Co.	35.52028	-83.85328	outside_boundary_exact	North Carolina, Swain County	Great Smoky Mountains National Park, Rich Gap, jct of Long Hungry Ridge Trail and Gregory Ridge Trail, ~0.6 mi E of Gregory Bald, ~0.7 mi W of Forge Knob	https://lichenportal.org/portal/collections/individual/index.php?occid=3583686
3583687	NY	03723281	J. C. Lendemer	56686	0	45.25	Tennessee	Blount Co.	35.52028	-83.85328	outside_boundary_exact	North Carolina, Swain County	Great Smoky Mountains National Park, Rich Gap, jct of Long Hungry Ridge Trail and Gregory Ridge Trail, ~0.6 mi E of Gregory Bald, ~0.7 mi W of Forge Knob	https://lichenportal.org/portal/collections/individual/index.php?occid=3583687
3583688	NY	03723282	J. C. Lendemer	56685	0	45.25	Tennessee	Blount Co.	35.52028	-83.85328	outside_boundary_exact	North Carolina, Swain County	Great Smoky Mountains National Park, Rich Gap, jct of Long Hungry Ridge Trail and Gregory Ridge Trail, ~0.6 mi E of Gregory Bald, ~0.7 mi W of Forge Knob	https://lichenportal.org/portal/collections/individual/index.php?occid=3583688
3583689	NY	03723283	J. C. Lendemer	56684	0	45.25	Tennessee	Blount Co.	35.52028	-83.85328	outside_boundary_exact	North Carolina, Swain County	Great Smoky Mountains National Park, Rich Gap, jct of Long Hungry Ridge Trail and Gregory Ridge Trail, ~0.6 mi E of Gregory Bald, ~0.7 mi W of Forge Knob	https://lichenportal.org/portal/collections/individual/index.php?occid=3583689
3583690	NY	03723284	J. C. Lendemer	56683	0	45.25	Tennessee	Blount Co.	35.52028	-83.85328	outside_boundary_exact	North Carolina, Swain County	Great Smoky Mountains National Park, Rich Gap, jct of Long Hungry Ridge Trail and Gregory Ridge Trail, ~0.6 mi E of Gregory Bald, ~0.7 mi W of Forge Knob	https://lichenportal.org/portal/collections/individual/index.php?occid=3583690
3583691	NY	03723285	J. C. Lendemer	56682	0	45.25	Tennessee	Blount Co.	35.52028	-83.85328	outside_boundary_exact	North Carolina, Swain County	Great Smoky Mountains National Park, Rich Gap, jct of Long Hungry Ridge Trail and Gregory Ridge Trail, ~0.6 mi E of Gregory Bald, ~0.7 mi W of Forge Knob	https://lichenportal.org/portal/collections/individual/index.php?occid=3583691
3583692	NY	03723286	J. C. Lendemer	56681	0	45.25	Tennessee	Blount Co.	35.52028	-83.85328	outside_boundary_exact	North Carolina, Swain County	Great Smoky Mountains National Park, Rich Gap, jct of Long Hungry Ridge Trail and Gregory Ridge Trail, ~0.6 mi E of Gregory Bald, ~0.7 mi W of Forge Knob	https://lichenportal.org/portal/collections/individual/index.php?occid=3583692
3583693	NY	03723287	J. C. Lendemer	56680	0	45.25	Tennessee	Blount Co.	35.52028	-83.85328	outside_boundary_exact	North Carolina, Swain County	Great Smoky Mountains National Park, Rich Gap, jct of Long Hungry Ridge Trail and Gregory Ridge Trail, ~0.6 mi E of Gregory Bald, ~0.7 mi W of Forge Knob	https://lichenportal.org/portal/collections/individual/index.php?occid=3583693
3583694	NY	03723288	J. C. Lendemer	56679	0	45.25	Tennessee	Blount Co.	35.52028	-83.85328	outside_boundary_exact	North Carolina, Swain County	Great Smoky Mountains National Park, Rich Gap, jct of Long Hungry Ridge Trail and Gregory Ridge Trail, ~0.6 mi E of Gregory Bald, ~0.7 mi W of Forge Knob	https://lichenportal.org/portal/collections/individual/index.php?occid=3583694
3583695	NY	03723289	J. C. Lendemer	56678	0	45.25	Tennessee	Blount Co.	35.52028	-83.85328	outside_boundary_exact	North Carolina, Swain County	Great Smoky Mountains National Park, Rich Gap, jct of Long Hungry Ridge Trail and Gregory Ridge Trail, ~0.6 mi E of Gregory Bald, ~0.7 mi W of Forge Knob	https://lichenportal.org/portal/collections/individual/index.php?occid=3583695
3583696	NY	03723290	J. C. Lendemer	56677	0	45.25	Tennessee	Blount Co.	35.52028	-83.85328	outside_boundary_exact	North Carolina, Swain County	Great Smoky Mountains National Park, Rich Gap, jct of Long Hungry Ridge Trail and Gregory Ridge Trail, ~0.6 mi E of Gregory Bald, ~0.7 mi W of Forge Knob	https://lichenportal.org/portal/collections/individual/index.php?occid=3583696
3583697	NY	03723291	J. C. Lendemer	56676	0	45.25	Tennessee	Blount Co.	35.52028	-83.85328	outside_boundary_exact	North Carolina, Swain County	Great Smoky Mountains National Park, Rich Gap, jct of Long Hungry Ridge Trail and Gregory Ridge Trail, ~0.6 mi E of Gregory Bald, ~0.7 mi W of Forge Knob	https://lichenportal.org/portal/collections/individual/index.php?occid=3583697
3583698	NY	03723292	J. C. Lendemer	56675	0	45.25	Tennessee	Blount Co.	35.52028	-83.85328	outside_boundary_exact	North Carolina, Swain County	Great Smoky Mountains National Park, Rich Gap, jct of Long Hungry Ridge Trail and Gregory Ridge Trail, ~0.6 mi E of Gregory Bald, ~0.7 mi W of Forge Knob	https://lichenportal.org/portal/collections/individual/index.php?occid=3583698
3583699	NY	03723293	J. C. Lendemer	56674	0	45.25	Tennessee	Blount Co.	35.52028	-83.85328	outside_boundary_exact	North Carolina, Swain County	Great Smoky Mountains National Park, Rich Gap, jct of Long Hungry Ridge Trail and Gregory Ridge Trail, ~0.6 mi E of Gregory Bald, ~0.7 mi W of Forge Knob	https://lichenportal.org/portal/collections/individual/index.php?occid=3583699
3583700	NY	03723294	J. C. Lendemer	56673	0	45.25	Tennessee	Blount Co.	35.52028	-83.85328	outside_boundary_exact	North Carolina, Swain County	Great Smoky Mountains National Park, Rich Gap, jct of Long Hungry Ridge Trail and Gregory Ridge Trail, ~0.6 mi E of Gregory Bald, ~0.7 mi W of Forge Knob	https://lichenportal.org/portal/collections/individual/index.php?occid=3583700
3583701	NY	03723295	J. C. Lendemer	56672	0	45.25	Tennessee	Blount Co.	35.52028	-83.85328	outside_boundary_exact	North Carolina, Swain County	Great Smoky Mountains National Park, Rich Gap, jct of Long Hungry Ridge Trail and Gregory Ridge Trail, ~0.6 mi E of Gregory Bald, ~0.7 mi W of Forge Knob	https://lichenportal.org/portal/collections/individual/index.php?occid=3583701
3583702	NY	03723296	J. C. Lendemer	56671	0	45.25	Tennessee	Blount Co.	35.52028	-83.85328	outside_boundary_exact	North Carolina, Swain County	Great Smoky Mountains National Park, Rich Gap, jct of Long Hungry Ridge Trail and Gregory Ridge Trail, ~0.6 mi E of Gregory Bald, ~0.7 mi W of Forge Knob	https://lichenportal.org/portal/collections/individual/index.php?occid=3583702
3583703	NY	03723297	J. C. Lendemer	56670	0	45.25	Tennessee	Blount Co.	35.52028	-83.85328	outside_boundary_exact	North Carolina, Swain County	Great Smoky Mountains National Park, Rich Gap, jct of Long Hungry Ridge Trail and Gregory Ridge Trail, ~0.6 mi E of Gregory Bald, ~0.7 mi W of Forge Knob	https://lichenportal.org/portal/collections/individual/index.php?occid=3583703
3583704	NY	03723298	J. C. Lendemer	56669	0	45.25	Tennessee	Blount Co.	35.52028	-83.85328	outside_boundary_exact	North Carolina, Swain County	Great Smoky Mountains National Park, Rich Gap, jct of Long Hungry Ridge Trail and Gregory Ridge Trail, ~0.6 mi E of Gregory Bald, ~0.7 mi W of Forge Knob	https://lichenportal.org/portal/collections/individual/index.php?occid=3583704
3583705	NY	03723299	J. C. Lendemer	56668	0	45.25	Tennessee	Blount Co.	35.52028	-83.85328	outside_boundary_exact	North Carolina, Swain County	Great Smoky Mountains National Park, Rich Gap, jct of Long Hungry Ridge Trail and Gregory Ridge Trail, ~0.6 mi E of Gregory Bald, ~0.7 mi W of Forge Knob	https://lichenportal.org/portal/collections/individual/index.php?occid=3583705
3583706	NY	03723300	J. C. Lendemer	56667	0	45.25	Tennessee	Blount Co.	35.52028	-83.85328	outside_boundary_exact	North Carolina, Swain County	Great Smoky Mountains National Park, Rich Gap, jct of Long Hungry Ridge Trail and Gregory Ridge Trail, ~0.6 mi E of Gregory Bald, ~0.7 mi W of Forge Knob	https://lichenportal.org/portal/collections/individual/index.php?occid=3583706
3583707	NY	03723301	J. C. Lendemer	56666	0	45.25	Tennessee	Blount Co.	35.52028	-83.85328	outside_boundary_exact	North Carolina, Swain County	Great Smoky Mountains National Park, Rich Gap, jct of Long Hungry Ridge Trail and Gregory Ridge Trail, ~0.6 mi E of Gregory Bald, ~0.7 mi W of Forge Knob	https://lichenportal.org/portal/collections/individual/index.php?occid=3583707
3583708	NY	03723302	J. C. Lendemer	56665	0	45.25	Tennessee	Blount Co.	35.52028	-83.85328	outside_boundary_exact	North Carolina, Swain County	Great Smoky Mountains National Park, Rich Gap, jct of Long Hungry Ridge Trail and Gregory Ridge Trail, ~0.6 mi E of Gregory Bald, ~0.7 mi W of Forge Knob	https://lichenportal.org/portal/collections/individual/index.php?occid=3583708
3583709	NY	03723303	J. C. Lendemer	56664	0	45.25	Tennessee	Blount Co.	35.52028	-83.85328	outside_boundary_exact	North Carolina, Swain County	Great Smoky Mountains National Park, Rich Gap, jct of Long Hungry Ridge Trail and Gregory Ridge Trail, ~0.6 mi E of Gregory Bald, ~0.7 mi W of Forge Knob	https://lichenportal.org/portal/collections/individual/index.php?occid=3583709
3583711	NY	03723305	J. C. Lendemer	56662	0	45.25	Tennessee	Blount Co.	35.52028	-83.85328	outside_boundary_exact	North Carolina, Swain County	Great Smoky Mountains National Park, Rich Gap, jct of Long Hungry Ridge Trail and Gregory Ridge Trail, ~0.6 mi E of Gregory Bald, ~0.7 mi W of Forge Knob	https://lichenportal.org/portal/collections/individual/index.php?occid=3583711
3583712	NY	03723306	J. C. Lendemer	56661	0	45.25	Tennessee	Blount Co.	35.52028	-83.85328	outside_boundary_exact	North Carolina, Swain County	Great Smoky Mountains National Park, Rich Gap, jct of Long Hungry Ridge Trail and Gregory Ridge Trail, ~0.6 mi E of Gregory Bald, ~0.7 mi W of Forge Knob	https://lichenportal.org/portal/collections/individual/index.php?occid=3583712
3583713	NY	03723307	J. C. Lendemer	56660	0	45.25	Tennessee	Blount Co.	35.52028	-83.85328	outside_boundary_exact	North Carolina, Swain County	Great Smoky Mountains National Park, Rich Gap, jct of Long Hungry Ridge Trail and Gregory Ridge Trail, ~0.6 mi E of Gregory Bald, ~0.7 mi W of Forge Knob	https://lichenportal.org/portal/collections/individual/index.php?occid=3583713
3583714	NY	03723308	J. C. Lendemer	56659	0	45.25	Tennessee	Blount Co.	35.52028	-83.85328	outside_boundary_exact	North Carolina, Swain County	Great Smoky Mountains National Park, Rich Gap, jct of Long Hungry Ridge Trail and Gregory Ridge Trail, ~0.6 mi E of Gregory Bald, ~0.7 mi W of Forge Knob	https://lichenportal.org/portal/collections/individual/index.php?occid=3583714
3583715	NY	03723309	J. C. Lendemer	56658	0	45.25	Tennessee	Blount Co.	35.52028	-83.85328	outside_boundary_exact	North Carolina, Swain County	Great Smoky Mountains National Park, Rich Gap, jct of Long Hungry Ridge Trail and Gregory Ridge Trail, ~0.6 mi E of Gregory Bald, ~0.7 mi W of Forge Knob	https://lichenportal.org/portal/collections/individual/index.php?occid=3583715
3583716	NY	03723310	J. C. Lendemer	56657	0	45.25	Tennessee	Blount Co.	35.52028	-83.85328	outside_boundary_exact	North Carolina, Swain County	Great Smoky Mountains National Park, Rich Gap, jct of Long Hungry Ridge Trail and Gregory Ridge Trail, ~0.6 mi E of Gregory Bald, ~0.7 mi W of Forge Knob	https://lichenportal.org/portal/collections/individual/index.php?occid=3583716
3583717	NY	03723311	J. C. Lendemer	56656	0	45.25	Tennessee	Blount Co.	35.52028	-83.85328	outside_boundary_exact	North Carolina, Swain County	Great Smoky Mountains National Park, Rich Gap, jct of Long Hungry Ridge Trail and Gregory Ridge Trail, ~0.6 mi E of Gregory Bald, ~0.7 mi W of Forge Knob	https://lichenportal.org/portal/collections/individual/index.php?occid=3583717
3583718	NY	03723312	J. C. Lendemer	56655	0	45.25	Tennessee	Blount Co.	35.52028	-83.85328	outside_boundary_exact	North Carolina, Swain County	Great Smoky Mountains National Park, Rich Gap, jct of Long Hungry Ridge Trail and Gregory Ridge Trail, ~0.6 mi E of Gregory Bald, ~0.7 mi W of Forge Knob	https://lichenportal.org/portal/collections/individual/index.php?occid=3583718
3583719	NY	03723313	J. C. Lendemer	56654	0	45.25	Tennessee	Blount Co.	35.52028	-83.85328	outside_boundary_exact	North Carolina, Swain County	Great Smoky Mountains National Park, Rich Gap, jct of Long Hungry Ridge Trail and Gregory Ridge Trail, ~0.6 mi E of Gregory Bald, ~0.7 mi W of Forge Knob	https://lichenportal.org/portal/collections/individual/index.php?occid=3583719
3583720	NY	03723314	J. C. Lendemer	56653	0	45.25	Tennessee	Blount Co.	35.52028	-83.85328	outside_boundary_exact	North Carolina, Swain County	Great Smoky Mountains National Park, Rich Gap, jct of Long Hungry Ridge Trail and Gregory Ridge Trail, ~0.6 mi E of Gregory Bald, ~0.7 mi W of Forge Knob	https://lichenportal.org/portal/collections/individual/index.php?occid=3583720
3583721	NY	03723315	J. C. Lendemer	56652	0	45.25	Tennessee	Blount Co.	35.52028	-83.85328	outside_boundary_exact	North Carolina, Swain County	Great Smoky Mountains National Park, Rich Gap, jct of Long Hungry Ridge Trail and Gregory Ridge Trail, ~0.6 mi E of Gregory Bald, ~0.7 mi W of Forge Knob	https://lichenportal.org/portal/collections/individual/index.php?occid=3583721
3583722	NY	03723316	J. C. Lendemer	56651	0	45.25	Tennessee	Blount Co.	35.52028	-83.85328	outside_boundary_exact	North Carolina, Swain County	Great Smoky Mountains National Park, Rich Gap, jct of Long Hungry Ridge Trail and Gregory Ridge Trail, ~0.6 mi E of Gregory Bald, ~0.7 mi W of Forge Knob	https://lichenportal.org/portal/collections/individual/index.php?occid=3583722
3583723	NY	03723317	J. C. Lendemer	56650	0	45.25	Tennessee	Blount Co.	35.52028	-83.85328	outside_boundary_exact	North Carolina, Swain County	Great Smoky Mountains National Park, Rich Gap, jct of Long Hungry Ridge Trail and Gregory Ridge Trail, ~0.6 mi E of Gregory Bald, ~0.7 mi W of Forge Knob	https://lichenportal.org/portal/collections/individual/index.php?occid=3583723
3583724	NY	03723318	J. C. Lendemer	56649	0	45.25	Tennessee	Blount Co.	35.52028	-83.85328	outside_boundary_exact	North Carolina, Swain County	Great Smoky Mountains National Park, Rich Gap, jct of Long Hungry Ridge Trail and Gregory Ridge Trail, ~0.6 mi E of Gregory Bald, ~0.7 mi W of Forge Knob	https://lichenportal.org/portal/collections/individual/index.php?occid=3583724
3583725	NY	03723319	J. C. Lendemer	56648	0	45.25	Tennessee	Blount Co.	35.52028	-83.85328	outside_boundary_exact	North Carolina, Swain County	Great Smoky Mountains National Park, Rich Gap, jct of Long Hungry Ridge Trail and Gregory Ridge Trail, ~0.6 mi E of Gregory Bald, ~0.7 mi W of Forge Knob	https://lichenportal.org/portal/collections/individual/index.php?occid=3583725
3583726	NY	03723320	J. C. Lendemer	56647	0	45.25	Tennessee	Blount Co.	35.52028	-83.85328	outside_boundary_exact	North Carolina, Swain County	Great Smoky Mountains National Park, Rich Gap, jct of Long Hungry Ridge Trail and Gregory Ridge Trail, ~0.6 mi E of Gregory Bald, ~0.7 mi W of Forge Knob	https://lichenportal.org/portal/collections/individual/index.php?occid=3583726
3583727	NY	03723321	J. C. Lendemer	56646	0	45.25	Tennessee	Blount Co.	35.52028	-83.85328	outside_boundary_exact	North Carolina, Swain County	Great Smoky Mountains National Park, Rich Gap, jct of Long Hungry Ridge Trail and Gregory Ridge Trail, ~0.6 mi E of Gregory Bald, ~0.7 mi W of Forge Knob	https://lichenportal.org/portal/collections/individual/index.php?occid=3583727
3583728	NY	03723322	J. C. Lendemer	56645	0	45.25	Tennessee	Blount Co.	35.52028	-83.85328	outside_boundary_exact	North Carolina, Swain County	Great Smoky Mountains National Park, Rich Gap, jct of Long Hungry Ridge Trail and Gregory Ridge Trail, ~0.6 mi E of Gregory Bald, ~0.7 mi W of Forge Knob	https://lichenportal.org/portal/collections/individual/index.php?occid=3583728
3583729	NY	03723323	J. C. Lendemer	56644	0	45.25	Tennessee	Blount Co.	35.52028	-83.85328	outside_boundary_exact	North Carolina, Swain County	Great Smoky Mountains National Park, Rich Gap, jct of Long Hungry Ridge Trail and Gregory Ridge Trail, ~0.6 mi E of Gregory Bald, ~0.7 mi W of Forge Knob	https://lichenportal.org/portal/collections/individual/index.php?occid=3583729
3583730	NY	03723324	J. C. Lendemer	56643	0	45.25	Tennessee	Blount Co.	35.52028	-83.85328	outside_boundary_exact	North Carolina, Swain County	Great Smoky Mountains National Park, Rich Gap, jct of Long Hungry Ridge Trail and Gregory Ridge Trail, ~0.6 mi E of Gregory Bald, ~0.7 mi W of Forge Knob	https://lichenportal.org/portal/collections/individual/index.php?occid=3583730
3583731	NY	03723325	J. C. Lendemer	56642	0	45.25	Tennessee	Blount Co.	35.52028	-83.85328	outside_boundary_exact	North Carolina, Swain County	Great Smoky Mountains National Park, Rich Gap, jct of Long Hungry Ridge Trail and Gregory Ridge Trail, ~0.6 mi E of Gregory Bald, ~0.7 mi W of Forge Knob	https://lichenportal.org/portal/collections/individual/index.php?occid=3583731
3583732	NY	03723326	J. C. Lendemer	56641	0	45.25	Tennessee	Blount Co.	35.52028	-83.85328	outside_boundary_exact	North Carolina, Swain County	Great Smoky Mountains National Park, Rich Gap, jct of Long Hungry Ridge Trail and Gregory Ridge Trail, ~0.6 mi E of Gregory Bald, ~0.7 mi W of Forge Knob	https://lichenportal.org/portal/collections/individual/index.php?occid=3583732
3583733	NY	03723327	J. C. Lendemer	56640	0	45.25	Tennessee	Blount Co.	35.52028	-83.85328	outside_boundary_exact	North Carolina, Swain County	Great Smoky Mountains National Park, Rich Gap, jct of Long Hungry Ridge Trail and Gregory Ridge Trail, ~0.6 mi E of Gregory Bald, ~0.7 mi W of Forge Knob	https://lichenportal.org/portal/collections/individual/index.php?occid=3583733
3583734	NY	03723328	J. C. Lendemer	56639	0	45.25	Tennessee	Blount Co.	35.52028	-83.85328	outside_boundary_exact	North Carolina, Swain County	Great Smoky Mountains National Park, Rich Gap, jct of Long Hungry Ridge Trail and Gregory Ridge Trail, ~0.6 mi E of Gregory Bald, ~0.7 mi W of Forge Knob	https://lichenportal.org/portal/collections/individual/index.php?occid=3583734
3583735	NY	03723329	J. C. Lendemer	56638	0	45.25	Tennessee	Blount Co.	35.52028	-83.85328	outside_boundary_exact	North Carolina, Swain County	Great Smoky Mountains National Park, Rich Gap, jct of Long Hungry Ridge Trail and Gregory Ridge Trail, ~0.6 mi E of Gregory Bald, ~0.7 mi W of Forge Knob	https://lichenportal.org/portal/collections/individual/index.php?occid=3583735
3583736	NY	03723330	J. C. Lendemer	56637	0	45.25	Tennessee	Blount Co.	35.52028	-83.85328	outside_boundary_exact	North Carolina, Swain County	Great Smoky Mountains National Park, Rich Gap, jct of Long Hungry Ridge Trail and Gregory Ridge Trail, ~0.6 mi E of Gregory Bald, ~0.7 mi W of Forge Knob	https://lichenportal.org/portal/collections/individual/index.php?occid=3583736
3583737	NY	03723331	J. C. Lendemer	56636	0	45.25	Tennessee	Blount Co.	35.52028	-83.85328	outside_boundary_exact	North Carolina, Swain County	Great Smoky Mountains National Park, Rich Gap, jct of Long Hungry Ridge Trail and Gregory Ridge Trail, ~0.6 mi E of Gregory Bald, ~0.7 mi W of Forge Knob	https://lichenportal.org/portal/collections/individual/index.php?occid=3583737
3583738	NY	03723332	J. C. Lendemer	56635	0	45.25	Tennessee	Blount Co.	35.52028	-83.85328	outside_boundary_exact	North Carolina, Swain County	Great Smoky Mountains National Park, Rich Gap, jct of Long Hungry Ridge Trail and Gregory Ridge Trail, ~0.6 mi E of Gregory Bald, ~0.7 mi W of Forge Knob	https://lichenportal.org/portal/collections/individual/index.php?occid=3583738
3583739	NY	03723333	J. C. Lendemer	56634	0	45.25	Tennessee	Blount Co.	35.52028	-83.85328	outside_boundary_exact	North Carolina, Swain County	Great Smoky Mountains National Park, Rich Gap, jct of Long Hungry Ridge Trail and Gregory Ridge Trail, ~0.6 mi E of Gregory Bald, ~0.7 mi W of Forge Knob	https://lichenportal.org/portal/collections/individual/index.php?occid=3583739
3583740	NY	03723334	J. C. Lendemer	56633	0	45.25	Tennessee	Blount Co.	35.52028	-83.85328	outside_boundary_exact	North Carolina, Swain County	Great Smoky Mountains National Park, Rich Gap, jct of Long Hungry Ridge Trail and Gregory Ridge Trail, ~0.6 mi E of Gregory Bald, ~0.7 mi W of Forge Knob	https://lichenportal.org/portal/collections/individual/index.php?occid=3583740
3583741	NY	03723335	J. C. Lendemer	56632	0	45.25	Tennessee	Blount Co.	35.52028	-83.85328	outside_boundary_exact	North Carolina, Swain County	Great Smoky Mountains National Park, Rich Gap, jct of Long Hungry Ridge Trail and Gregory Ridge Trail, ~0.6 mi E of Gregory Bald, ~0.7 mi W of Forge Knob	https://lichenportal.org/portal/collections/individual/index.php?occid=3583741
3583742	NY	03723336	J. C. Lendemer	56631	0	45.25	Tennessee	Blount Co.	35.52028	-83.85328	outside_boundary_exact	North Carolina, Swain County	Great Smoky Mountains National Park, Rich Gap, jct of Long Hungry Ridge Trail and Gregory Ridge Trail, ~0.6 mi E of Gregory Bald, ~0.7 mi W of Forge Knob	https://lichenportal.org/portal/collections/individual/index.php?occid=3583742
3583743	NY	03723337	J. C. Lendemer	56630	0	45.25	Tennessee	Blount Co.	35.52028	-83.85328	outside_boundary_exact	North Carolina, Swain County	Great Smoky Mountains National Park, Rich Gap, jct of Long Hungry Ridge Trail and Gregory Ridge Trail, ~0.6 mi E of Gregory Bald, ~0.7 mi W of Forge Knob	https://lichenportal.org/portal/collections/individual/index.php?occid=3583743
3583744	NY	03723338	J. C. Lendemer	56629	0	45.25	Tennessee	Blount Co.	35.52028	-83.85328	outside_boundary_exact	North Carolina, Swain County	Great Smoky Mountains National Park, Rich Gap, jct of Long Hungry Ridge Trail and Gregory Ridge Trail, ~0.6 mi E of Gregory Bald, ~0.7 mi W of Forge Knob	https://lichenportal.org/portal/collections/individual/index.php?occid=3583744
3583745	NY	03723339	J. C. Lendemer	56628	0	45.25	Tennessee	Blount Co.	35.52028	-83.85328	outside_boundary_exact	North Carolina, Swain County	Great Smoky Mountains National Park, Rich Gap, jct of Long Hungry Ridge Trail and Gregory Ridge Trail, ~0.6 mi E of Gregory Bald, ~0.7 mi W of Forge Knob	https://lichenportal.org/portal/collections/individual/index.php?occid=3583745
3583746	NY	03723340	J. C. Lendemer	56627	0	45.25	Tennessee	Blount Co.	35.52028	-83.85328	outside_boundary_exact	North Carolina, Swain County	Great Smoky Mountains National Park, Rich Gap, jct of Long Hungry Ridge Trail and Gregory Ridge Trail, ~0.6 mi E of Gregory Bald, ~0.7 mi W of Forge Knob	https://lichenportal.org/portal/collections/individual/index.php?occid=3583746
3583747	NY	03723341	J. C. Lendemer	56626	0	45.25	Tennessee	Blount Co.	35.52028	-83.85328	outside_boundary_exact	North Carolina, Swain County	Great Smoky Mountains National Park, Rich Gap, jct of Long Hungry Ridge Trail and Gregory Ridge Trail, ~0.6 mi E of Gregory Bald, ~0.7 mi W of Forge Knob	https://lichenportal.org/portal/collections/individual/index.php?occid=3583747
3583748	NY	03723342	J. C. Lendemer	56625	0	45.25	Tennessee	Blount Co.	35.52028	-83.85328	outside_boundary_exact	North Carolina, Swain County	Great Smoky Mountains National Park, Rich Gap, jct of Long Hungry Ridge Trail and Gregory Ridge Trail, ~0.6 mi E of Gregory Bald, ~0.7 mi W of Forge Knob	https://lichenportal.org/portal/collections/individual/index.php?occid=3583748
3583749	NY	03723343	J. C. Lendemer	56624	0	45.25	Tennessee	Blount Co.	35.52028	-83.85328	outside_boundary_exact	North Carolina, Swain County	Great Smoky Mountains National Park, Rich Gap, jct of Long Hungry Ridge Trail and Gregory Ridge Trail, ~0.6 mi E of Gregory Bald, ~0.7 mi W of Forge Knob	https://lichenportal.org/portal/collections/individual/index.php?occid=3583749
3583750	NY	03723344	J. C. Lendemer	56623	0	45.25	Tennessee	Blount Co.	35.52028	-83.85328	outside_boundary_exact	North Carolina, Swain County	Great Smoky Mountains National Park, Rich Gap, jct of Long Hungry Ridge Trail and Gregory Ridge Trail, ~0.6 mi E of Gregory Bald, ~0.7 mi W of Forge Knob	https://lichenportal.org/portal/collections/individual/index.php?occid=3583750
3583751	NY	03723345	J. C. Lendemer	56622	0	45.25	Tennessee	Blount Co.	35.52028	-83.85328	outside_boundary_exact	North Carolina, Swain County	Great Smoky Mountains National Park, Rich Gap, jct of Long Hungry Ridge Trail and Gregory Ridge Trail, ~0.6 mi E of Gregory Bald, ~0.7 mi W of Forge Knob	https://lichenportal.org/portal/collections/individual/index.php?occid=3583751
3583752	NY	03723346	J. C. Lendemer	56621	0	45.25	Tennessee	Blount Co.	35.52028	-83.85328	outside_boundary_exact	North Carolina, Swain County	Great Smoky Mountains National Park, Rich Gap, jct of Long Hungry Ridge Trail and Gregory Ridge Trail, ~0.6 mi E of Gregory Bald, ~0.7 mi W of Forge Knob	https://lichenportal.org/portal/collections/individual/index.php?occid=3583752
3583753	NY	03723347	J. C. Lendemer	56620	0	45.25	Tennessee	Blount Co.	35.52028	-83.85328	outside_boundary_exact	North Carolina, Swain County	Great Smoky Mountains National Park, Rich Gap, jct of Long Hungry Ridge Trail and Gregory Ridge Trail, ~0.6 mi E of Gregory Bald, ~0.7 mi W of Forge Knob	https://lichenportal.org/portal/collections/individual/index.php?occid=3583753
3583754	NY	03723348	J. C. Lendemer	56619	0	45.25	Tennessee	Blount Co.	35.52028	-83.85328	outside_boundary_exact	North Carolina, Swain County	Great Smoky Mountains National Park, Rich Gap, jct of Long Hungry Ridge Trail and Gregory Ridge Trail, ~0.6 mi E of Gregory Bald, ~0.7 mi W of Forge Knob	https://lichenportal.org/portal/collections/individual/index.php?occid=3583754
3583755	NY	03723349	J. C. Lendemer	56618	0	45.25	Tennessee	Blount Co.	35.52028	-83.85328	outside_boundary_exact	North Carolina, Swain County	Great Smoky Mountains National Park, Rich Gap, jct of Long Hungry Ridge Trail and Gregory Ridge Trail, ~0.6 mi E of Gregory Bald, ~0.7 mi W of Forge Knob	https://lichenportal.org/portal/collections/individual/index.php?occid=3583755
4383964	NY	04249814	E. A. Tripp	8266	0	55.77	Tennessee	Monroe Co.	35.37221	-84.0085	outside_boundary_exact	Tennessee, Monroe County	Cherokee National Forest, Unicoi Mountains, Bob Bald, Benton MacKeye Trail/Bob Bald Connector/Trail54A, ~2.6 mi N of Cherohala Skyway/TN165 at Beech Gap	https://lichenportal.org/portal/collections/individual/index.php?occid=4383964
