id	institutionCode	catalogNumber	recordedBy	recordNumber	distance_km	state	county	decimalLatitude	decimalLongitude	status	implied_location	locality	record_link
1573136	UC	UC1992225	Judith Robertson	9665	631.53	California	Sutter	34.344722	-117.013611	outside_boundary_exact	California, San Bernardino County	Sutter Buttes. Trail along Hough Creek	https://lichenportal.org/portal/collections/individual/index.php?occid=1573136
1483234	UC	UC2021660	Mariette S. Cole	10453	388.55	California	Inyo	32.31515	-118.1907	outside_boundary_exact	not_found_in_US	Inyo National Forest, Road F-4 off SR168, Grandview Campground, south of Ancient Bristlecone Pine forest	https://lichenportal.org/portal/collections/individual/index.php?occid=1483234
1602693	UC	UC2021265	Mariette S. Cole	10449	388.55	California	Inyo	32.31515	-118.1907	outside_boundary_exact	not_found_in_US	Inyo National Forest, Road F-4 off SR168, Grandview Campground, south of Ancient Bristlecone Pine forest	https://lichenportal.org/portal/collections/individual/index.php?occid=1602693
1602694	UC	UC2021197	Mariette S. Cole	10451	388.55	California	Inyo	32.31515	-118.1907	outside_boundary_exact	not_found_in_US	Inyo National Forest, Road F-4 off SR168, Grandview Campground, south of Ancient Bristlecone Pine forest	https://lichenportal.org/portal/collections/individual/index.php?occid=1602694
1602700	UC	UC2021266	Mariette S. Cole	10452	388.55	California	Inyo	32.31515	-118.1907	outside_boundary_exact	not_found_in_US	Inyo National Forest, Road F-4 off SR168, Grandview Campground, south of Ancient Bristlecone Pine forest	https://lichenportal.org/portal/collections/individual/index.php?occid=1602700
1611508	UC	UC2020936	Mariette S. Cole	10450	388.55	California	Inyo	32.31515	-118.1907	outside_boundary_exact	not_found_in_US	Inyo National Forest, Road F-4 off SR168, Grandview Campground, south of Ancient Bristlecone Pine forest	https://lichenportal.org/portal/collections/individual/index.php?occid=1611508
1421146	UC	UC1997909	Ronald Robertson	7063	369.38	California	Marin	37.498889	-118.1775	outside_boundary_exact	California, Mono County	University of California White Mountains Research Station, Crooked Creek Facility.	https://lichenportal.org/portal/collections/individual/index.php?occid=1421146
1601577	UC	UC2000680	Ronald Robertson	7068	369.38	California	Marin	37.498889	-118.1775	outside_boundary_exact	California, Mono County	University of California White Mountains Research Station. Crooked Creek Facility.	https://lichenportal.org/portal/collections/individual/index.php?occid=1601577
1483785	UC	UC1942461	George L. Moxley	844	355.71	California	Los Angeles	37.996087	-118.283333	outside_boundary_exact	Nevada, Mineral County	Griffith Park, Los Angeles	https://lichenportal.org/portal/collections/individual/index.php?occid=1483785
1486733	UC	UC1776321	D. H. Norris, J. Shevock	108760	282.74	California	Butte	36.775	-121.76	outside_boundary_exact	California, Monterey County	along Upper Chico Canyon Road in Upper Bidwell Park on north side of creek about 0.5 miles east of transmission lines	https://lichenportal.org/portal/collections/individual/index.php?occid=1486733
1597534	UC	UC1776370	Daniel H. Norris	108775	282.74	California	Butte	36.775	-121.76	outside_boundary_exact	California, Monterey County	along Upper Chico Canyon Road in Upper Bidwell Park on north side of creek about 0.5 miles east of transmission lines	https://lichenportal.org/portal/collections/individual/index.php?occid=1597534
1511368	UC	UC1967794	Judith Robertson	8549	252.53	California	Santa Barbara	36.980833	-122.053889	outside_boundary_exact	California, Santa Cruz County	UCSC Campus; Wooden fence rails by Blacksmith shop	https://lichenportal.org/portal/collections/individual/index.php?occid=1511368
1614054	UC	UC1967667	Judith Robertson	8551	252.53	California	Santa Barbara	36.980833	-122.053889	outside_boundary_exact	California, Santa Cruz County	UCSC Campus; Wooden fence rails by Blacksmith shop	https://lichenportal.org/portal/collections/individual/index.php?occid=1614054
3025718	UC	UC1863576	Kerry Knudsen, Liz Knudsen	5749	223	California	San Bernardino	32.03444	-116.34778	outside_boundary_exact	not_found_in_US	Little San Bernardino Mountains: Joshua Tree National Park: Eureka Peak; Quad Map: Joshua Tree South 7.5' Q	https://lichenportal.org/portal/collections/individual/index.php?occid=3025718
3025731	UC	UC1863761	Kerry Knudsen, Liz Knudsen	5746	223	California	San Bernardino	32.03444	-116.34778	outside_boundary_exact	not_found_in_US	Mojave Desert; Little San Bernardino Mountains: Joshua Tree National Park: Eureka Peak; Quad Map: Joshua Tree South 7.5' Q	https://lichenportal.org/portal/collections/individual/index.php?occid=3025731
1590123	UC	UC2021704	Mariette S. Cole	s.n.	205.7	California	Madera	37.910833	-122.611944	outside_boundary_exact	California, Marin County	Mount Tamalpais, Rock Springs, boulders near parking lot	https://lichenportal.org/portal/collections/individual/index.php?occid=1590123
1550393	UC	UC2020900	Mariette S. Cole	8481	198.55	California	San Diego	35.193333	-115.871667	outside_boundary_exact	California, San Bernardino County	Palomar General Store, intersection of S6 and S7 (State Park Road)	https://lichenportal.org/portal/collections/individual/index.php?occid=1550393
3030036	UC	UC1863696	Kerry Knudsen	6810	193.86	California	Santa Barbara	32.04444	-120.35583	outside_boundary_exact	not_found_in_US	San Miguel Island: trail to Lester Point.; Quad Map: San Miguel Island 7.5' Q.	https://lichenportal.org/portal/collections/individual/index.php?occid=3030036
3031113	UC	UC1863725	Kerry Knudsen	6807	193.86	California	Santa Barbara	32.04444	-120.35583	outside_boundary_exact	not_found_in_US	San Miguel Island: trail to Lester Point.; Quad Map: San Miguel Island 7.5' Q.	https://lichenportal.org/portal/collections/individual/index.php?occid=3031113
3128246	UC	UC1988724	Rikke Reese Naesborg	1468	158.86	California	Santa Cruz	38.5369444	-123.0102389	outside_boundary_exact	California, Sonoma County	Armstrong Redwoods State Natural Reserve, 50 m southwest of Colonel Armstrong Tree parking area	https://lichenportal.org/portal/collections/individual/index.php?occid=3128246
3128247	UC	UC1988725	Rikke Reese Naesborg	1470	158.86	California	Santa Cruz	38.5369444	-123.0102389	outside_boundary_exact	California, Sonoma County	Armstrong Redwoods State Natural Reserve, 50 m southwest of Colonel Armstrong Tree parking area	https://lichenportal.org/portal/collections/individual/index.php?occid=3128247
1650183	UC	UC1986569	Judith Robertson	10094	111.48	California	Alameda	38.805417	-121.694417	outside_boundary_exact	California, Sutter County	Brushy Peak Regional Preserve. 4 miles Northeast of Livermore.	https://lichenportal.org/portal/collections/individual/index.php?occid=1650183
2689447	UC	UC2050362	Charis Bratt	12553	107.64	California	Ventura	35.862767	-119.3977	outside_boundary_exact	California, Tulare County	Ballinger Canyon, off Route 33, south of Route 166, Los Padres National Forest. Beyond campground, before corrals.	https://lichenportal.org/portal/collections/individual/index.php?occid=2689447
1375899	UC	UC1207144	Isabelle Tavares	415	106.08	California	Orange	32.3833333	-117.6	outside_boundary_exact	not_found_in_US	San Clemente Beach State Park	https://lichenportal.org/portal/collections/individual/index.php?occid=1375899
3173585	UC	UC2023856	Rikke Reese Naesborg	1768	99.38	California	Sonoma	37.1916667	-122.2252443	outside_boundary_exact	California, Santa Cruz County	Armstrong Redwoods State Natural Reserve, 75 m northwest of the Redwood Theater	https://lichenportal.org/portal/collections/individual/index.php?occid=3173585
1482419	UC	UC1964488	B. D. Ryan	26779	86.92	California	Madera	36.06667	-119.76667	outside_boundary_exact	California, Kings County	Hwy 41.16 miles South of Coarsegold	https://lichenportal.org/portal/collections/individual/index.php?occid=1482419
1601338	UC	UC1713975	B. D. Ryan	26810	86.92	California	Madera	36.06667	-119.76667	outside_boundary_exact	California, Kings County	16 miles south of Coarsegold	https://lichenportal.org/portal/collections/individual/index.php?occid=1601338
1448142	UC	UC1992941	D. H. Norris, Nancy M. Hillyard	108441	84.59	California	Lassen	41.94	-120.28	outside_boundary_exact	California, Modoc County	Along Juniper Ridge Road east of Termo on land of the Bureau of Land Management.	https://lichenportal.org/portal/collections/individual/index.php?occid=1448142
1563055	UC	UC1946618	D. H. Norris, Nancy M. Hillyard	108440	84.59	California	Lassen	41.94	-120.28	outside_boundary_exact	California, Modoc County	along Juniper Ridge Road east of Termo on land of the Bureau of Land Management	https://lichenportal.org/portal/collections/individual/index.php?occid=1563055
1566380	UC	UC1946801	D. H. Norris, Nancy M. Hillyard	108442	84.59	California	Lassen	41.94	-120.28	outside_boundary_exact	California, Modoc County	along Juniper Ridge Road east of Termo on land of the Bureau of Land Management	https://lichenportal.org/portal/collections/individual/index.php?occid=1566380
1566385	UC	UC1946612	D. H. Norris, Nancy M. Hillyard	108444	84.59	California	Lassen	41.94	-120.28	outside_boundary_exact	California, Modoc County	along Juniper Ridge Road east of Termo on land of the Bureau of Land Management	https://lichenportal.org/portal/collections/individual/index.php?occid=1566385
1571502	UC	UC1946620	D. H. Norris, Nancy M. Hillyard	108449	84.59	California	Lassen	41.94	-120.28	outside_boundary_exact	California, Modoc County	along Juniper Ridge Road east of Termo on land of the Bureau of Land Management	https://lichenportal.org/portal/collections/individual/index.php?occid=1571502
1571592	UC	UC1946711	Nancy M. Hillyard	961	84.59	California	Lassen	41.94	-120.28	outside_boundary_exact	California, Modoc County	Along Juniper Ridge Road east of Termo on land of the Bureau of Land Management.	https://lichenportal.org/portal/collections/individual/index.php?occid=1571592
1615729	UC	UC1992908	D. H. Norris, Nancy M. Hillyard	108438	84.59	California	Lassen	41.94	-120.28	outside_boundary_exact	California, Modoc County	along Juniper Ridge Road east of Termo on land of the Bureau of Land Management	https://lichenportal.org/portal/collections/individual/index.php?occid=1615729
1510480	UC	UC2021069	Mariette S. Cole	10665	70.85	California	Contra Costa	37.086667	-121.931467	outside_boundary_exact	California, Santa Cruz County	Mount Diablo State Park, Rock City Picnic area along South Gate Road	https://lichenportal.org/portal/collections/individual/index.php?occid=1510480
1551741	UC	UC2021958	Mariette S. Cole	10066	70.85	California	Contra Costa	37.08667	-121.93147	outside_boundary_exact	California, Santa Cruz County	Mount Diablo State Park, Rock City Picnic area along South Gate Road	https://lichenportal.org/portal/collections/individual/index.php?occid=1551741
1587057	UC	UC2020919	Mariette S. Cole	10062	70.85	California	Contra Costa	37.08667	-121.93147	outside_boundary_exact	California, Santa Cruz County	Mount Diablo State Park, Rock City Picnic area along South Gate Road	https://lichenportal.org/portal/collections/individual/index.php?occid=1587057
1611808	UC	UC2021989	Mariette S. Cole	10063	70.85	California	Contra Costa	37.08667	-121.93147	outside_boundary_exact	California, Santa Cruz County	Mount Diablo State Park, Rock City Picnic area along South Gate Road	https://lichenportal.org/portal/collections/individual/index.php?occid=1611808
1611811	UC	UC2020941	Mariette S. Cole	10061	70.85	California	Contra Costa	37.08667	-121.93147	outside_boundary_exact	California, Santa Cruz County	Mount Diablo State Park, intersection of North Gate Road, Summit Road, and South Gate Road, behind ranger station	https://lichenportal.org/portal/collections/individual/index.php?occid=1611811
1619477	UC	UC2021013	Mariette S. Cole	11149	70.85	California	Contra Costa	37.08667	-121.93147	outside_boundary_exact	California, Santa Cruz County	Mount Diablo State Park, Rock City Picnic area along South Gate Road.	https://lichenportal.org/portal/collections/individual/index.php?occid=1619477
1483032	UC	UC2012404	D. H. Norris, Nancy M. Hillyard	107964	57.66	California	Modoc	41.263333	-122.14	outside_boundary_exact	California, Siskiyou County	along upper trail above Emerson Campground, South Warner Wilderness of Modoc National Forest	https://lichenportal.org/portal/collections/individual/index.php?occid=1483032
1497245	UC	UC1946610	D. H. Norris, Nancy M. Hillyard	107959	57.66	California	Modoc	41.263333	-122.14	outside_boundary_exact	California, Siskiyou County	along upper trail above Emerson Campground, South Warner Wilderness of Modoc National Forest	https://lichenportal.org/portal/collections/individual/index.php?occid=1497245
1497405	UC	UC1943888	D. H. Norris, Nancy M. Hillyard	107945	57.66	California	Modoc	41.263333	-122.14	outside_boundary_exact	California, Siskiyou County	along upper trail above Emerson Campground, South Warner Wilderness of Modoc National Forest	https://lichenportal.org/portal/collections/individual/index.php?occid=1497405
1497406	UC	UC1943899	D. H. Norris, Nancy M. Hillyard	107939	57.66	California	Modoc	41.263333	-122.14	outside_boundary_exact	California, Siskiyou County	along upper trail above Emerson Campground, South Warner Wilderness of Modoc National Forest	https://lichenportal.org/portal/collections/individual/index.php?occid=1497406
1564885	UC	UC1775725	D. H. Norris, Nancy M. Hillyard	107941	57.66	California	Modoc	41.263333	-122.14	outside_boundary_exact	California, Siskiyou County	along upper trail above Emerson Campground, South Warner Wilderness of Modoc National Forest	https://lichenportal.org/portal/collections/individual/index.php?occid=1564885
1566812	UC	UC1943890	D. H. Norris, Nancy M. Hillyard	107943	57.66	California	Modoc	41.263333	-122.14	outside_boundary_exact	California, Siskiyou County	along upper trail above Emerson Campground, South Warner Wilderness of Modoc National Forest	https://lichenportal.org/portal/collections/individual/index.php?occid=1566812
1568105	UC	UC1946607	D. H. Norris, Nancy M. Hillyard	107936	57.66	California	Modoc	41.263333	-122.14	outside_boundary_exact	California, Siskiyou County	along upper trail above Emerson Campground, South Warner Wilderness of Modoc National Forest	https://lichenportal.org/portal/collections/individual/index.php?occid=1568105
1599119	UC	UC1946609	D. H. Norris, Nancy M. Hillyard	107958	57.66	California	Modoc	41.263333	-122.14	outside_boundary_exact	California, Siskiyou County	along upper trail above Emerson Campground, South Warner Wilderness of Modoc National Forest	https://lichenportal.org/portal/collections/individual/index.php?occid=1599119
1599145	UC	UC1943886	D. H. Norris, Nancy M. Hillyard	107948	57.66	California	Modoc	41.263333	-122.14	outside_boundary_exact	California, Siskiyou County	along upper trail above Emerson Campground, South Warner Wilderness of Modoc National Forest	https://lichenportal.org/portal/collections/individual/index.php?occid=1599145
1599620	UC	UC1943889	D. H. Norris, Nancy M. Hillyard	107944	57.66	California	Modoc	41.263333	-122.14	outside_boundary_exact	California, Siskiyou County	along upper trail above Emerson Campground, South Warner Wilderness of Modoc National Forest	https://lichenportal.org/portal/collections/individual/index.php?occid=1599620
1601334	UC	UC1989351	D. H. Norris, Nancy M. Hillyard	107955	57.66	California	Modoc	41.263333	-122.14	outside_boundary_exact	California, Siskiyou County	along upper trail above Emerson Campground, South Warner Wilderness of Modoc National Forest	https://lichenportal.org/portal/collections/individual/index.php?occid=1601334
1601501	UC	UC1946608	D. H. Norris, Nancy M. Hillyard	107956	57.66	California	Modoc	41.263333	-122.14	outside_boundary_exact	California, Siskiyou County	along upper trail above Emerson Campground, South Warner Wilderness of Modoc National Forest	https://lichenportal.org/portal/collections/individual/index.php?occid=1601501
1611460	UC	UC1943898	D. H. Norris, Nancy M. Hillyard	107940	57.66	California	Modoc	41.263333	-122.14	outside_boundary_exact	California, Siskiyou County	along upper trail above Emerson Campground, South Warner Wilderness of Modoc National Forest	https://lichenportal.org/portal/collections/individual/index.php?occid=1611460
1615705	UC	UC1943885	D. H. Norris, Nancy M. Hillyard	107949	57.66	California	Modoc	41.263333	-122.14	outside_boundary_exact	California, Siskiyou County	along upper trail above Emerson Campground, South Warner Wilderness of Modoc National Forest	https://lichenportal.org/portal/collections/individual/index.php?occid=1615705
1615708	UC	UC1943884	D. H. Norris, Nancy M. Hillyard	107950	57.66	California	Modoc	41.263333	-122.14	outside_boundary_exact	California, Siskiyou County	along upper trail above Emerson Campground, South Warner Wilderness of Modoc National Forest	https://lichenportal.org/portal/collections/individual/index.php?occid=1615708
1650697	UC	UC1943887	D. H. Norris, Nancy M. Hillyard	107947	57.66	California	Modoc	41.263333	-122.14	outside_boundary_exact	California, Siskiyou County	Along upper trail above Emerson Campground, South Warner Wilderness of Modoc National Forest.	https://lichenportal.org/portal/collections/individual/index.php?occid=1650697
1650743	UC	UC1943881	D. H. Norris, Nancy M. Hillyard	107951	57.66	California	Modoc	41.263333	-122.14	outside_boundary_exact	California, Siskiyou County	Along upper trail above Emerson Campground, South Warner Wilderness of Modoc National Forest	https://lichenportal.org/portal/collections/individual/index.php?occid=1650743
1550105	UC	UC1775747	D. H. Norris, Nancy M. Hillyard	108144	55.84	California	Trinity	41.106667	-121.776667	outside_boundary_exact	California, Shasta County	on shores of first Twin Lake in open forest of Pinus murrayana at end of road to Twin Lakes, Shasta-Trinity National Forest.	https://lichenportal.org/portal/collections/individual/index.php?occid=1550105
1568162	UC	UC2021098	Mariette S. Cole	10134	44.25	California	Yuba	39.61875	-120.49	outside_boundary_exact	California, Sierra County	CA 49, Yuba Pass	https://lichenportal.org/portal/collections/individual/index.php?occid=1568162
1576075	UC	UC2022200	Mariette S. Cole	10135	44.25	California	Yuba	39.61875	-120.49	outside_boundary_exact	California, Sierra County	CA 49, Yuba Pass	https://lichenportal.org/portal/collections/individual/index.php?occid=1576075
1575981	UC	UC1799673	Phil Purcell	pep208	42.54	California	Modoc	41.494345	-121.962401	outside_boundary_exact	California, Siskiyou County	Klamath National Forest, Goosenest District	https://lichenportal.org/portal/collections/individual/index.php?occid=1575981
1583838	UC	UC1799708	Phil Purcell	PEP206	42.54	California	Modoc	41.494345	-121.962401	outside_boundary_exact	California, Siskiyou County	Klamath National Forest, Goosenest District	https://lichenportal.org/portal/collections/individual/index.php?occid=1583838
1599583	UC	UC1713973	B. Ryan	24750	42.16	California	Madera	37.38333	-118.61667	outside_boundary_exact	California, Inyo County	Highway 41.19 miles Northwest of Coarsegold.	https://lichenportal.org/portal/collections/individual/index.php?occid=1599583
1625024	UC	UC1512770	Isabelle Tavares, E. S. Huntsman	550c	41.48	California	Ventura	34.4333333	-118.2166667	outside_boundary_exact	California, Los Angeles County	Roadside at Dennison Park, 4.7 miles east of Ojai.	https://lichenportal.org/portal/collections/individual/index.php?occid=1625024
1689855	UC	UC1207113	Isabelle Tavares	550c	41.48	California	Ventura	34.4333333	-118.2166667	outside_boundary_exact	California, Los Angeles County	Dennison Park,4.7 miles east of Ojai	https://lichenportal.org/portal/collections/individual/index.php?occid=1689855
1568543	UC	UC1799923	T. Carlberg	s.n.	41.11	California	Del Norte	41.0741	-124.042068	outside_boundary_exact	California, Humboldt County	Six Rivers National Forest, Gasquet Ranger District, above Spur Creek. Partially Shaded Riparian Valley	https://lichenportal.org/portal/collections/individual/index.php?occid=1568543
2743117	UC	UC2050147	Colin Dillingham	s.n.	40.17	California	Yuba	39.9893	-121.1127	outside_boundary_exact	California, Plumas County	Plumas National FOrest, Mt. Hough Ranger District.	https://lichenportal.org/portal/collections/individual/index.php?occid=2743117
1489805	UC	UC2021148	Mariette S. Cole	10318	38.84	California	Alpine	38.69487	-120.52405	outside_boundary_exact	California, El Dorado County	Grover Hot Springs State Park, Waterfall Trail, Toiyabe National Forest, Road E3 off CA 89 in Markleeville	https://lichenportal.org/portal/collections/individual/index.php?occid=1489805
1566533	UC	UC2021172	Mariette S. Cole	10322	38.84	California	Alpine	38.69487	-120.52405	outside_boundary_exact	California, El Dorado County	Grover Hot Springs State Park, Waterfall Trail, Toiyabe National Forest, Road E3 off CA 89 in Markleeville	https://lichenportal.org/portal/collections/individual/index.php?occid=1566533
1597364	UC	UC2021250	Mariette S. Cole	10320	38.84	California	Alpine	38.69487	-120.52405	outside_boundary_exact	California, El Dorado County	Grover Hot Springs State Park, Waterfall Trail, Toiyabe National Forest, Road E3 off CA 89 in Markleeville	https://lichenportal.org/portal/collections/individual/index.php?occid=1597364
1600149	UC	UC2021328	Mariette S. Cole	10319	38.84	California	Alpine	38.69487	-120.52405	outside_boundary_exact	California, El Dorado County	Grover Hot Springs State Park, Waterfall Trail, Toiyabe National Forest, Road E3 off CA 89 in Markleeville	https://lichenportal.org/portal/collections/individual/index.php?occid=1600149
1600220	UC	UC2021329	Mariette S. Cole	10323	38.84	California	Alpine	38.69487	-120.52405	outside_boundary_exact	California, El Dorado County	Grover Hot Springs State Park, Waterfall Trail, Toiyabe National Forest, Road E3 off CA 89 in Markleeville	https://lichenportal.org/portal/collections/individual/index.php?occid=1600220
1503188	UC	UC2004432	Ronald Robertson	s.n.	31.38	California	Marin	38.601015	-122.925088	outside_boundary_exact	California, Sonoma County	Point Reyes peninsula Rock outcrops about 1.5 miles southeast of Kehoe Beach trailhead on road to McClure's Beach	https://lichenportal.org/portal/collections/individual/index.php?occid=1503188
1479365	UC	UC1768132	D. H. Norris, Nancy M. Hillyard	105204	29.79	California	Siskiyou	40.836667	-122.63	outside_boundary_exact	California, Shasta County	at McBride Campground on west slopes of Mount Shasta, Klamath National Forest.	https://lichenportal.org/portal/collections/individual/index.php?occid=1479365
1483963	UC	UC1946458	D. H. Norris, Nancy M. Hillyard	105198	29.79	California	Siskiyou	40.836667	-122.63	outside_boundary_exact	California, Shasta County	at McBride Campground on west slopes of Mount Shasta, Klamath National Forest	https://lichenportal.org/portal/collections/individual/index.php?occid=1483963
1439326	UC	UC1997726	Judith Robertson	8869	27.37	California	Modoc	40.939717	-120.278217	outside_boundary_exact	California, Lassen County	Approx. 10 mi east of Termo	https://lichenportal.org/portal/collections/individual/index.php?occid=1439326
1481078	UC	UC1743587	Judith Robertson	8868	27.37	California	Modoc	40.939717	-120.278217	outside_boundary_exact	California, Lassen County	Approximately 10 miles east of Termo	https://lichenportal.org/portal/collections/individual/index.php?occid=1481078
1497271	UC	UC1743573	Judith Robertson	8880	27.37	California	Modoc	40.939717	-120.278217	outside_boundary_exact	California, Lassen County	Approximately 10 miles east of Termo	https://lichenportal.org/portal/collections/individual/index.php?occid=1497271
1562003	UC	UC1967468	Judith Robertson	8842	27.37	California	Modoc	40.939717	-120.278217	outside_boundary_exact	California, Lassen County	Approximately 10 miles East of Termo	https://lichenportal.org/portal/collections/individual/index.php?occid=1562003
1562023	UC	UC1968842	Judith Robertson	8871	27.37	California	Modoc	40.939717	-120.278217	outside_boundary_exact	California, Lassen County	Approximately 10 miles east of Termo	https://lichenportal.org/portal/collections/individual/index.php?occid=1562023
1562024	UC	UC1968845	Judith Robertson	8879	27.37	California	Modoc	40.939717	-120.278217	outside_boundary_exact	California, Lassen County	Approximately 10 miles East of Termo	https://lichenportal.org/portal/collections/individual/index.php?occid=1562024
1563045	UC	UC1967471	Judith Robertson	8872	27.37	California	Modoc	40.939717	-120.278217	outside_boundary_exact	California, Lassen County	Approximately 10 miles east of Termo	https://lichenportal.org/portal/collections/individual/index.php?occid=1563045
1563050	UC	UC1967467	Judith Robertson	8875	27.37	California	Modoc	40.939717	-120.278217	outside_boundary_exact	California, Lassen County	Approximately 10 miles east of Termo	https://lichenportal.org/portal/collections/individual/index.php?occid=1563050
1563064	UC	UC1967470	Judith Robertson	8875b	27.37	California	Modoc	40.939717	-120.278217	outside_boundary_exact	California, Lassen County	Approximately 10 miles east of Termo	https://lichenportal.org/portal/collections/individual/index.php?occid=1563064
1564994	UC	UC1967472	Judith Robertson	8876b	27.37	California	Modoc	40.939717	-120.278217	outside_boundary_exact	California, Lassen County	Approximately 10 miles east of Termo	https://lichenportal.org/portal/collections/individual/index.php?occid=1564994
1565100	UC	UC1967469	Judith Robertson	8876	27.37	California	Modoc	40.939717	-120.278217	outside_boundary_exact	California, Lassen County	Approximately 10 miles east of Termo	https://lichenportal.org/portal/collections/individual/index.php?occid=1565100
1567390	UC	UC1967475	Judith Robertson	8870	27.37	California	Modoc	40.939717	-120.278217	outside_boundary_exact	California, Lassen County	Approximately 10 miles east of Termo	https://lichenportal.org/portal/collections/individual/index.php?occid=1567390
1569847	UC	UC1967483	Judith Robertson	8877	27.37	California	Modoc	40.939717	-120.278217	outside_boundary_exact	California, Lassen County	Approximately 10 miles east of Termo	https://lichenportal.org/portal/collections/individual/index.php?occid=1569847
1571450	UC	UC1875531	Judith Robertson	8866	27.37	California	Modoc	40.939717	-120.278217	outside_boundary_exact	California, Lassen County	Approx. 10 mi east of Termo	https://lichenportal.org/portal/collections/individual/index.php?occid=1571450
1571453	UC	UC1967491	Judith Robertson	8866	27.37	California	Modoc	40.939717	-120.278217	outside_boundary_exact	California, Lassen County	Approximately 10 miles east of Termo	https://lichenportal.org/portal/collections/individual/index.php?occid=1571453
1605777	UC	UC1967458	Judith Robertson	8882	27.37	California	Modoc	40.939717	-120.278217	outside_boundary_exact	California, Lassen County	Approximately 10 miles east of Termo	https://lichenportal.org/portal/collections/individual/index.php?occid=1605777
1621988	UC	UC1967199	Judith Robertson	8878	27.37	California	Modoc	40.939717	-120.278217	outside_boundary_exact	California, Lassen County	Approximately 10 miles east of Termo	https://lichenportal.org/portal/collections/individual/index.php?occid=1621988
1645814	UC	UC1967187	Judith Robertson	8862	27.37	California	Modoc	40.939717	-120.278217	outside_boundary_exact	California, Lassen County	Approximately 10 miles East of Termo	https://lichenportal.org/portal/collections/individual/index.php?occid=1645814
1489636	UC	UC1799586	Melissa Brooks	10002MB7	24.16	California	Humboldt	40.05793	-123.258654	outside_boundary_exact	California, Trinity County	Six Rivers National Forest, Mad River District	https://lichenportal.org/portal/collections/individual/index.php?occid=1489636
1579933	UC	UC1799706	Melissa Brooks	10002MB3	24.16	California	Humboldt	40.05793	-123.258654	outside_boundary_exact	California, Trinity County	Six Rivers National Forest, Mad River District	https://lichenportal.org/portal/collections/individual/index.php?occid=1579933
1643799	UC	UC1799998	Melissa Brooks	10002MB4	24.16	California	Humboldt	40.05793	-123.258654	outside_boundary_exact	California, Trinity County	Six Rivers National Forest, Mad River District	https://lichenportal.org/portal/collections/individual/index.php?occid=1643799
1420521	UC	UC1986848	Ronald Robertson	7072b	23.53	California	Mono	37.253333	-118.011944	outside_boundary_exact	California, Inyo County	Westgard Pass	https://lichenportal.org/portal/collections/individual/index.php?occid=1420521
1420523	UC	UC1986850	Ronald Robertson	7072a	23.53	California	Mono	37.253333	-118.011944	outside_boundary_exact	California, Inyo County	Westgard Pass, Hwy 168.	https://lichenportal.org/portal/collections/individual/index.php?occid=1420523
1421109	UC	UC2006170	Ronald Robertson	7070c	23.53	California	Mono	37.253333	-118.011944	outside_boundary_exact	California, Inyo County	Westgard Pass.	https://lichenportal.org/portal/collections/individual/index.php?occid=1421109
1421110	UC	UC2006171	Ronald Robertson	7069	23.53	California	Mono	37.253333	-118.011944	outside_boundary_exact	California, Inyo County	Westgard Pass	https://lichenportal.org/portal/collections/individual/index.php?occid=1421110
1421111	UC	UC2006172	Ronald Robertson	7070a	23.53	California	Mono	37.253333	-118.011944	outside_boundary_exact	California, Inyo County	Westgard Pass	https://lichenportal.org/portal/collections/individual/index.php?occid=1421111
1421123	UC	UC2006175	Ronald Robertson	7070b	23.53	California	Mono	37.253333	-118.011944	outside_boundary_exact	California, Inyo County	Westgard Pass	https://lichenportal.org/portal/collections/individual/index.php?occid=1421123
1421135	UC	UC2006178	Ronald Robertson	7073	23.53	California	Mono	37.253333	-118.011944	outside_boundary_exact	California, Inyo County	Westgard Pass	https://lichenportal.org/portal/collections/individual/index.php?occid=1421135
1422775	UC	UC2005763	Ronald Robertson	7075	23.53	California	Mono	37.253333	-118.011944	outside_boundary_exact	California, Inyo County	Westgard Pass	https://lichenportal.org/portal/collections/individual/index.php?occid=1422775
1425474	UC	UC2005778	Ronald Robertson	7071	23.53	California	Mono	37.253333	-118.011944	outside_boundary_exact	California, Inyo County	Westgard Pass	https://lichenportal.org/portal/collections/individual/index.php?occid=1425474
1631182	UC	UC2000631	Ronald Robertson	7067	23.53	California	Mono	37.253333	-118.011944	outside_boundary_exact	California, Inyo County	Westgard Pass	https://lichenportal.org/portal/collections/individual/index.php?occid=1631182
1599618	UC	UC1713998	B. Ryan	24363	23.45	California	Tuolumne	38.133333	-119.066667	outside_boundary_exact	California, Mono County	Winter Sports Area. N of Hwy 108.5 km SW of Fraser Flat Campground	https://lichenportal.org/portal/collections/individual/index.php?occid=1599618
1561806	UC	UC1940982	B. Ryan	24402	22.79	California	Tuolumne	38.13333	-119.075	outside_boundary_exact	California, Mono County	Winter Sports Area, North of Highway 108.5 kilometers Southwest of Fraser Flat Campground	https://lichenportal.org/portal/collections/individual/index.php?occid=1561806
1561968	UC	UC1714051	B. Ryan	24350	22.79	California	Tuolumne	38.13333	-119.075	outside_boundary_exact	California, Mono County	Winter Sports Area, North of Hwy 108.5 kilometers Southwest of Fraser Flat Campground.	https://lichenportal.org/portal/collections/individual/index.php?occid=1561968
1587105	UC	UC1799751	Matt Richmond	1013MR1	22.77	California	Del Norte	41.855112	-123.2892244	outside_boundary_exact	California, Siskiyou County	Six Rivers National Forest, Smith River District	https://lichenportal.org/portal/collections/individual/index.php?occid=1587105
1583833	UC	UC2012536	Nancy M. Hillyard	555	20.13	California	Siskiyou	41.005	-122.535	outside_boundary_exact	California, Shasta County	Along upper reaches of Eddy Creek at Tamarack Flat on northeast slopes of Mount Eddy in Shasta-Trinity National Forest	https://lichenportal.org/portal/collections/individual/index.php?occid=1583833
1712963	UC	UC2022470	Stephen Sharnoff	1813a.15	19.72	California	Kern	35.966667	-118.866667	outside_boundary_exact	California, Tulare County	Along Kern River Canyon Road, between Bodfish and California highway 178	https://lichenportal.org/portal/collections/individual/index.php?occid=1712963
1483223	UC	UC2021669	Mariette S. Cole	9660	18.12	California	Lassen	41.34602	-120.92058	outside_boundary_exact	California, Modoc County	Calocedrus decurrens and Pinus jeffreyi at Adin Pass on CA 299 between Adin and Bieber	https://lichenportal.org/portal/collections/individual/index.php?occid=1483223
1551720	UC	UC2022050	Mariette S. Cole	9655	18.12	California	Lassen	41.346017	-120.920583	outside_boundary_exact	California, Modoc County	Calocedrus decurrens and Pinus jeffreyi at Adin Pass on California 299 between Adin and Bieber	https://lichenportal.org/portal/collections/individual/index.php?occid=1551720
1568166	UC	UC2021096	Mariette S. Cole	9656	18.12	California	Lassen	41.34602	-120.92058	outside_boundary_exact	California, Modoc County	Calocedrus decurrens and Pinus jeffreyi at Adin Pass on CA 299 between Adin and Bieber	https://lichenportal.org/portal/collections/individual/index.php?occid=1568166
1568175	UC	UC2021094	Mariette S. Cole	9657	18.12	California	Lassen	41.34602	-120.92058	outside_boundary_exact	California, Modoc County	Calocedrus decurrens and Pinus jeffreyi at Adin Pass on CA 299 between Adin and Bieber	https://lichenportal.org/portal/collections/individual/index.php?occid=1568175
1571488	UC	UC2021873	Mariette S. Cole	9653	18.12	California	Lassen	41.34602	-120.92058	outside_boundary_exact	California, Modoc County	Calocedrus decurrens and Pinus jeffreyi at Adin Pass on CA 299 between Adin and Bieber	https://lichenportal.org/portal/collections/individual/index.php?occid=1571488
1626550	UC	UC2021559	Mariette S. Cole	9654	18.12	California	Lassen	41.34602	-120.92058	outside_boundary_exact	California, Modoc County	Calocedrus decurrens and Pinus jeffreyi at Adin Pass on CA 299 between Adin and Bieber	https://lichenportal.org/portal/collections/individual/index.php?occid=1626550
1510438	UC	UC1799578	C. Carpenter	08-025-CMC-1	13.49	California	Mendocino	39.376766	-122.879172	outside_boundary_exact	California, Lake County	Mendocino National Forest, Upper Lake District.	https://lichenportal.org/portal/collections/individual/index.php?occid=1510438
1650601	UC	UC2003137	Nancy M. Hillyard	960	12.38	California	Modoc	41.0736	-120.729817	outside_boundary_exact	California, Lassen County	Patterson Campground. Juniper woodland, among lava rocks.	https://lichenportal.org/portal/collections/individual/index.php?occid=1650601
1652380	UC	UC2020952	Mariette S. Cole	8359	12.34	California	Merced	36.859167	-120.516667	outside_boundary_exact	California, Fresno County	Rest stop, southbound Highway 5 at Fresno County line, Fraxinus sp. planted in parking lot	https://lichenportal.org/portal/collections/individual/index.php?occid=1652380
1436478	UC	UC1997718	Judith Robertson	8830	11.98	California	Modoc	41.076944	-120.658333	outside_boundary_exact	California, Lassen County	11 miles west of Madeline	https://lichenportal.org/portal/collections/individual/index.php?occid=1436478
1439325	UC	UC1997725	Judith Robertson	8831	11.98	California	Modoc	41.076944	-120.658333	outside_boundary_exact	California, Lassen County	11 miles west of Madeline	https://lichenportal.org/portal/collections/individual/index.php?occid=1439325
1478670	UC	UC1743597	Judith Robertson	8829	11.98	California	Modoc	41.076944	-120.658333	outside_boundary_exact	California, Lassen County	11 miles west of Madeline	https://lichenportal.org/portal/collections/individual/index.php?occid=1478670
1483960	UC	UC1743580	Judith Robertson	8808b	11.98	California	Modoc	41.076944	-120.658333	outside_boundary_exact	California, Lassen County	11 miles west of Madeline	https://lichenportal.org/portal/collections/individual/index.php?occid=1483960
1566378	UC	UC1967474	Judith Robertson, Robert Robertson	8813	11.98	California	Modoc	41.076944	-120.658333	outside_boundary_exact	California, Lassen County	11 miles west of Madeline	https://lichenportal.org/portal/collections/individual/index.php?occid=1566378
1567376	UC	UC1967477	Judith Robertson	8824b	11.98	California	Modoc	41.076944	-120.658333	outside_boundary_exact	California, Lassen County	11 miles west of Madeline	https://lichenportal.org/portal/collections/individual/index.php?occid=1567376
1567377	UC	UC1967476	Judith Robertson	8824a	11.98	California	Modoc	41.076944	-120.658333	outside_boundary_exact	California, Lassen County	11 miles west of Madeline	https://lichenportal.org/portal/collections/individual/index.php?occid=1567377
1567393	UC	UC1967478	Judith Robertson	8809	11.98	California	Modoc	41.076944	-120.658333	outside_boundary_exact	California, Lassen County	11 miles west of Madeline	https://lichenportal.org/portal/collections/individual/index.php?occid=1567393
1570605	UC	UC1967486	Judith Robertson	8805	11.98	California	Modoc	41.076944	-120.658333	outside_boundary_exact	California, Lassen County	11 miles west of Madeline	https://lichenportal.org/portal/collections/individual/index.php?occid=1570605
1570608	UC	UC1967484	Judith Robertson	8822b	11.98	California	Modoc	41.076944	-120.658333	outside_boundary_exact	California, Lassen County	11 miles West of Madeline	https://lichenportal.org/portal/collections/individual/index.php?occid=1570608
1570609	UC	UC1967485	Judith Robertson	8822a	11.98	California	Modoc	41.076944	-120.658333	outside_boundary_exact	California, Lassen County	11 miles west of Madeline	https://lichenportal.org/portal/collections/individual/index.php?occid=1570609
1571441	UC	UC1967489	Judith Robertson	8810	11.98	California	Modoc	41.076944	-120.658333	outside_boundary_exact	California, Lassen County	11 miles west of Madeline	https://lichenportal.org/portal/collections/individual/index.php?occid=1571441
1596353	UC	UC1986101	Judith Robertson	8811	11.98	California	Modoc	41.076944	-120.658333	outside_boundary_exact	California, Lassen County	11 miles west of Madeline	https://lichenportal.org/portal/collections/individual/index.php?occid=1596353
1596379	UC	UC2004404	Judith Robertson	8812	11.98	California	Modoc	41.076944	-120.658333	outside_boundary_exact	California, Lassen County	11 miles west of Madeline	https://lichenportal.org/portal/collections/individual/index.php?occid=1596379
1596381	UC	UC1998096	Judith Robertson	8813	11.98	California	Modoc	41.076944	-120.658333	outside_boundary_exact	California, Lassen County	11 miles west of Madeline	https://lichenportal.org/portal/collections/individual/index.php?occid=1596381
1596383	UC	UC2004403	Judith Robertson	8812	11.98	California	Modoc	41.076944	-120.658333	outside_boundary_exact	California, Lassen County	11 miles west of Madeline	https://lichenportal.org/portal/collections/individual/index.php?occid=1596383
1599590	UC	UC1967273	Judith Robertson	8825c	11.98	California	Modoc	41.076944	-120.658333	outside_boundary_exact	California, Lassen County	11 miles west of Madeline	https://lichenportal.org/portal/collections/individual/index.php?occid=1599590
1599591	UC	UC1967272	Judith Robertson	8825b	11.98	California	Modoc	41.076944	-120.658333	outside_boundary_exact	California, Lassen County	11 miles west of Madeline	https://lichenportal.org/portal/collections/individual/index.php?occid=1599591
1599604	UC	UC1967271	Judith Robertson	8825a	11.98	California	Modoc	41.076944	-120.658333	outside_boundary_exact	California, Lassen County	11 miles west of Madeline	https://lichenportal.org/portal/collections/individual/index.php?occid=1599604
1599623	UC	UC1967259	Judith Robertson	8814	11.98	California	Modoc	41.076944	-120.658333	outside_boundary_exact	California, Lassen County	11 miles west of Madeline	https://lichenportal.org/portal/collections/individual/index.php?occid=1599623
1601286	UC	UC1967261	Judith Robertson	8820	11.98	California	Modoc	41.076944	-120.658333	outside_boundary_exact	California, Lassen County	11 miles west of Madeline	https://lichenportal.org/portal/collections/individual/index.php?occid=1601286
1609461	UC	UC1967165	Judith Robertson	8828	11.98	California	Modoc	41.076944	-120.658333	outside_boundary_exact	California, Lassen County	11 miles west of Madeline	https://lichenportal.org/portal/collections/individual/index.php?occid=1609461
1611535	UC	UC1967172	Judith Robertson	8807	11.98	California	Modoc	41.076944	-120.658333	outside_boundary_exact	California, Lassen County	11 miles west of Madeline	https://lichenportal.org/portal/collections/individual/index.php?occid=1611535
1611610	UC	UC1967174	Judith Robertson	8832	11.98	California	Modoc	41.076944	-120.658333	outside_boundary_exact	California, Lassen County	11 miles west of Madeline	https://lichenportal.org/portal/collections/individual/index.php?occid=1611610
1611611	UC	UC1967175	Judith Robertson	8819	11.98	California	Modoc	41.076944	-120.658333	outside_boundary_exact	California, Lassen County	11 miles west of Madeline	https://lichenportal.org/portal/collections/individual/index.php?occid=1611611
1630600	UC	UC1967219	Judith Robertson	8821	11.98	California	Modoc	41.076944	-120.658333	outside_boundary_exact	California, Lassen County	11 miles west of Madeline	https://lichenportal.org/portal/collections/individual/index.php?occid=1630600
1630603	UC	UC1967220	Judith Robertson	8798b	11.98	California	Modoc	41.076944	-120.658333	outside_boundary_exact	California, Lassen County	11 miles west of Madeline	https://lichenportal.org/portal/collections/individual/index.php?occid=1630603
1630625	UC	UC1967218	Judith Robertson	8798	11.98	California	Modoc	41.076944	-120.658333	outside_boundary_exact	California, Lassen County	11 miles west of Madeline	https://lichenportal.org/portal/collections/individual/index.php?occid=1630625
1631032	UC	UC1967205	Judith Robertson	8817a	11.98	California	Modoc	41.076944	-120.658333	outside_boundary_exact	California, Lassen County	11 miles west of Madeline	https://lichenportal.org/portal/collections/individual/index.php?occid=1631032
1631040	UC	UC1967206	Judith Robertson	8817b	11.98	California	Modoc	41.076944	-120.658333	outside_boundary_exact	California, Lassen County	11 miles west of Madeline	https://lichenportal.org/portal/collections/individual/index.php?occid=1631040
1631052	UC	UC1967207	Judith Robertson	8799	11.98	California	Modoc	41.076944	-120.658333	outside_boundary_exact	California, Lassen County	11 miles west of Madeline	https://lichenportal.org/portal/collections/individual/index.php?occid=1631052
1631075	UC	UC2000698	Judith Robertson	8799b	11.98	California	Modoc	41.076944	-120.658333	outside_boundary_exact	California, Lassen County	11 miles west of Madeline	https://lichenportal.org/portal/collections/individual/index.php?occid=1631075
1645721	UC	UC1967188	Judith Robertson	8816	11.98	California	Modoc	41.076944	-120.658333	outside_boundary_exact	California, Lassen County	11 miles west of Madeline	https://lichenportal.org/portal/collections/individual/index.php?occid=1645721
1476271	UC	UC1800273	H. Kelly	14-272-HK1	11.83	California	Siskiyou	40.89888	-123.0119553698	outside_boundary_exact	California, Trinity County	Shasta Trinity National Forest, McCloud District	https://lichenportal.org/portal/collections/individual/index.php?occid=1476271
1418097	UC	UC1967543	Ronald Robertson	8585	11.06	California	Contra Costa	37.880556	-121.413611	outside_boundary_exact	California, San Joaquin County	Mount Diablo State Park; trail to North Peak	https://lichenportal.org/portal/collections/individual/index.php?occid=1418097
1436580	UC	UC2005607	Judith Robertson, Robert Robertson	8367	11.06	California	Contra Costa	37.880556	-121.413611	outside_boundary_exact	California, San Joaquin County	Mount Diablo State Park. Trail to North Peak.	https://lichenportal.org/portal/collections/individual/index.php?occid=1436580
1479902	UC	UC1967064	Judith Robertson, Robert Robertson	8364	11.06	California	Contra Costa	37.880556	-121.413611	outside_boundary_exact	California, San Joaquin County	Mount Diablo State Park. Trail to North Peak.	https://lichenportal.org/portal/collections/individual/index.php?occid=1479902
1481015	UC	UC1975318	Judith Robertson, Robert Robertson	8370	11.06	California	Contra Costa	37.880556	-121.413611	outside_boundary_exact	California, San Joaquin County	Mount Diablo State Park. Trail to North Peak.	https://lichenportal.org/portal/collections/individual/index.php?occid=1481015
1495672	UC	UC1968193	Judith Robertson, Robert Robertson	8360	11.06	California	Contra Costa	37.880556	-121.413611	outside_boundary_exact	California, San Joaquin County	Mount Diablo State Park. Trail to North Peak.	https://lichenportal.org/portal/collections/individual/index.php?occid=1495672
1498697	UC	UC1975273	Judith Robertson, Robert Robertson	8365	11.06	California	Contra Costa	37.880556	-121.413611	outside_boundary_exact	California, San Joaquin County	Mount Diablo State Park Trail to North Peak	https://lichenportal.org/portal/collections/individual/index.php?occid=1498697
1626117	UC	UC1967605	Judith Robertson, Robert Robertson	8366	11.06	California	Contra Costa	37.880556	-121.413611	outside_boundary_exact	California, San Joaquin County	Mount Diablo State Park, Trail to North Peak	https://lichenportal.org/portal/collections/individual/index.php?occid=1626117
1573358	UC	UC1799778	C. Carpenter	08-015-CMC-3	10.33	California	Mendocino	39.279789	-122.877495	outside_boundary_exact	California, Lake County	Mendocino National Forest, Upper Lake District.	https://lichenportal.org/portal/collections/individual/index.php?occid=1573358
1475741	UC	UC1943735	D. H. Norris, Nancy M. Hillyard	106672	10.22	California	Siskiyou	41.091667	-122.121667	outside_boundary_exact	California, Shasta County	Canyon along McCloud River from headquarters of McCloud River Reserve of The Nature Conservancy to about one mile downstream	https://lichenportal.org/portal/collections/individual/index.php?occid=1475741
1475746	UC	UC1943792	D. H. Norris, Nancy M. Hillyard	106614	10.22	California	Siskiyou	41.091667	-122.121667	outside_boundary_exact	California, Shasta County	Along McCloud River from headquarters of McCloud River Reserve of The Nature Conservancy to about one mile downstream	https://lichenportal.org/portal/collections/individual/index.php?occid=1475746
1480108	UC	UC1943810	D. H. Norris, Nancy M. Hillyard	106650	10.22	California	Siskiyou	41.091667	-122.121667	outside_boundary_exact	California, Shasta County	Along McCloud River from headquarters of McCloud River Reserve of The Nature Conservancy to about one mile downstream.	https://lichenportal.org/portal/collections/individual/index.php?occid=1480108
1484342	UC	UC2012475	D. H. Norris, Nancy M. Hillyard	106641A	10.22	California	Siskiyou	41.091667	-122.121667	outside_boundary_exact	California, Shasta County	Aong McCloud River from headquarters of McCloud River Reserve of The Nature Conservancy to about one mile downstream	https://lichenportal.org/portal/collections/individual/index.php?occid=1484342
1487020	UC	UC2012474	D. H. Norris, Nancy M. Hillyard	106634B	10.22	California	Siskiyou	41.091667	-122.121667	outside_boundary_exact	California, Shasta County	Along McCloud River from headquarters of McCloud River Reserve of The Nature Conservancy to about one mile downstream	https://lichenportal.org/portal/collections/individual/index.php?occid=1487020
1487459	UC	UC1943734	D. H. Norris, Nancy M. Hillyard	106663	10.22	California	Siskiyou	41.091667	-122.121667	outside_boundary_exact	California, Shasta County	Canyon along McCloud River from headquarters of McCloud River Reserve of The Nature Conservancy to about one mile downstream	https://lichenportal.org/portal/collections/individual/index.php?occid=1487459
1488242	UC	UC1943817	D. H. Norris, Nancy M. Hillyard	106640B	10.22	California	Siskiyou	41.091667	-122.121667	outside_boundary_exact	California, Shasta County	Along McCloud River from headquarters of McCloud River Reserve of The Nature Conservancy to about one mile downstream	https://lichenportal.org/portal/collections/individual/index.php?occid=1488242
1488243	UC	UC2012600	D. H. Norris, Nancy M. Hillyard	106634A	10.22	California	Siskiyou	41.091667	-122.121667	outside_boundary_exact	California, Shasta County	Along McCloud River from headquarters of McCloud River Reserve of The Nature Conservancy to about one mile downstream	https://lichenportal.org/portal/collections/individual/index.php?occid=1488243
1489231	UC	UC1943818	D. H. Norris, Nancy M. Hillyard	106640A	10.22	California	Siskiyou	41.091667	-122.121667	outside_boundary_exact	California, Shasta County	Along McCloud River from headquarters of McCloud River Reserve of The Nature Conservancy to about one mile downstream	https://lichenportal.org/portal/collections/individual/index.php?occid=1489231
1489684	UC	UC1943801	D. H. Norris, Nancy M. Hillyard	106603	10.22	California	Siskiyou	41.091667	-122.121667	outside_boundary_exact	California, Shasta County	Along McCloud River from headquarters of McCloud River Reserve of The Nature Conservancy to about one mile downstream	https://lichenportal.org/portal/collections/individual/index.php?occid=1489684
1510341	UC	UC1943803	D. H. Norris, Nancy M. Hillyard	106658	10.22	California	Siskiyou	41.091667	-122.121667	outside_boundary_exact	California, Shasta County	Moist canyon along McCloud River from headquarters of McCloud River Reserve of The Nature Conservancy to about one mile downstream	https://lichenportal.org/portal/collections/individual/index.php?occid=1510341
1510343	UC	UC1943784	D. H. Norris, Nancy M. Hillyard	106623	10.22	California	Siskiyou	41.091667	-122.121667	outside_boundary_exact	California, Shasta County	Moist canyon along McCloud River from headquarters of McCloud River Reserve of The Nature Conservancy to about one mile downstream	https://lichenportal.org/portal/collections/individual/index.php?occid=1510343
1510346	UC	UC1943788	D. H. Norris, Nancy M. Hillyard	106619	10.22	California	Siskiyou	41.091667	-122.121667	outside_boundary_exact	California, Shasta County	Moist canyon along McCloud River from headquarters of McCloud River Reserve of The Nature Conservancy to about one mile downstream	https://lichenportal.org/portal/collections/individual/index.php?occid=1510346
1510351	UC	UC1943809	D. H. Norris, Nancy M. Hillyard	106651	10.22	California	Siskiyou	41.091667	-122.121667	outside_boundary_exact	California, Shasta County	Moist canyon along McCloud River from headquarters of McCloud River Reserve of The Nature Conservancy to about one mile downstream.	https://lichenportal.org/portal/collections/individual/index.php?occid=1510351
1510353	UC	UC1943730	D. H. Norris, Nancy M. Hillyard	106674	10.22	California	Siskiyou	41.091667	-122.121667	outside_boundary_exact	California, Shasta County	Moist canyon along McCloud River from headquarters of McCloud River Reserve of The Nature Conservancy to about one mile downstream.	https://lichenportal.org/portal/collections/individual/index.php?occid=1510353
1510503	UC	UC1943781	D. H. Norris, Nancy M. Hillyard	106626	10.22	California	Siskiyou	41.091667	-122.121667	outside_boundary_exact	California, Shasta County	Moist canyon along McCloud River from headquarters of McCloud River Reserve of The Nature Conservancy to about one mile downstream	https://lichenportal.org/portal/collections/individual/index.php?occid=1510503
1510512	UC	UC1943789	D. H. Norris, Nancy M. Hillyard	106617	10.22	California	Siskiyou	41.091667	-122.121667	outside_boundary_exact	California, Shasta County	Moist canyon along McCloud River from headquarters of McCloud River Reserve of The Nature Conservancy to about one mile downstream	https://lichenportal.org/portal/collections/individual/index.php?occid=1510512
1510593	UC	UC1943733	D. H. Norris, Nancy M. Hillyard	106673	10.22	California	Siskiyou	41.091667	-122.121667	outside_boundary_exact	California, Shasta County	canyon along McCloud River from headquarters of McCloud River Reserve of The Nature Conservancy to about one mile downstream	https://lichenportal.org/portal/collections/individual/index.php?occid=1510593
1550399	UC	UC1943824	D. H. Norris, Nancy M. Hillyard	106633	10.22	California	Siskiyou	41.091667	-122.121667	outside_boundary_exact	California, Shasta County	Moist canyon along McCloud River from headquarters of McCloud River Reserve of The Nature Conservancy to about one mile downstream	https://lichenportal.org/portal/collections/individual/index.php?occid=1550399
1550420	UC	UC1943796	D. H. Norris, Nancy M. Hillyard	106609	10.22	California	Siskiyou	41.091667	-122.121667	outside_boundary_exact	California, Shasta County	Moist canyon along McCloud River from headquarters of McCloud River Reserve of The Nature Conservancy to about one mile downstream	https://lichenportal.org/portal/collections/individual/index.php?occid=1550420
1550422	UC	UC1943797	D. H. Norris, Nancy M. Hillyard	106608	10.22	California	Siskiyou	41.091667	-122.121667	outside_boundary_exact	California, Shasta County	Moist canyon along McCloud River from headquarters of McCloud River Reserve of The Nature Conservancy to about one mile downstream	https://lichenportal.org/portal/collections/individual/index.php?occid=1550422
1550424	UC	UC1943816	D. H. Norris, Nancy M. Hillyard	106642	10.22	California	Siskiyou	41.091667	-122.121667	outside_boundary_exact	California, Shasta County	Moist canyon along McCloud River from headquarters of McCloud River Reserve of The Nature Conservancy to about one mile downstream	https://lichenportal.org/portal/collections/individual/index.php?occid=1550424
1550425	UC	UC1943822	D. H. Norris, Nancy M. Hillyard	106636	10.22	California	Siskiyou	41.091667	-122.121667	outside_boundary_exact	California, Shasta County	Moist canyon along McCloud River from headquarters of McCloud River Reserve of The Nature Conservancy to about one mile downstream	https://lichenportal.org/portal/collections/individual/index.php?occid=1550425
1550428	UC	UC1943778	D. H. Norris, Nancy M. Hillyard	106629	10.22	California	Siskiyou	41.091667	-122.121667	outside_boundary_exact	California, Shasta County	Moist canyon along McCloud River from headquarters of McCloud River Reserve of The Nature Conservancy to about one mile downstream	https://lichenportal.org/portal/collections/individual/index.php?occid=1550428
1550430	UC	UC1943799	D. H. Norris, Nancy M. Hillyard	106606	10.22	California	Siskiyou	41.091667	-122.121667	outside_boundary_exact	California, Shasta County	Moist canyon along McCloud River from headquarters of McCloud River Reserve of The Nature Conservancy to about one mile downstream	https://lichenportal.org/portal/collections/individual/index.php?occid=1550430
1550431	UC	UC1943819	D. H. Norris, Nancy M. Hillyard	106639	10.22	California	Siskiyou	41.091667	-122.121667	outside_boundary_exact	California, Shasta County	Moist canyon along McCloud River from headquarters of McCloud River Reserve of The Nature Conservancy to about one mile downstream	https://lichenportal.org/portal/collections/individual/index.php?occid=1550431
1550433	UC	UC1943812	D. H. Norris, Nancy M. Hillyard	106648	10.22	California	Siskiyou	41.091667	-122.121667	outside_boundary_exact	California, Shasta County	canyon along McCloud River from headquarters of McCloud River Reserve of The Nature Conservancy to about one mile downstream	https://lichenportal.org/portal/collections/individual/index.php?occid=1550433
1550525	UC	UC1943739	D. H. Norris, Nancy M. Hillyard	106671	10.22	California	Siskiyou	41.091667	-122.121667	outside_boundary_exact	California, Shasta County	Moist canyon along McCloud River from headquarters of McCloud River Reserve of The Nature Conservancy to about one mile downstream	https://lichenportal.org/portal/collections/individual/index.php?occid=1550525
1550825	UC	UC1943806	D. H. Norris, Nancy M. Hillyard	106654	10.22	California	Siskiyou	41.091667	-122.121667	outside_boundary_exact	California, Shasta County	Moist canyon along McCloud River from headquarters of McCloud River Reserve of The Nature Conservancy to about one mile downstream	https://lichenportal.org/portal/collections/individual/index.php?occid=1550825
1550857	UC	UC1946542	D. H. Norris, Nancy M. Hillyard	106666	10.22	California	Siskiyou	41.091667	-122.121667	outside_boundary_exact	California, Shasta County	Moist canyon along McCloud River from headquarters of McCloud River Reserve of The Nature Conservancy to about one mile downstream	https://lichenportal.org/portal/collections/individual/index.php?occid=1550857
1551483	UC	UC1943783	D. H. Norris, Nancy M. Hillyard	106624	10.22	California	Siskiyou	41.091667	-122.121667	outside_boundary_exact	California, Shasta County	Moist canyon along McCloud River from headquarters of McCloud River Reserve of The Nature Conservancy to about one mile downstream	https://lichenportal.org/portal/collections/individual/index.php?occid=1551483
1551484	UC	UC1943814	D. H. Norris, Nancy M. Hillyard	106645	10.22	California	Siskiyou	41.091667	-122.121667	outside_boundary_exact	California, Shasta County	Moist canyon along McCloud River from headquarters of McCloud River Reserve of The Nature Conservancy to about one mile downstream	https://lichenportal.org/portal/collections/individual/index.php?occid=1551484
1551485	UC	UC1943800	D. H. Norris, Nancy M. Hillyard	106604	10.22	California	Siskiyou	41.091667	-122.121667	outside_boundary_exact	California, Shasta County	Moist canyon along McCloud River from headquarters of McCloud River Reserve of The Nature Conservancy to about one mile downstream	https://lichenportal.org/portal/collections/individual/index.php?occid=1551485
1551493	UC	UC1943787	D. H. Norris, Nancy M. Hillyard	106620	10.22	California	Siskiyou	41.091667	-122.121667	outside_boundary_exact	California, Shasta County	Moist canyon along McCloud River from headquarters of McCloud River Reserve of The Nature Conservancy to about one mile downstream	https://lichenportal.org/portal/collections/individual/index.php?occid=1551493
1551674	UC	UC1943802	D. H. Norris, Nancy M. Hillyard	106659A	10.22	California	Siskiyou	41.091667	-122.121667	outside_boundary_exact	California, Shasta County	Moist canyon along McCloud River from headquarters of McCloud River Reserve of The Nature Conservancy to about one mile downstream	https://lichenportal.org/portal/collections/individual/index.php?occid=1551674
1551675	UC	UC1943821	D. H. Norris, Nancy M. Hillyard	106637	10.22	California	Siskiyou	41.091667	-122.121667	outside_boundary_exact	California, Shasta County	Moist canyon along McCloud River from headquarters of McCloud River Reserve of The Nature Conservancy to about one mile downstream	https://lichenportal.org/portal/collections/individual/index.php?occid=1551675
1551676	UC	UC1943798	D. H. Norris, Nancy M. Hillyard	106607	10.22	California	Siskiyou	41.091667	-122.121667	outside_boundary_exact	California, Shasta County	Moist canyon along McCloud River from headquarters of McCloud River Reserve of The Nature Conservancy to about one mile downstream	https://lichenportal.org/portal/collections/individual/index.php?occid=1551676
1566392	UC	UC1946540	D. H. Norris, Nancy M. Hillyard	106644	10.22	California	Siskiyou	41.091667	-122.121667	outside_boundary_exact	California, Shasta County	Moist canyon along McCloud River from headquarters of McCloud River Reserve of The Nature Conservancy to about one mile downstream	https://lichenportal.org/portal/collections/individual/index.php?occid=1566392
1567346	UC	UC1943740	D. H. Norris, Nancy M. Hillyard	106659C	10.22	California	Siskiyou	41.091667	-122.121667	outside_boundary_exact	California, Shasta County	In moist canyon along McCloud River from headquarters of McCloud River Reserve of The Nature Conservancy to about one mile downstream.	https://lichenportal.org/portal/collections/individual/index.php?occid=1567346
1567347	UC	UC1943741	D. H. Norris, Nancy M. Hillyard	106660	10.22	California	Siskiyou	41.091667	-122.121667	outside_boundary_exact	California, Shasta County	Along McCloud River from headquarters of McCloud River Reserve of The Nature Conservancy to about one mile downstream.	https://lichenportal.org/portal/collections/individual/index.php?occid=1567347
1567951	UC	UC1943731	D. H. Norris, Nancy M. Hillyard	106675	10.22	California	Siskiyou	41.091667	-122.121667	outside_boundary_exact	California, Shasta County	Moist canyon along McCloud River from headquarters of McCloud River Reserve of The Nature Conservancy to about one mile downstream	https://lichenportal.org/portal/collections/individual/index.php?occid=1567951
1579464	UC	UC1946543	D. H. Norris, Nancy M. Hillyard	106667C	10.22	California	Siskiyou	41.091667	-122.121667	outside_boundary_exact	California, Shasta County	Moist canyon along McCloud River from headquarters of McCloud River Reserve of The Nature Conservancy to about one mile downstream	https://lichenportal.org/portal/collections/individual/index.php?occid=1579464
1579931	UC	UC1943742	D. H. Norris, Nancy M. Hillyard	106667B	10.22	California	Siskiyou	41.091667	-122.121667	outside_boundary_exact	California, Shasta County	canyon along McCloud River from headquarters of McCloud River Reserve of The Nature Conservancy to about one mile downstream	https://lichenportal.org/portal/collections/individual/index.php?occid=1579931
1581912	UC	UC1943820	D. H. Norris, Nancy M. Hillyard	106638	10.22	California	Siskiyou	41.091667	-122.121667	outside_boundary_exact	California, Shasta County	Moist canyon along McCloud River from headquarters of McCloud River Reserve of The Nature Conservancy to about one mile downstream	https://lichenportal.org/portal/collections/individual/index.php?occid=1581912
1581975	UC	UC1943782	D. H. Norris, Nancy M. Hillyard	106625	10.22	California	Siskiyou	41.091667	-122.121667	outside_boundary_exact	California, Shasta County	Moist canyon along McCloud River from headquarters of McCloud River Reserve of The Nature Conservancy to about one mile downstream	https://lichenportal.org/portal/collections/individual/index.php?occid=1581975
1581979	UC	UC1943795	D. H. Norris, Nancy M. Hillyard	106610	10.22	California	Siskiyou	41.091667	-122.121667	outside_boundary_exact	California, Shasta County	Moist canyon along McCloud River from headquarters of McCloud River Reserve of The Nature Conservancy to about one mile downstream	https://lichenportal.org/portal/collections/individual/index.php?occid=1581979
1581986	UC	UC1943745	D. H. Norris, Nancy M. Hillyard	106667A	10.22	California	Siskiyou	41.091667	-122.121667	outside_boundary_exact	California, Shasta County	Moist canyon along McCloud River from headquarters of McCloud River Reserve of The Nature Conservancy to about one mile downstream	https://lichenportal.org/portal/collections/individual/index.php?occid=1581986
1582215	UC	UC1943805	D. H. Norris, Nancy M. Hillyard	106655	10.22	California	Siskiyou	41.091667	-122.121667	outside_boundary_exact	California, Shasta County	canyon along McCloud River from headquarters of McCloud River Reserve of The Nature Conservancy to about one mile downstream	https://lichenportal.org/portal/collections/individual/index.php?occid=1582215
1583814	UC	UC1943804	D. H. Norris, Nancy M. Hillyard	106657	10.22	California	Siskiyou	41.091667	-122.121667	outside_boundary_exact	California, Shasta County	Moist canyon along McCloud River from headquarters of McCloud River Reserve of The Nature Conservancy to about one mile downstream	https://lichenportal.org/portal/collections/individual/index.php?occid=1583814
1590155	UC	UC1943726	D. H. Norris, Nancy M. Hillyard	106662	10.22	California	Siskiyou	41.091667	-122.121667	outside_boundary_exact	California, Shasta County	Moist canyon along McCloud River from headquarters of McCloud River Reserve of The Nature Conservancy to about one mile downstream	https://lichenportal.org/portal/collections/individual/index.php?occid=1590155
1590157	UC	UC1943725	D. H. Norris, Nancy M. Hillyard	106661	10.22	California	Siskiyou	41.091667	-122.121667	outside_boundary_exact	California, Shasta County	Moist canyon along McCloud River from headquarters of McCloud River Reserve of The Nature Conservancy to about one mile downstream	https://lichenportal.org/portal/collections/individual/index.php?occid=1590157
1590159	UC	UC1943813	D. H. Norris, Nancy M. Hillyard	106646	10.22	California	Siskiyou	41.091667	-122.121667	outside_boundary_exact	California, Shasta County	Moist canyon along McCloud River from headquarters of McCloud River Reserve of The Nature Conservancy to about one mile downstream	https://lichenportal.org/portal/collections/individual/index.php?occid=1590159
1599276	UC	UC1943811	D. H. Norris, Nancy M. Hillyard	106649	10.22	California	Siskiyou	41.091667	-122.121667	outside_boundary_exact	California, Shasta County	Moist canyon along McCloud River from headquarters of McCloud River Reserve of The Nature Conservancy to about one mile downstream.	https://lichenportal.org/portal/collections/individual/index.php?occid=1599276
1599288	UC	UC1943744	D. H. Norris, Nancy M. Hillyard	106668	10.22	California	Siskiyou	41.091667	-122.121667	outside_boundary_exact	California, Shasta County	Moist canyon along McCloud River from headquarters of McCloud River Reserve of The Nature Conservancy to about one mile downstream	https://lichenportal.org/portal/collections/individual/index.php?occid=1599288
1602841	UC	UC1943727	D. H. Norris, Nancy M. Hillyard	106659B	10.22	California	Siskiyou	41.091667	-122.121667	outside_boundary_exact	California, Shasta County	Moist canyon along McCloud River from headquarters of McCloud River Reserve of The Nature Conservancy to about one mile downstream	https://lichenportal.org/portal/collections/individual/index.php?occid=1602841
1602842	UC	UC1943738	D. H. Norris, Nancy M. Hillyard	106669	10.22	California	Siskiyou	41.091667	-122.121667	outside_boundary_exact	California, Shasta County	Moist canyon along McCloud River from headquarters of McCloud River Reserve of The Nature Conservancy to about one mile downstream	https://lichenportal.org/portal/collections/individual/index.php?occid=1602842
1602844	UC	UC1943785	D. H. Norris, Nancy M. Hillyard	106622	10.22	California	Siskiyou	41.091667	-122.121667	outside_boundary_exact	California, Shasta County	Moist canyon along McCloud River from headquarters of McCloud River Reserve of The Nature Conservancy to about one mile downstream	https://lichenportal.org/portal/collections/individual/index.php?occid=1602844
1602845	UC	UC1943779	D. H. Norris, Nancy M. Hillyard	106628	10.22	California	Siskiyou	41.091667	-122.121667	outside_boundary_exact	California, Shasta County	Moist canyon along McCloud River from headquarters of McCloud River Reserve of The Nature Conservancy to about one mile downstream	https://lichenportal.org/portal/collections/individual/index.php?occid=1602845
1602851	UC	UC1943777	D. H. Norris, Nancy M. Hillyard	106630	10.22	California	Siskiyou	41.091667	-122.121667	outside_boundary_exact	California, Shasta County	Moist canyon along McCloud River from headquarters of McCloud River Reserve of The Nature Conservancy to about one mile downstream	https://lichenportal.org/portal/collections/individual/index.php?occid=1602851
1602852	UC	UC1943780	D. H. Norris, Nancy M. Hillyard	106627	10.22	California	Siskiyou	41.091667	-122.121667	outside_boundary_exact	California, Shasta County	Moist canyon along McCloud River from headquarters of McCloud River Reserve of The Nature Conservancy to about one mile downstream	https://lichenportal.org/portal/collections/individual/index.php?occid=1602852
1615895	UC	UC1946541	D. H. Norris, Nancy M. Hillyard	106656	10.22	California	Siskiyou	41.091667	-122.121667	outside_boundary_exact	California, Shasta County	Moist canyon along McCloud River from headquarters of McCloud River Reserve of The Nature Conservancy to about one mile downstream	https://lichenportal.org/portal/collections/individual/index.php?occid=1615895
1626526	UC	UC1943737	D. H. Norris, Nancy M. Hillyard	106665	10.22	California	Siskiyou	41.091667	-122.121667	outside_boundary_exact	California, Shasta County	Moist canyon along McCloud River from headquarters of McCloud River Reserve of The Nature Conservancy to about one mile downstream	https://lichenportal.org/portal/collections/individual/index.php?occid=1626526
1630213	UC	UC1943775	D. H. Norris, Nancy M. Hillyard	106632	10.22	California	Siskiyou	41.091667	-122.121667	outside_boundary_exact	California, Shasta County	Moist canyon along McCloud River from headquarters of McCloud River Reserve of The Nature Conservancy to about one mile downstream	https://lichenportal.org/portal/collections/individual/index.php?occid=1630213
1630215	UC	UC1943815	D. H. Norris, Nancy M. Hillyard	106643	10.22	California	Siskiyou	41.091667	-122.121667	outside_boundary_exact	California, Shasta County	Moist canyon along McCloud River from headquarters of McCloud River Reserve of The Nature Conservancy to about one mile downstream	https://lichenportal.org/portal/collections/individual/index.php?occid=1630215
1631222	UC	UC1943794	D. H. Norris, Nancy M. Hillyard	106611	10.22	California	Siskiyou	41.091667	-122.121667	outside_boundary_exact	California, Shasta County	Moist canyon along McCloud River from headquarters of McCloud River Reserve of The Nature Conservancy to about one mile downstream	https://lichenportal.org/portal/collections/individual/index.php?occid=1631222
1631792	UC	UC1943793	D. H. Norris, Nancy M. Hillyard	106612	10.22	California	Siskiyou	41.091667	-122.121667	outside_boundary_exact	California, Shasta County	Moist canyon along McCloud River from headquarters of McCloud River Reserve of The Nature Conservancy to about one mile downstream	https://lichenportal.org/portal/collections/individual/index.php?occid=1631792
1631795	UC	UC1943736	D. H. Norris, Nancy M. Hillyard	106664	10.22	California	Siskiyou	41.091667	-122.121667	outside_boundary_exact	California, Shasta County	Moist canyon along McCloud River from headquarters of McCloud River Reserve of The Nature Conservancy to about one mile downstream	https://lichenportal.org/portal/collections/individual/index.php?occid=1631795
1636779	UC	UC1943823	D. H. Norris, Nancy M. Hillyard	106635	10.22	California	Siskiyou	41.091667	-122.121667	outside_boundary_exact	California, Shasta County	Moist canyon along McCloud River from headquarters of McCloud River Reserve of The Nature Conservancy to about one mile downstream	https://lichenportal.org/portal/collections/individual/index.php?occid=1636779
1636809	UC	UC1943743	D. H. Norris, Nancy M. Hillyard	106667D	10.22	California	Siskiyou	41.091667	-122.121667	outside_boundary_exact	California, Shasta County	Moist canyon along McCloud River from headquarters of McCloud River Reserve of The Nature Conservancy to about one mile downstream	https://lichenportal.org/portal/collections/individual/index.php?occid=1636809
1637072	UC	UC1943776	D. H. Norris, Nancy M. Hillyard	106631	10.22	California	Siskiyou	41.091667	-122.121667	outside_boundary_exact	California, Shasta County	Moist canyon along McCloud River from headquarters of McCloud River Reserve of The Nature Conservancy to about one mile downstream	https://lichenportal.org/portal/collections/individual/index.php?occid=1637072
1642390	UC	UC1943790	D. H. Norris, Nancy M. Hillyard	106616B	10.22	California	Siskiyou	41.091667	-122.121667	outside_boundary_exact	California, Shasta County	Moist canyon along McCloud River from headquarters of McCloud River Reserve of The Nature Conservancy to about one mile downstream	https://lichenportal.org/portal/collections/individual/index.php?occid=1642390
1642403	UC	UC1943791	D. H. Norris, Nancy M. Hillyard	106615	10.22	California	Siskiyou	41.091667	-122.121667	outside_boundary_exact	California, Shasta County	Moist canyon along McCloud River from headquarters of McCloud River Reserve of The Nature Conservancy to about one mile downstream	https://lichenportal.org/portal/collections/individual/index.php?occid=1642403
1650177	UC	UC1943808	D. H. Norris, Nancy M. Hillyard	106652	10.22	California	Siskiyou	41.091667	-122.121667	outside_boundary_exact	California, Shasta County	Moist canyon along McCloud River from headquarters of McCloud River Reserve of The Nature Conservancy to about one mile downstream	https://lichenportal.org/portal/collections/individual/index.php?occid=1650177
1477520	UC	UC2021044	Mariette S. Cole	10575	10.05	California	Monterey	35.705183	-121.305617	outside_boundary_exact	California, San Luis Obispo County	US 1, Mill Creek Picnic area, rocks above Mill Creek as it enters the ocean	https://lichenportal.org/portal/collections/individual/index.php?occid=1477520
1482610	UC	UC2021137	Mariette S. Cole	10579	10.05	California	Monterey	35.705183	-121.305617	outside_boundary_exact	California, San Luis Obispo County	US 1, Mill Creek Picnic area, rocks above Mill Creek as it enters the ocean	https://lichenportal.org/portal/collections/individual/index.php?occid=1482610
1467939	UC	UC1799459	W. Harling	WCH163A	9.35	California	Modoc	41.530687	-121.561501	outside_boundary_exact	California, Siskiyou County	Modoc National Foress	https://lichenportal.org/portal/collections/individual/index.php?occid=1467939
1645844	UC	UC1767533	D. H. Norris, Nancy M. Hillyard	108189	8.58	California	Siskiyou	41.106667	-121.776667	outside_boundary_exact	California, Shasta County	About 2 miles east of Red Mountain.	https://lichenportal.org/portal/collections/individual/index.php?occid=1645844
1486691	UC	UC1946454	D. H. Norris, Nancy M. Hillyard	103859	7.89	California	Shasta	41.253433	-122.377333	outside_boundary_exact	California, Siskiyou County	along road to Castle Lake at Castle Lake Creek SSW of Mount Shasta City	https://lichenportal.org/portal/collections/individual/index.php?occid=1486691
1487454	UC	UC1943856	D. H. Norris, Nancy M. Hillyard	103858	7.89	California	Shasta	41.253433	-122.377333	outside_boundary_exact	California, Siskiyou County	along road to Castle Lake at Castle Lake Creek SSW of Mount Shasta City	https://lichenportal.org/portal/collections/individual/index.php?occid=1487454
1622092	UC	UC1992052	Judith Robertson	7076	7.16	California	Mono	37.398889	-118.1775	outside_boundary_exact	California, Inyo County	Near Schulman Grove	https://lichenportal.org/portal/collections/individual/index.php?occid=1622092
1566671	UC	UC1799854	Matt Richmond	10027MR1	6.87	California	Humboldt	40.359471	-123.462781	outside_boundary_exact	California, Trinity County	Six Rivers National Forest, Mad River District	https://lichenportal.org/portal/collections/individual/index.php?occid=1566671
1567022	UC	UC1768133	D. H. Norris, Nancy M. Hillyard	103904	6.72	California	Shasta	41.243333	-122.011667	outside_boundary_exact	California, Siskiyou County	deep canyon carved into lava area along McCloud River about 5 miles east of McCloud	https://lichenportal.org/portal/collections/individual/index.php?occid=1567022
1379857	UC	UC1997656	Judith Robertson	7248	6.69	California	Alpine	38.325	-119.808056	outside_boundary_exact	California, Tuolumne County	Highway 108, near Douglas Flat	https://lichenportal.org/portal/collections/individual/index.php?occid=1379857
1436485	UC	UC1997710	Judith Robertson	7249	6.69	California	Alpine	38.325	-119.808056	outside_boundary_exact	California, Tuolumne County	Highway 108, near Douglas Flat	https://lichenportal.org/portal/collections/individual/index.php?occid=1436485
1436486	UC	UC1997711	Judith Robertson	7251	6.69	California	Alpine	38.325	-119.808056	outside_boundary_exact	California, Tuolumne County	Highway 108, near Douglas Flat	https://lichenportal.org/portal/collections/individual/index.php?occid=1436486
1550435	UC	UC1768143	D. H. Norris, Nancy M. Hillyard	103819	6.67	California	Shasta	41.244	-122.217633	outside_boundary_exact	California, Siskiyou County	along Forest Service Road 39N07 along Soda Creek about 6 miles northeast of Highway 5 south of Dunsmuir.	https://lichenportal.org/portal/collections/individual/index.php?occid=1550435
1579914	UC	UC1768141	D. H. Norris, Nancy M. Hillyard	103822	6.67	California	Shasta	41.244	-122.217633	outside_boundary_exact	California, Siskiyou County	along Forest Service Road 39N07 along Soda Creek about 6 miles northeast of Highway 5 south of Dunsmuir.	https://lichenportal.org/portal/collections/individual/index.php?occid=1579914
1590182	UC	UC1768142	D. H. Norris, Nancy M. Hillyard	103820	6.67	California	Shasta	41.244	-122.217633	outside_boundary_exact	California, Siskiyou County	along Forest Service Road 39N07 along Soda Creek about 6 miles northeast of Highway 5 south of Dunsmuir.	https://lichenportal.org/portal/collections/individual/index.php?occid=1590182
1596281	UC	UC1768145	D. H. Norris, Nancy M. Hillyard	103817	6.67	California	Shasta	41.244	-122.217633	outside_boundary_exact	California, Siskiyou County	along Forest Service Road 39N07 along Soda Creek about 6 miles northeast of Highway 5 south of Dunsmuir.	https://lichenportal.org/portal/collections/individual/index.php?occid=1596281
1596288	UC	UC1768138	D. H. Norris, Nancy M. Hillyard	103831	6.67	California	Shasta	41.244	-122.217633	outside_boundary_exact	California, Siskiyou County	along Forest Service Road 39N07 along Soda Creek about 6 miles northeast of Highway 5 south of Dunsmuir.	https://lichenportal.org/portal/collections/individual/index.php?occid=1596288
1596365	UC	UC1768140	D. H. Norris, Nancy M. Hillyard	103827	6.67	California	Shasta	41.244	-122.217633	outside_boundary_exact	California, Siskiyou County	along Forest Service Road 39N07 along Soda Creek about 6 miles northeast of Highway 5 south of Dunsmuir.	https://lichenportal.org/portal/collections/individual/index.php?occid=1596365
1600342	UC	UC1768144	D. H. Norris, Nancy M. Hillyard	103818	6.67	California	Shasta	41.244	-122.217633	outside_boundary_exact	California, Siskiyou County	along Forest Service Road 39N07 along Soda Creek about 6 miles northeast of Highway 5 south of Dunsmuir.	https://lichenportal.org/portal/collections/individual/index.php?occid=1600342
1436602	UC	UC1997730	Judith Robertson	7259	6.29	California	Alpine	38.327778	-119.754167	outside_boundary_exact	California, Tuolumne County	Highway 108, near Douglas Flat	https://lichenportal.org/portal/collections/individual/index.php?occid=1436602
1483238	UC	UC1997657	Judith Robertson	7258	6.29	California	Alpine	38.327778	-119.754167	outside_boundary_exact	California, Tuolumne County	Highway 108, near Douglas Flat	https://lichenportal.org/portal/collections/individual/index.php?occid=1483238
1483250	UC	UC1997653	Judith Robertson	7256a	6.29	California	Alpine	38.327778	-119.754167	outside_boundary_exact	California, Tuolumne County	Highway 108, near Douglas Flat	https://lichenportal.org/portal/collections/individual/index.php?occid=1483250
1483252	UC	UC1997654	Judith Robertson	7256b	6.29	California	Alpine	38.327778	-119.754167	outside_boundary_exact	California, Tuolumne County	Highway 108, Near Douglas flat	https://lichenportal.org/portal/collections/individual/index.php?occid=1483252
1552403	UC	UC1997705	Judith Robertson	7253	6.29	California	Alpine	38.327778	-119.754167	outside_boundary_exact	California, Tuolumne County	Highway 108, near Douglas Flat	https://lichenportal.org/portal/collections/individual/index.php?occid=1552403
1559575	UC	UC1992849	Judith Robertson	7260	6.29	California	Alpine	38.327778	-119.754167	outside_boundary_exact	California, Tuolumne County	Highway 108, near Sonora Pass	https://lichenportal.org/portal/collections/individual/index.php?occid=1559575
1569908	UC	UC1997734	Judith Robertson	7255	6.29	California	Alpine	38.327778	-119.754167	outside_boundary_exact	California, Tuolumne County	Highway 108, near Douglas Flat	https://lichenportal.org/portal/collections/individual/index.php?occid=1569908
1609724	UC	UC1799658	R. Jones	8-13RJ1	5.92	California	Mendocino	39.517908	-122.822318	outside_boundary_exact	California, Lake County	Mendocino National Forest, Upper Lake District.	https://lichenportal.org/portal/collections/individual/index.php?occid=1609724
1599294	UC	UC2012444	Nancy M. Hillyard, D. H. Norris	248	5.78	California	Shasta	41.236067	-122.217633	outside_boundary_exact	California, Siskiyou County	Along Forest Service Road 39N07, along Soda Creek about 6 miles northeast of Highway 5 south of Dunsmuir.	https://lichenportal.org/portal/collections/individual/index.php?occid=1599294
1573239	UC	UC1768139	D. H. Norris, Nancy M. Hillyard	103829	5.75	California	Shasta	41.235833	-122.226111	outside_boundary_exact	California, Siskiyou County	On moist, diffusely lit large sandstone outcrop in wet and mature forest of Pseudotsuga, Calocedrus and Acer macrophyllum along Forest Service Road 39N07 along Soda Creek about 6 miles northeast of Highway 5 south of Dunsmuir.	https://lichenportal.org/portal/collections/individual/index.php?occid=1573239
1630646	UC	UC1799626	H. Kelly	14-155HK1	5.7	California	Siskiyou	40.954624	-123.008282	outside_boundary_exact	California, Trinity County	Shasta Trinity National Forest, Big Bar District	https://lichenportal.org/portal/collections/individual/index.php?occid=1630646
3024642	UC	UC1863626	Kerry Knudsen	6893	4.97	California	Santa Barbara	34.36333	-120.03722	outside_boundary_exact	not_found_in_US	Channel Islands; San Miguel Island: Cuyler Harbor; Quad Map: San Miguel Island East 7.5' Q.	https://lichenportal.org/portal/collections/individual/index.php?occid=3024642
1435133	UC	UC1968062	Judith Robertson	7199	4.13	California	Mono	37.425833	-118.198056	outside_boundary_exact	California, Inyo County	White Mountains Road	https://lichenportal.org/portal/collections/individual/index.php?occid=1435133
1467854	UC	UC1968060	Judith Robertson	7198	4.13	California	Mono	37.425833	-118.198056	outside_boundary_exact	California, Inyo County	White Mountains Road	https://lichenportal.org/portal/collections/individual/index.php?occid=1467854
1420657	UC	UC1775749	D. H. Norris, Nancy M. Hillyard	108226	3.98	California	Shasta	41.218333	-122.49	outside_boundary_exact	California, Siskiyou County	at road 26 near intersection with road to Cedar Lake, near Mount Eddy, Shasta-Trinity National Forest	https://lichenportal.org/portal/collections/individual/index.php?occid=1420657
1479953	UC	UC1943685	D. H. Norris, Nancy M. Hillyard	108221	3.98	California	Shasta	41.218333	-122.49	outside_boundary_exact	California, Siskiyou County	near Mount Eddy, Shasta-Trinity National Forest	https://lichenportal.org/portal/collections/individual/index.php?occid=1479953
1483946	UC	UC1775701	D. H. Norris, Nancy M. Hillyard	108231	3.98	California	Shasta	41.218333	-122.49	outside_boundary_exact	California, Siskiyou County	at road 26 near intersection with road to Cedar Lake, near Mount Eddy, Shasta-Trinity National Forest	https://lichenportal.org/portal/collections/individual/index.php?occid=1483946
1487448	UC	UC1775699	D. H. Norris, Nancy M. Hillyard	108224	3.98	California	Shasta	41.218333	-122.49	outside_boundary_exact	California, Siskiyou County	at road 26 near intersection with road to Cedar Lake, near Mount Eddy, Shasta-Trinity National Forest	https://lichenportal.org/portal/collections/individual/index.php?occid=1487448
1497222	UC	UC1946798	D. H. Norris, Nancy M. Hillyard	108238B	3.98	California	Shasta	41.218333	-122.49	outside_boundary_exact	California, Siskiyou County	at road 26 near intersection with road to Cedar Lake, near Mount Eddy, Shasta-Trinity National Forest	https://lichenportal.org/portal/collections/individual/index.php?occid=1497222
1497423	UC	UC1946797	D. H. Norris, Nancy M. Hillyard	108238A	3.98	California	Shasta	41.218333	-122.49	outside_boundary_exact	California, Siskiyou County	at road 26 near intersection with road to Cedar Lake, near Mount Eddy, Shasta-Trinity National Forest	https://lichenportal.org/portal/collections/individual/index.php?occid=1497423
1566396	UC	UC1946796	D. H. Norris, Nancy M. Hillyard	108233	3.98	California	Shasta	41.218333	-122.49	outside_boundary_exact	California, Siskiyou County	at road 26 near intersection with road to Cedar Lake, near Mount Eddy, Shasta-Trinity National Forest	https://lichenportal.org/portal/collections/individual/index.php?occid=1566396
1371330	UC	UC1997699	Judith Robertson	7265	3.74	California	Alpine	38.338889	-119.583056	outside_boundary_exact	California, Mono County	East of Sonora Pass near US Marine Corps base	https://lichenportal.org/portal/collections/individual/index.php?occid=1371330
1439442	UC	UC1997735	Judith Robertson	7264	3.74	California	Alpine	38.338889	-119.583056	outside_boundary_exact	California, Mono County	Highway 108, east of Sonora Pass near USMC base	https://lichenportal.org/portal/collections/individual/index.php?occid=1439442
1482876	UC	UC1997640	Judith Robertson	7262	3.74	California	Alpine	38.338889	-119.583056	outside_boundary_exact	California, Mono County	Highway 108, east of Sonora Pass near USMC base	https://lichenportal.org/portal/collections/individual/index.php?occid=1482876
1652371	UC	UC1967854	Judith Robertson	7263	3.74	California	Alpine	38.338889	-119.583056	outside_boundary_exact	California, Mono County	Highway 108, east of Sonora Pass near USMC base	https://lichenportal.org/portal/collections/individual/index.php?occid=1652371
1371329	UC	UC1997700	Judith Robertson	7261	3.57	California	Alpine	38.3125	-119.599722	outside_boundary_exact	California, Mono County	Highway 108, East of Sonora Pass	https://lichenportal.org/portal/collections/individual/index.php?occid=1371329
1443490	UC	UC1968066	Judith Robertson	7195	2.64	California	Mono	37.439167	-118.195833	outside_boundary_exact	California, Inyo County	White Mountains Road	https://lichenportal.org/portal/collections/individual/index.php?occid=1443490
1443491	UC	UC1968067	Judith Robertson	7194	2.64	California	Mono	37.439167	-118.195833	outside_boundary_exact	California, Inyo County	White Mountains Road	https://lichenportal.org/portal/collections/individual/index.php?occid=1443491
1467849	UC	UC1968059	Judith Robertson	7197b	2.64	California	Mono	37.439167	-118.195833	outside_boundary_exact	California, Inyo County	White Mountains Road	https://lichenportal.org/portal/collections/individual/index.php?occid=1467849
1467856	UC	UC1968058	Judith Robertson	7197a	2.64	California	Mono	37.439167	-118.195833	outside_boundary_exact	California, Inyo County	White Mountains Road	https://lichenportal.org/portal/collections/individual/index.php?occid=1467856
1483265	UC	UC1968061	Judith Robertson	7200	2.64	California	Mono	37.439167	-118.195833	outside_boundary_exact	California, Inyo County	White Mountains Road	https://lichenportal.org/portal/collections/individual/index.php?occid=1483265
1497464	UC	UC1968065	Judith Robertson	7196	2.64	California	Mono	37.439167	-118.195833	outside_boundary_exact	California, Inyo County	White Mountains Road	https://lichenportal.org/portal/collections/individual/index.php?occid=1497464
1510281	UC	UC1968070	Judith Robertson	7193	2.64	California	Mono	37.439167	-118.195833	outside_boundary_exact	California, Inyo County	White Mountains Road	https://lichenportal.org/portal/collections/individual/index.php?occid=1510281
1371288	UC	UC1997760	Judith Robertson, Robert Robertson	6273	2.43	California	Tuolumne	38.2727	-120.300167	outside_boundary_exact	California, Calaveras County	Calaveras State Park. Scenic Overlook.	https://lichenportal.org/portal/collections/individual/index.php?occid=1371288
1371294	UC	UC2002889	Judith Robertson, Robert Robertson	6368b	2.43	California	Tuolumne	38.2727	-120.300167	outside_boundary_exact	California, Calaveras County	Calaveras State Park. Scenic Overlook.	https://lichenportal.org/portal/collections/individual/index.php?occid=1371294
1371295	UC	UC2002888	Judith Robertson, Robert Robertson	6368	2.43	California	Tuolumne	38.2727	-120.300167	outside_boundary_exact	California, Calaveras County	Calaveras State Park. Scenic Overlook.	https://lichenportal.org/portal/collections/individual/index.php?occid=1371295
1375844	UC	UC1997764	Judith Robertson, Robert Robertson	6366	2.43	California	Tuolumne	38.2727	-120.300167	outside_boundary_exact	California, Calaveras County	Calaveras State Park. Scenic Overlook.	https://lichenportal.org/portal/collections/individual/index.php?occid=1375844
1390240	UC	UC1997772	Judith Robertson, Robert Robertson	6363	2.43	California	Tuolumne	38.2727	-120.300167	outside_boundary_exact	California, Calaveras County	Calaveras State Park. Scenic Overlook.	https://lichenportal.org/portal/collections/individual/index.php?occid=1390240
1424961	UC	UC2002166	Judith Robertson, Robert Robertson	6278b	2.43	California	Tuolumne	38.2727	-120.300167	outside_boundary_exact	California, Calaveras County	Calaveras State Park. Scenic Overlook.	https://lichenportal.org/portal/collections/individual/index.php?occid=1424961
1425425	UC	UC1997786	Judith Robertson, Robert Robertson	6361	2.43	California	Tuolumne	38.2727	-120.300167	outside_boundary_exact	California, Calaveras County	Calaveras State Park. Scenic Overlook.	https://lichenportal.org/portal/collections/individual/index.php?occid=1425425
1425426	UC	UC1997787	Judith Robertson, Robert Robertson	6362	2.43	California	Tuolumne	38.2727	-120.300167	outside_boundary_exact	California, Calaveras County	Calaveras State Park. Scenic Overlook.	https://lichenportal.org/portal/collections/individual/index.php?occid=1425426
1425427	UC	UC1997788	Judith Robertson, Robert Robertson	6278a	2.43	California	Tuolumne	38.2727	-120.300167	outside_boundary_exact	California, Calaveras County	Calaveras State Park. Scenic Overlook.	https://lichenportal.org/portal/collections/individual/index.php?occid=1425427
1443466	UC	UC1997811	Judith Robertson, Robert Robertson	6277	2.43	California	Tuolumne	38.2727	-120.300167	outside_boundary_exact	California, Calaveras County	Calaveras State Park. Scenic Overlook.	https://lichenportal.org/portal/collections/individual/index.php?occid=1443466
1566563	UC	UC1997793	Judith Robertson, Robert Robertson	6366	2.43	California	Tuolumne	38.2727	-120.300167	outside_boundary_exact	California, Calaveras County	Calaveras State Park. Scenic Overlook.	https://lichenportal.org/portal/collections/individual/index.php?occid=1566563
1566564	UC	UC1997794	Judith Robertson, Robert Robertson	6369	2.43	California	Tuolumne	38.2727	-120.300167	outside_boundary_exact	California, Calaveras County	Calaveras State Park. Scenic Overlook.	https://lichenportal.org/portal/collections/individual/index.php?occid=1566564
1567037	UC	UC1997798	Judith Robertson, Robert Robertson	6280	2.43	California	Tuolumne	38.2727	-120.300167	outside_boundary_exact	California, Calaveras County	Calaveras State Park. Scenic Overlook area.	https://lichenportal.org/portal/collections/individual/index.php?occid=1567037
1481065	UC	UC2000115	Judith Robertson, Robert Robertson	7477b	2.08	California	Sonoma	38.65	-122.6	outside_boundary_exact	California, Napa County	Robert Louis Stevenson State Park. Trailside outcrop northeast of lower radio towers.	https://lichenportal.org/portal/collections/individual/index.php?occid=1481065
1569586	UC	UC1799811	J. Colescott	14198JC03	1.99	California	Humboldt	41.055391	-123.399733	outside_boundary_exact	California, Trinity County	Shasta Trinity National Forest, Big Bar District, Plot #: 14198	https://lichenportal.org/portal/collections/individual/index.php?occid=1569586
1549814	UC	UC1946584	D. H. Norris, J. Shevock	108943A	1.48	California	Siskiyou	41.171667	-122.315	outside_boundary_exact	California, Shasta County	In deep canyon of Root Creek at the end of trai., Castle Crags Wilderness of Shasta-Trinity National Forest	https://lichenportal.org/portal/collections/individual/index.php?occid=1549814
1576083	UC	UC1946585	D. H. Norris, J. Shevock	108943B	1.48	California	Siskiyou	41.171667	-122.315	outside_boundary_exact	California, Shasta County	In deep canyon of Root Creek at the end of trai., Castle Crags Wilderness of Shasta-Trinity National Forest	https://lichenportal.org/portal/collections/individual/index.php?occid=1576083
1596285	UC	UC1946568	D. H. Norris, J. Shevock	108925	1.48	California	Siskiyou	41.171667	-122.315	outside_boundary_exact	California, Shasta County	In deep canyon of Root Creek at the end of trai., Castle Crags Wilderness of Shasta-Trinity National Forest	https://lichenportal.org/portal/collections/individual/index.php?occid=1596285
1602874	UC	UC1946593	D. H. Norris, Jim Shevock	108951	1.48	California	Siskiyou	41.171667	-122.315	outside_boundary_exact	California, Shasta County	In deep canyon of Root Creek at the end of trai., Castle Crags Wilderness of Shasta-Trinity National Forest	https://lichenportal.org/portal/collections/individual/index.php?occid=1602874
1489069	UC	UC1998126	Steve Junak	990	1.17	California	Los Angeles	32.9177065	-118.6186435	outside_boundary_exact	not_found_in_US	In first canyon south of camera pad 'Malo', San Clemente Island.	https://lichenportal.org/portal/collections/individual/index.php?occid=1489069
1467938	UC	UC1946442	D. H. Norris, Nancy M. Hillyard	108106	1.05	California	Shasta	40.428333	-121.63	outside_boundary_exact	California, Tehama County	at Heart Lake, west of Mount Lassen National Park, Lassen National Forest	https://lichenportal.org/portal/collections/individual/index.php?occid=1467938
1478671	UC	UC1946443	D. H. Norris, Nancy M. Hillyard	108113	1.05	California	Shasta	40.428333	-121.63	outside_boundary_exact	California, Tehama County	at Forest Service Road 17 near trailhead to Heart Lake near west boundary of Mount Lassen National Park in Lassen National Forest	https://lichenportal.org/portal/collections/individual/index.php?occid=1478671
1478698	UC	UC1943883	D. H. Norris, Nancy M. Hillyard	108117	1.05	California	Shasta	40.428333	-121.63	outside_boundary_exact	California, Tehama County	at Forest Service Road 17 near trailhead to Heart Lake near west boundary of Mount Lassen National Park in Lassen National Forest	https://lichenportal.org/portal/collections/individual/index.php?occid=1478698
1550404	UC	UC1775715	D. H. Norris, Nancy M. Hillyard	108061	1.05	California	Shasta	40.428333	-121.63	outside_boundary_exact	California, Tehama County	along trail to Heart Lake, west of Mount Lassen National Park, Lassen National Forest.	https://lichenportal.org/portal/collections/individual/index.php?occid=1550404
1550482	UC	UC1946790	D. H. Norris, Nancy M. Hillyard	108057A	1.05	California	Shasta	40.428333	-121.63	outside_boundary_exact	California, Tehama County	along trail to Heart Lake, west of Mount Lassen National Park, Lassen National Forest.	https://lichenportal.org/portal/collections/individual/index.php?occid=1550482
1550826	UC	UC1946791	D. H. Norris, Nancy M. Hillyard	108057B	1.05	California	Shasta	40.428333	-121.63	outside_boundary_exact	California, Tehama County	along trail to Heart Lake, west of Mount Lassen National Park, Lassen National Forest.	https://lichenportal.org/portal/collections/individual/index.php?occid=1550826
1550855	UC	UC1775708	D. H. Norris, Nancy M. Hillyard	108059	1.05	California	Shasta	40.428333	-121.63	outside_boundary_exact	California, Tehama County	along trail to Heart Lake, west of Mount Lassen National Park, Lassen National Forest.	https://lichenportal.org/portal/collections/individual/index.php?occid=1550855
1567945	UC	UC1946436	D. H. Norris, Nancy M. Hillyard	108060	1.05	California	Shasta	40.428333	-121.63	outside_boundary_exact	California, Tehama County	along trail to Heart Lake, west of Mount Lassen National Park, Lassen National Forest.	https://lichenportal.org/portal/collections/individual/index.php?occid=1567945
1630410	UC	UC1946433	D. H. Norris, Nancy M. Hillyard	108058A	1.05	California	Shasta	40.428333	-121.63	outside_boundary_exact	California, Tehama County	Along trail to Heart Lake, west of Mount Lassen National Park, Lassen National Forest.	https://lichenportal.org/portal/collections/individual/index.php?occid=1630410
1630421	UC	UC1946435	D. H. Norris, Nancy M. Hillyard	108058C	1.05	California	Shasta	40.428333	-121.63	outside_boundary_exact	California, Tehama County	Along trail to Heart Lake, west of Mount Lassen National Park, Lassen National Forest.	https://lichenportal.org/portal/collections/individual/index.php?occid=1630421
1630422	UC	UC1946434	D. H. Norris, Nancy M. Hillyard	108058B	1.05	California	Shasta	40.428333	-121.63	outside_boundary_exact	California, Tehama County	Along trail to Heart Lake, west of Mount Lassen National Park, Lassen National Forest.	https://lichenportal.org/portal/collections/individual/index.php?occid=1630422
1371333	UC	UC1997879	Judith Robertson, Robert Robertson	9377	1.02	California	Mono	37.453611	-118.198611	outside_boundary_exact	California, Inyo County	UC White Mountains Research Station. Shale outcrop above Schulman Grove.	https://lichenportal.org/portal/collections/individual/index.php?occid=1371333
1371334	UC	UC2005672	Judith Robertson, Robert Robertson	9379	1.02	California	Mono	37.453611	-118.198611	outside_boundary_exact	California, Inyo County	UC White Mountains Research Station. Shale outcrop above Schulman Grove.	https://lichenportal.org/portal/collections/individual/index.php?occid=1371334
1371335	UC	UC1997880	Judith Robertson, Robert Robertson	9384	1.02	California	Mono	37.453611	-118.198611	outside_boundary_exact	California, Inyo County	UC White Mountains Research Station. Shale outcrop above Schulman Grove.	https://lichenportal.org/portal/collections/individual/index.php?occid=1371335
1371336	UC	UC2005673	Judith Robertson, Robert Robertson	9384b	1.02	California	Mono	37.453611	-118.198611	outside_boundary_exact	California, Inyo County	UC White Mountains Research Station. Shale outcrop above Schulman Grove.	https://lichenportal.org/portal/collections/individual/index.php?occid=1371336
1371337	UC	UC2005669	Judith Robertson, Robert Robertson	9386	1.02	California	Mono	37.453611	-118.198611	outside_boundary_exact	California, Inyo County	UC White Mountains Research Station. Shale outcrop above Schulman Grove.	https://lichenportal.org/portal/collections/individual/index.php?occid=1371337
1371338	UC	UC2005670	Judith Robertson, Robert Robertson	9390	1.02	California	Mono	37.453611	-118.198611	outside_boundary_exact	California, Inyo County	UC White Mountains Research Station. Shale outcrop above Schulman Grove.	https://lichenportal.org/portal/collections/individual/index.php?occid=1371338
1377628	UC	UC1997907	Judith Robertson, Robert Robertson	9385	1.02	California	Mono	37.453611	-118.198611	outside_boundary_exact	California, Inyo County	UC White Mountains Research Station. Shale outcrop above Schulman Grove.	https://lichenportal.org/portal/collections/individual/index.php?occid=1377628
1377629	UC	UC1997908	Judith Robertson, Robert Robertson	9385b	1.02	California	Mono	37.453611	-118.198611	outside_boundary_exact	California, Inyo County	UC White Mountains Research Station. Shale outcrop above Schulman Grove.	https://lichenportal.org/portal/collections/individual/index.php?occid=1377629
1422903	UC	UC1997936	Judith Robertson, Robert Robertson	9387	1.02	California	Mono	37.453611	-118.198611	outside_boundary_exact	California, Inyo County	UC White Mountains Research Station. Shale outcrop above Schulman Grove.	https://lichenportal.org/portal/collections/individual/index.php?occid=1422903
1422904	UC	UC1997935	Judith Robertson, Robert Robertson	9387b	1.02	California	Mono	37.453611	-118.198611	outside_boundary_exact	California, Inyo County	UC White Mountains Research Station. Shale outcrop above Schulman Grove.	https://lichenportal.org/portal/collections/individual/index.php?occid=1422904
1436480	UC	UC1997937	Judith Robertson, Robert Robertson	9388	1.02	California	Mono	37.453611	-118.198611	outside_boundary_exact	California, Inyo County	UC White Mountains Research Station. Shale outcrop above Schulman Grove.	https://lichenportal.org/portal/collections/individual/index.php?occid=1436480
1464529	UC	UC1967849	Judith Robertson, Robert Robertson	9375	1.02	California	Mono	37.453611	-118.198611	outside_boundary_exact	California, Inyo County	UC White Mountains Research Station. Shale outcrop above Schulman Grove.	https://lichenportal.org/portal/collections/individual/index.php?occid=1464529
1464531	UC	UC1998051	Judith Robertson, Robert Robertson	9375b	1.02	California	Mono	37.453611	-118.198611	outside_boundary_exact	California, Inyo County	UC White Mountains Research Station. Shale outcrop above Schulman Grove.	https://lichenportal.org/portal/collections/individual/index.php?occid=1464531
1464579	UC	UC2005668	Judith Robertson, Robert Robertson	9391	1.02	California	Mono	37.453611	-118.198611	outside_boundary_exact	California, Inyo County	UC White Mountains Research Station. Shale outcrop above Schulman Grove.	https://lichenportal.org/portal/collections/individual/index.php?occid=1464579
1482714	UC	UC2000625	Judith Robertson, Robert Robertson	9383	1.02	California	Mono	37.453611	-118.198611	outside_boundary_exact	California, Inyo County	University of California White Mountain Research Station. Shale outcrop above Schulman Grove.	https://lichenportal.org/portal/collections/individual/index.php?occid=1482714
1482874	UC	UC1997644	Judith Robertson, Robert Robertson	9394	1.02	California	Mono	37.453611	-118.198611	outside_boundary_exact	California, Inyo County	UC White Mountains Research Station. Shale outcrop above Schulman Grove.	https://lichenportal.org/portal/collections/individual/index.php?occid=1482874
1482887	UC	UC1997645	Judith Robertson, Robert Robertson	9376	1.02	California	Mono	37.453611	-118.198611	outside_boundary_exact	California, Inyo County	UC White Mountains Research Station. Shale outcrop above Schulman Grove.	https://lichenportal.org/portal/collections/individual/index.php?occid=1482887
1497256	UC	UC1967778	Judith Robertson, Robert Robertson	9393	1.02	California	Mono	37.453611	-118.198611	outside_boundary_exact	California, Inyo County	University of California White Mountain Research Station. Shale outcrop above Schulman Grove.	https://lichenportal.org/portal/collections/individual/index.php?occid=1497256
1510228	UC	UC1967788	Judith Robertson, Robert Robertson	9382c	1.02	California	Mono	37.453611	-118.198611	outside_boundary_exact	California, Inyo County	UC White Mountains Research Station. Shale outcrop above Schulman Grove.	https://lichenportal.org/portal/collections/individual/index.php?occid=1510228
1510241	UC	UC1967787	Judith Robertson, Robert Robertson	9382	1.02	California	Mono	37.453611	-118.198611	outside_boundary_exact	California, Inyo County	UC White Mountains Research Station. Shale outcrop above Schulman Grove.	https://lichenportal.org/portal/collections/individual/index.php?occid=1510241
1510245	UC	UC1967789	Judith Robertson, Robert Robertson	9382b	1.02	California	Mono	37.453611	-118.198611	outside_boundary_exact	California, Inyo County	UC White Mountains Research Station. Shale outcrop above Schulman Grove.	https://lichenportal.org/portal/collections/individual/index.php?occid=1510245
1564886	UC	UC1997938	Judith Robertson, Robert Robertson	9381	1.02	California	Mono	37.453611	-118.198611	outside_boundary_exact	California, Inyo County	University of California White Mountains Research Station, shale outcrop above Schulman Grove.	https://lichenportal.org/portal/collections/individual/index.php?occid=1564886
1631034	UC	UC1998114	Judith Robertson, Robert Robertson	9380	1.02	California	Mono	37.453611	-118.198611	outside_boundary_exact	California, Inyo County	UC White Mountains Research Station. Shale outcrop above Schulman Grove.	https://lichenportal.org/portal/collections/individual/index.php?occid=1631034
1631105	UC	UC1967621	Judith Robertson, Ronald Robertson	9392	1.02	California	Mono	37.453611	-118.198611	outside_boundary_exact	California, Inyo County	University of California White Mountains Research Station, above Schulman Grove	https://lichenportal.org/portal/collections/individual/index.php?occid=1631105
1645730	UC	UC1967636	Judith Robertson, Ronald Robertson	9378	1.02	California	Mono	37.453611	-118.198611	outside_boundary_exact	California, Inyo County	University of California White Mountains, Research Station, shale outcrop above Schulman Grove	https://lichenportal.org/portal/collections/individual/index.php?occid=1645730
1371351	UC	UC1968068	Judith Robertson	7192	0.98	California	Mono	37.453889	-118.197778	outside_boundary_exact	California, Inyo County	White Mountains Road	https://lichenportal.org/portal/collections/individual/index.php?occid=1371351
1559447	UC	UC1968045	Judith Robertson	7190b	0.98	California	Mono	37.453889	-118.197778	outside_boundary_exact	California, Inyo County	White Mountains Road	https://lichenportal.org/portal/collections/individual/index.php?occid=1559447
1559458	UC	UC1968046	Judith Robertson	7190a	0.98	California	Mono	37.453889	-118.197778	outside_boundary_exact	California, Inyo County	White Mountains Road	https://lichenportal.org/portal/collections/individual/index.php?occid=1559458
1615560	UC	UC1968047	Judith Robertson	7188	0.98	California	Mono	37.453889	-118.197778	outside_boundary_exact	California, Inyo County	White Mountains Road	https://lichenportal.org/portal/collections/individual/index.php?occid=1615560
1631033	UC	UC1968071	Judith Robertson	7187	0.98	California	Mono	37.453889	-118.197778	outside_boundary_exact	California, Inyo County	White Mountains Road	https://lichenportal.org/portal/collections/individual/index.php?occid=1631033
1650541	UC	UC1968072	Judith Robertson	7186b	0.98	California	Mono	37.453889	-118.197778	outside_boundary_exact	California, Inyo County	White Mountains Road	https://lichenportal.org/portal/collections/individual/index.php?occid=1650541
1650542	UC	UC1968044	Judith Robertson	7186a	0.98	California	Mono	37.453889	-118.197778	outside_boundary_exact	California, Inyo County	White Mountains Road	https://lichenportal.org/portal/collections/individual/index.php?occid=1650542
1475747	UC	UC1946437	D. H. Norris, Nancy M. Hillyard	108070	0.74	California	Shasta	40.431667	-121.615	outside_boundary_exact	California, Tehama County	Along trail to Heart Lake, west of Mount Lassen National Park, Lassen National Forest	https://lichenportal.org/portal/collections/individual/index.php?occid=1475747
1550084	UC	UC1775748	D. H. Norris, Nancy M. Hillyard	108076	0.74	California	Shasta	40.431667	-121.615	outside_boundary_exact	California, Tehama County	along trail to Heart Lake, west of Mount Lassen National Park, Lassen National Forest	https://lichenportal.org/portal/collections/individual/index.php?occid=1550084
1550523	UC	UC1946794	D. H. Norris, Nancy M. Hillyard	108067B	0.74	California	Shasta	40.431667	-121.615	outside_boundary_exact	California, Tehama County	along trail to Heart Lake, west of Mount Lassen National Park, Lassen National Forest	https://lichenportal.org/portal/collections/individual/index.php?occid=1550523
1550827	UC	UC1946793	D. H. Norris, Nancy M. Hillyard	108067A	0.74	California	Shasta	40.431667	-121.615	outside_boundary_exact	California, Tehama County	along trail to Heart Lake, west of Mount Lassen National Park, Lassen National Forest	https://lichenportal.org/portal/collections/individual/index.php?occid=1550827
1550851	UC	UC1946792	D. H. Norris, Nancy M. Hillyard	108066	0.74	California	Shasta	40.431667	-121.615	outside_boundary_exact	California, Tehama County	along trail to Heart Lake, west of Mount Lassen National Park, Lassen National Forest	https://lichenportal.org/portal/collections/individual/index.php?occid=1550851
1571437	UC	UC1946795	D. H. Norris, Nancy M. Hillyard	108069	0.74	California	Shasta	40.431667	-121.615	outside_boundary_exact	California, Tehama County	along trail to Heart Lake, west of Mount Lassen National Park, Lassen National Forest	https://lichenportal.org/portal/collections/individual/index.php?occid=1571437
1550787	UC	UC1600323	Isabelle Tavares, Ellen Brubaker	2437b	0.73	California	Napa	38.67598	-122.62017	outside_boundary_exact	California, Lake County	Wooded slope, Mount St. Helena, ca. 1 mile east of R. L. Stevenson State Park	https://lichenportal.org/portal/collections/individual/index.php?occid=1550787
1550796	UC	UC1600320	Isabelle Tavares, Ellen Brubaker	2437c	0.73	California	Napa	38.67598	-122.62017	outside_boundary_exact	California, Lake County	Mount St. Helena, ca. 1 mile east of R. L. Stevenson State Park	https://lichenportal.org/portal/collections/individual/index.php?occid=1550796
1566496	UC	UC1600328	Isabelle Tavares, Ellen Brubaker	2437a	0.73	California	Napa	38.67598	-122.62017	outside_boundary_exact	California, Lake County	About 1 mile east of Robert L. Stevenson State Park, Mount St. Helena.	https://lichenportal.org/portal/collections/individual/index.php?occid=1566496
1599600	UC	UC1712841	James R. Shevock	12383	0.67	California	Tulare	35.8	-118	outside_boundary_exact	California, Inyo County	Along the Pacific Crest Trail east of Lamont Meadow and just north of the Kem-Tulare County line. BLM Owens Peak Wilderness, Kern Plateau. R37E, T24S, section 32.	https://lichenportal.org/portal/collections/individual/index.php?occid=1599600
1615581	UC	UC1711009	James R. Shevock	12384	0.67	California	Tulare	35.8	-118	outside_boundary_exact	California, Inyo County	Along the Pacific Crest Trail east of Lamont Meadow and just north of the Kem-Tulare County line. BLM Owens Peak Wilderness, Kern Plateau. R37E, T24S, section 32.	https://lichenportal.org/portal/collections/individual/index.php?occid=1615581
1371328	UC	UC2000097	Judith Robertson, Robert Robertson	7487	0.66	California	Sonoma	38.666667	-122.616667	outside_boundary_exact	California, Napa County	Robert Louis Stevenson State Park. Ridge northeast of North Peak.	https://lichenportal.org/portal/collections/individual/index.php?occid=1371328
1377613	UC	UC2000098	Judith Robertson, Robert Robertson	7494	0.66	California	Sonoma	38.666667	-122.616667	outside_boundary_exact	California, Napa County	Robert Louis Stevenson State Park. Ridge northeast of North Peak.	https://lichenportal.org/portal/collections/individual/index.php?occid=1377613
1380286	UC	UC2000107	Judith Robertson, Robert Robertson	7489	0.66	California	Sonoma	38.666667	-122.616667	outside_boundary_exact	California, Napa County	Robert Louis Stevenson State Park. Ridge northeast of North Peak.	https://lichenportal.org/portal/collections/individual/index.php?occid=1380286
1380287	UC	UC2000108	Judith Robertson, Robert Robertson	7508	0.66	California	Sonoma	38.666667	-122.616667	outside_boundary_exact	California, Napa County	Robert Louis Stevenson State Park. Ridge northeast of North Peak.	https://lichenportal.org/portal/collections/individual/index.php?occid=1380287
1383627	UC	UC2000110	Judith Robertson, Robert Robertson	7488	0.66	California	Sonoma	38.666667	-122.616667	outside_boundary_exact	California, Napa County	Robert Louis Stevenson State Park. Ridge northeast of North Peak.	https://lichenportal.org/portal/collections/individual/index.php?occid=1383627
1443281	UC	UC2000145	Judith Robertson, Robert Robertson	7497	0.66	California	Sonoma	38.666667	-122.616667	outside_boundary_exact	California, Napa County	Robert Louis Stevenson State Park. Ridge northeast of North Peak.	https://lichenportal.org/portal/collections/individual/index.php?occid=1443281
1481206	UC	UC1968887	Judith Robertson, Robert Robertson	7506	0.66	California	Sonoma	38.666667	-122.616667	outside_boundary_exact	California, Napa County	Robert Louis Stevenson State Park. Ridge northeast of North Peak.	https://lichenportal.org/portal/collections/individual/index.php?occid=1481206
1497221	UC	UC1985999	Judith Robertson, Robert Robertson	7495	0.66	California	Sonoma	38.666667	-122.616667	outside_boundary_exact	California, Napa County	Robert Louis Stevenson State Park. Ridge northeast of North Peak.	https://lichenportal.org/portal/collections/individual/index.php?occid=1497221
1552254	UC	UC1998077	Judith Robertson, Robert Robertson	7499	0.66	California	Sonoma	38.666667	-122.616667	outside_boundary_exact	California, Napa County	Robert Louis Stevenson State Park. Ridge northeast of North Peak.	https://lichenportal.org/portal/collections/individual/index.php?occid=1552254
1563335	UC	UC1975990	Judith Robertson, Robert Robertson	7483	0.66	California	Sonoma	38.666667	-122.616667	outside_boundary_exact	California, Napa County	Robert Louis Stevenson State Park; Ridge north east of North Peak	https://lichenportal.org/portal/collections/individual/index.php?occid=1563335
1566508	UC	UC1967806	Judith Robertson, Robert Robertson	7496	0.66	California	Sonoma	38.666667	-122.616667	outside_boundary_exact	California, Napa County	Robert Louis Stevenson State Park. Ridge NE of North Peak	https://lichenportal.org/portal/collections/individual/index.php?occid=1566508
1567389	UC	UC1967741	Judith Robertson, Robert Robertson	7493	0.66	California	Sonoma	38.666667	-122.616667	outside_boundary_exact	California, Napa County	Robert Louis Stevenson State Park. Ridge northeast of North Peak.	https://lichenportal.org/portal/collections/individual/index.php?occid=1567389
1567950	UC	UC1967745	Judith Robertson, Robert Robertson	7505	0.66	California	Sonoma	38.666667	-122.616667	outside_boundary_exact	California, Napa County	Robert Louis Stevenson State Park. Ridge northeast of North Peak.	https://lichenportal.org/portal/collections/individual/index.php?occid=1567950
1579338	UC	UC2000149	Judith Robertson, Robert Robertson	7490	0.66	California	Sonoma	38.666667	-122.616667	outside_boundary_exact	California, Napa County	Robert Louis Stevenson State Park, ridge northeast of North Peak	https://lichenportal.org/portal/collections/individual/index.php?occid=1579338
1579459	UC	UC1967688	Judith Robertson, Robert Robertson	7479	0.66	California	Sonoma	38.666667	-122.616667	outside_boundary_exact	California, Napa County	Robert Louis Stevenson State Park; Ridge northeast of North Peak	https://lichenportal.org/portal/collections/individual/index.php?occid=1579459
1579483	UC	UC1967689	Judith Robertson, Robert Robertson	7491	0.66	California	Sonoma	38.666667	-122.616667	outside_boundary_exact	California, Napa County	Robert Louis Stevenson State Park. Ridge northeast of North Peak.	https://lichenportal.org/portal/collections/individual/index.php?occid=1579483
1600189	UC	UC1967722	Judith Robertson, Robert Robertson	7507	0.66	California	Sonoma	38.666667	-122.616667	outside_boundary_exact	California, Napa County	Robert Louis Stevenson State Park. Ridge northeast of North Peak.	https://lichenportal.org/portal/collections/individual/index.php?occid=1600189
1602885	UC	UC1967654	Judith Robertson, Robert Robertson	7485	0.66	California	Sonoma	38.666667	-122.616667	outside_boundary_exact	California, Napa County	Robert Louis Stevenson State Park, ridge northeast of North Peak	https://lichenportal.org/portal/collections/individual/index.php?occid=1602885
1604027	UC	UC1967655	Judith Robertson, Robert Robertson	7484	0.66	California	Sonoma	38.666667	-122.616667	outside_boundary_exact	California, Napa County	Robert Louis Stevenson State Park, ridge northeast of North Peak	https://lichenportal.org/portal/collections/individual/index.php?occid=1604027
1605816	UC	UC1968383	Judith Robertson, Robert Robertson	7487	0.66	California	Sonoma	38.666667	-122.616667	outside_boundary_exact	California, Napa County	Robert Louis Stevenson State Park. Ridge northeast of North Peak.	https://lichenportal.org/portal/collections/individual/index.php?occid=1605816
1605885	UC	UC1968385	Judith Robertson, Robert Robertson	7482b	0.66	California	Sonoma	38.666667	-122.616667	outside_boundary_exact	California, Napa County	Robert Louis Stevenson State Park, ridge northeast of North Peak	https://lichenportal.org/portal/collections/individual/index.php?occid=1605885
1605889	UC	UC1968384	Judith Robertson, Robert Robertson	7482	0.66	California	Sonoma	38.666667	-122.616667	outside_boundary_exact	California, Napa County	Robert Louis Stevenson State Park; Ridge north east of North Peak	https://lichenportal.org/portal/collections/individual/index.php?occid=1605889
1609438	UC	UC1998102	Judith Robertson, Robert Robertson	7492	0.66	California	Sonoma	38.666667	-122.616667	outside_boundary_exact	California, Napa County	Robert Louis Stevenson State Park. Ridge northeast of North Peak.	https://lichenportal.org/portal/collections/individual/index.php?occid=1609438
1615358	UC	UC1968392	Judith Robertson, Robert Robertson	7475	0.66	California	Sonoma	38.666667	-122.616667	outside_boundary_exact	California, Napa County	Robert Louis Stevenson State Park; Ridge northeast of North Peak	https://lichenportal.org/portal/collections/individual/index.php?occid=1615358
1626390	UC	UC1968285	Judith Robertson, Robert Robertson	7478	0.66	California	Sonoma	38.666667	-122.616667	outside_boundary_exact	California, Napa County	Robert Louis Stevenson State Park. Ridge northeast of North Peak.	https://lichenportal.org/portal/collections/individual/index.php?occid=1626390
1630860	UC	UC1968404	Judith Robertson, Robert Robertson	7500	0.66	California	Sonoma	38.666667	-122.616667	outside_boundary_exact	California, Napa County	Robert Louis Stevenson State Park. Ridge northeast of North Peak.	https://lichenportal.org/portal/collections/individual/index.php?occid=1630860
1631012	UC	UC1968406	Judith Robertson, Robert Robertson	7498	0.66	California	Sonoma	38.666667	-122.616667	outside_boundary_exact	California, Napa County	Robert Louis Stevenson State Park. Ridge northeast of North Peak.	https://lichenportal.org/portal/collections/individual/index.php?occid=1631012
1645849	UC	UC1968410	Judith Robertson, Robert Robertson	7480	0.66	California	Sonoma	38.66667	-122.61667	outside_boundary_exact	California, Napa County	Robert Louis Stevenson State Park, ridge northeast of North Peak	https://lichenportal.org/portal/collections/individual/index.php?occid=1645849
1650470	UC	UC1967684	Judith Robertson, Robert Robertson	7481	0.66	California	Sonoma	38.666667	-122.616667	outside_boundary_exact	California, Napa County	Robert Louis Stevenson State Park; Ridge northeast of North Peak	https://lichenportal.org/portal/collections/individual/index.php?occid=1650470
1424902	UC	UC1946780	Nancy M. Hillyard	962	0.65	California	Modoc	41.178333	-120.208333	outside_boundary_exact	California, Lassen County	At road crossing of Mosquito Creek west of Patterson Campground of Modoc National Forest.	https://lichenportal.org/portal/collections/individual/index.php?occid=1424902
1478715	UC	UC1946645	D. H. Norris, Nancy M. Hillyard	108841	0.65	California	Modoc	41.178333	-120.208333	outside_boundary_exact	California, Lassen County	At road crossing of Mosquito Creek west of Patterson Campground of Modoc National Forest	https://lichenportal.org/portal/collections/individual/index.php?occid=1478715
1481099	UC	UC1946647	D. H. Norris, Nancy M. Hillyard	108476	0.65	California	Modoc	41.178333	-120.208333	outside_boundary_exact	California, Lassen County	at road crossing of Mosguito Creek west of Patterson Campground of Modoc National Forest	https://lichenportal.org/portal/collections/individual/index.php?occid=1481099
1483065	UC	UC1775731	D. H. Norris, Nancy M. Hillyard	108474	0.65	California	Modoc	41.178333	-120.208333	outside_boundary_exact	California, Lassen County	at road crossing of Mosguito Creek west of Patterson Campground of Modoc National Forest	https://lichenportal.org/portal/collections/individual/index.php?occid=1483065
1561949	UC	UC1946653	D. H. Norris, Nancy M. Hillyard	108472	0.65	California	Modoc	41.178333	-120.208333	outside_boundary_exact	California, Lassen County	At road crossing of Mosguito Creek west of Patterson Campground of Modoc National Forest	https://lichenportal.org/portal/collections/individual/index.php?occid=1561949
1563051	UC	UC1946646	D. H. Norris, Nancy M. Hillyard	108480	0.65	California	Modoc	41.178333	-120.208333	outside_boundary_exact	California, Lassen County	at road crossing of Mosguito Creek west of Patterson Campground of Modoc National Forest	https://lichenportal.org/portal/collections/individual/index.php?occid=1563051
1615691	UC	UC1946604	Nancy M. Hillyard	964	0.65	California	Modoc	41.178333	-120.208333	outside_boundary_exact	California, Lassen County	Road crossing of Mosquito Creek west of Patterson Campground of Modoc National Forest.	https://lichenportal.org/portal/collections/individual/index.php?occid=1615691
1478947	UC	UC1992954	Nancy M. Hillyard	1321	0.64	California	Alameda	37.895	-122.242833	outside_boundary_exact	California, Contra Costa County	Along Grizzly Peak Trail, Tilden Park of East Bay Regional Parks District.	https://lichenportal.org/portal/collections/individual/index.php?occid=1478947
1564879	UC	UC1992937	Nancy M. Hillyard	1324A	0.64	California	Alameda	37.895	-122.242833	outside_boundary_exact	California, Contra Costa County	Along Grizzly Peak Trail, Tilden Park of East Bay Regional Parks District.	https://lichenportal.org/portal/collections/individual/index.php?occid=1564879
1599147	UC	UC1989347	Nancy M. Hillyard	1324B	0.64	California	Alameda	37.895	-122.242833	outside_boundary_exact	California, Contra Costa County	Along Grizzly Peak Trail, Tilden Park of East Bay Regional Parks District.	https://lichenportal.org/portal/collections/individual/index.php?occid=1599147
1598807	UC	UC2012549	Nancy M. Hillyard	798	0.58	California	Alameda	37.8989	-122.24802	outside_boundary_exact	California, Contra Costa County	Tilden Regional Park, Mineral Springs.	https://lichenportal.org/portal/collections/individual/index.php?occid=1598807
2937803	UC	UC2050062	Krikor Andonian	s.n.	0.58	California	Inyo	37.467917	-118.1652	outside_boundary_exact	California, Mono County	White Mountains, Campedo Mountain	https://lichenportal.org/portal/collections/individual/index.php?occid=2937803
1488256	UC	UC2020891	Mariette S. Cole	7931	0.48	California	San Mateo	37.322222	-122.171944	outside_boundary_exact	California, Santa Clara County	Los Trancos Open Area, Palo Alto Hills north of Page Mill Road.	https://lichenportal.org/portal/collections/individual/index.php?occid=1488256
1495568	UC	UC2021580	Mariette S. Cole	7930	0.48	California	San Mateo	37.322222	-122.171944	outside_boundary_exact	California, Santa Clara County	Los Trancos Open Area, Palo Alto Hills north of Page Mill Road	https://lichenportal.org/portal/collections/individual/index.php?occid=1495568
1510487	UC	UC2021070	Mariette S. Cole	7921	0.48	California	San Mateo	37.322222	-122.171944	outside_boundary_exact	California, Santa Clara County	Los Trancos Open Area, Palo Alto Hills north of Page Mill Road	https://lichenportal.org/portal/collections/individual/index.php?occid=1510487
1579470	UC	UC2020980	Mariette S. Cole	7928	0.48	California	San Mateo	37.322222	-122.171944	outside_boundary_exact	California, Santa Clara County	Los Trancos Open Area, Palo Alto Hills north of Page Mill Road	https://lichenportal.org/portal/collections/individual/index.php?occid=1579470
1581952	UC	UC2021699	Mariette S. Cole	7902	0.48	California	San Mateo	37.322222	-122.171944	outside_boundary_exact	California, Santa Clara County	Los Trancos Open Area, Aplo Alto Hills north of page Mill road. Deciduous oak woods	https://lichenportal.org/portal/collections/individual/index.php?occid=1581952
1581996	UC	UC2021587	Mariette S. Cole	7900	0.48	California	San Mateo	37.322222	-122.171944	outside_boundary_exact	California, Santa Clara County	Los Trancos Open Area, Palo Alto Hills north of Page Mill Road	https://lichenportal.org/portal/collections/individual/index.php?occid=1581996
1585226	UC	UC2021469	Mariette S. Cole	7925	0.48	California	San Mateo	37.322222	-122.171944	outside_boundary_exact	California, Santa Clara County	Los Trancos Open Area, Palo Alto Hills north of Page Mill Road	https://lichenportal.org/portal/collections/individual/index.php?occid=1585226
1590130	UC	UC2021471	Mariette S. Cole	7932	0.48	California	San Mateo	37.322222	-122.171944	outside_boundary_exact	California, Santa Clara County	Los Trancos Open Area, Palo Alto Hills north of Page Mill Road	https://lichenportal.org/portal/collections/individual/index.php?occid=1590130
1599533	UC	UC2021635	Mariette S. Cole	7933	0.48	California	San Mateo	37.322222	-122.171944	outside_boundary_exact	California, Santa Clara County	Los Trancos Open Area, Palo Alto Hills north of Page Mill Road	https://lichenportal.org/portal/collections/individual/index.php?occid=1599533
1609634	UC	UC2021615	Mariette S. Cole	7923	0.48	California	San Mateo	37.322222	-122.171944	outside_boundary_exact	California, Santa Clara County	Los Trancos Open Area, Palo Alto Hills north of Page Mill Road	https://lichenportal.org/portal/collections/individual/index.php?occid=1609634
1609690	UC	UC2021641	Mariette S. Cole	7927	0.48	California	San Mateo	37.322222	-122.171944	outside_boundary_exact	California, Santa Clara County	Los Trancos Open Area, Palo Alto Hills north of Page Mill Road	https://lichenportal.org/portal/collections/individual/index.php?occid=1609690
1622546	UC	UC2021623	Mariette S. Cole	7929	0.48	California	San Mateo	37.322222	-122.171944	outside_boundary_exact	California, Santa Clara County	Los Trancos Open Area, Palo Alto Hills north of Page Mill Road	https://lichenportal.org/portal/collections/individual/index.php?occid=1622546
1622547	UC	UC2021622	Mariette S. Cole	7922	0.48	California	San Mateo	37.322222	-122.171944	outside_boundary_exact	California, Santa Clara County	Los Trancos Open Area, Palo Alto Hills north of Page Mill Road. Deciduous oak woods	https://lichenportal.org/portal/collections/individual/index.php?occid=1622547
4793195	UC	UC2021700	Mariette S. Cole	7924	0.48	California	San Mateo	37.322222	-122.171944	outside_boundary_exact	California, Santa Clara County	Los Trancos Open Area, Palo Alto Hills north of Page Mill Road.	https://lichenportal.org/portal/collections/individual/index.php?occid=4793195
1598810	UC	UC1989352	Nancy M. Hillyard	1316	0.47	California	Alameda	37.895	-122.245	outside_boundary_exact	California, Contra Costa County	Along Gorge Trail above Lake Anza, Tilden Park of East Bay Regional Parks District.	https://lichenportal.org/portal/collections/individual/index.php?occid=1598810
1503181	UC	UC1968872	Judith Robertson, Robert Robertson	6380	0.4	California	Tuolumne	38.261317	-120.279283	outside_boundary_exact	California, Calaveras County	Calaveras State Park. Lava Bluffs Trail.	https://lichenportal.org/portal/collections/individual/index.php?occid=1503181
1373780	UC	UC1997762	Judith Robertson, Robert Robertson	6401a	0.39	California	Tuolumne	38.2613	-120.27905	outside_boundary_exact	California, Calaveras County	Calaveras State Park, Lava Bluffs Trail	https://lichenportal.org/portal/collections/individual/index.php?occid=1373780
1375843	UC	UC1997763	Judith Robertson, Robert Robertson	6401b	0.39	California	Tuolumne	38.2613	-120.27905	outside_boundary_exact	California, Calaveras County	Calaveras State Park, Lava Bluffs Trail	https://lichenportal.org/portal/collections/individual/index.php?occid=1375843
1377570	UC	UC2002890	Judith Robertson, Robert Robertson	6387	0.39	California	Tuolumne	38.2613	-120.27905	outside_boundary_exact	California, Calaveras County	Calaveras State Park, Lava Bluffs Trail	https://lichenportal.org/portal/collections/individual/index.php?occid=1377570
1383631	UC	UC2002894	Judith Robertson, Robert Robertson	6388	0.39	California	Tuolumne	38.2613	-120.27905	outside_boundary_exact	California, Calaveras County	Calaveras State Park, Lava Bluffs Trail	https://lichenportal.org/portal/collections/individual/index.php?occid=1383631
1424980	UC	UC2000811	Judith Robertson, Robert Robertson	6397	0.39	California	Tuolumne	38.2613	-120.27905	outside_boundary_exact	California, Calaveras County	Calaveras State Park, Lava Bluffs Trail	https://lichenportal.org/portal/collections/individual/index.php?occid=1424980
1425430	UC	UC1997785	Judith Robertson, Robert Robertson	6402	0.39	California	Tuolumne	38.2613	-120.27905	outside_boundary_exact	California, Calaveras County	Calaveras State Park, Lava Bluffs Trail	https://lichenportal.org/portal/collections/individual/index.php?occid=1425430
1439450	UC	UC1997802	Judith Robertson, Robert Robertson	6396	0.39	California	Tuolumne	38.2613	-120.27905	outside_boundary_exact	California, Calaveras County	Calaveras State Park, Lava Bluffs Trail	https://lichenportal.org/portal/collections/individual/index.php?occid=1439450
1443387	UC	UC1997816	Judith Robertson, Robert Robertson	6390	0.39	California	Tuolumne	38.2613	-120.27905	outside_boundary_exact	California, Calaveras County	Calaveras State Park, Lava Bluffs Trail	https://lichenportal.org/portal/collections/individual/index.php?occid=1443387
1443467	UC	UC1997812	Judith Robertson, Robert Robertson	6404	0.39	California	Tuolumne	38.2613	-120.27905	outside_boundary_exact	California, Calaveras County	Calaveras State Park, Lava Bluffs Trail	https://lichenportal.org/portal/collections/individual/index.php?occid=1443467
1448081	UC	UC1997823	Judith Robertson, Robert Robertson	6400	0.39	California	Tuolumne	38.2613	-120.27905	outside_boundary_exact	California, Calaveras County	Calaveras State Park, Lava Bluffs Trail	https://lichenportal.org/portal/collections/individual/index.php?occid=1448081
1448082	UC	UC1997825	Judith Robertson, Robert Robertson	6393	0.39	California	Tuolumne	38.2613	-120.27905	outside_boundary_exact	California, Calaveras County	Calaveras State Park, Lava Bluffs Trail	https://lichenportal.org/portal/collections/individual/index.php?occid=1448082
1503195	UC	UC1968873	Judith Robertson, Robert Robertson	6380b	0.39	California	Tuolumne	38.2613	-120.27905	outside_boundary_exact	California, Calaveras County	Calaveras State Park. Lava Bluffs Trail.	https://lichenportal.org/portal/collections/individual/index.php?occid=1503195
1552551	UC	UC2005733	Judith Robertson, Robert Robertson	6381	0.39	California	Tuolumne	38.2613	-120.27905	outside_boundary_exact	California, Calaveras County	Calaveras State Park. Lava Bluffs Trail.	https://lichenportal.org/portal/collections/individual/index.php?occid=1552551
1552555	UC	UC2005735	Judith Robertson, Robert Robertson	6406	0.39	California	Tuolumne	38.2613	-120.27905	outside_boundary_exact	California, Calaveras County	Calaveras State Park, Lava Bluffs Trail	https://lichenportal.org/portal/collections/individual/index.php?occid=1552555
1563222	UC	UC2002891	Judith Robertson, Robert Robertson	6386a	0.39	California	Tuolumne	38.2613	-120.27905	outside_boundary_exact	California, Calaveras County	Calaveras State Park, Lava Bluffs Trail	https://lichenportal.org/portal/collections/individual/index.php?occid=1563222
1563223	UC	UC2002892	Judith Robertson, Robert Robertson	6386c	0.39	California	Tuolumne	38.2613	-120.27905	outside_boundary_exact	California, Calaveras County	Calaveras State Park, Lava Bluffs Trail	https://lichenportal.org/portal/collections/individual/index.php?occid=1563223
1563224	UC	UC2002893	Judith Robertson, Robert Robertson	6386b	0.39	California	Tuolumne	38.2613	-120.27905	outside_boundary_exact	California, Calaveras County	Calaveras State Park, Lava Bluffs Trail	https://lichenportal.org/portal/collections/individual/index.php?occid=1563224
1566541	UC	UC1997792	Judith Robertson, Robert Robertson	6389	0.39	California	Tuolumne	38.2613	-120.27905	outside_boundary_exact	California, Calaveras County	Calaveras State Park, Lava Bluffs Trail	https://lichenportal.org/portal/collections/individual/index.php?occid=1566541
1626087	UC	UC1975534	Judith Robertson, Robert Robertson	6399	0.39	California	Tuolumne	38.2613	-120.27905	outside_boundary_exact	California, Calaveras County	Calaveras State Park, Lava Bluffs Trail	https://lichenportal.org/portal/collections/individual/index.php?occid=1626087
1596290	UC	UC1768151	D. H. Norris	103301	0.37	California	Calaveras	38.501389	-120.189722	outside_boundary_exact	California, Amador County	North shore of Salt Spring Reservoir, Eldorado National Forest.	https://lichenportal.org/portal/collections/individual/index.php?occid=1596290
1566274	UC	UC2000134	Judith Robertson, Robert Robertson	7472	0.36	California	Lake	38.666667	-122.616667	outside_boundary_exact	California, Napa County	Robert Louis Stevenson State Park, west side of North Peak	https://lichenportal.org/portal/collections/individual/index.php?occid=1566274
1371293	UC	UC2004699	Judith Robertson	9839	0.33	California	Sierra	39.703056	-120.658333	outside_boundary_exact	California, Plumas County	Gold Lake Road. North of Gold Lake.	https://lichenportal.org/portal/collections/individual/index.php?occid=1371293
1375851	UC	UC2004702	Judith Robertson	9832	0.33	California	Sierra	39.703056	-120.658333	outside_boundary_exact	California, Plumas County	Gold Lake Road; north of Gold Lake	https://lichenportal.org/portal/collections/individual/index.php?occid=1375851
1380353	UC	UC2004695	Ronald Robertson	9845	0.33	California	Sierra	39.703056	-120.658333	outside_boundary_exact	California, Plumas County	Gold Lake Road, north of Gold Lake.	https://lichenportal.org/portal/collections/individual/index.php?occid=1380353
1389285	UC	UC1991992	Judith Robertson	9836	0.33	California	Sierra	39.703056	-120.658333	outside_boundary_exact	California, Plumas County	Gold Lake Road; north of Gold Lake	https://lichenportal.org/portal/collections/individual/index.php?occid=1389285
1422531	UC	UC2004718	Ronald Robertson	9838	0.33	California	Sierra	39.703056	-120.658333	outside_boundary_exact	California, Plumas County	Gold Lake Road. North of Gold Lake.	https://lichenportal.org/portal/collections/individual/index.php?occid=1422531
1443596	UC	UC2004824	Ronald Robertson	9847	0.33	California	Sierra	39.703056	-120.658333	outside_boundary_exact	California, Plumas County	Gold Lake Road. North of Gold Lake.	https://lichenportal.org/portal/collections/individual/index.php?occid=1443596
1447990	UC	UC2005002	Ronald Robertson	9973	0.33	California	Sierra	39.703056	-120.658333	outside_boundary_exact	California, Plumas County	Gold Lake Road, North of Gold Lake.	https://lichenportal.org/portal/collections/individual/index.php?occid=1447990
1483688	UC	UC1968355	Judith Robertson	9852	0.33	California	Sierra	39.703056	-120.658333	outside_boundary_exact	California, Plumas County	SFSU Sierra nevada Field Station, 6 miles northeast of Sierra City on Highway 49	https://lichenportal.org/portal/collections/individual/index.php?occid=1483688
1549922	UC	UC1992079	Judith Robertson	9850	0.33	California	Sierra	39.703056	-120.658333	outside_boundary_exact	California, Plumas County	SFSU Sierra nevada Field Station, 6 miles northeast of Sierra City on Highway 49	https://lichenportal.org/portal/collections/individual/index.php?occid=1549922
1559590	UC	UC1992081	Ronald Robertson	9844	0.33	California	Sierra	39.703056	-120.658333	outside_boundary_exact	California, Plumas County	Gold Lake Road. North of Gold Lake.	https://lichenportal.org/portal/collections/individual/index.php?occid=1559590
1559705	UC	UC1992214	Judith Robertson	9837	0.33	California	Sierra	39.703056	-120.658333	outside_boundary_exact	California, Plumas County	Gold Lake Road, North of Gold Lake.	https://lichenportal.org/portal/collections/individual/index.php?occid=1559705
1562021	UC	UC1992082	Judith Robertson	9834	0.33	California	Sierra	39.703056	-120.658333	outside_boundary_exact	California, Plumas County	Gold Lake Road; north of Gold Lake	https://lichenportal.org/portal/collections/individual/index.php?occid=1562021
1581960	UC	UC1992230	Judith Robertson	9849	0.33	California	Sierra	39.703056	-120.658333	outside_boundary_exact	California, Plumas County	SFSU Sierra nevada Field Station, 6 miles northeast of Sierra City on Highway 49	https://lichenportal.org/portal/collections/individual/index.php?occid=1581960
1609464	UC	UC1992242	Ronald Robertson	9842	0.33	California	Sierra	39.703056	-120.658333	outside_boundary_exact	California, Plumas County	Gold Lake Road. North of Gold Lake.	https://lichenportal.org/portal/collections/individual/index.php?occid=1609464
1626212	UC	UC2004827	Ronald Robertson	9848b	0.33	California	Sierra	39.703056	-120.658333	outside_boundary_exact	California, Plumas County	Gold Lake Road. North of Gold Lake.	https://lichenportal.org/portal/collections/individual/index.php?occid=1626212
1626228	UC	UC2004828	Ronald Robertson	9848	0.33	California	Sierra	39.703056	-120.658333	outside_boundary_exact	California, Plumas County	Gold Lake Road. North of Gold Lake.	https://lichenportal.org/portal/collections/individual/index.php?occid=1626228
1630852	UC	UC1992244	Judith Robertson	9835	0.33	California	Sierra	39.703056	-120.658333	outside_boundary_exact	California, Plumas County	Gold Lake Road; north of Gold Lake	https://lichenportal.org/portal/collections/individual/index.php?occid=1630852
1631161	UC	UC2004829	Ronald Robertson	9843	0.33	California	Sierra	39.703056	-120.658333	outside_boundary_exact	California, Plumas County	Gold Lake Road. North of Gold Lake.	https://lichenportal.org/portal/collections/individual/index.php?occid=1631161
1481090	UC	UC1968880	Judith Robertson, Robert Robertson	6496	0.3	California	Tuolumne	38.260917	-120.278117	outside_boundary_exact	California, Calaveras County	Calaveras State Park. Lava Bluffs Trail.	https://lichenportal.org/portal/collections/individual/index.php?occid=1481090
1630928	UC	UC1968856	Judith Robertson, Robert Robertson	6495	0.3	California	Tuolumne	38.260917	-120.278117	outside_boundary_exact	California, Calaveras County	Calaveras State Park. Lava Bluffs Trail.	https://lichenportal.org/portal/collections/individual/index.php?occid=1630928
1487466	UC	UC1799458	S. Holt	08-058-SH-6	0.25	California	Mendocino	39.620545	-122.886182	outside_boundary_exact	California, Glenn County	Mendocino National Forest, Covelo District.	https://lichenportal.org/portal/collections/individual/index.php?occid=1487466
1568023	UC	UC1799861	S. Holt	08-058-sh-3	0.25	California	Mendocino	39.620545	-122.886182	outside_boundary_exact	California, Glenn County	Mendocino National Forest, Covelo District.	https://lichenportal.org/portal/collections/individual/index.php?occid=1568023
1594429	UC	UC1799757	S. Holt	08-058-SH-5	0.25	California	Mendocino	39.620545	-122.886182	outside_boundary_exact	California, Glenn County	Mendocino National Forest, Covelo District.	https://lichenportal.org/portal/collections/individual/index.php?occid=1594429
1597357	UC	UC1799752	C. Carpenter	08-058-CMC-1	0.25	California	Mendocino	39.620545	-122.886182	outside_boundary_exact	California, Glenn County	Mendocino National Forest, Covelo District.	https://lichenportal.org/portal/collections/individual/index.php?occid=1597357
1602902	UC	UC1800185	C. Carpenter	08-058-CMC-3	0.25	California	Mendocino	39.620545	-122.886182	outside_boundary_exact	California, Glenn County	Mendocino National Forest, Covelo District.	https://lichenportal.org/portal/collections/individual/index.php?occid=1602902
1630428	UC	UC1799612	S. Holt	08-058-SH-1	0.25	California	Mendocino	39.620545	-122.886182	outside_boundary_exact	California, Glenn County	Mendocino National Forest, Covelo District.	https://lichenportal.org/portal/collections/individual/index.php?occid=1630428
1630432	UC	UC1799613	M. Uribe	08-058-MU-2	0.25	California	Mendocino	39.620545	-122.8861824034	outside_boundary_exact	California, Glenn County	Mendocino National forest, Covelo District	https://lichenportal.org/portal/collections/individual/index.php?occid=1630432
1645826	UC	UC1799619	D. Toren	058-44	0.25	California	Mendocino	39.620545	-122.886182	outside_boundary_exact	California, Glenn County	Mendocino National Forest, Covelo District	https://lichenportal.org/portal/collections/individual/index.php?occid=1645826
1630620	UC	UC1946788	D. H. Norris, Nancy M. Hillyard	108048	0.24	California	Trinity	41.3337	-122.631667	outside_boundary_exact	California, Siskiyou County	Along trail on northeast side of Kangaroo Lake, Klamath National Forest.	https://lichenportal.org/portal/collections/individual/index.php?occid=1630620
3029881	UC	UC1863657	Kerry Knudsen	5239	0.21	California	Riverside	34.03444	-116.34778	outside_boundary_exact	California, San Bernardino County	Mojave Desert, Eureka Peak, Little San Bernardino Mountains, Joshua Tree National Park, north of summit in canyon, Joshua Tree South Quad	https://lichenportal.org/portal/collections/individual/index.php?occid=3029881
1466142	UC	UC1937150	Henry A. Imshaug	18132	0.15	California	Fresno	37.116665	-118.544829	outside_boundary_exact	California, Inyo County	Bishop Pass, Sierra Nevada, Fresno/Inyo Co.	https://lichenportal.org/portal/collections/individual/index.php?occid=1466142
1581771	UC	UC795978	Albert W. C. T. Herre	s.n.	0.11	California	San Mateo	37.37	-122.2	outside_boundary_exact	California, Santa Clara County	Searsville ridge, Los Trancos road, Santa Cruz Mountains.	https://lichenportal.org/portal/collections/individual/index.php?occid=1581771
1571414	UC	UC1711010	James R. Shevock, Dana York	12378	0.04	California	Tulare	35.8125	-118.00833	outside_boundary_exact	California, Inyo County	Along the Pacific Crest Trail east of Lamont Meadow, BLM Owens Peak Wilderness, Kern Plateau. R37E, T24S, section 29.	https://lichenportal.org/portal/collections/individual/index.php?occid=1571414
1615689	UC	UC1711011	James R. Shevock, Dana York	12377	0.04	California	Tulare	35.8125	-118.00833	outside_boundary_exact	California, Inyo County	Along the Pacific Crest Trail east of Lamont Meadow, BLM Owens Peak Wilderness, Kern Plateau. R37E, T24S, section 29.	https://lichenportal.org/portal/collections/individual/index.php?occid=1615689
1626439	UC	UC1775737	D. H. Norris, James R. Shevock	103262	0.01	California	Amador	38.488611	-120.236389	outside_boundary_exact	California, Calaveras County	On south facing slopes above road to Salt Springs Reservoir about 3 miles west of that Reservoir.	https://lichenportal.org/portal/collections/individual/index.php?occid=1626439
