id	institutionCode	catalogNumber	recordedBy	recordNumber	distance_km	distance_max_km	state	county	decimalLatitude	decimalLongitude	status	implied_location	locality	record_link
5077740	OSC	OSC-M-051919	J. Di Meglio	204	206.84	336.52	Washington	Clallam	46.1116	-122.0183	outside_boundary_exact	Washington, Skamania County	West of Forks, WA. On Mora Rd to Mora Ranger Station; take Slough trail.	https://lichenportal.org/portal/collections/individual/index.php?occid=5077740
6024355	OSC	124005	A. Mikulin	1200	99.03	245.16	Washington	Clallam	48.149	-121.5827	outside_boundary_exact	Washington, Snohomish County	Olympic National Park. From Hwy 112 go s on Sooes Beach Rd to gate, then s 6.5 km to ck before Point of Arches; 0.5 km upstream on lower 1/3 of ene hill slope. Plot No. 22132.	https://lichenportal.org/portal/collections/individual/index.php?occid=6024355
3447360	OSC	OSC-M-242931	Scott Rash	50367-2	54.21	171.37	Washington	Whatcom	48.149228	-121.399333	outside_boundary_exact	Washington, Snohomish County	NA	https://lichenportal.org/portal/collections/individual/index.php?occid=3447360
5426662	OSC	109849	B. Ryan	30150	41.24	167.2	Washington	Whatcom	48.266667	-121.358333	outside_boundary_exact	Washington, Snohomish County	Mr. Baker-Snoqualmie National Forest Near start of Huckleberry Mountain Trail, off Rd 26, ca. 300 m	https://lichenportal.org/portal/collections/individual/index.php?occid=5426662
4423658	OSC	169223	B. Ryan	30630-c	38.53	162.04	Washington	Whatcom	48.291666666667	-121.41666666667	outside_boundary_exact	Washington, Snohomish County	Mt. Baker-Snoqualmie National Forest. Along road 2600-012, S of road 26, mile 11-12.	https://lichenportal.org/portal/collections/individual/index.php?occid=4423658
3455850	OSC	OSC-M-256800	Amanda Hardman	s.n.	38.37	176.73	Washington	Whatcom	48.292338	-121.193829	outside_boundary_exact	Washington, Snohomish County	Mt Baker-Snoqualmie National Forest: Darrington Ranger District: Glacier Peak Wilderness. FIA Site # 99672 53 61	https://lichenportal.org/portal/collections/individual/index.php?occid=3455850
3455851	OSC	OSC-M-256801	Amanda Hardman	s.n.	38.37	176.73	Washington	Whatcom	48.292338	-121.193829	outside_boundary_exact	Washington, Snohomish County	Mt Baker-Snoqualmie National Forest: Darrington Ranger District: Glacier Peak Wilderness. FIA Site # 99672 53 61	https://lichenportal.org/portal/collections/individual/index.php?occid=3455851
3455852	OSC	OSC-M-256802	Amanda Hardman	s.n.	38.37	176.73	Washington	Whatcom	48.292338	-121.193829	outside_boundary_exact	Washington, Snohomish County	Mt Baker-Snoqualmie National Forest: Darrington Ranger District: Glacier Peak Wilderness. FIA Site # 99672 53 61	https://lichenportal.org/portal/collections/individual/index.php?occid=3455852
3455853	OSC	OSC-M-256803	Amanda Hardman	s.n.	38.37	176.73	Washington	Whatcom	48.292338	-121.193829	outside_boundary_exact	Washington, Snohomish County	Mt Baker-Snoqualmie National Forest: Darrington Ranger District: Glacier Peak Wilderness. FIA Site # 99672 53 61	https://lichenportal.org/portal/collections/individual/index.php?occid=3455853
3455854	OSC	OSC-M-256804	Amanda Hardman	s.n.	38.37	176.73	Washington	Whatcom	48.292338	-121.193829	outside_boundary_exact	Washington, Snohomish County	Mt Baker-Snoqualmie National Forest: Darrington Ranger District: Glacier Peak Wilderness. FIA Site # 99672 53 61	https://lichenportal.org/portal/collections/individual/index.php?occid=3455854
3455855	OSC	OSC-M-256805	Amanda Hardman	s.n.	38.37	176.73	Washington	Whatcom	48.292338	-121.193829	outside_boundary_exact	Washington, Snohomish County	Mt Baker-Snoqualmie National Forest: Darrington Ranger District: Glacier Peak Wilderness. FIA Site # 99672 53 61	https://lichenportal.org/portal/collections/individual/index.php?occid=3455855
3455856	OSC	OSC-M-256806	Amanda Hardman	s.n.	38.37	176.73	Washington	Whatcom	48.292338	-121.193829	outside_boundary_exact	Washington, Snohomish County	Mt Baker-Snoqualmie National Forest: Darrington Ranger District: Glacier Peak Wilderness. FIA Site # 99672 53 61	https://lichenportal.org/portal/collections/individual/index.php?occid=3455856
3455857	OSC	OSC-M-256807	Amanda Hardman	s.n.	38.37	176.73	Washington	Whatcom	48.292338	-121.193829	outside_boundary_exact	Washington, Snohomish County	Mt Baker-Snoqualmie National Forest: Darrington Ranger District: Glacier Peak Wilderness. FIA Site # 99672 53 61	https://lichenportal.org/portal/collections/individual/index.php?occid=3455857
3455858	OSC	OSC-M-256808	Amanda Hardman	s.n.	38.37	176.73	Washington	Whatcom	48.292338	-121.193829	outside_boundary_exact	Washington, Snohomish County	Mt Baker-Snoqualmie National Forest: Darrington Ranger District: Glacier Peak Wilderness. FIA Site # 99672 53 61	https://lichenportal.org/portal/collections/individual/index.php?occid=3455858
3455859	OSC	OSC-M-256809	Amanda Hardman	s.n.	38.37	176.73	Washington	Whatcom	48.292338	-121.193829	outside_boundary_exact	Washington, Snohomish County	Mt Baker-Snoqualmie National Forest: Darrington Ranger District: Glacier Peak Wilderness. FIA Site # 99672 53 61	https://lichenportal.org/portal/collections/individual/index.php?occid=3455859
3455860	OSC	OSC-M-256809a	Amanda Hardman	s.n.	38.37	176.73	Washington	Whatcom	48.292338	-121.193829	outside_boundary_exact	Washington, Snohomish County	Mt Baker-Snoqualmie National Forest: Darrington Ranger District: Glacier Peak Wilderness. FIA Site # 99672 53 61	https://lichenportal.org/portal/collections/individual/index.php?occid=3455860
3455861	OSC	OSC-M-256810	Amanda Hardman	s.n.	38.37	176.73	Washington	Whatcom	48.292338	-121.193829	outside_boundary_exact	Washington, Snohomish County	Mt Baker-Snoqualmie National Forest: Darrington Ranger District: Glacier Peak Wilderness. FIA Site # 99672 53 61	https://lichenportal.org/portal/collections/individual/index.php?occid=3455861
3455862	OSC	OSC-M-256811	Amanda Hardman	s.n.	38.37	176.73	Washington	Whatcom	48.292338	-121.193829	outside_boundary_exact	Washington, Snohomish County	Mt Baker-Snoqualmie National Forest: Darrington Ranger District: Glacier Peak Wilderness. FIA Site # 99672 53 61	https://lichenportal.org/portal/collections/individual/index.php?occid=3455862
3455863	OSC	OSC-M-256812	Amanda Hardman	s.n.	38.37	176.73	Washington	Whatcom	48.292338	-121.193829	outside_boundary_exact	Washington, Snohomish County	Mt Baker-Snoqualmie National Forest: Darrington Ranger District: Glacier Peak Wilderness. FIA Site # 99672 53 61	https://lichenportal.org/portal/collections/individual/index.php?occid=3455863
3455864	OSC	OSC-M-256813	Amanda Hardman	s.n.	38.37	176.73	Washington	Whatcom	48.292338	-121.193829	outside_boundary_exact	Washington, Snohomish County	Mt Baker-Snoqualmie National Forest: Darrington Ranger District: Glacier Peak Wilderness. FIA Site # 99672 53 61	https://lichenportal.org/portal/collections/individual/index.php?occid=3455864
3455865	OSC	OSC-M-256814	Amanda Hardman	s.n.	38.37	176.73	Washington	Whatcom	48.292338	-121.193829	outside_boundary_exact	Washington, Snohomish County	Mt Baker-Snoqualmie National Forest: Darrington Ranger District: Glacier Peak Wilderness. FIA Site # 99672 53 61	https://lichenportal.org/portal/collections/individual/index.php?occid=3455865
3455866	OSC	OSC-M-256815	Amanda Hardman	s.n.	38.37	176.73	Washington	Whatcom	48.292338	-121.193829	outside_boundary_exact	Washington, Snohomish County	Mt Baker-Snoqualmie National Forest: Darrington Ranger District: Glacier Peak Wilderness. FIA Site # 99672 53 61	https://lichenportal.org/portal/collections/individual/index.php?occid=3455866
3455867	OSC	OSC-M-256816	Amanda Hardman	s.n.	38.37	176.73	Washington	Whatcom	48.292338	-121.193829	outside_boundary_exact	Washington, Snohomish County	Mt Baker-Snoqualmie National Forest: Darrington Ranger District: Glacier Peak Wilderness. FIA Site # 99672 53 61	https://lichenportal.org/portal/collections/individual/index.php?occid=3455867
3455868	OSC	OSC-M-256816a	Amanda Hardman	s.n.	38.37	176.73	Washington	Whatcom	48.292338	-121.193829	outside_boundary_exact	Washington, Snohomish County	Mt Baker-Snoqualmie National Forest: Darrington Ranger District: Glacier Peak Wilderness. FIA Site # 99672 53 61	https://lichenportal.org/portal/collections/individual/index.php?occid=3455868
3455869	OSC	OSC-M-256816b	Amanda Hardman	s.n.	38.37	176.73	Washington	Whatcom	48.292338	-121.193829	outside_boundary_exact	Washington, Snohomish County	Mt Baker-Snoqualmie National Forest: Darrington Ranger District: Glacier Peak Wilderness. FIA Site # 99672 53 61	https://lichenportal.org/portal/collections/individual/index.php?occid=3455869
3455870	OSC	OSC-M-256817	Amanda Hardman	s.n.	38.37	176.73	Washington	Whatcom	48.292338	-121.193829	outside_boundary_exact	Washington, Snohomish County	Mt Baker-Snoqualmie National Forest: Darrington Ranger District: Glacier Peak Wilderness. FIA Site # 99672 53 61	https://lichenportal.org/portal/collections/individual/index.php?occid=3455870
3455871	OSC	OSC-M-256818	Amanda Hardman	s.n.	38.37	176.73	Washington	Whatcom	48.292338	-121.193829	outside_boundary_exact	Washington, Snohomish County	Mt Baker-Snoqualmie National Forest: Darrington Ranger District: Glacier Peak Wilderness. FIA Site # 99672 53 61	https://lichenportal.org/portal/collections/individual/index.php?occid=3455871
3455872	OSC	OSC-M-256819	Amanda Hardman	s.n.	38.37	176.73	Washington	Whatcom	48.292338	-121.193829	outside_boundary_exact	Washington, Snohomish County	Mt Baker-Snoqualmie National Forest: Darrington Ranger District: Glacier Peak Wilderness. FIA Site # 99672 53 61	https://lichenportal.org/portal/collections/individual/index.php?occid=3455872
3455873	OSC	OSC-M-256819a	Amanda Hardman	s.n.	38.37	176.73	Washington	Whatcom	48.292338	-121.193829	outside_boundary_exact	Washington, Snohomish County	Mt Baker-Snoqualmie National Forest: Darrington Ranger District: Glacier Peak Wilderness. FIA Site # 99672 53 61	https://lichenportal.org/portal/collections/individual/index.php?occid=3455873
3455874	OSC	OSC-M-256820	Amanda Hardman	s.n.	38.37	176.73	Washington	Whatcom	48.292338	-121.193829	outside_boundary_exact	Washington, Snohomish County	Mt Baker-Snoqualmie National Forest: Darrington Ranger District: Glacier Peak Wilderness. FIA Site # 99672 53 61	https://lichenportal.org/portal/collections/individual/index.php?occid=3455874
3455875	OSC	OSC-M-256821	Amanda Hardman	s.n.	38.37	176.73	Washington	Whatcom	48.292338	-121.193829	outside_boundary_exact	Washington, Snohomish County	Mt Baker-Snoqualmie National Forest: Darrington Ranger District: Glacier Peak Wilderness. FIA Site # 99672 53 61	https://lichenportal.org/portal/collections/individual/index.php?occid=3455875
3455876	OSC	OSC-M-256822	Amanda Hardman	s.n.	38.37	176.73	Washington	Whatcom	48.292338	-121.193829	outside_boundary_exact	Washington, Snohomish County	Mt Baker-Snoqualmie National Forest: Darrington Ranger District: Glacier Peak Wilderness. FIA Site # 99672 53 61	https://lichenportal.org/portal/collections/individual/index.php?occid=3455876
3455877	OSC	OSC-M-256823	Amanda Hardman	s.n.	38.37	176.73	Washington	Whatcom	48.292338	-121.193829	outside_boundary_exact	Washington, Snohomish County	Mt Baker-Snoqualmie National Forest: Darrington Ranger District: Glacier Peak Wilderness. FIA Site # 99672 53 61	https://lichenportal.org/portal/collections/individual/index.php?occid=3455877
3455878	OSC	OSC-M-256824	Amanda Hardman	s.n.	38.37	176.73	Washington	Whatcom	48.292338	-121.193829	outside_boundary_exact	Washington, Snohomish County	Mt Baker-Snoqualmie National Forest: Darrington Ranger District: Glacier Peak Wilderness. FIA Site # 99672 53 61	https://lichenportal.org/portal/collections/individual/index.php?occid=3455878
3455879	OSC	OSC-M-256825	Amanda Hardman	s.n.	38.37	176.73	Washington	Whatcom	48.292338	-121.193829	outside_boundary_exact	Washington, Snohomish County	Mt Baker-Snoqualmie National Forest: Darrington Ranger District: Glacier Peak Wilderness. FIA Site # 99672 53 61	https://lichenportal.org/portal/collections/individual/index.php?occid=3455879
3455880	OSC	OSC-M-256826	Amanda Hardman	s.n.	38.37	176.73	Washington	Whatcom	48.292338	-121.193829	outside_boundary_exact	Washington, Snohomish County	Mt Baker-Snoqualmie National Forest: Darrington Ranger District: Glacier Peak Wilderness. FIA Site # 99672 53 61	https://lichenportal.org/portal/collections/individual/index.php?occid=3455880
3455881	OSC	OSC-M-256827	Amanda Hardman	s.n.	38.37	176.73	Washington	Whatcom	48.292338	-121.193829	outside_boundary_exact	Washington, Snohomish County	Mt Baker-Snoqualmie National Forest: Darrington Ranger District: Glacier Peak Wilderness. FIA Site # 99672 53 61	https://lichenportal.org/portal/collections/individual/index.php?occid=3455881
3482036	OSC	OSC-M-289470	Amanda Hardman	s.n.	38.37	176.73	Washington	Whatcom	48.292338	-121.193829	outside_boundary_exact	Washington, Snohomish County	Mt Baker-Snoqualmie National Forest: Darrington Ranger District: Glacier Peak Wilderness. FIA Site # 99672 53 61	https://lichenportal.org/portal/collections/individual/index.php?occid=3482036
3482037	OSC	OSC-M-289470a	Amanda Hardman	s.n.	38.37	176.73	Washington	Whatcom	48.292338	-121.193829	outside_boundary_exact	Washington, Snohomish County	Mt Baker-Snoqualmie National Forest: Darrington Ranger District: Glacier Peak Wilderness. FIA Site # 99672 53 61	https://lichenportal.org/portal/collections/individual/index.php?occid=3482037
4519510	OSC	OSC-M-256804a	Amanda Hardman	s.n.	38.37	176.73	Washington	Whatcom	48.292338	-121.193829	outside_boundary_exact	Washington, Snohomish County	Mt Baker-Snoqualmie National Forest: Darrington Ranger District: Glacier Peak Wilderness. FIA Site # 99672 53 61	https://lichenportal.org/portal/collections/individual/index.php?occid=4519510
4457462	OSC	OSC-M-228762	Linda Chesnut	NA	38.35	176.8	Washington	Whatcom	48.292499	-121.19261	outside_boundary_exact	Washington, Snohomish County	FIA Site # 99672	https://lichenportal.org/portal/collections/individual/index.php?occid=4457462
4458260	OSC	OSC-M-229560	Linda Chesnut	NA	38.35	176.8	Washington	Whatcom	48.292499	-121.19261	outside_boundary_exact	Washington, Snohomish County	FIA Site # 99672	https://lichenportal.org/portal/collections/individual/index.php?occid=4458260
4458261	OSC	OSC-M-229561	Linda Chesnut	NA	38.35	176.8	Washington	Whatcom	48.292499	-121.19261	outside_boundary_exact	Washington, Snohomish County	FIA Site # 99672	https://lichenportal.org/portal/collections/individual/index.php?occid=4458261
4458262	OSC	OSC-M-229562	Linda Chesnut	NA	38.35	176.8	Washington	Whatcom	48.292499	-121.19261	outside_boundary_exact	Washington, Snohomish County	FIA Site # 99672	https://lichenportal.org/portal/collections/individual/index.php?occid=4458262
4458263	OSC	OSC-M-229563	Linda Chesnut	NA	38.35	176.8	Washington	Whatcom	48.292499	-121.19261	outside_boundary_exact	Washington, Snohomish County	FIA Site # 99672	https://lichenportal.org/portal/collections/individual/index.php?occid=4458263
4458264	OSC	OSC-M-229564	Linda Chesnut	NA	38.35	176.8	Washington	Whatcom	48.292499	-121.19261	outside_boundary_exact	Washington, Snohomish County	FIA Site # 99672	https://lichenportal.org/portal/collections/individual/index.php?occid=4458264
4458265	OSC	OSC-M-229565	Linda Chesnut	NA	38.35	176.8	Washington	Whatcom	48.292499	-121.19261	outside_boundary_exact	Washington, Snohomish County	FIA Site # 99672	https://lichenportal.org/portal/collections/individual/index.php?occid=4458265
4458266	OSC	OSC-M-229566	Linda Chesnut	NA	38.35	176.8	Washington	Whatcom	48.292499	-121.19261	outside_boundary_exact	Washington, Snohomish County	FIA Site # 99672	https://lichenportal.org/portal/collections/individual/index.php?occid=4458266
4458267	OSC	OSC-M-229567	Linda Chesnut	NA	38.35	176.8	Washington	Whatcom	48.292499	-121.19261	outside_boundary_exact	Washington, Snohomish County	FIA Site # 99672	https://lichenportal.org/portal/collections/individual/index.php?occid=4458267
4458268	OSC	OSC-M-229568	Linda Chesnut	NA	38.35	176.8	Washington	Whatcom	48.292499	-121.19261	outside_boundary_exact	Washington, Snohomish County	FIA Site # 99672	https://lichenportal.org/portal/collections/individual/index.php?occid=4458268
4458269	OSC	OSC-M-229569	Linda Chesnut	NA	38.35	176.8	Washington	Whatcom	48.292499	-121.19261	outside_boundary_exact	Washington, Snohomish County	FIA Site # 99672	https://lichenportal.org/portal/collections/individual/index.php?occid=4458269
4458270	OSC	OSC-M-229570	Linda Chesnut	NA	38.35	176.8	Washington	Whatcom	48.292499	-121.19261	outside_boundary_exact	Washington, Snohomish County	FIA Site # 99672	https://lichenportal.org/portal/collections/individual/index.php?occid=4458270
4458271	OSC	OSC-M-229571	Linda Chesnut	NA	38.35	176.8	Washington	Whatcom	48.292499	-121.19261	outside_boundary_exact	Washington, Snohomish County	FIA Site # 99672	https://lichenportal.org/portal/collections/individual/index.php?occid=4458271
4458272	OSC	OSC-M-229572	Linda Chesnut	NA	38.35	176.8	Washington	Whatcom	48.292499	-121.19261	outside_boundary_exact	Washington, Snohomish County	FIA Site # 99672	https://lichenportal.org/portal/collections/individual/index.php?occid=4458272
4458273	OSC	OSC-M-229573	Linda Chesnut	NA	38.35	176.8	Washington	Whatcom	48.292499	-121.19261	outside_boundary_exact	Washington, Snohomish County	FIA Site # 99672	https://lichenportal.org/portal/collections/individual/index.php?occid=4458273
4458274	OSC	OSC-M-229574	Linda Chesnut	NA	38.35	176.8	Washington	Whatcom	48.292499	-121.19261	outside_boundary_exact	Washington, Snohomish County	FIA Site # 99672	https://lichenportal.org/portal/collections/individual/index.php?occid=4458274
4458275	OSC	OSC-M-229575	Linda Chesnut	NA	38.35	176.8	Washington	Whatcom	48.292499	-121.19261	outside_boundary_exact	Washington, Snohomish County	FIA Site # 99672	https://lichenportal.org/portal/collections/individual/index.php?occid=4458275
4458276	OSC	OSC-M-229576	Linda Chesnut	NA	38.35	176.8	Washington	Whatcom	48.292499	-121.19261	outside_boundary_exact	Washington, Snohomish County	FIA Site # 99672	https://lichenportal.org/portal/collections/individual/index.php?occid=4458276
4458277	OSC	OSC-M-229577	Linda Chesnut	NA	38.35	176.8	Washington	Whatcom	48.292499	-121.19261	outside_boundary_exact	Washington, Snohomish County	FIA Site # 99672	https://lichenportal.org/portal/collections/individual/index.php?occid=4458277
4458278	OSC	OSC-M-229578	Linda Chesnut	NA	38.35	176.8	Washington	Whatcom	48.292499	-121.19261	outside_boundary_exact	Washington, Snohomish County	FIA Site # 99672	https://lichenportal.org/portal/collections/individual/index.php?occid=4458278
4458279	OSC	OSC-M-229579	Linda Chesnut	NA	38.35	176.8	Washington	Whatcom	48.292499	-121.19261	outside_boundary_exact	Washington, Snohomish County	FIA Site # 99672	https://lichenportal.org/portal/collections/individual/index.php?occid=4458279
4458280	OSC	OSC-M-229580	Linda Chesnut	NA	38.35	176.8	Washington	Whatcom	48.292499	-121.19261	outside_boundary_exact	Washington, Snohomish County	FIA Site # 99672	https://lichenportal.org/portal/collections/individual/index.php?occid=4458280
4458281	OSC	OSC-M-229581	Linda Chesnut	NA	38.35	176.8	Washington	Whatcom	48.292499	-121.19261	outside_boundary_exact	Washington, Snohomish County	FIA Site # 99672	https://lichenportal.org/portal/collections/individual/index.php?occid=4458281
4458282	OSC	OSC-M-229582	Linda Chesnut	NA	38.35	176.8	Washington	Whatcom	48.292499	-121.19261	outside_boundary_exact	Washington, Snohomish County	FIA Site # 99672	https://lichenportal.org/portal/collections/individual/index.php?occid=4458282
4458283	OSC	OSC-M-229583	Linda Chesnut	NA	38.35	176.8	Washington	Whatcom	48.292499	-121.19261	outside_boundary_exact	Washington, Snohomish County	FIA Site # 99672	https://lichenportal.org/portal/collections/individual/index.php?occid=4458283
4458284	OSC	OSC-M-229584	Linda Chesnut	NA	38.35	176.8	Washington	Whatcom	48.292499	-121.19261	outside_boundary_exact	Washington, Snohomish County	FIA Site # 99672	https://lichenportal.org/portal/collections/individual/index.php?occid=4458284
4458285	OSC	OSC-M-229585	Linda Chesnut	NA	38.35	176.8	Washington	Whatcom	48.292499	-121.19261	outside_boundary_exact	Washington, Snohomish County	FIA Site # 99672	https://lichenportal.org/portal/collections/individual/index.php?occid=4458285
4458286	OSC	OSC-M-229586	Linda Chesnut	NA	38.35	176.8	Washington	Whatcom	48.292499	-121.19261	outside_boundary_exact	Washington, Snohomish County	FIA Site # 99672	https://lichenportal.org/portal/collections/individual/index.php?occid=4458286
4458287	OSC	OSC-M-229587	Linda Chesnut	NA	38.35	176.8	Washington	Whatcom	48.292499	-121.19261	outside_boundary_exact	Washington, Snohomish County	FIA Site # 99672	https://lichenportal.org/portal/collections/individual/index.php?occid=4458287
4458288	OSC	OSC-M-229588	Linda Chesnut	NA	38.35	176.8	Washington	Whatcom	48.292499	-121.19261	outside_boundary_exact	Washington, Snohomish County	FIA Site # 99672	https://lichenportal.org/portal/collections/individual/index.php?occid=4458288
4458289	OSC	OSC-M-229589	Linda Chesnut	NA	38.35	176.8	Washington	Whatcom	48.292499	-121.19261	outside_boundary_exact	Washington, Snohomish County	FIA Site # 99672	https://lichenportal.org/portal/collections/individual/index.php?occid=4458289
4458290	OSC	OSC-M-229590	Linda Chesnut	NA	38.35	176.8	Washington	Whatcom	48.292499	-121.19261	outside_boundary_exact	Washington, Snohomish County	FIA Site # 99672	https://lichenportal.org/portal/collections/individual/index.php?occid=4458290
4458291	OSC	OSC-M-229591	Linda Chesnut	NA	38.35	176.8	Washington	Whatcom	48.292499	-121.19261	outside_boundary_exact	Washington, Snohomish County	FIA Site # 99672	https://lichenportal.org/portal/collections/individual/index.php?occid=4458291
4476771	OSC	OSC-M-229564a	Linda Chesnut	NA	38.35	176.8	Washington	Whatcom	48.292499	-121.19261	outside_boundary_exact	Washington, Snohomish County	FIA Site # 99672	https://lichenportal.org/portal/collections/individual/index.php?occid=4476771
4476772	OSC	OSC-M-229591a	Linda Chesnut	NA	38.35	176.8	Washington	Whatcom	48.292499	-121.19261	outside_boundary_exact	Washington, Snohomish County	FIA Site # 99672	https://lichenportal.org/portal/collections/individual/index.php?occid=4476772
4480754	OSC	OSC-M-244045	Linda Chesnut	NA	38.35	176.8	Washington	Whatcom	48.292499	-121.19261	outside_boundary_exact	Washington, Snohomish County	FIA Site # 99672	https://lichenportal.org/portal/collections/individual/index.php?occid=4480754
4480755	OSC	OSC-M-244046	Linda Chesnut	NA	38.35	176.8	Washington	Whatcom	48.292499	-121.19261	outside_boundary_exact	Washington, Snohomish County	FIA Site # 99672	https://lichenportal.org/portal/collections/individual/index.php?occid=4480755
4484869	OSC	OSC-M-244045a	Linda Chesnut	NA	38.35	176.8	Washington	Whatcom	48.292499	-121.19261	outside_boundary_exact	Washington, Snohomish County	FIA Site # 99672	https://lichenportal.org/portal/collections/individual/index.php?occid=4484869
4788743	OSC	OSC-M-050529	Haldeman	3793	37.01	155.45	Washington	Whatcom	48.3061	-121.5059	outside_boundary_exact	Washington, Skagit County	Northeast of Darrington, east edge of Sauk Prairie	https://lichenportal.org/portal/collections/individual/index.php?occid=4788743
5426660	OSC	109850	B. Ryan	30092	35.85	152.01	Washington	Whatcom	48.316667	-121.55	outside_boundary_exact	Washington, Skagit County	End of Sauk Road, E of Hwy 530, ca. 9.5 km NE of Darrington, near the Sauk River, ca. 120 m	https://lichenportal.org/portal/collections/individual/index.php?occid=5426660
3464070	OSC	OSC-M-264536	E. Alphandary	s.n.	32.49	179.6	Washington	Whatcom	48.345713	-121.113636	outside_boundary_exact	Washington, Skagit County	Mt Baker-Snoqualmie National Forest: Darrington Ranger District: Glacier Peak Wilderness. FIA Site # 66663 53 57	https://lichenportal.org/portal/collections/individual/index.php?occid=3464070
3464071	OSC	OSC-M-264537	E. Alphandary	s.n.	32.49	179.6	Washington	Whatcom	48.345713	-121.113636	outside_boundary_exact	Washington, Skagit County	Mt Baker-Snoqualmie National Forest: Darrington Ranger District: Glacier Peak Wilderness. FIA Site # 66663 53 57	https://lichenportal.org/portal/collections/individual/index.php?occid=3464071
3464072	OSC	OSC-M-264538	E. Alphandary	s.n.	32.49	179.6	Washington	Whatcom	48.345713	-121.113636	outside_boundary_exact	Washington, Skagit County	Mt Baker-Snoqualmie National Forest: Darrington Ranger District: Glacier Peak Wilderness. FIA Site # 66663 53 57	https://lichenportal.org/portal/collections/individual/index.php?occid=3464072
3464073	OSC	OSC-M-264539	E. Alphandary	s.n.	32.49	179.6	Washington	Whatcom	48.345713	-121.113636	outside_boundary_exact	Washington, Skagit County	Mt Baker-Snoqualmie National Forest: Darrington Ranger District: Glacier Peak Wilderness. FIA Site # 66663 53 57	https://lichenportal.org/portal/collections/individual/index.php?occid=3464073
3464074	OSC	OSC-M-264540	E. Alphandary	s.n.	32.49	179.6	Washington	Whatcom	48.345713	-121.113636	outside_boundary_exact	Washington, Skagit County	Mt Baker-Snoqualmie National Forest: Darrington Ranger District: Glacier Peak Wilderness. FIA Site # 66663 53 57	https://lichenportal.org/portal/collections/individual/index.php?occid=3464074
3464075	OSC	OSC-M-264540a	E. Alphandary	s.n.	32.49	179.6	Washington	Whatcom	48.345713	-121.113636	outside_boundary_exact	Washington, Skagit County	Mt Baker-Snoqualmie National Forest: Darrington Ranger District: Glacier Peak Wilderness. FIA Site # 66663 53 57	https://lichenportal.org/portal/collections/individual/index.php?occid=3464075
3464076	OSC	OSC-M-264541	E. Alphandary	s.n.	32.49	179.6	Washington	Whatcom	48.345713	-121.113636	outside_boundary_exact	Washington, Skagit County	Mt Baker-Snoqualmie National Forest: Darrington Ranger District: Glacier Peak Wilderness. FIA Site # 66663 53 57	https://lichenportal.org/portal/collections/individual/index.php?occid=3464076
3464077	OSC	OSC-M-264542	E. Alphandary	s.n.	32.49	179.6	Washington	Whatcom	48.345713	-121.113636	outside_boundary_exact	Washington, Skagit County	Mt Baker-Snoqualmie National Forest: Darrington Ranger District: Glacier Peak Wilderness. FIA Site # 66663 53 57	https://lichenportal.org/portal/collections/individual/index.php?occid=3464077
3464078	OSC	OSC-M-264543	E. Alphandary	s.n.	32.49	179.6	Washington	Whatcom	48.345713	-121.113636	outside_boundary_exact	Washington, Skagit County	Mt Baker-Snoqualmie National Forest: Darrington Ranger District: Glacier Peak Wilderness. FIA Site # 66663 53 57	https://lichenportal.org/portal/collections/individual/index.php?occid=3464078
3464079	OSC	OSC-M-264544	E. Alphandary	s.n.	32.49	179.6	Washington	Whatcom	48.345713	-121.113636	outside_boundary_exact	Washington, Skagit County	Mt Baker-Snoqualmie National Forest: Darrington Ranger District: Glacier Peak Wilderness. FIA Site # 66663 53 57	https://lichenportal.org/portal/collections/individual/index.php?occid=3464079
3464080	OSC	OSC-M-264545	E. Alphandary	s.n.	32.49	179.6	Washington	Whatcom	48.345713	-121.113636	outside_boundary_exact	Washington, Skagit County	Mt Baker-Snoqualmie National Forest: Darrington Ranger District: Glacier Peak Wilderness. FIA Site # 66663 53 57	https://lichenportal.org/portal/collections/individual/index.php?occid=3464080
3464081	OSC	OSC-M-264546	E. Alphandary	s.n.	32.49	179.6	Washington	Whatcom	48.345713	-121.113636	outside_boundary_exact	Washington, Skagit County	Mt Baker-Snoqualmie National Forest: Darrington Ranger District: Glacier Peak Wilderness. FIA Site # 66663 53 57	https://lichenportal.org/portal/collections/individual/index.php?occid=3464081
3464082	OSC	OSC-M-264547	E. Alphandary	s.n.	32.49	179.6	Washington	Whatcom	48.345713	-121.113636	outside_boundary_exact	Washington, Skagit County	Mt Baker-Snoqualmie National Forest: Darrington Ranger District: Glacier Peak Wilderness. FIA Site # 66663 53 57	https://lichenportal.org/portal/collections/individual/index.php?occid=3464082
3464083	OSC	OSC-M-264548	E. Alphandary	s.n.	32.49	179.6	Washington	Whatcom	48.345713	-121.113636	outside_boundary_exact	Washington, Skagit County	Mt Baker-Snoqualmie National Forest: Darrington Ranger District: Glacier Peak Wilderness. FIA Site # 66663 53 57	https://lichenportal.org/portal/collections/individual/index.php?occid=3464083
3464084	OSC	OSC-M-264549	E. Alphandary	s.n.	32.49	179.6	Washington	Whatcom	48.345713	-121.113636	outside_boundary_exact	Washington, Skagit County	Mt Baker-Snoqualmie National Forest: Darrington Ranger District: Glacier Peak Wilderness. FIA Site # 66663 53 57	https://lichenportal.org/portal/collections/individual/index.php?occid=3464084
3464085	OSC	OSC-M-264550	E. Alphandary	s.n.	32.49	179.6	Washington	Whatcom	48.345713	-121.113636	outside_boundary_exact	Washington, Skagit County	Mt Baker-Snoqualmie National Forest: Darrington Ranger District: Glacier Peak Wilderness. FIA Site # 66663 53 57	https://lichenportal.org/portal/collections/individual/index.php?occid=3464085
4442712	OSC	OSC-M-213729	Chuck Brushwood	NA	32.04	124.58	Washington	Whatcom	48.35334	-121.95072	outside_boundary_exact	Washington, Skagit County	Land ownership: Private land. FIA Site # 71023	https://lichenportal.org/portal/collections/individual/index.php?occid=4442712
4442713	OSC	OSC-M-213730	Chuck Brushwood	NA	32.04	124.58	Washington	Whatcom	48.35334	-121.95072	outside_boundary_exact	Washington, Skagit County	Land ownership: Private land. FIA Site # 71023	https://lichenportal.org/portal/collections/individual/index.php?occid=4442713
4442714	OSC	OSC-M-213731	Chuck Brushwood	NA	32.04	124.58	Washington	Whatcom	48.35334	-121.95072	outside_boundary_exact	Washington, Skagit County	Land ownership: Private land. FIA Site # 71023	https://lichenportal.org/portal/collections/individual/index.php?occid=4442714
4442715	OSC	OSC-M-213732	Chuck Brushwood	NA	32.04	124.58	Washington	Whatcom	48.35334	-121.95072	outside_boundary_exact	Washington, Skagit County	Land ownership: Private land. FIA Site # 71023	https://lichenportal.org/portal/collections/individual/index.php?occid=4442715
4442716	OSC	OSC-M-213733	Chuck Brushwood	NA	32.04	124.58	Washington	Whatcom	48.35334	-121.95072	outside_boundary_exact	Washington, Skagit County	Land ownership: Private land. FIA Site # 71023	https://lichenportal.org/portal/collections/individual/index.php?occid=4442716
4442717	OSC	OSC-M-213734	Chuck Brushwood	NA	32.04	124.58	Washington	Whatcom	48.35334	-121.95072	outside_boundary_exact	Washington, Skagit County	Land ownership: Private land. FIA Site # 71023	https://lichenportal.org/portal/collections/individual/index.php?occid=4442717
4442718	OSC	OSC-M-213735	Chuck Brushwood	NA	32.04	124.58	Washington	Whatcom	48.35334	-121.95072	outside_boundary_exact	Washington, Skagit County	Land ownership: Private land. FIA Site # 71023	https://lichenportal.org/portal/collections/individual/index.php?occid=4442718
4442719	OSC	OSC-M-213736	Chuck Brushwood	NA	32.04	124.58	Washington	Whatcom	48.35334	-121.95072	outside_boundary_exact	Washington, Skagit County	Land ownership: Private land. FIA Site # 71023	https://lichenportal.org/portal/collections/individual/index.php?occid=4442719
4442720	OSC	OSC-M-213737	Chuck Brushwood	NA	32.04	124.58	Washington	Whatcom	48.35334	-121.95072	outside_boundary_exact	Washington, Skagit County	Land ownership: Private land. FIA Site # 71023	https://lichenportal.org/portal/collections/individual/index.php?occid=4442720
4442721	OSC	OSC-M-213738	Chuck Brushwood	NA	32.04	124.58	Washington	Whatcom	48.35334	-121.95072	outside_boundary_exact	Washington, Skagit County	Land ownership: Private land. FIA Site # 71023	https://lichenportal.org/portal/collections/individual/index.php?occid=4442721
4442722	OSC	OSC-M-213739	Chuck Brushwood	NA	32.04	124.58	Washington	Whatcom	48.35334	-121.95072	outside_boundary_exact	Washington, Skagit County	Land ownership: Private land. FIA Site # 71023	https://lichenportal.org/portal/collections/individual/index.php?occid=4442722
4442723	OSC	OSC-M-213740	Chuck Brushwood	NA	32.04	124.58	Washington	Whatcom	48.35334	-121.95072	outside_boundary_exact	Washington, Skagit County	Land ownership: Private land. FIA Site # 71023	https://lichenportal.org/portal/collections/individual/index.php?occid=4442723
4442724	OSC	OSC-M-213741	Chuck Brushwood	NA	32.04	124.58	Washington	Whatcom	48.35334	-121.95072	outside_boundary_exact	Washington, Skagit County	Land ownership: Private land. FIA Site # 71023	https://lichenportal.org/portal/collections/individual/index.php?occid=4442724
4442725	OSC	OSC-M-213742	Chuck Brushwood	NA	32.04	124.58	Washington	Whatcom	48.35334	-121.95072	outside_boundary_exact	Washington, Skagit County	Land ownership: Private land. FIA Site # 71023	https://lichenportal.org/portal/collections/individual/index.php?occid=4442725
4442726	OSC	OSC-M-213743	Chuck Brushwood	NA	32.04	124.58	Washington	Whatcom	48.35334	-121.95072	outside_boundary_exact	Washington, Skagit County	Land ownership: Private land. FIA Site # 71023	https://lichenportal.org/portal/collections/individual/index.php?occid=4442726
4442727	OSC	OSC-M-213744	Chuck Brushwood	NA	32.04	124.58	Washington	Whatcom	48.35334	-121.95072	outside_boundary_exact	Washington, Skagit County	Land ownership: Private land. FIA Site # 71023	https://lichenportal.org/portal/collections/individual/index.php?occid=4442727
4442728	OSC	OSC-M-213745	Chuck Brushwood	NA	32.04	124.58	Washington	Whatcom	48.35334	-121.95072	outside_boundary_exact	Washington, Skagit County	Land ownership: Private land. FIA Site # 71023	https://lichenportal.org/portal/collections/individual/index.php?occid=4442728
4442729	OSC	OSC-M-213746	Chuck Brushwood	NA	32.04	124.58	Washington	Whatcom	48.35334	-121.95072	outside_boundary_exact	Washington, Skagit County	Land ownership: Private land. FIA Site # 71023	https://lichenportal.org/portal/collections/individual/index.php?occid=4442729
4442730	OSC	OSC-M-213747	Chuck Brushwood	NA	32.04	124.58	Washington	Whatcom	48.35334	-121.95072	outside_boundary_exact	Washington, Skagit County	Land ownership: Private land. FIA Site # 71023	https://lichenportal.org/portal/collections/individual/index.php?occid=4442730
4442731	OSC	OSC-M-213748	Chuck Brushwood	NA	32.04	124.58	Washington	Whatcom	48.35334	-121.95072	outside_boundary_exact	Washington, Skagit County	Land ownership: Private land. FIA Site # 71023	https://lichenportal.org/portal/collections/individual/index.php?occid=4442731
4442732	OSC	OSC-M-213749	Chuck Brushwood	NA	32.04	124.58	Washington	Whatcom	48.35334	-121.95072	outside_boundary_exact	Washington, Skagit County	Land ownership: Private land. FIA Site # 71023	https://lichenportal.org/portal/collections/individual/index.php?occid=4442732
4442733	OSC	OSC-M-213750	Chuck Brushwood	NA	32.04	124.58	Washington	Whatcom	48.35334	-121.95072	outside_boundary_exact	Washington, Skagit County	Land ownership: Private land. FIA Site # 71023	https://lichenportal.org/portal/collections/individual/index.php?occid=4442733
4442734	OSC	OSC-M-213751	Chuck Brushwood	NA	32.04	124.58	Washington	Whatcom	48.35334	-121.95072	outside_boundary_exact	Washington, Skagit County	Land ownership: Private land. FIA Site # 71023	https://lichenportal.org/portal/collections/individual/index.php?occid=4442734
4442735	OSC	OSC-M-213752	Chuck Brushwood	NA	32.04	124.58	Washington	Whatcom	48.35334	-121.95072	outside_boundary_exact	Washington, Skagit County	Land ownership: Private land. FIA Site # 71023	https://lichenportal.org/portal/collections/individual/index.php?occid=4442735
4442736	OSC	OSC-M-213753	Chuck Brushwood	NA	32.04	124.58	Washington	Whatcom	48.35334	-121.95072	outside_boundary_exact	Washington, Skagit County	Land ownership: Private land. FIA Site # 71023	https://lichenportal.org/portal/collections/individual/index.php?occid=4442736
4442737	OSC	OSC-M-213754	Chuck Brushwood	NA	32.04	124.58	Washington	Whatcom	48.35334	-121.95072	outside_boundary_exact	Washington, Skagit County	Land ownership: Private land. FIA Site # 71023	https://lichenportal.org/portal/collections/individual/index.php?occid=4442737
4442738	OSC	OSC-M-213755	Chuck Brushwood	NA	32.04	124.58	Washington	Whatcom	48.35334	-121.95072	outside_boundary_exact	Washington, Skagit County	Land ownership: Private land. FIA Site # 71023	https://lichenportal.org/portal/collections/individual/index.php?occid=4442738
4442739	OSC	OSC-M-213756	Chuck Brushwood	NA	32.04	124.58	Washington	Whatcom	48.35334	-121.95072	outside_boundary_exact	Washington, Skagit County	Land ownership: Private land. FIA Site # 71023	https://lichenportal.org/portal/collections/individual/index.php?occid=4442739
4442740	OSC	OSC-M-213757	Chuck Brushwood	NA	32.04	124.58	Washington	Whatcom	48.35334	-121.95072	outside_boundary_exact	Washington, Skagit County	Land ownership: Private land. FIA Site # 71023	https://lichenportal.org/portal/collections/individual/index.php?occid=4442740
4442741	OSC	OSC-M-213758	Chuck Brushwood	NA	32.04	124.58	Washington	Whatcom	48.35334	-121.95072	outside_boundary_exact	Washington, Skagit County	Land ownership: Private land. FIA Site # 71023	https://lichenportal.org/portal/collections/individual/index.php?occid=4442741
4442742	OSC	OSC-M-213759	Chuck Brushwood	NA	32.04	124.58	Washington	Whatcom	48.35334	-121.95072	outside_boundary_exact	Washington, Skagit County	Land ownership: Private land. FIA Site # 71023	https://lichenportal.org/portal/collections/individual/index.php?occid=4442742
4442743	OSC	OSC-M-213760	Chuck Brushwood	NA	32.04	124.58	Washington	Whatcom	48.35334	-121.95072	outside_boundary_exact	Washington, Skagit County	Land ownership: Private land. FIA Site # 71023	https://lichenportal.org/portal/collections/individual/index.php?occid=4442743
4472705	OSC	OSC-M-213729a	Chuck Brushwood	NA	32.04	124.58	Washington	Whatcom	48.35334	-121.95072	outside_boundary_exact	Washington, Skagit County	Land ownership: Private land. FIA Site # 71023	https://lichenportal.org/portal/collections/individual/index.php?occid=4472705
4472706	OSC	OSC-M-213732a	Chuck Brushwood	NA	32.04	124.58	Washington	Whatcom	48.35334	-121.95072	outside_boundary_exact	Washington, Skagit County	Land ownership: Private land. FIA Site # 71023	https://lichenportal.org/portal/collections/individual/index.php?occid=4472706
4472707	OSC	OSC-M-213732b	Chuck Brushwood	NA	32.04	124.58	Washington	Whatcom	48.35334	-121.95072	outside_boundary_exact	Washington, Skagit County	Land ownership: Private land. FIA Site # 71023	https://lichenportal.org/portal/collections/individual/index.php?occid=4472707
4472708	OSC	OSC-M-213733a	Chuck Brushwood	NA	32.04	124.58	Washington	Whatcom	48.35334	-121.95072	outside_boundary_exact	Washington, Skagit County	Land ownership: Private land. FIA Site # 71023	https://lichenportal.org/portal/collections/individual/index.php?occid=4472708
4472709	OSC	OSC-M-213733b	Chuck Brushwood	NA	32.04	124.58	Washington	Whatcom	48.35334	-121.95072	outside_boundary_exact	Washington, Skagit County	Land ownership: Private land. FIA Site # 71023	https://lichenportal.org/portal/collections/individual/index.php?occid=4472709
4472710	OSC	OSC-M-213734a	Chuck Brushwood	NA	32.04	124.58	Washington	Whatcom	48.35334	-121.95072	outside_boundary_exact	Washington, Skagit County	Land ownership: Private land. FIA Site # 71023	https://lichenportal.org/portal/collections/individual/index.php?occid=4472710
4472711	OSC	OSC-M-213735a	Chuck Brushwood	NA	32.04	124.58	Washington	Whatcom	48.35334	-121.95072	outside_boundary_exact	Washington, Skagit County	Land ownership: Private land. FIA Site # 71023	https://lichenportal.org/portal/collections/individual/index.php?occid=4472711
4472712	OSC	OSC-M-213735b	Chuck Brushwood	NA	32.04	124.58	Washington	Whatcom	48.35334	-121.95072	outside_boundary_exact	Washington, Skagit County	Land ownership: Private land. FIA Site # 71023	https://lichenportal.org/portal/collections/individual/index.php?occid=4472712
4472713	OSC	OSC-M-213740a	Chuck Brushwood	NA	32.04	124.58	Washington	Whatcom	48.35334	-121.95072	outside_boundary_exact	Washington, Skagit County	Land ownership: Private land. FIA Site # 71023	https://lichenportal.org/portal/collections/individual/index.php?occid=4472713
4472714	OSC	OSC-M-213742a	Chuck Brushwood	NA	32.04	124.58	Washington	Whatcom	48.35334	-121.95072	outside_boundary_exact	Washington, Skagit County	Land ownership: Private land. FIA Site # 71023	https://lichenportal.org/portal/collections/individual/index.php?occid=4472714
4472715	OSC	OSC-M-213743a	Chuck Brushwood	NA	32.04	124.58	Washington	Whatcom	48.35334	-121.95072	outside_boundary_exact	Washington, Skagit County	Land ownership: Private land. FIA Site # 71023	https://lichenportal.org/portal/collections/individual/index.php?occid=4472715
4472716	OSC	OSC-M-213746a	Chuck Brushwood	NA	32.04	124.58	Washington	Whatcom	48.35334	-121.95072	outside_boundary_exact	Washington, Skagit County	Land ownership: Private land. FIA Site # 71023	https://lichenportal.org/portal/collections/individual/index.php?occid=4472716
4472717	OSC	OSC-M-213747a	Chuck Brushwood	NA	32.04	124.58	Washington	Whatcom	48.35334	-121.95072	outside_boundary_exact	Washington, Skagit County	Land ownership: Private land. FIA Site # 71023	https://lichenportal.org/portal/collections/individual/index.php?occid=4472717
4472718	OSC	OSC-M-213747b	Chuck Brushwood	NA	32.04	124.58	Washington	Whatcom	48.35334	-121.95072	outside_boundary_exact	Washington, Skagit County	Land ownership: Private land. FIA Site # 71023	https://lichenportal.org/portal/collections/individual/index.php?occid=4472718
4472719	OSC	OSC-M-213748a	Chuck Brushwood	NA	32.04	124.58	Washington	Whatcom	48.35334	-121.95072	outside_boundary_exact	Washington, Skagit County	Land ownership: Private land. FIA Site # 71023	https://lichenportal.org/portal/collections/individual/index.php?occid=4472719
4472722	OSC	OSC-M-213756a	Chuck Brushwood	NA	32.04	124.58	Washington	Whatcom	48.35334	-121.95072	outside_boundary_exact	Washington, Skagit County	Land ownership: Private land. FIA Site # 71023	https://lichenportal.org/portal/collections/individual/index.php?occid=4472722
4472723	OSC	OSC-M-213756b	Chuck Brushwood	NA	32.04	124.58	Washington	Whatcom	48.35334	-121.95072	outside_boundary_exact	Washington, Skagit County	Land ownership: Private land. FIA Site # 71023	https://lichenportal.org/portal/collections/individual/index.php?occid=4472723
4472724	OSC	OSC-M-213757a	Chuck Brushwood	NA	32.04	124.58	Washington	Whatcom	48.35334	-121.95072	outside_boundary_exact	Washington, Skagit County	Land ownership: Private land. FIA Site # 71023	https://lichenportal.org/portal/collections/individual/index.php?occid=4472724
4472725	OSC	OSC-M-213757b	Chuck Brushwood	NA	32.04	124.58	Washington	Whatcom	48.35334	-121.95072	outside_boundary_exact	Washington, Skagit County	Land ownership: Private land. FIA Site # 71023	https://lichenportal.org/portal/collections/individual/index.php?occid=4472725
4472727	OSC	OSC-M-213759a	Chuck Brushwood	NA	32.04	124.58	Washington	Whatcom	48.35334	-121.95072	outside_boundary_exact	Washington, Skagit County	Land ownership: Private land. FIA Site # 71023	https://lichenportal.org/portal/collections/individual/index.php?occid=4472727
2233062	OSC	138094	C. Bjork	10397a	31.96	120.36	Washington	Skamania	45.43	-121.51	outside_boundary_exact	Oregon, Hood River County	Columbia River Gorge, along an unnamed creek, between Carson and Stevenson, shortly above Hwy 14.	https://lichenportal.org/portal/collections/individual/index.php?occid=2233062
4506098	OSC	OSC-M-303131	R. Nichols	s.n.	26.87	176.19	Washington	Whatcom	48.39679	-121.1306	outside_boundary_exact	Washington, Skagit County	Mt Baker-Snoqualmie National Forest: Mt. Baker: Glacier Peak Wilderness. FIA Site # 53286 53 47	https://lichenportal.org/portal/collections/individual/index.php?occid=4506098
4506099	OSC	OSC-M-303132	R. Nichols	s.n.	26.87	176.19	Washington	Whatcom	48.39679	-121.1306	outside_boundary_exact	Washington, Skagit County	Mt Baker-Snoqualmie National Forest: Mt. Baker: Glacier Peak Wilderness. FIA Site # 53286 53 47	https://lichenportal.org/portal/collections/individual/index.php?occid=4506099
4506100	OSC	OSC-M-303133	R. Nichols	s.n.	26.87	176.19	Washington	Whatcom	48.39679	-121.1306	outside_boundary_exact	Washington, Skagit County	Mt Baker-Snoqualmie National Forest: Mt. Baker: Glacier Peak Wilderness. FIA Site # 53286 53 47	https://lichenportal.org/portal/collections/individual/index.php?occid=4506100
4506101	OSC	OSC-M-303134	R. Nichols	s.n.	26.87	176.19	Washington	Whatcom	48.39679	-121.1306	outside_boundary_exact	Washington, Skagit County	Mt Baker-Snoqualmie National Forest: Mt. Baker: Glacier Peak Wilderness. FIA Site # 53286 53 47	https://lichenportal.org/portal/collections/individual/index.php?occid=4506101
4506102	OSC	OSC-M-303135	R. Nichols	s.n.	26.87	176.19	Washington	Whatcom	48.39679	-121.1306	outside_boundary_exact	Washington, Skagit County	Mt Baker-Snoqualmie National Forest: Mt. Baker: Glacier Peak Wilderness. FIA Site # 53286 53 47	https://lichenportal.org/portal/collections/individual/index.php?occid=4506102
4506103	OSC	OSC-M-303136	R. Nichols	s.n.	26.87	176.19	Washington	Whatcom	48.39679	-121.1306	outside_boundary_exact	Washington, Skagit County	Mt Baker-Snoqualmie National Forest: Mt. Baker: Glacier Peak Wilderness. FIA Site # 53286 53 47	https://lichenportal.org/portal/collections/individual/index.php?occid=4506103
4506104	OSC	OSC-M-303137	R. Nichols	s.n.	26.87	176.19	Washington	Whatcom	48.39679	-121.1306	outside_boundary_exact	Washington, Skagit County	Mt Baker-Snoqualmie National Forest: Mt. Baker: Glacier Peak Wilderness. FIA Site # 53286 53 47	https://lichenportal.org/portal/collections/individual/index.php?occid=4506104
4506105	OSC	OSC-M-303138	R. Nichols	s.n.	26.87	176.19	Washington	Whatcom	48.39679	-121.1306	outside_boundary_exact	Washington, Skagit County	Mt Baker-Snoqualmie National Forest: Mt. Baker: Glacier Peak Wilderness. FIA Site # 53286 53 47	https://lichenportal.org/portal/collections/individual/index.php?occid=4506105
4506106	OSC	OSC-M-303139	R. Nichols	s.n.	26.87	176.19	Washington	Whatcom	48.39679	-121.1306	outside_boundary_exact	Washington, Skagit County	Mt Baker-Snoqualmie National Forest: Mt. Baker: Glacier Peak Wilderness. FIA Site # 53286 53 47	https://lichenportal.org/portal/collections/individual/index.php?occid=4506106
4506107	OSC	OSC-M-303140	R. Nichols	s.n.	26.87	176.19	Washington	Whatcom	48.39679	-121.1306	outside_boundary_exact	Washington, Skagit County	Mt Baker-Snoqualmie National Forest: Mt. Baker: Glacier Peak Wilderness. FIA Site # 53286 53 47	https://lichenportal.org/portal/collections/individual/index.php?occid=4506107
4506108	OSC	OSC-M-303141	R. Nichols	s.n.	26.87	176.19	Washington	Whatcom	48.39679	-121.1306	outside_boundary_exact	Washington, Skagit County	Mt Baker-Snoqualmie National Forest: Mt. Baker: Glacier Peak Wilderness. FIA Site # 53286 53 47	https://lichenportal.org/portal/collections/individual/index.php?occid=4506108
4506109	OSC	OSC-M-303142	R. Nichols	s.n.	26.87	176.19	Washington	Whatcom	48.39679	-121.1306	outside_boundary_exact	Washington, Skagit County	Mt Baker-Snoqualmie National Forest: Mt. Baker: Glacier Peak Wilderness. FIA Site # 53286 53 47	https://lichenportal.org/portal/collections/individual/index.php?occid=4506109
4506110	OSC	OSC-M-303143	R. Nichols	s.n.	26.87	176.19	Washington	Whatcom	48.39679	-121.1306	outside_boundary_exact	Washington, Skagit County	Mt Baker-Snoqualmie National Forest: Mt. Baker: Glacier Peak Wilderness. FIA Site # 53286 53 47	https://lichenportal.org/portal/collections/individual/index.php?occid=4506110
4506111	OSC	OSC-M-303144	R. Nichols	s.n.	26.87	176.19	Washington	Whatcom	48.39679	-121.1306	outside_boundary_exact	Washington, Skagit County	Mt Baker-Snoqualmie National Forest: Mt. Baker: Glacier Peak Wilderness. FIA Site # 53286 53 47	https://lichenportal.org/portal/collections/individual/index.php?occid=4506111
4506112	OSC	OSC-M-303145	R. Nichols	s.n.	26.87	176.19	Washington	Whatcom	48.39679	-121.1306	outside_boundary_exact	Washington, Skagit County	Mt Baker-Snoqualmie National Forest: Mt. Baker: Glacier Peak Wilderness. FIA Site # 53286 53 47	https://lichenportal.org/portal/collections/individual/index.php?occid=4506112
4506113	OSC	OSC-M-303146	R. Nichols	s.n.	26.87	176.19	Washington	Whatcom	48.39679	-121.1306	outside_boundary_exact	Washington, Skagit County	Mt Baker-Snoqualmie National Forest: Mt. Baker: Glacier Peak Wilderness. FIA Site # 53286 53 47	https://lichenportal.org/portal/collections/individual/index.php?occid=4506113
4506114	OSC	OSC-M-303147	R. Nichols	s.n.	26.87	176.19	Washington	Whatcom	48.39679	-121.1306	outside_boundary_exact	Washington, Skagit County	Mt Baker-Snoqualmie National Forest: Mt. Baker: Glacier Peak Wilderness. FIA Site # 53286 53 47	https://lichenportal.org/portal/collections/individual/index.php?occid=4506114
4506115	OSC	OSC-M-303148	R. Nichols	s.n.	26.87	176.19	Washington	Whatcom	48.39679	-121.1306	outside_boundary_exact	Washington, Skagit County	Mt Baker-Snoqualmie National Forest: Mt. Baker: Glacier Peak Wilderness. FIA Site # 53286 53 47	https://lichenportal.org/portal/collections/individual/index.php?occid=4506115
4506116	OSC	OSC-M-303149	R. Nichols	s.n.	26.87	176.19	Washington	Whatcom	48.39679	-121.1306	outside_boundary_exact	Washington, Skagit County	Mt Baker-Snoqualmie National Forest: Mt. Baker: Glacier Peak Wilderness. FIA Site # 53286 53 47	https://lichenportal.org/portal/collections/individual/index.php?occid=4506116
4506117	OSC	OSC-M-303150	R. Nichols	s.n.	26.87	176.19	Washington	Whatcom	48.39679	-121.1306	outside_boundary_exact	Washington, Skagit County	Mt Baker-Snoqualmie National Forest: Mt. Baker: Glacier Peak Wilderness. FIA Site # 53286 53 47	https://lichenportal.org/portal/collections/individual/index.php?occid=4506117
4506118	OSC	OSC-M-303151	R. Nichols	s.n.	26.87	176.19	Washington	Whatcom	48.39679	-121.1306	outside_boundary_exact	Washington, Skagit County	Mt Baker-Snoqualmie National Forest: Mt. Baker: Glacier Peak Wilderness. FIA Site # 53286 53 47	https://lichenportal.org/portal/collections/individual/index.php?occid=4506118
4506119	OSC	OSC-M-303152	R. Nichols	s.n.	26.87	176.19	Washington	Whatcom	48.39679	-121.1306	outside_boundary_exact	Washington, Skagit County	Mt Baker-Snoqualmie National Forest: Mt. Baker: Glacier Peak Wilderness. FIA Site # 53286 53 47	https://lichenportal.org/portal/collections/individual/index.php?occid=4506119
4506120	OSC	OSC-M-303153	R. Nichols	s.n.	26.87	176.19	Washington	Whatcom	48.39679	-121.1306	outside_boundary_exact	Washington, Skagit County	Mt Baker-Snoqualmie National Forest: Mt. Baker: Glacier Peak Wilderness. FIA Site # 53286 53 47	https://lichenportal.org/portal/collections/individual/index.php?occid=4506120
4506121	OSC	OSC-M-303154	R. Nichols	s.n.	26.87	176.19	Washington	Whatcom	48.39679	-121.1306	outside_boundary_exact	Washington, Skagit County	Mt Baker-Snoqualmie National Forest: Mt. Baker: Glacier Peak Wilderness. FIA Site # 53286 53 47	https://lichenportal.org/portal/collections/individual/index.php?occid=4506121
3483616	OSC	OSC-M-303201	J. DiMeglio	s.n.	26.42	156.97	Washington	Whatcom	48.401574	-121.408923	outside_boundary_exact	Washington, Skagit County	Mt Baker-Snoqualmie National Forest: Mt Baker Ranger District: Glacier Peak Wilderness. FIA Site # 65639 53 57	https://lichenportal.org/portal/collections/individual/index.php?occid=3483616
3483617	OSC	OSC-M-303202	J. DiMeglio	s.n.	26.42	156.97	Washington	Whatcom	48.401574	-121.408923	outside_boundary_exact	Washington, Skagit County	Mt Baker-Snoqualmie National Forest: Mt Baker Ranger District: Glacier Peak Wilderness. FIA Site # 65639 53 57	https://lichenportal.org/portal/collections/individual/index.php?occid=3483617
3483618	OSC	OSC-M-303203	J. DiMeglio	s.n.	26.42	156.97	Washington	Whatcom	48.401574	-121.408923	outside_boundary_exact	Washington, Skagit County	Mt Baker-Snoqualmie National Forest: Mt Baker Ranger District: Glacier Peak Wilderness. FIA Site # 65639 53 57	https://lichenportal.org/portal/collections/individual/index.php?occid=3483618
3483619	OSC	OSC-M-303204	J. DiMeglio	s.n.	26.42	156.97	Washington	Whatcom	48.401574	-121.408923	outside_boundary_exact	Washington, Skagit County	Mt Baker-Snoqualmie National Forest: Mt Baker Ranger District: Glacier Peak Wilderness. FIA Site # 65639 53 57	https://lichenportal.org/portal/collections/individual/index.php?occid=3483619
3483620	OSC	OSC-M-303205	J. DiMeglio	s.n.	26.42	156.97	Washington	Whatcom	48.401574	-121.408923	outside_boundary_exact	Washington, Skagit County	Mt Baker-Snoqualmie National Forest: Mt Baker Ranger District: Glacier Peak Wilderness. FIA Site # 65639 53 57	https://lichenportal.org/portal/collections/individual/index.php?occid=3483620
3483621	OSC	OSC-M-303206	J. DiMeglio	s.n.	26.42	156.97	Washington	Whatcom	48.401574	-121.408923	outside_boundary_exact	Washington, Skagit County	Mt Baker-Snoqualmie National Forest: Mt Baker Ranger District: Glacier Peak Wilderness. FIA Site # 65639 53 57	https://lichenportal.org/portal/collections/individual/index.php?occid=3483621
3483622	OSC	OSC-M-303207	J. DiMeglio	s.n.	26.42	156.97	Washington	Whatcom	48.401574	-121.408923	outside_boundary_exact	Washington, Skagit County	Mt Baker-Snoqualmie National Forest: Mt Baker Ranger District: Glacier Peak Wilderness. FIA Site # 65639 53 57	https://lichenportal.org/portal/collections/individual/index.php?occid=3483622
3483623	OSC	OSC-M-303208	J. DiMeglio	s.n.	26.42	156.97	Washington	Whatcom	48.401574	-121.408923	outside_boundary_exact	Washington, Skagit County	Mt Baker-Snoqualmie National Forest: Mt Baker Ranger District: Glacier Peak Wilderness. FIA Site # 65639 53 57	https://lichenportal.org/portal/collections/individual/index.php?occid=3483623
3483624	OSC	OSC-M-303209	J. DiMeglio	s.n.	26.42	156.97	Washington	Whatcom	48.401574	-121.408923	outside_boundary_exact	Washington, Skagit County	Mt Baker-Snoqualmie National Forest: Mt Baker Ranger District: Glacier Peak Wilderness. FIA Site # 65639 53 57	https://lichenportal.org/portal/collections/individual/index.php?occid=3483624
3483625	OSC	OSC-M-303210	J. DiMeglio	s.n.	26.42	156.97	Washington	Whatcom	48.401574	-121.408923	outside_boundary_exact	Washington, Skagit County	Mt Baker-Snoqualmie National Forest: Mt Baker Ranger District: Glacier Peak Wilderness. FIA Site # 65639 53 57	https://lichenportal.org/portal/collections/individual/index.php?occid=3483625
3483626	OSC	OSC-M-303211	J. DiMeglio	s.n.	26.42	156.97	Washington	Whatcom	48.401574	-121.408923	outside_boundary_exact	Washington, Skagit County	Mt Baker-Snoqualmie National Forest: Mt Baker Ranger District: Glacier Peak Wilderness. FIA Site # 65639 53 57	https://lichenportal.org/portal/collections/individual/index.php?occid=3483626
3483627	OSC	OSC-M-303212	J. DiMeglio	s.n.	26.42	156.97	Washington	Whatcom	48.401574	-121.408923	outside_boundary_exact	Washington, Skagit County	Mt Baker-Snoqualmie National Forest: Mt Baker Ranger District: Glacier Peak Wilderness. FIA Site # 65639 53 57	https://lichenportal.org/portal/collections/individual/index.php?occid=3483627
3483628	OSC	OSC-M-303213	J. DiMeglio	s.n.	26.42	156.97	Washington	Whatcom	48.401574	-121.408923	outside_boundary_exact	Washington, Skagit County	Mt Baker-Snoqualmie National Forest: Mt Baker Ranger District: Glacier Peak Wilderness. FIA Site # 65639 53 57	https://lichenportal.org/portal/collections/individual/index.php?occid=3483628
3483629	OSC	OSC-M-303214	J. DiMeglio	s.n.	26.42	156.97	Washington	Whatcom	48.401574	-121.408923	outside_boundary_exact	Washington, Skagit County	Mt Baker-Snoqualmie National Forest: Mt Baker Ranger District: Glacier Peak Wilderness. FIA Site # 65639 53 57	https://lichenportal.org/portal/collections/individual/index.php?occid=3483629
3483594	OSC	OSC-M-303155	J. DiMeglio	s.n.	26.21	161.57	Washington	Whatcom	48.403058	-121.340059	outside_boundary_exact	Washington, Skagit County	Mt Baker-Snoqualmie National Forest: Mt Baker Ranger District: Glacier Peak Wilderness. FIA Site # 73316 53 57	https://lichenportal.org/portal/collections/individual/index.php?occid=3483594
3483595	OSC	OSC-M-303156	J. DiMeglio	s.n.	26.21	161.57	Washington	Whatcom	48.403058	-121.340059	outside_boundary_exact	Washington, Skagit County	Mt Baker-Snoqualmie National Forest: Mt Baker Ranger District: Glacier Peak Wilderness. FIA Site # 73316 53 57	https://lichenportal.org/portal/collections/individual/index.php?occid=3483595
3483596	OSC	OSC-M-303157	J. DiMeglio	s.n.	26.21	161.57	Washington	Whatcom	48.403058	-121.340059	outside_boundary_exact	Washington, Skagit County	Mt Baker-Snoqualmie National Forest: Mt Baker Ranger District: Glacier Peak Wilderness. FIA Site # 73316 53 57	https://lichenportal.org/portal/collections/individual/index.php?occid=3483596
3483597	OSC	OSC-M-303158	J. DiMeglio	s.n.	26.21	161.57	Washington	Whatcom	48.403058	-121.340059	outside_boundary_exact	Washington, Skagit County	Mt Baker-Snoqualmie National Forest: Mt Baker Ranger District: Glacier Peak Wilderness. FIA Site # 73316 53 57	https://lichenportal.org/portal/collections/individual/index.php?occid=3483597
3483598	OSC	OSC-M-303159	J. DiMeglio	s.n.	26.21	161.57	Washington	Whatcom	48.403058	-121.340059	outside_boundary_exact	Washington, Skagit County	Mt Baker-Snoqualmie National Forest: Mt Baker Ranger District: Glacier Peak Wilderness. FIA Site # 73316 53 57	https://lichenportal.org/portal/collections/individual/index.php?occid=3483598
3483599	OSC	OSC-M-303160	J. DiMeglio	s.n.	26.21	161.57	Washington	Whatcom	48.403058	-121.340059	outside_boundary_exact	Washington, Skagit County	Mt Baker-Snoqualmie National Forest: Mt Baker Ranger District: Glacier Peak Wilderness. FIA Site # 73316 53 57	https://lichenportal.org/portal/collections/individual/index.php?occid=3483599
3483600	OSC	OSC-M-303161	J. DiMeglio	s.n.	26.21	161.57	Washington	Whatcom	48.403058	-121.340059	outside_boundary_exact	Washington, Skagit County	Mt Baker-Snoqualmie National Forest: Mt Baker Ranger District: Glacier Peak Wilderness. FIA Site # 73316 53 57	https://lichenportal.org/portal/collections/individual/index.php?occid=3483600
3483601	OSC	OSC-M-303162	J. DiMeglio	s.n.	26.21	161.57	Washington	Whatcom	48.403058	-121.340059	outside_boundary_exact	Washington, Skagit County	Mt Baker-Snoqualmie National Forest: Mt Baker Ranger District: Glacier Peak Wilderness. FIA Site # 73316 53 57	https://lichenportal.org/portal/collections/individual/index.php?occid=3483601
3483602	OSC	OSC-M-303163	J. DiMeglio	s.n.	26.21	161.57	Washington	Whatcom	48.403058	-121.340059	outside_boundary_exact	Washington, Skagit County	Mt Baker-Snoqualmie National Forest: Mt Baker Ranger District: Glacier Peak Wilderness. FIA Site # 73316 53 57	https://lichenportal.org/portal/collections/individual/index.php?occid=3483602
3483603	OSC	OSC-M-303164	J. DiMeglio	s.n.	26.21	161.57	Washington	Whatcom	48.403058	-121.340059	outside_boundary_exact	Washington, Skagit County	Mt Baker-Snoqualmie National Forest: Mt Baker Ranger District: Glacier Peak Wilderness. FIA Site # 73316 53 57	https://lichenportal.org/portal/collections/individual/index.php?occid=3483603
3483604	OSC	OSC-M-303165	J. DiMeglio	s.n.	26.21	161.57	Washington	Whatcom	48.403058	-121.340059	outside_boundary_exact	Washington, Skagit County	Mt Baker-Snoqualmie National Forest: Mt Baker Ranger District: Glacier Peak Wilderness. FIA Site # 73316 53 57	https://lichenportal.org/portal/collections/individual/index.php?occid=3483604
3483605	OSC	OSC-M-303166	J. DiMeglio	s.n.	26.21	161.57	Washington	Whatcom	48.403058	-121.340059	outside_boundary_exact	Washington, Skagit County	Mt Baker-Snoqualmie National Forest: Mt Baker Ranger District: Glacier Peak Wilderness. FIA Site # 73316 53 57	https://lichenportal.org/portal/collections/individual/index.php?occid=3483605
3483606	OSC	OSC-M-303167	J. DiMeglio	s.n.	26.21	161.57	Washington	Whatcom	48.403058	-121.340059	outside_boundary_exact	Washington, Skagit County	Mt Baker-Snoqualmie National Forest: Mt Baker Ranger District: Glacier Peak Wilderness. FIA Site # 73316 53 57	https://lichenportal.org/portal/collections/individual/index.php?occid=3483606
3483607	OSC	OSC-M-303168	J. DiMeglio	s.n.	26.21	161.57	Washington	Whatcom	48.403058	-121.340059	outside_boundary_exact	Washington, Skagit County	Mt Baker-Snoqualmie National Forest: Mt Baker Ranger District: Glacier Peak Wilderness. FIA Site # 73316 53 57	https://lichenportal.org/portal/collections/individual/index.php?occid=3483607
3483608	OSC	OSC-M-303169	J. DiMeglio	s.n.	26.21	161.57	Washington	Whatcom	48.403058	-121.340059	outside_boundary_exact	Washington, Skagit County	Mt Baker-Snoqualmie National Forest: Mt Baker Ranger District: Glacier Peak Wilderness. FIA Site # 73316 53 57	https://lichenportal.org/portal/collections/individual/index.php?occid=3483608
3483609	OSC	OSC-M-303170	J. DiMeglio	s.n.	26.21	161.57	Washington	Whatcom	48.403058	-121.340059	outside_boundary_exact	Washington, Skagit County	Mt Baker-Snoqualmie National Forest: Mt Baker Ranger District: Glacier Peak Wilderness. FIA Site # 73316 53 57	https://lichenportal.org/portal/collections/individual/index.php?occid=3483609
3483610	OSC	OSC-M-303171	J. DiMeglio	s.n.	26.21	161.57	Washington	Whatcom	48.403058	-121.340059	outside_boundary_exact	Washington, Skagit County	Mt Baker-Snoqualmie National Forest: Mt Baker Ranger District: Glacier Peak Wilderness. FIA Site # 73316 53 57	https://lichenportal.org/portal/collections/individual/index.php?occid=3483610
3483611	OSC	OSC-M-303172	J. DiMeglio	s.n.	26.21	161.57	Washington	Whatcom	48.403058	-121.340059	outside_boundary_exact	Washington, Skagit County	Mt Baker-Snoqualmie National Forest: Mt Baker Ranger District: Glacier Peak Wilderness. FIA Site # 73316 53 57	https://lichenportal.org/portal/collections/individual/index.php?occid=3483611
3483612	OSC	OSC-M-303173	J. DiMeglio	s.n.	26.21	161.57	Washington	Whatcom	48.403058	-121.340059	outside_boundary_exact	Washington, Skagit County	Mt Baker-Snoqualmie National Forest: Mt Baker Ranger District: Glacier Peak Wilderness. FIA Site # 73316 53 57	https://lichenportal.org/portal/collections/individual/index.php?occid=3483612
3483613	OSC	OSC-M-303174	J. DiMeglio	s.n.	26.21	161.57	Washington	Whatcom	48.403058	-121.340059	outside_boundary_exact	Washington, Skagit County	Mt Baker-Snoqualmie National Forest: Mt Baker Ranger District: Glacier Peak Wilderness. FIA Site # 73316 53 57	https://lichenportal.org/portal/collections/individual/index.php?occid=3483613
3483614	OSC	OSC-M-303175	J. DiMeglio	s.n.	26.21	161.57	Washington	Whatcom	48.403058	-121.340059	outside_boundary_exact	Washington, Skagit County	Mt Baker-Snoqualmie National Forest: Mt Baker Ranger District: Glacier Peak Wilderness. FIA Site # 73316 53 57	https://lichenportal.org/portal/collections/individual/index.php?occid=3483614
3483615	OSC	OSC-M-303176	J. DiMeglio	s.n.	26.21	161.57	Washington	Whatcom	48.403058	-121.340059	outside_boundary_exact	Washington, Skagit County	Mt Baker-Snoqualmie National Forest: Mt Baker Ranger District: Glacier Peak Wilderness. FIA Site # 73316 53 57	https://lichenportal.org/portal/collections/individual/index.php?occid=3483615
4442470	OSC	OSC-M-213487	Linda Chesnut	NA	26.16	152.01	Washington	Whatcom	48.404656	-121.480495	outside_boundary_exact	Washington, Skagit County	FIA Site # 57780	https://lichenportal.org/portal/collections/individual/index.php?occid=4442470
4442471	OSC	OSC-M-213488	Linda Chesnut	NA	26.16	152.01	Washington	Whatcom	48.404656	-121.480495	outside_boundary_exact	Washington, Skagit County	FIA Site # 57780	https://lichenportal.org/portal/collections/individual/index.php?occid=4442471
4442472	OSC	OSC-M-213489	Linda Chesnut	NA	26.16	152.01	Washington	Whatcom	48.404656	-121.480495	outside_boundary_exact	Washington, Skagit County	FIA Site # 57780	https://lichenportal.org/portal/collections/individual/index.php?occid=4442472
4442473	OSC	OSC-M-213490	Linda Chesnut	NA	26.16	152.01	Washington	Whatcom	48.404656	-121.480495	outside_boundary_exact	Washington, Skagit County	FIA Site # 57780	https://lichenportal.org/portal/collections/individual/index.php?occid=4442473
4442474	OSC	OSC-M-213491	Linda Chesnut	NA	26.16	152.01	Washington	Whatcom	48.404656	-121.480495	outside_boundary_exact	Washington, Skagit County	FIA Site # 57780	https://lichenportal.org/portal/collections/individual/index.php?occid=4442474
4442475	OSC	OSC-M-213492	Linda Chesnut	NA	26.16	152.01	Washington	Whatcom	48.404656	-121.480495	outside_boundary_exact	Washington, Skagit County	FIA Site # 57780	https://lichenportal.org/portal/collections/individual/index.php?occid=4442475
4442476	OSC	OSC-M-213493	Linda Chesnut	NA	26.16	152.01	Washington	Whatcom	48.404656	-121.480495	outside_boundary_exact	Washington, Skagit County	FIA Site # 57780	https://lichenportal.org/portal/collections/individual/index.php?occid=4442476
4442477	OSC	OSC-M-213494	Linda Chesnut	NA	26.16	152.01	Washington	Whatcom	48.404656	-121.480495	outside_boundary_exact	Washington, Skagit County	FIA Site # 57780	https://lichenportal.org/portal/collections/individual/index.php?occid=4442477
4442478	OSC	OSC-M-213495	Linda Chesnut	NA	26.16	152.01	Washington	Whatcom	48.404656	-121.480495	outside_boundary_exact	Washington, Skagit County	FIA Site # 57780	https://lichenportal.org/portal/collections/individual/index.php?occid=4442478
4442479	OSC	OSC-M-213496	Linda Chesnut	NA	26.16	152.01	Washington	Whatcom	48.404656	-121.480495	outside_boundary_exact	Washington, Skagit County	FIA Site # 57780	https://lichenportal.org/portal/collections/individual/index.php?occid=4442479
4442480	OSC	OSC-M-213497	Linda Chesnut	NA	26.16	152.01	Washington	Whatcom	48.404656	-121.480495	outside_boundary_exact	Washington, Skagit County	FIA Site # 57780	https://lichenportal.org/portal/collections/individual/index.php?occid=4442480
4465882	OSC	OSC-M-237793	Linda Chesnut	NA	26.16	152.01	Washington	Whatcom	48.404656	-121.480495	outside_boundary_exact	Washington, Skagit County	FIA Site # 57780	https://lichenportal.org/portal/collections/individual/index.php?occid=4465882
4472413	OSC	OSC-M-213492a	Linda Chesnut	NA	26.16	152.01	Washington	Whatcom	48.404656	-121.480495	outside_boundary_exact	Washington, Skagit County	FIA Site # 57780	https://lichenportal.org/portal/collections/individual/index.php?occid=4472413
4472414	OSC	OSC-M-213493a	Linda Chesnut	NA	26.16	152.01	Washington	Whatcom	48.404656	-121.480495	outside_boundary_exact	Washington, Skagit County	FIA Site # 57780	https://lichenportal.org/portal/collections/individual/index.php?occid=4472414
4420520	OSC	137421	Miko Nadel; Christine Carlson	030911-1	25.82	160.25	Washington	Whatcom	48.406703	-121.357082	outside_boundary_exact	Washington, Skagit County	Mt. Baker-Snoqualmie N.F., Mt. Baker Ranger District. Arrow/Illabot Creeks Watershed. Illabot Stream. Site name: WAILL1031. USGS HUC: 1711000513.	https://lichenportal.org/portal/collections/individual/index.php?occid=4420520
2234023	OSC	145743	C. Carlson	030911	25.77	160.55	Washington	Whatcom	48.40708	-121.35239	outside_boundary_exact	Washington, Skagit County	Illabot, Mt. Baker-Snoqualmie National Forest	https://lichenportal.org/portal/collections/individual/index.php?occid=2234023
2234025	OSC	145741	C. Carlson	030910	24.63	157.43	Washington	Whatcom	48.41772	-121.39111	outside_boundary_exact	Washington, Skagit County	Skagit County. Mt. Baker-Snoqualmie National Forest, Arrow Creek.	https://lichenportal.org/portal/collections/individual/index.php?occid=2234025
480183	OSC	33748	Lawrence H. Pike	NA	23.47	153.98	Washington	Whatcom	48.417	-122.67	outside_boundary_exact	not_found_in_US	Stop I,Mt. Erie,Olympic Peninsula.	https://lichenportal.org/portal/collections/individual/index.php?occid=480183
2228914	OSC	77619	Lawrence H. Pike	809	23.47	153.98	Washington	Whatcom	48.417	-122.67	outside_boundary_exact	not_found_in_US	Mt. Erie	https://lichenportal.org/portal/collections/individual/index.php?occid=2228914
2230523	OSC	54750	Lawrence H. Pike	808A	23.47	153.98	Washington	Whatcom	48.417	-122.67	outside_boundary_exact	not_found_in_US	Mt. Erie, 8 mi. S of Anacortes Stop 1	https://lichenportal.org/portal/collections/individual/index.php?occid=2230523
4418505	OSC	99679	Lawrence H. Pike	801	23.47	153.98	Washington	Whatcom	48.417	-122.67	outside_boundary_exact	not_found_in_US	Olympic Peninsula. Mt. Erie, 8 mi. S of Anacortes, Fidalgo Is. On moss on rock. Shade on N slope	https://lichenportal.org/portal/collections/individual/index.php?occid=4418505
4418760	OSC	101590	Lawrence H. Pike	802	23.47	153.98	Washington	Whatcom	48.417	-122.67	outside_boundary_exact	not_found_in_US	Olympic Peninsula. Mt. Erie on Fidalgo Is. Stop 1	https://lichenportal.org/portal/collections/individual/index.php?occid=4418760
4418761	OSC	101589	Lawrence H. Pike	800	23.47	153.98	Washington	Whatcom	48.417	-122.67	outside_boundary_exact	not_found_in_US	Olympic Peninsula. Mt. Erie on Fidalgo Is. Stop 1	https://lichenportal.org/portal/collections/individual/index.php?occid=4418761
4420684	OSC	103753	Lawrence H. Pike	803	23.47	153.98	Washington	Whatcom	48.417	-122.67	outside_boundary_exact	not_found_in_US	Mt. Erie 8 mi S of Anacortes on Fidalgo Island. XI International Botanical Congress Lichen Trip. Washington State: Olympic Peninsula.	https://lichenportal.org/portal/collections/individual/index.php?occid=4420684
4658129	OSC	99382	Lawrence H. Pike	811	23.47	153.98	Washington	Whatcom	48.417	-122.67	outside_boundary_exact	not_found_in_US	Olympic Peninsula. South slope, Mt. Erie. 8 mi. S. Anacortes. International Botanical Congress Lichen Trip Stop 1	https://lichenportal.org/portal/collections/individual/index.php?occid=4658129
4660735	OSC	93310	Lawrence H. Pike	806	23.47	153.98	Washington	Whatcom	48.417	-122.67	outside_boundary_exact	not_found_in_US	Olympic Peninsula. Mt. Erie. 8 mi. S of Anacortes on Fidalgo Island. Stop 1	https://lichenportal.org/portal/collections/individual/index.php?occid=4660735
4769192	OSC	33129	Lawrence H. Pike	807	23.47	153.98	Washington	Whatcom	48.417	-122.67	outside_boundary_exact	not_found_in_US	Mt. Erie, 8 mi. S of Anacortes, Olympic Peninsula	https://lichenportal.org/portal/collections/individual/index.php?occid=4769192
4769196	OSC	93281	Lawrence H. Pike	807	23.47	153.98	Washington	Whatcom	48.417	-122.67	outside_boundary_exact	not_found_in_US	Olympic Peninsula; Mt. Erie, 8 mi. S of Anacortes	https://lichenportal.org/portal/collections/individual/index.php?occid=4769196
4794951	OSC	93289	Lawrence H. Pike	808B	23.47	153.98	Washington	Whatcom	48.417	-122.67	outside_boundary_exact	not_found_in_US	Olympic Peninsula, Mt. Erie, 8 mi S of Anacortes on Fidalgo Island	https://lichenportal.org/portal/collections/individual/index.php?occid=4794951
4795054	OSC	93226	Lawrence H. Pike	808	23.47	153.98	Washington	Whatcom	48.417	-122.67	outside_boundary_exact	not_found_in_US	Olympic Peninsula. Mt. Erie. 8 mi S of Anacortes on Fidalgo Island	https://lichenportal.org/portal/collections/individual/index.php?occid=4795054
5363056	OSC	101864	Lawrence H. Pike	804	23.47	153.98	Washington	Whatcom	48.417	-122.67	outside_boundary_exact	not_found_in_US	Mt. Erie. Olympic Peninsula. XI International Botanical Congress Lichen Trip Stop 1.	https://lichenportal.org/portal/collections/individual/index.php?occid=5363056
4804947	OSC	OSC-M-051067	Richard Droker	07Jan2022-2	23.41	153.62	Washington	Whatcom	48.416928	-122.664937	outside_boundary_exact	not_found_in_US	Deception Pass State Park, Fidalgo Island.	https://lichenportal.org/portal/collections/individual/index.php?occid=4804947
4804945	OSC	OSC-M-051065	Richard Droker	07Jan2022-1	23.37	153.28	Washington	Whatcom	48.416771	-122.660276	outside_boundary_exact	Washington, Skagit County	Deception Pass State Park, Fidalgo Island.	https://lichenportal.org/portal/collections/individual/index.php?occid=4804945
481857	OSC	53220	Lawrence H. Pike	765	23.11	90.75	Washington	Pacific	46.43	-124.43	outside_boundary_exact	not_found_in_US	5 mi. N. of Long Beach	https://lichenportal.org/portal/collections/individual/index.php?occid=481857
3472622	OSC	OSC-M-272929	Jill Grenon	s.n.	21.65	170.24	Washington	Whatcom	48.444157	-121.187885	outside_boundary_exact	Washington, Skagit County	Mt Baker-Snoqualmie National Forest: Mt Baker Ranger District: Glacier Peak Wilderness. FIA Site # 82564 53 57	https://lichenportal.org/portal/collections/individual/index.php?occid=3472622
3472623	OSC	OSC-M-272930	Jill Grenon	s.n.	21.65	170.24	Washington	Whatcom	48.444157	-121.187885	outside_boundary_exact	Washington, Skagit County	Mt Baker-Snoqualmie National Forest: Mt Baker Ranger District: Glacier Peak Wilderness. FIA Site # 82564 53 57	https://lichenportal.org/portal/collections/individual/index.php?occid=3472623
3472624	OSC	OSC-M-272931	Jill Grenon	s.n.	21.65	170.24	Washington	Whatcom	48.444157	-121.187885	outside_boundary_exact	Washington, Skagit County	Mt Baker-Snoqualmie National Forest: Mt Baker Ranger District: Glacier Peak Wilderness. FIA Site # 82564 53 57	https://lichenportal.org/portal/collections/individual/index.php?occid=3472624
3472625	OSC	OSC-M-272932	Jill Grenon	s.n.	21.65	170.24	Washington	Whatcom	48.444157	-121.187885	outside_boundary_exact	Washington, Skagit County	Mt Baker-Snoqualmie National Forest: Mt Baker Ranger District: Glacier Peak Wilderness. FIA Site # 82564 53 57	https://lichenportal.org/portal/collections/individual/index.php?occid=3472625
3472626	OSC	OSC-M-272933	Jill Grenon	s.n.	21.65	170.24	Washington	Whatcom	48.444157	-121.187885	outside_boundary_exact	Washington, Skagit County	Mt Baker-Snoqualmie National Forest: Mt Baker Ranger District: Glacier Peak Wilderness. FIA Site # 82564 53 57	https://lichenportal.org/portal/collections/individual/index.php?occid=3472626
3472627	OSC	OSC-M-272934	Jill Grenon	s.n.	21.65	170.24	Washington	Whatcom	48.444157	-121.187885	outside_boundary_exact	Washington, Skagit County	Mt Baker-Snoqualmie National Forest: Mt Baker Ranger District: Glacier Peak Wilderness. FIA Site # 82564 53 57	https://lichenportal.org/portal/collections/individual/index.php?occid=3472627
3472628	OSC	OSC-M-272935	Jill Grenon	s.n.	21.65	170.24	Washington	Whatcom	48.444157	-121.187885	outside_boundary_exact	Washington, Skagit County	Mt Baker-Snoqualmie National Forest: Mt Baker Ranger District: Glacier Peak Wilderness. FIA Site # 82564 53 57	https://lichenportal.org/portal/collections/individual/index.php?occid=3472628
3472629	OSC	OSC-M-272936	Jill Grenon	s.n.	21.65	170.24	Washington	Whatcom	48.444157	-121.187885	outside_boundary_exact	Washington, Skagit County	Mt Baker-Snoqualmie National Forest: Mt Baker Ranger District: Glacier Peak Wilderness. FIA Site # 82564 53 57	https://lichenportal.org/portal/collections/individual/index.php?occid=3472629
3472630	OSC	OSC-M-272937	Jill Grenon	s.n.	21.65	170.24	Washington	Whatcom	48.444157	-121.187885	outside_boundary_exact	Washington, Skagit County	Mt Baker-Snoqualmie National Forest: Mt Baker Ranger District: Glacier Peak Wilderness. FIA Site # 82564 53 57	https://lichenportal.org/portal/collections/individual/index.php?occid=3472630
3472631	OSC	OSC-M-272938	Jill Grenon	s.n.	21.65	170.24	Washington	Whatcom	48.444157	-121.187885	outside_boundary_exact	Washington, Skagit County	Mt Baker-Snoqualmie National Forest: Mt Baker Ranger District: Glacier Peak Wilderness. FIA Site # 82564 53 57	https://lichenportal.org/portal/collections/individual/index.php?occid=3472631
3472632	OSC	OSC-M-272939	Jill Grenon	s.n.	21.65	170.24	Washington	Whatcom	48.444157	-121.187885	outside_boundary_exact	Washington, Skagit County	Mt Baker-Snoqualmie National Forest: Mt Baker Ranger District: Glacier Peak Wilderness. FIA Site # 82564 53 57	https://lichenportal.org/portal/collections/individual/index.php?occid=3472632
3472633	OSC	OSC-M-272940	Jill Grenon	s.n.	21.65	170.24	Washington	Whatcom	48.444157	-121.187885	outside_boundary_exact	Washington, Skagit County	Mt Baker-Snoqualmie National Forest: Mt Baker Ranger District: Glacier Peak Wilderness. FIA Site # 82564 53 57	https://lichenportal.org/portal/collections/individual/index.php?occid=3472633
3472634	OSC	OSC-M-272941	Jill Grenon	s.n.	21.65	170.24	Washington	Whatcom	48.444157	-121.187885	outside_boundary_exact	Washington, Skagit County	Mt Baker-Snoqualmie National Forest: Mt Baker Ranger District: Glacier Peak Wilderness. FIA Site # 82564 53 57	https://lichenportal.org/portal/collections/individual/index.php?occid=3472634
3472635	OSC	OSC-M-272942	Jill Grenon	s.n.	21.65	170.24	Washington	Whatcom	48.444157	-121.187885	outside_boundary_exact	Washington, Skagit County	Mt Baker-Snoqualmie National Forest: Mt Baker Ranger District: Glacier Peak Wilderness. FIA Site # 82564 53 57	https://lichenportal.org/portal/collections/individual/index.php?occid=3472635
3472636	OSC	OSC-M-272943	Jill Grenon	s.n.	21.65	170.24	Washington	Whatcom	48.444157	-121.187885	outside_boundary_exact	Washington, Skagit County	Mt Baker-Snoqualmie National Forest: Mt Baker Ranger District: Glacier Peak Wilderness. FIA Site # 82564 53 57	https://lichenportal.org/portal/collections/individual/index.php?occid=3472636
3472637	OSC	OSC-M-272944	Jill Grenon	s.n.	21.65	170.24	Washington	Whatcom	48.444157	-121.187885	outside_boundary_exact	Washington, Skagit County	Mt Baker-Snoqualmie National Forest: Mt Baker Ranger District: Glacier Peak Wilderness. FIA Site # 82564 53 57	https://lichenportal.org/portal/collections/individual/index.php?occid=3472637
3472638	OSC	OSC-M-272945	Jill Grenon	s.n.	21.65	170.24	Washington	Whatcom	48.444157	-121.187885	outside_boundary_exact	Washington, Skagit County	Mt Baker-Snoqualmie National Forest: Mt Baker Ranger District: Glacier Peak Wilderness. FIA Site # 82564 53 57	https://lichenportal.org/portal/collections/individual/index.php?occid=3472638
3472639	OSC	OSC-M-272946	Jill Grenon	s.n.	21.65	170.24	Washington	Whatcom	48.444157	-121.187885	outside_boundary_exact	Washington, Skagit County	Mt Baker-Snoqualmie National Forest: Mt Baker Ranger District: Glacier Peak Wilderness. FIA Site # 82564 53 57	https://lichenportal.org/portal/collections/individual/index.php?occid=3472639
3472640	OSC	OSC-M-272947	Jill Grenon	s.n.	21.65	170.24	Washington	Whatcom	48.444157	-121.187885	outside_boundary_exact	Washington, Skagit County	Mt Baker-Snoqualmie National Forest: Mt Baker Ranger District: Glacier Peak Wilderness. FIA Site # 82564 53 57	https://lichenportal.org/portal/collections/individual/index.php?occid=3472640
3472641	OSC	OSC-M-272948	Jill Grenon	s.n.	21.65	170.24	Washington	Whatcom	48.444157	-121.187885	outside_boundary_exact	Washington, Skagit County	Mt Baker-Snoqualmie National Forest: Mt Baker Ranger District: Glacier Peak Wilderness. FIA Site # 82564 53 57	https://lichenportal.org/portal/collections/individual/index.php?occid=3472641
3472642	OSC	OSC-M-272949	Jill Grenon	s.n.	21.65	170.24	Washington	Whatcom	48.444157	-121.187885	outside_boundary_exact	Washington, Skagit County	Mt Baker-Snoqualmie National Forest: Mt Baker Ranger District: Glacier Peak Wilderness. FIA Site # 82564 53 57	https://lichenportal.org/portal/collections/individual/index.php?occid=3472642
3472643	OSC	OSC-M-272950	Jill Grenon	s.n.	21.65	170.24	Washington	Whatcom	48.444157	-121.187885	outside_boundary_exact	Washington, Skagit County	Mt Baker-Snoqualmie National Forest: Mt Baker Ranger District: Glacier Peak Wilderness. FIA Site # 82564 53 57	https://lichenportal.org/portal/collections/individual/index.php?occid=3472643
3472644	OSC	OSC-M-272951	Jill Grenon	s.n.	21.65	170.24	Washington	Whatcom	48.444157	-121.187885	outside_boundary_exact	Washington, Skagit County	Mt Baker-Snoqualmie National Forest: Mt Baker Ranger District: Glacier Peak Wilderness. FIA Site # 82564 53 57	https://lichenportal.org/portal/collections/individual/index.php?occid=3472644
3472645	OSC	OSC-M-272952	Jill Grenon	s.n.	21.65	170.24	Washington	Whatcom	48.444157	-121.187885	outside_boundary_exact	Washington, Skagit County	Mt Baker-Snoqualmie National Forest: Mt Baker Ranger District: Glacier Peak Wilderness. FIA Site # 82564 53 57	https://lichenportal.org/portal/collections/individual/index.php?occid=3472645
3472646	OSC	OSC-M-272953	Jill Grenon	s.n.	21.65	170.24	Washington	Whatcom	48.444157	-121.187885	outside_boundary_exact	Washington, Skagit County	Mt Baker-Snoqualmie National Forest: Mt Baker Ranger District: Glacier Peak Wilderness. FIA Site # 82564 53 57	https://lichenportal.org/portal/collections/individual/index.php?occid=3472646
3472647	OSC	OSC-M-272954	Jill Grenon	s.n.	21.65	170.24	Washington	Whatcom	48.444157	-121.187885	outside_boundary_exact	Washington, Skagit County	Mt Baker-Snoqualmie National Forest: Mt Baker Ranger District: Glacier Peak Wilderness. FIA Site # 82564 53 57	https://lichenportal.org/portal/collections/individual/index.php?occid=3472647
3472648	OSC	OSC-M-272955	Jill Grenon	s.n.	21.65	170.24	Washington	Whatcom	48.444157	-121.187885	outside_boundary_exact	Washington, Skagit County	Mt Baker-Snoqualmie National Forest: Mt Baker Ranger District: Glacier Peak Wilderness. FIA Site # 82564 53 57	https://lichenportal.org/portal/collections/individual/index.php?occid=3472648
3472649	OSC	OSC-M-272956	Jill Grenon	s.n.	21.65	170.24	Washington	Whatcom	48.444157	-121.187885	outside_boundary_exact	Washington, Skagit County	Mt Baker-Snoqualmie National Forest: Mt Baker Ranger District: Glacier Peak Wilderness. FIA Site # 82564 53 57	https://lichenportal.org/portal/collections/individual/index.php?occid=3472649
3472650	OSC	OSC-M-272957	Jill Grenon	s.n.	21.65	170.24	Washington	Whatcom	48.444157	-121.187885	outside_boundary_exact	Washington, Skagit County	Mt Baker-Snoqualmie National Forest: Mt Baker Ranger District: Glacier Peak Wilderness. FIA Site # 82564 53 57	https://lichenportal.org/portal/collections/individual/index.php?occid=3472650
3472651	OSC	OSC-M-272958	Jill Grenon	s.n.	21.65	170.24	Washington	Whatcom	48.444157	-121.187885	outside_boundary_exact	Washington, Skagit County	Mt Baker-Snoqualmie National Forest: Mt Baker Ranger District: Glacier Peak Wilderness. FIA Site # 82564 53 57	https://lichenportal.org/portal/collections/individual/index.php?occid=3472651
3472652	OSC	OSC-M-272959	Jill Grenon	s.n.	21.65	170.24	Washington	Whatcom	48.444157	-121.187885	outside_boundary_exact	Washington, Skagit County	Mt Baker-Snoqualmie National Forest: Mt Baker Ranger District: Glacier Peak Wilderness. FIA Site # 82564 53 57	https://lichenportal.org/portal/collections/individual/index.php?occid=3472652
3472653	OSC	OSC-M-272960	Jill Grenon	s.n.	21.65	170.24	Washington	Whatcom	48.444157	-121.187885	outside_boundary_exact	Washington, Skagit County	Mt Baker-Snoqualmie National Forest: Mt Baker Ranger District: Glacier Peak Wilderness. FIA Site # 82564 53 57	https://lichenportal.org/portal/collections/individual/index.php?occid=3472653
3472654	OSC	OSC-M-272961	Jill Grenon	s.n.	21.65	170.24	Washington	Whatcom	48.444157	-121.187885	outside_boundary_exact	Washington, Skagit County	Mt Baker-Snoqualmie National Forest: Mt Baker Ranger District: Glacier Peak Wilderness. FIA Site # 82564 53 57	https://lichenportal.org/portal/collections/individual/index.php?occid=3472654
3472655	OSC	OSC-M-272962	Jill Grenon	s.n.	21.65	170.24	Washington	Whatcom	48.444157	-121.187885	outside_boundary_exact	Washington, Skagit County	Mt Baker-Snoqualmie National Forest: Mt Baker Ranger District: Glacier Peak Wilderness. FIA Site # 82564 53 57	https://lichenportal.org/portal/collections/individual/index.php?occid=3472655
3472656	OSC	OSC-M-272963	Jill Grenon	s.n.	21.65	170.24	Washington	Whatcom	48.444157	-121.187885	outside_boundary_exact	Washington, Skagit County	Mt Baker-Snoqualmie National Forest: Mt Baker Ranger District: Glacier Peak Wilderness. FIA Site # 82564 53 57	https://lichenportal.org/portal/collections/individual/index.php?occid=3472656
3472657	OSC	OSC-M-272964	Jill Grenon	s.n.	21.65	170.24	Washington	Whatcom	48.444157	-121.187885	outside_boundary_exact	Washington, Skagit County	Mt Baker-Snoqualmie National Forest: Mt Baker Ranger District: Glacier Peak Wilderness. FIA Site # 82564 53 57	https://lichenportal.org/portal/collections/individual/index.php?occid=3472657
3472658	OSC	OSC-M-272965	Jill Grenon	s.n.	21.65	170.24	Washington	Whatcom	48.444157	-121.187885	outside_boundary_exact	Washington, Skagit County	Mt Baker-Snoqualmie National Forest: Mt Baker Ranger District: Glacier Peak Wilderness. FIA Site # 82564 53 57	https://lichenportal.org/portal/collections/individual/index.php?occid=3472658
3472659	OSC	OSC-M-272966	Jill Grenon	s.n.	21.65	170.24	Washington	Whatcom	48.444157	-121.187885	outside_boundary_exact	Washington, Skagit County	Mt Baker-Snoqualmie National Forest: Mt Baker Ranger District: Glacier Peak Wilderness. FIA Site # 82564 53 57	https://lichenportal.org/portal/collections/individual/index.php?occid=3472659
3472660	OSC	OSC-M-272967	Jill Grenon	s.n.	21.65	170.24	Washington	Whatcom	48.444157	-121.187885	outside_boundary_exact	Washington, Skagit County	Mt Baker-Snoqualmie National Forest: Mt Baker Ranger District: Glacier Peak Wilderness. FIA Site # 82564 53 57	https://lichenportal.org/portal/collections/individual/index.php?occid=3472660
3472661	OSC	OSC-M-272968	Doug Glavich	s.n.	21.58	174.96	Washington	Whatcom	48.444755	-121.119695	outside_boundary_exact	Washington, Skagit County	Mt Baker-Snoqualmie National Forest: Mt Baker Ranger District: Glacier Peak Wilderness. FIA Site # 74518 53 57	https://lichenportal.org/portal/collections/individual/index.php?occid=3472661
3472662	OSC	OSC-M-272969	Doug Glavich	s.n.	21.58	174.96	Washington	Whatcom	48.444755	-121.119695	outside_boundary_exact	Washington, Skagit County	Mt Baker-Snoqualmie National Forest: Mt Baker Ranger District: Glacier Peak Wilderness. FIA Site # 74518 53 57	https://lichenportal.org/portal/collections/individual/index.php?occid=3472662
3472663	OSC	OSC-M-272970	Doug Glavich	s.n.	21.58	174.96	Washington	Whatcom	48.444755	-121.119695	outside_boundary_exact	Washington, Skagit County	Mt Baker-Snoqualmie National Forest: Mt Baker Ranger District: Glacier Peak Wilderness. FIA Site # 74518 53 57	https://lichenportal.org/portal/collections/individual/index.php?occid=3472663
3472664	OSC	OSC-M-272971	Doug Glavich	s.n.	21.58	174.96	Washington	Whatcom	48.444755	-121.119695	outside_boundary_exact	Washington, Skagit County	Mt Baker-Snoqualmie National Forest: Mt Baker Ranger District: Glacier Peak Wilderness. FIA Site # 74518 53 57	https://lichenportal.org/portal/collections/individual/index.php?occid=3472664
3472665	OSC	OSC-M-272972	Doug Glavich	s.n.	21.58	174.96	Washington	Whatcom	48.444755	-121.119695	outside_boundary_exact	Washington, Skagit County	Mt Baker-Snoqualmie National Forest: Mt Baker Ranger District: Glacier Peak Wilderness. FIA Site # 74518 53 57	https://lichenportal.org/portal/collections/individual/index.php?occid=3472665
3472666	OSC	OSC-M-272973	Doug Glavich	s.n.	21.58	174.96	Washington	Whatcom	48.444755	-121.119695	outside_boundary_exact	Washington, Skagit County	Mt Baker-Snoqualmie National Forest: Mt Baker Ranger District: Glacier Peak Wilderness. FIA Site # 74518 53 57	https://lichenportal.org/portal/collections/individual/index.php?occid=3472666
3472667	OSC	OSC-M-272974	Doug Glavich	s.n.	21.58	174.96	Washington	Whatcom	48.444755	-121.119695	outside_boundary_exact	Washington, Skagit County	Mt Baker-Snoqualmie National Forest: Mt Baker Ranger District: Glacier Peak Wilderness. FIA Site # 74518 53 57	https://lichenportal.org/portal/collections/individual/index.php?occid=3472667
3472668	OSC	OSC-M-272975	Doug Glavich	s.n.	21.58	174.96	Washington	Whatcom	48.444755	-121.119695	outside_boundary_exact	Washington, Skagit County	Mt Baker-Snoqualmie National Forest: Mt Baker Ranger District: Glacier Peak Wilderness. FIA Site # 74518 53 57	https://lichenportal.org/portal/collections/individual/index.php?occid=3472668
3472669	OSC	OSC-M-272976	Doug Glavich	s.n.	21.58	174.96	Washington	Whatcom	48.444755	-121.119695	outside_boundary_exact	Washington, Skagit County	Mt Baker-Snoqualmie National Forest: Mt Baker Ranger District: Glacier Peak Wilderness. FIA Site # 74518 53 57	https://lichenportal.org/portal/collections/individual/index.php?occid=3472669
3472670	OSC	OSC-M-272977	Doug Glavich	s.n.	21.58	174.96	Washington	Whatcom	48.444755	-121.119695	outside_boundary_exact	Washington, Skagit County	Mt Baker-Snoqualmie National Forest: Mt Baker Ranger District: Glacier Peak Wilderness. FIA Site # 74518 53 57	https://lichenportal.org/portal/collections/individual/index.php?occid=3472670
3472671	OSC	OSC-M-272978	Doug Glavich	s.n.	21.58	174.96	Washington	Whatcom	48.444755	-121.119695	outside_boundary_exact	Washington, Skagit County	Mt Baker-Snoqualmie National Forest: Mt Baker Ranger District: Glacier Peak Wilderness. FIA Site # 74518 53 57	https://lichenportal.org/portal/collections/individual/index.php?occid=3472671
3472672	OSC	OSC-M-272979	Doug Glavich	s.n.	21.58	174.96	Washington	Whatcom	48.444755	-121.119695	outside_boundary_exact	Washington, Skagit County	Mt Baker-Snoqualmie National Forest: Mt Baker Ranger District: Glacier Peak Wilderness. FIA Site # 74518 53 57	https://lichenportal.org/portal/collections/individual/index.php?occid=3472672
3472673	OSC	OSC-M-272980	Doug Glavich	s.n.	21.58	174.96	Washington	Whatcom	48.444755	-121.119695	outside_boundary_exact	Washington, Skagit County	Mt Baker-Snoqualmie National Forest: Mt Baker Ranger District: Glacier Peak Wilderness. FIA Site # 74518 53 57	https://lichenportal.org/portal/collections/individual/index.php?occid=3472673
3472674	OSC	OSC-M-272981	Doug Glavich	s.n.	21.58	174.96	Washington	Whatcom	48.444755	-121.119695	outside_boundary_exact	Washington, Skagit County	Mt Baker-Snoqualmie National Forest: Mt Baker Ranger District: Glacier Peak Wilderness. FIA Site # 74518 53 57	https://lichenportal.org/portal/collections/individual/index.php?occid=3472674
3472675	OSC	OSC-M-272982	Doug Glavich	s.n.	21.58	174.96	Washington	Whatcom	48.444755	-121.119695	outside_boundary_exact	Washington, Skagit County	Mt Baker-Snoqualmie National Forest: Mt Baker Ranger District: Glacier Peak Wilderness. FIA Site # 74518 53 57	https://lichenportal.org/portal/collections/individual/index.php?occid=3472675
3472676	OSC	OSC-M-272983	Doug Glavich	s.n.	21.58	174.96	Washington	Whatcom	48.444755	-121.119695	outside_boundary_exact	Washington, Skagit County	Mt Baker-Snoqualmie National Forest: Mt Baker Ranger District: Glacier Peak Wilderness. FIA Site # 74518 53 57	https://lichenportal.org/portal/collections/individual/index.php?occid=3472676
3472677	OSC	OSC-M-272984	Doug Glavich	s.n.	21.58	174.96	Washington	Whatcom	48.444755	-121.119695	outside_boundary_exact	Washington, Skagit County	Mt Baker-Snoqualmie National Forest: Mt Baker Ranger District: Glacier Peak Wilderness. FIA Site # 74518 53 57	https://lichenportal.org/portal/collections/individual/index.php?occid=3472677
3472678	OSC	OSC-M-272985	Doug Glavich	s.n.	21.58	174.96	Washington	Whatcom	48.444755	-121.119695	outside_boundary_exact	Washington, Skagit County	Mt Baker-Snoqualmie National Forest: Mt Baker Ranger District: Glacier Peak Wilderness. FIA Site # 74518 53 57	https://lichenportal.org/portal/collections/individual/index.php?occid=3472678
3472679	OSC	OSC-M-272986	Doug Glavich	s.n.	21.58	174.96	Washington	Whatcom	48.444755	-121.119695	outside_boundary_exact	Washington, Skagit County	Mt Baker-Snoqualmie National Forest: Mt Baker Ranger District: Glacier Peak Wilderness. FIA Site # 74518 53 57	https://lichenportal.org/portal/collections/individual/index.php?occid=3472679
3472680	OSC	OSC-M-272987	Doug Glavich	s.n.	21.58	174.96	Washington	Whatcom	48.444755	-121.119695	outside_boundary_exact	Washington, Skagit County	Mt Baker-Snoqualmie National Forest: Mt Baker Ranger District: Glacier Peak Wilderness. FIA Site # 74518 53 57	https://lichenportal.org/portal/collections/individual/index.php?occid=3472680
2990618	OSC	OSC-M-229630	Walter Foss	NA	20	124.77	Washington	Whatcom	48.462282	-121.847074	outside_boundary_exact	Washington, Skagit County	NA	https://lichenportal.org/portal/collections/individual/index.php?occid=2990618
4458327	OSC	OSC-M-229627	Walter Foss	NA	20	124.77	Washington	Whatcom	48.462282	-121.847074	outside_boundary_exact	Washington, Skagit County	FIA Site # 71368	https://lichenportal.org/portal/collections/individual/index.php?occid=4458327
4458328	OSC	OSC-M-229628	Walter Foss	NA	20	124.77	Washington	Whatcom	48.462282	-121.847074	outside_boundary_exact	Washington, Skagit County	FIA Site # 71368	https://lichenportal.org/portal/collections/individual/index.php?occid=4458328
4458329	OSC	OSC-M-229629	Walter Foss	NA	20	124.77	Washington	Whatcom	48.462282	-121.847074	outside_boundary_exact	Washington, Skagit County	FIA Site # 71368	https://lichenportal.org/portal/collections/individual/index.php?occid=4458329
4458330	OSC	OSC-M-229631	Walter Foss	NA	20	124.77	Washington	Whatcom	48.462282	-121.847074	outside_boundary_exact	Washington, Skagit County	FIA Site # 71368	https://lichenportal.org/portal/collections/individual/index.php?occid=4458330
4458331	OSC	OSC-M-229632	Walter Foss	NA	20	124.77	Washington	Whatcom	48.462282	-121.847074	outside_boundary_exact	Washington, Skagit County	FIA Site # 71368	https://lichenportal.org/portal/collections/individual/index.php?occid=4458331
4458332	OSC	OSC-M-229633	Walter Foss	NA	20	124.77	Washington	Whatcom	48.462282	-121.847074	outside_boundary_exact	Washington, Skagit County	FIA Site # 71368	https://lichenportal.org/portal/collections/individual/index.php?occid=4458332
4458333	OSC	OSC-M-229634	Walter Foss	NA	20	124.77	Washington	Whatcom	48.462282	-121.847074	outside_boundary_exact	Washington, Skagit County	FIA Site # 71368	https://lichenportal.org/portal/collections/individual/index.php?occid=4458333
4458334	OSC	OSC-M-229635	Walter Foss	NA	20	124.77	Washington	Whatcom	48.462282	-121.847074	outside_boundary_exact	Washington, Skagit County	FIA Site # 71368	https://lichenportal.org/portal/collections/individual/index.php?occid=4458334
4458335	OSC	OSC-M-229636	Walter Foss	NA	20	124.77	Washington	Whatcom	48.462282	-121.847074	outside_boundary_exact	Washington, Skagit County	FIA Site # 71368	https://lichenportal.org/portal/collections/individual/index.php?occid=4458335
4458336	OSC	OSC-M-229637	Walter Foss	NA	20	124.77	Washington	Whatcom	48.462282	-121.847074	outside_boundary_exact	Washington, Skagit County	FIA Site # 71368	https://lichenportal.org/portal/collections/individual/index.php?occid=4458336
4458337	OSC	OSC-M-229638	Walter Foss	NA	20	124.77	Washington	Whatcom	48.462282	-121.847074	outside_boundary_exact	Washington, Skagit County	FIA Site # 71368	https://lichenportal.org/portal/collections/individual/index.php?occid=4458337
4458338	OSC	OSC-M-229639	Walter Foss	NA	20	124.77	Washington	Whatcom	48.462282	-121.847074	outside_boundary_exact	Washington, Skagit County	FIA Site # 71368	https://lichenportal.org/portal/collections/individual/index.php?occid=4458338
4458339	OSC	OSC-M-229640	Walter Foss	NA	20	124.77	Washington	Whatcom	48.462282	-121.847074	outside_boundary_exact	Washington, Skagit County	FIA Site # 71368	https://lichenportal.org/portal/collections/individual/index.php?occid=4458339
4458340	OSC	OSC-M-229641	Walter Foss	NA	20	124.77	Washington	Whatcom	48.462282	-121.847074	outside_boundary_exact	Washington, Skagit County	FIA Site # 71368	https://lichenportal.org/portal/collections/individual/index.php?occid=4458340
4458341	OSC	OSC-M-229642	Walter Foss	NA	20	124.77	Washington	Whatcom	48.462282	-121.847074	outside_boundary_exact	Washington, Skagit County	FIA Site # 71368	https://lichenportal.org/portal/collections/individual/index.php?occid=4458341
4458342	OSC	OSC-M-229643	Walter Foss	NA	20	124.77	Washington	Whatcom	48.462282	-121.847074	outside_boundary_exact	Washington, Skagit County	FIA Site # 71368	https://lichenportal.org/portal/collections/individual/index.php?occid=4458342
4476777	OSC	OSC-M-229627a	Walter Foss	NA	20	124.77	Washington	Whatcom	48.462282	-121.847074	outside_boundary_exact	Washington, Skagit County	FIA Site # 71368	https://lichenportal.org/portal/collections/individual/index.php?occid=4476777
4476778	OSC	OSC-M-229638a	Walter Foss	NA	20	124.77	Washington	Whatcom	48.462282	-121.847074	outside_boundary_exact	Washington, Skagit County	FIA Site # 71368	https://lichenportal.org/portal/collections/individual/index.php?occid=4476778
4480794	OSC	OSC-M-244085	Walter Foss	NA	20	124.77	Washington	Whatcom	48.462282	-121.847074	outside_boundary_exact	Washington, Skagit County	FIA Site # 71368	https://lichenportal.org/portal/collections/individual/index.php?occid=4480794
5426653	OSC	71362	Trevor Goward	82-108	18.19	127.7	Washington	Whatcom	48.48	-122.33	outside_boundary_exact	Washington, Skagit County	near Burlington	https://lichenportal.org/portal/collections/individual/index.php?occid=5426653
4412524	OSC	137213	V. Krajina	L29198	17.86	147.2	Washington	Whatcom	48.48	-121.5	outside_boundary_exact	Washington, Skagit County	Mt. Baker, ridge above Austin Pass	https://lichenportal.org/portal/collections/individual/index.php?occid=4412524
5831283	OSC	OSC-M-048108	Haldeman	2911	17.67	161.91	Washington	Whatcom	48.48046	-121.28669	outside_boundary_exact	Washington, Skagit County	Fly Lake, above Irene Creek	https://lichenportal.org/portal/collections/individual/index.php?occid=5831283
479212	OSC	31112	Alsie Campbell	NA	17.37	178.32	Washington	Whatcom	48.483	-121.051	outside_boundary_exact	Washington, Chelan County	Sahale Arm, N. Cascades.	https://lichenportal.org/portal/collections/individual/index.php?occid=479212
479220	OSC	31122	Alcetta Campbell	s.n.	17.37	178.32	Washington	Whatcom	48.483	-121.051	outside_boundary_exact	Washington, Chelan County	Sahale Arm, N. Cascades	https://lichenportal.org/portal/collections/individual/index.php?occid=479220
479221	OSC	31126	Alsie Campbell	NA	17.37	178.32	Washington	Whatcom	48.483	-121.051	outside_boundary_exact	Washington, Chelan County	Sahale Arm, Near Cascade Pass, North Cascades Park. Near Skagit/Chelan county line	https://lichenportal.org/portal/collections/individual/index.php?occid=479221
479222	OSC	31127	Alsie Campbell	NA	17.37	178.32	Washington	Whatcom	48.483	-121.051	outside_boundary_exact	Washington, Chelan County	Sahale Arm, Near Cascade Pass, North Cascades National Park.	https://lichenportal.org/portal/collections/individual/index.php?occid=479222
4414805	OSC	31124	Alsie Campbell	NA	17.37	178.32	Washington	Whatcom	48.483	-121.051	outside_boundary_exact	Washington, Chelan County	Sahale Arm, near Cascade Pass, N. Cascades Park.	https://lichenportal.org/portal/collections/individual/index.php?occid=4414805
5420660	OSC	OSC-M-052916	Haldeman	5135	17.21	138.99	Washington	Whatcom	48.4862	-121.6163	outside_boundary_exact	Washington, Skagit County	Rockport State Park, on trails between Skagit River and Highway 20	https://lichenportal.org/portal/collections/individual/index.php?occid=5420660
5420661	OSC	OSC-M-052917	Haldeman	5135b	17.21	138.99	Washington	Whatcom	48.4862	-121.6163	outside_boundary_exact	Washington, Skagit County	Rockport State Park, on trails between Skagit River and Highway 21	https://lichenportal.org/portal/collections/individual/index.php?occid=5420661
4422188	OSC	167756	Jim Riley	0507	15.68	154.5	Washington	Whatcom	48.49565	-122.70098333333	outside_boundary_exact	Washington, Skagit County	Anacortes. Along trail in Washington Park.	https://lichenportal.org/portal/collections/individual/index.php?occid=4422188
2218790	OSC	134979	Bruce McCune	24772	15.66	200.97	Washington	Whatcom	48.51666667	-120.7166667	outside_boundary_exact	Washington, Chelan County	Pacific Crest Trail, Rainy Pass toward Cutthroat Pass. North Cascades, Okanogan National Forest.	https://lichenportal.org/portal/collections/individual/index.php?occid=2218790
2219717	OSC	136283	Clifton Cooper	970809-11	15.66	200.97	Washington	Whatcom	48.51666667	-120.7166667	outside_boundary_exact	Washington, Chelan County	Pacific Crest Trail, 1 mile south of trailhead at Meadows CG. T37N, R17E, S24.	https://lichenportal.org/portal/collections/individual/index.php?occid=2219717
2219739	OSC	136313	Clifton Cooper	970809-05	15.66	200.97	Washington	Whatcom	48.51666667	-120.7166667	outside_boundary_exact	Washington, Chelan County	Pacific Crest Trail, On unnamed ridge south of Tatie Pk. T37N, R17E, S23.	https://lichenportal.org/portal/collections/individual/index.php?occid=2219739
2230815	OSC	94652	Bruce McCune	24771	15.66	200.97	Washington	Whatcom	48.51666667	-120.7166667	outside_boundary_exact	Washington, Chelan County	Pacific Crest Trail, Rainy Pass toward Cutthroat Pass North Cascades, Okanogan National Forest	https://lichenportal.org/portal/collections/individual/index.php?occid=2230815
2231738	OSC	136281	Dayna Loeffler	970809-10	15.66	200.97	Washington	Whatcom	48.51666667	-120.7166667	outside_boundary_exact	Washington, Chelan County	Pacific Crest Trail, Saddle south of Tatie Pk.	https://lichenportal.org/portal/collections/individual/index.php?occid=2231738
5343101	OSC	OSC-M-052135	Bruce McCune	24774	15.66	200.97	Washington	Whatcom	48.51667	-120.7167	outside_boundary_exact	Washington, Chelan County	Rainy Pass toward Cutthroat Pass, Pacific Crest Trail, North Cascades, Okanogan National Forest	https://lichenportal.org/portal/collections/individual/index.php?occid=5343101
2219699	OSC	136257	Clifton Cooper	970803-14	15.6	153.92	Washington	Whatcom	48.49444444	-122.6927778	outside_boundary_exact	Washington, Skagit County	Anacortes, Washington Park, on loop road. T35N, R1E, S28	https://lichenportal.org/portal/collections/individual/index.php?occid=2219699
2219720	OSC	136288	Clifton Cooper	970803-02	15.6	153.92	Washington	Whatcom	48.49444444	-122.6927778	outside_boundary_exact	Washington, Skagit County	Washington Park, By main parking lot. T35N, R1E, S28	https://lichenportal.org/portal/collections/individual/index.php?occid=2219720
2219722	OSC	136292	Clifton Cooper	970803-10	15.6	153.92	Washington	Whatcom	48.49444444	-122.6927778	outside_boundary_exact	Washington, Skagit County	Washington Park, Near Fidalgo Head. T35N, R1E, S28.	https://lichenportal.org/portal/collections/individual/index.php?occid=2219722
2219723	OSC	136293	Clifton Cooper	970803-03	15.6	153.92	Washington	Whatcom	48.49444444	-122.6927778	outside_boundary_exact	Washington, Skagit County	Washington Park, On loop road. T35N, R1E, S28.	https://lichenportal.org/portal/collections/individual/index.php?occid=2219723
2219729	OSC	136300	Clifton Cooper	970803-11	15.6	153.92	Washington	Whatcom	48.49444444	-122.6927778	outside_boundary_exact	Washington, Skagit County	Washington Park, Near Fidalgo Head. T35N, R1E, S28.	https://lichenportal.org/portal/collections/individual/index.php?occid=2219729
2219734	OSC	136307	Clifton Cooper	970803-09	15.6	153.92	Washington	Whatcom	48.49444444	-122.6927778	outside_boundary_exact	Washington, Skagit County	Washington Park, Near Fidalgo Head. T35N, R1E, S28.	https://lichenportal.org/portal/collections/individual/index.php?occid=2219734
2231745	OSC	136302	Clifton Cooper	970803-15	15.6	153.92	Washington	Whatcom	48.49444444	-122.6927778	outside_boundary_exact	Washington, Skagit County	Washington Park, On loop road. T35N, R1E, S28.	https://lichenportal.org/portal/collections/individual/index.php?occid=2231745
4415483	OSC	136259	Clifton Cooper	970803-12	15.6	153.92	Washington	Whatcom	48.49444444	-122.6927778	outside_boundary_exact	Washington, Skagit County	Anacortes, Washington Park, near Fidalgo Head. T35N R1E, S28	https://lichenportal.org/portal/collections/individual/index.php?occid=4415483
5856259	OSC	OSC-M-048400	Mike Haldeman	5656	15.39	163.62	Washington	Whatcom	48.501	-121.2507	outside_boundary_exact	Washington, Skagit County	Crossing of Cascade River, Forest Road 1550	https://lichenportal.org/portal/collections/individual/index.php?occid=5856259
5856260	OSC	OSC-M-048418	Mike Haldeman	5656b	15.39	163.62	Washington	Whatcom	48.501	-121.2507	outside_boundary_exact	Washington, Skagit County	Crossing of Cascade River, Forest Road 1550	https://lichenportal.org/portal/collections/individual/index.php?occid=5856260
5420713	OSC	OSC-M-052951	Haldeman	4914	14.04	164.93	Washington	Whatcom	48.5133	-121.2255	outside_boundary_exact	Washington, Skagit County	Cascade River Road, Hidden Lake Lookout Trailhead area	https://lichenportal.org/portal/collections/individual/index.php?occid=5420713
5856237	OSC	OSC-M-048378	Mike Haldeman	5755	13.28	138.47	Washington	Whatcom	48.5218	-121.6008	outside_boundary_exact	Washington, Skagit County	Sauk Mountain summit	https://lichenportal.org/portal/collections/individual/index.php?occid=5856237
2222969	OSC	89848	Roger Rosentreter	8927	12.87	119.73	Washington	King	47.15	-122.4	outside_boundary_exact	Washington, Pierce County	Federation Forest State Park. on Route 410, 25 mi. E. of Tacoma	https://lichenportal.org/portal/collections/individual/index.php?occid=2222969
4939234	OSC	OSC-M-051253	Bruce McCune	39583	11.53	155.29	Washington	Whatcom	48.5405	-122.7222	outside_boundary_exact	not_found_in_US	Reef Point, SW end of Cypress Island, San Juan Islands.	https://lichenportal.org/portal/collections/individual/index.php?occid=4939234
5694462	OSC	OSC-M-020784	Richard Droker	18APR2024-2	11.51	155.28	Washington	Whatcom	48.54066	-122.72215	outside_boundary_exact	Washington, Skagit County	Reef Point, Cypress Island, San Juan Islands	https://lichenportal.org/portal/collections/individual/index.php?occid=5694462
4492910	OSC	OSC-M-289061	A. Mikulin	s.n.	11.39	148	Washington	Whatcom	48.53863	-121.4534	outside_boundary_exact	Washington, Skagit County	Mt Baker-Snoqualmie National Forest: Mt Baker Ranger District: Above horse pasture W. of NPS campground ~1/4 mi. FIA Site # NCas4	https://lichenportal.org/portal/collections/individual/index.php?occid=4492910
4492911	OSC	OSC-M-289062	A. Mikulin	s.n.	11.39	148	Washington	Whatcom	48.53863	-121.4534	outside_boundary_exact	Washington, Skagit County	Mt Baker-Snoqualmie National Forest: Mt Baker Ranger District: Above horse pasture W. of NPS campground ~1/4 mi. FIA Site # NCas4	https://lichenportal.org/portal/collections/individual/index.php?occid=4492911
4492912	OSC	OSC-M-289063	A. Mikulin	s.n.	11.39	148	Washington	Whatcom	48.53863	-121.4534	outside_boundary_exact	Washington, Skagit County	Mt Baker-Snoqualmie National Forest: Mt Baker Ranger District: Above horse pasture W. of NPS campground ~1/4 mi. FIA Site # NCas4	https://lichenportal.org/portal/collections/individual/index.php?occid=4492912
4492913	OSC	OSC-M-289064	A. Mikulin	s.n.	11.39	148	Washington	Whatcom	48.53863	-121.4534	outside_boundary_exact	Washington, Skagit County	Mt Baker-Snoqualmie National Forest: Mt Baker Ranger District: Above horse pasture W. of NPS campground ~1/4 mi. FIA Site # NCas4	https://lichenportal.org/portal/collections/individual/index.php?occid=4492913
4492914	OSC	OSC-M-289065	A. Mikulin	s.n.	11.39	148	Washington	Whatcom	48.53863	-121.4534	outside_boundary_exact	Washington, Skagit County	Mt Baker-Snoqualmie National Forest: Mt Baker Ranger District: Above horse pasture W. of NPS campground ~1/4 mi. FIA Site # NCas4	https://lichenportal.org/portal/collections/individual/index.php?occid=4492914
4492915	OSC	OSC-M-289066	A. Mikulin	s.n.	11.39	148	Washington	Whatcom	48.53863	-121.4534	outside_boundary_exact	Washington, Skagit County	Mt Baker-Snoqualmie National Forest: Mt Baker Ranger District: Above horse pasture W. of NPS campground ~1/4 mi. FIA Site # NCas4	https://lichenportal.org/portal/collections/individual/index.php?occid=4492915
4492916	OSC	OSC-M-289067	A. Mikulin	s.n.	11.39	148	Washington	Whatcom	48.53863	-121.4534	outside_boundary_exact	Washington, Skagit County	Mt Baker-Snoqualmie National Forest: Mt Baker Ranger District: Above horse pasture W. of NPS campground ~1/4 mi. FIA Site # NCas4	https://lichenportal.org/portal/collections/individual/index.php?occid=4492916
4492917	OSC	OSC-M-289068	A. Mikulin	s.n.	11.39	148	Washington	Whatcom	48.53863	-121.4534	outside_boundary_exact	Washington, Skagit County	Mt Baker-Snoqualmie National Forest: Mt Baker Ranger District: Above horse pasture W. of NPS campground ~1/4 mi. FIA Site # NCas4	https://lichenportal.org/portal/collections/individual/index.php?occid=4492917
4492918	OSC	OSC-M-289069	A. Mikulin	s.n.	11.39	148	Washington	Whatcom	48.53863	-121.4534	outside_boundary_exact	Washington, Skagit County	Mt Baker-Snoqualmie National Forest: Mt Baker Ranger District: Above horse pasture W. of NPS campground ~1/4 mi. FIA Site # NCas4	https://lichenportal.org/portal/collections/individual/index.php?occid=4492918
4492919	OSC	OSC-M-289070	A. Mikulin	s.n.	11.39	148	Washington	Whatcom	48.53863	-121.4534	outside_boundary_exact	Washington, Skagit County	Mt Baker-Snoqualmie National Forest: Mt Baker Ranger District: Above horse pasture W. of NPS campground ~1/4 mi. FIA Site # NCas4	https://lichenportal.org/portal/collections/individual/index.php?occid=4492919
4492920	OSC	OSC-M-289071	A. Mikulin	s.n.	11.39	148	Washington	Whatcom	48.53863	-121.4534	outside_boundary_exact	Washington, Skagit County	Mt Baker-Snoqualmie National Forest: Mt Baker Ranger District: Above horse pasture W. of NPS campground ~1/4 mi. FIA Site # NCas4	https://lichenportal.org/portal/collections/individual/index.php?occid=4492920
4492921	OSC	OSC-M-289072	A. Mikulin	s.n.	11.39	148	Washington	Whatcom	48.53863	-121.4534	outside_boundary_exact	Washington, Skagit County	Mt Baker-Snoqualmie National Forest: Mt Baker Ranger District: Above horse pasture W. of NPS campground ~1/4 mi. FIA Site # NCas4	https://lichenportal.org/portal/collections/individual/index.php?occid=4492921
4492922	OSC	OSC-M-289073	A. Mikulin	s.n.	11.39	148	Washington	Whatcom	48.53863	-121.4534	outside_boundary_exact	Washington, Skagit County	Mt Baker-Snoqualmie National Forest: Mt Baker Ranger District: Above horse pasture W. of NPS campground ~1/4 mi. FIA Site # NCas4	https://lichenportal.org/portal/collections/individual/index.php?occid=4492922
4492923	OSC	OSC-M-289074	A. Mikulin	s.n.	11.39	148	Washington	Whatcom	48.53863	-121.4534	outside_boundary_exact	Washington, Skagit County	Mt Baker-Snoqualmie National Forest: Mt Baker Ranger District: Above horse pasture W. of NPS campground ~1/4 mi. FIA Site # NCas4	https://lichenportal.org/portal/collections/individual/index.php?occid=4492923
4492924	OSC	OSC-M-289075	A. Mikulin	s.n.	11.39	148	Washington	Whatcom	48.53863	-121.4534	outside_boundary_exact	Washington, Skagit County	Mt Baker-Snoqualmie National Forest: Mt Baker Ranger District: Above horse pasture W. of NPS campground ~1/4 mi. FIA Site # NCas4	https://lichenportal.org/portal/collections/individual/index.php?occid=4492924
4492925	OSC	OSC-M-289076	A. Mikulin	s.n.	11.39	148	Washington	Whatcom	48.53863	-121.4534	outside_boundary_exact	Washington, Skagit County	Mt Baker-Snoqualmie National Forest: Mt Baker Ranger District: Above horse pasture W. of NPS campground ~1/4 mi. FIA Site # NCas4	https://lichenportal.org/portal/collections/individual/index.php?occid=4492925
4492926	OSC	OSC-M-289077	A. Mikulin	s.n.	11.39	148	Washington	Whatcom	48.53863	-121.4534	outside_boundary_exact	Washington, Skagit County	Mt Baker-Snoqualmie National Forest: Mt Baker Ranger District: Above horse pasture W. of NPS campground ~1/4 mi. FIA Site # NCas4	https://lichenportal.org/portal/collections/individual/index.php?occid=4492926
4492927	OSC	OSC-M-289078	A. Mikulin	s.n.	11.39	148	Washington	Whatcom	48.53863	-121.4534	outside_boundary_exact	Washington, Skagit County	Mt Baker-Snoqualmie National Forest: Mt Baker Ranger District: Above horse pasture W. of NPS campground ~1/4 mi. FIA Site # NCas4	https://lichenportal.org/portal/collections/individual/index.php?occid=4492927
4492928	OSC	OSC-M-289079	A. Mikulin	s.n.	11.39	148	Washington	Whatcom	48.53863	-121.4534	outside_boundary_exact	Washington, Skagit County	Mt Baker-Snoqualmie National Forest: Mt Baker Ranger District: Above horse pasture W. of NPS campground ~1/4 mi. FIA Site # NCas4	https://lichenportal.org/portal/collections/individual/index.php?occid=4492928
4492929	OSC	OSC-M-289079a	A. Mikulin	s.n.	11.39	148	Washington	Whatcom	48.53863	-121.4534	outside_boundary_exact	Washington, Skagit County	Mt Baker-Snoqualmie National Forest: Mt Baker Ranger District: Above horse pasture W. of NPS campground ~1/4 mi. FIA Site # NCas4	https://lichenportal.org/portal/collections/individual/index.php?occid=4492929
4492930	OSC	OSC-M-289080	A. Mikulin	s.n.	11.39	148	Washington	Whatcom	48.53863	-121.4534	outside_boundary_exact	Washington, Skagit County	Mt Baker-Snoqualmie National Forest: Mt Baker Ranger District: Above horse pasture W. of NPS campground ~1/4 mi. FIA Site # NCas4	https://lichenportal.org/portal/collections/individual/index.php?occid=4492930
4492931	OSC	OSC-M-289081	A. Mikulin	s.n.	11.39	148	Washington	Whatcom	48.53863	-121.4534	outside_boundary_exact	Washington, Skagit County	Mt Baker-Snoqualmie National Forest: Mt Baker Ranger District: Above horse pasture W. of NPS campground ~1/4 mi. FIA Site # NCas4	https://lichenportal.org/portal/collections/individual/index.php?occid=4492931
4492932	OSC	OSC-M-289082	A. Mikulin	s.n.	11.39	148	Washington	Whatcom	48.53863	-121.4534	outside_boundary_exact	Washington, Skagit County	Mt Baker-Snoqualmie National Forest: Mt Baker Ranger District: Above horse pasture W. of NPS campground ~1/4 mi. FIA Site # NCas4	https://lichenportal.org/portal/collections/individual/index.php?occid=4492932
4492933	OSC	OSC-M-289083	A. Mikulin	s.n.	11.39	148	Washington	Whatcom	48.53863	-121.4534	outside_boundary_exact	Washington, Skagit County	Mt Baker-Snoqualmie National Forest: Mt Baker Ranger District: Above horse pasture W. of NPS campground ~1/4 mi. FIA Site # NCas4	https://lichenportal.org/portal/collections/individual/index.php?occid=4492933
4492934	OSC	OSC-M-289084	A. Mikulin	s.n.	11.39	148	Washington	Whatcom	48.53863	-121.4534	outside_boundary_exact	Washington, Skagit County	Mt Baker-Snoqualmie National Forest: Mt Baker Ranger District: Above horse pasture W. of NPS campground ~1/4 mi. FIA Site # NCas4	https://lichenportal.org/portal/collections/individual/index.php?occid=4492934
4492935	OSC	OSC-M-289085	A. Mikulin	s.n.	11.39	148	Washington	Whatcom	48.53863	-121.4534	outside_boundary_exact	Washington, Skagit County	Mt Baker-Snoqualmie National Forest: Mt Baker Ranger District: Above horse pasture W. of NPS campground ~1/4 mi. FIA Site # NCas4	https://lichenportal.org/portal/collections/individual/index.php?occid=4492935
4510322	OSC	OSC-M-289075a	A. Mikulin	s.n.	11.39	148	Washington	Whatcom	48.53863	-121.4534	outside_boundary_exact	Washington, Skagit County	Mt Baker-Snoqualmie National Forest: Mt Baker Ranger District: Above horse pasture W. of NPS campground ~1/4 mi. FIA Site # NCas4	https://lichenportal.org/portal/collections/individual/index.php?occid=4510322
4514897	OSC	OSC-M-312187	A. Mikulin	s.n.	11.39	148	Washington	Whatcom	48.53863	-121.4534	outside_boundary_exact	Washington, Skagit County	Mt Baker-Snoqualmie National Forest: Mt Baker Ranger District: Above horse pasture W. of NPS campground ~1/4 mi. FIA Site # NCas4	https://lichenportal.org/portal/collections/individual/index.php?occid=4514897
4514898	OSC	OSC-M-312188	A. Mikulin	s.n.	11.39	148	Washington	Whatcom	48.53863	-121.4534	outside_boundary_exact	Washington, Skagit County	Mt Baker-Snoqualmie National Forest: Mt Baker Ranger District: Above horse pasture W. of NPS campground ~1/4 mi. FIA Site # NCas4	https://lichenportal.org/portal/collections/individual/index.php?occid=4514898
4514899	OSC	OSC-M-312189	A. Mikulin	s.n.	11.39	148	Washington	Whatcom	48.53863	-121.4534	outside_boundary_exact	Washington, Skagit County	Mt Baker-Snoqualmie National Forest: Mt Baker Ranger District: Above horse pasture W. of NPS campground ~1/4 mi. FIA Site # NCas4	https://lichenportal.org/portal/collections/individual/index.php?occid=4514899
4514900	OSC	OSC-M-312190	A. Mikulin	s.n.	11.39	148	Washington	Whatcom	48.53863	-121.4534	outside_boundary_exact	Washington, Skagit County	Mt Baker-Snoqualmie National Forest: Mt Baker Ranger District: Above horse pasture W. of NPS campground ~1/4 mi. FIA Site # NCas4	https://lichenportal.org/portal/collections/individual/index.php?occid=4514900
4492936	OSC	OSC-M-289086	A. Mikulin	s.n.	11.3	148.42	Washington	Whatcom	48.53932	-121.4469	outside_boundary_exact	Washington, Skagit County	Mt Baker-Snoqualmie National Forest: Mt Baker Ranger District: In small patch of forest surrounded by pasture due east of monitor 1/8 mile. FIA Site # NCas5	https://lichenportal.org/portal/collections/individual/index.php?occid=4492936
4492937	OSC	OSC-M-289086a	A. Mikulin	s.n.	11.3	148.42	Washington	Whatcom	48.53932	-121.4469	outside_boundary_exact	Washington, Skagit County	Mt Baker-Snoqualmie National Forest: Mt Baker Ranger District: In small patch of forest surrounded by pasture due east of monitor 1/8 mile. FIA Site # NCas5	https://lichenportal.org/portal/collections/individual/index.php?occid=4492937
4492938	OSC	OSC-M-289087	A. Mikulin	s.n.	11.3	148.42	Washington	Whatcom	48.53932	-121.4469	outside_boundary_exact	Washington, Skagit County	Mt Baker-Snoqualmie National Forest: Mt Baker Ranger District: In small patch of forest surrounded by pasture due east of monitor 1/8 mile. FIA Site # NCas5	https://lichenportal.org/portal/collections/individual/index.php?occid=4492938
4492939	OSC	OSC-M-289088	A. Mikulin	s.n.	11.3	148.42	Washington	Whatcom	48.53932	-121.4469	outside_boundary_exact	Washington, Skagit County	Mt Baker-Snoqualmie National Forest: Mt Baker Ranger District: In small patch of forest surrounded by pasture due east of monitor 1/8 mile. FIA Site # NCas5	https://lichenportal.org/portal/collections/individual/index.php?occid=4492939
4492940	OSC	OSC-M-289089	A. Mikulin	s.n.	11.3	148.42	Washington	Whatcom	48.53932	-121.4469	outside_boundary_exact	Washington, Skagit County	Mt Baker-Snoqualmie National Forest: Mt Baker Ranger District: In small patch of forest surrounded by pasture due east of monitor 1/8 mile. FIA Site # NCas5	https://lichenportal.org/portal/collections/individual/index.php?occid=4492940
4492941	OSC	OSC-M-289090	A. Mikulin	s.n.	11.3	148.42	Washington	Whatcom	48.53932	-121.4469	outside_boundary_exact	Washington, Skagit County	Mt Baker-Snoqualmie National Forest: Mt Baker Ranger District: In small patch of forest surrounded by pasture due east of monitor 1/8 mile. FIA Site # NCas5	https://lichenportal.org/portal/collections/individual/index.php?occid=4492941
4492942	OSC	OSC-M-289091	A. Mikulin	s.n.	11.3	148.42	Washington	Whatcom	48.53932	-121.4469	outside_boundary_exact	Washington, Skagit County	Mt Baker-Snoqualmie National Forest: Mt Baker Ranger District: In small patch of forest surrounded by pasture due east of monitor 1/8 mile. FIA Site # NCas5	https://lichenportal.org/portal/collections/individual/index.php?occid=4492942
4492943	OSC	OSC-M-289092	A. Mikulin	s.n.	11.3	148.42	Washington	Whatcom	48.53932	-121.4469	outside_boundary_exact	Washington, Skagit County	Mt Baker-Snoqualmie National Forest: Mt Baker Ranger District: In small patch of forest surrounded by pasture due east of monitor 1/8 mile. FIA Site # NCas5	https://lichenportal.org/portal/collections/individual/index.php?occid=4492943
4492944	OSC	OSC-M-289093	A. Mikulin	s.n.	11.3	148.42	Washington	Whatcom	48.53932	-121.4469	outside_boundary_exact	Washington, Skagit County	Mt Baker-Snoqualmie National Forest: Mt Baker Ranger District: In small patch of forest surrounded by pasture due east of monitor 1/8 mile. FIA Site # NCas5	https://lichenportal.org/portal/collections/individual/index.php?occid=4492944
4492945	OSC	OSC-M-289094	A. Mikulin	s.n.	11.3	148.42	Washington	Whatcom	48.53932	-121.4469	outside_boundary_exact	Washington, Skagit County	Mt Baker-Snoqualmie National Forest: Mt Baker Ranger District: In small patch of forest surrounded by pasture due east of monitor 1/8 mile. FIA Site # NCas5	https://lichenportal.org/portal/collections/individual/index.php?occid=4492945
4492946	OSC	OSC-M-289095	A. Mikulin	s.n.	11.3	148.42	Washington	Whatcom	48.53932	-121.4469	outside_boundary_exact	Washington, Skagit County	Mt Baker-Snoqualmie National Forest: Mt Baker Ranger District: In small patch of forest surrounded by pasture due east of monitor 1/8 mile. FIA Site # NCas5	https://lichenportal.org/portal/collections/individual/index.php?occid=4492946
4492947	OSC	OSC-M-289096	A. Mikulin	s.n.	11.3	148.42	Washington	Whatcom	48.53932	-121.4469	outside_boundary_exact	Washington, Skagit County	Mt Baker-Snoqualmie National Forest: Mt Baker Ranger District: In small patch of forest surrounded by pasture due east of monitor 1/8 mile. FIA Site # NCas5	https://lichenportal.org/portal/collections/individual/index.php?occid=4492947
4492948	OSC	OSC-M-289097	A. Mikulin	s.n.	11.3	148.42	Washington	Whatcom	48.53932	-121.4469	outside_boundary_exact	Washington, Skagit County	Mt Baker-Snoqualmie National Forest: Mt Baker Ranger District: In small patch of forest surrounded by pasture due east of monitor 1/8 mile. FIA Site # NCas5	https://lichenportal.org/portal/collections/individual/index.php?occid=4492948
4492949	OSC	OSC-M-289098	A. Mikulin	s.n.	11.3	148.42	Washington	Whatcom	48.53932	-121.4469	outside_boundary_exact	Washington, Skagit County	Mt Baker-Snoqualmie National Forest: Mt Baker Ranger District: In small patch of forest surrounded by pasture due east of monitor 1/8 mile. FIA Site # NCas5	https://lichenportal.org/portal/collections/individual/index.php?occid=4492949
4492950	OSC	OSC-M-289099	A. Mikulin	s.n.	11.3	148.42	Washington	Whatcom	48.53932	-121.4469	outside_boundary_exact	Washington, Skagit County	Mt Baker-Snoqualmie National Forest: Mt Baker Ranger District: In small patch of forest surrounded by pasture due east of monitor 1/8 mile. FIA Site # NCas5	https://lichenportal.org/portal/collections/individual/index.php?occid=4492950
4492951	OSC	OSC-M-289100	A. Mikulin	s.n.	11.3	148.42	Washington	Whatcom	48.53932	-121.4469	outside_boundary_exact	Washington, Skagit County	Mt Baker-Snoqualmie National Forest: Mt Baker Ranger District: In small patch of forest surrounded by pasture due east of monitor 1/8 mile. FIA Site # NCas5	https://lichenportal.org/portal/collections/individual/index.php?occid=4492951
4492952	OSC	OSC-M-289101	A. Mikulin	s.n.	11.3	148.42	Washington	Whatcom	48.53932	-121.4469	outside_boundary_exact	Washington, Skagit County	Mt Baker-Snoqualmie National Forest: Mt Baker Ranger District: In small patch of forest surrounded by pasture due east of monitor 1/8 mile. FIA Site # NCas5	https://lichenportal.org/portal/collections/individual/index.php?occid=4492952
4492953	OSC	OSC-M-289102	A. Mikulin	s.n.	11.3	148.42	Washington	Whatcom	48.53932	-121.4469	outside_boundary_exact	Washington, Skagit County	Mt Baker-Snoqualmie National Forest: Mt Baker Ranger District: In small patch of forest surrounded by pasture due east of monitor 1/8 mile. FIA Site # NCas5	https://lichenportal.org/portal/collections/individual/index.php?occid=4492953
4492954	OSC	OSC-M-289103	A. Mikulin	s.n.	11.3	148.42	Washington	Whatcom	48.53932	-121.4469	outside_boundary_exact	Washington, Skagit County	Mt Baker-Snoqualmie National Forest: Mt Baker Ranger District: In small patch of forest surrounded by pasture due east of monitor 1/8 mile. FIA Site # NCas5	https://lichenportal.org/portal/collections/individual/index.php?occid=4492954
4492955	OSC	OSC-M-289104	A. Mikulin	s.n.	11.3	148.42	Washington	Whatcom	48.53932	-121.4469	outside_boundary_exact	Washington, Skagit County	Mt Baker-Snoqualmie National Forest: Mt Baker Ranger District: In small patch of forest surrounded by pasture due east of monitor 1/8 mile. FIA Site # NCas5	https://lichenportal.org/portal/collections/individual/index.php?occid=4492955
4492956	OSC	OSC-M-289105	A. Mikulin	s.n.	11.3	148.42	Washington	Whatcom	48.53932	-121.4469	outside_boundary_exact	Washington, Skagit County	Mt Baker-Snoqualmie National Forest: Mt Baker Ranger District: In small patch of forest surrounded by pasture due east of monitor 1/8 mile. FIA Site # NCas5	https://lichenportal.org/portal/collections/individual/index.php?occid=4492956
4492957	OSC	OSC-M-289106	A. Mikulin	s.n.	11.3	148.42	Washington	Whatcom	48.53932	-121.4469	outside_boundary_exact	Washington, Skagit County	Mt Baker-Snoqualmie National Forest: Mt Baker Ranger District: In small patch of forest surrounded by pasture due east of monitor 1/8 mile. FIA Site # NCas5	https://lichenportal.org/portal/collections/individual/index.php?occid=4492957
4492958	OSC	OSC-M-289107	A. Mikulin	s.n.	11.3	148.42	Washington	Whatcom	48.53932	-121.4469	outside_boundary_exact	Washington, Skagit County	Mt Baker-Snoqualmie National Forest: Mt Baker Ranger District: In small patch of forest surrounded by pasture due east of monitor 1/8 mile. FIA Site # NCas5	https://lichenportal.org/portal/collections/individual/index.php?occid=4492958
4492959	OSC	OSC-M-289108	A. Mikulin	s.n.	11.3	148.42	Washington	Whatcom	48.53932	-121.4469	outside_boundary_exact	Washington, Skagit County	Mt Baker-Snoqualmie National Forest: Mt Baker Ranger District: In small patch of forest surrounded by pasture due east of monitor 1/8 mile. FIA Site # NCas5	https://lichenportal.org/portal/collections/individual/index.php?occid=4492959
4492960	OSC	OSC-M-289109	A. Mikulin	s.n.	11.3	148.42	Washington	Whatcom	48.53932	-121.4469	outside_boundary_exact	Washington, Skagit County	Mt Baker-Snoqualmie National Forest: Mt Baker Ranger District: In small patch of forest surrounded by pasture due east of monitor 1/8 mile. FIA Site # NCas5	https://lichenportal.org/portal/collections/individual/index.php?occid=4492960
4492961	OSC	OSC-M-289110	A. Mikulin	s.n.	11.3	148.42	Washington	Whatcom	48.53932	-121.4469	outside_boundary_exact	Washington, Skagit County	Mt Baker-Snoqualmie National Forest: Mt Baker Ranger District: In small patch of forest surrounded by pasture due east of monitor 1/8 mile. FIA Site # NCas5	https://lichenportal.org/portal/collections/individual/index.php?occid=4492961
4492962	OSC	OSC-M-289111	A. Mikulin	s.n.	11.3	148.42	Washington	Whatcom	48.53932	-121.4469	outside_boundary_exact	Washington, Skagit County	Mt Baker-Snoqualmie National Forest: Mt Baker Ranger District: In small patch of forest surrounded by pasture due east of monitor 1/8 mile. FIA Site # NCas5	https://lichenportal.org/portal/collections/individual/index.php?occid=4492962
4492963	OSC	OSC-M-289112	A. Mikulin	s.n.	11.3	148.42	Washington	Whatcom	48.53932	-121.4469	outside_boundary_exact	Washington, Skagit County	Mt Baker-Snoqualmie National Forest: Mt Baker Ranger District: In small patch of forest surrounded by pasture due east of monitor 1/8 mile. FIA Site # NCas5	https://lichenportal.org/portal/collections/individual/index.php?occid=4492963
4492964	OSC	OSC-M-289113	A. Mikulin	s.n.	11.3	148.42	Washington	Whatcom	48.53932	-121.4469	outside_boundary_exact	Washington, Skagit County	Mt Baker-Snoqualmie National Forest: Mt Baker Ranger District: In small patch of forest surrounded by pasture due east of monitor 1/8 mile. FIA Site # NCas5	https://lichenportal.org/portal/collections/individual/index.php?occid=4492964
4492965	OSC	OSC-M-289115	A. Mikulin	s.n.	11.3	148.42	Washington	Whatcom	48.53932	-121.4469	outside_boundary_exact	Washington, Skagit County	Mt Baker-Snoqualmie National Forest: Mt Baker Ranger District: In small patch of forest surrounded by pasture due east of monitor 1/8 mile. FIA Site # NCas5	https://lichenportal.org/portal/collections/individual/index.php?occid=4492965
4492966	OSC	OSC-M-289116	A. Mikulin	s.n.	11.3	148.42	Washington	Whatcom	48.53932	-121.4469	outside_boundary_exact	Washington, Skagit County	Mt Baker-Snoqualmie National Forest: Mt Baker Ranger District: In small patch of forest surrounded by pasture due east of monitor 1/8 mile. FIA Site # NCas5	https://lichenportal.org/portal/collections/individual/index.php?occid=4492966
4492967	OSC	OSC-M-289116a	A. Mikulin	s.n.	11.3	148.42	Washington	Whatcom	48.53932	-121.4469	outside_boundary_exact	Washington, Skagit County	Mt Baker-Snoqualmie National Forest: Mt Baker Ranger District: In small patch of forest surrounded by pasture due east of monitor 1/8 mile. FIA Site # NCas5	https://lichenportal.org/portal/collections/individual/index.php?occid=4492967
4514901	OSC	OSC-M-312191	A. Mikulin	s.n.	11.3	148.42	Washington	Whatcom	48.53932	-121.4469	outside_boundary_exact	Washington, Skagit County	Mt Baker-Snoqualmie National Forest: Mt Baker Ranger District: In small patch of forest surrounded by pasture due east of monitor 1/8 mile. FIA Site # NCas5	https://lichenportal.org/portal/collections/individual/index.php?occid=4514901
4514902	OSC	OSC-M-312191a	A. Mikulin	s.n.	11.3	148.42	Washington	Whatcom	48.53932	-121.4469	outside_boundary_exact	Washington, Skagit County	Mt Baker-Snoqualmie National Forest: Mt Baker Ranger District: In small patch of forest surrounded by pasture due east of monitor 1/8 mile. FIA Site # NCas5	https://lichenportal.org/portal/collections/individual/index.php?occid=4514902
4514903	OSC	OSC-M-312192	A. Mikulin	s.n.	11.3	148.42	Washington	Whatcom	48.53932	-121.4469	outside_boundary_exact	Washington, Skagit County	Mt Baker-Snoqualmie National Forest: Mt Baker Ranger District: In small patch of forest surrounded by pasture due east of monitor 1/8 mile. FIA Site # NCas5	https://lichenportal.org/portal/collections/individual/index.php?occid=4514903
4514904	OSC	OSC-M-312192a	A. Mikulin	s.n.	11.3	148.42	Washington	Whatcom	48.53932	-121.4469	outside_boundary_exact	Washington, Skagit County	Mt Baker-Snoqualmie National Forest: Mt Baker Ranger District: In small patch of forest surrounded by pasture due east of monitor 1/8 mile. FIA Site # NCas5	https://lichenportal.org/portal/collections/individual/index.php?occid=4514904
4514905	OSC	OSC-M-312193	A. Mikulin	s.n.	11.3	148.42	Washington	Whatcom	48.53932	-121.4469	outside_boundary_exact	Washington, Skagit County	Mt Baker-Snoqualmie National Forest: Mt Baker Ranger District: In small patch of forest surrounded by pasture due east of monitor 1/8 mile. FIA Site # NCas5	https://lichenportal.org/portal/collections/individual/index.php?occid=4514905
4492968	OSC	OSC-M-289117	K. Gossen	s.n.	10.86	148.27	Washington	Whatcom	48.54333	-121.4469	outside_boundary_exact	Washington, Skagit County	Mt Baker-Snoqualmie National Forest: Mt Baker Ranger District: In a swath of forest between NPS housing to the west and road, pasture to the east. FIA Site # NCas6	https://lichenportal.org/portal/collections/individual/index.php?occid=4492968
4492969	OSC	OSC-M-289118	K. Gossen	s.n.	10.86	148.27	Washington	Whatcom	48.54333	-121.4469	outside_boundary_exact	Washington, Skagit County	Mt Baker-Snoqualmie National Forest: Mt Baker Ranger District: In a swath of forest between NPS housing to the west and road, pasture to the east. FIA Site # NCas6	https://lichenportal.org/portal/collections/individual/index.php?occid=4492969
4492970	OSC	OSC-M-289119	K. Gossen	s.n.	10.86	148.27	Washington	Whatcom	48.54333	-121.4469	outside_boundary_exact	Washington, Skagit County	Mt Baker-Snoqualmie National Forest: Mt Baker Ranger District: In a swath of forest between NPS housing to the west and road, pasture to the east. FIA Site # NCas6	https://lichenportal.org/portal/collections/individual/index.php?occid=4492970
4492971	OSC	OSC-M-289120	K. Gossen	s.n.	10.86	148.27	Washington	Whatcom	48.54333	-121.4469	outside_boundary_exact	Washington, Skagit County	Mt Baker-Snoqualmie National Forest: Mt Baker Ranger District: In a swath of forest between NPS housing to the west and road, pasture to the east. FIA Site # NCas6	https://lichenportal.org/portal/collections/individual/index.php?occid=4492971
4492972	OSC	OSC-M-289121	K. Gossen	s.n.	10.86	148.27	Washington	Whatcom	48.54333	-121.4469	outside_boundary_exact	Washington, Skagit County	Mt Baker-Snoqualmie National Forest: Mt Baker Ranger District: In a swath of forest between NPS housing to the west and road, pasture to the east. FIA Site # NCas6	https://lichenportal.org/portal/collections/individual/index.php?occid=4492972
4492973	OSC	OSC-M-289122	K. Gossen	s.n.	10.86	148.27	Washington	Whatcom	48.54333	-121.4469	outside_boundary_exact	Washington, Skagit County	Mt Baker-Snoqualmie National Forest: Mt Baker Ranger District: In a swath of forest between NPS housing to the west and road, pasture to the east. FIA Site # NCas6	https://lichenportal.org/portal/collections/individual/index.php?occid=4492973
4492974	OSC	OSC-M-289123	K. Gossen	s.n.	10.86	148.27	Washington	Whatcom	48.54333	-121.4469	outside_boundary_exact	Washington, Skagit County	Mt Baker-Snoqualmie National Forest: Mt Baker Ranger District: In a swath of forest between NPS housing to the west and road, pasture to the east. FIA Site # NCas6	https://lichenportal.org/portal/collections/individual/index.php?occid=4492974
4492975	OSC	OSC-M-289124	K. Gossen	s.n.	10.86	148.27	Washington	Whatcom	48.54333	-121.4469	outside_boundary_exact	Washington, Skagit County	Mt Baker-Snoqualmie National Forest: Mt Baker Ranger District: In a swath of forest between NPS housing to the west and road, pasture to the east. FIA Site # NCas6	https://lichenportal.org/portal/collections/individual/index.php?occid=4492975
4492976	OSC	OSC-M-289125	K. Gossen	s.n.	10.86	148.27	Washington	Whatcom	48.54333	-121.4469	outside_boundary_exact	Washington, Skagit County	Mt Baker-Snoqualmie National Forest: Mt Baker Ranger District: In a swath of forest between NPS housing to the west and road, pasture to the east. FIA Site # NCas6	https://lichenportal.org/portal/collections/individual/index.php?occid=4492976
4492977	OSC	OSC-M-289126	K. Gossen	s.n.	10.86	148.27	Washington	Whatcom	48.54333	-121.4469	outside_boundary_exact	Washington, Skagit County	Mt Baker-Snoqualmie National Forest: Mt Baker Ranger District: In a swath of forest between NPS housing to the west and road, pasture to the east. FIA Site # NCas6	https://lichenportal.org/portal/collections/individual/index.php?occid=4492977
4492978	OSC	OSC-M-289127	K. Gossen	s.n.	10.86	148.27	Washington	Whatcom	48.54333	-121.4469	outside_boundary_exact	Washington, Skagit County	Mt Baker-Snoqualmie National Forest: Mt Baker Ranger District: In a swath of forest between NPS housing to the west and road, pasture to the east. FIA Site # NCas6	https://lichenportal.org/portal/collections/individual/index.php?occid=4492978
4492979	OSC	OSC-M-289128	K. Gossen	s.n.	10.86	148.27	Washington	Whatcom	48.54333	-121.4469	outside_boundary_exact	Washington, Skagit County	Mt Baker-Snoqualmie National Forest: Mt Baker Ranger District: In a swath of forest between NPS housing to the west and road, pasture to the east. FIA Site # NCas6	https://lichenportal.org/portal/collections/individual/index.php?occid=4492979
4492980	OSC	OSC-M-289129	K. Gossen	s.n.	10.86	148.27	Washington	Whatcom	48.54333	-121.4469	outside_boundary_exact	Washington, Skagit County	Mt Baker-Snoqualmie National Forest: Mt Baker Ranger District: In a swath of forest between NPS housing to the west and road, pasture to the east. FIA Site # NCas6	https://lichenportal.org/portal/collections/individual/index.php?occid=4492980
4492981	OSC	OSC-M-289130	K. Gossen	s.n.	10.86	148.27	Washington	Whatcom	48.54333	-121.4469	outside_boundary_exact	Washington, Skagit County	Mt Baker-Snoqualmie National Forest: Mt Baker Ranger District: In a swath of forest between NPS housing to the west and road, pasture to the east. FIA Site # NCas6	https://lichenportal.org/portal/collections/individual/index.php?occid=4492981
4492982	OSC	OSC-M-289131	K. Gossen	s.n.	10.86	148.27	Washington	Whatcom	48.54333	-121.4469	outside_boundary_exact	Washington, Skagit County	Mt Baker-Snoqualmie National Forest: Mt Baker Ranger District: In a swath of forest between NPS housing to the west and road, pasture to the east. FIA Site # NCas6	https://lichenportal.org/portal/collections/individual/index.php?occid=4492982
4492983	OSC	OSC-M-289132	K. Gossen	s.n.	10.86	148.27	Washington	Whatcom	48.54333	-121.4469	outside_boundary_exact	Washington, Skagit County	Mt Baker-Snoqualmie National Forest: Mt Baker Ranger District: In a swath of forest between NPS housing to the west and road, pasture to the east. FIA Site # NCas6	https://lichenportal.org/portal/collections/individual/index.php?occid=4492983
4492984	OSC	OSC-M-289133	K. Gossen	s.n.	10.86	148.27	Washington	Whatcom	48.54333	-121.4469	outside_boundary_exact	Washington, Skagit County	Mt Baker-Snoqualmie National Forest: Mt Baker Ranger District: In a swath of forest between NPS housing to the west and road, pasture to the east. FIA Site # NCas6	https://lichenportal.org/portal/collections/individual/index.php?occid=4492984
4492985	OSC	OSC-M-289134	K. Gossen	s.n.	10.86	148.27	Washington	Whatcom	48.54333	-121.4469	outside_boundary_exact	Washington, Skagit County	Mt Baker-Snoqualmie National Forest: Mt Baker Ranger District: In a swath of forest between NPS housing to the west and road, pasture to the east. FIA Site # NCas6	https://lichenportal.org/portal/collections/individual/index.php?occid=4492985
4492986	OSC	OSC-M-289135	K. Gossen	s.n.	10.86	148.27	Washington	Whatcom	48.54333	-121.4469	outside_boundary_exact	Washington, Skagit County	Mt Baker-Snoqualmie National Forest: Mt Baker Ranger District: In a swath of forest between NPS housing to the west and road, pasture to the east. FIA Site # NCas6	https://lichenportal.org/portal/collections/individual/index.php?occid=4492986
4492987	OSC	OSC-M-289136	K. Gossen	s.n.	10.86	148.27	Washington	Whatcom	48.54333	-121.4469	outside_boundary_exact	Washington, Skagit County	Mt Baker-Snoqualmie National Forest: Mt Baker Ranger District: In a swath of forest between NPS housing to the west and road, pasture to the east. FIA Site # NCas6	https://lichenportal.org/portal/collections/individual/index.php?occid=4492987
4492988	OSC	OSC-M-289137	K. Gossen	s.n.	10.86	148.27	Washington	Whatcom	48.54333	-121.4469	outside_boundary_exact	Washington, Skagit County	Mt Baker-Snoqualmie National Forest: Mt Baker Ranger District: In a swath of forest between NPS housing to the west and road, pasture to the east. FIA Site # NCas6	https://lichenportal.org/portal/collections/individual/index.php?occid=4492988
4492989	OSC	OSC-M-289138	K. Gossen	s.n.	10.86	148.27	Washington	Whatcom	48.54333	-121.4469	outside_boundary_exact	Washington, Skagit County	Mt Baker-Snoqualmie National Forest: Mt Baker Ranger District: In a swath of forest between NPS housing to the west and road, pasture to the east. FIA Site # NCas6	https://lichenportal.org/portal/collections/individual/index.php?occid=4492989
4492990	OSC	OSC-M-289139	K. Gossen	s.n.	10.86	148.27	Washington	Whatcom	48.54333	-121.4469	outside_boundary_exact	Washington, Skagit County	Mt Baker-Snoqualmie National Forest: Mt Baker Ranger District: In a swath of forest between NPS housing to the west and road, pasture to the east. FIA Site # NCas6	https://lichenportal.org/portal/collections/individual/index.php?occid=4492990
4492991	OSC	OSC-M-289139a	K. Gossen	s.n.	10.86	148.27	Washington	Whatcom	48.54333	-121.4469	outside_boundary_exact	Washington, Skagit County	Mt Baker-Snoqualmie National Forest: Mt Baker Ranger District: In a swath of forest between NPS housing to the west and road, pasture to the east. FIA Site # NCas6	https://lichenportal.org/portal/collections/individual/index.php?occid=4492991
4492992	OSC	OSC-M-289140	K. Gossen	s.n.	10.86	148.27	Washington	Whatcom	48.54333	-121.4469	outside_boundary_exact	Washington, Skagit County	Mt Baker-Snoqualmie National Forest: Mt Baker Ranger District: In a swath of forest between NPS housing to the west and road, pasture to the east. FIA Site # NCas6	https://lichenportal.org/portal/collections/individual/index.php?occid=4492992
4492993	OSC	OSC-M-289141	K. Gossen	s.n.	10.86	148.27	Washington	Whatcom	48.54333	-121.4469	outside_boundary_exact	Washington, Skagit County	Mt Baker-Snoqualmie National Forest: Mt Baker Ranger District: In a swath of forest between NPS housing to the west and road, pasture to the east. FIA Site # NCas6	https://lichenportal.org/portal/collections/individual/index.php?occid=4492993
4492994	OSC	OSC-M-289142	K. Gossen	s.n.	10.86	148.27	Washington	Whatcom	48.54333	-121.4469	outside_boundary_exact	Washington, Skagit County	Mt Baker-Snoqualmie National Forest: Mt Baker Ranger District: In a swath of forest between NPS housing to the west and road, pasture to the east. FIA Site # NCas6	https://lichenportal.org/portal/collections/individual/index.php?occid=4492994
4514906	OSC	OSC-M-312194	K. Gossen	s.n.	10.86	148.27	Washington	Whatcom	48.54333	-121.4469	outside_boundary_exact	Washington, Skagit County	Mt Baker-Snoqualmie National Forest: Mt Baker Ranger District: In a swath of forest between NPS housing to the west and road, pasture to the east. FIA Site # NCas6	https://lichenportal.org/portal/collections/individual/index.php?occid=4514906
4514907	OSC	OSC-M-312195	K. Gossen	s.n.	10.86	148.27	Washington	Whatcom	48.54333	-121.4469	outside_boundary_exact	Washington, Skagit County	Mt Baker-Snoqualmie National Forest: Mt Baker Ranger District: In a swath of forest between NPS housing to the west and road, pasture to the east. FIA Site # NCas6	https://lichenportal.org/portal/collections/individual/index.php?occid=4514907
4492824	OSC	OSC-M-288985	K. Gossen	s.n.	10.82	148.48	Washington	Whatcom	48.54358	-121.4437	outside_boundary_exact	Washington, Skagit County	Mt Baker-Snoqualmie National Forest: Mt Baker Ranger District: Near junc. power line & Olson Cr. ~1/4 mi. N. of monitoring station. FIA Site # NCas1	https://lichenportal.org/portal/collections/individual/index.php?occid=4492824
4492825	OSC	OSC-M-288986	K. Gossen	s.n.	10.82	148.48	Washington	Whatcom	48.54358	-121.4437	outside_boundary_exact	Washington, Skagit County	Mt Baker-Snoqualmie National Forest: Mt Baker Ranger District: Near junc. power line & Olson Cr. ~1/4 mi. N. of monitoring station. FIA Site # NCas1	https://lichenportal.org/portal/collections/individual/index.php?occid=4492825
4492826	OSC	OSC-M-288987	K. Gossen	s.n.	10.82	148.48	Washington	Whatcom	48.54358	-121.4437	outside_boundary_exact	Washington, Skagit County	Mt Baker-Snoqualmie National Forest: Mt Baker Ranger District: Near junc. power line & Olson Cr. ~1/4 mi. N. of monitoring station. FIA Site # NCas1	https://lichenportal.org/portal/collections/individual/index.php?occid=4492826
4492827	OSC	OSC-M-288988	K. Gossen	s.n.	10.82	148.48	Washington	Whatcom	48.54358	-121.4437	outside_boundary_exact	Washington, Skagit County	Mt Baker-Snoqualmie National Forest: Mt Baker Ranger District: Near junc. power line & Olson Cr. ~1/4 mi. N. of monitoring station. FIA Site # NCas1	https://lichenportal.org/portal/collections/individual/index.php?occid=4492827
4492828	OSC	OSC-M-288988a	K. Gossen	s.n.	10.82	148.48	Washington	Whatcom	48.54358	-121.4437	outside_boundary_exact	Washington, Skagit County	Mt Baker-Snoqualmie National Forest: Mt Baker Ranger District: Near junc. power line & Olson Cr. ~1/4 mi. N. of monitoring station. FIA Site # NCas1	https://lichenportal.org/portal/collections/individual/index.php?occid=4492828
4492829	OSC	OSC-M-288989	K. Gossen	s.n.	10.82	148.48	Washington	Whatcom	48.54358	-121.4437	outside_boundary_exact	Washington, Skagit County	Mt Baker-Snoqualmie National Forest: Mt Baker Ranger District: Near junc. power line & Olson Cr. ~1/4 mi. N. of monitoring station. FIA Site # NCas1	https://lichenportal.org/portal/collections/individual/index.php?occid=4492829
4492830	OSC	OSC-M-288990	K. Gossen	s.n.	10.82	148.48	Washington	Whatcom	48.54358	-121.4437	outside_boundary_exact	Washington, Skagit County	Mt Baker-Snoqualmie National Forest: Mt Baker Ranger District: Near junc. power line & Olson Cr. ~1/4 mi. N. of monitoring station. FIA Site # NCas1	https://lichenportal.org/portal/collections/individual/index.php?occid=4492830
4492831	OSC	OSC-M-288991	K. Gossen	s.n.	10.82	148.48	Washington	Whatcom	48.54358	-121.4437	outside_boundary_exact	Washington, Skagit County	Mt Baker-Snoqualmie National Forest: Mt Baker Ranger District: Near junc. power line & Olson Cr. ~1/4 mi. N. of monitoring station. FIA Site # NCas1	https://lichenportal.org/portal/collections/individual/index.php?occid=4492831
4492832	OSC	OSC-M-288992	K. Gossen	s.n.	10.82	148.48	Washington	Whatcom	48.54358	-121.4437	outside_boundary_exact	Washington, Skagit County	Mt Baker-Snoqualmie National Forest: Mt Baker Ranger District: Near junc. power line & Olson Cr. ~1/4 mi. N. of monitoring station. FIA Site # NCas1	https://lichenportal.org/portal/collections/individual/index.php?occid=4492832
4492833	OSC	OSC-M-288993	K. Gossen	s.n.	10.82	148.48	Washington	Whatcom	48.54358	-121.4437	outside_boundary_exact	Washington, Skagit County	Mt Baker-Snoqualmie National Forest: Mt Baker Ranger District: Near junc. power line & Olson Cr. ~1/4 mi. N. of monitoring station. FIA Site # NCas1	https://lichenportal.org/portal/collections/individual/index.php?occid=4492833
4492834	OSC	OSC-M-288994	K. Gossen	s.n.	10.82	148.48	Washington	Whatcom	48.54358	-121.4437	outside_boundary_exact	Washington, Skagit County	Mt Baker-Snoqualmie National Forest: Mt Baker Ranger District: Near junc. power line & Olson Cr. ~1/4 mi. N. of monitoring station. FIA Site # NCas1	https://lichenportal.org/portal/collections/individual/index.php?occid=4492834
4492835	OSC	OSC-M-288995	K. Gossen	s.n.	10.82	148.48	Washington	Whatcom	48.54358	-121.4437	outside_boundary_exact	Washington, Skagit County	Mt Baker-Snoqualmie National Forest: Mt Baker Ranger District: Near junc. power line & Olson Cr. ~1/4 mi. N. of monitoring station. FIA Site # NCas1	https://lichenportal.org/portal/collections/individual/index.php?occid=4492835
4492836	OSC	OSC-M-288995a	K. Gossen	s.n.	10.82	148.48	Washington	Whatcom	48.54358	-121.4437	outside_boundary_exact	Washington, Skagit County	Mt Baker-Snoqualmie National Forest: Mt Baker Ranger District: Near junc. power line & Olson Cr. ~1/4 mi. N. of monitoring station. FIA Site # NCas1	https://lichenportal.org/portal/collections/individual/index.php?occid=4492836
4492837	OSC	OSC-M-288996	K. Gossen	s.n.	10.82	148.48	Washington	Whatcom	48.54358	-121.4437	outside_boundary_exact	Washington, Skagit County	Mt Baker-Snoqualmie National Forest: Mt Baker Ranger District: Near junc. power line & Olson Cr. ~1/4 mi. N. of monitoring station. FIA Site # NCas1	https://lichenportal.org/portal/collections/individual/index.php?occid=4492837
4492838	OSC	OSC-M-288997	K. Gossen	s.n.	10.82	148.48	Washington	Whatcom	48.54358	-121.4437	outside_boundary_exact	Washington, Skagit County	Mt Baker-Snoqualmie National Forest: Mt Baker Ranger District: Near junc. power line & Olson Cr. ~1/4 mi. N. of monitoring station. FIA Site # NCas1	https://lichenportal.org/portal/collections/individual/index.php?occid=4492838
4492839	OSC	OSC-M-288998	K. Gossen	s.n.	10.82	148.48	Washington	Whatcom	48.54358	-121.4437	outside_boundary_exact	Washington, Skagit County	Mt Baker-Snoqualmie National Forest: Mt Baker Ranger District: Near junc. power line & Olson Cr. ~1/4 mi. N. of monitoring station. FIA Site # NCas1	https://lichenportal.org/portal/collections/individual/index.php?occid=4492839
4492840	OSC	OSC-M-288999	K. Gossen	s.n.	10.82	148.48	Washington	Whatcom	48.54358	-121.4437	outside_boundary_exact	Washington, Skagit County	Mt Baker-Snoqualmie National Forest: Mt Baker Ranger District: Near junc. power line & Olson Cr. ~1/4 mi. N. of monitoring station. FIA Site # NCas1	https://lichenportal.org/portal/collections/individual/index.php?occid=4492840
4492841	OSC	OSC-M-289000	K. Gossen	s.n.	10.82	148.48	Washington	Whatcom	48.54358	-121.4437	outside_boundary_exact	Washington, Skagit County	Mt Baker-Snoqualmie National Forest: Mt Baker Ranger District: Near junc. power line & Olson Cr. ~1/4 mi. N. of monitoring station. FIA Site # NCas1	https://lichenportal.org/portal/collections/individual/index.php?occid=4492841
4492842	OSC	OSC-M-289001	K. Gossen	s.n.	10.82	148.48	Washington	Whatcom	48.54358	-121.4437	outside_boundary_exact	Washington, Skagit County	Mt Baker-Snoqualmie National Forest: Mt Baker Ranger District: Near junc. power line & Olson Cr. ~1/4 mi. N. of monitoring station. FIA Site # NCas1	https://lichenportal.org/portal/collections/individual/index.php?occid=4492842
4492843	OSC	OSC-M-289002	K. Gossen	s.n.	10.82	148.48	Washington	Whatcom	48.54358	-121.4437	outside_boundary_exact	Washington, Skagit County	Mt Baker-Snoqualmie National Forest: Mt Baker Ranger District: Near junc. power line & Olson Cr. ~1/4 mi. N. of monitoring station. FIA Site # NCas1	https://lichenportal.org/portal/collections/individual/index.php?occid=4492843
4492844	OSC	OSC-M-289003	K. Gossen	s.n.	10.82	148.48	Washington	Whatcom	48.54358	-121.4437	outside_boundary_exact	Washington, Skagit County	Mt Baker-Snoqualmie National Forest: Mt Baker Ranger District: Near junc. power line & Olson Cr. ~1/4 mi. N. of monitoring station. FIA Site # NCas1	https://lichenportal.org/portal/collections/individual/index.php?occid=4492844
4492845	OSC	OSC-M-289004	K. Gossen	s.n.	10.82	148.48	Washington	Whatcom	48.54358	-121.4437	outside_boundary_exact	Washington, Skagit County	Mt Baker-Snoqualmie National Forest: Mt Baker Ranger District: Near junc. power line & Olson Cr. ~1/4 mi. N. of monitoring station. FIA Site # NCas1	https://lichenportal.org/portal/collections/individual/index.php?occid=4492845
4492846	OSC	OSC-M-289005	K. Gossen	s.n.	10.82	148.48	Washington	Whatcom	48.54358	-121.4437	outside_boundary_exact	Washington, Skagit County	Mt Baker-Snoqualmie National Forest: Mt Baker Ranger District: Near junc. power line & Olson Cr. ~1/4 mi. N. of monitoring station. FIA Site # NCas1	https://lichenportal.org/portal/collections/individual/index.php?occid=4492846
4492847	OSC	OSC-M-289006	K. Gossen	s.n.	10.82	148.48	Washington	Whatcom	48.54358	-121.4437	outside_boundary_exact	Washington, Skagit County	Mt Baker-Snoqualmie National Forest: Mt Baker Ranger District: Near junc. power line & Olson Cr. ~1/4 mi. N. of monitoring station. FIA Site # NCas1	https://lichenportal.org/portal/collections/individual/index.php?occid=4492847
4516498	OSC	OSC-M-313635	K. Gossen	s.n.	10.82	148.48	Washington	Whatcom	48.54358	-121.4437	outside_boundary_exact	Washington, Skagit County	Mt Baker-Snoqualmie National Forest: Mt Baker Ranger District: Near junc. power line & Olson Cr. ~1/4 mi. N. of monitoring station. FIA Site # NCas1	https://lichenportal.org/portal/collections/individual/index.php?occid=4516498
4516499	OSC	OSC-M-313635a	K. Gossen	s.n.	10.82	148.48	Washington	Whatcom	48.54358	-121.4437	outside_boundary_exact	Washington, Skagit County	Mt Baker-Snoqualmie National Forest: Mt Baker Ranger District: Near junc. power line & Olson Cr. ~1/4 mi. N. of monitoring station. FIA Site # NCas1	https://lichenportal.org/portal/collections/individual/index.php?occid=4516499
4516500	OSC	OSC-M-313635b	K. Gossen	s.n.	10.82	148.48	Washington	Whatcom	48.54358	-121.4437	outside_boundary_exact	Washington, Skagit County	Mt Baker-Snoqualmie National Forest: Mt Baker Ranger District: Near junc. power line & Olson Cr. ~1/4 mi. N. of monitoring station. FIA Site # NCas1	https://lichenportal.org/portal/collections/individual/index.php?occid=4516500
4516501	OSC	OSC-M-313635c	K. Gossen	s.n.	10.82	148.48	Washington	Whatcom	48.54358	-121.4437	outside_boundary_exact	Washington, Skagit County	Mt Baker-Snoqualmie National Forest: Mt Baker Ranger District: Near junc. power line & Olson Cr. ~1/4 mi. N. of monitoring station. FIA Site # NCas1	https://lichenportal.org/portal/collections/individual/index.php?occid=4516501
4939227	OSC	OSC-M-051246	Bruce McCune	39594	10.78	154.73	Washington	Whatcom	48.5472	-122.716	outside_boundary_exact	Washington, Skagit County	Near Mainline Road, SW part of island, Cypress Island, San Juan Islands.	https://lichenportal.org/portal/collections/individual/index.php?occid=4939227
4939229	OSC	OSC-M-051248	Bruce McCune	39606	10.78	154.73	Washington	Whatcom	48.5472	-122.716	outside_boundary_exact	Washington, Skagit County	Near Mainline Road, SW part of island, Cypress Island, San Juan Islands.	https://lichenportal.org/portal/collections/individual/index.php?occid=4939229
4939239	OSC	OSC-M-051257	Bruce McCune	39596	10.78	154.73	Washington	Whatcom	48.5472	-122.716	outside_boundary_exact	Washington, Skagit County	Near Mainline Road, SW part of island, Cypress Island, San Juan Islands.	https://lichenportal.org/portal/collections/individual/index.php?occid=4939239
4939242	OSC	OSC-M-051260	Bruce McCune	39608	10.78	154.73	Washington	Whatcom	48.5472	-122.716	outside_boundary_exact	Washington, Skagit County	Near Mainline Road, SW part of island, Cypress Island, San Juan Islands.	https://lichenportal.org/portal/collections/individual/index.php?occid=4939242
4939288	OSC	OSC-M-051276	Bruce McCune	39612	10.78	154.73	Washington	Whatcom	48.5472	-122.716	outside_boundary_exact	Washington, Skagit County	Near Mainline Road, SW part of island, Cypress Island, San Juan Islands.	https://lichenportal.org/portal/collections/individual/index.php?occid=4939288
4992619	OSC	OSC-M-051321	Bruce McCune	39611	10.78	154.73	Washington	Whatcom	48.5472	-122.716	outside_boundary_exact	Washington, Skagit County	Near Mainline Road, SW part of island, Cypress Island, San Juan Islands.	https://lichenportal.org/portal/collections/individual/index.php?occid=4992619
4992634	OSC	OSC-M-051329	Bruce McCune	39609	10.78	154.73	Washington	Whatcom	48.5472	-122.716	outside_boundary_exact	Washington, Skagit County	Near Mainline Road, SW part of island, Cypress Island, San Juan Islands.	https://lichenportal.org/portal/collections/individual/index.php?occid=4992634
4992668	OSC	OSC-M-051332	Bruce McCune	39607	10.78	154.73	Washington	Whatcom	48.5472	-122.716	outside_boundary_exact	Washington, Skagit County	Near Mainline Road, SW part of island, Cypress Island, San Juan Islands.	https://lichenportal.org/portal/collections/individual/index.php?occid=4992668
4486227	OSC	OSC-M-277674	A. Mikulin	NA	10.76	147.87	Washington	Whatcom	48.54437	-121.452	outside_boundary_exact	Washington, Skagit County	Mt Baker-Snoqualmie National Forest: Mt Baker Ranger District: S. of Cow Heaven Trail, 1/4 mi. NW of monitor. FIA Site # NCas3	https://lichenportal.org/portal/collections/individual/index.php?occid=4486227
4492875	OSC	OSC-M-289030	A. Mikulin	s.n.	10.76	147.87	Washington	Whatcom	48.54437	-121.452	outside_boundary_exact	Washington, Skagit County	Mt Baker-Snoqualmie National Forest: Mt Baker Ranger District: S. of Cow Heaven Trail, 1/4 mi. NW of monitor. FIA Site # NCas3	https://lichenportal.org/portal/collections/individual/index.php?occid=4492875
4492876	OSC	OSC-M-289031	A. Mikulin	s.n.	10.76	147.87	Washington	Whatcom	48.54437	-121.452	outside_boundary_exact	Washington, Skagit County	Mt Baker-Snoqualmie National Forest: Mt Baker Ranger District: S. of Cow Heaven Trail, 1/4 mi. NW of monitor. FIA Site # NCas3	https://lichenportal.org/portal/collections/individual/index.php?occid=4492876
4492877	OSC	OSC-M-289032	A. Mikulin	s.n.	10.76	147.87	Washington	Whatcom	48.54437	-121.452	outside_boundary_exact	Washington, Skagit County	Mt Baker-Snoqualmie National Forest: Mt Baker Ranger District: S. of Cow Heaven Trail, 1/4 mi. NW of monitor. FIA Site # NCas3	https://lichenportal.org/portal/collections/individual/index.php?occid=4492877
4492878	OSC	OSC-M-289033	A. Mikulin	s.n.	10.76	147.87	Washington	Whatcom	48.54437	-121.452	outside_boundary_exact	Washington, Skagit County	Mt Baker-Snoqualmie National Forest: Mt Baker Ranger District: S. of Cow Heaven Trail, 1/4 mi. NW of monitor. FIA Site # NCas3	https://lichenportal.org/portal/collections/individual/index.php?occid=4492878
4492879	OSC	OSC-M-289033a	A. Mikulin	s.n.	10.76	147.87	Washington	Whatcom	48.54437	-121.452	outside_boundary_exact	Washington, Skagit County	Mt Baker-Snoqualmie National Forest: Mt Baker Ranger District: S. of Cow Heaven Trail, 1/4 mi. NW of monitor. FIA Site # NCas3	https://lichenportal.org/portal/collections/individual/index.php?occid=4492879
4492880	OSC	OSC-M-289033b	A. Mikulin	s.n.	10.76	147.87	Washington	Whatcom	48.54437	-121.452	outside_boundary_exact	Washington, Skagit County	Mt Baker-Snoqualmie National Forest: Mt Baker Ranger District: S. of Cow Heaven Trail, 1/4 mi. NW of monitor. FIA Site # NCas3	https://lichenportal.org/portal/collections/individual/index.php?occid=4492880
4492881	OSC	OSC-M-289034	A. Mikulin	s.n.	10.76	147.87	Washington	Whatcom	48.54437	-121.452	outside_boundary_exact	Washington, Skagit County	Mt Baker-Snoqualmie National Forest: Mt Baker Ranger District: S. of Cow Heaven Trail, 1/4 mi. NW of monitor. FIA Site # NCas3	https://lichenportal.org/portal/collections/individual/index.php?occid=4492881
4492882	OSC	OSC-M-289035	A. Mikulin	s.n.	10.76	147.87	Washington	Whatcom	48.54437	-121.452	outside_boundary_exact	Washington, Skagit County	Mt Baker-Snoqualmie National Forest: Mt Baker Ranger District: S. of Cow Heaven Trail, 1/4 mi. NW of monitor. FIA Site # NCas3	https://lichenportal.org/portal/collections/individual/index.php?occid=4492882
4492883	OSC	OSC-M-289036	A. Mikulin	s.n.	10.76	147.87	Washington	Whatcom	48.54437	-121.452	outside_boundary_exact	Washington, Skagit County	Mt Baker-Snoqualmie National Forest: Mt Baker Ranger District: S. of Cow Heaven Trail, 1/4 mi. NW of monitor. FIA Site # NCas3	https://lichenportal.org/portal/collections/individual/index.php?occid=4492883
4492884	OSC	OSC-M-289037	A. Mikulin	s.n.	10.76	147.87	Washington	Whatcom	48.54437	-121.452	outside_boundary_exact	Washington, Skagit County	Mt Baker-Snoqualmie National Forest: Mt Baker Ranger District: S. of Cow Heaven Trail, 1/4 mi. NW of monitor. FIA Site # NCas3	https://lichenportal.org/portal/collections/individual/index.php?occid=4492884
4492885	OSC	OSC-M-289038	A. Mikulin	s.n.	10.76	147.87	Washington	Whatcom	48.54437	-121.452	outside_boundary_exact	Washington, Skagit County	Mt Baker-Snoqualmie National Forest: Mt Baker Ranger District: S. of Cow Heaven Trail, 1/4 mi. NW of monitor. FIA Site # NCas3	https://lichenportal.org/portal/collections/individual/index.php?occid=4492885
4492886	OSC	OSC-M-289039	A. Mikulin	s.n.	10.76	147.87	Washington	Whatcom	48.54437	-121.452	outside_boundary_exact	Washington, Skagit County	Mt Baker-Snoqualmie National Forest: Mt Baker Ranger District: S. of Cow Heaven Trail, 1/4 mi. NW of monitor. FIA Site # NCas3	https://lichenportal.org/portal/collections/individual/index.php?occid=4492886
4492887	OSC	OSC-M-289040	A. Mikulin	s.n.	10.76	147.87	Washington	Whatcom	48.54437	-121.452	outside_boundary_exact	Washington, Skagit County	Mt Baker-Snoqualmie National Forest: Mt Baker Ranger District: S. of Cow Heaven Trail, 1/4 mi. NW of monitor. FIA Site # NCas3	https://lichenportal.org/portal/collections/individual/index.php?occid=4492887
4492888	OSC	OSC-M-289041	A. Mikulin	s.n.	10.76	147.87	Washington	Whatcom	48.54437	-121.452	outside_boundary_exact	Washington, Skagit County	Mt Baker-Snoqualmie National Forest: Mt Baker Ranger District: S. of Cow Heaven Trail, 1/4 mi. NW of monitor. FIA Site # NCas3	https://lichenportal.org/portal/collections/individual/index.php?occid=4492888
4492889	OSC	OSC-M-289042	A. Mikulin	s.n.	10.76	147.87	Washington	Whatcom	48.54437	-121.452	outside_boundary_exact	Washington, Skagit County	Mt Baker-Snoqualmie National Forest: Mt Baker Ranger District: S. of Cow Heaven Trail, 1/4 mi. NW of monitor. FIA Site # NCas3	https://lichenportal.org/portal/collections/individual/index.php?occid=4492889
4492890	OSC	OSC-M-289043	A. Mikulin	s.n.	10.76	147.87	Washington	Whatcom	48.54437	-121.452	outside_boundary_exact	Washington, Skagit County	Mt Baker-Snoqualmie National Forest: Mt Baker Ranger District: S. of Cow Heaven Trail, 1/4 mi. NW of monitor. FIA Site # NCas3	https://lichenportal.org/portal/collections/individual/index.php?occid=4492890
4492891	OSC	OSC-M-289044	A. Mikulin	s.n.	10.76	147.87	Washington	Whatcom	48.54437	-121.452	outside_boundary_exact	Washington, Skagit County	Mt Baker-Snoqualmie National Forest: Mt Baker Ranger District: S. of Cow Heaven Trail, 1/4 mi. NW of monitor. FIA Site # NCas3	https://lichenportal.org/portal/collections/individual/index.php?occid=4492891
4492892	OSC	OSC-M-289045	A. Mikulin	s.n.	10.76	147.87	Washington	Whatcom	48.54437	-121.452	outside_boundary_exact	Washington, Skagit County	Mt Baker-Snoqualmie National Forest: Mt Baker Ranger District: S. of Cow Heaven Trail, 1/4 mi. NW of monitor. FIA Site # NCas3	https://lichenportal.org/portal/collections/individual/index.php?occid=4492892
4492893	OSC	OSC-M-289046	A. Mikulin	s.n.	10.76	147.87	Washington	Whatcom	48.54437	-121.452	outside_boundary_exact	Washington, Skagit County	Mt Baker-Snoqualmie National Forest: Mt Baker Ranger District: S. of Cow Heaven Trail, 1/4 mi. NW of monitor. FIA Site # NCas3	https://lichenportal.org/portal/collections/individual/index.php?occid=4492893
4492894	OSC	OSC-M-289047	A. Mikulin	s.n.	10.76	147.87	Washington	Whatcom	48.54437	-121.452	outside_boundary_exact	Washington, Skagit County	Mt Baker-Snoqualmie National Forest: Mt Baker Ranger District: S. of Cow Heaven Trail, 1/4 mi. NW of monitor. FIA Site # NCas3	https://lichenportal.org/portal/collections/individual/index.php?occid=4492894
4492895	OSC	OSC-M-289048	A. Mikulin	s.n.	10.76	147.87	Washington	Whatcom	48.54437	-121.452	outside_boundary_exact	Washington, Skagit County	Mt Baker-Snoqualmie National Forest: Mt Baker Ranger District: S. of Cow Heaven Trail, 1/4 mi. NW of monitor. FIA Site # NCas3	https://lichenportal.org/portal/collections/individual/index.php?occid=4492895
4492896	OSC	OSC-M-289049	A. Mikulin	s.n.	10.76	147.87	Washington	Whatcom	48.54437	-121.452	outside_boundary_exact	Washington, Skagit County	Mt Baker-Snoqualmie National Forest: Mt Baker Ranger District: S. of Cow Heaven Trail, 1/4 mi. NW of monitor. FIA Site # NCas3	https://lichenportal.org/portal/collections/individual/index.php?occid=4492896
4492897	OSC	OSC-M-289050	A. Mikulin	s.n.	10.76	147.87	Washington	Whatcom	48.54437	-121.452	outside_boundary_exact	Washington, Skagit County	Mt Baker-Snoqualmie National Forest: Mt Baker Ranger District: S. of Cow Heaven Trail, 1/4 mi. NW of monitor. FIA Site # NCas3	https://lichenportal.org/portal/collections/individual/index.php?occid=4492897
4492898	OSC	OSC-M-289051	A. Mikulin	s.n.	10.76	147.87	Washington	Whatcom	48.54437	-121.452	outside_boundary_exact	Washington, Skagit County	Mt Baker-Snoqualmie National Forest: Mt Baker Ranger District: S. of Cow Heaven Trail, 1/4 mi. NW of monitor. FIA Site # NCas3	https://lichenportal.org/portal/collections/individual/index.php?occid=4492898
4492899	OSC	OSC-M-289052	A. Mikulin	s.n.	10.76	147.87	Washington	Whatcom	48.54437	-121.452	outside_boundary_exact	Washington, Skagit County	Mt Baker-Snoqualmie National Forest: Mt Baker Ranger District: S. of Cow Heaven Trail, 1/4 mi. NW of monitor. FIA Site # NCas3	https://lichenportal.org/portal/collections/individual/index.php?occid=4492899
4492900	OSC	OSC-M-289053	A. Mikulin	s.n.	10.76	147.87	Washington	Whatcom	48.54437	-121.452	outside_boundary_exact	Washington, Skagit County	Mt Baker-Snoqualmie National Forest: Mt Baker Ranger District: S. of Cow Heaven Trail, 1/4 mi. NW of monitor. FIA Site # NCas3	https://lichenportal.org/portal/collections/individual/index.php?occid=4492900
4492901	OSC	OSC-M-289054	A. Mikulin	s.n.	10.76	147.87	Washington	Whatcom	48.54437	-121.452	outside_boundary_exact	Washington, Skagit County	Mt Baker-Snoqualmie National Forest: Mt Baker Ranger District: S. of Cow Heaven Trail, 1/4 mi. NW of monitor. FIA Site # NCas3	https://lichenportal.org/portal/collections/individual/index.php?occid=4492901
4492902	OSC	OSC-M-289055	A. Mikulin	s.n.	10.76	147.87	Washington	Whatcom	48.54437	-121.452	outside_boundary_exact	Washington, Skagit County	Mt Baker-Snoqualmie National Forest: Mt Baker Ranger District: S. of Cow Heaven Trail, 1/4 mi. NW of monitor. FIA Site # NCas3	https://lichenportal.org/portal/collections/individual/index.php?occid=4492902
4492903	OSC	OSC-M-289056	A. Mikulin	s.n.	10.76	147.87	Washington	Whatcom	48.54437	-121.452	outside_boundary_exact	Washington, Skagit County	Mt Baker-Snoqualmie National Forest: Mt Baker Ranger District: S. of Cow Heaven Trail, 1/4 mi. NW of monitor. FIA Site # NCas3	https://lichenportal.org/portal/collections/individual/index.php?occid=4492903
4492904	OSC	OSC-M-289057	A. Mikulin	s.n.	10.76	147.87	Washington	Whatcom	48.54437	-121.452	outside_boundary_exact	Washington, Skagit County	Mt Baker-Snoqualmie National Forest: Mt Baker Ranger District: S. of Cow Heaven Trail, 1/4 mi. NW of monitor. FIA Site # NCas3	https://lichenportal.org/portal/collections/individual/index.php?occid=4492904
4492905	OSC	OSC-M-289057a	A. Mikulin	s.n.	10.76	147.87	Washington	Whatcom	48.54437	-121.452	outside_boundary_exact	Washington, Skagit County	Mt Baker-Snoqualmie National Forest: Mt Baker Ranger District: S. of Cow Heaven Trail, 1/4 mi. NW of monitor. FIA Site # NCas3	https://lichenportal.org/portal/collections/individual/index.php?occid=4492905
4492906	OSC	OSC-M-289058	A. Mikulin	s.n.	10.76	147.87	Washington	Whatcom	48.54437	-121.452	outside_boundary_exact	Washington, Skagit County	Mt Baker-Snoqualmie National Forest: Mt Baker Ranger District: S. of Cow Heaven Trail, 1/4 mi. NW of monitor. FIA Site # NCas3	https://lichenportal.org/portal/collections/individual/index.php?occid=4492906
4492907	OSC	OSC-M-289059	A. Mikulin	s.n.	10.76	147.87	Washington	Whatcom	48.54437	-121.452	outside_boundary_exact	Washington, Skagit County	Mt Baker-Snoqualmie National Forest: Mt Baker Ranger District: S. of Cow Heaven Trail, 1/4 mi. NW of monitor. FIA Site # NCas3	https://lichenportal.org/portal/collections/individual/index.php?occid=4492907
4492908	OSC	OSC-M-289059a	A. Mikulin	s.n.	10.76	147.87	Washington	Whatcom	48.54437	-121.452	outside_boundary_exact	Washington, Skagit County	Mt Baker-Snoqualmie National Forest: Mt Baker Ranger District: S. of Cow Heaven Trail, 1/4 mi. NW of monitor. FIA Site # NCas3	https://lichenportal.org/portal/collections/individual/index.php?occid=4492908
4492909	OSC	OSC-M-289060	A. Mikulin	s.n.	10.76	147.87	Washington	Whatcom	48.54437	-121.452	outside_boundary_exact	Washington, Skagit County	Mt Baker-Snoqualmie National Forest: Mt Baker Ranger District: S. of Cow Heaven Trail, 1/4 mi. NW of monitor. FIA Site # NCas3	https://lichenportal.org/portal/collections/individual/index.php?occid=4492909
4514892	OSC	OSC-M-312184	A. Mikulin	s.n.	10.76	147.87	Washington	Whatcom	48.54437	-121.452	outside_boundary_exact	Washington, Skagit County	Mt Baker-Snoqualmie National Forest: Mt Baker Ranger District: S. of Cow Heaven Trail, 1/4 mi. NW of monitor. FIA Site # NCas3	https://lichenportal.org/portal/collections/individual/index.php?occid=4514892
4514893	OSC	OSC-M-312184a	A. Mikulin	s.n.	10.76	147.87	Washington	Whatcom	48.54437	-121.452	outside_boundary_exact	Washington, Skagit County	Mt Baker-Snoqualmie National Forest: Mt Baker Ranger District: S. of Cow Heaven Trail, 1/4 mi. NW of monitor. FIA Site # NCas3	https://lichenportal.org/portal/collections/individual/index.php?occid=4514893
4514894	OSC	OSC-M-312185	A. Mikulin	s.n.	10.76	147.87	Washington	Whatcom	48.54437	-121.452	outside_boundary_exact	Washington, Skagit County	Mt Baker-Snoqualmie National Forest: Mt Baker Ranger District: S. of Cow Heaven Trail, 1/4 mi. NW of monitor. FIA Site # NCas3	https://lichenportal.org/portal/collections/individual/index.php?occid=4514894
4514895	OSC	OSC-M-312185a	A. Mikulin	s.n.	10.76	147.87	Washington	Whatcom	48.54437	-121.452	outside_boundary_exact	Washington, Skagit County	Mt Baker-Snoqualmie National Forest: Mt Baker Ranger District: S. of Cow Heaven Trail, 1/4 mi. NW of monitor. FIA Site # NCas3	https://lichenportal.org/portal/collections/individual/index.php?occid=4514895
4514896	OSC	OSC-M-312186	A. Mikulin	s.n.	10.76	147.87	Washington	Whatcom	48.54437	-121.452	outside_boundary_exact	Washington, Skagit County	Mt Baker-Snoqualmie National Forest: Mt Baker Ranger District: S. of Cow Heaven Trail, 1/4 mi. NW of monitor. FIA Site # NCas3	https://lichenportal.org/portal/collections/individual/index.php?occid=4514896
4939231	OSC	OSC-M-051250	Bruce McCune	39670	10.67	153.12	Washington	Whatcom	48.5432	-122.6934	outside_boundary_exact	not_found_in_US	South Beach, south side of Cypress Island, San Juan Islands.	https://lichenportal.org/portal/collections/individual/index.php?occid=4939231
4486226	OSC	OSC-M-277673	K. Gossen	s.n.	10.6	147.91	Washington	Whatcom	48.54583	-121.4507	outside_boundary_exact	Washington, Skagit County	Mt Baker-Snoqualmie National Forest: Mt Baker Ranger District: Along Cow Heaven Trail, ~1/4 mi. NW of monitor to the N. of trail. FIA Site # NCas2	https://lichenportal.org/portal/collections/individual/index.php?occid=4486226
4492848	OSC	OSC-M-289007	K. Gossen	s.n.	10.6	147.91	Washington	Whatcom	48.54583	-121.4507	outside_boundary_exact	Washington, Skagit County	Mt Baker-Snoqualmie National Forest: Mt Baker Ranger District: Along Cow Heaven Trail, ~1/4 mi. NW of monitor to the N. of trail. FIA Site # NCas2	https://lichenportal.org/portal/collections/individual/index.php?occid=4492848
4492849	OSC	OSC-M-289008	K. Gossen	s.n.	10.6	147.91	Washington	Whatcom	48.54583	-121.4507	outside_boundary_exact	Washington, Skagit County	Mt Baker-Snoqualmie National Forest: Mt Baker Ranger District: Along Cow Heaven Trail, ~1/4 mi. NW of monitor to the N. of trail. FIA Site # NCas2	https://lichenportal.org/portal/collections/individual/index.php?occid=4492849
4492850	OSC	OSC-M-289009	K. Gossen	s.n.	10.6	147.91	Washington	Whatcom	48.54583	-121.4507	outside_boundary_exact	Washington, Skagit County	Mt Baker-Snoqualmie National Forest: Mt Baker Ranger District: Along Cow Heaven Trail, ~1/4 mi. NW of monitor to the N. of trail. FIA Site # NCas2	https://lichenportal.org/portal/collections/individual/index.php?occid=4492850
4492851	OSC	OSC-M-289010	K. Gossen	s.n.	10.6	147.91	Washington	Whatcom	48.54583	-121.4507	outside_boundary_exact	Washington, Skagit County	Mt Baker-Snoqualmie National Forest: Mt Baker Ranger District: Along Cow Heaven Trail, ~1/4 mi. NW of monitor to the N. of trail. FIA Site # NCas2	https://lichenportal.org/portal/collections/individual/index.php?occid=4492851
4492852	OSC	OSC-M-289011	K. Gossen	s.n.	10.6	147.91	Washington	Whatcom	48.54583	-121.4507	outside_boundary_exact	Washington, Skagit County	Mt Baker-Snoqualmie National Forest: Mt Baker Ranger District: Along Cow Heaven Trail, ~1/4 mi. NW of monitor to the N. of trail. FIA Site # NCas2	https://lichenportal.org/portal/collections/individual/index.php?occid=4492852
4492853	OSC	OSC-M-289012	K. Gossen	s.n.	10.6	147.91	Washington	Whatcom	48.54583	-121.4507	outside_boundary_exact	Washington, Skagit County	Mt Baker-Snoqualmie National Forest: Mt Baker Ranger District: Along Cow Heaven Trail, ~1/4 mi. NW of monitor to the N. of trail. FIA Site # NCas2	https://lichenportal.org/portal/collections/individual/index.php?occid=4492853
4492854	OSC	OSC-M-289013	K. Gossen	s.n.	10.6	147.91	Washington	Whatcom	48.54583	-121.4507	outside_boundary_exact	Washington, Skagit County	Mt Baker-Snoqualmie National Forest: Mt Baker Ranger District: Along Cow Heaven Trail, ~1/4 mi. NW of monitor to the N. of trail. FIA Site # NCas2	https://lichenportal.org/portal/collections/individual/index.php?occid=4492854
4492855	OSC	OSC-M-289014	K. Gossen	s.n.	10.6	147.91	Washington	Whatcom	48.54583	-121.4507	outside_boundary_exact	Washington, Skagit County	Mt Baker-Snoqualmie National Forest: Mt Baker Ranger District: Along Cow Heaven Trail, ~1/4 mi. NW of monitor to the N. of trail. FIA Site # NCas2	https://lichenportal.org/portal/collections/individual/index.php?occid=4492855
4492856	OSC	OSC-M-289014a	K. Gossen	s.n.	10.6	147.91	Washington	Whatcom	48.54583	-121.4507	outside_boundary_exact	Washington, Skagit County	Mt Baker-Snoqualmie National Forest: Mt Baker Ranger District: Along Cow Heaven Trail, ~1/4 mi. NW of monitor to the N. of trail. FIA Site # NCas2	https://lichenportal.org/portal/collections/individual/index.php?occid=4492856
4492857	OSC	OSC-M-289014b	K. Gossen	s.n.	10.6	147.91	Washington	Whatcom	48.54583	-121.4507	outside_boundary_exact	Washington, Skagit County	Mt Baker-Snoqualmie National Forest: Mt Baker Ranger District: Along Cow Heaven Trail, ~1/4 mi. NW of monitor to the N. of trail. FIA Site # NCas2	https://lichenportal.org/portal/collections/individual/index.php?occid=4492857
4492858	OSC	OSC-M-289015	K. Gossen	s.n.	10.6	147.91	Washington	Whatcom	48.54583	-121.4507	outside_boundary_exact	Washington, Skagit County	Mt Baker-Snoqualmie National Forest: Mt Baker Ranger District: Along Cow Heaven Trail, ~1/4 mi. NW of monitor to the N. of trail. FIA Site # NCas2	https://lichenportal.org/portal/collections/individual/index.php?occid=4492858
4492859	OSC	OSC-M-289016	K. Gossen	s.n.	10.6	147.91	Washington	Whatcom	48.54583	-121.4507	outside_boundary_exact	Washington, Skagit County	Mt Baker-Snoqualmie National Forest: Mt Baker Ranger District: Along Cow Heaven Trail, ~1/4 mi. NW of monitor to the N. of trail. FIA Site # NCas2	https://lichenportal.org/portal/collections/individual/index.php?occid=4492859
4492860	OSC	OSC-M-289017	K. Gossen	s.n.	10.6	147.91	Washington	Whatcom	48.54583	-121.4507	outside_boundary_exact	Washington, Skagit County	Mt Baker-Snoqualmie National Forest: Mt Baker Ranger District: Along Cow Heaven Trail, ~1/4 mi. NW of monitor to the N. of trail. FIA Site # NCas2	https://lichenportal.org/portal/collections/individual/index.php?occid=4492860
4492861	OSC	OSC-M-289017a	K. Gossen	s.n.	10.6	147.91	Washington	Whatcom	48.54583	-121.4507	outside_boundary_exact	Washington, Skagit County	Mt Baker-Snoqualmie National Forest: Mt Baker Ranger District: Along Cow Heaven Trail, ~1/4 mi. NW of monitor to the N. of trail. FIA Site # NCas2	https://lichenportal.org/portal/collections/individual/index.php?occid=4492861
4492862	OSC	OSC-M-289018	K. Gossen	s.n.	10.6	147.91	Washington	Whatcom	48.54583	-121.4507	outside_boundary_exact	Washington, Skagit County	Mt Baker-Snoqualmie National Forest: Mt Baker Ranger District: Along Cow Heaven Trail, ~1/4 mi. NW of monitor to the N. of trail. FIA Site # NCas2	https://lichenportal.org/portal/collections/individual/index.php?occid=4492862
4492863	OSC	OSC-M-289019	K. Gossen	s.n.	10.6	147.91	Washington	Whatcom	48.54583	-121.4507	outside_boundary_exact	Washington, Skagit County	Mt Baker-Snoqualmie National Forest: Mt Baker Ranger District: Along Cow Heaven Trail, ~1/4 mi. NW of monitor to the N. of trail. FIA Site # NCas2	https://lichenportal.org/portal/collections/individual/index.php?occid=4492863
4492864	OSC	OSC-M-289020	K. Gossen	s.n.	10.6	147.91	Washington	Whatcom	48.54583	-121.4507	outside_boundary_exact	Washington, Skagit County	Mt Baker-Snoqualmie National Forest: Mt Baker Ranger District: Along Cow Heaven Trail, ~1/4 mi. NW of monitor to the N. of trail. FIA Site # NCas2	https://lichenportal.org/portal/collections/individual/index.php?occid=4492864
4492865	OSC	OSC-M-289021	K. Gossen	s.n.	10.6	147.91	Washington	Whatcom	48.54583	-121.4507	outside_boundary_exact	Washington, Skagit County	Mt Baker-Snoqualmie National Forest: Mt Baker Ranger District: Along Cow Heaven Trail, ~1/4 mi. NW of monitor to the N. of trail. FIA Site # NCas2	https://lichenportal.org/portal/collections/individual/index.php?occid=4492865
4492866	OSC	OSC-M-289022	K. Gossen	s.n.	10.6	147.91	Washington	Whatcom	48.54583	-121.4507	outside_boundary_exact	Washington, Skagit County	Mt Baker-Snoqualmie National Forest: Mt Baker Ranger District: Along Cow Heaven Trail, ~1/4 mi. NW of monitor to the N. of trail. FIA Site # NCas2	https://lichenportal.org/portal/collections/individual/index.php?occid=4492866
4492867	OSC	OSC-M-289023	K. Gossen	s.n.	10.6	147.91	Washington	Whatcom	48.54583	-121.4507	outside_boundary_exact	Washington, Skagit County	Mt Baker-Snoqualmie National Forest: Mt Baker Ranger District: Along Cow Heaven Trail, ~1/4 mi. NW of monitor to the N. of trail. FIA Site # NCas2	https://lichenportal.org/portal/collections/individual/index.php?occid=4492867
4492868	OSC	OSC-M-289024	K. Gossen	s.n.	10.6	147.91	Washington	Whatcom	48.54583	-121.4507	outside_boundary_exact	Washington, Skagit County	Mt Baker-Snoqualmie National Forest: Mt Baker Ranger District: Along Cow Heaven Trail, ~1/4 mi. NW of monitor to the N. of trail. FIA Site # NCas2	https://lichenportal.org/portal/collections/individual/index.php?occid=4492868
4492869	OSC	OSC-M-289025	K. Gossen	s.n.	10.6	147.91	Washington	Whatcom	48.54583	-121.4507	outside_boundary_exact	Washington, Skagit County	Mt Baker-Snoqualmie National Forest: Mt Baker Ranger District: Along Cow Heaven Trail, ~1/4 mi. NW of monitor to the N. of trail. FIA Site # NCas2	https://lichenportal.org/portal/collections/individual/index.php?occid=4492869
4492870	OSC	OSC-M-289025a	K. Gossen	s.n.	10.6	147.91	Washington	Whatcom	48.54583	-121.4507	outside_boundary_exact	Washington, Skagit County	Mt Baker-Snoqualmie National Forest: Mt Baker Ranger District: Along Cow Heaven Trail, ~1/4 mi. NW of monitor to the N. of trail. FIA Site # NCas2	https://lichenportal.org/portal/collections/individual/index.php?occid=4492870
4492871	OSC	OSC-M-289026	K. Gossen	s.n.	10.6	147.91	Washington	Whatcom	48.54583	-121.4507	outside_boundary_exact	Washington, Skagit County	Mt Baker-Snoqualmie National Forest: Mt Baker Ranger District: Along Cow Heaven Trail, ~1/4 mi. NW of monitor to the N. of trail. FIA Site # NCas2	https://lichenportal.org/portal/collections/individual/index.php?occid=4492871
4492872	OSC	OSC-M-289027	K. Gossen	s.n.	10.6	147.91	Washington	Whatcom	48.54583	-121.4507	outside_boundary_exact	Washington, Skagit County	Mt Baker-Snoqualmie National Forest: Mt Baker Ranger District: Along Cow Heaven Trail, ~1/4 mi. NW of monitor to the N. of trail. FIA Site # NCas2	https://lichenportal.org/portal/collections/individual/index.php?occid=4492872
4492873	OSC	OSC-M-289028	K. Gossen	s.n.	10.6	147.91	Washington	Whatcom	48.54583	-121.4507	outside_boundary_exact	Washington, Skagit County	Mt Baker-Snoqualmie National Forest: Mt Baker Ranger District: Along Cow Heaven Trail, ~1/4 mi. NW of monitor to the N. of trail. FIA Site # NCas2	https://lichenportal.org/portal/collections/individual/index.php?occid=4492873
4492874	OSC	OSC-M-289029	K. Gossen	s.n.	10.6	147.91	Washington	Whatcom	48.54583	-121.4507	outside_boundary_exact	Washington, Skagit County	Mt Baker-Snoqualmie National Forest: Mt Baker Ranger District: Along Cow Heaven Trail, ~1/4 mi. NW of monitor to the N. of trail. FIA Site # NCas2	https://lichenportal.org/portal/collections/individual/index.php?occid=4492874
4514883	OSC	OSC-M-312179	K. Gossen	s.n.	10.6	147.91	Washington	Whatcom	48.54583	-121.4507	outside_boundary_exact	Washington, Skagit County	Mt Baker-Snoqualmie National Forest: Mt Baker Ranger District: Along Cow Heaven Trail, ~1/4 mi. NW of monitor to the N. of trail. FIA Site # NCas2	https://lichenportal.org/portal/collections/individual/index.php?occid=4514883
4514884	OSC	OSC-M-312179a	K. Gossen	s.n.	10.6	147.91	Washington	Whatcom	48.54583	-121.4507	outside_boundary_exact	Washington, Skagit County	Mt Baker-Snoqualmie National Forest: Mt Baker Ranger District: Along Cow Heaven Trail, ~1/4 mi. NW of monitor to the N. of trail. FIA Site # NCas2	https://lichenportal.org/portal/collections/individual/index.php?occid=4514884
4514885	OSC	OSC-M-312180	K. Gossen	s.n.	10.6	147.91	Washington	Whatcom	48.54583	-121.4507	outside_boundary_exact	Washington, Skagit County	Mt Baker-Snoqualmie National Forest: Mt Baker Ranger District: Along Cow Heaven Trail, ~1/4 mi. NW of monitor to the N. of trail. FIA Site # NCas2	https://lichenportal.org/portal/collections/individual/index.php?occid=4514885
4514886	OSC	OSC-M-312180a	K. Gossen	s.n.	10.6	147.91	Washington	Whatcom	48.54583	-121.4507	outside_boundary_exact	Washington, Skagit County	Mt Baker-Snoqualmie National Forest: Mt Baker Ranger District: Along Cow Heaven Trail, ~1/4 mi. NW of monitor to the N. of trail. FIA Site # NCas2	https://lichenportal.org/portal/collections/individual/index.php?occid=4514886
4514887	OSC	OSC-M-312181	K. Gossen	s.n.	10.6	147.91	Washington	Whatcom	48.54583	-121.4507	outside_boundary_exact	Washington, Skagit County	Mt Baker-Snoqualmie National Forest: Mt Baker Ranger District: Along Cow Heaven Trail, ~1/4 mi. NW of monitor to the N. of trail. FIA Site # NCas2	https://lichenportal.org/portal/collections/individual/index.php?occid=4514887
4514888	OSC	OSC-M-312181a	K. Gossen	s.n.	10.6	147.91	Washington	Whatcom	48.54583	-121.4507	outside_boundary_exact	Washington, Skagit County	Mt Baker-Snoqualmie National Forest: Mt Baker Ranger District: Along Cow Heaven Trail, ~1/4 mi. NW of monitor to the N. of trail. FIA Site # NCas2	https://lichenportal.org/portal/collections/individual/index.php?occid=4514888
4514889	OSC	OSC-M-312181b	K. Gossen	s.n.	10.6	147.91	Washington	Whatcom	48.54583	-121.4507	outside_boundary_exact	Washington, Skagit County	Mt Baker-Snoqualmie National Forest: Mt Baker Ranger District: Along Cow Heaven Trail, ~1/4 mi. NW of monitor to the N. of trail. FIA Site # NCas2	https://lichenportal.org/portal/collections/individual/index.php?occid=4514889
4514890	OSC	OSC-M-312182	K. Gossen	s.n.	10.6	147.91	Washington	Whatcom	48.54583	-121.4507	outside_boundary_exact	Washington, Skagit County	Mt Baker-Snoqualmie National Forest: Mt Baker Ranger District: Along Cow Heaven Trail, ~1/4 mi. NW of monitor to the N. of trail. FIA Site # NCas2	https://lichenportal.org/portal/collections/individual/index.php?occid=4514890
4514891	OSC	OSC-M-312183	K. Gossen	s.n.	10.6	147.91	Washington	Whatcom	48.54583	-121.4507	outside_boundary_exact	Washington, Skagit County	Mt Baker-Snoqualmie National Forest: Mt Baker Ranger District: Along Cow Heaven Trail, ~1/4 mi. NW of monitor to the N. of trail. FIA Site # NCas2	https://lichenportal.org/portal/collections/individual/index.php?occid=4514891
4939240	OSC	OSC-M-051258	Bruce McCune	39574	9.97	153.13	Washington	Whatcom	48.551	-122.6952	outside_boundary_exact	Washington, Skagit County	DNR bunkhouse near Secret Harbor, Cypress Island, San Juan Islands.	https://lichenportal.org/portal/collections/individual/index.php?occid=4939240
4939241	OSC	OSC-M-051259	Bruce McCune	39568	9.97	153.13	Washington	Whatcom	48.551	-122.6952	outside_boundary_exact	Washington, Skagit County	DNR bunkhouse near Secret Harbor, Cypress Island, San Juan Islands.	https://lichenportal.org/portal/collections/individual/index.php?occid=4939241
5428801	OSC	OSC-M-054677	Bruce McCune	39564	9.97	153.13	Washington	Whatcom	48.551	-122.6952	outside_boundary_exact	Washington, Skagit County	DNR bunkhouse near Secret Harbor, Cypress Island, San Juan Islands.	https://lichenportal.org/portal/collections/individual/index.php?occid=5428801
4442522	OSC	OSC-M-213539	Linda Chesnut	NA	9.8	114.48	Washington	Whatcom	48.556486	-122.17236	outside_boundary_exact	Washington, Skagit County	FIA Site # 56371	https://lichenportal.org/portal/collections/individual/index.php?occid=4442522
4442523	OSC	OSC-M-213540	Linda Chesnut	NA	9.8	114.48	Washington	Whatcom	48.556486	-122.17236	outside_boundary_exact	Washington, Skagit County	FIA Site # 56371	https://lichenportal.org/portal/collections/individual/index.php?occid=4442523
4442524	OSC	OSC-M-213541	Linda Chesnut	NA	9.8	114.48	Washington	Whatcom	48.556486	-122.17236	outside_boundary_exact	Washington, Skagit County	FIA Site # 56371	https://lichenportal.org/portal/collections/individual/index.php?occid=4442524
4442525	OSC	OSC-M-213542	Linda Chesnut	NA	9.8	114.48	Washington	Whatcom	48.556486	-122.17236	outside_boundary_exact	Washington, Skagit County	FIA Site # 56371	https://lichenportal.org/portal/collections/individual/index.php?occid=4442525
4442526	OSC	OSC-M-213543	Linda Chesnut	NA	9.8	114.48	Washington	Whatcom	48.556486	-122.17236	outside_boundary_exact	Washington, Skagit County	FIA Site # 56371	https://lichenportal.org/portal/collections/individual/index.php?occid=4442526
4442527	OSC	OSC-M-213544	Linda Chesnut	NA	9.8	114.48	Washington	Whatcom	48.556486	-122.17236	outside_boundary_exact	Washington, Skagit County	FIA Site # 56371	https://lichenportal.org/portal/collections/individual/index.php?occid=4442527
4442528	OSC	OSC-M-213545	Linda Chesnut	NA	9.8	114.48	Washington	Whatcom	48.556486	-122.17236	outside_boundary_exact	Washington, Skagit County	FIA Site # 56371	https://lichenportal.org/portal/collections/individual/index.php?occid=4442528
4442529	OSC	OSC-M-213546	Linda Chesnut	NA	9.8	114.48	Washington	Whatcom	48.556486	-122.17236	outside_boundary_exact	Washington, Skagit County	FIA Site # 56371	https://lichenportal.org/portal/collections/individual/index.php?occid=4442529
4442530	OSC	OSC-M-213547	Linda Chesnut	NA	9.8	114.48	Washington	Whatcom	48.556486	-122.17236	outside_boundary_exact	Washington, Skagit County	FIA Site # 56371	https://lichenportal.org/portal/collections/individual/index.php?occid=4442530
4472498	OSC	OSC-M-213540a	Linda Chesnut	NA	9.8	114.48	Washington	Whatcom	48.556486	-122.17236	outside_boundary_exact	Washington, Skagit County	FIA Site # 56371	https://lichenportal.org/portal/collections/individual/index.php?occid=4472498
4472499	OSC	OSC-M-213540b	Linda Chesnut	NA	9.8	114.48	Washington	Whatcom	48.556486	-122.17236	outside_boundary_exact	Washington, Skagit County	FIA Site # 56371	https://lichenportal.org/portal/collections/individual/index.php?occid=4472499
4472500	OSC	OSC-M-213542a	Linda Chesnut	NA	9.8	114.48	Washington	Whatcom	48.556486	-122.17236	outside_boundary_exact	Washington, Skagit County	FIA Site # 56371	https://lichenportal.org/portal/collections/individual/index.php?occid=4472500
4472501	OSC	OSC-M-213543a	Linda Chesnut	NA	9.8	114.48	Washington	Whatcom	48.556486	-122.17236	outside_boundary_exact	Washington, Skagit County	FIA Site # 56371	https://lichenportal.org/portal/collections/individual/index.php?occid=4472501
4472502	OSC	OSC-M-213547a	Linda Chesnut	NA	9.8	114.48	Washington	Whatcom	48.556486	-122.17236	outside_boundary_exact	Washington, Skagit County	FIA Site # 56371	https://lichenportal.org/portal/collections/individual/index.php?occid=4472502
4939226	OSC	OSC-M-051245	Bruce McCune	39655	9.69	153.16	Washington	Whatcom	48.5543	-122.6963	outside_boundary_exact	Washington, Skagit County	Old road along north side of Secret Harbor, S slope, Cypress Island, San Juan Islands.	https://lichenportal.org/portal/collections/individual/index.php?occid=4939226
4939290	OSC	OSC-M-051278	Bruce McCune	39671	9.69	153.16	Washington	Whatcom	48.5543	-122.6963	outside_boundary_exact	Washington, Skagit County	Old road along north side of Secret Harbor, S slope, Cypress Island, San Juan Islands.	https://lichenportal.org/portal/collections/individual/index.php?occid=4939290
4992621	OSC	OSC-M-051323	Bruce McCune	39652a	9.69	153.16	Washington	Whatcom	48.5543	-122.6963	outside_boundary_exact	Washington, Skagit County	Old road along north side of Secret Harbor, S slope, Cypress Island, San Juan Islands.	https://lichenportal.org/portal/collections/individual/index.php?occid=4992621
4992636	OSC	OSC-M-051331	Bruce McCune	39652b	9.69	153.16	Washington	Whatcom	48.5543	-122.6963	outside_boundary_exact	Washington, Skagit County	Old road along north side of Secret Harbor, S slope, Cypress Island, San Juan Islands.	https://lichenportal.org/portal/collections/individual/index.php?occid=4992636
4939230	OSC	OSC-M-051249	Bruce McCune	39577	9.51	152.71	Washington	Whatcom	48.5539	-122.6901	outside_boundary_exact	Washington, Skagit County	Near DNR dock, Cypress Island, San Juan Islands.	https://lichenportal.org/portal/collections/individual/index.php?occid=4939230
4939233	OSC	OSC-M-051252	Bruce McCune	39578	9.51	152.71	Washington	Whatcom	48.5539	-122.6901	outside_boundary_exact	Washington, Skagit County	Near DNR dock, Cypress Island, San Juan Islands.	https://lichenportal.org/portal/collections/individual/index.php?occid=4939233
4939289	OSC	OSC-M-051277	Bruce McCune	39580	9.51	152.71	Washington	Whatcom	48.5539	-122.6901	outside_boundary_exact	Washington, Skagit County	Near DNR dock, Cypress Island, San Juan Islands.	https://lichenportal.org/portal/collections/individual/index.php?occid=4939289
5428788	OSC	OSC-M-054664	Bruce McCune	39575	9.51	152.71	Washington	Whatcom	48.5539	-122.6901	outside_boundary_exact	Washington, Skagit County	Near DNR dock, Cypress Island, San Juan Islands.	https://lichenportal.org/portal/collections/individual/index.php?occid=5428788
4939232	OSC	OSC-M-051251	Bruce McCune	39658	9.01	152.64	Washington	Whatcom	48.5591	-122.6901	outside_boundary_exact	Washington, Skagit County	Above old road along north side of Secret Harbor, Cypress Island, San Juan Islands.	https://lichenportal.org/portal/collections/individual/index.php?occid=4939232
4939283	OSC	OSC-M-051271	Bruce McCune	39665	9.01	152.64	Washington	Whatcom	48.5591	-122.6901	outside_boundary_exact	Washington, Skagit County	Above old road along north side of Secret Harbor, Cypress Island, San Juan Islands.	https://lichenportal.org/portal/collections/individual/index.php?occid=4939283
4939284	OSC	OSC-M-051272	Bruce McCune	39660	9.01	152.64	Washington	Whatcom	48.5591	-122.6901	outside_boundary_exact	Washington, Skagit County	Above old road along north side of Secret Harbor, Cypress Island, San Juan Islands.	https://lichenportal.org/portal/collections/individual/index.php?occid=4939284
4422385	OSC	167953	Jim Riley	1624	8.91	152.47	Washington	Lewis	46.3079	-121.5158	outside_boundary_exact	Washington, Yakima County	Mt. Adams Wilderness, Gifford Pinchot N.F. North of Lava Springs on edge of lava flow.	https://lichenportal.org/portal/collections/individual/index.php?occid=4422385
2232896	OSC	2010-054118	Miko Nadel	020906	8.49	113.82	Washington	Lewis	46.31146	-122.063464	outside_boundary_exact	Washington, Skamania County	Gifford Pinchot N.F., Cowlitz Valley Ranger District; tributary to Quartz Creek	https://lichenportal.org/portal/collections/individual/index.php?occid=2232896
4939228	OSC	OSC-M-051247	Bruce McCune	39617	8.3	153.91	Washington	Whatcom	48.5697	-122.7093	outside_boundary_exact	Washington, Skagit County	Above Mainline Road, near center of island, Cypress Island, San Juan Islands.	https://lichenportal.org/portal/collections/individual/index.php?occid=4939228
4939282	OSC	OSC-M-051270	Bruce McCune	39618	8.3	153.91	Washington	Whatcom	48.5697	-122.7093	outside_boundary_exact	Washington, Skagit County	Above Mainline Road, near center of island, Cypress Island, San Juan Islands.	https://lichenportal.org/portal/collections/individual/index.php?occid=4939282
4939285	OSC	OSC-M-051273	Bruce McCune	39616	8.3	153.91	Washington	Whatcom	48.5697	-122.7093	outside_boundary_exact	Washington, Skagit County	Above Mainline Road, near center of island, Cypress Island, San Juan Islands.	https://lichenportal.org/portal/collections/individual/index.php?occid=4939285
4992622	OSC	OSC-M-051324	Bruce McCune	39619	8.3	153.91	Washington	Whatcom	48.5697	-122.7093	outside_boundary_exact	Washington, Skagit County	Above Mainline Road, near center of island, Cypress Island, San Juan Islands.	https://lichenportal.org/portal/collections/individual/index.php?occid=4992622
2230501	OSC	104231	Bruce Ryan	6765	8.03	152.03	Washington	Whatcom	48.56666667	-122.6833333	outside_boundary_exact	Washington, Skagit County	Along old railroad grade, Shannon Point, Fidalgo Island	https://lichenportal.org/portal/collections/individual/index.php?occid=2230501
4729349	OSC	OSC-M-050116	Amanda Hardman	NC1-10	7.69	107.12	Washington	Douglas	47.86858	-119.05296	outside_boundary_exact	Washington, Grant County	SSW of Grand Coulee, Steamboat Rock State Park, Northrup Canyon	https://lichenportal.org/portal/collections/individual/index.php?occid=4729349
5378439	OSC	OSC-M-052714	Roger Rosentreter	22121	7.41	153.78	Washington	Whatcom	48.57777	-122.70896	outside_boundary_exact	Washington, Skagit County	Cypress Island, 26 km SW of Bellingham, WA. SE from Cypress Lake, central part of the island.	https://lichenportal.org/portal/collections/individual/index.php?occid=5378439
481358	OSC	51220	Lawrence H. Pike	NA	7.21	98.57	Washington	Grays Harbor	47.583	-123.58	outside_boundary_exact	Washington, Jefferson County	Olympic Peninsula, Stop 10; Graves Creek Campground. Quinault River Valley	https://lichenportal.org/portal/collections/individual/index.php?occid=481358
481762	OSC	51915	Lawrence H. Pike	NA	7.21	98.57	Washington	Grays Harbor	47.583	-123.58	outside_boundary_exact	Washington, Jefferson County	Olympic Peninsula,Graves Creek,Stop 10.	https://lichenportal.org/portal/collections/individual/index.php?occid=481762
4418817	OSC	98535	Lawrence H. Pike	990	7.21	98.57	Washington	Grays Harbor	47.583	-123.58	outside_boundary_exact	Washington, Jefferson County	Graves Creek Campground. XI International Botanical Congress Lichen Trip. Washington State: Olympic Peninsula, Stop 10.	https://lichenportal.org/portal/collections/individual/index.php?occid=4418817
4619721	OSC	173521	Lawrence H. Pike	997	7.21	98.57	Washington	Grays Harbor	47.583	-123.58	outside_boundary_exact	Washington, Jefferson County	Olympic Peninsula, Stop 10. Along Graves Creek.	https://lichenportal.org/portal/collections/individual/index.php?occid=4619721
5696056	OSC	98780	Lawrence H. Pike	988	7.21	98.57	Washington	Grays Harbor	47.583	-123.58	outside_boundary_exact	Washington, Jefferson County	Graves Creek Campground, Olympic Peninsula. Stop 10	https://lichenportal.org/portal/collections/individual/index.php?occid=5696056
2224147	OSC	138134	C. Bjork	10245	6.94	99.5	Washington	Spokane	47.933333	-116.95	outside_boundary_exact	Idaho, Kootenai County	Southern Selkirk Mountains, near head of Spirit Lake.	https://lichenportal.org/portal/collections/individual/index.php?occid=2224147
2234531	OSC	137614	M. Nadel	020907	6.91	106.45	Washington	Skamania	46.450984	-121.784188	outside_boundary_exact	Washington, Lewis County	Gifford Pinchot N.F., Cowlitz Valley Ranger District, North Fork Cispus Creek	https://lichenportal.org/portal/collections/individual/index.php?occid=2234531
2228985	OSC	53409	Lawrence H. Pike	994	6.88	98.28	Washington	Grays Harbor	47.58	-123.58	outside_boundary_exact	Washington, Jefferson County	Graves Creek in Quinault River Valley. Stop 10.	https://lichenportal.org/portal/collections/individual/index.php?occid=2228985
4413464	OSC	53071	Lawrence H. Pike	986	6.11	97.63	Washington	Grays Harbor	47.573	-123.579	outside_boundary_exact	Washington, Jefferson County	Graves Creek Campground, Olympic Peninsula. Stop 10.	https://lichenportal.org/portal/collections/individual/index.php?occid=4413464
4422156	OSC	167724	Jim Riley	0978	5.25	106.23	Washington	Skamania	46.436	-121.73616666667	outside_boundary_exact	Washington, Lewis County	Cowlitz Valley R.D., Gifford Pinchot N.F. Along Bishop Ridge Trail #272 near ridge crest.	https://lichenportal.org/portal/collections/individual/index.php?occid=4422156
4422609	OSC	168157	Jim Riley	0979	5.25	106.23	Washington	Skamania	46.436	-121.73616666667	outside_boundary_exact	Washington, Lewis County	Cowlitz Valley R.D., Gifford Pinchot N.F. Along Bishop Ridge Trail #272 near ridge crest.	https://lichenportal.org/portal/collections/individual/index.php?occid=4422609
4422610	OSC	168158	Jim Riley	0981	5.25	106.23	Washington	Skamania	46.436	-121.73616666667	outside_boundary_exact	Washington, Lewis County	Cowlitz Valley R.D., Gifford Pinchot N.F. Along Bishop Ridge Trail #272 near ridge crest.	https://lichenportal.org/portal/collections/individual/index.php?occid=4422610
4423068	OSC	168617	Jim Riley	0980	5.25	106.23	Washington	Skamania	46.436	-121.73616666667	outside_boundary_exact	Washington, Lewis County	Cowlitz Valley R.D., Gifford Pinchot N.F. Along Bishop Ridge Trail #272 near ridge crest.	https://lichenportal.org/portal/collections/individual/index.php?occid=4423068
4939235	OSC	OSC-M-051254	Bruce McCune	39621	4.94	153.46	Washington	Whatcom	48.6002	-122.7082	outside_boundary_exact	Washington, Skagit County	Eagle Cliff Trail, north part of island, Cypress Island, San Juan Islands.	https://lichenportal.org/portal/collections/individual/index.php?occid=4939235
4939278	OSC	OSC-M-051266	Bruce McCune	39626	4.9	154.23	Washington	Whatcom	48.6007	-122.7187	outside_boundary_exact	Washington, Skagit County	Eagle Cliff Trail, north part of island, first open outcrop area. Cypress Island, San Juan Islands.	https://lichenportal.org/portal/collections/individual/index.php?occid=4939278
4939279	OSC	OSC-M-051267	Bruce McCune	39623	4.9	154.23	Washington	Whatcom	48.6007	-122.7187	outside_boundary_exact	Washington, Skagit County	Eagle Cliff Trail, north part of island, first open outcrop area. Cypress Island, San Juan Islands.	https://lichenportal.org/portal/collections/individual/index.php?occid=4939279
4939281	OSC	OSC-M-051269	Bruce McCune	39631	4.9	154.23	Washington	Whatcom	48.6007	-122.7187	outside_boundary_exact	Washington, Skagit County	Eagle Cliff Trail, north part of island, first open outcrop area. Cypress Island, San Juan Islands.	https://lichenportal.org/portal/collections/individual/index.php?occid=4939281
4939287	OSC	OSC-M-051275	Bruce McCune	39625	4.9	154.23	Washington	Whatcom	48.6007	-122.7187	outside_boundary_exact	Washington, Skagit County	Eagle Cliff Trail, north part of island, first open outcrops area. Cypress Island, San Juan Islands.	https://lichenportal.org/portal/collections/individual/index.php?occid=4939287
5772996	OSC	OSC-M-049351	Bruce McCune	39624	4.9	154.23	Washington	Whatcom	48.6007	-122.7187	outside_boundary_exact	Washington, Skagit County	Eagle Cliff Trail, north part of island, first open outcrop area. Cypress island, San Juan Islands.	https://lichenportal.org/portal/collections/individual/index.php?occid=5772996
4939236	OSC	OSC-M-051255	Bruce McCune	39641	4.85	154.43	Washington	Whatcom	48.6014	-122.7215	outside_boundary_exact	Washington, Skagit County	Eagle Cliff summit, NW side of Cypress Island, San Juan Islands.	https://lichenportal.org/portal/collections/individual/index.php?occid=4939236
4939276	OSC	OSC-M-051264	Bruce McCune	39638	4.85	154.43	Washington	Whatcom	48.6014	-122.7215	outside_boundary_exact	Washington, Skagit County	Eagle Cliff summit, NW side of Cypress Island, San Juan Islands.	https://lichenportal.org/portal/collections/individual/index.php?occid=4939276
4939277	OSC	OSC-M-051265	Bruce McCune	39638	4.85	154.43	Washington	Whatcom	48.6014	-122.7215	outside_boundary_exact	Washington, Skagit County	Eagle Cliff summit, NW side of Cypress Island, San Juan Islands.	https://lichenportal.org/portal/collections/individual/index.php?occid=4939277
4939280	OSC	OSC-M-051268	Bruce McCune	39642	4.85	154.43	Washington	Whatcom	48.6014	-122.7215	outside_boundary_exact	Washington, Skagit County	Eagle Cliff summit, NW side of Cypress Island, San Juan Islands.	https://lichenportal.org/portal/collections/individual/index.php?occid=4939280
4939286	OSC	OSC-M-051274	Bruce McCune	39644	4.85	154.43	Washington	Whatcom	48.6014	-122.7215	outside_boundary_exact	Washington, Skagit County	Eagle Cliff summit, NW side of Cypress Island, San Juan Islands.	https://lichenportal.org/portal/collections/individual/index.php?occid=4939286
5772995	OSC	OSC-M-049350	Bruce McCune	39645	4.85	154.43	Washington	Whatcom	48.6014	-122.7215	outside_boundary_exact	Washington, Skagit County	Eagle Cliff summit, NW side of Cypress Island, San Juan Islands.	https://lichenportal.org/portal/collections/individual/index.php?occid=5772995
5829129	OSC	OSC-M-048033	Bruce McCune	39633	4.84	154.38	Washington	Whatcom	48.6014	-122.7208	outside_boundary_exact	Washington, Skagit County	Eagle Cliff Trail, near vertical cliff face by trail, NW part of island, Cypress Island, San Juan Islands	https://lichenportal.org/portal/collections/individual/index.php?occid=5829129
5378440	OSC	OSC-M-052715	Kathryn Beck	2517	4.74	153.09	Washington	Whatcom	48.602	-122.7035	outside_boundary_exact	Washington, Skagit County	Cypress Island, NRCA, Pelican Beach. NE side of Island.	https://lichenportal.org/portal/collections/individual/index.php?occid=5378440
4457433	OSC	OSC-M-228732	James Belsher-Howe	NA	4.56	106.24	Washington	Whatcom	48.603706	-122.019681	outside_boundary_exact	Washington, Skagit County	FIA Site # 79803	https://lichenportal.org/portal/collections/individual/index.php?occid=4457433
4457464	OSC	OSC-M-228764	James Belsher-Howe	NA	4.56	106.24	Washington	Whatcom	48.603706	-122.019681	outside_boundary_exact	Washington, Skagit County	FIA Site # 79803	https://lichenportal.org/portal/collections/individual/index.php?occid=4457464
4458169	OSC	OSC-M-229469	James Belsher-Howe	NA	4.56	106.24	Washington	Whatcom	48.603706	-122.019681	outside_boundary_exact	Washington, Skagit County	FIA Site # 79803	https://lichenportal.org/portal/collections/individual/index.php?occid=4458169
4458170	OSC	OSC-M-229470	James Belsher-Howe	NA	4.56	106.24	Washington	Whatcom	48.603706	-122.019681	outside_boundary_exact	Washington, Skagit County	FIA Site # 79803	https://lichenportal.org/portal/collections/individual/index.php?occid=4458170
4458171	OSC	OSC-M-229471	James Belsher-Howe	NA	4.56	106.24	Washington	Whatcom	48.603706	-122.019681	outside_boundary_exact	Washington, Skagit County	FIA Site # 79803	https://lichenportal.org/portal/collections/individual/index.php?occid=4458171
4458172	OSC	OSC-M-229472	James Belsher-Howe	NA	4.56	106.24	Washington	Whatcom	48.603706	-122.019681	outside_boundary_exact	Washington, Skagit County	FIA Site # 79803	https://lichenportal.org/portal/collections/individual/index.php?occid=4458172
4458173	OSC	OSC-M-229473	James Belsher-Howe	NA	4.56	106.24	Washington	Whatcom	48.603706	-122.019681	outside_boundary_exact	Washington, Skagit County	FIA Site # 79803	https://lichenportal.org/portal/collections/individual/index.php?occid=4458173
4458174	OSC	OSC-M-229474	James Belsher-Howe	NA	4.56	106.24	Washington	Whatcom	48.603706	-122.019681	outside_boundary_exact	Washington, Skagit County	FIA Site # 79803	https://lichenportal.org/portal/collections/individual/index.php?occid=4458174
4458175	OSC	OSC-M-229475	James Belsher-Howe	NA	4.56	106.24	Washington	Whatcom	48.603706	-122.019681	outside_boundary_exact	Washington, Skagit County	FIA Site # 79803	https://lichenportal.org/portal/collections/individual/index.php?occid=4458175
4458176	OSC	OSC-M-229476	James Belsher-Howe	NA	4.56	106.24	Washington	Whatcom	48.603706	-122.019681	outside_boundary_exact	Washington, Skagit County	FIA Site # 79803	https://lichenportal.org/portal/collections/individual/index.php?occid=4458176
4476433	OSC	OSC-M-229474a	James Belsher-Howe	NA	4.56	106.24	Washington	Whatcom	48.603706	-122.019681	outside_boundary_exact	Washington, Skagit County	FIA Site # 79803	https://lichenportal.org/portal/collections/individual/index.php?occid=4476433
4422259	OSC	167827	Jim Riley	0268	4.53	102.94	Washington	Skamania	46.429516666667	-121.83423333333	outside_boundary_exact	Washington, Lewis County	Wind River R.D., Gifford Pinchot N.F. Falls Creek Trail.	https://lichenportal.org/portal/collections/individual/index.php?occid=4422259
4453030	OSC	OSC-M-225163	James Belsher-Howe	NA	4.42	138.82	Washington	Whatcom	48.602172	-121.550336	outside_boundary_exact	Washington, Skagit County	FIA Site # 80824	https://lichenportal.org/portal/collections/individual/index.php?occid=4453030
4453031	OSC	OSC-M-225164	James Belsher-Howe	NA	4.42	138.82	Washington	Whatcom	48.602172	-121.550336	outside_boundary_exact	Washington, Skagit County	FIA Site # 80824	https://lichenportal.org/portal/collections/individual/index.php?occid=4453031
4453032	OSC	OSC-M-225165	James Belsher-Howe	NA	4.42	138.82	Washington	Whatcom	48.602172	-121.550336	outside_boundary_exact	Washington, Skagit County	FIA Site # 80824	https://lichenportal.org/portal/collections/individual/index.php?occid=4453032
4453033	OSC	OSC-M-225166	James Belsher-Howe	NA	4.42	138.82	Washington	Whatcom	48.602172	-121.550336	outside_boundary_exact	Washington, Skagit County	FIA Site # 80824	https://lichenportal.org/portal/collections/individual/index.php?occid=4453033
4453034	OSC	OSC-M-225167	James Belsher-Howe	NA	4.42	138.82	Washington	Whatcom	48.602172	-121.550336	outside_boundary_exact	Washington, Skagit County	FIA Site # 80824	https://lichenportal.org/portal/collections/individual/index.php?occid=4453034
4453035	OSC	OSC-M-225168	James Belsher-Howe	NA	4.42	138.82	Washington	Whatcom	48.602172	-121.550336	outside_boundary_exact	Washington, Skagit County	FIA Site # 80824	https://lichenportal.org/portal/collections/individual/index.php?occid=4453035
4453036	OSC	OSC-M-225169	James Belsher-Howe	NA	4.42	138.82	Washington	Whatcom	48.602172	-121.550336	outside_boundary_exact	Washington, Skagit County	FIA Site # 80824	https://lichenportal.org/portal/collections/individual/index.php?occid=4453036
4453037	OSC	OSC-M-225170	James Belsher-Howe	NA	4.42	138.82	Washington	Whatcom	48.602172	-121.550336	outside_boundary_exact	Washington, Skagit County	FIA Site # 80824	https://lichenportal.org/portal/collections/individual/index.php?occid=4453037
4453038	OSC	OSC-M-225171	James Belsher-Howe	NA	4.42	138.82	Washington	Whatcom	48.602172	-121.550336	outside_boundary_exact	Washington, Skagit County	FIA Site # 80824	https://lichenportal.org/portal/collections/individual/index.php?occid=4453038
4475230	OSC	OSC-M-225164a	James Belsher-Howe	NA	4.42	138.82	Washington	Whatcom	48.602172	-121.550336	outside_boundary_exact	Washington, Skagit County	FIA Site # 80824	https://lichenportal.org/portal/collections/individual/index.php?occid=4475230
4475463	OSC	OSC-M-225165a	James Belsher-Howe	NA	4.42	138.82	Washington	Whatcom	48.602172	-121.550336	outside_boundary_exact	Washington, Skagit County	FIA Site # 80824	https://lichenportal.org/portal/collections/individual/index.php?occid=4475463
4475464	OSC	OSC-M-225167a	James Belsher-Howe	NA	4.42	138.82	Washington	Whatcom	48.602172	-121.550336	outside_boundary_exact	Washington, Skagit County	FIA Site # 80824	https://lichenportal.org/portal/collections/individual/index.php?occid=4475464
4480735	OSC	OSC-M-244026	James Belsher-Howe	1	4.42	138.82	Washington	Whatcom	48.602172	-121.550336	outside_boundary_exact	Washington, Skagit County	FIA Site # 80824	https://lichenportal.org/portal/collections/individual/index.php?occid=4480735
4480736	OSC	OSC-M-244027	James Belsher-Howe	9	4.42	138.82	Washington	Whatcom	48.602172	-121.550336	outside_boundary_exact	Washington, Skagit County	FIA Site # 80824	https://lichenportal.org/portal/collections/individual/index.php?occid=4480736
4480737	OSC	OSC-M-244028	James Belsher-Howe	5	4.42	138.82	Washington	Whatcom	48.602172	-121.550336	outside_boundary_exact	Washington, Skagit County	FIA Site # 80824	https://lichenportal.org/portal/collections/individual/index.php?occid=4480737
4484841	OSC	OSC-M-244028a	James Belsher-Howe	NA	4.42	138.82	Washington	Whatcom	48.602172	-121.550336	outside_boundary_exact	Washington, Skagit County	FIA Site # 80824	https://lichenportal.org/portal/collections/individual/index.php?occid=4484841
4484842	OSC	OSC-M-244028b	James Belsher-Howe	NA	4.42	138.82	Washington	Whatcom	48.602172	-121.550336	outside_boundary_exact	Washington, Skagit County	FIA Site # 80824	https://lichenportal.org/portal/collections/individual/index.php?occid=4484842
4484843	OSC	OSC-M-244028c	James Belsher-Howe	NA	4.42	138.82	Washington	Whatcom	48.602172	-121.550336	outside_boundary_exact	Washington, Skagit County	FIA Site # 80824	https://lichenportal.org/portal/collections/individual/index.php?occid=4484843
4809238	OSC	OSC-M-244027a	James Belsher-Howe	NA	4.42	138.82	Washington	Whatcom	48.602172	-121.550336	outside_boundary_exact	Washington, Skagit County	FIA Site # 80824	https://lichenportal.org/portal/collections/individual/index.php?occid=4809238
3466637	OSC	OSC-M-266997	Amanda Hardman	s.n.	4.09	141.91	Washington	Stevens	48.9971	-117.3748	outside_boundary_exact	Washington, Pend Oreille County	Colville NF: Sullivan Lake.	https://lichenportal.org/portal/collections/individual/index.php?occid=3466637
3466638	OSC	OSC-M-266998	Amanda Hardman	s.n.	4.09	141.91	Washington	Stevens	48.9971	-117.3748	outside_boundary_exact	Washington, Pend Oreille County	Colville NF: Sullivan Lake.	https://lichenportal.org/portal/collections/individual/index.php?occid=3466638
3466639	OSC	OSC-M-266999	Amanda Hardman	s.n.	4.09	141.91	Washington	Stevens	48.9971	-117.3748	outside_boundary_exact	Washington, Pend Oreille County	Colville NF: Sullivan Lake.	https://lichenportal.org/portal/collections/individual/index.php?occid=3466639
3466640	OSC	OSC-M-267000	Amanda Hardman	s.n.	4.09	141.91	Washington	Stevens	48.9971	-117.3748	outside_boundary_exact	Washington, Pend Oreille County	Colville NF: Sullivan Lake.	https://lichenportal.org/portal/collections/individual/index.php?occid=3466640
3466641	OSC	OSC-M-267000a	Amanda Hardman	s.n.	4.09	141.91	Washington	Stevens	48.9971	-117.3748	outside_boundary_exact	Washington, Pend Oreille County	Colville NF: Sullivan Lake.	https://lichenportal.org/portal/collections/individual/index.php?occid=3466641
3466642	OSC	OSC-M-267000b	Amanda Hardman	s.n.	4.09	141.91	Washington	Stevens	48.9971	-117.3748	outside_boundary_exact	Washington, Pend Oreille County	Colville NF: Sullivan Lake.	https://lichenportal.org/portal/collections/individual/index.php?occid=3466642
3466643	OSC	OSC-M-267001	Amanda Hardman	s.n.	4.09	141.91	Washington	Stevens	48.9971	-117.3748	outside_boundary_exact	Washington, Pend Oreille County	Colville NF: Sullivan Lake.	https://lichenportal.org/portal/collections/individual/index.php?occid=3466643
3466644	OSC	OSC-M-267002	Amanda Hardman	s.n.	4.09	141.91	Washington	Stevens	48.9971	-117.3748	outside_boundary_exact	Washington, Pend Oreille County	Colville NF: Sullivan Lake.	https://lichenportal.org/portal/collections/individual/index.php?occid=3466644
3466645	OSC	OSC-M-267003	Amanda Hardman	s.n.	4.09	141.91	Washington	Stevens	48.9971	-117.3748	outside_boundary_exact	Washington, Pend Oreille County	Colville NF: Sullivan Lake.	https://lichenportal.org/portal/collections/individual/index.php?occid=3466645
3466646	OSC	OSC-M-267004	Amanda Hardman	s.n.	4.09	141.91	Washington	Stevens	48.9971	-117.3748	outside_boundary_exact	Washington, Pend Oreille County	Colville NF: Sullivan Lake.	https://lichenportal.org/portal/collections/individual/index.php?occid=3466646
3466647	OSC	OSC-M-267005	Amanda Hardman	s.n.	4.09	141.91	Washington	Stevens	48.9971	-117.3748	outside_boundary_exact	Washington, Pend Oreille County	Colville NF: Sullivan Lake.	https://lichenportal.org/portal/collections/individual/index.php?occid=3466647
3466648	OSC	OSC-M-267005a	Amanda Hardman	s.n.	4.09	141.91	Washington	Stevens	48.9971	-117.3748	outside_boundary_exact	Washington, Pend Oreille County	Colville NF: Sullivan Lake.	https://lichenportal.org/portal/collections/individual/index.php?occid=3466648
3466649	OSC	OSC-M-267006	Amanda Hardman	s.n.	4.09	141.91	Washington	Stevens	48.9971	-117.3748	outside_boundary_exact	Washington, Pend Oreille County	Colville NF: Sullivan Lake.	https://lichenportal.org/portal/collections/individual/index.php?occid=3466649
3466650	OSC	OSC-M-267007	Amanda Hardman	s.n.	4.09	141.91	Washington	Stevens	48.9971	-117.3748	outside_boundary_exact	Washington, Pend Oreille County	Colville NF: Sullivan Lake.	https://lichenportal.org/portal/collections/individual/index.php?occid=3466650
3466651	OSC	OSC-M-267008	Amanda Hardman	s.n.	4.09	141.91	Washington	Stevens	48.9971	-117.3748	outside_boundary_exact	Washington, Pend Oreille County	Colville NF: Sullivan Lake.	https://lichenportal.org/portal/collections/individual/index.php?occid=3466651
3466652	OSC	OSC-M-267009	Amanda Hardman	s.n.	4.09	141.91	Washington	Stevens	48.9971	-117.3748	outside_boundary_exact	Washington, Pend Oreille County	Colville NF: Sullivan Lake.	https://lichenportal.org/portal/collections/individual/index.php?occid=3466652
3466653	OSC	OSC-M-267010	Amanda Hardman	s.n.	4.09	141.91	Washington	Stevens	48.9971	-117.3748	outside_boundary_exact	Washington, Pend Oreille County	Colville NF: Sullivan Lake.	https://lichenportal.org/portal/collections/individual/index.php?occid=3466653
3466654	OSC	OSC-M-267011	Amanda Hardman	s.n.	4.09	141.91	Washington	Stevens	48.9971	-117.3748	outside_boundary_exact	Washington, Pend Oreille County	Colville NF: Sullivan Lake.	https://lichenportal.org/portal/collections/individual/index.php?occid=3466654
3466655	OSC	OSC-M-267012	Amanda Hardman	s.n.	4.09	141.91	Washington	Stevens	48.9971	-117.3748	outside_boundary_exact	Washington, Pend Oreille County	Colville NF: Sullivan Lake.	https://lichenportal.org/portal/collections/individual/index.php?occid=3466655
3466656	OSC	OSC-M-267013	Amanda Hardman	s.n.	4.09	141.91	Washington	Stevens	48.9971	-117.3748	outside_boundary_exact	Washington, Pend Oreille County	Colville NF: Sullivan Lake.	https://lichenportal.org/portal/collections/individual/index.php?occid=3466656
3466657	OSC	OSC-M-267014	Amanda Hardman	s.n.	4.09	141.91	Washington	Stevens	48.9971	-117.3748	outside_boundary_exact	Washington, Pend Oreille County	Colville NF: Sullivan Lake.	https://lichenportal.org/portal/collections/individual/index.php?occid=3466657
3466658	OSC	OSC-M-267015	Amanda Hardman	s.n.	4.09	141.91	Washington	Stevens	48.9971	-117.3748	outside_boundary_exact	Washington, Pend Oreille County	Colville NF: Sullivan Lake.	https://lichenportal.org/portal/collections/individual/index.php?occid=3466658
3466659	OSC	OSC-M-267016	Amanda Hardman	s.n.	4.09	141.91	Washington	Stevens	48.9971	-117.3748	outside_boundary_exact	Washington, Pend Oreille County	Colville NF: Sullivan Lake.	https://lichenportal.org/portal/collections/individual/index.php?occid=3466659
3466660	OSC	OSC-M-267017	Amanda Hardman	s.n.	4.09	141.91	Washington	Stevens	48.9971	-117.3748	outside_boundary_exact	Washington, Pend Oreille County	Colville NF: Sullivan Lake.	https://lichenportal.org/portal/collections/individual/index.php?occid=3466660
3466661	OSC	OSC-M-267018	Amanda Hardman	s.n.	4.09	141.91	Washington	Stevens	48.9971	-117.3748	outside_boundary_exact	Washington, Pend Oreille County	Colville NF: Sullivan Lake.	https://lichenportal.org/portal/collections/individual/index.php?occid=3466661
3466662	OSC	OSC-M-267019	Amanda Hardman	s.n.	4.09	141.91	Washington	Stevens	48.9971	-117.3748	outside_boundary_exact	Washington, Pend Oreille County	Colville NF: Sullivan Lake.	https://lichenportal.org/portal/collections/individual/index.php?occid=3466662
3466663	OSC	OSC-M-267020	Amanda Hardman	s.n.	4.09	141.91	Washington	Stevens	48.9971	-117.3748	outside_boundary_exact	Washington, Pend Oreille County	Colville NF: Sullivan Lake.	https://lichenportal.org/portal/collections/individual/index.php?occid=3466663
3466664	OSC	OSC-M-267021	Amanda Hardman	s.n.	4.09	141.91	Washington	Stevens	48.9971	-117.3748	outside_boundary_exact	Washington, Pend Oreille County	Colville NF: Sullivan Lake.	https://lichenportal.org/portal/collections/individual/index.php?occid=3466664
3466665	OSC	OSC-M-267022	Amanda Hardman	s.n.	4.09	141.91	Washington	Stevens	48.9971	-117.3748	outside_boundary_exact	Washington, Pend Oreille County	Colville NF: Sullivan Lake.	https://lichenportal.org/portal/collections/individual/index.php?occid=3466665
3466666	OSC	OSC-M-267023	Amanda Hardman	s.n.	4.09	141.91	Washington	Stevens	48.9971	-117.3748	outside_boundary_exact	Washington, Pend Oreille County	Colville NF: Sullivan Lake.	https://lichenportal.org/portal/collections/individual/index.php?occid=3466666
3466667	OSC	OSC-M-267024	Amanda Hardman	s.n.	4.09	141.91	Washington	Stevens	48.9971	-117.3748	outside_boundary_exact	Washington, Pend Oreille County	Colville NF: Sullivan Lake.	https://lichenportal.org/portal/collections/individual/index.php?occid=3466667
3466668	OSC	OSC-M-267025	Amanda Hardman	s.n.	4.09	141.91	Washington	Stevens	48.9971	-117.3748	outside_boundary_exact	Washington, Pend Oreille County	Colville NF: Sullivan Lake.	https://lichenportal.org/portal/collections/individual/index.php?occid=3466668
3466669	OSC	OSC-M-267026	Amanda Hardman	s.n.	4.09	141.91	Washington	Stevens	48.9971	-117.3748	outside_boundary_exact	Washington, Pend Oreille County	Colville NF: Sullivan Lake.	https://lichenportal.org/portal/collections/individual/index.php?occid=3466669
3466670	OSC	OSC-M-267027	Amanda Hardman	s.n.	4.09	141.91	Washington	Stevens	48.9971	-117.3748	outside_boundary_exact	Washington, Pend Oreille County	Colville NF: Sullivan Lake.	https://lichenportal.org/portal/collections/individual/index.php?occid=3466670
3466671	OSC	OSC-M-267028	Amanda Hardman	s.n.	4.09	141.91	Washington	Stevens	48.9971	-117.3748	outside_boundary_exact	Washington, Pend Oreille County	Colville NF: Sullivan Lake.	https://lichenportal.org/portal/collections/individual/index.php?occid=3466671
3466672	OSC	OSC-M-267029	Amanda Hardman	s.n.	4.09	141.91	Washington	Stevens	48.9971	-117.3748	outside_boundary_exact	Washington, Pend Oreille County	Colville NF: Sullivan Lake.	https://lichenportal.org/portal/collections/individual/index.php?occid=3466672
3466673	OSC	OSC-M-267030	Amanda Hardman	s.n.	4.09	141.91	Washington	Stevens	48.9971	-117.3748	outside_boundary_exact	Washington, Pend Oreille County	Colville NF: Sullivan Lake.	https://lichenportal.org/portal/collections/individual/index.php?occid=3466673
4423608	OSC	172567	Jim Riley; Dottie Riley	1516	3.99	136.65	Washington	Lewis	46.352633333333	-121.71073333333	outside_boundary_exact	Washington, Skamania County	Cowlitz Valley R.D., Gifford Pinchot N.F. Along Cispus River near Buck Creek.	https://lichenportal.org/portal/collections/individual/index.php?occid=4423608
4509346	OSC	OSC-M-306835	Amanda Hardman	s.n.	3.89	135.94	Washington	Yakima	46.96905	-121.0203	outside_boundary_exact	Washington, Kittitas County	Okanogan-Wenatchee National Forest: Naches Ranger District. FIA Site # 89220 53 77	https://lichenportal.org/portal/collections/individual/index.php?occid=4509346
4509347	OSC	OSC-M-306836	Amanda Hardman	s.n.	3.89	135.94	Washington	Yakima	46.96905	-121.0203	outside_boundary_exact	Washington, Kittitas County	Okanogan-Wenatchee National Forest: Naches Ranger District. FIA Site # 89220 53 77	https://lichenportal.org/portal/collections/individual/index.php?occid=4509347
4509348	OSC	OSC-M-306837	Amanda Hardman	s.n.	3.89	135.94	Washington	Yakima	46.96905	-121.0203	outside_boundary_exact	Washington, Kittitas County	Okanogan-Wenatchee National Forest: Naches Ranger District. FIA Site # 89220 53 77	https://lichenportal.org/portal/collections/individual/index.php?occid=4509348
4509349	OSC	OSC-M-306838	Amanda Hardman	s.n.	3.89	135.94	Washington	Yakima	46.96905	-121.0203	outside_boundary_exact	Washington, Kittitas County	Okanogan-Wenatchee National Forest: Naches Ranger District. FIA Site # 89220 53 77	https://lichenportal.org/portal/collections/individual/index.php?occid=4509349
4509350	OSC	OSC-M-306839	Amanda Hardman	s.n.	3.89	135.94	Washington	Yakima	46.96905	-121.0203	outside_boundary_exact	Washington, Kittitas County	Okanogan-Wenatchee National Forest: Naches Ranger District. FIA Site # 89220 53 77	https://lichenportal.org/portal/collections/individual/index.php?occid=4509350
4509351	OSC	OSC-M-306840	Amanda Hardman	s.n.	3.89	135.94	Washington	Yakima	46.96905	-121.0203	outside_boundary_exact	Washington, Kittitas County	Okanogan-Wenatchee National Forest: Naches Ranger District. FIA Site # 89220 53 77	https://lichenportal.org/portal/collections/individual/index.php?occid=4509351
4509352	OSC	OSC-M-306841	Amanda Hardman	s.n.	3.89	135.94	Washington	Yakima	46.96905	-121.0203	outside_boundary_exact	Washington, Kittitas County	Okanogan-Wenatchee National Forest: Naches Ranger District. FIA Site # 89220 53 77	https://lichenportal.org/portal/collections/individual/index.php?occid=4509352
4509353	OSC	OSC-M-306842	Amanda Hardman	s.n.	3.89	135.94	Washington	Yakima	46.96905	-121.0203	outside_boundary_exact	Washington, Kittitas County	Okanogan-Wenatchee National Forest: Naches Ranger District. FIA Site # 89220 53 77	https://lichenportal.org/portal/collections/individual/index.php?occid=4509353
4509354	OSC	OSC-M-306843	Amanda Hardman	s.n.	3.89	135.94	Washington	Yakima	46.96905	-121.0203	outside_boundary_exact	Washington, Kittitas County	Okanogan-Wenatchee National Forest: Naches Ranger District. FIA Site # 89220 53 77	https://lichenportal.org/portal/collections/individual/index.php?occid=4509354
4509355	OSC	OSC-M-306844	Amanda Hardman	s.n.	3.89	135.94	Washington	Yakima	46.96905	-121.0203	outside_boundary_exact	Washington, Kittitas County	Okanogan-Wenatchee National Forest: Naches Ranger District. FIA Site # 89220 53 77	https://lichenportal.org/portal/collections/individual/index.php?occid=4509355
4509356	OSC	OSC-M-306845	Amanda Hardman	s.n.	3.89	135.94	Washington	Yakima	46.96905	-121.0203	outside_boundary_exact	Washington, Kittitas County	Okanogan-Wenatchee National Forest: Naches Ranger District. FIA Site # 89220 53 77	https://lichenportal.org/portal/collections/individual/index.php?occid=4509356
4509357	OSC	OSC-M-306846	Amanda Hardman	s.n.	3.89	135.94	Washington	Yakima	46.96905	-121.0203	outside_boundary_exact	Washington, Kittitas County	Okanogan-Wenatchee National Forest: Naches Ranger District. FIA Site # 89220 53 77	https://lichenportal.org/portal/collections/individual/index.php?occid=4509357
4509358	OSC	OSC-M-306847	Amanda Hardman	s.n.	3.89	135.94	Washington	Yakima	46.96905	-121.0203	outside_boundary_exact	Washington, Kittitas County	Okanogan-Wenatchee National Forest: Naches Ranger District. FIA Site # 89220 53 77	https://lichenportal.org/portal/collections/individual/index.php?occid=4509358
4509359	OSC	OSC-M-306848	Amanda Hardman	s.n.	3.89	135.94	Washington	Yakima	46.96905	-121.0203	outside_boundary_exact	Washington, Kittitas County	Okanogan-Wenatchee National Forest: Naches Ranger District. FIA Site # 89220 53 77	https://lichenportal.org/portal/collections/individual/index.php?occid=4509359
4509360	OSC	OSC-M-306849	Amanda Hardman	s.n.	3.89	135.94	Washington	Yakima	46.96905	-121.0203	outside_boundary_exact	Washington, Kittitas County	Okanogan-Wenatchee National Forest: Naches Ranger District. FIA Site # 89220 53 77	https://lichenportal.org/portal/collections/individual/index.php?occid=4509360
4509361	OSC	OSC-M-306850	Amanda Hardman	s.n.	3.89	135.94	Washington	Yakima	46.96905	-121.0203	outside_boundary_exact	Washington, Kittitas County	Okanogan-Wenatchee National Forest: Naches Ranger District. FIA Site # 89220 53 77	https://lichenportal.org/portal/collections/individual/index.php?occid=4509361
4509362	OSC	OSC-M-306851	Amanda Hardman	s.n.	3.89	135.94	Washington	Yakima	46.96905	-121.0203	outside_boundary_exact	Washington, Kittitas County	Okanogan-Wenatchee National Forest: Naches Ranger District. FIA Site # 89220 53 77	https://lichenportal.org/portal/collections/individual/index.php?occid=4509362
4509363	OSC	OSC-M-306852	Amanda Hardman	s.n.	3.89	135.94	Washington	Yakima	46.96905	-121.0203	outside_boundary_exact	Washington, Kittitas County	Okanogan-Wenatchee National Forest: Naches Ranger District. FIA Site # 89220 53 77	https://lichenportal.org/portal/collections/individual/index.php?occid=4509363
4509364	OSC	OSC-M-306853	Amanda Hardman	s.n.	3.89	135.94	Washington	Yakima	46.96905	-121.0203	outside_boundary_exact	Washington, Kittitas County	Okanogan-Wenatchee National Forest: Naches Ranger District. FIA Site # 89220 53 77	https://lichenportal.org/portal/collections/individual/index.php?occid=4509364
4509365	OSC	OSC-M-306854	Amanda Hardman	s.n.	3.89	135.94	Washington	Yakima	46.96905	-121.0203	outside_boundary_exact	Washington, Kittitas County	Okanogan-Wenatchee National Forest: Naches Ranger District. FIA Site # 89220 53 77	https://lichenportal.org/portal/collections/individual/index.php?occid=4509365
4509366	OSC	OSC-M-306855	Amanda Hardman	s.n.	3.89	135.94	Washington	Yakima	46.96905	-121.0203	outside_boundary_exact	Washington, Kittitas County	Okanogan-Wenatchee National Forest: Naches Ranger District. FIA Site # 89220 53 77	https://lichenportal.org/portal/collections/individual/index.php?occid=4509366
4509367	OSC	OSC-M-306856	Amanda Hardman	s.n.	3.89	135.94	Washington	Yakima	46.96905	-121.0203	outside_boundary_exact	Washington, Kittitas County	Okanogan-Wenatchee National Forest: Naches Ranger District. FIA Site # 89220 53 77	https://lichenportal.org/portal/collections/individual/index.php?occid=4509367
2218819	OSC	135019	Bruce McCune	27387	3.65	120.14	Washington	Yakima	46.854	-120.4863333	outside_boundary_exact	Washington, Kittitas County	Above Umtanum Creek; Wenas Wildlife Area, slopes above Umtanum Creek near its mouth at Yakima River, 16.5 km south of Ellensburg	https://lichenportal.org/portal/collections/individual/index.php?occid=2218819
4427016	OSC	154999	Bruce McCune	27382	3.65	120.14	Washington	Yakima	46.854	-120.486333	outside_boundary_exact	Washington, Kittitas County	Wenas Wildlife Area, slopes above Umtanum Creek near its mouth at Yakima River, 16.5 km south of Ellensburg.	https://lichenportal.org/portal/collections/individual/index.php?occid=4427016
5348598	OSC	OSC-M-052201	Bruce McCune	27386	3.65	120.14	Washington	Yakima	46.854	-120.4863	outside_boundary_exact	Washington, Kittitas County	Wenas Wildlife Area, slopes above Umtanum Cr near its mouth at Yakima River	https://lichenportal.org/portal/collections/individual/index.php?occid=5348598
5376283	OSC	OSC-M-052672	Bruce McCune	27384	3.65	120.14	Washington	Yakima	46.854	-120.4863	outside_boundary_exact	Washington, Kittitas County	Wenas Wildlife Area, slopes above Umtanum Cr near its mouth at Yakima River	https://lichenportal.org/portal/collections/individual/index.php?occid=5376283
4422604	OSC	168151	Jim Riley	0113	3.01	102.45	Washington	Skamania	46.3	-121.48333333333	outside_boundary_exact	Washington, Yakima County	Cowlitz Valley R.D., Gifford Pinchot N.F. Near Keenes Horse Camp.	https://lichenportal.org/portal/collections/individual/index.php?occid=4422604
4422491	OSC	168036	Jim Riley	0726	2.85	135.03	Washington	Lewis	46.362948333333	-121.72753333333	outside_boundary_exact	Washington, Skamania County	Cowlitz Valley R.D., Gifford Pinchot N.F. SW of bridge where FS Rd. 23 crosses the Cispus River.	https://lichenportal.org/portal/collections/individual/index.php?occid=4422491
2231418	OSC	144113	Jeanne Ponzetti	790(dupl)	2.84	91.74	Washington	King	47.35	-121.4	outside_boundary_exact	Washington, Kittitas County	Commonwealth Creek Drainage, between guye Peak and Red Mountains, just west of Cascade Crest, Snoqualmie National Forest.	https://lichenportal.org/portal/collections/individual/index.php?occid=2231418
4422750	OSC	168298	Jim Riley	1522	2.82	131.71	Washington	Lewis	46.36315	-121.77356666667	outside_boundary_exact	Washington, Skamania County	Cowlitz Valley R.D., Gifford Pinchot N.F. Juniper Peak.	https://lichenportal.org/portal/collections/individual/index.php?occid=4422750
4414488	OSC	153628	David H. Wagner	m1130	2.61	140.57	Washington	Jefferson	47.51	-124.24	outside_boundary_exact	Washington, Grays Harbor County	Olympic Peninsula, Goodman Creek Watershed, 6.5 miles south of Forks; state forest red cedar bog site	https://lichenportal.org/portal/collections/individual/index.php?occid=4414488
4414489	OSC	153631	David H. Wagner	m1141	2.61	140.57	Washington	Jefferson	47.51	-124.24	outside_boundary_exact	Washington, Grays Harbor County	Olympic Peninsula, Goodman Creek Watershed, 6.5 miles south of Forks; state forest red cedar bog site	https://lichenportal.org/portal/collections/individual/index.php?occid=4414489
2233032	OSC	137942	C. Bjork	10374	2.02	85.66	Washington	Skamania	45.68333333	-121.7833333	outside_boundary_exact	Oregon, Hood River County	Columbia River Gorge, along creek between Carson and Stevenson, above Hwy 14.	https://lichenportal.org/portal/collections/individual/index.php?occid=2233032
2233033	OSC	137938	C. Bjork	10401	2.02	85.66	Washington	Skamania	45.68333333	-121.7833333	outside_boundary_exact	Oregon, Hood River County	Columbia River Gorge, along creek between Carson and Stevenson, above Hwy 14.	https://lichenportal.org/portal/collections/individual/index.php?occid=2233033
482757	OSC	69064	Grace Howard	808	1.85	88.99	Washington	King	47.4	-121.4	outside_boundary_exact	Washington, Kittitas County	Snoqualmie Pass, King/Kittitas county line	https://lichenportal.org/portal/collections/individual/index.php?occid=482757
5417774	OSC	107147	Lawrence Pike	L-961	1.53	135.88	Washington	Clallam	47.866667	-124.616667	outside_boundary_exact	not_found_in_US	Olympic Pensula, La Push, Third Beach Trail	https://lichenportal.org/portal/collections/individual/index.php?occid=5417774
4421999	OSC	165333	Jim Riley	0342	1.52	102.35	Washington	Skamania	46.308483333333	-121.50265	outside_boundary_exact	Washington, Yakima County	Mt. Adams Wilderness, Gifford Pinchot N.F. Muddy Fork Creek lava flow.	https://lichenportal.org/portal/collections/individual/index.php?occid=4421999
4422357	OSC	167925	Jim Riley	0343	1.52	102.35	Washington	Skamania	46.308483333333	-121.50265	outside_boundary_exact	Washington, Yakima County	Mt. Adams Wilderness, Gifford Pinchot N.F. Muddy Fork Creek lava flow.	https://lichenportal.org/portal/collections/individual/index.php?occid=4422357
4422859	OSC	168407	Jim Riley	0344	1.52	102.35	Washington	Skamania	46.308483333333	-121.50265	outside_boundary_exact	Washington, Yakima County	Mt. Adams Wilderness, Gifford Pinchot N.F. Muddy Fork Creek lava flow.	https://lichenportal.org/portal/collections/individual/index.php?occid=4422859
481411	OSC	51300	Lawrence H. Pike	NA	1.51	134.03	Washington	Clallam	47.867	-124.59	outside_boundary_exact	not_found_in_US	Olympic Peninsula,stop 9,La Push	https://lichenportal.org/portal/collections/individual/index.php?occid=481411
481447	OSC	51336	Lawrence H. Pike	NA	1.51	134.03	Washington	Clallam	47.867	-124.59	outside_boundary_exact	not_found_in_US	Olympic Peninsula,LaPush. Stop 9	https://lichenportal.org/portal/collections/individual/index.php?occid=481447
4420916	OSC	99139	Lawrence H. Pike	966	1.51	134.03	Washington	Clallam	47.867	-124.59	outside_boundary_exact	not_found_in_US	Third Beach Trail, La Push, next to beach. XI International Botanical Congress Lichen Trip Washington State: Olympic Peninsula Stop 9.	https://lichenportal.org/portal/collections/individual/index.php?occid=4420916
5411442	OSC	99799	L. H. Pike	968	1.51	134.03	Washington	Clallam	47.867	-124.59	outside_boundary_exact	not_found_in_US	Third Beach Trail, La Push. XI International Botanical Congress Lichen Trip Washington State: Olympic Peninsula Stop 9.	https://lichenportal.org/portal/collections/individual/index.php?occid=5411442
480176	OSC	33741	Lawrence H. Pike	963	1.49	136.1	Washington	Clallam	47.867	-124.62	outside_boundary_exact	not_found_in_US	La Push,Third Beach Trail. Olympic Peninsula	https://lichenportal.org/portal/collections/individual/index.php?occid=480176
481943	OSC	53324	Lawrence H. Pike	957	1.49	136.1	Washington	Clallam	47.867	-124.62	outside_boundary_exact	not_found_in_US	Third Beach trail, La Push, International Botanical Congress Stop 9	https://lichenportal.org/portal/collections/individual/index.php?occid=481943
4774719	OSC	101312	Lawrence H. Pike	967	1.49	136.1	Washington	Clallam	47.867	-124.62	outside_boundary_exact	not_found_in_US	La Push, Third Beach Trail. Olympic Peninsula.	https://lichenportal.org/portal/collections/individual/index.php?occid=4774719
5426675	OSC	103352	W. Maass	1097	1.49	136.1	Washington	Clallam	47.867	-124.62	outside_boundary_exact	not_found_in_US	Third Beach Trail, La Push, stop 9	https://lichenportal.org/portal/collections/individual/index.php?occid=5426675
3458846	OSC	OSC-M-259586	S. Berryman	s.n.	1.05	147.95	Washington	Lewis	46.379145	-121.541104	outside_boundary_exact	Washington, Skamania County	Gifford Pinchot National Forest: Cowlitz Valley Ranger District. FIA Site # 53243 53 59	https://lichenportal.org/portal/collections/individual/index.php?occid=3458846
3458847	OSC	OSC-M-259586a	Shanti Berryman	s.n.	1.05	147.95	Washington	Lewis	46.379145	-121.541104	outside_boundary_exact	Washington, Skamania County	Gifford Pinchot National Forest: Cowlitz Valley Ranger District. FIA Site # 53243 53 59	https://lichenportal.org/portal/collections/individual/index.php?occid=3458847
3458848	OSC	OSC-M-259587	S. Berryman	s.n.	1.05	147.95	Washington	Lewis	46.379145	-121.541104	outside_boundary_exact	Washington, Skamania County	Gifford Pinchot National Forest: Cowlitz Valley Ranger District. FIA Site # 53243 53 59	https://lichenportal.org/portal/collections/individual/index.php?occid=3458848
3458849	OSC	OSC-M-259588	S. Berryman	s.n.	1.05	147.95	Washington	Lewis	46.379145	-121.541104	outside_boundary_exact	Washington, Skamania County	Gifford Pinchot National Forest: Cowlitz Valley Ranger District. FIA Site # 53243 53 59	https://lichenportal.org/portal/collections/individual/index.php?occid=3458849
3458850	OSC	OSC-M-259589	S. Berryman	s.n.	1.05	147.95	Washington	Lewis	46.379145	-121.541104	outside_boundary_exact	Washington, Skamania County	Gifford Pinchot National Forest: Cowlitz Valley Ranger District. FIA Site # 53243 53 59	https://lichenportal.org/portal/collections/individual/index.php?occid=3458850
3458851	OSC	OSC-M-259590	S. Berryman	s.n.	1.05	147.95	Washington	Lewis	46.379145	-121.541104	outside_boundary_exact	Washington, Skamania County	Gifford Pinchot National Forest: Cowlitz Valley Ranger District. FIA Site # 53243 53 59	https://lichenportal.org/portal/collections/individual/index.php?occid=3458851
3458852	OSC	OSC-M-259591	S. Berryman	s.n.	1.05	147.95	Washington	Lewis	46.379145	-121.541104	outside_boundary_exact	Washington, Skamania County	Gifford Pinchot National Forest: Cowlitz Valley Ranger District. FIA Site # 53243 53 59	https://lichenportal.org/portal/collections/individual/index.php?occid=3458852
3458853	OSC	OSC-M-259591a	S. Berryman	s.n.	1.05	147.95	Washington	Lewis	46.379145	-121.541104	outside_boundary_exact	Washington, Skamania County	Gifford Pinchot National Forest: Cowlitz Valley Ranger District. FIA Site # 53243 53 59	https://lichenportal.org/portal/collections/individual/index.php?occid=3458853
3458854	OSC	OSC-M-259592	S. Berryman	s.n.	1.05	147.95	Washington	Lewis	46.379145	-121.541104	outside_boundary_exact	Washington, Skamania County	Gifford Pinchot National Forest: Cowlitz Valley Ranger District. FIA Site # 53243 53 59	https://lichenportal.org/portal/collections/individual/index.php?occid=3458854
3458855	OSC	OSC-M-259592a	S. Berryman	s.n.	1.05	147.95	Washington	Lewis	46.379145	-121.541104	outside_boundary_exact	Washington, Skamania County	Gifford Pinchot National Forest: Cowlitz Valley Ranger District. FIA Site # 53243 53 59	https://lichenportal.org/portal/collections/individual/index.php?occid=3458855
3458856	OSC	OSC-M-259593	S. Berryman	s.n.	1.05	147.95	Washington	Lewis	46.379145	-121.541104	outside_boundary_exact	Washington, Skamania County	Gifford Pinchot National Forest: Cowlitz Valley Ranger District. FIA Site # 53243 53 59	https://lichenportal.org/portal/collections/individual/index.php?occid=3458856
3458857	OSC	OSC-M-259593a	S. Berryman	s.n.	1.05	147.95	Washington	Lewis	46.379145	-121.541104	outside_boundary_exact	Washington, Skamania County	Gifford Pinchot National Forest: Cowlitz Valley Ranger District. FIA Site # 53243 53 59	https://lichenportal.org/portal/collections/individual/index.php?occid=3458857
3458858	OSC	OSC-M-259594	S. Berryman	s.n.	1.05	147.95	Washington	Lewis	46.379145	-121.541104	outside_boundary_exact	Washington, Skamania County	Gifford Pinchot National Forest: Cowlitz Valley Ranger District. FIA Site # 53243 53 59	https://lichenportal.org/portal/collections/individual/index.php?occid=3458858
3458859	OSC	OSC-M-259595	S. Berryman	s.n.	1.05	147.95	Washington	Lewis	46.379145	-121.541104	outside_boundary_exact	Washington, Skamania County	Gifford Pinchot National Forest: Cowlitz Valley Ranger District. FIA Site # 53243 53 59	https://lichenportal.org/portal/collections/individual/index.php?occid=3458859
3458860	OSC	OSC-M-259596	S. Berryman	s.n.	1.05	147.95	Washington	Lewis	46.379145	-121.541104	outside_boundary_exact	Washington, Skamania County	Gifford Pinchot National Forest: Cowlitz Valley Ranger District. FIA Site # 53243 53 59	https://lichenportal.org/portal/collections/individual/index.php?occid=3458860
3458861	OSC	OSC-M-259597	S. Berryman	s.n.	1.05	147.95	Washington	Lewis	46.379145	-121.541104	outside_boundary_exact	Washington, Skamania County	Gifford Pinchot National Forest: Cowlitz Valley Ranger District. FIA Site # 53243 53 59	https://lichenportal.org/portal/collections/individual/index.php?occid=3458861
3458862	OSC	OSC-M-259598	S. Berryman	s.n.	1.05	147.95	Washington	Lewis	46.379145	-121.541104	outside_boundary_exact	Washington, Skamania County	Gifford Pinchot National Forest: Cowlitz Valley Ranger District. FIA Site # 53243 53 59	https://lichenportal.org/portal/collections/individual/index.php?occid=3458862
3460404	OSC	OSC-M-261055	Jill Grenon	s.n.	1.05	147.95	Washington	Lewis	46.379145	-121.541104	outside_boundary_exact	Washington, Skamania County	Gifford Pinchot National Forest: Cowlitz Valley Ranger District. FIA Site # 53243 53 59	https://lichenportal.org/portal/collections/individual/index.php?occid=3460404
3460405	OSC	OSC-M-261056	Jill Grenon	s.n.	1.05	147.95	Washington	Lewis	46.379145	-121.541104	outside_boundary_exact	Washington, Skamania County	Gifford Pinchot National Forest: Cowlitz Valley Ranger District. FIA Site # 53243 53 59	https://lichenportal.org/portal/collections/individual/index.php?occid=3460405
3460406	OSC	OSC-M-261057	Jill Grenon	s.n.	1.05	147.95	Washington	Lewis	46.379145	-121.541104	outside_boundary_exact	Washington, Skamania County	Gifford Pinchot National Forest: Cowlitz Valley Ranger District. FIA Site # 53243 53 59	https://lichenportal.org/portal/collections/individual/index.php?occid=3460406
3460407	OSC	OSC-M-261058	Jill Grenon	s.n.	1.05	147.95	Washington	Lewis	46.379145	-121.541104	outside_boundary_exact	Washington, Skamania County	Gifford Pinchot National Forest: Cowlitz Valley Ranger District. FIA Site # 53243 53 59	https://lichenportal.org/portal/collections/individual/index.php?occid=3460407
3460408	OSC	OSC-M-261059	Jill Grenon	s.n.	1.05	147.95	Washington	Lewis	46.379145	-121.541104	outside_boundary_exact	Washington, Skamania County	Gifford Pinchot National Forest: Cowlitz Valley Ranger District. FIA Site # 53243 53 59	https://lichenportal.org/portal/collections/individual/index.php?occid=3460408
3460409	OSC	OSC-M-261060	Jill Grenon	s.n.	1.05	147.95	Washington	Lewis	46.379145	-121.541104	outside_boundary_exact	Washington, Skamania County	Gifford Pinchot National Forest: Cowlitz Valley Ranger District. FIA Site # 53243 53 59	https://lichenportal.org/portal/collections/individual/index.php?occid=3460409
3460410	OSC	OSC-M-261061	Jill Grenon	s.n.	1.05	147.95	Washington	Lewis	46.379145	-121.541104	outside_boundary_exact	Washington, Skamania County	Gifford Pinchot National Forest: Cowlitz Valley Ranger District. FIA Site # 53243 53 59	https://lichenportal.org/portal/collections/individual/index.php?occid=3460410
3460411	OSC	OSC-M-261062	Jill Grenon	s.n.	1.05	147.95	Washington	Lewis	46.379145	-121.541104	outside_boundary_exact	Washington, Skamania County	Gifford Pinchot National Forest: Cowlitz Valley Ranger District. FIA Site # 53243 53 59	https://lichenportal.org/portal/collections/individual/index.php?occid=3460411
3460412	OSC	OSC-M-261063	Jill Grenon	s.n.	1.05	147.95	Washington	Lewis	46.379145	-121.541104	outside_boundary_exact	Washington, Skamania County	Gifford Pinchot National Forest: Cowlitz Valley Ranger District. FIA Site # 53243 53 59	https://lichenportal.org/portal/collections/individual/index.php?occid=3460412
3460413	OSC	OSC-M-261064	Jill Grenon	s.n.	1.05	147.95	Washington	Lewis	46.379145	-121.541104	outside_boundary_exact	Washington, Skamania County	Gifford Pinchot National Forest: Cowlitz Valley Ranger District. FIA Site # 53243 53 59	https://lichenportal.org/portal/collections/individual/index.php?occid=3460413
3460414	OSC	OSC-M-261065	Jill Grenon	s.n.	1.05	147.95	Washington	Lewis	46.379145	-121.541104	outside_boundary_exact	Washington, Skamania County	Gifford Pinchot National Forest: Cowlitz Valley Ranger District. FIA Site # 53243 53 59	https://lichenportal.org/portal/collections/individual/index.php?occid=3460414
3460415	OSC	OSC-M-261066	Jill Grenon	s.n.	1.05	147.95	Washington	Lewis	46.379145	-121.541104	outside_boundary_exact	Washington, Skamania County	Gifford Pinchot National Forest: Cowlitz Valley Ranger District. FIA Site # 53243 53 59	https://lichenportal.org/portal/collections/individual/index.php?occid=3460415
3460416	OSC	OSC-M-261067	Jill Grenon	s.n.	1.05	147.95	Washington	Lewis	46.379145	-121.541104	outside_boundary_exact	Washington, Skamania County	Gifford Pinchot National Forest: Cowlitz Valley Ranger District. FIA Site # 53243 53 59	https://lichenportal.org/portal/collections/individual/index.php?occid=3460416
3460417	OSC	OSC-M-261068	Jill Grenon	s.n.	1.05	147.95	Washington	Lewis	46.379145	-121.541104	outside_boundary_exact	Washington, Skamania County	Gifford Pinchot National Forest: Cowlitz Valley Ranger District. FIA Site # 53243 53 59	https://lichenportal.org/portal/collections/individual/index.php?occid=3460417
3460418	OSC	OSC-M-261069	Jill Grenon	s.n.	1.05	147.95	Washington	Lewis	46.379145	-121.541104	outside_boundary_exact	Washington, Skamania County	Gifford Pinchot National Forest: Cowlitz Valley Ranger District. FIA Site # 53243 53 59	https://lichenportal.org/portal/collections/individual/index.php?occid=3460418
3460419	OSC	OSC-M-261070	Jill Grenon	s.n.	1.05	147.95	Washington	Lewis	46.379145	-121.541104	outside_boundary_exact	Washington, Skamania County	Gifford Pinchot National Forest: Cowlitz Valley Ranger District. FIA Site # 53243 53 59	https://lichenportal.org/portal/collections/individual/index.php?occid=3460419
3460420	OSC	OSC-M-261071	Jill Grenon	s.n.	1.05	147.95	Washington	Lewis	46.379145	-121.541104	outside_boundary_exact	Washington, Skamania County	Gifford Pinchot National Forest: Cowlitz Valley Ranger District. FIA Site # 53243 53 59	https://lichenportal.org/portal/collections/individual/index.php?occid=3460420
3460421	OSC	OSC-M-261072	Jill Grenon	s.n.	1.05	147.95	Washington	Lewis	46.379145	-121.541104	outside_boundary_exact	Washington, Skamania County	Gifford Pinchot National Forest: Cowlitz Valley Ranger District. FIA Site # 53243 53 59	https://lichenportal.org/portal/collections/individual/index.php?occid=3460421
3460422	OSC	OSC-M-261073	Jill Grenon	s.n.	1.05	147.95	Washington	Lewis	46.379145	-121.541104	outside_boundary_exact	Washington, Skamania County	Gifford Pinchot National Forest: Cowlitz Valley Ranger District. FIA Site # 53243 53 59	https://lichenportal.org/portal/collections/individual/index.php?occid=3460422
3460423	OSC	OSC-M-261074	Jill Grenon	s.n.	1.05	147.95	Washington	Lewis	46.379145	-121.541104	outside_boundary_exact	Washington, Skamania County	Gifford Pinchot National Forest: Cowlitz Valley Ranger District. FIA Site # 53243 53 59	https://lichenportal.org/portal/collections/individual/index.php?occid=3460423
3460424	OSC	OSC-M-261074a	Jill Grenon	s.n.	1.05	147.95	Washington	Lewis	46.379145	-121.541104	outside_boundary_exact	Washington, Skamania County	Gifford Pinchot National Forest: Cowlitz Valley Ranger District. FIA Site # 53243 53 59	https://lichenportal.org/portal/collections/individual/index.php?occid=3460424
3460425	OSC	OSC-M-261075	Jill Grenon	s.n.	1.05	147.95	Washington	Lewis	46.379145	-121.541104	outside_boundary_exact	Washington, Skamania County	Gifford Pinchot National Forest: Cowlitz Valley Ranger District. FIA Site # 53243 53 59	https://lichenportal.org/portal/collections/individual/index.php?occid=3460425
3460426	OSC	OSC-M-261076	Jill Grenon	s.n.	1.05	147.95	Washington	Lewis	46.379145	-121.541104	outside_boundary_exact	Washington, Skamania County	Gifford Pinchot National Forest: Cowlitz Valley Ranger District. FIA Site # 53243 53 59	https://lichenportal.org/portal/collections/individual/index.php?occid=3460426
3460427	OSC	OSC-M-261077	Jill Grenon	s.n.	1.05	147.95	Washington	Lewis	46.379145	-121.541104	outside_boundary_exact	Washington, Skamania County	Gifford Pinchot National Forest: Cowlitz Valley Ranger District. FIA Site # 53243 53 59	https://lichenportal.org/portal/collections/individual/index.php?occid=3460427
3460428	OSC	OSC-M-261078	Jill Grenon	s.n.	1.05	147.95	Washington	Lewis	46.379145	-121.541104	outside_boundary_exact	Washington, Skamania County	Gifford Pinchot National Forest: Cowlitz Valley Ranger District. FIA Site # 53243 53 59	https://lichenportal.org/portal/collections/individual/index.php?occid=3460428
3460429	OSC	OSC-M-261079	Jill Grenon	s.n.	1.05	147.95	Washington	Lewis	46.379145	-121.541104	outside_boundary_exact	Washington, Skamania County	Gifford Pinchot National Forest: Cowlitz Valley Ranger District. FIA Site # 53243 53 59	https://lichenportal.org/portal/collections/individual/index.php?occid=3460429
3460430	OSC	OSC-M-261080	Jill Grenon	s.n.	1.05	147.95	Washington	Lewis	46.379145	-121.541104	outside_boundary_exact	Washington, Skamania County	Gifford Pinchot National Forest: Cowlitz Valley Ranger District. FIA Site # 53243 53 59	https://lichenportal.org/portal/collections/individual/index.php?occid=3460430
3460431	OSC	OSC-M-261081	Jill Grenon	s.n.	1.05	147.95	Washington	Lewis	46.379145	-121.541104	outside_boundary_exact	Washington, Skamania County	Gifford Pinchot National Forest: Cowlitz Valley Ranger District. FIA Site # 53243 53 59	https://lichenportal.org/portal/collections/individual/index.php?occid=3460431
3460432	OSC	OSC-M-261082	Jill Grenon	s.n.	1.05	147.95	Washington	Lewis	46.379145	-121.541104	outside_boundary_exact	Washington, Skamania County	Gifford Pinchot National Forest: Cowlitz Valley Ranger District. FIA Site # 53243 53 59	https://lichenportal.org/portal/collections/individual/index.php?occid=3460432
3460433	OSC	OSC-M-261083	Jill Grenon	s.n.	1.05	147.95	Washington	Lewis	46.379145	-121.541104	outside_boundary_exact	Washington, Skamania County	Gifford Pinchot National Forest: Cowlitz Valley Ranger District. FIA Site # 53243 53 59	https://lichenportal.org/portal/collections/individual/index.php?occid=3460433
3460434	OSC	OSC-M-261084	Jill Grenon	s.n.	1.05	147.95	Washington	Lewis	46.379145	-121.541104	outside_boundary_exact	Washington, Skamania County	Gifford Pinchot National Forest: Cowlitz Valley Ranger District. FIA Site # 53243 53 59	https://lichenportal.org/portal/collections/individual/index.php?occid=3460434
3460435	OSC	OSC-M-261085	Jill Grenon	s.n.	1.05	147.95	Washington	Lewis	46.379145	-121.541104	outside_boundary_exact	Washington, Skamania County	Gifford Pinchot National Forest: Cowlitz Valley Ranger District. FIA Site # 53243 53 59	https://lichenportal.org/portal/collections/individual/index.php?occid=3460435
3460436	OSC	OSC-M-261086	Jill Grenon	s.n.	1.05	147.95	Washington	Lewis	46.379145	-121.541104	outside_boundary_exact	Washington, Skamania County	Gifford Pinchot National Forest: Cowlitz Valley Ranger District. FIA Site # 53243 53 59	https://lichenportal.org/portal/collections/individual/index.php?occid=3460436
3460437	OSC	OSC-M-261087	Jill Grenon	s.n.	1.05	147.95	Washington	Lewis	46.379145	-121.541104	outside_boundary_exact	Washington, Skamania County	Gifford Pinchot National Forest: Cowlitz Valley Ranger District. FIA Site # 53243 53 59	https://lichenportal.org/portal/collections/individual/index.php?occid=3460437
3460438	OSC	OSC-M-261088	Jill Grenon	s.n.	1.05	147.95	Washington	Lewis	46.379145	-121.541104	outside_boundary_exact	Washington, Skamania County	Gifford Pinchot National Forest: Cowlitz Valley Ranger District. FIA Site # 53243 53 59	https://lichenportal.org/portal/collections/individual/index.php?occid=3460438
3460439	OSC	OSC-M-261089	Jill Grenon	s.n.	1.05	147.95	Washington	Lewis	46.379145	-121.541104	outside_boundary_exact	Washington, Skamania County	Gifford Pinchot National Forest: Cowlitz Valley Ranger District. FIA Site # 53243 53 59	https://lichenportal.org/portal/collections/individual/index.php?occid=3460439
3460440	OSC	OSC-M-261090	Jill Grenon	s.n.	1.05	147.95	Washington	Lewis	46.379145	-121.541104	outside_boundary_exact	Washington, Skamania County	Gifford Pinchot National Forest: Cowlitz Valley Ranger District. FIA Site # 53243 53 59	https://lichenportal.org/portal/collections/individual/index.php?occid=3460440
3460441	OSC	OSC-M-261091	Jill Grenon	s.n.	1.05	147.95	Washington	Lewis	46.379145	-121.541104	outside_boundary_exact	Washington, Skamania County	Gifford Pinchot National Forest: Cowlitz Valley Ranger District. FIA Site # 53243 53 59	https://lichenportal.org/portal/collections/individual/index.php?occid=3460441
3460443	OSC	OSC-M-261093	Jill Grenon	s.n.	1.05	147.95	Washington	Lewis	46.379145	-121.541104	outside_boundary_exact	Washington, Skamania County	Gifford Pinchot National Forest: Cowlitz Valley Ranger District. FIA Site # 53243 53 59	https://lichenportal.org/portal/collections/individual/index.php?occid=3460443
3469214	OSC	OSC-M-269386	S. Berryman	s.n.	1.05	147.95	Washington	Lewis	46.379145	-121.541104	outside_boundary_exact	Washington, Skamania County	Gifford Pinchot National Forest: Cowlitz Valley Ranger District. FIA Site # 53243 53 59	https://lichenportal.org/portal/collections/individual/index.php?occid=3469214
3469215	OSC	OSC-M-269387	S. Berryman	s.n.	1.05	147.95	Washington	Lewis	46.379145	-121.541104	outside_boundary_exact	Washington, Skamania County	Gifford Pinchot National Forest: Cowlitz Valley Ranger District. FIA Site # 53243 53 59	https://lichenportal.org/portal/collections/individual/index.php?occid=3469215
3469216	OSC	OSC-M-269388	S. Berryman	s.n.	1.05	147.95	Washington	Lewis	46.379145	-121.541104	outside_boundary_exact	Washington, Skamania County	Gifford Pinchot National Forest: Cowlitz Valley Ranger District. FIA Site # 53243 53 59	https://lichenportal.org/portal/collections/individual/index.php?occid=3469216
3469217	OSC	OSC-M-269389	S. Berryman	s.n.	1.05	147.95	Washington	Lewis	46.379145	-121.541104	outside_boundary_exact	Washington, Skamania County	Gifford Pinchot National Forest: Cowlitz Valley Ranger District. FIA Site # 53243 53 59	https://lichenportal.org/portal/collections/individual/index.php?occid=3469217
4510777	OSC	OSC-M-308183	Amanda Hardman	s.n.	1.05	147.95	Washington	Lewis	46.379145	-121.541104	outside_boundary_exact	Washington, Skamania County	Gifford Pinchot National Forest: Cowlitz Valley Ranger District. FIA Site # 53243 53 59	https://lichenportal.org/portal/collections/individual/index.php?occid=4510777
4510778	OSC	OSC-M-308184	Amanda Hardman	s.n.	1.05	147.95	Washington	Lewis	46.379145	-121.541104	outside_boundary_exact	Washington, Skamania County	Gifford Pinchot National Forest: Cowlitz Valley Ranger District. FIA Site # 53243 53 59	https://lichenportal.org/portal/collections/individual/index.php?occid=4510778
4510779	OSC	OSC-M-308185	Amanda Hardman	s.n.	1.05	147.95	Washington	Lewis	46.379145	-121.541104	outside_boundary_exact	Washington, Skamania County	Gifford Pinchot National Forest: Cowlitz Valley Ranger District. FIA Site # 53243 53 59	https://lichenportal.org/portal/collections/individual/index.php?occid=4510779
4510780	OSC	OSC-M-308186	Amanda Hardman	s.n.	1.05	147.95	Washington	Lewis	46.379145	-121.541104	outside_boundary_exact	Washington, Skamania County	Gifford Pinchot National Forest: Cowlitz Valley Ranger District. FIA Site # 53243 53 59	https://lichenportal.org/portal/collections/individual/index.php?occid=4510780
4510781	OSC	OSC-M-308187	Amanda Hardman	s.n.	1.05	147.95	Washington	Lewis	46.379145	-121.541104	outside_boundary_exact	Washington, Skamania County	Gifford Pinchot National Forest: Cowlitz Valley Ranger District. FIA Site # 53243 53 59	https://lichenportal.org/portal/collections/individual/index.php?occid=4510781
4510782	OSC	OSC-M-308188	Amanda Hardman	s.n.	1.05	147.95	Washington	Lewis	46.379145	-121.541104	outside_boundary_exact	Washington, Skamania County	Gifford Pinchot National Forest: Cowlitz Valley Ranger District. FIA Site # 53243 53 59	https://lichenportal.org/portal/collections/individual/index.php?occid=4510782
4510783	OSC	OSC-M-308189	Amanda Hardman	s.n.	1.05	147.95	Washington	Lewis	46.379145	-121.541104	outside_boundary_exact	Washington, Skamania County	Gifford Pinchot National Forest: Cowlitz Valley Ranger District. FIA Site # 53243 53 59	https://lichenportal.org/portal/collections/individual/index.php?occid=4510783
4510784	OSC	OSC-M-308190	Amanda Hardman	s.n.	1.05	147.95	Washington	Lewis	46.379145	-121.541104	outside_boundary_exact	Washington, Skamania County	Gifford Pinchot National Forest: Cowlitz Valley Ranger District. FIA Site # 53243 53 59	https://lichenportal.org/portal/collections/individual/index.php?occid=4510784
4510785	OSC	OSC-M-308191	Amanda Hardman	s.n.	1.05	147.95	Washington	Lewis	46.379145	-121.541104	outside_boundary_exact	Washington, Skamania County	Gifford Pinchot National Forest: Cowlitz Valley Ranger District. FIA Site # 53243 53 59	https://lichenportal.org/portal/collections/individual/index.php?occid=4510785
4510786	OSC	OSC-M-308192	Amanda Hardman	s.n.	1.05	147.95	Washington	Lewis	46.379145	-121.541104	outside_boundary_exact	Washington, Skamania County	Gifford Pinchot National Forest: Cowlitz Valley Ranger District. FIA Site # 53243 53 59	https://lichenportal.org/portal/collections/individual/index.php?occid=4510786
4510787	OSC	OSC-M-308193	Amanda Hardman	s.n.	1.05	147.95	Washington	Lewis	46.379145	-121.541104	outside_boundary_exact	Washington, Skamania County	Gifford Pinchot National Forest: Cowlitz Valley Ranger District. FIA Site # 53243 53 59	https://lichenportal.org/portal/collections/individual/index.php?occid=4510787
4510788	OSC	OSC-M-308194	Amanda Hardman	s.n.	1.05	147.95	Washington	Lewis	46.379145	-121.541104	outside_boundary_exact	Washington, Skamania County	Gifford Pinchot National Forest: Cowlitz Valley Ranger District. FIA Site # 53243 53 59	https://lichenportal.org/portal/collections/individual/index.php?occid=4510788
4510789	OSC	OSC-M-308195	Amanda Hardman	s.n.	1.05	147.95	Washington	Lewis	46.379145	-121.541104	outside_boundary_exact	Washington, Skamania County	Gifford Pinchot National Forest: Cowlitz Valley Ranger District. FIA Site # 53243 53 59	https://lichenportal.org/portal/collections/individual/index.php?occid=4510789
4510790	OSC	OSC-M-308196	Amanda Hardman	s.n.	1.05	147.95	Washington	Lewis	46.379145	-121.541104	outside_boundary_exact	Washington, Skamania County	Gifford Pinchot National Forest: Cowlitz Valley Ranger District. FIA Site # 53243 53 59	https://lichenportal.org/portal/collections/individual/index.php?occid=4510790
4510791	OSC	OSC-M-308197	Amanda Hardman	s.n.	1.05	147.95	Washington	Lewis	46.379145	-121.541104	outside_boundary_exact	Washington, Skamania County	Gifford Pinchot National Forest: Cowlitz Valley Ranger District. FIA Site # 53243 53 59	https://lichenportal.org/portal/collections/individual/index.php?occid=4510791
4510792	OSC	OSC-M-308198	Amanda Hardman	s.n.	1.05	147.95	Washington	Lewis	46.379145	-121.541104	outside_boundary_exact	Washington, Skamania County	Gifford Pinchot National Forest: Cowlitz Valley Ranger District. FIA Site # 53243 53 59	https://lichenportal.org/portal/collections/individual/index.php?occid=4510792
4510793	OSC	OSC-M-308199	Amanda Hardman	s.n.	1.05	147.95	Washington	Lewis	46.379145	-121.541104	outside_boundary_exact	Washington, Skamania County	Gifford Pinchot National Forest: Cowlitz Valley Ranger District. FIA Site # 53243 53 59	https://lichenportal.org/portal/collections/individual/index.php?occid=4510793
4510794	OSC	OSC-M-308200	Amanda Hardman	s.n.	1.05	147.95	Washington	Lewis	46.379145	-121.541104	outside_boundary_exact	Washington, Skamania County	Gifford Pinchot National Forest: Cowlitz Valley Ranger District. FIA Site # 53243 53 59	https://lichenportal.org/portal/collections/individual/index.php?occid=4510794
4510795	OSC	OSC-M-308201	Amanda Hardman	s.n.	1.05	147.95	Washington	Lewis	46.379145	-121.541104	outside_boundary_exact	Washington, Skamania County	Gifford Pinchot National Forest: Cowlitz Valley Ranger District. FIA Site # 53243 53 59	https://lichenportal.org/portal/collections/individual/index.php?occid=4510795
4510796	OSC	OSC-M-308202	Amanda Hardman	s.n.	1.05	147.95	Washington	Lewis	46.379145	-121.541104	outside_boundary_exact	Washington, Skamania County	Gifford Pinchot National Forest: Cowlitz Valley Ranger District. FIA Site # 53243 53 59	https://lichenportal.org/portal/collections/individual/index.php?occid=4510796
4510797	OSC	OSC-M-308203	Amanda Hardman	s.n.	1.05	147.95	Washington	Lewis	46.379145	-121.541104	outside_boundary_exact	Washington, Skamania County	Gifford Pinchot National Forest: Cowlitz Valley Ranger District. FIA Site # 53243 53 59	https://lichenportal.org/portal/collections/individual/index.php?occid=4510797
4510798	OSC	OSC-M-308204	Amanda Hardman	s.n.	1.05	147.95	Washington	Lewis	46.379145	-121.541104	outside_boundary_exact	Washington, Skamania County	Gifford Pinchot National Forest: Cowlitz Valley Ranger District. FIA Site # 53243 53 59	https://lichenportal.org/portal/collections/individual/index.php?occid=4510798
4510799	OSC	OSC-M-308205	Amanda Hardman	s.n.	1.05	147.95	Washington	Lewis	46.379145	-121.541104	outside_boundary_exact	Washington, Skamania County	Gifford Pinchot National Forest: Cowlitz Valley Ranger District. FIA Site # 53243 53 59	https://lichenportal.org/portal/collections/individual/index.php?occid=4510799
4510800	OSC	OSC-M-308206	Amanda Hardman	s.n.	1.05	147.95	Washington	Lewis	46.379145	-121.541104	outside_boundary_exact	Washington, Skamania County	Gifford Pinchot National Forest: Cowlitz Valley Ranger District. FIA Site # 53243 53 59	https://lichenportal.org/portal/collections/individual/index.php?occid=4510800
4510801	OSC	OSC-M-308207	Amanda Hardman	s.n.	1.05	147.95	Washington	Lewis	46.379145	-121.541104	outside_boundary_exact	Washington, Skamania County	Gifford Pinchot National Forest: Cowlitz Valley Ranger District. FIA Site # 53243 53 59	https://lichenportal.org/portal/collections/individual/index.php?occid=4510801
4510802	OSC	OSC-M-308208	Amanda Hardman	s.n.	1.05	147.95	Washington	Lewis	46.379145	-121.541104	outside_boundary_exact	Washington, Skamania County	Gifford Pinchot National Forest: Cowlitz Valley Ranger District. FIA Site # 53243 53 59	https://lichenportal.org/portal/collections/individual/index.php?occid=4510802
4510803	OSC	OSC-M-308209	Amanda Hardman	s.n.	1.05	147.95	Washington	Lewis	46.379145	-121.541104	outside_boundary_exact	Washington, Skamania County	Gifford Pinchot National Forest: Cowlitz Valley Ranger District. FIA Site # 53243 53 59	https://lichenportal.org/portal/collections/individual/index.php?occid=4510803
3472486	OSC	OSC-M-272793	Jill Grenon	s.n.	0.88	115.01	Washington	Kittitas	47.072713	-121.377836	outside_boundary_exact	Washington, Pierce County	Mt Baker-Snoqualmie National Forest: North Bend Ranger District: Norse Peak Wilderness. FIA Site # 95896 53 53	https://lichenportal.org/portal/collections/individual/index.php?occid=3472486
3472487	OSC	OSC-M-272794	Jill Grenon	s.n.	0.88	115.01	Washington	Kittitas	47.072713	-121.377836	outside_boundary_exact	Washington, Pierce County	Mt Baker-Snoqualmie National Forest: North Bend Ranger District: Norse Peak Wilderness. FIA Site # 95896 53 53	https://lichenportal.org/portal/collections/individual/index.php?occid=3472487
3472488	OSC	OSC-M-272795	Jill Grenon	s.n.	0.88	115.01	Washington	Kittitas	47.072713	-121.377836	outside_boundary_exact	Washington, Pierce County	Mt Baker-Snoqualmie National Forest: North Bend Ranger District: Norse Peak Wilderness. FIA Site # 95896 53 53	https://lichenportal.org/portal/collections/individual/index.php?occid=3472488
3472489	OSC	OSC-M-272796	Jill Grenon	s.n.	0.88	115.01	Washington	Kittitas	47.072713	-121.377836	outside_boundary_exact	Washington, Pierce County	Mt Baker-Snoqualmie National Forest: North Bend Ranger District: Norse Peak Wilderness. FIA Site # 95896 53 53	https://lichenportal.org/portal/collections/individual/index.php?occid=3472489
3472490	OSC	OSC-M-272797	Jill Grenon	s.n.	0.88	115.01	Washington	Kittitas	47.072713	-121.377836	outside_boundary_exact	Washington, Pierce County	Mt Baker-Snoqualmie National Forest: North Bend Ranger District: Norse Peak Wilderness. FIA Site # 95896 53 53	https://lichenportal.org/portal/collections/individual/index.php?occid=3472490
3472491	OSC	OSC-M-272798	Jill Grenon	s.n.	0.88	115.01	Washington	Kittitas	47.072713	-121.377836	outside_boundary_exact	Washington, Pierce County	Mt Baker-Snoqualmie National Forest: North Bend Ranger District: Norse Peak Wilderness. FIA Site # 95896 53 53	https://lichenportal.org/portal/collections/individual/index.php?occid=3472491
3472492	OSC	OSC-M-272799	Jill Grenon	s.n.	0.88	115.01	Washington	Kittitas	47.072713	-121.377836	outside_boundary_exact	Washington, Pierce County	Mt Baker-Snoqualmie National Forest: North Bend Ranger District: Norse Peak Wilderness. FIA Site # 95896 53 53	https://lichenportal.org/portal/collections/individual/index.php?occid=3472492
3472493	OSC	OSC-M-272800	Jill Grenon	s.n.	0.88	115.01	Washington	Kittitas	47.072713	-121.377836	outside_boundary_exact	Washington, Pierce County	Mt Baker-Snoqualmie National Forest: North Bend Ranger District: Norse Peak Wilderness. FIA Site # 95896 53 53	https://lichenportal.org/portal/collections/individual/index.php?occid=3472493
3472494	OSC	OSC-M-272801	Jill Grenon	s.n.	0.88	115.01	Washington	Kittitas	47.072713	-121.377836	outside_boundary_exact	Washington, Pierce County	Mt Baker-Snoqualmie National Forest: North Bend Ranger District: Norse Peak Wilderness. FIA Site # 95896 53 53	https://lichenportal.org/portal/collections/individual/index.php?occid=3472494
3472495	OSC	OSC-M-272802	Jill Grenon	s.n.	0.88	115.01	Washington	Kittitas	47.072713	-121.377836	outside_boundary_exact	Washington, Pierce County	Mt Baker-Snoqualmie National Forest: North Bend Ranger District: Norse Peak Wilderness. FIA Site # 95896 53 53	https://lichenportal.org/portal/collections/individual/index.php?occid=3472495
3472496	OSC	OSC-M-272803	Jill Grenon	s.n.	0.88	115.01	Washington	Kittitas	47.072713	-121.377836	outside_boundary_exact	Washington, Pierce County	Mt Baker-Snoqualmie National Forest: North Bend Ranger District: Norse Peak Wilderness. FIA Site # 95896 53 53	https://lichenportal.org/portal/collections/individual/index.php?occid=3472496
3472497	OSC	OSC-M-272804	Jill Grenon	s.n.	0.88	115.01	Washington	Kittitas	47.072713	-121.377836	outside_boundary_exact	Washington, Pierce County	Mt Baker-Snoqualmie National Forest: North Bend Ranger District: Norse Peak Wilderness. FIA Site # 95896 53 53	https://lichenportal.org/portal/collections/individual/index.php?occid=3472497
3472498	OSC	OSC-M-272805	Jill Grenon	s.n.	0.88	115.01	Washington	Kittitas	47.072713	-121.377836	outside_boundary_exact	Washington, Pierce County	Mt Baker-Snoqualmie National Forest: North Bend Ranger District: Norse Peak Wilderness. FIA Site # 95896 53 53	https://lichenportal.org/portal/collections/individual/index.php?occid=3472498
3472499	OSC	OSC-M-272806	Jill Grenon	s.n.	0.88	115.01	Washington	Kittitas	47.072713	-121.377836	outside_boundary_exact	Washington, Pierce County	Mt Baker-Snoqualmie National Forest: North Bend Ranger District: Norse Peak Wilderness. FIA Site # 95896 53 53	https://lichenportal.org/portal/collections/individual/index.php?occid=3472499
3472500	OSC	OSC-M-272807	Jill Grenon	s.n.	0.88	115.01	Washington	Kittitas	47.072713	-121.377836	outside_boundary_exact	Washington, Pierce County	Mt Baker-Snoqualmie National Forest: North Bend Ranger District: Norse Peak Wilderness. FIA Site # 95896 53 53	https://lichenportal.org/portal/collections/individual/index.php?occid=3472500
3472501	OSC	OSC-M-272808	Jill Grenon	s.n.	0.88	115.01	Washington	Kittitas	47.072713	-121.377836	outside_boundary_exact	Washington, Pierce County	Mt Baker-Snoqualmie National Forest: North Bend Ranger District: Norse Peak Wilderness. FIA Site # 95896 53 53	https://lichenportal.org/portal/collections/individual/index.php?occid=3472501
3472502	OSC	OSC-M-272809	Jill Grenon	s.n.	0.88	115.01	Washington	Kittitas	47.072713	-121.377836	outside_boundary_exact	Washington, Pierce County	Mt Baker-Snoqualmie National Forest: North Bend Ranger District: Norse Peak Wilderness. FIA Site # 95896 53 53	https://lichenportal.org/portal/collections/individual/index.php?occid=3472502
3472503	OSC	OSC-M-272810	Jill Grenon	s.n.	0.88	115.01	Washington	Kittitas	47.072713	-121.377836	outside_boundary_exact	Washington, Pierce County	Mt Baker-Snoqualmie National Forest: North Bend Ranger District: Norse Peak Wilderness. FIA Site # 95896 53 53	https://lichenportal.org/portal/collections/individual/index.php?occid=3472503
3472504	OSC	OSC-M-272811	Jill Grenon	s.n.	0.88	115.01	Washington	Kittitas	47.072713	-121.377836	outside_boundary_exact	Washington, Pierce County	Mt Baker-Snoqualmie National Forest: North Bend Ranger District: Norse Peak Wilderness. FIA Site # 95896 53 53	https://lichenportal.org/portal/collections/individual/index.php?occid=3472504
2224159	OSC	93270	Jim Riley	0492	0.84	90.2	Washington	Skamania	45.7	-121.616667	outside_boundary_exact	Oregon, Hood River County	Columbia River Gorge, Highway tunnel #1 at east end of Drano lake.	https://lichenportal.org/portal/collections/individual/index.php?occid=2224159
4422987	OSC	168536	Jim Riley	0492	0.84	90.2	Washington	Skamania	45.7	-121.616667	outside_boundary_exact	Oregon, Hood River County	Columbia River Gorge National Scenic Area. Highway Tunnel #1 at east end of Drano Lake.	https://lichenportal.org/portal/collections/individual/index.php?occid=4422987
4619543	OSC	173484	Kathryn Beck	522-2	0.81	173.66	Washington	Whatcom	48.63355	-121.049319	outside_boundary_exact	Washington, Skagit County	Thunder Creek area, North Cascades NRA.	https://lichenportal.org/portal/collections/individual/index.php?occid=4619543
4794894	OSC	OSC-M-051032	M. Haldeman	1101	0.7	133.76	Washington	Whatcom	48.63895	-122.44795	outside_boundary_exact	Washington, Skagit County	Larrabee State Park, Clayton Beach	https://lichenportal.org/portal/collections/individual/index.php?occid=4794894
5856255	OSC	OSC-M-048396	Mike Haldeman	3647	0.7	133.76	Washington	Whatcom	48.6389	-122.4479	outside_boundary_exact	Washington, Skagit County	Larrabee State Park, Clayton Beach	https://lichenportal.org/portal/collections/individual/index.php?occid=5856255
3446780	OSC	OSC-M-238438	Chuck Brushwood	19	0.69	77.52	Washington	Pierce	46.8125	-122.3125	outside_boundary_exact	Washington, Thurston County	NA	https://lichenportal.org/portal/collections/individual/index.php?occid=3446780
3446781	OSC	OSC-M-238439	Chuck Brushwood	9	0.69	77.52	Washington	Pierce	46.8125	-122.3125	outside_boundary_exact	Washington, Thurston County	NA	https://lichenportal.org/portal/collections/individual/index.php?occid=3446781
3480389	OSC	OSC-M-280793	S. Berryman	s.n.	0.69	112.05	Washington	Lewis	46.38166	-122.039125	outside_boundary_exact	Washington, Skamania County	Gifford Pinchot National Forest: Cowlitz Valley Ranger District. FIA Site # 77055 53 41	https://lichenportal.org/portal/collections/individual/index.php?occid=3480389
3480390	OSC	OSC-M-280793a	S. Berryman	s.n.	0.69	112.05	Washington	Lewis	46.38166	-122.039125	outside_boundary_exact	Washington, Skamania County	Gifford Pinchot National Forest: Cowlitz Valley Ranger District. FIA Site # 77055 53 41	https://lichenportal.org/portal/collections/individual/index.php?occid=3480390
3480391	OSC	OSC-M-280794	S. Berryman	s.n.	0.69	112.05	Washington	Lewis	46.38166	-122.039125	outside_boundary_exact	Washington, Skamania County	Gifford Pinchot National Forest: Cowlitz Valley Ranger District. FIA Site # 77055 53 41	https://lichenportal.org/portal/collections/individual/index.php?occid=3480391
3480392	OSC	OSC-M-280795	S. Berryman	s.n.	0.69	112.05	Washington	Lewis	46.38166	-122.039125	outside_boundary_exact	Washington, Skamania County	Gifford Pinchot National Forest: Cowlitz Valley Ranger District. FIA Site # 77055 53 41	https://lichenportal.org/portal/collections/individual/index.php?occid=3480392
3480393	OSC	OSC-M-280796	S. Berryman	s.n.	0.69	112.05	Washington	Lewis	46.38166	-122.039125	outside_boundary_exact	Washington, Skamania County	Gifford Pinchot National Forest: Cowlitz Valley Ranger District. FIA Site # 77055 53 41	https://lichenportal.org/portal/collections/individual/index.php?occid=3480393
3480394	OSC	OSC-M-280797	S. Berryman	s.n.	0.69	112.05	Washington	Lewis	46.38166	-122.039125	outside_boundary_exact	Washington, Skamania County	Gifford Pinchot National Forest: Cowlitz Valley Ranger District. FIA Site # 77055 53 41	https://lichenportal.org/portal/collections/individual/index.php?occid=3480394
3480395	OSC	OSC-M-280798	S. Berryman	s.n.	0.69	112.05	Washington	Lewis	46.38166	-122.039125	outside_boundary_exact	Washington, Skamania County	Gifford Pinchot National Forest: Cowlitz Valley Ranger District. FIA Site # 77055 53 41	https://lichenportal.org/portal/collections/individual/index.php?occid=3480395
3480396	OSC	OSC-M-280799	S. Berryman	s.n.	0.69	112.05	Washington	Lewis	46.38166	-122.039125	outside_boundary_exact	Washington, Skamania County	Gifford Pinchot National Forest: Cowlitz Valley Ranger District. FIA Site # 77055 53 41	https://lichenportal.org/portal/collections/individual/index.php?occid=3480396
3480397	OSC	OSC-M-280800	S. Berryman	s.n.	0.69	112.05	Washington	Lewis	46.38166	-122.039125	outside_boundary_exact	Washington, Skamania County	Gifford Pinchot National Forest: Cowlitz Valley Ranger District. FIA Site # 77055 53 41	https://lichenportal.org/portal/collections/individual/index.php?occid=3480397
3480398	OSC	OSC-M-280801	S. Berryman	s.n.	0.69	112.05	Washington	Lewis	46.38166	-122.039125	outside_boundary_exact	Washington, Skamania County	Gifford Pinchot National Forest: Cowlitz Valley Ranger District. FIA Site # 77055 53 41	https://lichenportal.org/portal/collections/individual/index.php?occid=3480398
3480399	OSC	OSC-M-280802	S. Berryman	s.n.	0.69	112.05	Washington	Lewis	46.38166	-122.039125	outside_boundary_exact	Washington, Skamania County	Gifford Pinchot National Forest: Cowlitz Valley Ranger District. FIA Site # 77055 53 41	https://lichenportal.org/portal/collections/individual/index.php?occid=3480399
3480400	OSC	OSC-M-280803	S. Berryman	s.n.	0.69	112.05	Washington	Lewis	46.38166	-122.039125	outside_boundary_exact	Washington, Skamania County	Gifford Pinchot National Forest: Cowlitz Valley Ranger District. FIA Site # 77055 53 41	https://lichenportal.org/portal/collections/individual/index.php?occid=3480400
3480401	OSC	OSC-M-280804	S. Berryman	s.n.	0.69	112.05	Washington	Lewis	46.38166	-122.039125	outside_boundary_exact	Washington, Skamania County	Gifford Pinchot National Forest: Cowlitz Valley Ranger District. FIA Site # 77055 53 41	https://lichenportal.org/portal/collections/individual/index.php?occid=3480401
3480402	OSC	OSC-M-280805	S. Berryman	s.n.	0.69	112.05	Washington	Lewis	46.38166	-122.039125	outside_boundary_exact	Washington, Skamania County	Gifford Pinchot National Forest: Cowlitz Valley Ranger District. FIA Site # 77055 53 41	https://lichenportal.org/portal/collections/individual/index.php?occid=3480402
3480403	OSC	OSC-M-280806	S. Berryman	s.n.	0.69	112.05	Washington	Lewis	46.38166	-122.039125	outside_boundary_exact	Washington, Skamania County	Gifford Pinchot National Forest: Cowlitz Valley Ranger District. FIA Site # 77055 53 41	https://lichenportal.org/portal/collections/individual/index.php?occid=3480403
3480404	OSC	OSC-M-280807	S. Berryman	s.n.	0.69	112.05	Washington	Lewis	46.38166	-122.039125	outside_boundary_exact	Washington, Skamania County	Gifford Pinchot National Forest: Cowlitz Valley Ranger District. FIA Site # 77055 53 41	https://lichenportal.org/portal/collections/individual/index.php?occid=3480404
4421993	OSC	165327	Jim Riley	0027	0.69	154.37	Washington	Lewis	46.651233333333	-121.39000833333	outside_boundary_exact	Washington, Yakima County	Naches R.D., Mount Baker-Snoqualmie N.F. Along the Dark Meadows Loop Ski Trail.	https://lichenportal.org/portal/collections/individual/index.php?occid=4421993
4422202	OSC	167770	Jim Riley	0279	0.69	101.92	Washington	Skamania	46.308888888889	-121.51333333333	outside_boundary_exact	Washington, Yakima County	Mt. Adams Wilderness, Gifford Pinchot N.F. Lava Spring.	https://lichenportal.org/portal/collections/individual/index.php?occid=4422202
4422606	OSC	168154	Jim Riley	0341	0.69	101.92	Washington	Skamania	46.308888888889	-121.51333333333	outside_boundary_exact	Washington, Yakima County	Mt. Adams Wilderness, Gifford Pinchot N.F. Lava Spring.	https://lichenportal.org/portal/collections/individual/index.php?occid=4422606
4422778	OSC	168326	Jim Riley	0338	0.69	101.92	Washington	Skamania	46.308889	-121.513333	outside_boundary_exact	Washington, Yakima County	Mt. Adams Wilderness, Gifford Pinchot N.F., Lava Spring.	https://lichenportal.org/portal/collections/individual/index.php?occid=4422778
4422862	OSC	168410	Jim Riley	0280	0.69	101.92	Washington	Skamania	46.308888888889	-121.51333333333	outside_boundary_exact	Washington, Yakima County	Mt. Adams Wilderness, Gifford Pinchot N.F. Lava Spring.	https://lichenportal.org/portal/collections/individual/index.php?occid=4422862
4422882	OSC	168431	Jim Riley	0185	0.69	101.92	Washington	Skamania	46.308889	-121.513333	outside_boundary_exact	Washington, Yakima County	Mt. Adams Wilderness, Gifford Pinchot N.F. Lava Spring.	https://lichenportal.org/portal/collections/individual/index.php?occid=4422882
4422922	OSC	168471	Jim Riley	0340	0.69	101.92	Washington	Skamania	46.308889	-121.513333	outside_boundary_exact	Washington, Yakima County	Mt. Adams Wilderness, Gifford Pinchot N.F. Lava Spring.	https://lichenportal.org/portal/collections/individual/index.php?occid=4422922
4423349	OSC	168972	Jim Riley	0283	0.69	101.92	Washington	Skamania	46.308888888889	-121.51333333333	outside_boundary_exact	Washington, Yakima County	Mt. Adams Wilderness, Gifford Pinchot N.F. Lava Spring.	https://lichenportal.org/portal/collections/individual/index.php?occid=4423349
4423421	OSC	169044	Jim Riley	0284	0.69	101.92	Washington	Skamania	46.308888888889	-121.51333333333	outside_boundary_exact	Washington, Yakima County	Mt. Adams Wilderness, Gifford Pinchot N.F. Lava Spring.	https://lichenportal.org/portal/collections/individual/index.php?occid=4423421
4423615	OSC	169180	Jim Riley	0281	0.69	101.92	Washington	Skamania	46.308888888889	-121.51333333333	outside_boundary_exact	Washington, Yakima County	Mt. Adams Wilderness, Gifford Pinchot N.F. Lava Spring.	https://lichenportal.org/portal/collections/individual/index.php?occid=4423615
4423640	OSC	169205	Jim Riley	0282	0.69	101.92	Washington	Skamania	46.308888888889	-121.51333333333	outside_boundary_exact	Washington, Yakima County	Mt. Adams Wilderness, Gifford Pinchot N.F. Lava Spring.	https://lichenportal.org/portal/collections/individual/index.php?occid=4423640
2219701	OSC	136260	Clifton Cooper	970712-03	0.62	74.37	Washington	Thurston	46.833333	-122.3	outside_boundary_exact	Washington, Pierce County	UW Pack Forest. T16N, R4E, S28.	https://lichenportal.org/portal/collections/individual/index.php?occid=2219701
2219703	OSC	136264	Clifton Cooper	970712-02	0.62	74.37	Washington	Thurston	46.83333333	-122.3	outside_boundary_exact	Washington, Pierce County	UW Pack Forest. T16N, R4E, S28.	https://lichenportal.org/portal/collections/individual/index.php?occid=2219703
2219707	OSC	136271	Clifton Cooper	970712-01	0.62	74.37	Washington	Thurston	46.83333333	-122.3	outside_boundary_exact	Washington, Pierce County	UW Pack Forest. T16N, R4E, S28.	https://lichenportal.org/portal/collections/individual/index.php?occid=2219707
2219711	OSC	136275	Clifton Cooper	970712-12	0.62	74.37	Washington	Thurston	46.83333333	-122.3	outside_boundary_exact	Washington, Pierce County	UW Pack Forest, T16N, R4E, S28.	https://lichenportal.org/portal/collections/individual/index.php?occid=2219711
2219725	OSC	136295	Clifton Cooper	Cooper 970712-10	0.62	74.37	Washington	Thurston	46.83333333	-122.3	outside_boundary_exact	Washington, Pierce County	UW Pack Forest, T16N, R4E, S28.	https://lichenportal.org/portal/collections/individual/index.php?occid=2219725
2219732	OSC	136305	Clifton Cooper	970712-15	0.62	74.37	Washington	Thurston	46.83333333	-122.3	outside_boundary_exact	Washington, Pierce County	UW Pack Forest, T16N, R4E, S27.	https://lichenportal.org/portal/collections/individual/index.php?occid=2219732
2219733	OSC	136306	Clifton Cooper	970712-14	0.62	74.37	Washington	Thurston	46.83333333	-122.3	outside_boundary_exact	Washington, Pierce County	UW Pack Forest, T16N, R4E, S27.	https://lichenportal.org/portal/collections/individual/index.php?occid=2219733
3458492	OSC	OSC-M-259263	E. Phenix	s.n.	0.62	132.51	Washington	Lewis	46.383012	-121.751491	outside_boundary_exact	Washington, Skamania County	Gifford Pinchot National Forest: Cowlitz Valley Ranger District. FIA Site # 54098 53 59	https://lichenportal.org/portal/collections/individual/index.php?occid=3458492
3458493	OSC	OSC-M-259264	E. Phenix	s.n.	0.62	132.51	Washington	Lewis	46.383012	-121.751491	outside_boundary_exact	Washington, Skamania County	Gifford Pinchot National Forest: Cowlitz Valley Ranger District. FIA Site # 54098 53 59	https://lichenportal.org/portal/collections/individual/index.php?occid=3458493
3458494	OSC	OSC-M-259264a	E. Phenix	s.n.	0.62	132.51	Washington	Lewis	46.383012	-121.751491	outside_boundary_exact	Washington, Skamania County	Gifford Pinchot National Forest: Cowlitz Valley Ranger District. FIA Site # 54098 53 59	https://lichenportal.org/portal/collections/individual/index.php?occid=3458494
3458495	OSC	OSC-M-259265	E. Phenix	s.n.	0.62	132.51	Washington	Lewis	46.383012	-121.751491	outside_boundary_exact	Washington, Skamania County	Gifford Pinchot National Forest: Cowlitz Valley Ranger District. FIA Site # 54098 53 59	https://lichenportal.org/portal/collections/individual/index.php?occid=3458495
3458496	OSC	OSC-M-259266	E. Phenix	s.n.	0.62	132.51	Washington	Lewis	46.383012	-121.751491	outside_boundary_exact	Washington, Skamania County	Gifford Pinchot National Forest: Cowlitz Valley Ranger District. FIA Site # 54098 53 59	https://lichenportal.org/portal/collections/individual/index.php?occid=3458496
3458497	OSC	OSC-M-259266a	E. Phenix	s.n.	0.62	132.51	Washington	Lewis	46.383012	-121.751491	outside_boundary_exact	Washington, Skamania County	Gifford Pinchot National Forest: Cowlitz Valley Ranger District. FIA Site # 54098 53 59	https://lichenportal.org/portal/collections/individual/index.php?occid=3458497
3458498	OSC	OSC-M-259267	E. Phenix	s.n.	0.62	132.51	Washington	Lewis	46.383012	-121.751491	outside_boundary_exact	Washington, Skamania County	Gifford Pinchot National Forest: Cowlitz Valley Ranger District. FIA Site # 54098 53 59	https://lichenportal.org/portal/collections/individual/index.php?occid=3458498
3458499	OSC	OSC-M-259268	E. Phenix	s.n.	0.62	132.51	Washington	Lewis	46.383012	-121.751491	outside_boundary_exact	Washington, Skamania County	Gifford Pinchot National Forest: Cowlitz Valley Ranger District. FIA Site # 54098 53 59	https://lichenportal.org/portal/collections/individual/index.php?occid=3458499
3458500	OSC	OSC-M-259269	E. Phenix	s.n.	0.62	132.51	Washington	Lewis	46.383012	-121.751491	outside_boundary_exact	Washington, Skamania County	Gifford Pinchot National Forest: Cowlitz Valley Ranger District. FIA Site # 54098 53 59	https://lichenportal.org/portal/collections/individual/index.php?occid=3458500
3458501	OSC	OSC-M-259270	E. Phenix	s.n.	0.62	132.51	Washington	Lewis	46.383012	-121.751491	outside_boundary_exact	Washington, Skamania County	Gifford Pinchot National Forest: Cowlitz Valley Ranger District. FIA Site # 54098 53 59	https://lichenportal.org/portal/collections/individual/index.php?occid=3458501
3458502	OSC	OSC-M-259271	E. Phenix	s.n.	0.62	132.51	Washington	Lewis	46.383012	-121.751491	outside_boundary_exact	Washington, Skamania County	Gifford Pinchot National Forest: Cowlitz Valley Ranger District. FIA Site # 54098 53 59	https://lichenportal.org/portal/collections/individual/index.php?occid=3458502
3458503	OSC	OSC-M-259272	E. Phenix	s.n.	0.62	132.51	Washington	Lewis	46.383012	-121.751491	outside_boundary_exact	Washington, Skamania County	Gifford Pinchot National Forest: Cowlitz Valley Ranger District. FIA Site # 54098 53 59	https://lichenportal.org/portal/collections/individual/index.php?occid=3458503
3458504	OSC	OSC-M-259273	E. Phenix	s.n.	0.62	132.51	Washington	Lewis	46.383012	-121.751491	outside_boundary_exact	Washington, Skamania County	Gifford Pinchot National Forest: Cowlitz Valley Ranger District. FIA Site # 54098 53 59	https://lichenportal.org/portal/collections/individual/index.php?occid=3458504
3458505	OSC	OSC-M-259274	E. Phenix	s.n.	0.62	132.51	Washington	Lewis	46.383012	-121.751491	outside_boundary_exact	Washington, Skamania County	Gifford Pinchot National Forest: Cowlitz Valley Ranger District. FIA Site # 54098 53 59	https://lichenportal.org/portal/collections/individual/index.php?occid=3458505
3458506	OSC	OSC-M-259275	E. Phenix	s.n.	0.62	132.51	Washington	Lewis	46.383012	-121.751491	outside_boundary_exact	Washington, Skamania County	Gifford Pinchot National Forest: Cowlitz Valley Ranger District. FIA Site # 54098 53 59	https://lichenportal.org/portal/collections/individual/index.php?occid=3458506
3458507	OSC	OSC-M-259276	E. Phenix	s.n.	0.62	132.51	Washington	Lewis	46.383012	-121.751491	outside_boundary_exact	Washington, Skamania County	Gifford Pinchot National Forest: Cowlitz Valley Ranger District. FIA Site # 54098 53 59	https://lichenportal.org/portal/collections/individual/index.php?occid=3458507
3458508	OSC	OSC-M-259277	E. Phenix	s.n.	0.62	132.51	Washington	Lewis	46.383012	-121.751491	outside_boundary_exact	Washington, Skamania County	Gifford Pinchot National Forest: Cowlitz Valley Ranger District. FIA Site # 54098 53 59	https://lichenportal.org/portal/collections/individual/index.php?occid=3458508
3458509	OSC	OSC-M-259278	E. Phenix	s.n.	0.62	132.51	Washington	Lewis	46.383012	-121.751491	outside_boundary_exact	Washington, Skamania County	Gifford Pinchot National Forest: Cowlitz Valley Ranger District. FIA Site # 54098 53 59	https://lichenportal.org/portal/collections/individual/index.php?occid=3458509
3458510	OSC	OSC-M-259279	E. Phenix	s.n.	0.62	132.51	Washington	Lewis	46.383012	-121.751491	outside_boundary_exact	Washington, Skamania County	Gifford Pinchot National Forest: Cowlitz Valley Ranger District. FIA Site # 54098 53 59	https://lichenportal.org/portal/collections/individual/index.php?occid=3458510
3458511	OSC	OSC-M-259280	S. Berryman	s.n.	0.62	132.51	Washington	Lewis	46.383012	-121.751491	outside_boundary_exact	Washington, Skamania County	Gifford Pinchot National Forest: Cowlitz Valley Ranger District. FIA Site # 54098 53 59	https://lichenportal.org/portal/collections/individual/index.php?occid=3458511
3458512	OSC	OSC-M-259281	S. Berryman	s.n.	0.62	132.51	Washington	Lewis	46.383012	-121.751491	outside_boundary_exact	Washington, Skamania County	Gifford Pinchot National Forest: Cowlitz Valley Ranger District. FIA Site # 54098 53 59	https://lichenportal.org/portal/collections/individual/index.php?occid=3458512
3458513	OSC	OSC-M-259282	S. Berryman	s.n.	0.62	132.51	Washington	Lewis	46.383012	-121.751491	outside_boundary_exact	Washington, Skamania County	Gifford Pinchot National Forest: Cowlitz Valley Ranger District. FIA Site # 54098 53 59	https://lichenportal.org/portal/collections/individual/index.php?occid=3458513
3458514	OSC	OSC-M-259283	S. Berryman	s.n.	0.62	132.51	Washington	Lewis	46.383012	-121.751491	outside_boundary_exact	Washington, Skamania County	Gifford Pinchot National Forest: Cowlitz Valley Ranger District. FIA Site # 54098 53 59	https://lichenportal.org/portal/collections/individual/index.php?occid=3458514
3458515	OSC	OSC-M-259284	S. Berryman	s.n.	0.62	132.51	Washington	Lewis	46.383012	-121.751491	outside_boundary_exact	Washington, Skamania County	Gifford Pinchot National Forest: Cowlitz Valley Ranger District. FIA Site # 54098 53 59	https://lichenportal.org/portal/collections/individual/index.php?occid=3458515
3458516	OSC	OSC-M-259285	S. Berryman	s.n.	0.62	132.51	Washington	Lewis	46.383012	-121.751491	outside_boundary_exact	Washington, Skamania County	Gifford Pinchot National Forest: Cowlitz Valley Ranger District. FIA Site # 54098 53 59	https://lichenportal.org/portal/collections/individual/index.php?occid=3458516
3458517	OSC	OSC-M-259286	S. Berryman	s.n.	0.62	132.51	Washington	Lewis	46.383012	-121.751491	outside_boundary_exact	Washington, Skamania County	Gifford Pinchot National Forest: Cowlitz Valley Ranger District. FIA Site # 54098 53 59	https://lichenportal.org/portal/collections/individual/index.php?occid=3458517
3458518	OSC	OSC-M-259287	S. Berryman	s.n.	0.62	132.51	Washington	Lewis	46.383012	-121.751491	outside_boundary_exact	Washington, Skamania County	Gifford Pinchot National Forest: Cowlitz Valley Ranger District. FIA Site # 54098 53 59	https://lichenportal.org/portal/collections/individual/index.php?occid=3458518
3458519	OSC	OSC-M-259288	S. Berryman	s.n.	0.62	132.51	Washington	Lewis	46.383012	-121.751491	outside_boundary_exact	Washington, Skamania County	Gifford Pinchot National Forest: Cowlitz Valley Ranger District. FIA Site # 54098 53 59	https://lichenportal.org/portal/collections/individual/index.php?occid=3458519
3458520	OSC	OSC-M-259289	S. Berryman	s.n.	0.62	132.51	Washington	Lewis	46.383012	-121.751491	outside_boundary_exact	Washington, Skamania County	Gifford Pinchot National Forest: Cowlitz Valley Ranger District. FIA Site # 54098 53 59	https://lichenportal.org/portal/collections/individual/index.php?occid=3458520
3458521	OSC	OSC-M-259290	S. Berryman	s.n.	0.62	132.51	Washington	Lewis	46.383012	-121.751491	outside_boundary_exact	Washington, Skamania County	Gifford Pinchot National Forest: Cowlitz Valley Ranger District. FIA Site # 54098 53 59	https://lichenportal.org/portal/collections/individual/index.php?occid=3458521
3458522	OSC	OSC-M-259291	S. Berryman	s.n.	0.62	132.51	Washington	Lewis	46.383012	-121.751491	outside_boundary_exact	Washington, Skamania County	Gifford Pinchot National Forest: Cowlitz Valley Ranger District. FIA Site # 54098 53 59	https://lichenportal.org/portal/collections/individual/index.php?occid=3458522
3458523	OSC	OSC-M-259292	S. Berryman	s.n.	0.62	132.51	Washington	Lewis	46.383012	-121.751491	outside_boundary_exact	Washington, Skamania County	Gifford Pinchot National Forest: Cowlitz Valley Ranger District. FIA Site # 54098 53 59	https://lichenportal.org/portal/collections/individual/index.php?occid=3458523
3458524	OSC	OSC-M-259293	S. Berryman	s.n.	0.62	132.51	Washington	Lewis	46.383012	-121.751491	outside_boundary_exact	Washington, Skamania County	Gifford Pinchot National Forest: Cowlitz Valley Ranger District. FIA Site # 54098 53 59	https://lichenportal.org/portal/collections/individual/index.php?occid=3458524
3458525	OSC	OSC-M-259294	S. Berryman	s.n.	0.62	132.51	Washington	Lewis	46.383012	-121.751491	outside_boundary_exact	Washington, Skamania County	Gifford Pinchot National Forest: Cowlitz Valley Ranger District. FIA Site # 54098 53 59	https://lichenportal.org/portal/collections/individual/index.php?occid=3458525
3458526	OSC	OSC-M-259295	S. Berryman	s.n.	0.62	132.51	Washington	Lewis	46.383012	-121.751491	outside_boundary_exact	Washington, Skamania County	Gifford Pinchot National Forest: Cowlitz Valley Ranger District. FIA Site # 54098 53 59	https://lichenportal.org/portal/collections/individual/index.php?occid=3458526
3458527	OSC	OSC-M-259296	S. Berryman	s.n.	0.62	132.51	Washington	Lewis	46.383012	-121.751491	outside_boundary_exact	Washington, Skamania County	Gifford Pinchot National Forest: Cowlitz Valley Ranger District. FIA Site # 54098 53 59	https://lichenportal.org/portal/collections/individual/index.php?occid=3458527
3458528	OSC	OSC-M-259297	S. Berryman	s.n.	0.62	132.51	Washington	Lewis	46.383012	-121.751491	outside_boundary_exact	Washington, Skamania County	Gifford Pinchot National Forest: Cowlitz Valley Ranger District. FIA Site # 54098 53 59	https://lichenportal.org/portal/collections/individual/index.php?occid=3458528
3458529	OSC	OSC-M-259298	S. Berryman	s.n.	0.62	132.51	Washington	Lewis	46.383012	-121.751491	outside_boundary_exact	Washington, Skamania County	Gifford Pinchot National Forest: Cowlitz Valley Ranger District. FIA Site # 54098 53 59	https://lichenportal.org/portal/collections/individual/index.php?occid=3458529
3458530	OSC	OSC-M-259299	S. Berryman	s.n.	0.62	132.51	Washington	Lewis	46.383012	-121.751491	outside_boundary_exact	Washington, Skamania County	Gifford Pinchot National Forest: Cowlitz Valley Ranger District. FIA Site # 54098 53 59	https://lichenportal.org/portal/collections/individual/index.php?occid=3458530
3458531	OSC	OSC-M-259300	S. Berryman	s.n.	0.62	132.51	Washington	Lewis	46.383012	-121.751491	outside_boundary_exact	Washington, Skamania County	Gifford Pinchot National Forest: Cowlitz Valley Ranger District. FIA Site # 54098 53 59	https://lichenportal.org/portal/collections/individual/index.php?occid=3458531
3458532	OSC	OSC-M-259301	S. Berryman	s.n.	0.62	132.51	Washington	Lewis	46.383012	-121.751491	outside_boundary_exact	Washington, Skamania County	Gifford Pinchot National Forest: Cowlitz Valley Ranger District. FIA Site # 54098 53 59	https://lichenportal.org/portal/collections/individual/index.php?occid=3458532
3458533	OSC	OSC-M-259302	S. Berryman	s.n.	0.62	132.51	Washington	Lewis	46.383012	-121.751491	outside_boundary_exact	Washington, Skamania County	Gifford Pinchot National Forest: Cowlitz Valley Ranger District. FIA Site # 54098 53 59	https://lichenportal.org/portal/collections/individual/index.php?occid=3458533
3458534	OSC	OSC-M-259303	S. Berryman	s.n.	0.62	132.51	Washington	Lewis	46.383012	-121.751491	outside_boundary_exact	Washington, Skamania County	Gifford Pinchot National Forest: Cowlitz Valley Ranger District. FIA Site # 54098 53 59	https://lichenportal.org/portal/collections/individual/index.php?occid=3458534
3458535	OSC	OSC-M-259304	S. Berryman	s.n.	0.62	132.51	Washington	Lewis	46.383012	-121.751491	outside_boundary_exact	Washington, Skamania County	Gifford Pinchot National Forest: Cowlitz Valley Ranger District. FIA Site # 54098 53 59	https://lichenportal.org/portal/collections/individual/index.php?occid=3458535
3458536	OSC	OSC-M-259304a	S. Berryman	s.n.	0.62	132.51	Washington	Lewis	46.383012	-121.751491	outside_boundary_exact	Washington, Skamania County	Gifford Pinchot National Forest: Cowlitz Valley Ranger District. FIA Site # 54098 53 59	https://lichenportal.org/portal/collections/individual/index.php?occid=3458536
3458537	OSC	OSC-M-259305	Linda Geiser	s.n.	0.62	132.51	Washington	Lewis	46.383012	-121.751491	outside_boundary_exact	Washington, Skamania County	Gifford Pinchot National Forest: Cowlitz Valley Ranger District. FIA Site # 54098 53 59	https://lichenportal.org/portal/collections/individual/index.php?occid=3458537
3458538	OSC	OSC-M-259306	Linda Geiser	s.n.	0.62	132.51	Washington	Lewis	46.383012	-121.751491	outside_boundary_exact	Washington, Skamania County	Gifford Pinchot National Forest: Cowlitz Valley Ranger District. FIA Site # 54098 53 59	https://lichenportal.org/portal/collections/individual/index.php?occid=3458538
3458539	OSC	OSC-M-259307	Linda Geiser	s.n.	0.62	132.51	Washington	Lewis	46.383012	-121.751491	outside_boundary_exact	Washington, Skamania County	Gifford Pinchot National Forest: Cowlitz Valley Ranger District. FIA Site # 54098 53 59	https://lichenportal.org/portal/collections/individual/index.php?occid=3458539
3458540	OSC	OSC-M-259308	Linda Geiser	s.n.	0.62	132.51	Washington	Lewis	46.383012	-121.751491	outside_boundary_exact	Washington, Skamania County	Gifford Pinchot National Forest: Cowlitz Valley Ranger District. FIA Site # 54098 53 59	https://lichenportal.org/portal/collections/individual/index.php?occid=3458540
3458541	OSC	OSC-M-259309	Linda Geiser	s.n.	0.62	132.51	Washington	Lewis	46.383012	-121.751491	outside_boundary_exact	Washington, Skamania County	Gifford Pinchot National Forest: Cowlitz Valley Ranger District. FIA Site # 54098 53 59	https://lichenportal.org/portal/collections/individual/index.php?occid=3458541
3458542	OSC	OSC-M-259310	Linda Geiser	s.n.	0.62	132.51	Washington	Lewis	46.383012	-121.751491	outside_boundary_exact	Washington, Skamania County	Gifford Pinchot National Forest: Cowlitz Valley Ranger District. FIA Site # 54098 53 59	https://lichenportal.org/portal/collections/individual/index.php?occid=3458542
3458543	OSC	OSC-M-259311	Linda Geiser	s.n.	0.62	132.51	Washington	Lewis	46.383012	-121.751491	outside_boundary_exact	Washington, Skamania County	Gifford Pinchot National Forest: Cowlitz Valley Ranger District. FIA Site # 54098 53 59	https://lichenportal.org/portal/collections/individual/index.php?occid=3458543
3458544	OSC	OSC-M-259312	Linda Geiser	s.n.	0.62	132.51	Washington	Lewis	46.383012	-121.751491	outside_boundary_exact	Washington, Skamania County	Gifford Pinchot National Forest: Cowlitz Valley Ranger District. FIA Site # 54098 53 59	https://lichenportal.org/portal/collections/individual/index.php?occid=3458544
3458545	OSC	OSC-M-259313	Linda Geiser	s.n.	0.62	132.51	Washington	Lewis	46.383012	-121.751491	outside_boundary_exact	Washington, Skamania County	Gifford Pinchot National Forest: Cowlitz Valley Ranger District. FIA Site # 54098 53 59	https://lichenportal.org/portal/collections/individual/index.php?occid=3458545
3458546	OSC	OSC-M-259314	Linda Geiser	s.n.	0.62	132.51	Washington	Lewis	46.383012	-121.751491	outside_boundary_exact	Washington, Skamania County	Gifford Pinchot National Forest: Cowlitz Valley Ranger District. FIA Site # 54098 53 59	https://lichenportal.org/portal/collections/individual/index.php?occid=3458546
3458547	OSC	OSC-M-259315	Linda Geiser	s.n.	0.62	132.51	Washington	Lewis	46.383012	-121.751491	outside_boundary_exact	Washington, Skamania County	Gifford Pinchot National Forest: Cowlitz Valley Ranger District. FIA Site # 54098 53 59	https://lichenportal.org/portal/collections/individual/index.php?occid=3458547
3458548	OSC	OSC-M-259316	Linda Geiser	s.n.	0.62	132.51	Washington	Lewis	46.383012	-121.751491	outside_boundary_exact	Washington, Skamania County	Gifford Pinchot National Forest: Cowlitz Valley Ranger District. FIA Site # 54098 53 59	https://lichenportal.org/portal/collections/individual/index.php?occid=3458548
3458549	OSC	OSC-M-259317	Linda Geiser	s.n.	0.62	132.51	Washington	Lewis	46.383012	-121.751491	outside_boundary_exact	Washington, Skamania County	Gifford Pinchot National Forest: Cowlitz Valley Ranger District. FIA Site # 54098 53 59	https://lichenportal.org/portal/collections/individual/index.php?occid=3458549
3458550	OSC	OSC-M-259318	Linda Geiser	s.n.	0.62	132.51	Washington	Lewis	46.383012	-121.751491	outside_boundary_exact	Washington, Skamania County	Gifford Pinchot National Forest: Cowlitz Valley Ranger District. FIA Site # 54098 53 59	https://lichenportal.org/portal/collections/individual/index.php?occid=3458550
3458551	OSC	OSC-M-259319	Linda Geiser	s.n.	0.62	132.51	Washington	Lewis	46.383012	-121.751491	outside_boundary_exact	Washington, Skamania County	Gifford Pinchot National Forest: Cowlitz Valley Ranger District. FIA Site # 54098 53 59	https://lichenportal.org/portal/collections/individual/index.php?occid=3458551
3458552	OSC	OSC-M-259320	Linda Geiser	s.n.	0.62	132.51	Washington	Lewis	46.383012	-121.751491	outside_boundary_exact	Washington, Skamania County	Gifford Pinchot National Forest: Cowlitz Valley Ranger District. FIA Site # 54098 53 59	https://lichenportal.org/portal/collections/individual/index.php?occid=3458552
3458553	OSC	OSC-M-259321	Linda Geiser	s.n.	0.62	132.51	Washington	Lewis	46.383012	-121.751491	outside_boundary_exact	Washington, Skamania County	Gifford Pinchot National Forest: Cowlitz Valley Ranger District. FIA Site # 54098 53 59	https://lichenportal.org/portal/collections/individual/index.php?occid=3458553
3458554	OSC	OSC-M-259322	Linda Geiser	s.n.	0.62	132.51	Washington	Lewis	46.383012	-121.751491	outside_boundary_exact	Washington, Skamania County	Gifford Pinchot National Forest: Cowlitz Valley Ranger District. FIA Site # 54098 53 59	https://lichenportal.org/portal/collections/individual/index.php?occid=3458554
3458555	OSC	OSC-M-259323	Linda Geiser	s.n.	0.62	132.51	Washington	Lewis	46.383012	-121.751491	outside_boundary_exact	Washington, Skamania County	Gifford Pinchot National Forest: Cowlitz Valley Ranger District. FIA Site # 54098 53 59	https://lichenportal.org/portal/collections/individual/index.php?occid=3458555
3458556	OSC	OSC-M-259324	Linda Geiser	s.n.	0.62	132.51	Washington	Lewis	46.383012	-121.751491	outside_boundary_exact	Washington, Skamania County	Gifford Pinchot National Forest: Cowlitz Valley Ranger District. FIA Site # 54098 53 59	https://lichenportal.org/portal/collections/individual/index.php?occid=3458556
3458758	OSC	OSC-M-259507	Linda Geiser	s.n.	0.62	132.51	Washington	Lewis	46.383012	-121.751491	outside_boundary_exact	Washington, Skamania County	Gifford Pinchot National Forest: Cowlitz Valley Ranger District. FIA Site # 54098 53 59	https://lichenportal.org/portal/collections/individual/index.php?occid=3458758
3458759	OSC	OSC-M-259508	Linda Geiser	s.n.	0.62	132.51	Washington	Lewis	46.383012	-121.751491	outside_boundary_exact	Washington, Skamania County	Gifford Pinchot National Forest: Cowlitz Valley Ranger District. FIA Site # 54098 53 59	https://lichenportal.org/portal/collections/individual/index.php?occid=3458759
3458760	OSC	OSC-M-259509	Linda Geiser	s.n.	0.62	132.51	Washington	Lewis	46.383012	-121.751491	outside_boundary_exact	Washington, Skamania County	Gifford Pinchot National Forest: Cowlitz Valley Ranger District. FIA Site # 54098 53 59	https://lichenportal.org/portal/collections/individual/index.php?occid=3458760
3469914	OSC	OSC-M-270065	Linda Geiser	s.n.	0.62	132.51	Washington	Lewis	46.383012	-121.751491	outside_boundary_exact	Washington, Skamania County	Gifford Pinchot National Forest: Cowlitz Valley Ranger District. FIA Site # 54098 53 59	https://lichenportal.org/portal/collections/individual/index.php?occid=3469914
3469915	OSC	OSC-M-270065a	Linda Geiser	s.n.	0.62	132.51	Washington	Lewis	46.383012	-121.751491	outside_boundary_exact	Washington, Skamania County	Gifford Pinchot National Forest: Cowlitz Valley Ranger District. FIA Site # 54098 53 59	https://lichenportal.org/portal/collections/individual/index.php?occid=3469915
3469916	OSC	OSC-M-270066	S. Berryman	s.n.	0.62	132.51	Washington	Lewis	46.383012	-121.751491	outside_boundary_exact	Washington, Skamania County	Gifford Pinchot National Forest: Cowlitz Valley Ranger District. FIA Site # 54098 53 59	https://lichenportal.org/portal/collections/individual/index.php?occid=3469916
4415407	OSC	136282	Clifton Cooper	970712-13	0.62	74.37	Washington	Thurston	46.83333333	-122.3	outside_boundary_exact	Washington, Pierce County	UW Pack Forest, T16N, R4E, S27.	https://lichenportal.org/portal/collections/individual/index.php?occid=4415407
4419543	OSC	170143	Scot Loring	SCL17376	0.61	120.11	Washington	Lewis	46.383099	-121.924313	outside_boundary_exact	Washington, Skamania County	South of Randle; in Greenhorn Cr.	https://lichenportal.org/portal/collections/individual/index.php?occid=4419543
4443266	OSC	OSC-M-214340	Carolina Hooper	NA	0.6	132.59	Washington	Lewis	46.383176	-121.750295	outside_boundary_exact	Washington, Skamania County	FIA Site # 54098	https://lichenportal.org/portal/collections/individual/index.php?occid=4443266
4443267	OSC	OSC-M-214341	Carolina Hooper	NA	0.6	132.59	Washington	Lewis	46.383176	-121.750295	outside_boundary_exact	Washington, Skamania County	FIA Site # 54098	https://lichenportal.org/portal/collections/individual/index.php?occid=4443267
4443268	OSC	OSC-M-214342	Carolina Hooper	NA	0.6	132.59	Washington	Lewis	46.383176	-121.750295	outside_boundary_exact	Washington, Skamania County	FIA Site # 54098	https://lichenportal.org/portal/collections/individual/index.php?occid=4443268
4443269	OSC	OSC-M-214343	Carolina Hooper	NA	0.6	132.59	Washington	Lewis	46.383176	-121.750295	outside_boundary_exact	Washington, Skamania County	FIA Site # 54098	https://lichenportal.org/portal/collections/individual/index.php?occid=4443269
4443270	OSC	OSC-M-214344	Carolina Hooper	NA	0.6	132.59	Washington	Lewis	46.383176	-121.750295	outside_boundary_exact	Washington, Skamania County	FIA Site # 54098	https://lichenportal.org/portal/collections/individual/index.php?occid=4443270
4443271	OSC	OSC-M-214345	Carolina Hooper	NA	0.6	132.59	Washington	Lewis	46.383176	-121.750295	outside_boundary_exact	Washington, Skamania County	FIA Site # 54098	https://lichenportal.org/portal/collections/individual/index.php?occid=4443271
4443272	OSC	OSC-M-214346	Carolina Hooper	NA	0.6	132.59	Washington	Lewis	46.383176	-121.750295	outside_boundary_exact	Washington, Skamania County	FIA Site # 54098	https://lichenportal.org/portal/collections/individual/index.php?occid=4443272
4443273	OSC	OSC-M-214347	Carolina Hooper	NA	0.6	132.59	Washington	Lewis	46.383176	-121.750295	outside_boundary_exact	Washington, Skamania County	FIA Site # 54098	https://lichenportal.org/portal/collections/individual/index.php?occid=4443273
4443274	OSC	OSC-M-214348	Carolina Hooper	NA	0.6	132.59	Washington	Lewis	46.383176	-121.750295	outside_boundary_exact	Washington, Skamania County	FIA Site # 54098	https://lichenportal.org/portal/collections/individual/index.php?occid=4443274
4443275	OSC	OSC-M-214349	Carolina Hooper	NA	0.6	132.59	Washington	Lewis	46.383176	-121.750295	outside_boundary_exact	Washington, Skamania County	FIA Site # 54098	https://lichenportal.org/portal/collections/individual/index.php?occid=4443275
4443276	OSC	OSC-M-214350	Carolina Hooper	NA	0.6	132.59	Washington	Lewis	46.383176	-121.750295	outside_boundary_exact	Washington, Skamania County	FIA Site # 54098	https://lichenportal.org/portal/collections/individual/index.php?occid=4443276
4443277	OSC	OSC-M-214351	Carolina Hooper	NA	0.6	132.59	Washington	Lewis	46.383176	-121.750295	outside_boundary_exact	Washington, Skamania County	FIA Site # 54098	https://lichenportal.org/portal/collections/individual/index.php?occid=4443277
4443278	OSC	OSC-M-214352	Carolina Hooper	NA	0.6	132.59	Washington	Lewis	46.383176	-121.750295	outside_boundary_exact	Washington, Skamania County	FIA Site # 54098	https://lichenportal.org/portal/collections/individual/index.php?occid=4443278
4443279	OSC	OSC-M-214353	Carolina Hooper	NA	0.6	132.59	Washington	Lewis	46.383176	-121.750295	outside_boundary_exact	Washington, Skamania County	FIA Site # 54098	https://lichenportal.org/portal/collections/individual/index.php?occid=4443279
4443280	OSC	OSC-M-214354	Carolina Hooper	NA	0.6	132.59	Washington	Lewis	46.383176	-121.750295	outside_boundary_exact	Washington, Skamania County	FIA Site # 54098	https://lichenportal.org/portal/collections/individual/index.php?occid=4443280
4443281	OSC	OSC-M-214355	Carolina Hooper	NA	0.6	132.59	Washington	Lewis	46.383176	-121.750295	outside_boundary_exact	Washington, Skamania County	FIA Site # 54098	https://lichenportal.org/portal/collections/individual/index.php?occid=4443281
4443282	OSC	OSC-M-214356	Carolina Hooper	NA	0.6	132.59	Washington	Lewis	46.383176	-121.750295	outside_boundary_exact	Washington, Skamania County	FIA Site # 54098	https://lichenportal.org/portal/collections/individual/index.php?occid=4443282
4443283	OSC	OSC-M-214357	Carolina Hooper	NA	0.6	132.59	Washington	Lewis	46.383176	-121.750295	outside_boundary_exact	Washington, Skamania County	FIA Site # 54098	https://lichenportal.org/portal/collections/individual/index.php?occid=4443283
4443284	OSC	OSC-M-214358	Carolina Hooper	NA	0.6	132.59	Washington	Lewis	46.383176	-121.750295	outside_boundary_exact	Washington, Skamania County	FIA Site # 54098	https://lichenportal.org/portal/collections/individual/index.php?occid=4443284
4443285	OSC	OSC-M-214359	Carolina Hooper	NA	0.6	132.59	Washington	Lewis	46.383176	-121.750295	outside_boundary_exact	Washington, Skamania County	FIA Site # 54098	https://lichenportal.org/portal/collections/individual/index.php?occid=4443285
4443286	OSC	OSC-M-214360	Carolina Hooper	NA	0.6	132.59	Washington	Lewis	46.383176	-121.750295	outside_boundary_exact	Washington, Skamania County	FIA Site # 54098	https://lichenportal.org/portal/collections/individual/index.php?occid=4443286
4443287	OSC	OSC-M-214361	Carolina Hooper	NA	0.6	132.59	Washington	Lewis	46.383176	-121.750295	outside_boundary_exact	Washington, Skamania County	FIA Site # 54098	https://lichenportal.org/portal/collections/individual/index.php?occid=4443287
4443288	OSC	OSC-M-214362	Carolina Hooper	NA	0.6	132.59	Washington	Lewis	46.383176	-121.750295	outside_boundary_exact	Washington, Skamania County	FIA Site # 54098	https://lichenportal.org/portal/collections/individual/index.php?occid=4443288
4443289	OSC	OSC-M-214363	Carolina Hooper	NA	0.6	132.59	Washington	Lewis	46.383176	-121.750295	outside_boundary_exact	Washington, Skamania County	FIA Site # 54098	https://lichenportal.org/portal/collections/individual/index.php?occid=4443289
4443290	OSC	OSC-M-214364	Carolina Hooper	NA	0.6	132.59	Washington	Lewis	46.383176	-121.750295	outside_boundary_exact	Washington, Skamania County	FIA Site # 54098	https://lichenportal.org/portal/collections/individual/index.php?occid=4443290
4443291	OSC	OSC-M-214365	Carolina Hooper	NA	0.6	132.59	Washington	Lewis	46.383176	-121.750295	outside_boundary_exact	Washington, Skamania County	FIA Site # 54098	https://lichenportal.org/portal/collections/individual/index.php?occid=4443291
4443292	OSC	OSC-M-214366	Carolina Hooper	NA	0.6	132.59	Washington	Lewis	46.383176	-121.750295	outside_boundary_exact	Washington, Skamania County	FIA Site # 54098	https://lichenportal.org/portal/collections/individual/index.php?occid=4443292
4443293	OSC	OSC-M-214367	Carolina Hooper	NA	0.6	132.59	Washington	Lewis	46.383176	-121.750295	outside_boundary_exact	Washington, Skamania County	FIA Site # 54098	https://lichenportal.org/portal/collections/individual/index.php?occid=4443293
4443294	OSC	OSC-M-214368	Carolina Hooper	NA	0.6	132.59	Washington	Lewis	46.383176	-121.750295	outside_boundary_exact	Washington, Skamania County	FIA Site # 54098	https://lichenportal.org/portal/collections/individual/index.php?occid=4443294
4443295	OSC	OSC-M-214369	Carolina Hooper	NA	0.6	132.59	Washington	Lewis	46.383176	-121.750295	outside_boundary_exact	Washington, Skamania County	FIA Site # 54098	https://lichenportal.org/portal/collections/individual/index.php?occid=4443295
4443296	OSC	OSC-M-214370	Carolina Hooper	NA	0.6	132.59	Washington	Lewis	46.383176	-121.750295	outside_boundary_exact	Washington, Skamania County	FIA Site # 54098	https://lichenportal.org/portal/collections/individual/index.php?occid=4443296
4453039	OSC	OSC-M-225172	Kirsten Meyers	NA	0.6	132.59	Washington	Lewis	46.383176	-121.750295	outside_boundary_exact	Washington, Skamania County	FIA Site # 54098	https://lichenportal.org/portal/collections/individual/index.php?occid=4453039
4453040	OSC	OSC-M-225173	Kirsten Meyers	NA	0.6	132.59	Washington	Lewis	46.383176	-121.750295	outside_boundary_exact	Washington, Skamania County	FIA Site # 54098	https://lichenportal.org/portal/collections/individual/index.php?occid=4453040
4453041	OSC	OSC-M-225174	Kirsten Meyers	NA	0.6	132.59	Washington	Lewis	46.383176	-121.750295	outside_boundary_exact	Washington, Skamania County	FIA Site # 54098	https://lichenportal.org/portal/collections/individual/index.php?occid=4453041
4453042	OSC	OSC-M-225175	Kirsten Meyers	NA	0.6	132.59	Washington	Lewis	46.383176	-121.750295	outside_boundary_exact	Washington, Skamania County	FIA Site # 54098	https://lichenportal.org/portal/collections/individual/index.php?occid=4453042
4453043	OSC	OSC-M-225176	Kirsten Meyers	NA	0.6	132.59	Washington	Lewis	46.383176	-121.750295	outside_boundary_exact	Washington, Skamania County	FIA Site # 54098	https://lichenportal.org/portal/collections/individual/index.php?occid=4453043
4453044	OSC	OSC-M-225177	Kirsten Meyers	NA	0.6	132.59	Washington	Lewis	46.383176	-121.750295	outside_boundary_exact	Washington, Skamania County	FIA Site # 54098	https://lichenportal.org/portal/collections/individual/index.php?occid=4453044
4453045	OSC	OSC-M-225178	Kirsten Meyers	NA	0.6	132.59	Washington	Lewis	46.383176	-121.750295	outside_boundary_exact	Washington, Skamania County	FIA Site # 54098	https://lichenportal.org/portal/collections/individual/index.php?occid=4453045
4453046	OSC	OSC-M-225179	Kirsten Meyers	NA	0.6	132.59	Washington	Lewis	46.383176	-121.750295	outside_boundary_exact	Washington, Skamania County	FIA Site # 54098	https://lichenportal.org/portal/collections/individual/index.php?occid=4453046
4453047	OSC	OSC-M-225180	Kirsten Meyers	NA	0.6	132.59	Washington	Lewis	46.383176	-121.750295	outside_boundary_exact	Washington, Skamania County	FIA Site # 54098	https://lichenportal.org/portal/collections/individual/index.php?occid=4453047
4453048	OSC	OSC-M-225181	Kirsten Meyers	NA	0.6	132.59	Washington	Lewis	46.383176	-121.750295	outside_boundary_exact	Washington, Skamania County	FIA Site # 54098	https://lichenportal.org/portal/collections/individual/index.php?occid=4453048
4453049	OSC	OSC-M-225182	Kirsten Meyers	NA	0.6	132.59	Washington	Lewis	46.383176	-121.750295	outside_boundary_exact	Washington, Skamania County	FIA Site # 54098	https://lichenportal.org/portal/collections/individual/index.php?occid=4453049
4453050	OSC	OSC-M-225183	Kirsten Meyers	NA	0.6	132.59	Washington	Lewis	46.383176	-121.750295	outside_boundary_exact	Washington, Skamania County	FIA Site # 54098	https://lichenportal.org/portal/collections/individual/index.php?occid=4453050
4453051	OSC	OSC-M-225184	Kirsten Meyers	NA	0.6	132.59	Washington	Lewis	46.383176	-121.750295	outside_boundary_exact	Washington, Skamania County	FIA Site # 54098	https://lichenportal.org/portal/collections/individual/index.php?occid=4453051
4453052	OSC	OSC-M-225185	Kirsten Meyers	NA	0.6	132.59	Washington	Lewis	46.383176	-121.750295	outside_boundary_exact	Washington, Skamania County	FIA Site # 54098	https://lichenportal.org/portal/collections/individual/index.php?occid=4453052
4453053	OSC	OSC-M-225186	Kirsten Meyers	NA	0.6	132.59	Washington	Lewis	46.383176	-121.750295	outside_boundary_exact	Washington, Skamania County	FIA Site # 54098	https://lichenportal.org/portal/collections/individual/index.php?occid=4453053
4453054	OSC	OSC-M-225187	Kirsten Meyers	NA	0.6	132.59	Washington	Lewis	46.383176	-121.750295	outside_boundary_exact	Washington, Skamania County	FIA Site # 54098	https://lichenportal.org/portal/collections/individual/index.php?occid=4453054
4453055	OSC	OSC-M-225188	Kirsten Meyers	NA	0.6	132.59	Washington	Lewis	46.383176	-121.750295	outside_boundary_exact	Washington, Skamania County	FIA Site # 54098	https://lichenportal.org/portal/collections/individual/index.php?occid=4453055
4453056	OSC	OSC-M-225189	Kirsten Meyers	NA	0.6	132.59	Washington	Lewis	46.383176	-121.750295	outside_boundary_exact	Washington, Skamania County	FIA Site # 54098	https://lichenportal.org/portal/collections/individual/index.php?occid=4453056
4453057	OSC	OSC-M-225190	Kirsten Meyers	NA	0.6	132.59	Washington	Lewis	46.383176	-121.750295	outside_boundary_exact	Washington, Skamania County	FIA Site # 54098	https://lichenportal.org/portal/collections/individual/index.php?occid=4453057
4453058	OSC	OSC-M-225191	Kirsten Meyers	NA	0.6	132.59	Washington	Lewis	46.383176	-121.750295	outside_boundary_exact	Washington, Skamania County	FIA Site # 54098	https://lichenportal.org/portal/collections/individual/index.php?occid=4453058
4453059	OSC	OSC-M-225192	Kirsten Meyers	NA	0.6	132.59	Washington	Lewis	46.383176	-121.750295	outside_boundary_exact	Washington, Skamania County	FIA Site # 54098	https://lichenportal.org/portal/collections/individual/index.php?occid=4453059
4453060	OSC	OSC-M-225193	Kirsten Meyers	NA	0.6	132.59	Washington	Lewis	46.383176	-121.750295	outside_boundary_exact	Washington, Skamania County	FIA Site # 54098	https://lichenportal.org/portal/collections/individual/index.php?occid=4453060
4453061	OSC	OSC-M-225194	Kirsten Meyers	NA	0.6	132.59	Washington	Lewis	46.383176	-121.750295	outside_boundary_exact	Washington, Skamania County	FIA Site # 54098	https://lichenportal.org/portal/collections/individual/index.php?occid=4453061
4453062	OSC	OSC-M-225195	Kirsten Meyers	NA	0.6	132.59	Washington	Lewis	46.383176	-121.750295	outside_boundary_exact	Washington, Skamania County	FIA Site # 54098	https://lichenportal.org/portal/collections/individual/index.php?occid=4453062
4453063	OSC	OSC-M-225196	Kirsten Meyers	NA	0.6	132.59	Washington	Lewis	46.383176	-121.750295	outside_boundary_exact	Washington, Skamania County	FIA Site # 54098	https://lichenportal.org/portal/collections/individual/index.php?occid=4453063
4453064	OSC	OSC-M-225197	Kirsten Meyers	NA	0.6	132.59	Washington	Lewis	46.383176	-121.750295	outside_boundary_exact	Washington, Skamania County	FIA Site # 54098	https://lichenportal.org/portal/collections/individual/index.php?occid=4453064
4453065	OSC	OSC-M-225198	Kirsten Meyers	NA	0.6	132.59	Washington	Lewis	46.383176	-121.750295	outside_boundary_exact	Washington, Skamania County	FIA Site # 54098	https://lichenportal.org/portal/collections/individual/index.php?occid=4453065
4453066	OSC	OSC-M-225199	Kirsten Meyers	NA	0.6	132.59	Washington	Lewis	46.383176	-121.750295	outside_boundary_exact	Washington, Skamania County	FIA Site # 54098	https://lichenportal.org/portal/collections/individual/index.php?occid=4453066
4453067	OSC	OSC-M-225200	Kirsten Meyers	NA	0.6	132.59	Washington	Lewis	46.383176	-121.750295	outside_boundary_exact	Washington, Skamania County	FIA Site # 54098	https://lichenportal.org/portal/collections/individual/index.php?occid=4453067
4453068	OSC	OSC-M-225201	Kirsten Meyers	NA	0.6	132.59	Washington	Lewis	46.383176	-121.750295	outside_boundary_exact	Washington, Skamania County	FIA Site # 54098	https://lichenportal.org/portal/collections/individual/index.php?occid=4453068
4453069	OSC	OSC-M-225202	Kirsten Meyers	NA	0.6	132.59	Washington	Lewis	46.383176	-121.750295	outside_boundary_exact	Washington, Skamania County	FIA Site # 54098	https://lichenportal.org/portal/collections/individual/index.php?occid=4453069
4453070	OSC	OSC-M-225203	Kirsten Meyers	NA	0.6	132.59	Washington	Lewis	46.383176	-121.750295	outside_boundary_exact	Washington, Skamania County	FIA Site # 54098	https://lichenportal.org/portal/collections/individual/index.php?occid=4453070
4453071	OSC	OSC-M-225204	Kirsten Meyers	NA	0.6	132.59	Washington	Lewis	46.383176	-121.750295	outside_boundary_exact	Washington, Skamania County	FIA Site # 54098	https://lichenportal.org/portal/collections/individual/index.php?occid=4453071
4453073	OSC	OSC-M-225206	Kirsten Meyers	NA	0.6	132.59	Washington	Lewis	46.383176	-121.750295	outside_boundary_exact	Washington, Skamania County	FIA Site # 54098	https://lichenportal.org/portal/collections/individual/index.php?occid=4453073
4453074	OSC	OSC-M-225207	Kirsten Meyers	NA	0.6	132.59	Washington	Lewis	46.383176	-121.750295	outside_boundary_exact	Washington, Skamania County	FIA Site # 54098	https://lichenportal.org/portal/collections/individual/index.php?occid=4453074
4467491	OSC	OSC-M-241547	Carolina Hooper	NA	0.6	132.59	Washington	Lewis	46.383176	-121.750295	outside_boundary_exact	Washington, Skamania County	FIA Site # 54098	https://lichenportal.org/portal/collections/individual/index.php?occid=4467491
4467525	OSC	OSC-M-241583	Kirsten Meyers	NA	0.6	132.59	Washington	Lewis	46.383176	-121.750295	outside_boundary_exact	Washington, Skamania County	FIA Site # 54098	https://lichenportal.org/portal/collections/individual/index.php?occid=4467525
4467526	OSC	OSC-M-241584	Kirsten Meyers	NA	0.6	132.59	Washington	Lewis	46.383176	-121.750295	outside_boundary_exact	Washington, Skamania County	FIA Site # 54098	https://lichenportal.org/portal/collections/individual/index.php?occid=4467526
4467527	OSC	OSC-M-241585	Kirsten Meyers	NA	0.6	132.59	Washington	Lewis	46.383176	-121.750295	outside_boundary_exact	Washington, Skamania County	FIA Site # 54098	https://lichenportal.org/portal/collections/individual/index.php?occid=4467527
4467528	OSC	OSC-M-241586	Kirsten Meyers	NA	0.6	132.59	Washington	Lewis	46.383176	-121.750295	outside_boundary_exact	Washington, Skamania County	FIA Site # 54098	https://lichenportal.org/portal/collections/individual/index.php?occid=4467528
4472984	OSC	OSC-M-214342a	Carolina Hooper	NA	0.6	132.59	Washington	Lewis	46.383176	-121.750295	outside_boundary_exact	Washington, Skamania County	FIA Site # 54098	https://lichenportal.org/portal/collections/individual/index.php?occid=4472984
4472985	OSC	OSC-M-214345a	Carolina Hooper	NA	0.6	132.59	Washington	Lewis	46.383176	-121.750295	outside_boundary_exact	Washington, Skamania County	FIA Site # 54098	https://lichenportal.org/portal/collections/individual/index.php?occid=4472985
4472986	OSC	OSC-M-214348a	Carolina Hooper	NA	0.6	132.59	Washington	Lewis	46.383176	-121.750295	outside_boundary_exact	Washington, Skamania County	FIA Site # 54098	https://lichenportal.org/portal/collections/individual/index.php?occid=4472986
4472987	OSC	OSC-M-214356a	Carolina Hooper	NA	0.6	132.59	Washington	Lewis	46.383176	-121.750295	outside_boundary_exact	Washington, Skamania County	FIA Site # 54098	https://lichenportal.org/portal/collections/individual/index.php?occid=4472987
4473042	OSC	OSC-M-214370a	Carolina Hooper	NA	0.6	132.59	Washington	Lewis	46.383176	-121.750295	outside_boundary_exact	Washington, Skamania County	FIA Site # 54098	https://lichenportal.org/portal/collections/individual/index.php?occid=4473042
4473043	OSC	OSC-M-214370b	Carolina Hooper	NA	0.6	132.59	Washington	Lewis	46.383176	-121.750295	outside_boundary_exact	Washington, Skamania County	FIA Site # 54098	https://lichenportal.org/portal/collections/individual/index.php?occid=4473043
4475465	OSC	OSC-M-225179a	Kirsten Meyers	NA	0.6	132.59	Washington	Lewis	46.383176	-121.750295	outside_boundary_exact	Washington, Skamania County	FIA Site # 54098	https://lichenportal.org/portal/collections/individual/index.php?occid=4475465
4475466	OSC	OSC-M-225186a	Kirsten Meyers	NA	0.6	132.59	Washington	Lewis	46.383176	-121.750295	outside_boundary_exact	Washington, Skamania County	FIA Site # 54098	https://lichenportal.org/portal/collections/individual/index.php?occid=4475466
4475467	OSC	OSC-M-225189a	Kirsten Meyers	NA	0.6	132.59	Washington	Lewis	46.383176	-121.750295	outside_boundary_exact	Washington, Skamania County	FIA Site # 54098	https://lichenportal.org/portal/collections/individual/index.php?occid=4475467
4482734	OSC	OSC-M-247406	Kirsten Meyers	NA	0.6	132.59	Washington	Lewis	46.383176	-121.750295	outside_boundary_exact	Washington, Skamania County	FIA Site # 54098	https://lichenportal.org/portal/collections/individual/index.php?occid=4482734
4482735	OSC	OSC-M-247407	Kirsten Meyers	NA	0.6	132.59	Washington	Lewis	46.383176	-121.750295	outside_boundary_exact	Washington, Skamania County	FIA Site # 54098	https://lichenportal.org/portal/collections/individual/index.php?occid=4482735
4482736	OSC	OSC-M-247408	Kirsten Meyers	NA	0.6	132.59	Washington	Lewis	46.383176	-121.750295	outside_boundary_exact	Washington, Skamania County	FIA Site # 54098	https://lichenportal.org/portal/collections/individual/index.php?occid=4482736
4485112	OSC	OSC-M-247408a	Kirsten Meyers	NA	0.6	132.59	Washington	Lewis	46.383176	-121.750295	outside_boundary_exact	Washington, Skamania County	FIA Site # 54098	https://lichenportal.org/portal/collections/individual/index.php?occid=4485112
4485113	OSC	OSC-M-247408b	Kirsten Meyers	NA	0.6	132.59	Washington	Lewis	46.383176	-121.750295	outside_boundary_exact	Washington, Skamania County	FIA Site # 54098	https://lichenportal.org/portal/collections/individual/index.php?occid=4485113
3458603	OSC	OSC-M-259368	S. Berryman	s.n.	0.52	142.47	Washington	Lewis	46.38392	-121.613868	outside_boundary_exact	Washington, Skamania County	Gifford Pinchot National Forest: Cowlitz Valley Ranger District. FIA Site # 54440 53 59	https://lichenportal.org/portal/collections/individual/index.php?occid=3458603
3458604	OSC	OSC-M-259369	S. Berryman	s.n.	0.52	142.47	Washington	Lewis	46.38392	-121.613868	outside_boundary_exact	Washington, Skamania County	Gifford Pinchot National Forest: Cowlitz Valley Ranger District. FIA Site # 54440 53 59	https://lichenportal.org/portal/collections/individual/index.php?occid=3458604
3458605	OSC	OSC-M-259370	S. Berryman	s.n.	0.52	142.47	Washington	Lewis	46.38392	-121.613868	outside_boundary_exact	Washington, Skamania County	Gifford Pinchot National Forest: Cowlitz Valley Ranger District. FIA Site # 54440 53 59	https://lichenportal.org/portal/collections/individual/index.php?occid=3458605
3458606	OSC	OSC-M-259371	S. Berryman	s.n.	0.52	142.47	Washington	Lewis	46.38392	-121.613868	outside_boundary_exact	Washington, Skamania County	Gifford Pinchot National Forest: Cowlitz Valley Ranger District. FIA Site # 54440 53 59	https://lichenportal.org/portal/collections/individual/index.php?occid=3458606
3458607	OSC	OSC-M-259372	S. Berryman	s.n.	0.52	142.47	Washington	Lewis	46.38392	-121.613868	outside_boundary_exact	Washington, Skamania County	Gifford Pinchot National Forest: Cowlitz Valley Ranger District. FIA Site # 54440 53 59	https://lichenportal.org/portal/collections/individual/index.php?occid=3458607
3458608	OSC	OSC-M-259373	S. Berryman	s.n.	0.52	142.47	Washington	Lewis	46.38392	-121.613868	outside_boundary_exact	Washington, Skamania County	Gifford Pinchot National Forest: Cowlitz Valley Ranger District. FIA Site # 54440 53 59	https://lichenportal.org/portal/collections/individual/index.php?occid=3458608
3458609	OSC	OSC-M-259374	S. Berryman	s.n.	0.52	142.47	Washington	Lewis	46.38392	-121.613868	outside_boundary_exact	Washington, Skamania County	Gifford Pinchot National Forest: Cowlitz Valley Ranger District. FIA Site # 54440 53 59	https://lichenportal.org/portal/collections/individual/index.php?occid=3458609
3458610	OSC	OSC-M-259374a	S. Berryman	s.n.	0.52	142.47	Washington	Lewis	46.38392	-121.613868	outside_boundary_exact	Washington, Skamania County	Gifford Pinchot National Forest: Cowlitz Valley Ranger District. FIA Site # 54440 53 59	https://lichenportal.org/portal/collections/individual/index.php?occid=3458610
3458611	OSC	OSC-M-259375	S. Berryman	s.n.	0.52	142.47	Washington	Lewis	46.38392	-121.613868	outside_boundary_exact	Washington, Skamania County	Gifford Pinchot National Forest: Cowlitz Valley Ranger District. FIA Site # 54440 53 59	https://lichenportal.org/portal/collections/individual/index.php?occid=3458611
3458612	OSC	OSC-M-259376	S. Berryman	s.n.	0.52	142.47	Washington	Lewis	46.38392	-121.613868	outside_boundary_exact	Washington, Skamania County	Gifford Pinchot National Forest: Cowlitz Valley Ranger District. FIA Site # 54440 53 59	https://lichenportal.org/portal/collections/individual/index.php?occid=3458612
3458613	OSC	OSC-M-259377	S. Berryman	s.n.	0.52	142.47	Washington	Lewis	46.38392	-121.613868	outside_boundary_exact	Washington, Skamania County	Gifford Pinchot National Forest: Cowlitz Valley Ranger District. FIA Site # 54440 53 59	https://lichenportal.org/portal/collections/individual/index.php?occid=3458613
3458614	OSC	OSC-M-259378	S. Berryman	s.n.	0.52	142.47	Washington	Lewis	46.38392	-121.613868	outside_boundary_exact	Washington, Skamania County	Gifford Pinchot National Forest: Cowlitz Valley Ranger District. FIA Site # 54440 53 59	https://lichenportal.org/portal/collections/individual/index.php?occid=3458614
3458615	OSC	OSC-M-259379	S. Berryman	s.n.	0.52	142.47	Washington	Lewis	46.38392	-121.613868	outside_boundary_exact	Washington, Skamania County	Gifford Pinchot National Forest: Cowlitz Valley Ranger District. FIA Site # 54440 53 59	https://lichenportal.org/portal/collections/individual/index.php?occid=3458615
3458616	OSC	OSC-M-259380	S. Berryman	s.n.	0.52	142.47	Washington	Lewis	46.38392	-121.613868	outside_boundary_exact	Washington, Skamania County	Gifford Pinchot National Forest: Cowlitz Valley Ranger District. FIA Site # 54440 53 59	https://lichenportal.org/portal/collections/individual/index.php?occid=3458616
3458617	OSC	OSC-M-259381	S. Berryman	s.n.	0.52	142.47	Washington	Lewis	46.38392	-121.613868	outside_boundary_exact	Washington, Skamania County	Gifford Pinchot National Forest: Cowlitz Valley Ranger District. FIA Site # 54440 53 59	https://lichenportal.org/portal/collections/individual/index.php?occid=3458617
3458618	OSC	OSC-M-259382	S. Berryman	s.n.	0.52	142.47	Washington	Lewis	46.38392	-121.613868	outside_boundary_exact	Washington, Skamania County	Gifford Pinchot National Forest: Cowlitz Valley Ranger District. FIA Site # 54440 53 59	https://lichenportal.org/portal/collections/individual/index.php?occid=3458618
3458619	OSC	OSC-M-259383	S. Berryman	s.n.	0.52	142.47	Washington	Lewis	46.38392	-121.613868	outside_boundary_exact	Washington, Skamania County	Gifford Pinchot National Forest: Cowlitz Valley Ranger District. FIA Site # 54440 53 59	https://lichenportal.org/portal/collections/individual/index.php?occid=3458619
3458620	OSC	OSC-M-259384	S. Berryman	s.n.	0.52	142.47	Washington	Lewis	46.38392	-121.613868	outside_boundary_exact	Washington, Skamania County	Gifford Pinchot National Forest: Cowlitz Valley Ranger District. FIA Site # 54440 53 59	https://lichenportal.org/portal/collections/individual/index.php?occid=3458620
3458621	OSC	OSC-M-259385	S. Berryman	s.n.	0.52	142.47	Washington	Lewis	46.38392	-121.613868	outside_boundary_exact	Washington, Skamania County	Gifford Pinchot National Forest: Cowlitz Valley Ranger District. FIA Site # 54440 53 59	https://lichenportal.org/portal/collections/individual/index.php?occid=3458621
3458622	OSC	OSC-M-259386	S. Berryman	s.n.	0.52	142.47	Washington	Lewis	46.38392	-121.613868	outside_boundary_exact	Washington, Skamania County	Gifford Pinchot National Forest: Cowlitz Valley Ranger District. FIA Site # 54440 53 59	https://lichenportal.org/portal/collections/individual/index.php?occid=3458622
3458623	OSC	OSC-M-259387	S. Berryman	s.n.	0.52	142.47	Washington	Lewis	46.38392	-121.613868	outside_boundary_exact	Washington, Skamania County	Gifford Pinchot National Forest: Cowlitz Valley Ranger District. FIA Site # 54440 53 59	https://lichenportal.org/portal/collections/individual/index.php?occid=3458623
3458624	OSC	OSC-M-259388	S. Berryman	s.n.	0.52	142.47	Washington	Lewis	46.38392	-121.613868	outside_boundary_exact	Washington, Skamania County	Gifford Pinchot National Forest: Cowlitz Valley Ranger District. FIA Site # 54440 53 59	https://lichenportal.org/portal/collections/individual/index.php?occid=3458624
3458625	OSC	OSC-M-259389	S. Berryman	s.n.	0.52	142.47	Washington	Lewis	46.38392	-121.613868	outside_boundary_exact	Washington, Skamania County	Gifford Pinchot National Forest: Cowlitz Valley Ranger District. FIA Site # 54440 53 59	https://lichenportal.org/portal/collections/individual/index.php?occid=3458625
4422919	OSC	168468	Jim Riley	0326	0.52	98.54	Washington	Skamania	46.272778	-121.515556	outside_boundary_exact	Washington, Yakima County	Cowlitz Valley R.D., Gifford Pinchot N.F. Takh Takh lava flow.	https://lichenportal.org/portal/collections/individual/index.php?occid=4422919
4422958	OSC	168507	Jim Riley	0019	0.52	98.54	Washington	Skamania	46.272778	-121.515556	outside_boundary_exact	Washington, Yakima County	Randle R.D., Gifford Pinchot N.F. Takh Takh lava flow.	https://lichenportal.org/portal/collections/individual/index.php?occid=4422958
4422959	OSC	168508	Jim Riley	0153	0.52	98.54	Washington	Skamania	46.272778	-121.515556	outside_boundary_exact	Washington, Yakima County	Randle R.D., Gifford Pinchot N.F. Takh Takh lava flow.	https://lichenportal.org/portal/collections/individual/index.php?occid=4422959
4423011	OSC	168560	Jim Riley	0864	0.52	98.54	Washington	Skamania	46.272778	-121.515556	outside_boundary_exact	Washington, Yakima County	Cowlitz Valley R.D., Gifford Pinchot N.F. Takh Takh lava flow.	https://lichenportal.org/portal/collections/individual/index.php?occid=4423011
4423363	OSC	168986	Jim Riley	0861	0.52	98.54	Washington	Skamania	46.272778	-121.515556	outside_boundary_exact	Washington, Yakima County	Cowlitz Valley R.D., Gifford Pinchot National Forest, Takh Takh lava flow.	https://lichenportal.org/portal/collections/individual/index.php?occid=4423363
4788047	OSC	OSC-M-050593	Bruce McCune	29132	0.49	95.05	Washington	Franklin	46.66	-118.22	outside_boundary_exact	Washington, Whitman County	Just upstream of Palouse Falls	https://lichenportal.org/portal/collections/individual/index.php?occid=4788047
4493188	OSC	OSC-M-289313	Mark Boyll	s.n.	0.48	118.41	Washington	Klickitat	45.69056	-121.3047	outside_boundary_exact	Oregon, Wasco County	Columbia River Gorge National Scenic Area: Plateau above Tom McCall Nature Preserve. FIA Site # ARM171	https://lichenportal.org/portal/collections/individual/index.php?occid=4493188
4493189	OSC	OSC-M-289314	Mark Boyll	s.n.	0.48	118.41	Washington	Klickitat	45.69056	-121.3047	outside_boundary_exact	Oregon, Wasco County	Columbia River Gorge National Scenic Area: Plateau above Tom McCall Nature Preserve. FIA Site # ARM171	https://lichenportal.org/portal/collections/individual/index.php?occid=4493189
4493190	OSC	OSC-M-289315	Mark Boyll	s.n.	0.48	118.41	Washington	Klickitat	45.69056	-121.3047	outside_boundary_exact	Oregon, Wasco County	Columbia River Gorge National Scenic Area: Plateau above Tom McCall Nature Preserve. FIA Site # ARM171	https://lichenportal.org/portal/collections/individual/index.php?occid=4493190
4493191	OSC	OSC-M-289316	Mark Boyll	s.n.	0.48	118.41	Washington	Klickitat	45.69056	-121.3047	outside_boundary_exact	Oregon, Wasco County	Columbia River Gorge National Scenic Area: Plateau above Tom McCall Nature Preserve. FIA Site # ARM171	https://lichenportal.org/portal/collections/individual/index.php?occid=4493191
4493192	OSC	OSC-M-289317	Mark Boyll	s.n.	0.48	118.41	Washington	Klickitat	45.69056	-121.3047	outside_boundary_exact	Oregon, Wasco County	Columbia River Gorge National Scenic Area: Plateau above Tom McCall Nature Preserve. FIA Site # ARM171	https://lichenportal.org/portal/collections/individual/index.php?occid=4493192
4493193	OSC	OSC-M-289318	Mark Boyll	s.n.	0.48	118.41	Washington	Klickitat	45.69056	-121.3047	outside_boundary_exact	Oregon, Wasco County	Columbia River Gorge National Scenic Area: Plateau above Tom McCall Nature Preserve. FIA Site # ARM171	https://lichenportal.org/portal/collections/individual/index.php?occid=4493193
4493194	OSC	OSC-M-289319	Mark Boyll	s.n.	0.48	118.41	Washington	Klickitat	45.69056	-121.3047	outside_boundary_exact	Oregon, Wasco County	Columbia River Gorge National Scenic Area: Plateau above Tom McCall Nature Preserve. FIA Site # ARM171	https://lichenportal.org/portal/collections/individual/index.php?occid=4493194
4493195	OSC	OSC-M-289320	Mark Boyll	s.n.	0.48	118.41	Washington	Klickitat	45.69056	-121.3047	outside_boundary_exact	Oregon, Wasco County	Columbia River Gorge National Scenic Area: Plateau above Tom McCall Nature Preserve. FIA Site # ARM171	https://lichenportal.org/portal/collections/individual/index.php?occid=4493195
4493196	OSC	OSC-M-289321	Mark Boyll	s.n.	0.48	118.41	Washington	Klickitat	45.69056	-121.3047	outside_boundary_exact	Oregon, Wasco County	Columbia River Gorge National Scenic Area: Plateau above Tom McCall Nature Preserve. FIA Site # ARM171	https://lichenportal.org/portal/collections/individual/index.php?occid=4493196
4493197	OSC	OSC-M-289322	Mark Boyll	s.n.	0.48	118.41	Washington	Klickitat	45.69056	-121.3047	outside_boundary_exact	Oregon, Wasco County	Columbia River Gorge National Scenic Area: Plateau above Tom McCall Nature Preserve. FIA Site # ARM171	https://lichenportal.org/portal/collections/individual/index.php?occid=4493197
4493198	OSC	OSC-M-289323	Mark Boyll	s.n.	0.48	118.41	Washington	Klickitat	45.69056	-121.3047	outside_boundary_exact	Oregon, Wasco County	Columbia River Gorge National Scenic Area: Plateau above Tom McCall Nature Preserve. FIA Site # ARM171	https://lichenportal.org/portal/collections/individual/index.php?occid=4493198
4493199	OSC	OSC-M-289324	Mark Boyll	s.n.	0.48	118.41	Washington	Klickitat	45.69056	-121.3047	outside_boundary_exact	Oregon, Wasco County	Columbia River Gorge National Scenic Area: Plateau above Tom McCall Nature Preserve. FIA Site # ARM171	https://lichenportal.org/portal/collections/individual/index.php?occid=4493199
4493200	OSC	OSC-M-289325	Mark Boyll	s.n.	0.48	118.41	Washington	Klickitat	45.69056	-121.3047	outside_boundary_exact	Oregon, Wasco County	Columbia River Gorge National Scenic Area: Plateau above Tom McCall Nature Preserve. FIA Site # ARM171	https://lichenportal.org/portal/collections/individual/index.php?occid=4493200
4493201	OSC	OSC-M-289326	Mark Boyll	s.n.	0.48	118.41	Washington	Klickitat	45.69056	-121.3047	outside_boundary_exact	Oregon, Wasco County	Columbia River Gorge National Scenic Area: Plateau above Tom McCall Nature Preserve. FIA Site # ARM171	https://lichenportal.org/portal/collections/individual/index.php?occid=4493201
4493202	OSC	OSC-M-289327	Mark Boyll	s.n.	0.48	118.41	Washington	Klickitat	45.69056	-121.3047	outside_boundary_exact	Oregon, Wasco County	Columbia River Gorge National Scenic Area: Plateau above Tom McCall Nature Preserve. FIA Site # ARM171	https://lichenportal.org/portal/collections/individual/index.php?occid=4493202
4493203	OSC	OSC-M-289328	Mark Boyll	s.n.	0.48	118.41	Washington	Klickitat	45.69056	-121.3047	outside_boundary_exact	Oregon, Wasco County	Columbia River Gorge National Scenic Area: Plateau above Tom McCall Nature Preserve. FIA Site # ARM171	https://lichenportal.org/portal/collections/individual/index.php?occid=4493203
4493204	OSC	OSC-M-289329	Mark Boyll	s.n.	0.48	118.41	Washington	Klickitat	45.69056	-121.3047	outside_boundary_exact	Oregon, Wasco County	Columbia River Gorge National Scenic Area: Plateau above Tom McCall Nature Preserve. FIA Site # ARM171	https://lichenportal.org/portal/collections/individual/index.php?occid=4493204
4493205	OSC	OSC-M-289330	Mark Boyll	s.n.	0.48	118.41	Washington	Klickitat	45.69056	-121.3047	outside_boundary_exact	Oregon, Wasco County	Columbia River Gorge National Scenic Area: Plateau above Tom McCall Nature Preserve. FIA Site # ARM171	https://lichenportal.org/portal/collections/individual/index.php?occid=4493205
4493206	OSC	OSC-M-289331	Mark Boyll	s.n.	0.48	118.41	Washington	Klickitat	45.69056	-121.3047	outside_boundary_exact	Oregon, Wasco County	Columbia River Gorge National Scenic Area: Plateau above Tom McCall Nature Preserve. FIA Site # ARM171	https://lichenportal.org/portal/collections/individual/index.php?occid=4493206
4493207	OSC	OSC-M-289332	Mark Boyll	s.n.	0.48	118.41	Washington	Klickitat	45.69056	-121.3047	outside_boundary_exact	Oregon, Wasco County	Columbia River Gorge National Scenic Area: Plateau above Tom McCall Nature Preserve. FIA Site # ARM171	https://lichenportal.org/portal/collections/individual/index.php?occid=4493207
4493208	OSC	OSC-M-289333	Mark Boyll	s.n.	0.48	118.41	Washington	Klickitat	45.69056	-121.3047	outside_boundary_exact	Oregon, Wasco County	Columbia River Gorge National Scenic Area: Plateau above Tom McCall Nature Preserve. FIA Site # ARM171	https://lichenportal.org/portal/collections/individual/index.php?occid=4493208
4493209	OSC	OSC-M-289334	Mark Boyll	s.n.	0.48	118.41	Washington	Klickitat	45.69056	-121.3047	outside_boundary_exact	Oregon, Wasco County	Columbia River Gorge National Scenic Area: Plateau above Tom McCall Nature Preserve. FIA Site # ARM171	https://lichenportal.org/portal/collections/individual/index.php?occid=4493209
4493210	OSC	OSC-M-289335	Mark Boyll	s.n.	0.48	118.41	Washington	Klickitat	45.69056	-121.3047	outside_boundary_exact	Oregon, Wasco County	Columbia River Gorge National Scenic Area: Plateau above Tom McCall Nature Preserve. FIA Site # ARM171	https://lichenportal.org/portal/collections/individual/index.php?occid=4493210
4493211	OSC	OSC-M-289336	Mark Boyll	s.n.	0.48	118.41	Washington	Klickitat	45.69056	-121.3047	outside_boundary_exact	Oregon, Wasco County	Columbia River Gorge National Scenic Area: Plateau above Tom McCall Nature Preserve. FIA Site # ARM171	https://lichenportal.org/portal/collections/individual/index.php?occid=4493211
4493212	OSC	OSC-M-289337	Mark Boyll	s.n.	0.48	118.41	Washington	Klickitat	45.69056	-121.3047	outside_boundary_exact	Oregon, Wasco County	Columbia River Gorge National Scenic Area: Plateau above Tom McCall Nature Preserve. FIA Site # ARM171	https://lichenportal.org/portal/collections/individual/index.php?occid=4493212
4493213	OSC	OSC-M-289338	Mark Boyll	s.n.	0.48	118.41	Washington	Klickitat	45.69056	-121.3047	outside_boundary_exact	Oregon, Wasco County	Columbia River Gorge National Scenic Area: Plateau above Tom McCall Nature Preserve. FIA Site # ARM171	https://lichenportal.org/portal/collections/individual/index.php?occid=4493213
2218877	OSC	135120	Bruce McCune	24739	0.44	96.45	Washington	Skamania	46.25	-121.5166667	outside_boundary_exact	Washington, Yakima County	Gifford-Pinchot National Forest	https://lichenportal.org/portal/collections/individual/index.php?occid=2218877
2226932	OSC	143754	Bruce McCune	24744	0.44	96.45	Washington	Skamania	46.25	-121.5166667	outside_boundary_exact	Washington, Yakima County	Mount adams, Killen Creek Trail, Gifford Pinchot National Forest	https://lichenportal.org/portal/collections/individual/index.php?occid=2226932
2230284	OSC	104290	Bruce McCune	24726	0.44	96.45	Washington	Skamania	46.25	-121.5166667	outside_boundary_exact	Washington, Yakima County	, Gifford-Pinchot National Forest, , Killen Creek trail, Volcanic rock spur on NW slope of Mount Adams	https://lichenportal.org/portal/collections/individual/index.php?occid=2230284
4420867	OSC	94835	Bruce McCune	24743	0.44	96.45	Washington	Skamania	46.25	-121.516667	outside_boundary_exact	Washington, Yakima County	NW slope of Mount Adams. Killen Creek trail, Gifford-Pinchot National Forest.	https://lichenportal.org/portal/collections/individual/index.php?occid=4420867
4427991	OSC	156954	Bruce McCune	24725	0.44	96.45	Washington	Skamania	46.25	-121.516667	outside_boundary_exact	Washington, Yakima County	NW slope of Mount Adams; Killen Creek trail, Gifford-Pinchot National Forest	https://lichenportal.org/portal/collections/individual/index.php?occid=4427991
5410216	OSC	94295	B. McCune	24742	0.44	96.45	Washington	Skamania	46.25	-121.516667	outside_boundary_exact	Washington, Yakima County	NW slope of Mount Adams; Killen Creek trail, Gifford-Pinchot National Forest	https://lichenportal.org/portal/collections/individual/index.php?occid=5410216
5794415	OSC	93107	Bruce McCune	24732	0.44	96.45	Washington	Skamania	46.25	-121.516667	outside_boundary_exact	Washington, Yakima County	Killen Creek Trail, NW slope of Mount Adams, Gifford Pinchot National Forest	https://lichenportal.org/portal/collections/individual/index.php?occid=5794415
2223550	OSC	92750	Bruce McCune	24722	0.43	95.89	Washington	Skamania	46.2438	-121.5167	outside_boundary_exact	Washington, Yakima County	Mt. Adams, Killen Creek Trail, Gifford-Pinchot National Forest. Volcanic rock spur on NW slope of Mount Adams	https://lichenportal.org/portal/collections/individual/index.php?occid=2223550
3456080	OSC	OSC-M-257014	J. DiMeglio	s.n.	0.43	167.84	Washington	Okanogan	48.781498	-120.738869	outside_boundary_exact	Washington, Whatcom County	Wenatchee National Forest: Methow: Pasayten Wilderness. FIA Site # 88491 53 73	https://lichenportal.org/portal/collections/individual/index.php?occid=3456080
3456081	OSC	OSC-M-257015	J. DiMeglio	s.n.	0.43	167.84	Washington	Okanogan	48.781498	-120.738869	outside_boundary_exact	Washington, Whatcom County	Wenatchee National Forest: Methow: Pasayten Wilderness. FIA Site # 88491 53 73	https://lichenportal.org/portal/collections/individual/index.php?occid=3456081
3456082	OSC	OSC-M-257015a	J. DiMeglio	s.n.	0.43	167.84	Washington	Okanogan	48.781498	-120.738869	outside_boundary_exact	Washington, Whatcom County	Wenatchee National Forest: Methow: Pasayten Wilderness. FIA Site # 88491 53 73	https://lichenportal.org/portal/collections/individual/index.php?occid=3456082
3456083	OSC	OSC-M-257016	J. DiMeglio	s.n.	0.43	167.84	Washington	Okanogan	48.781498	-120.738869	outside_boundary_exact	Washington, Whatcom County	Wenatchee National Forest: Methow: Pasayten Wilderness. FIA Site # 88491 53 73	https://lichenportal.org/portal/collections/individual/index.php?occid=3456083
3456084	OSC	OSC-M-257017	J. DiMeglio	s.n.	0.43	167.84	Washington	Okanogan	48.781498	-120.738869	outside_boundary_exact	Washington, Whatcom County	Wenatchee National Forest: Methow: Pasayten Wilderness. FIA Site # 88491 53 73	https://lichenportal.org/portal/collections/individual/index.php?occid=3456084
3456085	OSC	OSC-M-257018	J. DiMeglio	s.n.	0.43	167.84	Washington	Okanogan	48.781498	-120.738869	outside_boundary_exact	Washington, Whatcom County	Wenatchee National Forest: Methow: Pasayten Wilderness. FIA Site # 88491 53 73	https://lichenportal.org/portal/collections/individual/index.php?occid=3456085
3456086	OSC	OSC-M-257019	J. DiMeglio	s.n.	0.43	167.84	Washington	Okanogan	48.781498	-120.738869	outside_boundary_exact	Washington, Whatcom County	Wenatchee National Forest: Methow: Pasayten Wilderness. FIA Site # 88491 53 73	https://lichenportal.org/portal/collections/individual/index.php?occid=3456086
3456087	OSC	OSC-M-257020	J. DiMeglio	s.n.	0.43	167.84	Washington	Okanogan	48.781498	-120.738869	outside_boundary_exact	Washington, Whatcom County	Wenatchee National Forest: Methow: Pasayten Wilderness. FIA Site # 88491 53 73	https://lichenportal.org/portal/collections/individual/index.php?occid=3456087
3456088	OSC	OSC-M-257021	J. DiMeglio	s.n.	0.43	167.84	Washington	Okanogan	48.781498	-120.738869	outside_boundary_exact	Washington, Whatcom County	Wenatchee National Forest: Methow: Pasayten Wilderness. FIA Site # 88491 53 73	https://lichenportal.org/portal/collections/individual/index.php?occid=3456088
4417251	OSC	163675	Bruce McCune	24724	0.43	96.45	Washington	Skamania	46.25	-121.5167	outside_boundary_exact	Washington, Yakima County	Volcanic spur on NW slope of Mount Adams, near Killen Cr. Trail, Gifford-Pinchot National Forest	https://lichenportal.org/portal/collections/individual/index.php?occid=4417251
3482305	OSC	OSC-M-293166	Linda Geiser	s.n.	0.38	160.23	Washington	Okanogan	48.7282	-120.667143	outside_boundary_exact	Washington, Whatcom County	Okanogan-Wenatchee National Forest: Methow Valley Ranger District: Pasayten Wilderness. FIA Site # 85811 53 47	https://lichenportal.org/portal/collections/individual/index.php?occid=3482305
3482306	OSC	OSC-M-293167	Linda Geiser	s.n.	0.38	160.23	Washington	Okanogan	48.7282	-120.667143	outside_boundary_exact	Washington, Whatcom County	Okanogan-Wenatchee National Forest: Methow Valley Ranger District: Pasayten Wilderness. FIA Site # 85811 53 47	https://lichenportal.org/portal/collections/individual/index.php?occid=3482306
3482307	OSC	OSC-M-293168	Linda Geiser	s.n.	0.38	160.23	Washington	Okanogan	48.7282	-120.667143	outside_boundary_exact	Washington, Whatcom County	Okanogan-Wenatchee National Forest: Methow Valley Ranger District: Pasayten Wilderness. FIA Site # 85811 53 47	https://lichenportal.org/portal/collections/individual/index.php?occid=3482307
3482308	OSC	OSC-M-293169	Linda Geiser	s.n.	0.38	160.23	Washington	Okanogan	48.7282	-120.667143	outside_boundary_exact	Washington, Whatcom County	Okanogan-Wenatchee National Forest: Methow Valley Ranger District: Pasayten Wilderness. FIA Site # 85811 53 47	https://lichenportal.org/portal/collections/individual/index.php?occid=3482308
3482309	OSC	OSC-M-293170	Linda Geiser	s.n.	0.38	160.23	Washington	Okanogan	48.7282	-120.667143	outside_boundary_exact	Washington, Whatcom County	Okanogan-Wenatchee National Forest: Methow Valley Ranger District: Pasayten Wilderness. FIA Site # 85811 53 47	https://lichenportal.org/portal/collections/individual/index.php?occid=3482309
3482310	OSC	OSC-M-293171	Linda Geiser	s.n.	0.38	160.23	Washington	Okanogan	48.7282	-120.667143	outside_boundary_exact	Washington, Whatcom County	Okanogan-Wenatchee National Forest: Methow Valley Ranger District: Pasayten Wilderness. FIA Site # 85811 53 47	https://lichenportal.org/portal/collections/individual/index.php?occid=3482310
3482311	OSC	OSC-M-293172	Linda Geiser	s.n.	0.38	160.23	Washington	Okanogan	48.7282	-120.667143	outside_boundary_exact	Washington, Whatcom County	Okanogan-Wenatchee National Forest: Methow Valley Ranger District: Pasayten Wilderness. FIA Site # 85811 53 47	https://lichenportal.org/portal/collections/individual/index.php?occid=3482311
3482312	OSC	OSC-M-293173	Linda Geiser	s.n.	0.38	160.23	Washington	Okanogan	48.7282	-120.667143	outside_boundary_exact	Washington, Whatcom County	Okanogan-Wenatchee National Forest: Methow Valley Ranger District: Pasayten Wilderness. FIA Site # 85811 53 47	https://lichenportal.org/portal/collections/individual/index.php?occid=3482312
3482313	OSC	OSC-M-293174	Linda Geiser	s.n.	0.38	160.23	Washington	Okanogan	48.7282	-120.667143	outside_boundary_exact	Washington, Whatcom County	Okanogan-Wenatchee National Forest: Methow Valley Ranger District: Pasayten Wilderness. FIA Site # 85811 53 47	https://lichenportal.org/portal/collections/individual/index.php?occid=3482313
3482314	OSC	OSC-M-293175	Linda Geiser	s.n.	0.38	160.23	Washington	Okanogan	48.7282	-120.667143	outside_boundary_exact	Washington, Whatcom County	Okanogan-Wenatchee National Forest: Methow Valley Ranger District: Pasayten Wilderness. FIA Site # 85811 53 47	https://lichenportal.org/portal/collections/individual/index.php?occid=3482314
3482315	OSC	OSC-M-293176	Linda Geiser	s.n.	0.38	160.23	Washington	Okanogan	48.7282	-120.667143	outside_boundary_exact	Washington, Whatcom County	Okanogan-Wenatchee National Forest: Methow Valley Ranger District: Pasayten Wilderness. FIA Site # 85811 53 47	https://lichenportal.org/portal/collections/individual/index.php?occid=3482315
3482316	OSC	OSC-M-293177	Linda Geiser	s.n.	0.38	160.23	Washington	Okanogan	48.7282	-120.667143	outside_boundary_exact	Washington, Whatcom County	Okanogan-Wenatchee National Forest: Methow Valley Ranger District: Pasayten Wilderness. FIA Site # 85811 53 47	https://lichenportal.org/portal/collections/individual/index.php?occid=3482316
3482317	OSC	OSC-M-293178	Linda Geiser	s.n.	0.38	160.23	Washington	Okanogan	48.7282	-120.667143	outside_boundary_exact	Washington, Whatcom County	Okanogan-Wenatchee National Forest: Methow Valley Ranger District: Pasayten Wilderness. FIA Site # 85811 53 47	https://lichenportal.org/portal/collections/individual/index.php?occid=3482317
3482318	OSC	OSC-M-293179	Linda Geiser	s.n.	0.38	160.23	Washington	Okanogan	48.7282	-120.667143	outside_boundary_exact	Washington, Whatcom County	Okanogan-Wenatchee National Forest: Methow Valley Ranger District: Pasayten Wilderness. FIA Site # 85811 53 47	https://lichenportal.org/portal/collections/individual/index.php?occid=3482318
3482319	OSC	OSC-M-293180	Linda Geiser	s.n.	0.38	160.23	Washington	Okanogan	48.7282	-120.667143	outside_boundary_exact	Washington, Whatcom County	Okanogan-Wenatchee National Forest: Methow Valley Ranger District: Pasayten Wilderness. FIA Site # 85811 53 47	https://lichenportal.org/portal/collections/individual/index.php?occid=3482319
3482320	OSC	OSC-M-293181	Linda Geiser	s.n.	0.38	160.23	Washington	Okanogan	48.7282	-120.667143	outside_boundary_exact	Washington, Whatcom County	Okanogan-Wenatchee National Forest: Methow Valley Ranger District: Pasayten Wilderness. FIA Site # 85811 53 47	https://lichenportal.org/portal/collections/individual/index.php?occid=3482320
3482321	OSC	OSC-M-293182	Linda Geiser	s.n.	0.38	160.23	Washington	Okanogan	48.7282	-120.667143	outside_boundary_exact	Washington, Whatcom County	Okanogan-Wenatchee National Forest: Methow Valley Ranger District: Pasayten Wilderness. FIA Site # 85811 53 47	https://lichenportal.org/portal/collections/individual/index.php?occid=3482321
3482322	OSC	OSC-M-293183	Linda Geiser	s.n.	0.38	160.23	Washington	Okanogan	48.7282	-120.667143	outside_boundary_exact	Washington, Whatcom County	Okanogan-Wenatchee National Forest: Methow Valley Ranger District: Pasayten Wilderness. FIA Site # 85811 53 47	https://lichenportal.org/portal/collections/individual/index.php?occid=3482322
3482323	OSC	OSC-M-293184	Linda Geiser	s.n.	0.38	160.23	Washington	Okanogan	48.7282	-120.667143	outside_boundary_exact	Washington, Whatcom County	Okanogan-Wenatchee National Forest: Methow Valley Ranger District: Pasayten Wilderness. FIA Site # 85811 53 47	https://lichenportal.org/portal/collections/individual/index.php?occid=3482323
3447547	OSC	OSC-M-245460	Chuck Brushwood	32	0.37	91.6	Washington	King	47.3125	-121.4375	outside_boundary_exact	Washington, Kittitas County	NA	https://lichenportal.org/portal/collections/individual/index.php?occid=3447547
3447548	OSC	OSC-M-245461	Chuck Brushwood	5	0.37	91.6	Washington	King	47.3125	-121.4375	outside_boundary_exact	Washington, Kittitas County	NA	https://lichenportal.org/portal/collections/individual/index.php?occid=3447548
3446785	OSC	OSC-M-238443	Chuck Brushwood	8	0.32	88.25	Washington	Kittitas	46.9375	-121.0625	outside_boundary_exact	Washington, Yakima County	NA	https://lichenportal.org/portal/collections/individual/index.php?occid=3446785
3446786	OSC	OSC-M-238444	Chuck Brushwood	1	0.32	88.25	Washington	Kittitas	46.9375	-121.0625	outside_boundary_exact	Washington, Yakima County	NA	https://lichenportal.org/portal/collections/individual/index.php?occid=3446786
3466024	OSC	OSC-M-266408	Mark Boyll	s.n.	0.31	121.42	Washington	Klickitat	45.70139	-121.3508	outside_boundary_exact	Oregon, Wasco County	Columbia River Gorge National Scenic Area: Memaloose State Park Overlook off Hwy 30. Approximately 3 miles east of Mosier. FIA Site # ARM172	https://lichenportal.org/portal/collections/individual/index.php?occid=3466024
3469877	OSC	OSC-M-270028	Mark Boyll	s.n.	0.31	121.42	Washington	Klickitat	45.70139	-121.3508	outside_boundary_exact	Oregon, Wasco County	Columbia River Gorge National Scenic Area: Memaloose State Park Overlook off Hwy 30. Approximately 3 miles east of Mosier. FIA Site # ARM172	https://lichenportal.org/portal/collections/individual/index.php?occid=3469877
4493214	OSC	OSC-M-289339	Mark Boyll	s.n.	0.31	121.42	Washington	Klickitat	45.70139	-121.3508	outside_boundary_exact	Oregon, Wasco County	Columbia River Gorge National Scenic Area: Memaloose State Park Overlook off Hwy 30. Approximately 3 miles east of Mosier. FIA Site # ARM172	https://lichenportal.org/portal/collections/individual/index.php?occid=4493214
4493215	OSC	OSC-M-289340	Mark Boyll	s.n.	0.31	121.42	Washington	Klickitat	45.70139	-121.3508	outside_boundary_exact	Oregon, Wasco County	Columbia River Gorge National Scenic Area: Memaloose State Park Overlook off Hwy 30. Approximately 3 miles east of Mosier. FIA Site # ARM172	https://lichenportal.org/portal/collections/individual/index.php?occid=4493215
4493216	OSC	OSC-M-289341	Mark Boyll	s.n.	0.31	121.42	Washington	Klickitat	45.70139	-121.3508	outside_boundary_exact	Oregon, Wasco County	Columbia River Gorge National Scenic Area: Memaloose State Park Overlook off Hwy 30. Approximately 3 miles east of Mosier. FIA Site # ARM172	https://lichenportal.org/portal/collections/individual/index.php?occid=4493216
4493217	OSC	OSC-M-289342	Mark Boyll	s.n.	0.31	121.42	Washington	Klickitat	45.70139	-121.3508	outside_boundary_exact	Oregon, Wasco County	Columbia River Gorge National Scenic Area: Memaloose State Park Overlook off Hwy 30. Approximately 3 miles east of Mosier. FIA Site # ARM172	https://lichenportal.org/portal/collections/individual/index.php?occid=4493217
4493218	OSC	OSC-M-289343	Mark Boyll	s.n.	0.31	121.42	Washington	Klickitat	45.70139	-121.3508	outside_boundary_exact	Oregon, Wasco County	Columbia River Gorge National Scenic Area: Memaloose State Park Overlook off Hwy 30. Approximately 3 miles east of Mosier. FIA Site # ARM172	https://lichenportal.org/portal/collections/individual/index.php?occid=4493218
4493219	OSC	OSC-M-289344	Mark Boyll	s.n.	0.31	121.42	Washington	Klickitat	45.70139	-121.3508	outside_boundary_exact	Oregon, Wasco County	Columbia River Gorge National Scenic Area: Memaloose State Park Overlook off Hwy 30. Approximately 3 miles east of Mosier. FIA Site # ARM172	https://lichenportal.org/portal/collections/individual/index.php?occid=4493219
4493220	OSC	OSC-M-289345	Mark Boyll	s.n.	0.31	121.42	Washington	Klickitat	45.70139	-121.3508	outside_boundary_exact	Oregon, Wasco County	Columbia River Gorge National Scenic Area: Memaloose State Park Overlook off Hwy 30. Approximately 3 miles east of Mosier. FIA Site # ARM172	https://lichenportal.org/portal/collections/individual/index.php?occid=4493220
4493221	OSC	OSC-M-289346	Mark Boyll	s.n.	0.31	121.42	Washington	Klickitat	45.70139	-121.3508	outside_boundary_exact	Oregon, Wasco County	Columbia River Gorge National Scenic Area: Memaloose State Park Overlook off Hwy 30. Approximately 3 miles east of Mosier. FIA Site # ARM172	https://lichenportal.org/portal/collections/individual/index.php?occid=4493221
4493222	OSC	OSC-M-289347	Mark Boyll	s.n.	0.31	121.42	Washington	Klickitat	45.70139	-121.3508	outside_boundary_exact	Oregon, Wasco County	Columbia River Gorge National Scenic Area: Memaloose State Park Overlook off Hwy 30. Approximately 3 miles east of Mosier. FIA Site # ARM172	https://lichenportal.org/portal/collections/individual/index.php?occid=4493222
4493223	OSC	OSC-M-289348	Mark Boyll	s.n.	0.31	121.42	Washington	Klickitat	45.70139	-121.3508	outside_boundary_exact	Oregon, Wasco County	Columbia River Gorge National Scenic Area: Memaloose State Park Overlook off Hwy 30. Approximately 3 miles east of Mosier. FIA Site # ARM172	https://lichenportal.org/portal/collections/individual/index.php?occid=4493223
4493224	OSC	OSC-M-289349	Mark Boyll	s.n.	0.31	121.42	Washington	Klickitat	45.70139	-121.3508	outside_boundary_exact	Oregon, Wasco County	Columbia River Gorge National Scenic Area: Memaloose State Park Overlook off Hwy 30. Approximately 3 miles east of Mosier. FIA Site # ARM172	https://lichenportal.org/portal/collections/individual/index.php?occid=4493224
4493225	OSC	OSC-M-289350	Mark Boyll	s.n.	0.31	121.42	Washington	Klickitat	45.70139	-121.3508	outside_boundary_exact	Oregon, Wasco County	Columbia River Gorge National Scenic Area: Memaloose State Park Overlook off Hwy 30. Approximately 3 miles east of Mosier. FIA Site # ARM172	https://lichenportal.org/portal/collections/individual/index.php?occid=4493225
4493226	OSC	OSC-M-289351	Mark Boyll	s.n.	0.31	121.42	Washington	Klickitat	45.70139	-121.3508	outside_boundary_exact	Oregon, Wasco County	Columbia River Gorge National Scenic Area: Memaloose State Park Overlook off Hwy 30. Approximately 3 miles east of Mosier. FIA Site # ARM172	https://lichenportal.org/portal/collections/individual/index.php?occid=4493226
4493227	OSC	OSC-M-289352	Mark Boyll	s.n.	0.31	121.42	Washington	Klickitat	45.70139	-121.3508	outside_boundary_exact	Oregon, Wasco County	Columbia River Gorge National Scenic Area: Memaloose State Park Overlook off Hwy 30. Approximately 3 miles east of Mosier. FIA Site # ARM172	https://lichenportal.org/portal/collections/individual/index.php?occid=4493227
4493228	OSC	OSC-M-289353	Mark Boyll	s.n.	0.31	121.42	Washington	Klickitat	45.70139	-121.3508	outside_boundary_exact	Oregon, Wasco County	Columbia River Gorge National Scenic Area: Memaloose State Park Overlook off Hwy 30. Approximately 3 miles east of Mosier. FIA Site # ARM172	https://lichenportal.org/portal/collections/individual/index.php?occid=4493228
4493229	OSC	OSC-M-289354	Mark Boyll	s.n.	0.31	121.42	Washington	Klickitat	45.70139	-121.3508	outside_boundary_exact	Oregon, Wasco County	Columbia River Gorge National Scenic Area: Memaloose State Park Overlook off Hwy 30. Approximately 3 miles east of Mosier. FIA Site # ARM172	https://lichenportal.org/portal/collections/individual/index.php?occid=4493229
4493230	OSC	OSC-M-289355	Mark Boyll	s.n.	0.31	121.42	Washington	Klickitat	45.70139	-121.3508	outside_boundary_exact	Oregon, Wasco County	Columbia River Gorge National Scenic Area: Memaloose State Park Overlook off Hwy 30. Approximately 3 miles east of Mosier. FIA Site # ARM172	https://lichenportal.org/portal/collections/individual/index.php?occid=4493230
4493231	OSC	OSC-M-289356	Mark Boyll	s.n.	0.31	121.42	Washington	Klickitat	45.70139	-121.3508	outside_boundary_exact	Oregon, Wasco County	Columbia River Gorge National Scenic Area: Memaloose State Park Overlook off Hwy 30. Approximately 3 miles east of Mosier. FIA Site # ARM172	https://lichenportal.org/portal/collections/individual/index.php?occid=4493231
4493232	OSC	OSC-M-289357	Mark Boyll	s.n.	0.31	121.42	Washington	Klickitat	45.70139	-121.3508	outside_boundary_exact	Oregon, Wasco County	Columbia River Gorge National Scenic Area: Memaloose State Park Overlook off Hwy 30. Approximately 3 miles east of Mosier. FIA Site # ARM172	https://lichenportal.org/portal/collections/individual/index.php?occid=4493232
4493233	OSC	OSC-M-289358	Mark Boyll	s.n.	0.31	121.42	Washington	Klickitat	45.70139	-121.3508	outside_boundary_exact	Oregon, Wasco County	Columbia River Gorge National Scenic Area: Memaloose State Park Overlook off Hwy 30. Approximately 3 miles east of Mosier. FIA Site # ARM172	https://lichenportal.org/portal/collections/individual/index.php?occid=4493233
4493234	OSC	OSC-M-289359	Mark Boyll	s.n.	0.31	121.42	Washington	Klickitat	45.70139	-121.3508	outside_boundary_exact	Oregon, Wasco County	Columbia River Gorge National Scenic Area: Memaloose State Park Overlook off Hwy 30. Approximately 3 miles east of Mosier. FIA Site # ARM172	https://lichenportal.org/portal/collections/individual/index.php?occid=4493234
4493235	OSC	OSC-M-289360	Mark Boyll	s.n.	0.31	121.42	Washington	Klickitat	45.70139	-121.3508	outside_boundary_exact	Oregon, Wasco County	Columbia River Gorge National Scenic Area: Memaloose State Park Overlook off Hwy 30. Approximately 3 miles east of Mosier. FIA Site # ARM172	https://lichenportal.org/portal/collections/individual/index.php?occid=4493235
4493236	OSC	OSC-M-289361	Mark Boyll	s.n.	0.31	121.42	Washington	Klickitat	45.70139	-121.3508	outside_boundary_exact	Oregon, Wasco County	Columbia River Gorge National Scenic Area: Memaloose State Park Overlook off Hwy 30. Approximately 3 miles east of Mosier. FIA Site # ARM172	https://lichenportal.org/portal/collections/individual/index.php?occid=4493236
4493237	OSC	OSC-M-289362	Mark Boyll	s.n.	0.31	121.42	Washington	Klickitat	45.70139	-121.3508	outside_boundary_exact	Oregon, Wasco County	Columbia River Gorge National Scenic Area: Memaloose State Park Overlook off Hwy 30. Approximately 3 miles east of Mosier. FIA Site # ARM172	https://lichenportal.org/portal/collections/individual/index.php?occid=4493237
4493238	OSC	OSC-M-289363	Mark Boyll	s.n.	0.31	121.42	Washington	Klickitat	45.70139	-121.3508	outside_boundary_exact	Oregon, Wasco County	Columbia River Gorge National Scenic Area: Memaloose State Park Overlook off Hwy 30. Approximately 3 miles east of Mosier. FIA Site # ARM172	https://lichenportal.org/portal/collections/individual/index.php?occid=4493238
4493239	OSC	OSC-M-289364	Mark Boyll	s.n.	0.31	121.42	Washington	Klickitat	45.70139	-121.3508	outside_boundary_exact	Oregon, Wasco County	Columbia River Gorge National Scenic Area: Memaloose State Park Overlook off Hwy 30. Approximately 3 miles east of Mosier. FIA Site # ARM172	https://lichenportal.org/portal/collections/individual/index.php?occid=4493239
4493240	OSC	OSC-M-289365	Mark Boyll	s.n.	0.31	121.42	Washington	Klickitat	45.70139	-121.3508	outside_boundary_exact	Oregon, Wasco County	Columbia River Gorge National Scenic Area: Memaloose State Park Overlook off Hwy 30. Approximately 3 miles east of Mosier. FIA Site # ARM172	https://lichenportal.org/portal/collections/individual/index.php?occid=4493240
4493241	OSC	OSC-M-289366	Mark Boyll	s.n.	0.31	121.42	Washington	Klickitat	45.70139	-121.3508	outside_boundary_exact	Oregon, Wasco County	Columbia River Gorge National Scenic Area: Memaloose State Park Overlook off Hwy 30. Approximately 3 miles east of Mosier. FIA Site # ARM172	https://lichenportal.org/portal/collections/individual/index.php?occid=4493241
4493242	OSC	OSC-M-289367	Mark Boyll	s.n.	0.31	121.42	Washington	Klickitat	45.70139	-121.3508	outside_boundary_exact	Oregon, Wasco County	Columbia River Gorge National Scenic Area: Memaloose State Park Overlook off Hwy 30. Approximately 3 miles east of Mosier. FIA Site # ARM172	https://lichenportal.org/portal/collections/individual/index.php?occid=4493242
4493243	OSC	OSC-M-289368	Mark Boyll	s.n.	0.31	121.42	Washington	Klickitat	45.70139	-121.3508	outside_boundary_exact	Oregon, Wasco County	Columbia River Gorge National Scenic Area: Memaloose State Park Overlook off Hwy 30. Approximately 3 miles east of Mosier. FIA Site # ARM172	https://lichenportal.org/portal/collections/individual/index.php?occid=4493243
4493244	OSC	OSC-M-289369	Mark Boyll	s.n.	0.31	121.42	Washington	Klickitat	45.70139	-121.3508	outside_boundary_exact	Oregon, Wasco County	Columbia River Gorge National Scenic Area: Memaloose State Park Overlook off Hwy 30. Approximately 3 miles east of Mosier. FIA Site # ARM172	https://lichenportal.org/portal/collections/individual/index.php?occid=4493244
4421502	OSC	170773	Bruce McCune	23516	0.25	94.56	Washington	Spokane	47.37833	-117.8267	outside_boundary_exact	Washington, Lincoln County	20 km SW of Cheney, BLM land between Hog Lake and I-90 near Fishtrap exit	https://lichenportal.org/portal/collections/individual/index.php?occid=4421502
4426991	OSC	154968	Bruce McCune	23517	0.25	94.56	Washington	Spokane	47.37833	-117.8267	outside_boundary_exact	Washington, Lincoln County	20 km SW of Cheney, BLM land between Hog Lake and I-90 near Fishtrap exit	https://lichenportal.org/portal/collections/individual/index.php?occid=4426991
4759500	OSC	OSC-M-050210	Bruce McCune	23518	0.25	94.56	Washington	Spokane	47.37833	-117.8267	outside_boundary_exact	Washington, Lincoln County	20 km SW of Cheney, BLM land between Hog Lake and I-90 near Fishtrap exit	https://lichenportal.org/portal/collections/individual/index.php?occid=4759500
3458557	OSC	OSC-M-259325	E. Phenix	s.n.	0.24	137.8	Washington	Lewis	46.386419	-121.676685	outside_boundary_exact	Washington, Skamania County	Gifford Pinchot National Forest: Cowlitz Valley Ranger District. FIA Site # 87833 53 59	https://lichenportal.org/portal/collections/individual/index.php?occid=3458557
3458558	OSC	OSC-M-259326	E. Phenix	s.n.	0.24	137.8	Washington	Lewis	46.386419	-121.676685	outside_boundary_exact	Washington, Skamania County	Gifford Pinchot National Forest: Cowlitz Valley Ranger District. FIA Site # 87833 53 59	https://lichenportal.org/portal/collections/individual/index.php?occid=3458558
3458559	OSC	OSC-M-259327	E. Phenix	s.n.	0.24	137.8	Washington	Lewis	46.386419	-121.676685	outside_boundary_exact	Washington, Skamania County	Gifford Pinchot National Forest: Cowlitz Valley Ranger District. FIA Site # 87833 53 59	https://lichenportal.org/portal/collections/individual/index.php?occid=3458559
3458560	OSC	OSC-M-259328	E. Phenix	s.n.	0.24	137.8	Washington	Lewis	46.386419	-121.676685	outside_boundary_exact	Washington, Skamania County	Gifford Pinchot National Forest: Cowlitz Valley Ranger District. FIA Site # 87833 53 59	https://lichenportal.org/portal/collections/individual/index.php?occid=3458560
3458561	OSC	OSC-M-259329	E. Phenix	s.n.	0.24	137.8	Washington	Lewis	46.386419	-121.676685	outside_boundary_exact	Washington, Skamania County	Gifford Pinchot National Forest: Cowlitz Valley Ranger District. FIA Site # 87833 53 59	https://lichenportal.org/portal/collections/individual/index.php?occid=3458561
3458562	OSC	OSC-M-259330	E. Phenix	s.n.	0.24	137.8	Washington	Lewis	46.386419	-121.676685	outside_boundary_exact	Washington, Skamania County	Gifford Pinchot National Forest: Cowlitz Valley Ranger District. FIA Site # 87833 53 59	https://lichenportal.org/portal/collections/individual/index.php?occid=3458562
3458563	OSC	OSC-M-259331	E. Phenix	s.n.	0.24	137.8	Washington	Lewis	46.386419	-121.676685	outside_boundary_exact	Washington, Skamania County	Gifford Pinchot National Forest: Cowlitz Valley Ranger District. FIA Site # 87833 53 59	https://lichenportal.org/portal/collections/individual/index.php?occid=3458563
3458564	OSC	OSC-M-259332	E. Phenix	s.n.	0.24	137.8	Washington	Lewis	46.386419	-121.676685	outside_boundary_exact	Washington, Skamania County	Gifford Pinchot National Forest: Cowlitz Valley Ranger District. FIA Site # 87833 53 59	https://lichenportal.org/portal/collections/individual/index.php?occid=3458564
3458565	OSC	OSC-M-259332a	E. Phenix	s.n.	0.24	137.8	Washington	Lewis	46.386419	-121.676685	outside_boundary_exact	Washington, Skamania County	Gifford Pinchot National Forest: Cowlitz Valley Ranger District. FIA Site # 87833 53 59	https://lichenportal.org/portal/collections/individual/index.php?occid=3458565
3458566	OSC	OSC-M-259333	E. Phenix	s.n.	0.24	137.8	Washington	Lewis	46.386419	-121.676685	outside_boundary_exact	Washington, Skamania County	Gifford Pinchot National Forest: Cowlitz Valley Ranger District. FIA Site # 87833 53 59	https://lichenportal.org/portal/collections/individual/index.php?occid=3458566
3458567	OSC	OSC-M-259334	E. Phenix	s.n.	0.24	137.8	Washington	Lewis	46.386419	-121.676685	outside_boundary_exact	Washington, Skamania County	Gifford Pinchot National Forest: Cowlitz Valley Ranger District. FIA Site # 87833 53 59	https://lichenportal.org/portal/collections/individual/index.php?occid=3458567
3458568	OSC	OSC-M-259335	E. Phenix	s.n.	0.24	137.8	Washington	Lewis	46.386419	-121.676685	outside_boundary_exact	Washington, Skamania County	Gifford Pinchot National Forest: Cowlitz Valley Ranger District. FIA Site # 87833 53 59	https://lichenportal.org/portal/collections/individual/index.php?occid=3458568
3458569	OSC	OSC-M-259336	E. Phenix	s.n.	0.24	137.8	Washington	Lewis	46.386419	-121.676685	outside_boundary_exact	Washington, Skamania County	Gifford Pinchot National Forest: Cowlitz Valley Ranger District. FIA Site # 87833 53 59	https://lichenportal.org/portal/collections/individual/index.php?occid=3458569
3458570	OSC	OSC-M-259336a	E. Phenix	s.n.	0.24	137.8	Washington	Lewis	46.386419	-121.676685	outside_boundary_exact	Washington, Skamania County	Gifford Pinchot National Forest: Cowlitz Valley Ranger District. FIA Site # 87833 53 59	https://lichenportal.org/portal/collections/individual/index.php?occid=3458570
3458571	OSC	OSC-M-259337	E. Phenix	s.n.	0.24	137.8	Washington	Lewis	46.386419	-121.676685	outside_boundary_exact	Washington, Skamania County	Gifford Pinchot National Forest: Cowlitz Valley Ranger District. FIA Site # 87833 53 59	https://lichenportal.org/portal/collections/individual/index.php?occid=3458571
3458572	OSC	OSC-M-259338	E. Phenix	s.n.	0.24	137.8	Washington	Lewis	46.386419	-121.676685	outside_boundary_exact	Washington, Skamania County	Gifford Pinchot National Forest: Cowlitz Valley Ranger District. FIA Site # 87833 53 59	https://lichenportal.org/portal/collections/individual/index.php?occid=3458572
3458573	OSC	OSC-M-259339	E. Phenix	s.n.	0.24	137.8	Washington	Lewis	46.386419	-121.676685	outside_boundary_exact	Washington, Skamania County	Gifford Pinchot National Forest: Cowlitz Valley Ranger District. FIA Site # 87833 53 59	https://lichenportal.org/portal/collections/individual/index.php?occid=3458573
3458574	OSC	OSC-M-259340	E. Phenix	s.n.	0.24	137.8	Washington	Lewis	46.386419	-121.676685	outside_boundary_exact	Washington, Skamania County	Gifford Pinchot National Forest: Cowlitz Valley Ranger District. FIA Site # 87833 53 59	https://lichenportal.org/portal/collections/individual/index.php?occid=3458574
3458575	OSC	OSC-M-259340a	E. Phenix	s.n.	0.24	137.8	Washington	Lewis	46.386419	-121.676685	outside_boundary_exact	Washington, Skamania County	Gifford Pinchot National Forest: Cowlitz Valley Ranger District. FIA Site # 87833 53 59	https://lichenportal.org/portal/collections/individual/index.php?occid=3458575
3458576	OSC	OSC-M-259341	E. Phenix	s.n.	0.24	137.8	Washington	Lewis	46.386419	-121.676685	outside_boundary_exact	Washington, Skamania County	Gifford Pinchot National Forest: Cowlitz Valley Ranger District. FIA Site # 87833 53 59	https://lichenportal.org/portal/collections/individual/index.php?occid=3458576
3458577	OSC	OSC-M-259342	E. Phenix	s.n.	0.24	137.8	Washington	Lewis	46.386419	-121.676685	outside_boundary_exact	Washington, Skamania County	Gifford Pinchot National Forest: Cowlitz Valley Ranger District. FIA Site # 87833 53 59	https://lichenportal.org/portal/collections/individual/index.php?occid=3458577
3458578	OSC	OSC-M-259343	E. Phenix	s.n.	0.24	137.8	Washington	Lewis	46.386419	-121.676685	outside_boundary_exact	Washington, Skamania County	Gifford Pinchot National Forest: Cowlitz Valley Ranger District. FIA Site # 87833 53 59	https://lichenportal.org/portal/collections/individual/index.php?occid=3458578
3458579	OSC	OSC-M-259344	E. Phenix	s.n.	0.24	137.8	Washington	Lewis	46.386419	-121.676685	outside_boundary_exact	Washington, Skamania County	Gifford Pinchot National Forest: Cowlitz Valley Ranger District. FIA Site # 87833 53 59	https://lichenportal.org/portal/collections/individual/index.php?occid=3458579
3458580	OSC	OSC-M-259345	S. Berryman	s.n.	0.24	137.8	Washington	Lewis	46.386419	-121.676685	outside_boundary_exact	Washington, Skamania County	Gifford Pinchot National Forest: Cowlitz Valley Ranger District. FIA Site # 87833 53 59	https://lichenportal.org/portal/collections/individual/index.php?occid=3458580
3458581	OSC	OSC-M-259346	S. Berryman	s.n.	0.24	137.8	Washington	Lewis	46.386419	-121.676685	outside_boundary_exact	Washington, Skamania County	Gifford Pinchot National Forest: Cowlitz Valley Ranger District. FIA Site # 87833 53 59	https://lichenportal.org/portal/collections/individual/index.php?occid=3458581
3458582	OSC	OSC-M-259347	S. Berryman	s.n.	0.24	137.8	Washington	Lewis	46.386419	-121.676685	outside_boundary_exact	Washington, Skamania County	Gifford Pinchot National Forest: Cowlitz Valley Ranger District. FIA Site # 87833 53 59	https://lichenportal.org/portal/collections/individual/index.php?occid=3458582
3458583	OSC	OSC-M-259348	S. Berryman	s.n.	0.24	137.8	Washington	Lewis	46.386419	-121.676685	outside_boundary_exact	Washington, Skamania County	Gifford Pinchot National Forest: Cowlitz Valley Ranger District. FIA Site # 87833 53 59	https://lichenportal.org/portal/collections/individual/index.php?occid=3458583
3458584	OSC	OSC-M-259349	S. Berryman	s.n.	0.24	137.8	Washington	Lewis	46.386419	-121.676685	outside_boundary_exact	Washington, Skamania County	Gifford Pinchot National Forest: Cowlitz Valley Ranger District. FIA Site # 87833 53 59	https://lichenportal.org/portal/collections/individual/index.php?occid=3458584
3458585	OSC	OSC-M-259350	S. Berryman	s.n.	0.24	137.8	Washington	Lewis	46.386419	-121.676685	outside_boundary_exact	Washington, Skamania County	Gifford Pinchot National Forest: Cowlitz Valley Ranger District. FIA Site # 87833 53 59	https://lichenportal.org/portal/collections/individual/index.php?occid=3458585
3458586	OSC	OSC-M-259351	S. Berryman	s.n.	0.24	137.8	Washington	Lewis	46.386419	-121.676685	outside_boundary_exact	Washington, Skamania County	Gifford Pinchot National Forest: Cowlitz Valley Ranger District. FIA Site # 87833 53 59	https://lichenportal.org/portal/collections/individual/index.php?occid=3458586
3458587	OSC	OSC-M-259352	S. Berryman	s.n.	0.24	137.8	Washington	Lewis	46.386419	-121.676685	outside_boundary_exact	Washington, Skamania County	Gifford Pinchot National Forest: Cowlitz Valley Ranger District. FIA Site # 87833 53 59	https://lichenportal.org/portal/collections/individual/index.php?occid=3458587
3458588	OSC	OSC-M-259353	S. Berryman	s.n.	0.24	137.8	Washington	Lewis	46.386419	-121.676685	outside_boundary_exact	Washington, Skamania County	Gifford Pinchot National Forest: Cowlitz Valley Ranger District. FIA Site # 87833 53 59	https://lichenportal.org/portal/collections/individual/index.php?occid=3458588
3458589	OSC	OSC-M-259354	S. Berryman	s.n.	0.24	137.8	Washington	Lewis	46.386419	-121.676685	outside_boundary_exact	Washington, Skamania County	Gifford Pinchot National Forest: Cowlitz Valley Ranger District. FIA Site # 87833 53 59	https://lichenportal.org/portal/collections/individual/index.php?occid=3458589
3458590	OSC	OSC-M-259355	S. Berryman	s.n.	0.24	137.8	Washington	Lewis	46.386419	-121.676685	outside_boundary_exact	Washington, Skamania County	Gifford Pinchot National Forest: Cowlitz Valley Ranger District. FIA Site # 87833 53 59	https://lichenportal.org/portal/collections/individual/index.php?occid=3458590
3458591	OSC	OSC-M-259356	S. Berryman	s.n.	0.24	137.8	Washington	Lewis	46.386419	-121.676685	outside_boundary_exact	Washington, Skamania County	Gifford Pinchot National Forest: Cowlitz Valley Ranger District. FIA Site # 87833 53 59	https://lichenportal.org/portal/collections/individual/index.php?occid=3458591
3458592	OSC	OSC-M-259357	S. Berryman	s.n.	0.24	137.8	Washington	Lewis	46.386419	-121.676685	outside_boundary_exact	Washington, Skamania County	Gifford Pinchot National Forest: Cowlitz Valley Ranger District. FIA Site # 87833 53 59	https://lichenportal.org/portal/collections/individual/index.php?occid=3458592
3458593	OSC	OSC-M-259358	S. Berryman	s.n.	0.24	137.8	Washington	Lewis	46.386419	-121.676685	outside_boundary_exact	Washington, Skamania County	Gifford Pinchot National Forest: Cowlitz Valley Ranger District. FIA Site # 87833 53 59	https://lichenportal.org/portal/collections/individual/index.php?occid=3458593
3458594	OSC	OSC-M-259359	S. Berryman	s.n.	0.24	137.8	Washington	Lewis	46.386419	-121.676685	outside_boundary_exact	Washington, Skamania County	Gifford Pinchot National Forest: Cowlitz Valley Ranger District. FIA Site # 87833 53 59	https://lichenportal.org/portal/collections/individual/index.php?occid=3458594
3458595	OSC	OSC-M-259360	S. Berryman	s.n.	0.24	137.8	Washington	Lewis	46.386419	-121.676685	outside_boundary_exact	Washington, Skamania County	Gifford Pinchot National Forest: Cowlitz Valley Ranger District. FIA Site # 87833 53 59	https://lichenportal.org/portal/collections/individual/index.php?occid=3458595
3458596	OSC	OSC-M-259361	S. Berryman	s.n.	0.24	137.8	Washington	Lewis	46.386419	-121.676685	outside_boundary_exact	Washington, Skamania County	Gifford Pinchot National Forest: Cowlitz Valley Ranger District. FIA Site # 87833 53 59	https://lichenportal.org/portal/collections/individual/index.php?occid=3458596
3458597	OSC	OSC-M-259362	S. Berryman	s.n.	0.24	137.8	Washington	Lewis	46.386419	-121.676685	outside_boundary_exact	Washington, Skamania County	Gifford Pinchot National Forest: Cowlitz Valley Ranger District. FIA Site # 87833 53 59	https://lichenportal.org/portal/collections/individual/index.php?occid=3458597
3458598	OSC	OSC-M-259363	S. Berryman	s.n.	0.24	137.8	Washington	Lewis	46.386419	-121.676685	outside_boundary_exact	Washington, Skamania County	Gifford Pinchot National Forest: Cowlitz Valley Ranger District. FIA Site # 87833 53 59	https://lichenportal.org/portal/collections/individual/index.php?occid=3458598
3458599	OSC	OSC-M-259364	S. Berryman	s.n.	0.24	137.8	Washington	Lewis	46.386419	-121.676685	outside_boundary_exact	Washington, Skamania County	Gifford Pinchot National Forest: Cowlitz Valley Ranger District. FIA Site # 87833 53 59	https://lichenportal.org/portal/collections/individual/index.php?occid=3458599
3458600	OSC	OSC-M-259365	S. Berryman	s.n.	0.24	137.8	Washington	Lewis	46.386419	-121.676685	outside_boundary_exact	Washington, Skamania County	Gifford Pinchot National Forest: Cowlitz Valley Ranger District. FIA Site # 87833 53 59	https://lichenportal.org/portal/collections/individual/index.php?occid=3458600
3458601	OSC	OSC-M-259366	S. Berryman	s.n.	0.24	137.8	Washington	Lewis	46.386419	-121.676685	outside_boundary_exact	Washington, Skamania County	Gifford Pinchot National Forest: Cowlitz Valley Ranger District. FIA Site # 87833 53 59	https://lichenportal.org/portal/collections/individual/index.php?occid=3458601
3458602	OSC	OSC-M-259367	S. Berryman	s.n.	0.24	137.8	Washington	Lewis	46.386419	-121.676685	outside_boundary_exact	Washington, Skamania County	Gifford Pinchot National Forest: Cowlitz Valley Ranger District. FIA Site # 87833 53 59	https://lichenportal.org/portal/collections/individual/index.php?occid=3458602
3469902	OSC	OSC-M-270048	S. Berryman, E. Phenix?	s.n.	0.24	137.8	Washington	Lewis	46.386419	-121.676685	outside_boundary_exact	Washington, Skamania County	Gifford Pinchot National Forest: Cowlitz Valley Ranger District. FIA Site # 87833 53 59	https://lichenportal.org/portal/collections/individual/index.php?occid=3469902
3469903	OSC	OSC-M-270048a	S. Berryman, E. Phenix?	s.n.	0.24	137.8	Washington	Lewis	46.386419	-121.676685	outside_boundary_exact	Washington, Skamania County	Gifford Pinchot National Forest: Cowlitz Valley Ranger District. FIA Site # 87833 53 59	https://lichenportal.org/portal/collections/individual/index.php?occid=3469903
3458842	OSC	OSC-M-259583	Mark Boyll	s.n.	0.23	55.54	Washington	Clark	45.55972	-122.2461	outside_boundary_exact	Washington, Skamania County	Columbia River Gorge National Scenic Area: 1.5 mi west of rd to Mt Pleasant School on Hwy 14. South side of Hwy. FIA Site # ARM125	https://lichenportal.org/portal/collections/individual/index.php?occid=3458842
3460880	OSC	OSC-M-261516	Mark Boyll	s.n.	0.23	55.54	Washington	Clark	45.55972	-122.2461	outside_boundary_exact	Washington, Skamania County	Columbia River Gorge National Scenic Area: 1.5 mi west of rd to Mt Pleasant School on Hwy 14. South side of Hwy. FIA Site # ARM125	https://lichenportal.org/portal/collections/individual/index.php?occid=3460880
3460881	OSC	OSC-M-261517	Mark Boyll	s.n.	0.23	55.54	Washington	Clark	45.55972	-122.2461	outside_boundary_exact	Washington, Skamania County	Columbia River Gorge National Scenic Area: 1.5 mi west of rd to Mt Pleasant School on Hwy 14. South side of Hwy. FIA Site # ARM125	https://lichenportal.org/portal/collections/individual/index.php?occid=3460881
3460882	OSC	OSC-M-261518	Mark Boyll	s.n.	0.23	55.54	Washington	Clark	45.55972	-122.2461	outside_boundary_exact	Washington, Skamania County	Columbia River Gorge National Scenic Area: 1.5 mi west of rd to Mt Pleasant School on Hwy 14. South side of Hwy. FIA Site # ARM125	https://lichenportal.org/portal/collections/individual/index.php?occid=3460882
3460883	OSC	OSC-M-261519	Mark Boyll	s.n.	0.23	55.54	Washington	Clark	45.55972	-122.2461	outside_boundary_exact	Washington, Skamania County	Columbia River Gorge National Scenic Area: 1.5 mi west of rd to Mt Pleasant School on Hwy 14. South side of Hwy. FIA Site # ARM125	https://lichenportal.org/portal/collections/individual/index.php?occid=3460883
3460884	OSC	OSC-M-261520	Mark Boyll	s.n.	0.23	55.54	Washington	Clark	45.55972	-122.2461	outside_boundary_exact	Washington, Skamania County	Columbia River Gorge National Scenic Area: 1.5 mi west of rd to Mt Pleasant School on Hwy 14. South side of Hwy. FIA Site # ARM125	https://lichenportal.org/portal/collections/individual/index.php?occid=3460884
3460885	OSC	OSC-M-261521	Mark Boyll	s.n.	0.23	55.54	Washington	Clark	45.55972	-122.2461	outside_boundary_exact	Washington, Skamania County	Columbia River Gorge National Scenic Area: 1.5 mi west of rd to Mt Pleasant School on Hwy 14. South side of Hwy. FIA Site # ARM125	https://lichenportal.org/portal/collections/individual/index.php?occid=3460885
3460886	OSC	OSC-M-261522	Mark Boyll	s.n.	0.23	55.54	Washington	Clark	45.55972	-122.2461	outside_boundary_exact	Washington, Skamania County	Columbia River Gorge National Scenic Area: 1.5 mi west of rd to Mt Pleasant School on Hwy 14. South side of Hwy. FIA Site # ARM125	https://lichenportal.org/portal/collections/individual/index.php?occid=3460886
3460887	OSC	OSC-M-261523	Mark Boyll	s.n.	0.23	55.54	Washington	Clark	45.55972	-122.2461	outside_boundary_exact	Washington, Skamania County	Columbia River Gorge National Scenic Area: 1.5 mi west of rd to Mt Pleasant School on Hwy 14. South side of Hwy. FIA Site # ARM125	https://lichenportal.org/portal/collections/individual/index.php?occid=3460887
3460888	OSC	OSC-M-261524	Mark Boyll	s.n.	0.23	55.54	Washington	Clark	45.55972	-122.2461	outside_boundary_exact	Washington, Skamania County	Columbia River Gorge National Scenic Area: 1.5 mi west of rd to Mt Pleasant School on Hwy 14. South side of Hwy. FIA Site # ARM125	https://lichenportal.org/portal/collections/individual/index.php?occid=3460888
3460889	OSC	OSC-M-261525	Mark Boyll	s.n.	0.23	55.54	Washington	Clark	45.55972	-122.2461	outside_boundary_exact	Washington, Skamania County	Columbia River Gorge National Scenic Area: 1.5 mi west of rd to Mt Pleasant School on Hwy 14. South side of Hwy. FIA Site # ARM125	https://lichenportal.org/portal/collections/individual/index.php?occid=3460889
3460890	OSC	OSC-M-261526	Mark Boyll	s.n.	0.23	55.54	Washington	Clark	45.55972	-122.2461	outside_boundary_exact	Washington, Skamania County	Columbia River Gorge National Scenic Area: 1.5 mi west of rd to Mt Pleasant School on Hwy 14. South side of Hwy. FIA Site # ARM125	https://lichenportal.org/portal/collections/individual/index.php?occid=3460890
3460891	OSC	OSC-M-261527	Mark Boyll	s.n.	0.23	55.54	Washington	Clark	45.55972	-122.2461	outside_boundary_exact	Washington, Skamania County	Columbia River Gorge National Scenic Area: 1.5 mi west of rd to Mt Pleasant School on Hwy 14. South side of Hwy. FIA Site # ARM125	https://lichenportal.org/portal/collections/individual/index.php?occid=3460891
3460892	OSC	OSC-M-261528	Mark Boyll	s.n.	0.23	55.54	Washington	Clark	45.55972	-122.2461	outside_boundary_exact	Washington, Skamania County	Columbia River Gorge National Scenic Area: 1.5 mi west of rd to Mt Pleasant School on Hwy 14. South side of Hwy. FIA Site # ARM125	https://lichenportal.org/portal/collections/individual/index.php?occid=3460892
3460893	OSC	OSC-M-261529	Mark Boyll	s.n.	0.23	55.54	Washington	Clark	45.55972	-122.2461	outside_boundary_exact	Washington, Skamania County	Columbia River Gorge National Scenic Area: 1.5 mi west of rd to Mt Pleasant School on Hwy 14. South side of Hwy. FIA Site # ARM125	https://lichenportal.org/portal/collections/individual/index.php?occid=3460893
3460894	OSC	OSC-M-261530	Mark Boyll	s.n.	0.23	55.54	Washington	Clark	45.55972	-122.2461	outside_boundary_exact	Washington, Skamania County	Columbia River Gorge National Scenic Area: 1.5 mi west of rd to Mt Pleasant School on Hwy 14. South side of Hwy. FIA Site # ARM125	https://lichenportal.org/portal/collections/individual/index.php?occid=3460894
3460895	OSC	OSC-M-261531	Mark Boyll	s.n.	0.23	55.54	Washington	Clark	45.55972	-122.2461	outside_boundary_exact	Washington, Skamania County	Columbia River Gorge National Scenic Area: 1.5 mi west of rd to Mt Pleasant School on Hwy 14. South side of Hwy. FIA Site # ARM125	https://lichenportal.org/portal/collections/individual/index.php?occid=3460895
3460896	OSC	OSC-M-261532	Mark Boyll	s.n.	0.23	55.54	Washington	Clark	45.55972	-122.2461	outside_boundary_exact	Washington, Skamania County	Columbia River Gorge National Scenic Area: 1.5 mi west of rd to Mt Pleasant School on Hwy 14. South side of Hwy. FIA Site # ARM125	https://lichenportal.org/portal/collections/individual/index.php?occid=3460896
3460897	OSC	OSC-M-261533	Mark Boyll	s.n.	0.23	55.54	Washington	Clark	45.55972	-122.2461	outside_boundary_exact	Washington, Skamania County	Columbia River Gorge National Scenic Area: 1.5 mi west of rd to Mt Pleasant School on Hwy 14. South side of Hwy. FIA Site # ARM125	https://lichenportal.org/portal/collections/individual/index.php?occid=3460897
3460898	OSC	OSC-M-261534	Mark Boyll	s.n.	0.23	55.54	Washington	Clark	45.55972	-122.2461	outside_boundary_exact	Washington, Skamania County	Columbia River Gorge National Scenic Area: 1.5 mi west of rd to Mt Pleasant School on Hwy 14. South side of Hwy. FIA Site # ARM125	https://lichenportal.org/portal/collections/individual/index.php?occid=3460898
3460899	OSC	OSC-M-261535	Mark Boyll	s.n.	0.23	55.54	Washington	Clark	45.55972	-122.2461	outside_boundary_exact	Washington, Skamania County	Columbia River Gorge National Scenic Area: 1.5 mi west of rd to Mt Pleasant School on Hwy 14. South side of Hwy. FIA Site # ARM125	https://lichenportal.org/portal/collections/individual/index.php?occid=3460899
3460900	OSC	OSC-M-261536	Mark Boyll	s.n.	0.23	55.54	Washington	Clark	45.55972	-122.2461	outside_boundary_exact	Washington, Skamania County	Columbia River Gorge National Scenic Area: 1.5 mi west of rd to Mt Pleasant School on Hwy 14. South side of Hwy. FIA Site # ARM125	https://lichenportal.org/portal/collections/individual/index.php?occid=3460900
3460901	OSC	OSC-M-261537	Mark Boyll	s.n.	0.23	55.54	Washington	Clark	45.55972	-122.2461	outside_boundary_exact	Washington, Skamania County	Columbia River Gorge National Scenic Area: 1.5 mi west of rd to Mt Pleasant School on Hwy 14. South side of Hwy. FIA Site # ARM125	https://lichenportal.org/portal/collections/individual/index.php?occid=3460901
3460902	OSC	OSC-M-261538	Mark Boyll	s.n.	0.23	55.54	Washington	Clark	45.55972	-122.2461	outside_boundary_exact	Washington, Skamania County	Columbia River Gorge National Scenic Area: 1.5 mi west of rd to Mt Pleasant School on Hwy 14. South side of Hwy. FIA Site # ARM125	https://lichenportal.org/portal/collections/individual/index.php?occid=3460902
3460903	OSC	OSC-M-261539	Mark Boyll	s.n.	0.23	55.54	Washington	Clark	45.55972	-122.2461	outside_boundary_exact	Washington, Skamania County	Columbia River Gorge National Scenic Area: 1.5 mi west of rd to Mt Pleasant School on Hwy 14. South side of Hwy. FIA Site # ARM125	https://lichenportal.org/portal/collections/individual/index.php?occid=3460903
4436026	OSC	OSC-M-207067	Chuck Brushwood	NA	0.19	120.8	Washington	Clallam	47.865191	-123.451102	outside_boundary_exact	Washington, Jefferson County	Land ownership: National Park Service. FIA Site # 75203	https://lichenportal.org/portal/collections/individual/index.php?occid=4436026
4436027	OSC	OSC-M-207068	Chuck Brushwood	NA	0.19	120.8	Washington	Clallam	47.865191	-123.451102	outside_boundary_exact	Washington, Jefferson County	Land ownership: National Park Service. FIA Site # 75203	https://lichenportal.org/portal/collections/individual/index.php?occid=4436027
4436028	OSC	OSC-M-207069	Chuck Brushwood	NA	0.19	120.8	Washington	Clallam	47.865191	-123.451102	outside_boundary_exact	Washington, Jefferson County	Land ownership: National Park Service. FIA Site # 75203	https://lichenportal.org/portal/collections/individual/index.php?occid=4436028
4436029	OSC	OSC-M-207070	Chuck Brushwood	NA	0.19	120.8	Washington	Clallam	47.865191	-123.451102	outside_boundary_exact	Washington, Jefferson County	Land ownership: National Park Service. FIA Site # 75203	https://lichenportal.org/portal/collections/individual/index.php?occid=4436029
4436030	OSC	OSC-M-207071	Chuck Brushwood	NA	0.19	120.8	Washington	Clallam	47.865191	-123.451102	outside_boundary_exact	Washington, Jefferson County	Land ownership: National Park Service. FIA Site # 75203	https://lichenportal.org/portal/collections/individual/index.php?occid=4436030
4436031	OSC	OSC-M-207072	Chuck Brushwood	NA	0.19	120.8	Washington	Clallam	47.865191	-123.451102	outside_boundary_exact	Washington, Jefferson County	Land ownership: National Park Service. FIA Site # 75203	https://lichenportal.org/portal/collections/individual/index.php?occid=4436031
4436032	OSC	OSC-M-207073	Chuck Brushwood	NA	0.19	120.8	Washington	Clallam	47.865191	-123.451102	outside_boundary_exact	Washington, Jefferson County	Land ownership: National Park Service. FIA Site # 75203	https://lichenportal.org/portal/collections/individual/index.php?occid=4436032
4436033	OSC	OSC-M-207074	Chuck Brushwood	NA	0.19	120.8	Washington	Clallam	47.865191	-123.451102	outside_boundary_exact	Washington, Jefferson County	Land ownership: National Park Service. FIA Site # 75203	https://lichenportal.org/portal/collections/individual/index.php?occid=4436033
4436034	OSC	OSC-M-207075	Chuck Brushwood	NA	0.19	120.8	Washington	Clallam	47.865191	-123.451102	outside_boundary_exact	Washington, Jefferson County	Land ownership: National Park Service. FIA Site # 75203	https://lichenportal.org/portal/collections/individual/index.php?occid=4436034
4436035	OSC	OSC-M-207076	Chuck Brushwood	NA	0.19	120.8	Washington	Clallam	47.865191	-123.451102	outside_boundary_exact	Washington, Jefferson County	Land ownership: National Park Service. FIA Site # 75203	https://lichenportal.org/portal/collections/individual/index.php?occid=4436035
4436036	OSC	OSC-M-207077	Chuck Brushwood	NA	0.19	120.8	Washington	Clallam	47.865191	-123.451102	outside_boundary_exact	Washington, Jefferson County	Land ownership: National Park Service. FIA Site # 75203	https://lichenportal.org/portal/collections/individual/index.php?occid=4436036
4436037	OSC	OSC-M-207078	Chuck Brushwood	NA	0.19	120.8	Washington	Clallam	47.865191	-123.451102	outside_boundary_exact	Washington, Jefferson County	Land ownership: National Park Service. FIA Site # 75203	https://lichenportal.org/portal/collections/individual/index.php?occid=4436037
4436038	OSC	OSC-M-207079	Chuck Brushwood	NA	0.19	120.8	Washington	Clallam	47.865191	-123.451102	outside_boundary_exact	Washington, Jefferson County	Land ownership: National Park Service. FIA Site # 75203	https://lichenportal.org/portal/collections/individual/index.php?occid=4436038
4436039	OSC	OSC-M-207080	Chuck Brushwood	NA	0.19	120.8	Washington	Clallam	47.865191	-123.451102	outside_boundary_exact	Washington, Jefferson County	Land ownership: National Park Service. FIA Site # 75203	https://lichenportal.org/portal/collections/individual/index.php?occid=4436039
4436040	OSC	OSC-M-207081	Chuck Brushwood	NA	0.19	120.8	Washington	Clallam	47.865191	-123.451102	outside_boundary_exact	Washington, Jefferson County	Land ownership: National Park Service. FIA Site # 75203	https://lichenportal.org/portal/collections/individual/index.php?occid=4436040
4436041	OSC	OSC-M-207082	Chuck Brushwood	NA	0.19	120.8	Washington	Clallam	47.865191	-123.451102	outside_boundary_exact	Washington, Jefferson County	Land ownership: National Park Service. FIA Site # 75203	https://lichenportal.org/portal/collections/individual/index.php?occid=4436041
4436042	OSC	OSC-M-207083	Chuck Brushwood	NA	0.19	120.8	Washington	Clallam	47.865191	-123.451102	outside_boundary_exact	Washington, Jefferson County	Land ownership: National Park Service. FIA Site # 75203	https://lichenportal.org/portal/collections/individual/index.php?occid=4436042
4436043	OSC	OSC-M-207084	Chuck Brushwood	NA	0.19	120.8	Washington	Clallam	47.865191	-123.451102	outside_boundary_exact	Washington, Jefferson County	Land ownership: National Park Service. FIA Site # 75203	https://lichenportal.org/portal/collections/individual/index.php?occid=4436043
4436044	OSC	OSC-M-207085	Chuck Brushwood	NA	0.19	120.8	Washington	Clallam	47.865191	-123.451102	outside_boundary_exact	Washington, Jefferson County	Land ownership: National Park Service. FIA Site # 75203	https://lichenportal.org/portal/collections/individual/index.php?occid=4436044
4436045	OSC	OSC-M-207086	Chuck Brushwood	NA	0.19	120.8	Washington	Clallam	47.865191	-123.451102	outside_boundary_exact	Washington, Jefferson County	Land ownership: National Park Service. FIA Site # 75203	https://lichenportal.org/portal/collections/individual/index.php?occid=4436045
4436046	OSC	OSC-M-207087	Chuck Brushwood	NA	0.19	120.8	Washington	Clallam	47.865191	-123.451102	outside_boundary_exact	Washington, Jefferson County	Land ownership: National Park Service. FIA Site # 75203	https://lichenportal.org/portal/collections/individual/index.php?occid=4436046
4436047	OSC	OSC-M-207088	Chuck Brushwood	NA	0.19	120.8	Washington	Clallam	47.865191	-123.451102	outside_boundary_exact	Washington, Jefferson County	Land ownership: National Park Service. FIA Site # 75203	https://lichenportal.org/portal/collections/individual/index.php?occid=4436047
4436048	OSC	OSC-M-207089	Chuck Brushwood	NA	0.19	120.8	Washington	Clallam	47.865191	-123.451102	outside_boundary_exact	Washington, Jefferson County	Land ownership: National Park Service. FIA Site # 75203	https://lichenportal.org/portal/collections/individual/index.php?occid=4436048
4436049	OSC	OSC-M-207090	Chuck Brushwood	NA	0.19	120.8	Washington	Clallam	47.865191	-123.451102	outside_boundary_exact	Washington, Jefferson County	Land ownership: National Park Service. FIA Site # 75203	https://lichenportal.org/portal/collections/individual/index.php?occid=4436049
4436050	OSC	OSC-M-207091	Chuck Brushwood	NA	0.19	120.8	Washington	Clallam	47.865191	-123.451102	outside_boundary_exact	Washington, Jefferson County	Land ownership: National Park Service. FIA Site # 75203	https://lichenportal.org/portal/collections/individual/index.php?occid=4436050
4436051	OSC	OSC-M-207092	Chuck Brushwood	NA	0.19	120.8	Washington	Clallam	47.865191	-123.451102	outside_boundary_exact	Washington, Jefferson County	Land ownership: National Park Service. FIA Site # 75203	https://lichenportal.org/portal/collections/individual/index.php?occid=4436051
4436052	OSC	OSC-M-207093	Chuck Brushwood	NA	0.19	120.8	Washington	Clallam	47.865191	-123.451102	outside_boundary_exact	Washington, Jefferson County	Land ownership: National Park Service. FIA Site # 75203	https://lichenportal.org/portal/collections/individual/index.php?occid=4436052
4436053	OSC	OSC-M-207094	Chuck Brushwood	NA	0.19	120.8	Washington	Clallam	47.865191	-123.451102	outside_boundary_exact	Washington, Jefferson County	Land ownership: National Park Service. FIA Site # 75203	https://lichenportal.org/portal/collections/individual/index.php?occid=4436053
4436054	OSC	OSC-M-207095	Chuck Brushwood	NA	0.19	120.8	Washington	Clallam	47.865191	-123.451102	outside_boundary_exact	Washington, Jefferson County	Land ownership: National Park Service. FIA Site # 75203	https://lichenportal.org/portal/collections/individual/index.php?occid=4436054
4436055	OSC	OSC-M-207096	Chuck Brushwood	NA	0.19	120.8	Washington	Clallam	47.865191	-123.451102	outside_boundary_exact	Washington, Jefferson County	Land ownership: National Park Service. FIA Site # 75203	https://lichenportal.org/portal/collections/individual/index.php?occid=4436055
4436056	OSC	OSC-M-207097	Chuck Brushwood	NA	0.19	120.8	Washington	Clallam	47.865191	-123.451102	outside_boundary_exact	Washington, Jefferson County	Land ownership: National Park Service. FIA Site # 75203	https://lichenportal.org/portal/collections/individual/index.php?occid=4436056
4436057	OSC	OSC-M-207098	Chuck Brushwood	NA	0.19	120.8	Washington	Clallam	47.865191	-123.451102	outside_boundary_exact	Washington, Jefferson County	Land ownership: National Park Service. FIA Site # 75203	https://lichenportal.org/portal/collections/individual/index.php?occid=4436057
4436058	OSC	OSC-M-207099	Chuck Brushwood	NA	0.19	120.8	Washington	Clallam	47.865191	-123.451102	outside_boundary_exact	Washington, Jefferson County	Land ownership: National Park Service. FIA Site # 75203	https://lichenportal.org/portal/collections/individual/index.php?occid=4436058
4436059	OSC	OSC-M-207100	Chuck Brushwood	NA	0.19	120.8	Washington	Clallam	47.865191	-123.451102	outside_boundary_exact	Washington, Jefferson County	Land ownership: National Park Service. FIA Site # 75203	https://lichenportal.org/portal/collections/individual/index.php?occid=4436059
4436060	OSC	OSC-M-207101	Chuck Brushwood	NA	0.19	120.8	Washington	Clallam	47.865191	-123.451102	outside_boundary_exact	Washington, Jefferson County	Land ownership: National Park Service. FIA Site # 75203	https://lichenportal.org/portal/collections/individual/index.php?occid=4436060
4436061	OSC	OSC-M-207102	Chuck Brushwood	NA	0.19	120.8	Washington	Clallam	47.865191	-123.451102	outside_boundary_exact	Washington, Jefferson County	Land ownership: National Park Service. FIA Site # 75203	https://lichenportal.org/portal/collections/individual/index.php?occid=4436061
4436062	OSC	OSC-M-207103	Chuck Brushwood	NA	0.19	120.8	Washington	Clallam	47.865191	-123.451102	outside_boundary_exact	Washington, Jefferson County	Land ownership: National Park Service. FIA Site # 75203	https://lichenportal.org/portal/collections/individual/index.php?occid=4436062
4436063	OSC	OSC-M-207104	Chuck Brushwood	NA	0.19	120.8	Washington	Clallam	47.865191	-123.451102	outside_boundary_exact	Washington, Jefferson County	Land ownership: National Park Service. FIA Site # 75203	https://lichenportal.org/portal/collections/individual/index.php?occid=4436063
4470589	OSC	OSC-M-207089a	Chuck Brushwood	NA	0.19	120.8	Washington	Clallam	47.865191	-123.451102	outside_boundary_exact	Washington, Jefferson County	Land ownership: National Park Service. FIA Site # 75203	https://lichenportal.org/portal/collections/individual/index.php?occid=4470589
4470590	OSC	OSC-M-207090a	Chuck Brushwood	NA	0.19	120.8	Washington	Clallam	47.865191	-123.451102	outside_boundary_exact	Washington, Jefferson County	Land ownership: National Park Service. FIA Site # 75203	https://lichenportal.org/portal/collections/individual/index.php?occid=4470590
4470591	OSC	OSC-M-207091a	Chuck Brushwood	NA	0.19	120.8	Washington	Clallam	47.865191	-123.451102	outside_boundary_exact	Washington, Jefferson County	Land ownership: National Park Service. FIA Site # 75203	https://lichenportal.org/portal/collections/individual/index.php?occid=4470591
4470592	OSC	OSC-M-207091b	Chuck Brushwood	NA	0.19	120.8	Washington	Clallam	47.865191	-123.451102	outside_boundary_exact	Washington, Jefferson County	Land ownership: National Park Service. FIA Site # 75203	https://lichenportal.org/portal/collections/individual/index.php?occid=4470592
4470593	OSC	OSC-M-207091c	Chuck Brushwood	NA	0.19	120.8	Washington	Clallam	47.865191	-123.451102	outside_boundary_exact	Washington, Jefferson County	Land ownership: National Park Service. FIA Site # 75203	https://lichenportal.org/portal/collections/individual/index.php?occid=4470593
4470594	OSC	OSC-M-207091d	Chuck Brushwood	NA	0.19	120.8	Washington	Clallam	47.865191	-123.451102	outside_boundary_exact	Washington, Jefferson County	Land ownership: National Park Service. FIA Site # 75203	https://lichenportal.org/portal/collections/individual/index.php?occid=4470594
4470595	OSC	OSC-M-207091e	Chuck Brushwood	NA	0.19	120.8	Washington	Clallam	47.865191	-123.451102	outside_boundary_exact	Washington, Jefferson County	Land ownership: National Park Service. FIA Site # 75203	https://lichenportal.org/portal/collections/individual/index.php?occid=4470595
4470597	OSC	OSC-M-207095a	Chuck Brushwood	NA	0.19	120.8	Washington	Clallam	47.865191	-123.451102	outside_boundary_exact	Washington, Jefferson County	Land ownership: National Park Service. FIA Site # 75203	https://lichenportal.org/portal/collections/individual/index.php?occid=4470597
4470598	OSC	OSC-M-207095b	Chuck Brushwood	NA	0.19	120.8	Washington	Clallam	47.865191	-123.451102	outside_boundary_exact	Washington, Jefferson County	Land ownership: National Park Service. FIA Site # 75203	https://lichenportal.org/portal/collections/individual/index.php?occid=4470598
4470599	OSC	OSC-M-207096a	Chuck Brushwood	NA	0.19	120.8	Washington	Clallam	47.865191	-123.451102	outside_boundary_exact	Washington, Jefferson County	Land ownership: National Park Service. FIA Site # 75203	https://lichenportal.org/portal/collections/individual/index.php?occid=4470599
4470600	OSC	OSC-M-207096b	Chuck Brushwood	NA	0.19	120.8	Washington	Clallam	47.865191	-123.451102	outside_boundary_exact	Washington, Jefferson County	Land ownership: National Park Service. FIA Site # 75203	https://lichenportal.org/portal/collections/individual/index.php?occid=4470600
4470601	OSC	OSC-M-207097a	Chuck Brushwood	NA	0.19	120.8	Washington	Clallam	47.865191	-123.451102	outside_boundary_exact	Washington, Jefferson County	Land ownership: National Park Service. FIA Site # 75203	https://lichenportal.org/portal/collections/individual/index.php?occid=4470601
4470602	OSC	OSC-M-207099a	Chuck Brushwood	NA	0.19	120.8	Washington	Clallam	47.865191	-123.451102	outside_boundary_exact	Washington, Jefferson County	Land ownership: National Park Service. FIA Site # 75203	https://lichenportal.org/portal/collections/individual/index.php?occid=4470602
4470603	OSC	OSC-M-207099b	Chuck Brushwood	NA	0.19	120.8	Washington	Clallam	47.865191	-123.451102	outside_boundary_exact	Washington, Jefferson County	Land ownership: National Park Service. FIA Site # 75203	https://lichenportal.org/portal/collections/individual/index.php?occid=4470603
4470604	OSC	OSC-M-207103a	Chuck Brushwood	NA	0.19	120.8	Washington	Clallam	47.865191	-123.451102	outside_boundary_exact	Washington, Jefferson County	Land ownership: National Park Service. FIA Site # 75203	https://lichenportal.org/portal/collections/individual/index.php?occid=4470604
4470927	OSC	OSC-M-207068a	Chuck Brushwood	NA	0.19	120.8	Washington	Clallam	47.865191	-123.451102	outside_boundary_exact	Washington, Jefferson County	Land ownership: National Park Service. FIA Site # 75203	https://lichenportal.org/portal/collections/individual/index.php?occid=4470927
4470928	OSC	OSC-M-207070a	Chuck Brushwood	NA	0.19	120.8	Washington	Clallam	47.865191	-123.451102	outside_boundary_exact	Washington, Jefferson County	Land ownership: National Park Service. FIA Site # 75203	https://lichenportal.org/portal/collections/individual/index.php?occid=4470928
4470929	OSC	OSC-M-207075a	Chuck Brushwood	NA	0.19	120.8	Washington	Clallam	47.865191	-123.451102	outside_boundary_exact	Washington, Jefferson County	Land ownership: National Park Service. FIA Site # 75203	https://lichenportal.org/portal/collections/individual/index.php?occid=4470929
4470930	OSC	OSC-M-207076a	Chuck Brushwood	NA	0.19	120.8	Washington	Clallam	47.865191	-123.451102	outside_boundary_exact	Washington, Jefferson County	Land ownership: National Park Service. FIA Site # 75203	https://lichenportal.org/portal/collections/individual/index.php?occid=4470930
4470931	OSC	OSC-M-207079a	Chuck Brushwood	NA	0.19	120.8	Washington	Clallam	47.865191	-123.451102	outside_boundary_exact	Washington, Jefferson County	Land ownership: National Park Service. FIA Site # 75203	https://lichenportal.org/portal/collections/individual/index.php?occid=4470931
4470932	OSC	OSC-M-207079b	Chuck Brushwood	NA	0.19	120.8	Washington	Clallam	47.865191	-123.451102	outside_boundary_exact	Washington, Jefferson County	Land ownership: National Park Service. FIA Site # 75203	https://lichenportal.org/portal/collections/individual/index.php?occid=4470932
4470933	OSC	OSC-M-207079c	Chuck Brushwood	NA	0.19	120.8	Washington	Clallam	47.865191	-123.451102	outside_boundary_exact	Washington, Jefferson County	Land ownership: National Park Service. FIA Site # 75203	https://lichenportal.org/portal/collections/individual/index.php?occid=4470933
4470934	OSC	OSC-M-207079d	Chuck Brushwood	NA	0.19	120.8	Washington	Clallam	47.865191	-123.451102	outside_boundary_exact	Washington, Jefferson County	Land ownership: National Park Service. FIA Site # 75203	https://lichenportal.org/portal/collections/individual/index.php?occid=4470934
4470949	OSC	OSC-M-207082a	Chuck Brushwood	NA	0.19	120.8	Washington	Clallam	47.865191	-123.451102	outside_boundary_exact	Washington, Jefferson County	Land ownership: National Park Service. FIA Site # 75203	https://lichenportal.org/portal/collections/individual/index.php?occid=4470949
4470950	OSC	OSC-M-207083a	Chuck Brushwood	NA	0.19	120.8	Washington	Clallam	47.865191	-123.451102	outside_boundary_exact	Washington, Jefferson County	Land ownership: National Park Service. FIA Site # 75203	https://lichenportal.org/portal/collections/individual/index.php?occid=4470950
4470951	OSC	OSC-M-207084a	Chuck Brushwood	NA	0.19	120.8	Washington	Clallam	47.865191	-123.451102	outside_boundary_exact	Washington, Jefferson County	Land ownership: National Park Service. FIA Site # 75203	https://lichenportal.org/portal/collections/individual/index.php?occid=4470951
2223408	OSC	55088	Bruce McCune	17048	0.18	118.88	Washington	Kittitas	47	-120	outside_boundary_exact	Washington, Grant County	by Columbia River,8 km S of I-90 Bridge,50 km ESE of Ellensburg	https://lichenportal.org/portal/collections/individual/index.php?occid=2223408
2224211	OSC	138875	Bruce McCune	17056	0.18	118.88	Washington	Kittitas	47	-120	outside_boundary_exact	Washington, Grant County	by Columbia River. 8 km S of I-90 bridge, 50 km ESE of Ellensburg.	https://lichenportal.org/portal/collections/individual/index.php?occid=2224211
2230666	OSC	69084	Lawrence	NA	0.18	118.88	Washington	Kittitas	47	-120	outside_boundary_exact	Washington, Grant County	Columbia River, Cascade Focks	https://lichenportal.org/portal/collections/individual/index.php?occid=2230666
5424501	OSC	58326	Bruce McCune	17049	0.18	118.88	Washington	Kittitas	47	-120	outside_boundary_exact	Washington, Grant County	By Columbia River, 8 km S of I-90 bridge, 50 km ESE of Ellensburg.	https://lichenportal.org/portal/collections/individual/index.php?occid=5424501
4507920	OSC	OSC-M-305377	E. Alphandary	s.n.	0.11	89.96	Washington	King	47.46025	-121.3683	outside_boundary_exact	Washington, Kittitas County	Okanogan-Wenatchee National Forest: Cle Elum Ranger District: Alpine Lakes Wilderness: PCT N Trail enterance ~ 7.3 mi, near Ridge Lk. FIA Site # ALPLKS01	https://lichenportal.org/portal/collections/individual/index.php?occid=4507920
4507921	OSC	OSC-M-305378	E. Alphandary	s.n.	0.11	89.96	Washington	King	47.46025	-121.3683	outside_boundary_exact	Washington, Kittitas County	Okanogan-Wenatchee National Forest: Cle Elum Ranger District: Alpine Lakes Wilderness: PCT N Trail enterance ~ 7.3 mi, near Ridge Lk. FIA Site # ALPLKS01	https://lichenportal.org/portal/collections/individual/index.php?occid=4507921
4507922	OSC	OSC-M-305379	E. Alphandary	s.n.	0.11	89.96	Washington	King	47.46025	-121.3683	outside_boundary_exact	Washington, Kittitas County	Okanogan-Wenatchee National Forest: Cle Elum Ranger District: Alpine Lakes Wilderness: PCT N Trail enterance ~ 7.3 mi, near Ridge Lk. FIA Site # ALPLKS01	https://lichenportal.org/portal/collections/individual/index.php?occid=4507922
4507923	OSC	OSC-M-305380	E. Alphandary	s.n.	0.11	89.96	Washington	King	47.46025	-121.3683	outside_boundary_exact	Washington, Kittitas County	Okanogan-Wenatchee National Forest: Cle Elum Ranger District: Alpine Lakes Wilderness: PCT N Trail enterance ~ 7.3 mi, near Ridge Lk. FIA Site # ALPLKS01	https://lichenportal.org/portal/collections/individual/index.php?occid=4507923
4507924	OSC	OSC-M-305381	E. Alphandary	s.n.	0.11	89.96	Washington	King	47.46025	-121.3683	outside_boundary_exact	Washington, Kittitas County	Okanogan-Wenatchee National Forest: Cle Elum Ranger District: Alpine Lakes Wilderness: PCT N Trail enterance ~ 7.3 mi, near Ridge Lk. FIA Site # ALPLKS01	https://lichenportal.org/portal/collections/individual/index.php?occid=4507924
4507925	OSC	OSC-M-305382	E. Alphandary	s.n.	0.11	89.96	Washington	King	47.46025	-121.3683	outside_boundary_exact	Washington, Kittitas County	Okanogan-Wenatchee National Forest: Cle Elum Ranger District: Alpine Lakes Wilderness: PCT N Trail enterance ~ 7.3 mi, near Ridge Lk. FIA Site # ALPLKS01	https://lichenportal.org/portal/collections/individual/index.php?occid=4507925
4507926	OSC	OSC-M-305383	E. Alphandary	s.n.	0.11	89.96	Washington	King	47.46025	-121.3683	outside_boundary_exact	Washington, Kittitas County	Okanogan-Wenatchee National Forest: Cle Elum Ranger District: Alpine Lakes Wilderness: PCT N Trail enterance ~ 7.3 mi, near Ridge Lk. FIA Site # ALPLKS01	https://lichenportal.org/portal/collections/individual/index.php?occid=4507926
4507927	OSC	OSC-M-305383a	E. Alphandary	s.n.	0.11	89.96	Washington	King	47.46025	-121.3683	outside_boundary_exact	Washington, Kittitas County	Okanogan-Wenatchee National Forest: Cle Elum Ranger District: Alpine Lakes Wilderness: PCT N Trail enterance ~ 7.3 mi, near Ridge Lk. FIA Site # ALPLKS01	https://lichenportal.org/portal/collections/individual/index.php?occid=4507927
4507928	OSC	OSC-M-305384	E. Alphandary	s.n.	0.11	89.96	Washington	King	47.46025	-121.3683	outside_boundary_exact	Washington, Kittitas County	Okanogan-Wenatchee National Forest: Cle Elum Ranger District: Alpine Lakes Wilderness: PCT N Trail enterance ~ 7.3 mi, near Ridge Lk. FIA Site # ALPLKS01	https://lichenportal.org/portal/collections/individual/index.php?occid=4507928
4507929	OSC	OSC-M-305385	E. Alphandary	s.n.	0.11	89.96	Washington	King	47.46025	-121.3683	outside_boundary_exact	Washington, Kittitas County	Okanogan-Wenatchee National Forest: Cle Elum Ranger District: Alpine Lakes Wilderness: PCT N Trail enterance ~ 7.3 mi, near Ridge Lk. FIA Site # ALPLKS01	https://lichenportal.org/portal/collections/individual/index.php?occid=4507929
4507930	OSC	OSC-M-305386	E. Alphandary	s.n.	0.11	89.96	Washington	King	47.46025	-121.3683	outside_boundary_exact	Washington, Kittitas County	Okanogan-Wenatchee National Forest: Cle Elum Ranger District: Alpine Lakes Wilderness: PCT N Trail enterance ~ 7.3 mi, near Ridge Lk. FIA Site # ALPLKS01	https://lichenportal.org/portal/collections/individual/index.php?occid=4507930
4507931	OSC	OSC-M-305387	E. Alphandary	s.n.	0.11	89.96	Washington	King	47.46025	-121.3683	outside_boundary_exact	Washington, Kittitas County	Okanogan-Wenatchee National Forest: Cle Elum Ranger District: Alpine Lakes Wilderness: PCT N Trail enterance ~ 7.3 mi, near Ridge Lk. FIA Site # ALPLKS01	https://lichenportal.org/portal/collections/individual/index.php?occid=4507931
4507932	OSC	OSC-M-305388	E. Alphandary	s.n.	0.11	89.96	Washington	King	47.46025	-121.3683	outside_boundary_exact	Washington, Kittitas County	Okanogan-Wenatchee National Forest: Cle Elum Ranger District: Alpine Lakes Wilderness: PCT N Trail enterance ~ 7.3 mi, near Ridge Lk. FIA Site # ALPLKS01	https://lichenportal.org/portal/collections/individual/index.php?occid=4507932
4507933	OSC	OSC-M-305389	E. Alphandary	s.n.	0.11	89.96	Washington	King	47.46025	-121.3683	outside_boundary_exact	Washington, Kittitas County	Okanogan-Wenatchee National Forest: Cle Elum Ranger District: Alpine Lakes Wilderness: PCT N Trail enterance ~ 7.3 mi, near Ridge Lk. FIA Site # ALPLKS01	https://lichenportal.org/portal/collections/individual/index.php?occid=4507933
4507934	OSC	OSC-M-305390	E. Alphandary	s.n.	0.11	89.96	Washington	King	47.46025	-121.3683	outside_boundary_exact	Washington, Kittitas County	Okanogan-Wenatchee National Forest: Cle Elum Ranger District: Alpine Lakes Wilderness: PCT N Trail enterance ~ 7.3 mi, near Ridge Lk. FIA Site # ALPLKS01	https://lichenportal.org/portal/collections/individual/index.php?occid=4507934
4507935	OSC	OSC-M-305391	E. Alphandary	s.n.	0.11	89.96	Washington	King	47.46025	-121.3683	outside_boundary_exact	Washington, Kittitas County	Okanogan-Wenatchee National Forest: Cle Elum Ranger District: Alpine Lakes Wilderness: PCT N Trail enterance ~ 7.3 mi, near Ridge Lk. FIA Site # ALPLKS01	https://lichenportal.org/portal/collections/individual/index.php?occid=4507935
4507936	OSC	OSC-M-305392	E. Alphandary	s.n.	0.11	89.96	Washington	King	47.46025	-121.3683	outside_boundary_exact	Washington, Kittitas County	Okanogan-Wenatchee National Forest: Cle Elum Ranger District: Alpine Lakes Wilderness: PCT N Trail enterance ~ 7.3 mi, near Ridge Lk. FIA Site # ALPLKS01	https://lichenportal.org/portal/collections/individual/index.php?occid=4507936
4507937	OSC	OSC-M-305393	E. Alphandary	s.n.	0.11	89.96	Washington	King	47.46025	-121.3683	outside_boundary_exact	Washington, Kittitas County	Okanogan-Wenatchee National Forest: Cle Elum Ranger District: Alpine Lakes Wilderness: PCT N Trail enterance ~ 7.3 mi, near Ridge Lk. FIA Site # ALPLKS01	https://lichenportal.org/portal/collections/individual/index.php?occid=4507937
4507938	OSC	OSC-M-305455	J. DiMeglio	s.n.	0.08	120.94	Washington	Chelan	47.456904	-120.931901	outside_boundary_exact	Washington, Kittitas County	Okanogan-Wenatchee National Forest: Wenatchee River: Alpine Lakes Wilderness.	https://lichenportal.org/portal/collections/individual/index.php?occid=4507938
4507939	OSC	OSC-M-305456	J. DiMeglio	s.n.	0.08	120.94	Washington	Chelan	47.456904	-120.931901	outside_boundary_exact	Washington, Kittitas County	Okanogan-Wenatchee National Forest: Wenatchee River: Alpine Lakes Wilderness.	https://lichenportal.org/portal/collections/individual/index.php?occid=4507939
4507940	OSC	OSC-M-305457	J. DiMeglio	s.n.	0.08	120.94	Washington	Chelan	47.456904	-120.931901	outside_boundary_exact	Washington, Kittitas County	Okanogan-Wenatchee National Forest: Wenatchee River: Alpine Lakes Wilderness.	https://lichenportal.org/portal/collections/individual/index.php?occid=4507940
4507941	OSC	OSC-M-305457a	J. DiMeglio	s.n.	0.08	120.94	Washington	Chelan	47.456904	-120.931901	outside_boundary_exact	Washington, Kittitas County	Okanogan-Wenatchee National Forest: Wenatchee River: Alpine Lakes Wilderness.	https://lichenportal.org/portal/collections/individual/index.php?occid=4507941
4507942	OSC	OSC-M-305458	J. DiMeglio	s.n.	0.08	120.94	Washington	Chelan	47.456904	-120.931901	outside_boundary_exact	Washington, Kittitas County	Okanogan-Wenatchee National Forest: Wenatchee River: Alpine Lakes Wilderness.	https://lichenportal.org/portal/collections/individual/index.php?occid=4507942
4507943	OSC	OSC-M-305459	J. DiMeglio	s.n.	0.08	120.94	Washington	Chelan	47.456904	-120.931901	outside_boundary_exact	Washington, Kittitas County	Okanogan-Wenatchee National Forest: Wenatchee River: Alpine Lakes Wilderness.	https://lichenportal.org/portal/collections/individual/index.php?occid=4507943
4507944	OSC	OSC-M-305460	J. DiMeglio	s.n.	0.08	120.94	Washington	Chelan	47.456904	-120.931901	outside_boundary_exact	Washington, Kittitas County	Okanogan-Wenatchee National Forest: Wenatchee River: Alpine Lakes Wilderness.	https://lichenportal.org/portal/collections/individual/index.php?occid=4507944
4507945	OSC	OSC-M-305461	J. DiMeglio	s.n.	0.08	120.94	Washington	Chelan	47.456904	-120.931901	outside_boundary_exact	Washington, Kittitas County	Okanogan-Wenatchee National Forest: Wenatchee River: Alpine Lakes Wilderness.	https://lichenportal.org/portal/collections/individual/index.php?occid=4507945
4507946	OSC	OSC-M-305462	J. DiMeglio	s.n.	0.08	120.94	Washington	Chelan	47.456904	-120.931901	outside_boundary_exact	Washington, Kittitas County	Okanogan-Wenatchee National Forest: Wenatchee River: Alpine Lakes Wilderness.	https://lichenportal.org/portal/collections/individual/index.php?occid=4507946
4507947	OSC	OSC-M-305463	J. DiMeglio	s.n.	0.08	120.94	Washington	Chelan	47.456904	-120.931901	outside_boundary_exact	Washington, Kittitas County	Okanogan-Wenatchee National Forest: Wenatchee River: Alpine Lakes Wilderness.	https://lichenportal.org/portal/collections/individual/index.php?occid=4507947
4507948	OSC	OSC-M-305464	J. DiMeglio	s.n.	0.08	120.94	Washington	Chelan	47.456904	-120.931901	outside_boundary_exact	Washington, Kittitas County	Okanogan-Wenatchee National Forest: Wenatchee River: Alpine Lakes Wilderness.	https://lichenportal.org/portal/collections/individual/index.php?occid=4507948
4507949	OSC	OSC-M-305465	J. DiMeglio	s.n.	0.08	120.94	Washington	Chelan	47.456904	-120.931901	outside_boundary_exact	Washington, Kittitas County	Okanogan-Wenatchee National Forest: Wenatchee River: Alpine Lakes Wilderness.	https://lichenportal.org/portal/collections/individual/index.php?occid=4507949
4507950	OSC	OSC-M-305466	J. DiMeglio	s.n.	0.08	120.94	Washington	Chelan	47.456904	-120.931901	outside_boundary_exact	Washington, Kittitas County	Okanogan-Wenatchee National Forest: Wenatchee River: Alpine Lakes Wilderness.	https://lichenportal.org/portal/collections/individual/index.php?occid=4507950
4507951	OSC	OSC-M-305467	J. DiMeglio	s.n.	0.08	120.94	Washington	Chelan	47.456904	-120.931901	outside_boundary_exact	Washington, Kittitas County	Okanogan-Wenatchee National Forest: Wenatchee River: Alpine Lakes Wilderness.	https://lichenportal.org/portal/collections/individual/index.php?occid=4507951
4422316	OSC	167884	Jim Riley	1263	0.05	133.84	Washington	Yakima	46.249283333333	-121.52301666667	outside_boundary_exact	Washington, Skamania County	Mt. Adams Wilderness, Gifford Pinchot N.F. Upper Killen Creek Meadows.	https://lichenportal.org/portal/collections/individual/index.php?occid=4422316
2219727	OSC	136298	Dayna Loeffler	970809-08	0.04	160.89	Washington	Okanogan	48.693611	-120.707222	outside_boundary_exact	Washington, Whatcom County	Okanogan NF, Pacific Crest Trail 2000, at saddle south of Tatie Pk.	https://lichenportal.org/portal/collections/individual/index.php?occid=2219727
3458801	OSC	OSC-M-259546	J. Riley	s.n.	0.02	88.46	Washington	Skamania	45.76011	-121.5337	outside_boundary_exact	Washington, Klickitat County	Columbia River Gorge National Scenic Area: Columbia River Gorge National Scenic Area. Pull off on Powerhouse Rd along right of way between Little White Salmon River and road, 4 mi NW of White Salmon, at snake in spur road 1/10 mi below the dam (to irrigation pipe) at Nothwestern Lake. FIA Site # CRG23	https://lichenportal.org/portal/collections/individual/index.php?occid=3458801
3458955	OSC	OSC-M-259668	J. Riley	s.n.	0.02	88.46	Washington	Skamania	45.76011	-121.5337	outside_boundary_exact	Washington, Klickitat County	Columbia River Gorge National Scenic Area: Columbia River Gorge National Scenic Area. Pull off on Powerhouse Rd along right of way between Little White Salmon River and road, 4 mi NW of White Salmon, at snake in spur road 1/10 mi below the dam (to irrigation pipe) at Nothwestern Lake. FIA Site # CRG23	https://lichenportal.org/portal/collections/individual/index.php?occid=3458955
3458956	OSC	OSC-M-259668a	J. Riley	s.n.	0.02	88.46	Washington	Skamania	45.76011	-121.5337	outside_boundary_exact	Washington, Klickitat County	Columbia River Gorge National Scenic Area: Columbia River Gorge National Scenic Area. Pull off on Powerhouse Rd along right of way between Little White Salmon River and road, 4 mi NW of White Salmon, at snake in spur road 1/10 mi below the dam (to irrigation pipe) at Nothwestern Lake. FIA Site # CRG23	https://lichenportal.org/portal/collections/individual/index.php?occid=3458956
3458957	OSC	OSC-M-259669	J. Riley	s.n.	0.02	88.46	Washington	Skamania	45.76011	-121.5337	outside_boundary_exact	Washington, Klickitat County	Columbia River Gorge National Scenic Area: Columbia River Gorge National Scenic Area. Pull off on Powerhouse Rd along right of way between Little White Salmon River and road, 4 mi NW of White Salmon, at snake in spur road 1/10 mi below the dam (to irrigation pipe) at Nothwestern Lake. FIA Site # CRG23	https://lichenportal.org/portal/collections/individual/index.php?occid=3458957
3458958	OSC	OSC-M-259669a	J. Riley	s.n.	0.02	88.46	Washington	Skamania	45.76011	-121.5337	outside_boundary_exact	Washington, Klickitat County	Columbia River Gorge National Scenic Area: Columbia River Gorge National Scenic Area. Pull off on Powerhouse Rd along right of way between Little White Salmon River and road, 4 mi NW of White Salmon, at snake in spur road 1/10 mi below the dam (to irrigation pipe) at Nothwestern Lake. FIA Site # CRG23	https://lichenportal.org/portal/collections/individual/index.php?occid=3458958
3458959	OSC	OSC-M-259670	J. Riley	s.n.	0.02	88.46	Washington	Skamania	45.76011	-121.5337	outside_boundary_exact	Washington, Klickitat County	Columbia River Gorge National Scenic Area: Columbia River Gorge National Scenic Area. Pull off on Powerhouse Rd along right of way between Little White Salmon River and road, 4 mi NW of White Salmon, at snake in spur road 1/10 mi below the dam (to irrigation pipe) at Nothwestern Lake. FIA Site # CRG23	https://lichenportal.org/portal/collections/individual/index.php?occid=3458959
3458960	OSC	OSC-M-259670a	J. Riley	s.n.	0.02	88.46	Washington	Skamania	45.76011	-121.5337	outside_boundary_exact	Washington, Klickitat County	Columbia River Gorge National Scenic Area: Columbia River Gorge National Scenic Area. Pull off on Powerhouse Rd along right of way between Little White Salmon River and road, 4 mi NW of White Salmon, at snake in spur road 1/10 mi below the dam (to irrigation pipe) at Nothwestern Lake. FIA Site # CRG23	https://lichenportal.org/portal/collections/individual/index.php?occid=3458960
3458961	OSC	OSC-M-259670b	J. Riley	s.n.	0.02	88.46	Washington	Skamania	45.76011	-121.5337	outside_boundary_exact	Washington, Klickitat County	Columbia River Gorge National Scenic Area: Columbia River Gorge National Scenic Area. Pull off on Powerhouse Rd along right of way between Little White Salmon River and road, 4 mi NW of White Salmon, at snake in spur road 1/10 mi below the dam (to irrigation pipe) at Nothwestern Lake. FIA Site # CRG23	https://lichenportal.org/portal/collections/individual/index.php?occid=3458961
4501809	OSC	OSC-M-298092	J. Riley	s.n.	0.02	88.46	Washington	Skamania	45.76011	-121.5337	outside_boundary_exact	Washington, Klickitat County	Columbia River Gorge National Scenic Area: Columbia River Gorge National Scenic Area. 4 mi NW of White Salmon, below dam at Northwestern Lake. FIA Site # CRG23	https://lichenportal.org/portal/collections/individual/index.php?occid=4501809
4501810	OSC	OSC-M-298093	J. Riley	s.n.	0.02	88.46	Washington	Skamania	45.76011	-121.5337	outside_boundary_exact	Washington, Klickitat County	Columbia River Gorge National Scenic Area: Columbia River Gorge National Scenic Area. 4 mi NW of White Salmon, below dam at Northwestern Lake. FIA Site # CRG23	https://lichenportal.org/portal/collections/individual/index.php?occid=4501810
4501811	OSC	OSC-M-298094	J. Riley	s.n.	0.02	88.46	Washington	Skamania	45.76011	-121.5337	outside_boundary_exact	Washington, Klickitat County	Columbia River Gorge National Scenic Area: Columbia River Gorge National Scenic Area. 4 mi NW of White Salmon, below dam at Northwestern Lake. FIA Site # CRG23	https://lichenportal.org/portal/collections/individual/index.php?occid=4501811
4501812	OSC	OSC-M-298095	J. Riley	s.n.	0.02	88.46	Washington	Skamania	45.76011	-121.5337	outside_boundary_exact	Washington, Klickitat County	Columbia River Gorge National Scenic Area: Columbia River Gorge National Scenic Area. 4 mi NW of White Salmon, below dam at Northwestern Lake. FIA Site # CRG23	https://lichenportal.org/portal/collections/individual/index.php?occid=4501812
4501813	OSC	OSC-M-298096	J. Riley	s.n.	0.02	88.46	Washington	Skamania	45.76011	-121.5337	outside_boundary_exact	Washington, Klickitat County	Columbia River Gorge National Scenic Area: Columbia River Gorge National Scenic Area. 4 mi NW of White Salmon, below dam at Northwestern Lake. FIA Site # CRG23	https://lichenportal.org/portal/collections/individual/index.php?occid=4501813
4501814	OSC	OSC-M-298097	J. Riley	s.n.	0.02	88.46	Washington	Skamania	45.76011	-121.5337	outside_boundary_exact	Washington, Klickitat County	Columbia River Gorge National Scenic Area: Columbia River Gorge National Scenic Area. 4 mi NW of White Salmon, below dam at Northwestern Lake. FIA Site # CRG23	https://lichenportal.org/portal/collections/individual/index.php?occid=4501814
4501815	OSC	OSC-M-298098	J. Riley	s.n.	0.02	88.46	Washington	Skamania	45.76011	-121.5337	outside_boundary_exact	Washington, Klickitat County	Columbia River Gorge National Scenic Area: Columbia River Gorge National Scenic Area. 4 mi NW of White Salmon, below dam at Northwestern Lake. FIA Site # CRG23	https://lichenportal.org/portal/collections/individual/index.php?occid=4501815
4501816	OSC	OSC-M-298099	J. Riley	s.n.	0.02	88.46	Washington	Skamania	45.76011	-121.5337	outside_boundary_exact	Washington, Klickitat County	Columbia River Gorge National Scenic Area: Columbia River Gorge National Scenic Area. 4 mi NW of White Salmon, below dam at Northwestern Lake. FIA Site # CRG23	https://lichenportal.org/portal/collections/individual/index.php?occid=4501816
4501817	OSC	OSC-M-298100	J. Riley	s.n.	0.02	88.46	Washington	Skamania	45.76011	-121.5337	outside_boundary_exact	Washington, Klickitat County	Columbia River Gorge National Scenic Area: Columbia River Gorge National Scenic Area. 4 mi NW of White Salmon, below dam at Northwestern Lake. FIA Site # CRG23	https://lichenportal.org/portal/collections/individual/index.php?occid=4501817
4501818	OSC	OSC-M-298101	J. Riley	s.n.	0.02	88.46	Washington	Skamania	45.76011	-121.5337	outside_boundary_exact	Washington, Klickitat County	Columbia River Gorge National Scenic Area: Columbia River Gorge National Scenic Area. 4 mi NW of White Salmon, below dam at Northwestern Lake. FIA Site # CRG23	https://lichenportal.org/portal/collections/individual/index.php?occid=4501818
4501819	OSC	OSC-M-298102	J. Riley	s.n.	0.02	88.46	Washington	Skamania	45.76011	-121.5337	outside_boundary_exact	Washington, Klickitat County	Columbia River Gorge National Scenic Area: Columbia River Gorge National Scenic Area. 4 mi NW of White Salmon, below dam at Northwestern Lake. FIA Site # CRG23	https://lichenportal.org/portal/collections/individual/index.php?occid=4501819
4501820	OSC	OSC-M-298103	J. Riley	s.n.	0.02	88.46	Washington	Skamania	45.76011	-121.5337	outside_boundary_exact	Washington, Klickitat County	Columbia River Gorge National Scenic Area: Columbia River Gorge National Scenic Area. 4 mi NW of White Salmon, below dam at Northwestern Lake. FIA Site # CRG23	https://lichenportal.org/portal/collections/individual/index.php?occid=4501820
4501821	OSC	OSC-M-298104	J. Riley	s.n.	0.02	88.46	Washington	Skamania	45.76011	-121.5337	outside_boundary_exact	Washington, Klickitat County	Columbia River Gorge National Scenic Area: Columbia River Gorge National Scenic Area. 4 mi NW of White Salmon, below dam at Northwestern Lake. FIA Site # CRG23	https://lichenportal.org/portal/collections/individual/index.php?occid=4501821
4501822	OSC	OSC-M-298105	J. Riley	s.n.	0.02	88.46	Washington	Skamania	45.76011	-121.5337	outside_boundary_exact	Washington, Klickitat County	Columbia River Gorge National Scenic Area: Columbia River Gorge National Scenic Area. 4 mi NW of White Salmon, below dam at Northwestern Lake. FIA Site # CRG23	https://lichenportal.org/portal/collections/individual/index.php?occid=4501822
4501823	OSC	OSC-M-298106	J. Riley	s.n.	0.02	88.46	Washington	Skamania	45.76011	-121.5337	outside_boundary_exact	Washington, Klickitat County	Columbia River Gorge National Scenic Area: Columbia River Gorge National Scenic Area. 4 mi NW of White Salmon, below dam at Northwestern Lake. FIA Site # CRG23	https://lichenportal.org/portal/collections/individual/index.php?occid=4501823
4501824	OSC	OSC-M-298107	J. Riley	s.n.	0.02	88.46	Washington	Skamania	45.76011	-121.5337	outside_boundary_exact	Washington, Klickitat County	Columbia River Gorge National Scenic Area: Columbia River Gorge National Scenic Area. 4 mi NW of White Salmon, below dam at Northwestern Lake. FIA Site # CRG23	https://lichenportal.org/portal/collections/individual/index.php?occid=4501824
4501825	OSC	OSC-M-298108	J. Riley	s.n.	0.02	88.46	Washington	Skamania	45.76011	-121.5337	outside_boundary_exact	Washington, Klickitat County	Columbia River Gorge National Scenic Area: Columbia River Gorge National Scenic Area. 4 mi NW of White Salmon, below dam at Northwestern Lake. FIA Site # CRG23	https://lichenportal.org/portal/collections/individual/index.php?occid=4501825
4501826	OSC	OSC-M-298109	J. Riley	s.n.	0.02	88.46	Washington	Skamania	45.76011	-121.5337	outside_boundary_exact	Washington, Klickitat County	Columbia River Gorge National Scenic Area: Columbia River Gorge National Scenic Area. 4 mi NW of White Salmon, below dam at Northwestern Lake. FIA Site # CRG23	https://lichenportal.org/portal/collections/individual/index.php?occid=4501826
4501827	OSC	OSC-M-298110	J. Riley	s.n.	0.02	88.46	Washington	Skamania	45.76011	-121.5337	outside_boundary_exact	Washington, Klickitat County	Columbia River Gorge National Scenic Area: Columbia River Gorge National Scenic Area. 4 mi NW of White Salmon, below dam at Northwestern Lake. FIA Site # CRG23	https://lichenportal.org/portal/collections/individual/index.php?occid=4501827
4501828	OSC	OSC-M-298111	J. Riley	s.n.	0.02	88.46	Washington	Skamania	45.76011	-121.5337	outside_boundary_exact	Washington, Klickitat County	Columbia River Gorge National Scenic Area: Columbia River Gorge National Scenic Area. 4 mi NW of White Salmon, below dam at Northwestern Lake. FIA Site # CRG23	https://lichenportal.org/portal/collections/individual/index.php?occid=4501828
4501829	OSC	OSC-M-298112	J. Riley	s.n.	0.02	88.46	Washington	Skamania	45.76011	-121.5337	outside_boundary_exact	Washington, Klickitat County	Columbia River Gorge National Scenic Area: Columbia River Gorge National Scenic Area. 4 mi NW of White Salmon, below dam at Northwestern Lake. FIA Site # CRG23	https://lichenportal.org/portal/collections/individual/index.php?occid=4501829
4501830	OSC	OSC-M-298113	J. Riley	s.n.	0.02	88.46	Washington	Skamania	45.76011	-121.5337	outside_boundary_exact	Washington, Klickitat County	Columbia River Gorge National Scenic Area: Columbia River Gorge National Scenic Area. 4 mi NW of White Salmon, below dam at Northwestern Lake. FIA Site # CRG23	https://lichenportal.org/portal/collections/individual/index.php?occid=4501830
4501831	OSC	OSC-M-298114	J. Riley	s.n.	0.02	88.46	Washington	Skamania	45.76011	-121.5337	outside_boundary_exact	Washington, Klickitat County	Columbia River Gorge National Scenic Area: Columbia River Gorge National Scenic Area. 4 mi NW of White Salmon, below dam at Northwestern Lake. FIA Site # CRG23	https://lichenportal.org/portal/collections/individual/index.php?occid=4501831
4501832	OSC	OSC-M-298115	J. Riley	s.n.	0.02	88.46	Washington	Skamania	45.76011	-121.5337	outside_boundary_exact	Washington, Klickitat County	Columbia River Gorge National Scenic Area: Columbia River Gorge National Scenic Area. 4 mi NW of White Salmon, below dam at Northwestern Lake. FIA Site # CRG23	https://lichenportal.org/portal/collections/individual/index.php?occid=4501832
4501833	OSC	OSC-M-298116	J. Riley	s.n.	0.02	88.46	Washington	Skamania	45.76011	-121.5337	outside_boundary_exact	Washington, Klickitat County	Columbia River Gorge National Scenic Area: Columbia River Gorge National Scenic Area. 4 mi NW of White Salmon, below dam at Northwestern Lake. FIA Site # CRG23	https://lichenportal.org/portal/collections/individual/index.php?occid=4501833
4501834	OSC	OSC-M-298117	J. Riley	s.n.	0.02	88.46	Washington	Skamania	45.76011	-121.5337	outside_boundary_exact	Washington, Klickitat County	Columbia River Gorge National Scenic Area: Columbia River Gorge National Scenic Area. 4 mi NW of White Salmon, below dam at Northwestern Lake. FIA Site # CRG23	https://lichenportal.org/portal/collections/individual/index.php?occid=4501834
4501835	OSC	OSC-M-298118	J. Riley	s.n.	0.02	88.46	Washington	Skamania	45.76011	-121.5337	outside_boundary_exact	Washington, Klickitat County	Columbia River Gorge National Scenic Area: Columbia River Gorge National Scenic Area. 4 mi NW of White Salmon, below dam at Northwestern Lake. FIA Site # CRG23	https://lichenportal.org/portal/collections/individual/index.php?occid=4501835
4501836	OSC	OSC-M-298119	J. Riley	s.n.	0.02	88.46	Washington	Skamania	45.76011	-121.5337	outside_boundary_exact	Washington, Klickitat County	Columbia River Gorge National Scenic Area: Columbia River Gorge National Scenic Area. 4 mi NW of White Salmon, below dam at Northwestern Lake. FIA Site # CRG23	https://lichenportal.org/portal/collections/individual/index.php?occid=4501836
4501837	OSC	OSC-M-298120	J. Riley	s.n.	0.02	88.46	Washington	Skamania	45.76011	-121.5337	outside_boundary_exact	Washington, Klickitat County	Columbia River Gorge National Scenic Area: Columbia River Gorge National Scenic Area. 4 mi NW of White Salmon, below dam at Northwestern Lake. FIA Site # CRG23	https://lichenportal.org/portal/collections/individual/index.php?occid=4501837
4501838	OSC	OSC-M-298121	J. Riley	s.n.	0.02	88.46	Washington	Skamania	45.76011	-121.5337	outside_boundary_exact	Washington, Klickitat County	Columbia River Gorge National Scenic Area: Columbia River Gorge National Scenic Area. 4 mi NW of White Salmon, below dam at Northwestern Lake. FIA Site # CRG23	https://lichenportal.org/portal/collections/individual/index.php?occid=4501838
4501839	OSC	OSC-M-298122	J. Riley	s.n.	0.02	88.46	Washington	Skamania	45.76011	-121.5337	outside_boundary_exact	Washington, Klickitat County	Columbia River Gorge National Scenic Area: Columbia River Gorge National Scenic Area. 4 mi NW of White Salmon, below dam at Northwestern Lake. FIA Site # CRG23	https://lichenportal.org/portal/collections/individual/index.php?occid=4501839
4501840	OSC	OSC-M-298123	J. Riley	s.n.	0.02	88.46	Washington	Skamania	45.76011	-121.5337	outside_boundary_exact	Washington, Klickitat County	Columbia River Gorge National Scenic Area: Columbia River Gorge National Scenic Area. 4 mi NW of White Salmon, below dam at Northwestern Lake. FIA Site # CRG23	https://lichenportal.org/portal/collections/individual/index.php?occid=4501840
4501841	OSC	OSC-M-298124	J. Riley	s.n.	0.02	88.46	Washington	Skamania	45.76011	-121.5337	outside_boundary_exact	Washington, Klickitat County	Columbia River Gorge National Scenic Area: Columbia River Gorge National Scenic Area. 4 mi NW of White Salmon, below dam at Northwestern Lake. FIA Site # CRG23	https://lichenportal.org/portal/collections/individual/index.php?occid=4501841
4501842	OSC	OSC-M-298125	J. Riley	s.n.	0.02	88.46	Washington	Skamania	45.76011	-121.5337	outside_boundary_exact	Washington, Klickitat County	Columbia River Gorge National Scenic Area: Columbia River Gorge National Scenic Area. 4 mi NW of White Salmon, below dam at Northwestern Lake. FIA Site # CRG23	https://lichenportal.org/portal/collections/individual/index.php?occid=4501842
4501843	OSC	OSC-M-298126	J. Riley	s.n.	0.02	88.46	Washington	Skamania	45.76011	-121.5337	outside_boundary_exact	Washington, Klickitat County	Columbia River Gorge National Scenic Area: Columbia River Gorge National Scenic Area. 4 mi NW of White Salmon, below dam at Northwestern Lake. FIA Site # CRG23	https://lichenportal.org/portal/collections/individual/index.php?occid=4501843
4501844	OSC	OSC-M-298127	J. Riley	s.n.	0.02	88.46	Washington	Skamania	45.76011	-121.5337	outside_boundary_exact	Washington, Klickitat County	Columbia River Gorge National Scenic Area: Columbia River Gorge National Scenic Area. 4 mi NW of White Salmon, below dam at Northwestern Lake. FIA Site # CRG23	https://lichenportal.org/portal/collections/individual/index.php?occid=4501844
4501845	OSC	OSC-M-298128	J. Riley	s.n.	0.02	88.46	Washington	Skamania	45.76011	-121.5337	outside_boundary_exact	Washington, Klickitat County	Columbia River Gorge National Scenic Area: Columbia River Gorge National Scenic Area. 4 mi NW of White Salmon, below dam at Northwestern Lake. FIA Site # CRG23	https://lichenportal.org/portal/collections/individual/index.php?occid=4501845
4501846	OSC	OSC-M-298129	J. Riley	s.n.	0.02	88.46	Washington	Skamania	45.76011	-121.5337	outside_boundary_exact	Washington, Klickitat County	Columbia River Gorge National Scenic Area: Columbia River Gorge National Scenic Area. 4 mi NW of White Salmon, below dam at Northwestern Lake. FIA Site # CRG23	https://lichenportal.org/portal/collections/individual/index.php?occid=4501846
4501847	OSC	OSC-M-298130	J. Riley	s.n.	0.02	88.46	Washington	Skamania	45.76011	-121.5337	outside_boundary_exact	Washington, Klickitat County	Columbia River Gorge National Scenic Area: Columbia River Gorge National Scenic Area. 4 mi NW of White Salmon, below dam at Northwestern Lake. FIA Site # CRG23	https://lichenportal.org/portal/collections/individual/index.php?occid=4501847
4501848	OSC	OSC-M-298131	J. Riley	s.n.	0.02	88.46	Washington	Skamania	45.76011	-121.5337	outside_boundary_exact	Washington, Klickitat County	Columbia River Gorge National Scenic Area: Columbia River Gorge National Scenic Area. 4 mi NW of White Salmon, below dam at Northwestern Lake. FIA Site # CRG23	https://lichenportal.org/portal/collections/individual/index.php?occid=4501848
4501849	OSC	OSC-M-298132	J. Riley	s.n.	0.02	88.46	Washington	Skamania	45.76011	-121.5337	outside_boundary_exact	Washington, Klickitat County	Columbia River Gorge National Scenic Area: Columbia River Gorge National Scenic Area. 4 mi NW of White Salmon, below dam at Northwestern Lake. FIA Site # CRG23	https://lichenportal.org/portal/collections/individual/index.php?occid=4501849
4501850	OSC	OSC-M-298133	J. Riley	s.n.	0.02	88.46	Washington	Skamania	45.76011	-121.5337	outside_boundary_exact	Washington, Klickitat County	Columbia River Gorge National Scenic Area: Columbia River Gorge National Scenic Area. 4 mi NW of White Salmon, below dam at Northwestern Lake. FIA Site # CRG23	https://lichenportal.org/portal/collections/individual/index.php?occid=4501850
4507985	OSC	OSC-M-305537	Linda Geiser	s.n.	0.02	88.46	Washington	Skamania	45.76011	-121.5337	outside_boundary_exact	Washington, Klickitat County	Columbia River Gorge National Scenic Area: Columbia River Gorge National Scenic Area. Pull off on Powerhouse Rd along right of way between Little White Salmon River and road, 4 mi NW of White Salmon, at snake in spur road 1/10 mi below the dam (to irrigation pipe) at Nothwestern Lake. FIA Site # CRG23	https://lichenportal.org/portal/collections/individual/index.php?occid=4507985
4507986	OSC	OSC-M-305538	Linda Geiser	s.n.	0.02	88.46	Washington	Skamania	45.76011	-121.5337	outside_boundary_exact	Washington, Klickitat County	Columbia River Gorge National Scenic Area: Columbia River Gorge National Scenic Area. Pull off on Powerhouse Rd along right of way between Little White Salmon River and road, 4 mi NW of White Salmon, at snake in spur road 1/10 mi below the dam (to irrigation pipe) at Nothwestern Lake. FIA Site # CRG23	https://lichenportal.org/portal/collections/individual/index.php?occid=4507986
4507987	OSC	OSC-M-305539	Linda Geiser	s.n.	0.02	88.46	Washington	Skamania	45.76011	-121.5337	outside_boundary_exact	Washington, Klickitat County	Columbia River Gorge National Scenic Area: Columbia River Gorge National Scenic Area. Pull off on Powerhouse Rd along right of way between Little White Salmon River and road, 4 mi NW of White Salmon, at snake in spur road 1/10 mi below the dam (to irrigation pipe) at Nothwestern Lake. FIA Site # CRG23	https://lichenportal.org/portal/collections/individual/index.php?occid=4507987
4507988	OSC	OSC-M-305540	Linda Geiser	s.n.	0.02	88.46	Washington	Skamania	45.76011	-121.5337	outside_boundary_exact	Washington, Klickitat County	Columbia River Gorge National Scenic Area: Columbia River Gorge National Scenic Area. Pull off on Powerhouse Rd along right of way between Little White Salmon River and road, 4 mi NW of White Salmon, at snake in spur road 1/10 mi below the dam (to irrigation pipe) at Nothwestern Lake. FIA Site # CRG23	https://lichenportal.org/portal/collections/individual/index.php?occid=4507988
4507989	OSC	OSC-M-305541	Linda Geiser	s.n.	0.02	88.46	Washington	Skamania	45.76011	-121.5337	outside_boundary_exact	Washington, Klickitat County	Columbia River Gorge National Scenic Area: Columbia River Gorge National Scenic Area. Pull off on Powerhouse Rd along right of way between Little White Salmon River and road, 4 mi NW of White Salmon, at snake in spur road 1/10 mi below the dam (to irrigation pipe) at Nothwestern Lake. FIA Site # CRG23	https://lichenportal.org/portal/collections/individual/index.php?occid=4507989
4507990	OSC	OSC-M-305542	Linda Geiser	s.n.	0.02	88.46	Washington	Skamania	45.76011	-121.5337	outside_boundary_exact	Washington, Klickitat County	Columbia River Gorge National Scenic Area: Columbia River Gorge National Scenic Area. Pull off on Powerhouse Rd along right of way between Little White Salmon River and road, 4 mi NW of White Salmon, at snake in spur road 1/10 mi below the dam (to irrigation pipe) at Nothwestern Lake. FIA Site # CRG23	https://lichenportal.org/portal/collections/individual/index.php?occid=4507990
4507991	OSC	OSC-M-305543	Linda Geiser	s.n.	0.02	88.46	Washington	Skamania	45.76011	-121.5337	outside_boundary_exact	Washington, Klickitat County	Columbia River Gorge National Scenic Area: Columbia River Gorge National Scenic Area. Pull off on Powerhouse Rd along right of way between Little White Salmon River and road, 4 mi NW of White Salmon, at snake in spur road 1/10 mi below the dam (to irrigation pipe) at Nothwestern Lake. FIA Site # CRG23	https://lichenportal.org/portal/collections/individual/index.php?occid=4507991
4507992	OSC	OSC-M-305544	Linda Geiser	s.n.	0.02	88.46	Washington	Skamania	45.76011	-121.5337	outside_boundary_exact	Washington, Klickitat County	Columbia River Gorge National Scenic Area: Columbia River Gorge National Scenic Area. Pull off on Powerhouse Rd along right of way between Little White Salmon River and road, 4 mi NW of White Salmon, at snake in spur road 1/10 mi below the dam (to irrigation pipe) at Nothwestern Lake. FIA Site # CRG23	https://lichenportal.org/portal/collections/individual/index.php?occid=4507992
4507993	OSC	OSC-M-305545	Linda Geiser	s.n.	0.02	88.46	Washington	Skamania	45.76011	-121.5337	outside_boundary_exact	Washington, Klickitat County	Columbia River Gorge National Scenic Area: Columbia River Gorge National Scenic Area. Pull off on Powerhouse Rd along right of way between Little White Salmon River and road, 4 mi NW of White Salmon, at snake in spur road 1/10 mi below the dam (to irrigation pipe) at Nothwestern Lake. FIA Site # CRG23	https://lichenportal.org/portal/collections/individual/index.php?occid=4507993
4507994	OSC	OSC-M-305546	Linda Geiser	s.n.	0.02	88.46	Washington	Skamania	45.76011	-121.5337	outside_boundary_exact	Washington, Klickitat County	Columbia River Gorge National Scenic Area: Columbia River Gorge National Scenic Area. Pull off on Powerhouse Rd along right of way between Little White Salmon River and road, 4 mi NW of White Salmon, at snake in spur road 1/10 mi below the dam (to irrigation pipe) at Nothwestern Lake. FIA Site # CRG23	https://lichenportal.org/portal/collections/individual/index.php?occid=4507994
4507995	OSC	OSC-M-305547	Linda Geiser	s.n.	0.02	88.46	Washington	Skamania	45.76011	-121.5337	outside_boundary_exact	Washington, Klickitat County	Columbia River Gorge National Scenic Area: Columbia River Gorge National Scenic Area. Pull off on Powerhouse Rd along right of way between Little White Salmon River and road, 4 mi NW of White Salmon, at snake in spur road 1/10 mi below the dam (to irrigation pipe) at Nothwestern Lake. FIA Site # CRG23	https://lichenportal.org/portal/collections/individual/index.php?occid=4507995
4507996	OSC	OSC-M-305548	Linda Geiser	s.n.	0.02	88.46	Washington	Skamania	45.76011	-121.5337	outside_boundary_exact	Washington, Klickitat County	Columbia River Gorge National Scenic Area: Columbia River Gorge National Scenic Area. Pull off on Powerhouse Rd along right of way between Little White Salmon River and road, 4 mi NW of White Salmon, at snake in spur road 1/10 mi below the dam (to irrigation pipe) at Nothwestern Lake. FIA Site # CRG23	https://lichenportal.org/portal/collections/individual/index.php?occid=4507996
4507997	OSC	OSC-M-305549	Linda Geiser	s.n.	0.02	88.46	Washington	Skamania	45.76011	-121.5337	outside_boundary_exact	Washington, Klickitat County	Columbia River Gorge National Scenic Area: Columbia River Gorge National Scenic Area. Pull off on Powerhouse Rd along right of way between Little White Salmon River and road, 4 mi NW of White Salmon, at snake in spur road 1/10 mi below the dam (to irrigation pipe) at Nothwestern Lake. FIA Site # CRG23	https://lichenportal.org/portal/collections/individual/index.php?occid=4507997
4507998	OSC	OSC-M-305550	Linda Geiser	s.n.	0.02	88.46	Washington	Skamania	45.76011	-121.5337	outside_boundary_exact	Washington, Klickitat County	Columbia River Gorge National Scenic Area: Columbia River Gorge National Scenic Area. Pull off on Powerhouse Rd along right of way between Little White Salmon River and road, 4 mi NW of White Salmon, at snake in spur road 1/10 mi below the dam (to irrigation pipe) at Nothwestern Lake. FIA Site # CRG23	https://lichenportal.org/portal/collections/individual/index.php?occid=4507998
4507999	OSC	OSC-M-305551	Linda Geiser	s.n.	0.02	88.46	Washington	Skamania	45.76011	-121.5337	outside_boundary_exact	Washington, Klickitat County	Columbia River Gorge National Scenic Area: Columbia River Gorge National Scenic Area. Pull off on Powerhouse Rd along right of way between Little White Salmon River and road, 4 mi NW of White Salmon, at snake in spur road 1/10 mi below the dam (to irrigation pipe) at Nothwestern Lake. FIA Site # CRG23	https://lichenportal.org/portal/collections/individual/index.php?occid=4507999
4508000	OSC	OSC-M-305552	Linda Geiser	s.n.	0.02	88.46	Washington	Skamania	45.76011	-121.5337	outside_boundary_exact	Washington, Klickitat County	Columbia River Gorge National Scenic Area: Columbia River Gorge National Scenic Area. Pull off on Powerhouse Rd along right of way between Little White Salmon River and road, 4 mi NW of White Salmon, at snake in spur road 1/10 mi below the dam (to irrigation pipe) at Nothwestern Lake. FIA Site # CRG23	https://lichenportal.org/portal/collections/individual/index.php?occid=4508000
4508001	OSC	OSC-M-305553	Linda Geiser	s.n.	0.02	88.46	Washington	Skamania	45.76011	-121.5337	outside_boundary_exact	Washington, Klickitat County	Columbia River Gorge National Scenic Area: Columbia River Gorge National Scenic Area. Pull off on Powerhouse Rd along right of way between Little White Salmon River and road, 4 mi NW of White Salmon, at snake in spur road 1/10 mi below the dam (to irrigation pipe) at Nothwestern Lake. FIA Site # CRG23	https://lichenportal.org/portal/collections/individual/index.php?occid=4508001
4508002	OSC	OSC-M-305554	Linda Geiser	s.n.	0.02	88.46	Washington	Skamania	45.76011	-121.5337	outside_boundary_exact	Washington, Klickitat County	Columbia River Gorge National Scenic Area: Columbia River Gorge National Scenic Area. Pull off on Powerhouse Rd along right of way between Little White Salmon River and road, 4 mi NW of White Salmon, at snake in spur road 1/10 mi below the dam (to irrigation pipe) at Nothwestern Lake. FIA Site # CRG23	https://lichenportal.org/portal/collections/individual/index.php?occid=4508002
4508003	OSC	OSC-M-305555	Linda Geiser	s.n.	0.02	88.46	Washington	Skamania	45.76011	-121.5337	outside_boundary_exact	Washington, Klickitat County	Columbia River Gorge National Scenic Area: Columbia River Gorge National Scenic Area. Pull off on Powerhouse Rd along right of way between Little White Salmon River and road, 4 mi NW of White Salmon, at snake in spur road 1/10 mi below the dam (to irrigation pipe) at Nothwestern Lake. FIA Site # CRG23	https://lichenportal.org/portal/collections/individual/index.php?occid=4508003
4508004	OSC	OSC-M-305556	Linda Geiser	s.n.	0.02	88.46	Washington	Skamania	45.76011	-121.5337	outside_boundary_exact	Washington, Klickitat County	Columbia River Gorge National Scenic Area: Columbia River Gorge National Scenic Area. Pull off on Powerhouse Rd along right of way between Little White Salmon River and road, 4 mi NW of White Salmon, at snake in spur road 1/10 mi below the dam (to irrigation pipe) at Nothwestern Lake. FIA Site # CRG23	https://lichenportal.org/portal/collections/individual/index.php?occid=4508004
4508005	OSC	OSC-M-305557	Linda Geiser	s.n.	0.02	88.46	Washington	Skamania	45.76011	-121.5337	outside_boundary_exact	Washington, Klickitat County	Columbia River Gorge National Scenic Area: Columbia River Gorge National Scenic Area. Pull off on Powerhouse Rd along right of way between Little White Salmon River and road, 4 mi NW of White Salmon, at snake in spur road 1/10 mi below the dam (to irrigation pipe) at Nothwestern Lake. FIA Site # CRG23	https://lichenportal.org/portal/collections/individual/index.php?occid=4508005
4508006	OSC	OSC-M-305558	Linda Geiser	s.n.	0.02	88.46	Washington	Skamania	45.76011	-121.5337	outside_boundary_exact	Washington, Klickitat County	Columbia River Gorge National Scenic Area: Columbia River Gorge National Scenic Area. Pull off on Powerhouse Rd along right of way between Little White Salmon River and road, 4 mi NW of White Salmon, at snake in spur road 1/10 mi below the dam (to irrigation pipe) at Nothwestern Lake. FIA Site # CRG23	https://lichenportal.org/portal/collections/individual/index.php?occid=4508006
4508007	OSC	OSC-M-305559	Linda Geiser	s.n.	0.02	88.46	Washington	Skamania	45.76011	-121.5337	outside_boundary_exact	Washington, Klickitat County	Columbia River Gorge National Scenic Area: Columbia River Gorge National Scenic Area. Pull off on Powerhouse Rd along right of way between Little White Salmon River and road, 4 mi NW of White Salmon, at snake in spur road 1/10 mi below the dam (to irrigation pipe) at Nothwestern Lake. FIA Site # CRG23	https://lichenportal.org/portal/collections/individual/index.php?occid=4508007
4508008	OSC	OSC-M-305560	Linda Geiser	s.n.	0.02	88.46	Washington	Skamania	45.76011	-121.5337	outside_boundary_exact	Washington, Klickitat County	Columbia River Gorge National Scenic Area: Columbia River Gorge National Scenic Area. Pull off on Powerhouse Rd along right of way between Little White Salmon River and road, 4 mi NW of White Salmon, at snake in spur road 1/10 mi below the dam (to irrigation pipe) at Nothwestern Lake. FIA Site # CRG23	https://lichenportal.org/portal/collections/individual/index.php?occid=4508008
4508009	OSC	OSC-M-305561	Linda Geiser	s.n.	0.02	88.46	Washington	Skamania	45.76011	-121.5337	outside_boundary_exact	Washington, Klickitat County	Columbia River Gorge National Scenic Area: Columbia River Gorge National Scenic Area. Pull off on Powerhouse Rd along right of way between Little White Salmon River and road, 4 mi NW of White Salmon, at snake in spur road 1/10 mi below the dam (to irrigation pipe) at Nothwestern Lake. FIA Site # CRG23	https://lichenportal.org/portal/collections/individual/index.php?occid=4508009
4508010	OSC	OSC-M-305562	Linda Geiser	s.n.	0.02	88.46	Washington	Skamania	45.76011	-121.5337	outside_boundary_exact	Washington, Klickitat County	Columbia River Gorge National Scenic Area: Columbia River Gorge National Scenic Area. Pull off on Powerhouse Rd along right of way between Little White Salmon River and road, 4 mi NW of White Salmon, at snake in spur road 1/10 mi below the dam (to irrigation pipe) at Nothwestern Lake. FIA Site # CRG23	https://lichenportal.org/portal/collections/individual/index.php?occid=4508010
4508011	OSC	OSC-M-305563	Linda Geiser	s.n.	0.02	88.46	Washington	Skamania	45.76011	-121.5337	outside_boundary_exact	Washington, Klickitat County	Columbia River Gorge National Scenic Area: Columbia River Gorge National Scenic Area. Pull off on Powerhouse Rd along right of way between Little White Salmon River and road, 4 mi NW of White Salmon, at snake in spur road 1/10 mi below the dam (to irrigation pipe) at Nothwestern Lake. FIA Site # CRG23	https://lichenportal.org/portal/collections/individual/index.php?occid=4508011
4508012	OSC	OSC-M-305564	Linda Geiser	s.n.	0.02	88.46	Washington	Skamania	45.76011	-121.5337	outside_boundary_exact	Washington, Klickitat County	Columbia River Gorge National Scenic Area: Columbia River Gorge National Scenic Area. Pull off on Powerhouse Rd along right of way between Little White Salmon River and road, 4 mi NW of White Salmon, at snake in spur road 1/10 mi below the dam (to irrigation pipe) at Nothwestern Lake. FIA Site # CRG23	https://lichenportal.org/portal/collections/individual/index.php?occid=4508012
4508013	OSC	OSC-M-305565	Linda Geiser	s.n.	0.02	88.46	Washington	Skamania	45.76011	-121.5337	outside_boundary_exact	Washington, Klickitat County	Columbia River Gorge National Scenic Area: Columbia River Gorge National Scenic Area. Pull off on Powerhouse Rd along right of way between Little White Salmon River and road, 4 mi NW of White Salmon, at snake in spur road 1/10 mi below the dam (to irrigation pipe) at Nothwestern Lake. FIA Site # CRG23	https://lichenportal.org/portal/collections/individual/index.php?occid=4508013
4508014	OSC	OSC-M-305566	Linda Geiser	s.n.	0.02	88.46	Washington	Skamania	45.76011	-121.5337	outside_boundary_exact	Washington, Klickitat County	Columbia River Gorge National Scenic Area: Columbia River Gorge National Scenic Area. Pull off on Powerhouse Rd along right of way between Little White Salmon River and road, 4 mi NW of White Salmon, at snake in spur road 1/10 mi below the dam (to irrigation pipe) at Nothwestern Lake. FIA Site # CRG23	https://lichenportal.org/portal/collections/individual/index.php?occid=4508014
4508015	OSC	OSC-M-305567	Linda Geiser	s.n.	0.02	88.46	Washington	Skamania	45.76011	-121.5337	outside_boundary_exact	Washington, Klickitat County	Columbia River Gorge National Scenic Area: Columbia River Gorge National Scenic Area. Pull off on Powerhouse Rd along right of way between Little White Salmon River and road, 4 mi NW of White Salmon, at snake in spur road 1/10 mi below the dam (to irrigation pipe) at Nothwestern Lake. FIA Site # CRG23	https://lichenportal.org/portal/collections/individual/index.php?occid=4508015
4508016	OSC	OSC-M-305568	Linda Geiser	s.n.	0.02	88.46	Washington	Skamania	45.76011	-121.5337	outside_boundary_exact	Washington, Klickitat County	Columbia River Gorge National Scenic Area: Columbia River Gorge National Scenic Area. Pull off on Powerhouse Rd along right of way between Little White Salmon River and road, 4 mi NW of White Salmon, at snake in spur road 1/10 mi below the dam (to irrigation pipe) at Nothwestern Lake. FIA Site # CRG23	https://lichenportal.org/portal/collections/individual/index.php?occid=4508016
4508017	OSC	OSC-M-305569	Linda Geiser	s.n.	0.02	88.46	Washington	Skamania	45.76011	-121.5337	outside_boundary_exact	Washington, Klickitat County	Columbia River Gorge National Scenic Area: Columbia River Gorge National Scenic Area. Pull off on Powerhouse Rd along right of way between Little White Salmon River and road, 4 mi NW of White Salmon, at snake in spur road 1/10 mi below the dam (to irrigation pipe) at Nothwestern Lake. FIA Site # CRG23	https://lichenportal.org/portal/collections/individual/index.php?occid=4508017
4508018	OSC	OSC-M-305570	Linda Geiser	s.n.	0.02	88.46	Washington	Skamania	45.76011	-121.5337	outside_boundary_exact	Washington, Klickitat County	Columbia River Gorge National Scenic Area: Columbia River Gorge National Scenic Area. Pull off on Powerhouse Rd along right of way between Little White Salmon River and road, 4 mi NW of White Salmon, at snake in spur road 1/10 mi below the dam (to irrigation pipe) at Nothwestern Lake. FIA Site # CRG23	https://lichenportal.org/portal/collections/individual/index.php?occid=4508018
4508019	OSC	OSC-M-305571	Linda Geiser	s.n.	0.02	88.46	Washington	Skamania	45.76011	-121.5337	outside_boundary_exact	Washington, Klickitat County	Columbia River Gorge National Scenic Area: Columbia River Gorge National Scenic Area. Pull off on Powerhouse Rd along right of way between Little White Salmon River and road, 4 mi NW of White Salmon, at snake in spur road 1/10 mi below the dam (to irrigation pipe) at Nothwestern Lake. FIA Site # CRG23	https://lichenportal.org/portal/collections/individual/index.php?occid=4508019
2219062	OSC	135380	Bruce McCune	28961	0.01	160.89	Washington	Okanogan	48.6896	-120.7106	outside_boundary_exact	Washington, Whatcom County	Tatie Peak	https://lichenportal.org/portal/collections/individual/index.php?occid=2219062
4422111	OSC	167679	Jim Riley	0768	0.01	148.93	Washington	Yakima	46.803833333333	-121.45616666667	outside_boundary_exact	Washington, Pierce County	Snoqualmie N.F. , Naches R. D., Ridge above Cougar Lakes.	https://lichenportal.org/portal/collections/individual/index.php?occid=4422111
4422112	OSC	167680	Jim Riley	0767	0.01	148.93	Washington	Yakima	46.803833333333	-121.45616666667	outside_boundary_exact	Washington, Pierce County	Wenatchee N.F., Naches R.D., Ridge above Cougar Lakes.	https://lichenportal.org/portal/collections/individual/index.php?occid=4422112
4423207	OSC	168775	Jim Riley	0770	0.01	148.93	Washington	Yakima	46.803833333333	-121.45616666667	outside_boundary_exact	Washington, Pierce County	Naches R.D., Wenatchee N.F. Ridge above Cougar Lakes.	https://lichenportal.org/portal/collections/individual/index.php?occid=4423207
4423582	OSC	172554	Jim Riley	0769	0.01	148.93	Washington	Yakima	46.803833333333	-121.45616666667	outside_boundary_exact	Washington, Pierce County	Naches R.D., Wenatchee N.F. Ridge above Cougar Lakes.	https://lichenportal.org/portal/collections/individual/index.php?occid=4423582
