id	institutionCode	catalogNumber	recordedBy	recordNumber	distance_km	distance_max_km	state	county	decimalLatitude	decimalLongitude	status	implied_location	locality	record_link
2592938	UCR(temp)	SBBG009700L	James Lendemer	4117	14032.38	14250.36	California	Riverside	33.79733	63.255167	outside_boundary_exact	not_found_in_US	San Bernardino National Forest, San Jacinto Mountains, North Fork of San Jacinto River.	https://lichenportal.org/portal/collections/individual/index.php?occid=2592938
2593451	UCR(temp)	SBBG005760L	Nancy K. Cione	BL37-6 TP2	10732.33	10897.41	California	San Diego	33.42475	117.386194	outside_boundary_exact	not_found_in_US	Peninsular Range: Santa Ana Mtns: Santa Margarita Mtns., Camp Pendleton, ca. 1.5 mi. south of Margarita Peak	https://lichenportal.org/portal/collections/individual/index.php?occid=2593451
2603764	UCR(temp)	SBBG011747L	Kerry Knudsen	15139	9811.89	10115.27	California	San Bernardino	34.035222	-0.108778	outside_boundary_exact	not_found_in_US	Joshua Tree National Park: Queen Valley, base of Queen Mountain, near O'Dell parking area.	https://lichenportal.org/portal/collections/individual/index.php?occid=2603764
2602815	UCR(temp)	SBBG010223L	Kerry Knudsen	14139	9605.85	9876.21	California	Riverside	33.85	-3.536667	outside_boundary_exact	not_found_in_US	Transverse Range: Joshua Tree National Park: Little San Bernardino Mountains: slope above Dillon Road covered with Yucca schidigera (Rockhouse Canyon)	https://lichenportal.org/portal/collections/individual/index.php?occid=2602815
2605493	UCR(temp)	SBBG002688L	Kerry Knudsen	17063	8871.71	9178.69	California	San Bernardino	34.307667	-12.171667	outside_boundary_exact	not_found_in_US	Transverse Range: San Bernardino Mountains: Pinnacles.	https://lichenportal.org/portal/collections/individual/index.php?occid=2605493
2598380	UCR(temp)	SBBG004237L	Kerry Knudsen	9361	8759.63	8816.1	California	Orange	33.801389	-17.699722	outside_boundary_exact	not_found_in_US	Peninsular Range: Santa Ana Mountains: north ridge of Fremont Canyon: accessed from end of Edison Road from electrical towers: lower slopes above the bottom of the canyon	https://lichenportal.org/portal/collections/individual/index.php?occid=2598380
2598383	UCR(temp)	SBBG004212L	Kerry Knudsen	9364	8759.63	8816.1	California	Orange	33.801389	-17.699722	outside_boundary_exact	not_found_in_US	Peninsular Range: Santa Ana Mountains: north ridge of Fremont Canyon: accessed from end of Edison Road from electrical towers: lower slopes above the bottom of the canyon	https://lichenportal.org/portal/collections/individual/index.php?occid=2598383
2590641	UCR(temp)	SBBG024053L	R.E. Riefner, Jr.	01--68	8433.59	8574.49	California	San Diego	32.882827	-21.205914	outside_boundary_exact	not_found_in_US	Soledad Canyon, near junction of 5-freeway and 805-freeway, along Eastgate Mall Rd at 805-freeway	https://lichenportal.org/portal/collections/individual/index.php?occid=2590641
2591592	UCR(temp)	SBBG024052L	R.E. Riefner, Jr.	01--68	8433.59	8574.49	California	San Diego	32.882827	-21.205914	outside_boundary_exact	not_found_in_US	Soledad Canyon, near junction of 5-freeway and 805-freeway, along Eastgate Mall Rd at 805-freeway.	https://lichenportal.org/portal/collections/individual/index.php?occid=2591592
2596624	UCR(temp)	UCR-181481	Kerry Knudsen	8138-.2	7274.31	7399.22	California	San Luis Obispo	35.56944	-36.12583	outside_boundary_exact	not_found_in_US	San Simeon: San Simeon State Park: Molinari Property: rock pile next to ravine along old Highway One dirt road.	https://lichenportal.org/portal/collections/individual/index.php?occid=2596624
2596625	UCR(temp)	UCR-181448	Kerry Knudsen	8139	7274.31	7399.22	California	San Luis Obispo	35.56944	-36.12583	outside_boundary_exact	not_found_in_US	San Simeon: San Simeon State Park: Molinari Property: rock pile next to ravine along old Highway One dirt road.	https://lichenportal.org/portal/collections/individual/index.php?occid=2596625
2596626	UCR(temp)	UCR-181422	Kerry Knudsen	8140	7274.31	7399.22	California	San Luis Obispo	35.56944	-36.12583	outside_boundary_exact	not_found_in_US	San Simeon: San Simeon State Park: Molinari Property: rock pile next to ravine along old Highway One dirt road.	https://lichenportal.org/portal/collections/individual/index.php?occid=2596626
2596627	UCR(temp)	UCR-181480	Kerry Knudsen	8144	7274.31	7399.22	California	San Luis Obispo	35.56944	-36.12583	outside_boundary_exact	not_found_in_US	San Simeon: San Simeon State Park: Molinari Property: rock pile next to ravine along old Highway One dirt road.	https://lichenportal.org/portal/collections/individual/index.php?occid=2596627
2596628	UCR(temp)	UCR-181482	Kerry Knudsen	8145	7274.31	7399.22	California	San Luis Obispo	35.56944	-36.12583	outside_boundary_exact	not_found_in_US	San Simeon: San Simeon State Park: Molinari Property: rock pile next to ravine along old Highway One dirt road.	https://lichenportal.org/portal/collections/individual/index.php?occid=2596628
2596623	UCR(temp)	SBBG025893L	Kerry Knudsen	8138-.1	7274.3	7399.22	California	San Luis Obispo	35.569444	-36.125833	outside_boundary_exact	not_found_in_US	San Simeon: San Simeon State Park: Molinari Property: rock pile next to ravine along old Highway One dirt road.	https://lichenportal.org/portal/collections/individual/index.php?occid=2596623
2598953	UCR(temp)	SBBG024198L	James Lendemer	11405	7209.95	7493.6	California	Riverside	33.56667	-33.56667	outside_boundary_exact	not_found_in_US	San Jacinto Mountains: off Burnt Canyon Road in wash.	https://lichenportal.org/portal/collections/individual/index.php?occid=2598953
2600735	UCR(temp)	SBBG025890L	Kerry Knudsen	11809	6376.92	6538.3	California	Los Angeles	34.089444	-46.033333	outside_boundary_exact	not_found_in_US	Santa Monica Mountains: Malibu Creek State Park: Bulldog Motorway: north slope.	https://lichenportal.org/portal/collections/individual/index.php?occid=2600735
2596097	UCR(temp)	SBBG021604L	Kerry Knudsen	7857	3137.48	3219.85	California	Riverside	3.856944	-116.732778	outside_boundary_exact	not_found_in_US	San Jacinto Mountains: One Horse Ridge: near Pacific Crest Trail.	https://lichenportal.org/portal/collections/individual/index.php?occid=2596097
5821957	UCR(temp)	SBBG021665L	Kerry Knudsen	7857a	3137.48	3219.85	California	Riverside	3.856944	-116.732778	outside_boundary_exact	not_found_in_US	San Jacinto Mountains: One Horse Ridge: near Pacific Crest Trail.	https://lichenportal.org/portal/collections/individual/index.php?occid=5821957
2597825	UCR(temp)	SBBG021530L	R. Schoeninger	394	3111.61	3300.76	California	Santa Barbara	4.116667	-119.907222	outside_boundary_exact	not_found_in_US	Santa Cruz Island, Thrid wave terrace overlooking Fraser Point	https://lichenportal.org/portal/collections/individual/index.php?occid=2597825
2594039	UCR(temp)	SBBG011885L	James Lendemer	5686	3108.17	3267.69	California	San Luis Obispo	35.251388	-84.871107	outside_boundary_exact	Tennessee, Bradley County	Montana de Oro State Park, Coon Creek, along trail	https://lichenportal.org/portal/collections/individual/index.php?occid=2594039
2601181	UCR(temp)	SBBG025894L	Kerry Knudsen	12151	2984.19	3083.61	California	San Luis Obispo	7.083333	-121.116667	outside_boundary_exact	not_found_in_US	San Simeon: San Simeon State Park: willows along broadwalk near day use parking lot for San Simeon Creek.	https://lichenportal.org/portal/collections/individual/index.php?occid=2601181
2599335	UCR(temp)	SBBG010137L	O. W. Purvis	s.n.	1621.29	1746.22	California	Plumas	40.203056	-140.774167	outside_boundary_exact	not_found_in_US	Superior Mine, ca 10 miles NE Greenville, Lights Creek District. (Moonlight Peak)	https://lichenportal.org/portal/collections/individual/index.php?occid=2599335
2594297	UCR(temp)	SBBG018453L	Kerry Knudsen	4990	1193.46	1302.66	California	San Diego	21.683333	-117.2475	outside_boundary_exact	not_found_in_US	Point Loma, Navy property N of water treatment plant on slope above road	https://lichenportal.org/portal/collections/individual/index.php?occid=2594297
2600017	UCR(temp)	UCR-203656	James Lendemer	14712A	1097.52	1203.73	California	Riverside	23.495	-117.33389	outside_boundary_exact	not_found_in_US	Santa Ana Mountains, Santa Rosa Plateau, wildlife corridor along Avocado Mesa Rd.	https://lichenportal.org/portal/collections/individual/index.php?occid=2600017
2600021	UCR(temp)	UCR-203660	James Lendemer	14703	1097.52	1203.73	California	Riverside	23.495	-117.33389	outside_boundary_exact	not_found_in_US	Santa Ana Mountains, Santa Rosa Plateau, wildlife corridor along Avocado Mesa Rd.	https://lichenportal.org/portal/collections/individual/index.php?occid=2600021
2594775	UCR(temp)	SBBG021518L	Kerry Knudsen	4166-.2	1080.56	1168.77	California	San Benito	26.485278	-121.166667	outside_boundary_exact	not_found_in_US	Pinnacles National Monument: west-facing slope	https://lichenportal.org/portal/collections/individual/index.php?occid=2594775
2597835	UCR(temp)	UCR-186162	Kerry Knudsen	8969	883.88	1077.79	California	Santa Barbara	43.00722	-120.04972	outside_boundary_exact	Oregon, Lake County	Santa Rosa Island: the Ranch: the corrals.	https://lichenportal.org/portal/collections/individual/index.php?occid=2597835
2597840	UCR(temp)	SBBG018841L	Kerry Knudsen	8974	883.88	1077.79	California	Santa Barbara	43.00722	-120.04972	outside_boundary_exact	Oregon, Lake County	Santa Rosa Island: the Ranch: the corrals.	https://lichenportal.org/portal/collections/individual/index.php?occid=2597840
2597842	UCR(temp)	SBBG006504L	Kerry Knudsen	8975.1	883.88	1077.79	California	Santa Barbara	43.007222	-120.049722	outside_boundary_exact	Oregon, Lake County	Transverse Range: Santa Rosa Island: the Ranch: the corrals.	https://lichenportal.org/portal/collections/individual/index.php?occid=2597842
2597843	UCR(temp)	UCR-186170	Kerry Knudsen	8975-.2	883.88	1077.79	California	Santa Barbara	43.00722	-120.04972	outside_boundary_exact	Oregon, Lake County	Santa Rosa Island: the Ranch: the corrals.	https://lichenportal.org/portal/collections/individual/index.php?occid=2597843
2597844	UCR(temp)	UCR-186163	Kerry Knudsen	8969-.1	883.88	1077.79	California	Santa Barbara	43.00722	-120.04972	outside_boundary_exact	Oregon, Lake County	Santa Rosa Island: the Ranch: the corrals.	https://lichenportal.org/portal/collections/individual/index.php?occid=2597844
2597846	UCR(temp)	UCR-186172	Kerry Knudsen	8977	883.88	1077.79	California	Santa Barbara	43.00722	-120.04972	outside_boundary_exact	Oregon, Lake County	Santa Rosa Island: the Ranch: the corrals.	https://lichenportal.org/portal/collections/individual/index.php?occid=2597846
2597847	UCR(temp)	SBBG013573L	Kerry Knudsen	8973	883.88	1077.79	California	Santa Barbara	43.007222	-120.049722	outside_boundary_exact	Oregon, Lake County	Santa Rosa Island: the Ranch: the corrals.	https://lichenportal.org/portal/collections/individual/index.php?occid=2597847
2597848	UCR(temp)	SBBG027905L	Kerry Knudsen	8979	883.88	1077.79	California	Santa Barbara	43.007222	-120.049722	outside_boundary_exact	Oregon, Lake County	Santa Rosa Island: the Ranch: the corrals.	https://lichenportal.org/portal/collections/individual/index.php?occid=2597848
2594694	UCR(temp)	SBBG022926L	James Lendemer	5841	847.62	915.45	California	Marin	37.904444	-112.602222	outside_boundary_exact	Utah, Iron County	Mount Tamalpais State Park, south of parking lot on Panoramic Drive	https://lichenportal.org/portal/collections/individual/index.php?occid=2594694
2590034	UCR(temp)	SBBG010950L	A.C. Sanders	15962	667.28	772.11	California	Riverside	39.991667	-117.325	outside_boundary_exact	Nevada, Lander County	Riverside, Box Springs Mtns., Point of Rocks, NW tip of range, NW of Sugarloaf Peak, SE of Marlborough and Rustin intersection, below peak 1427	https://lichenportal.org/portal/collections/individual/index.php?occid=2590034
5420520	UCR(temp)	NA	A.C. Sanders	15962	667.28	772.11	California	Riverside	39.991667	-117.325	outside_boundary_exact	Nevada, Lander County	Riverside, Box Springs Mtns., Point of Rocks, NW tip of range, NW of Sugarloaf Peak, SE of Marlborough and Rustin intersection, below peak 1427	https://lichenportal.org/portal/collections/individual/index.php?occid=5420520
2605230	UCR(temp)	UCR-252128	Kerry Knudsen	16937	515.81	754.95	California	Inyo	37.38428	-110.17889	outside_boundary_exact	Utah, San Juan County	White Mountains: bristlecone pine grove on dolomite.	https://lichenportal.org/portal/collections/individual/index.php?occid=2605230
2605267	UCR(temp)	UCR-252399	Kerry Knudsen	16950	515.81	754.95	California	Inyo	37.38428	-110.17889	outside_boundary_exact	Utah, San Juan County	White Mountains: bristlecone pine grove on dolomite.	https://lichenportal.org/portal/collections/individual/index.php?occid=2605267
2605269	UCR(temp)	UCR-252400	Kerry Knudsen	16938-.1	515.81	754.95	California	Inyo	37.38428	-110.17889	outside_boundary_exact	Utah, San Juan County	White Mountains: bristlecone pine grove on dolomite.	https://lichenportal.org/portal/collections/individual/index.php?occid=2605269
2605270	UCR(temp)	UCR-252402	Kerry Knudsen	16938-.2	515.81	754.95	California	Inyo	37.38428	-110.17889	outside_boundary_exact	Utah, San Juan County	White Mountains: bristlecone pine grove on dolomite.	https://lichenportal.org/portal/collections/individual/index.php?occid=2605270
2596733	UCR(temp)	UCR-182938	Kerry Knudsen	8284	466.23	697.39	California	Los Angeles	38.98111	-118.42278	outside_boundary_exact	Nevada, Mineral County	Ballona Creek: south levee with northern exposure, e/o 90, shaded by freeway bridge part of the day, w/o confluence of Centinela Creek	https://lichenportal.org/portal/collections/individual/index.php?occid=2596733
2599285	UCR(temp)	SBBG023784L	Kerry Knudsen	10039-.3	424.72	546.49	California	San Luis Obispo	39.584722	-121.211944	outside_boundary_exact	California, Butte County	San Simeon State Park: south of Arroyo Laguna: Toyon Canyon: a ravine un-named on maps.	https://lichenportal.org/portal/collections/individual/index.php?occid=2599285
2600430	UCR(temp)	SBBG018309L	Kerry Knudsen	11331	400.82	475.4	California	San Mateo	33.982778	-120.022222	outside_boundary_exact	California, Santa Barbara County	Santa Rosa Island: Channel Islands National Park: upper Torrey Pines forest	https://lichenportal.org/portal/collections/individual/index.php?occid=2600430
2600431	UCR(temp)	SBBG020093L	Kerry Knudsen	11330	400.82	475.4	California	San Mateo	33.98278	-120.02222	outside_boundary_exact	California, Santa Barbara County	Santa Rosa Island: Channel Islands National Park: upper Torrey Pines forest	https://lichenportal.org/portal/collections/individual/index.php?occid=2600431
3036852	UCR(temp)	SBBG007921L	Kerry Knudsen	17845	395.51	509.3	California	San Luis Obispo	39.321583	-120.823028	outside_boundary_exact	California, Nevada County	Central Coast: Los Osos: between South Bay Blvd. and 18th Street: field of native shrubs	https://lichenportal.org/portal/collections/individual/index.php?occid=3036852
2596344	UCR(temp)	SBBG027907L	Kerry Knudsen	6934-.2	395.11	566.53	California	Santa Barbara	30.039167	-120.366389	outside_boundary_exact	not_found_in_US	San Miguel Island: between Ranger's Station and airstrip.	https://lichenportal.org/portal/collections/individual/index.php?occid=2596344
2590896	UCR(temp)	SBBG015789L	Kerry Knudsen	1042	359.36	651.06	California	Riverside	32.712783	-110.782217	outside_boundary_exact	Arizona, Pinal County	San Jacinto Mtns [upper] Hurkey Creek [in May Valley]	https://lichenportal.org/portal/collections/individual/index.php?occid=2590896
2597124	UCR(temp)	SBBG023064L	C. Bratt	4426	351.27	413.08	California	Santa Cruz	34.06056	-119.91528	outside_boundary_exact	California, Santa Barbara County	Santa Cruz Island, drainage channel, Forneg [Forney] Flat	https://lichenportal.org/portal/collections/individual/index.php?occid=2597124
2594097	UCR(temp)	SBBG024460L	C. Bratt	12551A	332.14	526.34	California	Ventura	37.86667	-119.46667	outside_boundary_exact	California, Tuolumne County	Ballinger Canyon, off Rte 33, south of Rte 166, LPNF, beyond campground, before corrals	https://lichenportal.org/portal/collections/individual/index.php?occid=2594097
2594144	UCR(temp)	SBBG024456L	C. Bratt	12551B	332.14	526.34	California	Ventura	37.86667	-119.46667	outside_boundary_exact	California, Tuolumne County	Ballinger Canyon, off Rte 33, south of Rte 166, LPNF, beyond campground, before corrals	https://lichenportal.org/portal/collections/individual/index.php?occid=2594144
2597144	UCR(temp)	UCR-184561	C. Bratt	12554	332.14	526.34	California	Ventura	37.86667	-119.46667	outside_boundary_exact	California, Tuolumne County	Ballinger Canyon, off Rte 33, south of Rte 166, LPNF, beyond campground, before corrals	https://lichenportal.org/portal/collections/individual/index.php?occid=2597144
2594389	UCR(temp)	SBBG018209L	Kerry Knudsen	5008-.2	318.53	392.37	California	Marin	35.275556	-120.887778	outside_boundary_exact	California, San Luis Obispo County	Mount Tamalpais State Park, Bolinas Ridge, W-facing slope above Bolinas	https://lichenportal.org/portal/collections/individual/index.php?occid=2594389
2594396	UCR(temp)	SBBG018208L	Kerry Knudsen	5008-.3	318.53	392.37	California	Marin	35.275556	-120.887778	outside_boundary_exact	California, San Luis Obispo County	Mount Tamalpais State Park, Bolinas Ridge, W-facing slope above Bolinas	https://lichenportal.org/portal/collections/individual/index.php?occid=2594396
2599314	UCR(temp)	UCR-195479	Kerry Knudsen	9850	311.28	367.69	California	Marin	35.04	-122.79917	outside_boundary_exact	not_found_in_US	Point Reyes National Seashore: Eathquake Trail	https://lichenportal.org/portal/collections/individual/index.php?occid=2599314
2599462	UCR(temp)	SBBG023828L	Kerry Knudsen	9849	311.28	367.69	California	Marin	35.04	-122.79917	outside_boundary_exact	not_found_in_US	Point Reyes National Seashore: Eathquake Trail	https://lichenportal.org/portal/collections/individual/index.php?occid=2599462
2599506	UCR(temp)	SBBG020838L	Kerry Knudsen	9854-.2	311.28	367.69	California	Marin	35.04	-122.79917	outside_boundary_exact	not_found_in_US	Point Reyes National Seashore: Eathquake Trail	https://lichenportal.org/portal/collections/individual/index.php?occid=2599506
2599508	UCR(temp)	SBBG016069L	Kerry Knudsen	9848	311.28	367.69	California	Marin	35.04	-122.799167	outside_boundary_exact	not_found_in_US	Point Reyes National Seashore: Eathquake Trail	https://lichenportal.org/portal/collections/individual/index.php?occid=2599508
2600236	UCR(temp)	SBBG018830L	Kerry Knudsen	11093	285.9	385.37	California	San Luis Obispo	32.384722	-120.861944	outside_boundary_exact	not_found_in_US	Morro Bay Strand: south strand: hedge of Monterey Cypress planted along paved trail	https://lichenportal.org/portal/collections/individual/index.php?occid=2600236
2603644	UCR(temp)	SBBG005762L	Stephen Sharnoff	4165	283.87	391.71	California	San Luis Obispo	32.369444	-120.541667	outside_boundary_exact	not_found_in_US	Central Coast: Hind River Ranch: upper reaches of Salinas River just east of Santa margarita, along new trail, northeast side of river.	https://lichenportal.org/portal/collections/individual/index.php?occid=2603644
2605234	UCR(temp)	SBBG029783L	Kerry Knudsen	16452-.2	259.28	328.86	California	Alameda	35.233306	-120.778333	outside_boundary_exact	California, San Luis Obispo County	Irish Mountains: state park property: shale outcrop on Fire Modification Ridge.	https://lichenportal.org/portal/collections/individual/index.php?occid=2605234
2605235	UCR(temp)	UCR-252387	Kerry Knudsen	16451-.2	259.28	328.86	California	Alameda	35.23331	-120.77833	outside_boundary_exact	California, San Luis Obispo County	Irish Mountains: state park property: shale outcrop on Fire Modification Ridge.	https://lichenportal.org/portal/collections/individual/index.php?occid=2605235
2605237	UCR(temp)	UCR-252394	Kerry Knudsen	16459-.3	259.28	328.86	California	Alameda	35.23331	-120.77833	outside_boundary_exact	California, San Luis Obispo County	Irish Mountains: state park property: shale outcrop on Fire Modification Ridge.	https://lichenportal.org/portal/collections/individual/index.php?occid=2605237
2605238	UCR(temp)	SBBG012159L	Kerry Knudsen	16460-.2	259.28	328.86	California	Alameda	35.233306	-120.778333	outside_boundary_exact	California, San Luis Obispo County	Irish Mountains: state park property: shale outcrop on Fire Modification Ridge.	https://lichenportal.org/portal/collections/individual/index.php?occid=2605238
2605239	UCR(temp)	UCR-252375	Kerry Knudsen	16459-.2	259.28	328.86	California	Alameda	35.23331	-120.77833	outside_boundary_exact	California, San Luis Obispo County	Irish Mountains: state park property: shale outcrop on Fire Modification Ridge.	https://lichenportal.org/portal/collections/individual/index.php?occid=2605239
2605240	UCR(temp)	SBBG029651L	Kerry Knudsen	16458-.2	259.28	328.86	California	Alameda	35.233306	-120.778333	outside_boundary_exact	California, San Luis Obispo County	Irish Mountains: state park property: shale outcrop on Fire Modification Ridge.	https://lichenportal.org/portal/collections/individual/index.php?occid=2605240
2605242	UCR(temp)	SBBG019455L	Kerry Knudsen	16455-.2	259.28	328.86	California	Alameda	35.233306	-120.778333	outside_boundary_exact	California, San Luis Obispo County	Irish Mountains: state park property: shale outcrop on Fire Modification Ridge.	https://lichenportal.org/portal/collections/individual/index.php?occid=2605242
2605245	UCR(temp)	SBBG015645L	Kerry Knudsen	16457-.2	259.28	328.86	California	Alameda	35.233306	-120.778333	outside_boundary_exact	California, San Luis Obispo County	Irish Mountains: state park property: shale outcrop on Fire Modification Ridge.	https://lichenportal.org/portal/collections/individual/index.php?occid=2605245
2605249	UCR(temp)	SBBG023930L	Kerry Knudsen	16453-.2	259.28	328.86	California	Alameda	35.23331	-120.77833	outside_boundary_exact	California, San Luis Obispo County	Irish Mountains: state park property: shale outcrop on Fire Modification Ridge.	https://lichenportal.org/portal/collections/individual/index.php?occid=2605249
2605258	UCR(temp)	UCR-252410	Kerry Knudsen	16451-.3	259.28	328.86	California	Alameda	35.23331	-120.77833	outside_boundary_exact	California, San Luis Obispo County	Irish Mountains: state park property: shale outcrop on Fire Modification Ridge.	https://lichenportal.org/portal/collections/individual/index.php?occid=2605258
3036674	UCR(temp)	UCR-262712	Kerry Knudsen	17648	245.93	542.13	California	Riverside	34.04056	-120.35128	outside_boundary_exact	California, Santa Barbara County	San Miguel Island: near trail to Cuylar Harbor between Lester ranch house and Cabrillo Monument.	https://lichenportal.org/portal/collections/individual/index.php?occid=3036674
3036708	UCR(temp)	UCR-262747	Kerry Knudsen	17649	245.93	542.13	California	Riverside	34.04056	-120.35128	outside_boundary_exact	California, Santa Barbara County	San Miguel Island: near trail to Cuylar Harbor between Lester ranch house and Cabrillo Monument.	https://lichenportal.org/portal/collections/individual/index.php?occid=3036708
2599933	UCR(temp)	SBBG028193L	Kerry Knudsen	10576-.2	225.85	384.27	California	Santa Barbara	34.008889	-123.088611	outside_boundary_exact	not_found_in_US	Santa Rosa Island: Channel Islands National Park: west rim of Cow Canyon above Smith Highway.	https://lichenportal.org/portal/collections/individual/index.php?occid=2599933
2600384	UCR(temp)	SBBG029375L	Kerry Knudsen	11343	223.08	381.46	California	Santa Barbara	34.010278	-123.0575	outside_boundary_exact	not_found_in_US	Santa Rosa Island: Channel Islands National Park: upper edge of Torrey Pine forest.	https://lichenportal.org/portal/collections/individual/index.php?occid=2600384
2594545	UCR(temp)	SBBG090529L	Kerry Knudsen	5760	223	436.68	California	San Bernardino	32.034444	-116.347778	outside_boundary_exact	not_found_in_US	Mojave Desert: Little San Bernardino Mountains: Joshua Tree National Park: Eureka Peak	https://lichenportal.org/portal/collections/individual/index.php?occid=2594545
2594546	UCR(temp)	SBBG090533L	Kerry Knudsen	5741	223	436.68	California	San Bernardino	32.034444	-116.347778	outside_boundary_exact	not_found_in_US	Sonoran (Colorado) Desert: Little San Bernardino Mountains: Joshua Tree National Park: Eureka Peak	https://lichenportal.org/portal/collections/individual/index.php?occid=2594546
2594547	UCR(temp)	SBBG023921L	Kerry Knudsen	5745	223	436.68	California	San Bernardino	32.03444	-116.34778	outside_boundary_exact	not_found_in_US	Little San Bernardino Mountains: Joshua Tree National Park: Eureka Peak	https://lichenportal.org/portal/collections/individual/index.php?occid=2594547
2594548	UCR(temp)	UCR-170739	Kerry Knudsen	5746	223	436.68	California	San Bernardino	32.03444	-116.34778	outside_boundary_exact	not_found_in_US	Little San Bernardino Mountains: Joshua Tree National Park: Eureka Peak	https://lichenportal.org/portal/collections/individual/index.php?occid=2594548
2594549	UCR(temp)	UCR-170748	Kerry Knudsen	5748-.1	223	436.68	California	San Bernardino	32.03444	-116.34778	outside_boundary_exact	not_found_in_US	Little San Bernardino Mountains: Joshua Tree National Park: Eureka Peak	https://lichenportal.org/portal/collections/individual/index.php?occid=2594549
2594551	UCR(temp)	SBBG019211L	Kerry Knudsen	5749	223	436.68	California	San Bernardino	32.03444	-116.34778	outside_boundary_exact	not_found_in_US	Little San Bernardino Mountains: Joshua Tree National Park: Eureka Peak	https://lichenportal.org/portal/collections/individual/index.php?occid=2594551
2594552	UCR(temp)	SBBG090530L	Kerry Knudsen	5750	223	436.68	California	San Bernardino	32.034444	-116.347778	outside_boundary_exact	not_found_in_US	Sonoran (Colorado) Desert: Little San Bernardino Mountains: Joshua Tree National Park: Eureka Peak	https://lichenportal.org/portal/collections/individual/index.php?occid=2594552
2594553	UCR(temp)	SBBG010975L	Kerry Knudsen	5751	223	436.68	California	San Bernardino	32.034444	-116.347778	outside_boundary_exact	not_found_in_US	Sonoran (Colorado) Desert: Little San Bernardino Mountains: Joshua Tree National Park: Eureka Peak (Joshua Tree South)	https://lichenportal.org/portal/collections/individual/index.php?occid=2594553
2594557	UCR(temp)	SBBG010054L	Kerry Knudsen	5752	223	436.68	California	San Bernardino	32.034444	-116.347778	outside_boundary_exact	not_found_in_US	Mojave Desert: Little San Bernardino Mountains: Joshua Tree National Park: Eureka Peak (Joshua Tree South)	https://lichenportal.org/portal/collections/individual/index.php?occid=2594557
2594558	UCR(temp)	SBBG009059L	Kerry Knudsen	5756	223	436.68	California	San Bernardino	32.034444	-116.347778	outside_boundary_exact	not_found_in_US	Sonoran (Colorado Desert): Little San Bernardino Mountains: Joshua Tree National Park: Eureka Peak	https://lichenportal.org/portal/collections/individual/index.php?occid=2594558
2594559	UCR(temp)	SBBG002638L	Kerry Knudsen	5753	223	436.68	California	San Bernardino	32.034444	-116.347778	outside_boundary_exact	not_found_in_US	Sonoran (Colorado) Desert: Little San Bernardino Mountains: Joshua Tree National Park: Eureka Peak	https://lichenportal.org/portal/collections/individual/index.php?occid=2594559
2594562	UCR(temp)	SBBG011042L	Kerry Knudsen	5743	223	436.68	California	San Bernardino	32.034444	-116.347778	outside_boundary_exact	not_found_in_US	Little San Bernardino Mountains: Mojave Desert: Joshua Tree National Park: Eureka Peak (Joshua Tree South)	https://lichenportal.org/portal/collections/individual/index.php?occid=2594562
2596224	UCR(temp)	UCR-178232	Kerry Knudsen	5742	223	436.68	California	San Bernardino	32.03444	-116.34778	outside_boundary_exact	not_found_in_US	Little San Bernardino Mountains: Joshua Tree National Park: Eureka Peak	https://lichenportal.org/portal/collections/individual/index.php?occid=2596224
2593647	UCR(temp)	SBBG022936L	Kerry Knudsen	4382	221.32	473.76	California	San Bernardino	37.784722	-115.659444	outside_boundary_exact	Nevada, Lincoln County	Granite Mountains, UC Reserve, start of Sibyl Alanson Trail	https://lichenportal.org/portal/collections/individual/index.php?occid=2593647
2603964	UCR(temp)	SBBG021156L	Kerry Knudsen	14908-.2	220.7	409.08	California	Santa Barbara	37.042639	-119.568694	outside_boundary_exact	California, Fresno County	Santa Cruz Island: Channel Islands National Park: side canyon off Scorpion Canyon across creek from Scorpion Loop Trail.	https://lichenportal.org/portal/collections/individual/index.php?occid=2603964
2601304	UCR(temp)	SBBG012757L	Kerry Knudsen	12796	213.29	310.2	California	Riverside	35.94058	-116.08739	outside_boundary_exact	California, Inyo County	Joshua Tree National Park: north slope of Malapai Hill: near peak on basalt columns.	https://lichenportal.org/portal/collections/individual/index.php?occid=2601304
2601305	UCR(temp)	SBBG009012L	Kerry Knudsen	12783	213.29	310.2	California	Riverside	35.940583	-116.087389	outside_boundary_exact	California, Inyo County	Mojave Desert: Joshua Tree National Park: north slope of Malapai Hill: near peak on basalt columns.	https://lichenportal.org/portal/collections/individual/index.php?occid=2601305
2601328	UCR(temp)	UCR-220507	Kerry Knudsen	12793	213.29	310.2	California	Riverside	35.94058	-116.08739	outside_boundary_exact	California, Inyo County	Joshua Tree National Park: north slope of Malapai Hill: near peak on basalt columns.	https://lichenportal.org/portal/collections/individual/index.php?occid=2601328
2601329	UCR(temp)	UCR-220510	Kerry Knudsen	12798	213.29	310.2	California	Riverside	35.94058	-116.08739	outside_boundary_exact	California, Inyo County	Joshua Tree National Park: north slope of Malapai Hill: near peak on basalt columns.	https://lichenportal.org/portal/collections/individual/index.php?occid=2601329
2601342	UCR(temp)	SBBG009262L	Kerry Knudsen	12799	213.29	310.2	California	Riverside	35.94058	-116.08739	outside_boundary_exact	California, Inyo County	Mojave Desert: Joshua Tree National Park: north slope of Malapai Hill: near peak on basalt columns. (Malapai Hill)	https://lichenportal.org/portal/collections/individual/index.php?occid=2601342
2601370	UCR(temp)	SBBG009041L	Kerry Knudsen	12790.1	213.29	310.2	California	Riverside	35.940583	-116.087389	outside_boundary_exact	California, Inyo County	Mojave Desert: Joshua Tree National Park: north slope of Malapai Hill: near peak on basalt columns.	https://lichenportal.org/portal/collections/individual/index.php?occid=2601370
2601371	UCR(temp)	UCR-220739	Kerry Knudsen	127900.2	213.29	310.2	California	Riverside	35.94058	-116.08739	outside_boundary_exact	California, Inyo County	Joshua Tree National Park: north slope of Malapai Hill: near peak on basalt columns.	https://lichenportal.org/portal/collections/individual/index.php?occid=2601371
2601372	UCR(temp)	SBBG009062L	Kerry Knudsen	12791.1	213.29	310.2	California	Riverside	35.940583	-116.087389	outside_boundary_exact	California, Inyo County	Mojave Desert: Joshua Tree National Park: north slope of Malapai Hill: near peak on basalt columns.	https://lichenportal.org/portal/collections/individual/index.php?occid=2601372
2601384	UCR(temp)	SBBG024322L	Kerry Knudsen	12794	213.29	310.2	California	Riverside	35.94058	-116.08739	outside_boundary_exact	California, Inyo County	Joshua Tree National Park: north slope of Malapai Hill: near peak on basalt columns.	https://lichenportal.org/portal/collections/individual/index.php?occid=2601384
2601388	UCR(temp)	UCR-220731	Kerry Knudsen	12792	213.29	310.2	California	Riverside	35.94058	-116.08739	outside_boundary_exact	California, Inyo County	Joshua Tree National Park: north slope of Malapai Hill: near peak on basalt columns.	https://lichenportal.org/portal/collections/individual/index.php?occid=2601388
2601403	UCR(temp)	UCR-220564	Kerry Knudsen	12797	213.29	310.2	California	Riverside	35.94058	-116.08739	outside_boundary_exact	California, Inyo County	Joshua Tree National Park: north slope of Malapai Hill: near peak on basalt columns.	https://lichenportal.org/portal/collections/individual/index.php?occid=2601403
2601429	UCR(temp)	UCR-220642	Kerry Knudsen	12784	213.29	310.2	California	Riverside	35.94058	-116.08739	outside_boundary_exact	California, Inyo County	Joshua Tree National Park: north slope of Malapai Hill: near peak on basalt columns.	https://lichenportal.org/portal/collections/individual/index.php?occid=2601429
2601438	UCR(temp)	UCR-220645	Kerry Knudsen	12789	213.29	310.2	California	Riverside	35.94058	-116.08739	outside_boundary_exact	California, Inyo County	Joshua Tree National Park: north slope of Malapai Hill: near peak on basalt columns.	https://lichenportal.org/portal/collections/individual/index.php?occid=2601438
2601444	UCR(temp)	UCR-220617	Kerry Knudsen	127950.1	213.29	310.2	California	Riverside	35.94058	-116.08739	outside_boundary_exact	California, Inyo County	Joshua Tree National Park: north slope of Malapai Hill: near peak on basalt columns.	https://lichenportal.org/portal/collections/individual/index.php?occid=2601444
2601445	UCR(temp)	UCR-220618	Kerry Knudsen	127950.2	213.29	310.2	California	Riverside	35.94058	-116.08739	outside_boundary_exact	California, Inyo County	Joshua Tree National Park: north slope of Malapai Hill: near peak on basalt columns.	https://lichenportal.org/portal/collections/individual/index.php?occid=2601445
2601446	UCR(temp)	UCR-220613	Kerry Knudsen	127950.3	213.29	310.2	California	Riverside	35.94058	-116.08739	outside_boundary_exact	California, Inyo County	Joshua Tree National Park: north slope of Malapai Hill: near peak on basalt columns.	https://lichenportal.org/portal/collections/individual/index.php?occid=2601446
2601687	UCR(temp)	UCR-221119	Kerry Knudsen	12800	213.29	310.2	California	Riverside	35.94058	-116.08739	outside_boundary_exact	California, Inyo County	Joshua Tree National Park: north slope of Malapai Hill: near peak on basalt columns.	https://lichenportal.org/portal/collections/individual/index.php?occid=2601687
2601919	UCR(temp)	SBBG009347L	Kerry Knudsen	12785	213.29	310.2	California	Riverside	35.94058	-116.08739	outside_boundary_exact	California, Inyo County	Mojave Desert: Joshua Tree National Park: north slope of Malapai Hill: near peak on basalt columns. (Malapai Hill)	https://lichenportal.org/portal/collections/individual/index.php?occid=2601919
2602107	UCR(temp)	SBBG090414L	Kerry Knudsen	12787	213.29	310.2	California	Riverside	35.940583	-116.087389	outside_boundary_exact	California, Inyo County	Mojave Desert: Joshua Tree National Park: north slope of Malapai Hill: near peak on basalt columns.	https://lichenportal.org/portal/collections/individual/index.php?occid=2602107
2602218	UCR(temp)	SBBG009930L	Kerry Knudsen	12788	213.29	310.2	California	Riverside	35.940583	-116.087389	outside_boundary_exact	California, Inyo County	Mojave Desert: Joshua Tree National Park: north slope of Malapai Hill: near peak on basalt columns. (Malapai Hill)	https://lichenportal.org/portal/collections/individual/index.php?occid=2602218
5644373	UCR(temp)	SBBG012998L	Kerry Knudsen	12783A	213.29	310.2	California	Riverside	35.940583	-116.087389	outside_boundary_exact	California, Inyo County	Mojave Desert: Joshua Tree National Park: north slope of Malapai Hill: near peak on basalt columns.	https://lichenportal.org/portal/collections/individual/index.php?occid=5644373
2599480	UCR(temp)	UCR-196140	Kerry Knudsen	10306	211.39	279.67	California	Orange	35.83417	-117.68278	outside_boundary_exact	California, Inyo County	Santa Ana Mountains: north side of Fremont Canyon: sandstone outcrops near border with national forest	https://lichenportal.org/portal/collections/individual/index.php?occid=2599480
2599482	UCR(temp)	SBBG005837L	Kerry Knudsen	10311	211.39	279.67	California	Orange	35.834167	-117.682778	outside_boundary_exact	California, Inyo County	Peninsular Range: Santa Ana Mountains: north side of Fremont Canyon: sandstone outcrops near border with national forest	https://lichenportal.org/portal/collections/individual/index.php?occid=2599482
2599483	UCR(temp)	SBBG018175L	Kerry Knudsen	10309	211.39	279.67	California	Orange	35.834167	-117.682778	outside_boundary_exact	California, Inyo County	Santa Ana Mountains: north side of Fremont Canyon: sandstone outcrops near border with national forest	https://lichenportal.org/portal/collections/individual/index.php?occid=2599483
2599484	UCR(temp)	SBBG024388L	Kerry Knudsen	10300	211.39	279.67	California	Orange	35.834167	-117.682778	outside_boundary_exact	California, Inyo County	Santa Ana Mountains: north side of Fremont Canyon: sandstone outcrops near border with national forest	https://lichenportal.org/portal/collections/individual/index.php?occid=2599484
2599492	UCR(temp)	UCR-196193	Kerry Knudsen	10310	211.39	279.67	California	Orange	35.83417	-117.68278	outside_boundary_exact	California, Inyo County	Santa Ana Mountains: north side of Fremont Canyon: sandstone outcrops near border with national forest	https://lichenportal.org/portal/collections/individual/index.php?occid=2599492
2599496	UCR(temp)	SBBG024387L	Kerry Knudsen	10308	211.39	279.67	California	Orange	35.834167	-117.682778	outside_boundary_exact	California, Inyo County	Santa Ana Mountains: north side of Fremont Canyon: sandstone outcrops near border with national forest	https://lichenportal.org/portal/collections/individual/index.php?occid=2599496
2601670	UCR(temp)	SBBG012750L	Kerry Knudsen	13329-.1	210.6	508.28	California	Riverside	33.995111	-112.138278	outside_boundary_exact	Arizona, Maricopa County	Joshua Tree National Park: Saddle Rock.	https://lichenportal.org/portal/collections/individual/index.php?occid=2601670
2599729	UCR(temp)	UCR-200838	Kerry Knudsen	10929	206.11	321.26	California	Ventura	32.66639	-117.24472	outside_boundary_exact	not_found_in_US	Point Loma: Cabrillo National Monument: tidepools.	https://lichenportal.org/portal/collections/individual/index.php?occid=2599729
2599728	UCR(temp)	UCR-200837	Kerry Knudsen	10930	205.78	320.46	California	Ventura	32.67528	-117.245	outside_boundary_exact	California, San Diego County	Point Loma: Cabrillo National Monument: tidepools.	https://lichenportal.org/portal/collections/individual/index.php?occid=2599728
2599754	UCR(temp)	UCR-200944	Kerry Knudsen	10927	205.78	320.46	California	Ventura	32.67528	-117.245	outside_boundary_exact	California, San Diego County	Point Loma: Cabrillo National Monument: tidepools.	https://lichenportal.org/portal/collections/individual/index.php?occid=2599754
2599755	UCR(temp)	UCR-200945	Kerry Knudsen	10928	205.78	320.46	California	Ventura	32.67528	-117.245	outside_boundary_exact	California, San Diego County	Point Loma: Cabrillo National Monument: tidepools.	https://lichenportal.org/portal/collections/individual/index.php?occid=2599755
2596025	UCR(temp)	SBBG024030L	Kerry Knudsen	6807	193.86	343.83	California	Santa Barbara	32.04444	-120.35583	outside_boundary_exact	not_found_in_US	San Miguel Island: trail to Lester Point.	https://lichenportal.org/portal/collections/individual/index.php?occid=2596025
2602310	UCR(temp)	SBBG002943L	Kerry Knudsen	13624	186.14	271.07	California	San Benito	36.369722	-123.644444	outside_boundary_exact	not_found_in_US	Coast Range: Clear Creek Management Area. Summit of San Benito Mountain.	https://lichenportal.org/portal/collections/individual/index.php?occid=2602310
2596293	UCR(temp)	SBBG003096L	Kerry Knudsen	6810	185.66	343.09	California	Santa Barbara	32.044444	-120.205833	outside_boundary_exact	not_found_in_US	San Miguel Island: trail to Lester Point.	https://lichenportal.org/portal/collections/individual/index.php?occid=2596293
2590256	UCR(temp)	SBBG021621L	A.C. Sanders	27190	184.4	519.35	California	San Bernardino	34.119444	-119.807222	outside_boundary_exact	not_found_in_US	San Gorgonio Wilderness Area, Fish Creek Trail between Grinnell Mtn. and Lake Peak	https://lichenportal.org/portal/collections/individual/index.php?occid=2590256
2590090	UCR(temp)	UCR-134883	R.E. Riefner, Jr.	20--359	183.32	250.19	California	Orange	35.57	-117.509	outside_boundary_exact	California, San Bernardino County	Aliso Canyon, along Aliso Creek near Hwy 1.	https://lichenportal.org/portal/collections/individual/index.php?occid=2590090
2590582	UCR(temp)	UCR-135328	R.E. Riefner, Jr.	20--356	183.32	250.19	California	Orange	35.57	-117.509	outside_boundary_exact	California, San Bernardino County	Aliso Canyon, along Aliso Creek near Hwy 1.	https://lichenportal.org/portal/collections/individual/index.php?occid=2590582
2591014	UCR(temp)	SBBG028103L	R.E. Riefner, Jr.	20--357	183.32	250.19	California	Orange	35.57	-117.509	outside_boundary_exact	California, San Bernardino County	Aliso Canyon, along Aliso Creek near Hwy 1.	https://lichenportal.org/portal/collections/individual/index.php?occid=2591014
2592432	UCR(temp)	SBBG090196L	R.E. Riefner, Jr.	20-358	183.32	250.19	California	Orange	35.57	-117.509	outside_boundary_exact	California, San Bernardino County	Aliso Canyon, along Aliso Creek near Hwy 1.	https://lichenportal.org/portal/collections/individual/index.php?occid=2592432
2593810	UCR(temp)	SBBG013361L	Kerry Knudsen	4678-.1	178.94	277.52	California	San Luis Obispo	33.368889	-120.8675	outside_boundary_exact	not_found_in_US	Morro Rock, state park property	https://lichenportal.org/portal/collections/individual/index.php?occid=2593810
2590181	UCR(temp)	SBBG012587L	R.E. Riefner, Jr.	98--84	178.89	277.47	California	San Luis Obispo	33.369444	-120.867778	outside_boundary_exact	not_found_in_US	Morro Rock Reserve, Estero Bay	https://lichenportal.org/portal/collections/individual/index.php?occid=2590181
2604372	UCR(temp)	SBBG022230L	Kerry Knudsen	15913	161.76	313.92	California	Kern	33.371278	-118.442083	outside_boundary_exact	California, Los Angeles County	Southern Sierra Nevada Mountains. Caliente Ranch (Nature Conservancy property): St. Cander Road.	https://lichenportal.org/portal/collections/individual/index.php?occid=2604372
2604373	UCR(temp)	SBBG013419L	Kerry Knudsen	15917	161.76	313.92	California	Kern	33.371278	-118.442083	outside_boundary_exact	California, Los Angeles County	Southern Sierra Nevada Mountains. Caliente Ranch (Nature Conservancy property): St. Cander Road.	https://lichenportal.org/portal/collections/individual/index.php?occid=2604373
2604385	UCR(temp)	UCR-242221	Kerry Knudsen	15912	161.76	313.92	California	Kern	33.37128	-118.44208	outside_boundary_exact	California, Los Angeles County	Southern Sierra Nevada Mountains. Caliente Ranch (Nature Conservancy property): St. Cander Road.	https://lichenportal.org/portal/collections/individual/index.php?occid=2604385
2604394	UCR(temp)	SBBG020532L	Kerry Knudsen	15914	161.76	313.92	California	Kern	33.37128	-118.44208	outside_boundary_exact	California, Los Angeles County	Southern Sierra Nevada Mountains. Caliente Ranch (Nature Conservancy property): St. Cander Road.	https://lichenportal.org/portal/collections/individual/index.php?occid=2604394
2601135	UCR(temp)	SBBG027885L	Kerry Knudsen	12100	159.06	259.59	California	San Luis Obispo	33.591944	-121.114167	outside_boundary_exact	not_found_in_US	San Simeon: San Simeon State Park: south slope above San Simeon Creek.	https://lichenportal.org/portal/collections/individual/index.php?occid=2601135
2591583	UCR(temp)	SBBG004809L	Kerry Knudsen	1963.2	155.94	266.94	California	Ventura	34.1211	-116.93415	outside_boundary_exact	California, San Bernardino County	Transverse Range: Santa Monica Mountains: below Sandstone Peak	https://lichenportal.org/portal/collections/individual/index.php?occid=2591583
2599315	UCR(temp)	SBBG005927L	Kerry Knudsen	10111	155.82	256.77	California	San Luis Obispo	33.663889	-121.262778	outside_boundary_exact	not_found_in_US	Central Coast: San Simeon State Park: San Simeon Bay: south of Piedras Blancas Lighthouse; below parking lot north of Elephant Seal Vista	https://lichenportal.org/portal/collections/individual/index.php?occid=2599315
2600294	UCR(temp)	SBBG018787L	Kerry Knudsen	11147	155.07	451.37	California	Riverside	34.015556	-119.359722	outside_boundary_exact	California, Ventura County	East Anacapa Island: Channel Islands National Park: near lighthouse	https://lichenportal.org/portal/collections/individual/index.php?occid=2600294
2605288	UCR(temp)	UCR-252331	Kerry Knudsen	16581	151.27	291.9	California	Los Angeles	33.01836	-116.58933	outside_boundary_exact	California, San Diego County	San Clemenete Island: Swat 3 revegetation area	https://lichenportal.org/portal/collections/individual/index.php?occid=2605288
2595155	UCR(temp)	SBBG023062L	Kerry Knudsen	6502	147.77	248.69	California	San Luis Obispo	33.763056	-121.321944	outside_boundary_exact	not_found_in_US	San Simeon State Park, San Carpoforo Creek: south side of creek: east of Hwy 1	https://lichenportal.org/portal/collections/individual/index.php?occid=2595155
2592361	UCR(temp)	SBBG090622L	Kerry Knudsen	2146	143.24	380.77	California	Los Angeles	36.102692	-117.702189	outside_boundary_exact	California, Inyo County	Claremont: Bernard Biological Field Station: base of San Gabriel Mountains.	https://lichenportal.org/portal/collections/individual/index.php?occid=2592361
2595790	UCR(temp)	UCR-175838	Kerry Knudsen	7154	141.96	333.72	California	Ventura	36.11222	-118.91639	outside_boundary_exact	California, Tulare County	Santa Monica Mountains: above Little Sycamore Canyon Road: NPS land: volcanic rock beds and outcrops	https://lichenportal.org/portal/collections/individual/index.php?occid=2595790
2595791	UCR(temp)	UCR-175831	Kerry Knudsen	7155	141.96	333.72	California	Ventura	36.11222	-118.91639	outside_boundary_exact	California, Tulare County	Santa Monica Mountains: above Little Sycamore Canyon Road: NPS land: volcanic rock beds and outcrops	https://lichenportal.org/portal/collections/individual/index.php?occid=2595791
2595792	UCR(temp)	SBBG012736L	Kerry Knudsen	7153	141.96	333.72	California	Ventura	36.112222	-118.916389	outside_boundary_exact	California, Tulare County	Santa Monica Mountains: above Little Sycamore Canyon Road: NPS land: volcanic rock beds and outcrops	https://lichenportal.org/portal/collections/individual/index.php?occid=2595792
2593299	UCR(temp)	SBBG006886L	Kerry Knudsen	4006	141.86	333.44	California	Ventura	36.107778	-118.9025	outside_boundary_exact	California, Tulare County	Santa Monica Mountains: Party Rock high above Carlisle Valley.	https://lichenportal.org/portal/collections/individual/index.php?occid=2593299
2593300	UCR(temp)	SBBG012733L	Kerry Knudsen	4002	141.86	333.44	California	Ventura	36.107778	-118.9025	outside_boundary_exact	California, Tulare County	Santa Monica Mountains: Party Rock high above Carlisle Valley.	https://lichenportal.org/portal/collections/individual/index.php?occid=2593300
2593302	UCR(temp)	UCR-161183	Kerry Knudsen	4003-.2	141.86	333.44	California	Ventura	36.10778	-118.9025	outside_boundary_exact	California, Tulare County	Santa Monica Mountains: Party Rock high above Carlisle Valley.	https://lichenportal.org/portal/collections/individual/index.php?occid=2593302
2593303	UCR(temp)	UCR-161179	Kerry Knudsen	4004	141.86	333.44	California	Ventura	36.10778	-118.9025	outside_boundary_exact	California, Tulare County	Santa Monica Mountains: Party Rock high above Carlisle Valley.	https://lichenportal.org/portal/collections/individual/index.php?occid=2593303
2593304	UCR(temp)	UCR-161158	Kerry Knudsen	4003-.3	141.86	333.44	California	Ventura	36.10778	-118.9025	outside_boundary_exact	California, Tulare County	Santa Monica Mountains: Party Rock high above Carlisle Valley.	https://lichenportal.org/portal/collections/individual/index.php?occid=2593304
2593307	UCR(temp)	UCR-161177	Kerry Knudsen	4005	141.86	333.44	California	Ventura	36.10778	-118.9025	outside_boundary_exact	California, Tulare County	Santa Monica Mountains: Party Rock high above Carlisle Valley.	https://lichenportal.org/portal/collections/individual/index.php?occid=2593307
2596231	UCR(temp)	UCR-164030	Kerry Knudsen	4095-.1	141.86	333.44	California	Ventura	36.10778	-118.9025	outside_boundary_exact	California, Tulare County	Santa Monica Mountains: Party Rock above Carlisle Valley	https://lichenportal.org/portal/collections/individual/index.php?occid=2596231
2596246	UCR(temp)	SBBG002516L	Kerry Knudsen	4092	141.86	333.44	California	Ventura	36.107778	-118.9025	outside_boundary_exact	California, Tulare County	Transverse Range: Santa Monica Mountains: Party Rock above Carlisle Valley	https://lichenportal.org/portal/collections/individual/index.php?occid=2596246
2596247	UCR(temp)	UCR-164029	Kerry Knudsen	4904-.2	141.86	333.44	California	Ventura	36.10778	-118.9025	outside_boundary_exact	California, Tulare County	Santa Monica Mountains: Party Rock above Carlisle Valley	https://lichenportal.org/portal/collections/individual/index.php?occid=2596247
2596268	UCR(temp)	SBBG006024L	Kerry Knudsen	4091	141.86	333.44	California	Ventura	36.107778	-118.9025	outside_boundary_exact	California, Tulare County	Transverse Range: Santa Monica Mountains: Party Rock above Carlisle Valley	https://lichenportal.org/portal/collections/individual/index.php?occid=2596268
2596322	UCR(temp)	UCR-164018	Kerry Knudsen	4090	141.86	333.44	California	Ventura	36.10778	-118.9025	outside_boundary_exact	California, Tulare County	Santa Monica Mountains: Party Rock above Carlisle Valley	https://lichenportal.org/portal/collections/individual/index.php?occid=2596322
5070485	UCR(temp)	SBBG090329L	K. Knudsen	4004	141.86	333.44	California	Ventura	36.107778	-118.9025	outside_boundary_exact	California, Tulare County	Transverse Range: Santa Monica Mountains: Party Rock high above Carlisle Valley.	https://lichenportal.org/portal/collections/individual/index.php?occid=5070485
2592600	UCR(temp)	SBBG024042L	Kerry Knudsen	2658-.1	131.6	252.66	California	San Diego	34.678056	-117.240278	outside_boundary_exact	California, San Bernardino County	South Coast: Point Loma: Cabrillo National Monument: along Bayside Trail	https://lichenportal.org/portal/collections/individual/index.php?occid=2592600
2599197	UCR(temp)	SBBG004818L	Kerry Knudsen	1012	130.67	251.81	California	San Diego	34.669722	-117.240278	outside_boundary_exact	California, San Bernardino County	South Coast: Point Loma: Cabrillo National Monument: coastal bluffs below Gatchel Rd, near 2nd parking lot.	https://lichenportal.org/portal/collections/individual/index.php?occid=2599197
2596732	UCR(temp)	SBBG018721L	Kerry Knudsen	8282	130.08	361.22	California	Los Angeles	35.981111	-118.422778	outside_boundary_exact	California, Tulare County	Ballona Creek: south levee with northern exposure, e/o 90, shaded by freeway bridge part of the day, w/o confluence of Centinela Creek	https://lichenportal.org/portal/collections/individual/index.php?occid=2596732
2596735	UCR(temp)	SBBG004867L	Kerry Knudsen	8280	129.04	360.16	California	Los Angeles	35.971667	-118.437222	outside_boundary_exact	California, Tulare County	Intertidal Zone: Ballona Creek: south levee: near Culver Blvd. bridge.	https://lichenportal.org/portal/collections/individual/index.php?occid=2596735
2596736	UCR(temp)	UCR-182943A	Kerry Knudsen	8281	129.04	360.17	California	Los Angeles	35.97167	-118.43722	outside_boundary_exact	California, Tulare County	Ballona Creek: south levee with northern exposure: near Culver Blvd. bridge.	https://lichenportal.org/portal/collections/individual/index.php?occid=2596736
2592213	UCR(temp)	SBBG004417L	Kerry Knudsen	4287	124.3	297.78	California	Santa Barbara	32.462222	-119.767778	outside_boundary_exact	not_found_in_US	Central Coast: Santa Barbara, Bridle Ridge, east of San Antonio Creek at the end of Via Chaparral	https://lichenportal.org/portal/collections/individual/index.php?occid=2592213
2592214	UCR(temp)	SBBG013341L	Kerry Knudsen	4280	124.3	297.78	California	Santa Barbara	32.462222	-119.767778	outside_boundary_exact	not_found_in_US	Santa Barbara, Bridle Ridge, east of San Antonio Creek at the end of Via Chaparral	https://lichenportal.org/portal/collections/individual/index.php?occid=2592214
2592215	UCR(temp)	SBBG004259L	Kerry Knudsen	4249	124.3	297.78	California	Santa Barbara	32.462222	-119.767778	outside_boundary_exact	not_found_in_US	Central Coast: Santa Barbara, Bridle Ridge, east of San Antonio Creek at the end of Via Chaparral	https://lichenportal.org/portal/collections/individual/index.php?occid=2592215
2592216	UCR(temp)	SBBG010498L	Kerry Knudsen	4284	124.3	297.78	California	Santa Barbara	32.462222	-119.767778	outside_boundary_exact	not_found_in_US	Central Coast: Santa Barbara, Bridle Ridge, east of San Antonio Creek at the end of Via Chaparral (Goleta)	https://lichenportal.org/portal/collections/individual/index.php?occid=2592216
2592217	UCR(temp)	SBBG023117L	Kerry Knudsen	4285	124.3	297.78	California	Santa Barbara	32.462222	-119.767778	outside_boundary_exact	not_found_in_US	Santa Barbara, Bridle Ridge, east of San Antonio Creek at the end of Via Chaparral	https://lichenportal.org/portal/collections/individual/index.php?occid=2592217
2592220	UCR(temp)	SBBG005011L	Kerry Knudsen	4290.1	124.3	297.78	California	Santa Barbara	32.462222	-119.767778	outside_boundary_exact	not_found_in_US	Central Coast: Santa Barbara, Bridle Ridge, east of San Antonio Creek at the end of Via Chaparral	https://lichenportal.org/portal/collections/individual/index.php?occid=2592220
2592221	UCR(temp)	SBBG010392L	Kerry Knudsen	4266	124.3	297.78	California	Santa Barbara	32.462222	-119.767778	outside_boundary_exact	not_found_in_US	Central Coast: Santa Barbara, Bridle Ridge, east of San Antonio Creek at the end of Via Chaparral (Goleta)	https://lichenportal.org/portal/collections/individual/index.php?occid=2592221
2592222	UCR(temp)	SBBG004234L	Kerry Knudsen	4268	124.3	297.78	California	Santa Barbara	32.462222	-119.767778	outside_boundary_exact	not_found_in_US	Central Coast: Santa Barbara, Bridle Ridge, east of San Antonio Creek at the end of Via Chaparral	https://lichenportal.org/portal/collections/individual/index.php?occid=2592222
2592223	UCR(temp)	SBBG005875L	Kerry Knudsen	4274	124.3	297.78	California	Santa Barbara	32.462222	-119.767778	outside_boundary_exact	not_found_in_US	Central Coast: Santa Barbara, E of San Antonio Creek at the end of Via Chaparral	https://lichenportal.org/portal/collections/individual/index.php?occid=2592223
2592226	UCR(temp)	SBBG022077L	Kerry Knudsen	4292	124.3	297.78	California	Santa Barbara	32.462222	-119.767778	outside_boundary_exact	not_found_in_US	Santa Barbara, Bridle Ridge, east of San Antonio Creek at the end of Via Chaparral	https://lichenportal.org/portal/collections/individual/index.php?occid=2592226
2592229	UCR(temp)	SBBG025403L	Kerry Knudsen	4265-.1	124.3	297.78	California	Santa Barbara	32.462222	-119.767778	outside_boundary_exact	not_found_in_US	Central Coast: Santa Barbara; Bridle Ridge, east of San Antonio Creek at the end of Via Chaparral.	https://lichenportal.org/portal/collections/individual/index.php?occid=2592229
2592231	UCR(temp)	SBBG005017L	Kerry Knudsen	4265.2	124.3	297.78	California	Santa Barbara	32.462222	-119.767778	outside_boundary_exact	not_found_in_US	Central Coast: Santa Barbara, Bridle Ridge, east of San Antonio Creek at the end of Via Chaparral	https://lichenportal.org/portal/collections/individual/index.php?occid=2592231
2592236	UCR(temp)	SBBG004872L	Kerry Knudsen	4275	124.3	297.78	California	Santa Barbara	32.462222	-119.767778	outside_boundary_exact	not_found_in_US	Central Coast: Santa Barbara, Bridle Ridge, E of San Antonio Creek at the end of Via Chaparral	https://lichenportal.org/portal/collections/individual/index.php?occid=2592236
2592237	UCR(temp)	SBBG002536L	Kerry Knudsen	4288.2	124.3	297.78	California	Santa Barbara	32.462222	-119.767778	outside_boundary_exact	not_found_in_US	Central Coast: Santa Barbara, Bridle Ridge, east of San Antonio Creek at the end of Via Chaparral	https://lichenportal.org/portal/collections/individual/index.php?occid=2592237
2592238	UCR(temp)	SBBG005162L	Kerry Knudsen	4288.3	124.3	297.78	California	Santa Barbara	32.462222	-119.767778	outside_boundary_exact	not_found_in_US	Coastal Coast: Santa Barbara, E of San Antonio Creek at the end of Via Chaparral	https://lichenportal.org/portal/collections/individual/index.php?occid=2592238
2592239	UCR(temp)	SBBG004248L	Kerry Knudsen	4262.1	124.3	297.78	California	Santa Barbara	32.462222	-119.767778	outside_boundary_exact	not_found_in_US	Central Coast: Santa Barbara, Bridle Ridge, east of San Antonio Creek at the end of Via Chaparral	https://lichenportal.org/portal/collections/individual/index.php?occid=2592239
2592240	UCR(temp)	SBBG010476L	Kerry Knudsen	4256	124.3	297.78	California	Santa Barbara	32.462222	-119.767778	outside_boundary_exact	not_found_in_US	Central Coast: Santa Barbara, Bridle Ridge, east of San Antonio Creek at the end of Via Chaparral (Goleta)	https://lichenportal.org/portal/collections/individual/index.php?occid=2592240
2592246	UCR(temp)	SBBG007037L	Kerry Knudsen	4296.1	124.3	297.78	California	Santa Barbara	32.462222	-119.767778	outside_boundary_exact	not_found_in_US	Central Coast: Santa Barbara, east of San Antonio Creek at the end of Via Chaparral	https://lichenportal.org/portal/collections/individual/index.php?occid=2592246
2592250	UCR(temp)	SBBG013427L	Kerry Knudsen	4261	124.3	297.78	California	Santa Barbara	32.462222	-119.767778	outside_boundary_exact	not_found_in_US	Santa Barbara, Bridle Ridge, east of San Antonio Creek at the end of Via Chaparral	https://lichenportal.org/portal/collections/individual/index.php?occid=2592250
2592256	UCR(temp)	SBBG010491L	Kerry Knudsen	4248	124.3	297.78	California	Santa Barbara	32.462222	-119.767778	outside_boundary_exact	not_found_in_US	Central Coast: Santa Barbara, Bridle Ridge, east of San Antonio Creek at the end of Via Chaparral	https://lichenportal.org/portal/collections/individual/index.php?occid=2592256
2592258	UCR(temp)	SBBG013426L	Kerry Knudsen	4260-.2	124.3	297.78	California	Santa Barbara	32.462222	-119.767778	outside_boundary_exact	not_found_in_US	Santa Barbara, Bridle Ridge, east of San Antonio Creek at the end of Via Chaparral	https://lichenportal.org/portal/collections/individual/index.php?occid=2592258
2592259	UCR(temp)	SBBG005160L	Kerry Knudsen	4260.3	124.3	297.78	California	Santa Barbara	32.462222	-119.767778	outside_boundary_exact	not_found_in_US	Central Coast: Santa Barbara, E of San Antonio Creek at the end of Via Chaparral	https://lichenportal.org/portal/collections/individual/index.php?occid=2592259
2592261	UCR(temp)	SBBG010492L	Kerry Knudsen	4268.2	124.3	297.78	California	Santa Barbara	32.462222	-119.767778	outside_boundary_exact	not_found_in_US	Central Coast: Santa Barbara, Bridle Ridge, east of San Antonio Creek at the end of Via Chaparral (Goleta)	https://lichenportal.org/portal/collections/individual/index.php?occid=2592261
2592262	UCR(temp)	SBBG010898L	Kerry Knudsen	4264.1	124.3	297.78	California	Santa Barbara	32.462222	-119.767778	outside_boundary_exact	not_found_in_US	Central Coast: Santa Barbara, Bridle Ridge, east of San Antonio Creek at the end of Via Chaparral (Goleta)	https://lichenportal.org/portal/collections/individual/index.php?occid=2592262
2592263	UCR(temp)	SBBG004251L	Kerry Knudsen	4264.2	124.3	297.78	California	Santa Barbara	32.462222	-119.767778	outside_boundary_exact	not_found_in_US	Central Coast: Santa Barbara, Bridle Ridge, east of San Antonio Creek at the end of Via Chaparral	https://lichenportal.org/portal/collections/individual/index.php?occid=2592263
2593378	UCR(temp)	SBBG023201L	Kerry Knudsen	4269-.1	124.3	297.78	California	Santa Barbara	32.462222	-119.767778	outside_boundary_exact	not_found_in_US	Santa Barbara, Bridle Ridge, east of San Antonio Creek at the end of Via Chaparral	https://lichenportal.org/portal/collections/individual/index.php?occid=2593378
2597926	UCR(temp)	SBBG007305L	Kerry Knudsen	4259-2	124.3	297.78	California	Santa Barbara	32.462222	-119.767778	outside_boundary_exact	not_found_in_US	Bridle Ridge, east of San Antonio Creek at the end of Via Chaparral	https://lichenportal.org/portal/collections/individual/index.php?occid=2597926
2603329	UCR(temp)	SBBG009361L	Stephen Sharnoff	1598-.35	107.53	218.61	California	Riverside	34.99583	-116.06528	outside_boundary_exact	California, San Bernardino County	Mojave Desert: Joshua Tree National Park: between Belle Campground and Jumbo Rocks. (Malapai Hill)	https://lichenportal.org/portal/collections/individual/index.php?occid=2603329
2605205	UCR(temp)	SBBG019012L	Kerry Knudsen	16636	105.67	344.41	California	Los Angeles	31.802111	-118.424833	outside_boundary_exact	not_found_in_US	San Clemente Island: China Point	https://lichenportal.org/portal/collections/individual/index.php?occid=2605205
2591250	UCR(temp)	SBBG004374L	Kerry Knudsen	1999	100.68	395.58	California	Riverside	34.068889	-118.752222	outside_boundary_exact	California, Los Angeles County	Peninsular Range: Santa Jacinto Mountains: Pinyon Flats	https://lichenportal.org/portal/collections/individual/index.php?occid=2591250
2591289	UCR(temp)	SBBG021625L	Kerry Knudsen	1991	100.68	395.58	California	Riverside	34.068889	-118.752222	outside_boundary_exact	California, Los Angeles County	San Jacinto Mountains: North fork of San Jacinto River	https://lichenportal.org/portal/collections/individual/index.php?occid=2591289
2591420	UCR(temp)	SBBG002647L	Kerry Knudsen	1992	100.68	395.58	California	Riverside	34.068889	-118.752222	outside_boundary_exact	California, Los Angeles County	Peninsular Range: San Jacinto Mountains: North fork of San Jacinto River	https://lichenportal.org/portal/collections/individual/index.php?occid=2591420
2592363	UCR(temp)	SBBG002537L	Kerry Knudsen	1987	100.67	395.57	California	Riverside	34.068783	-118.752117	outside_boundary_exact	California, Los Angeles County	San Jacinto Mountains: North fork of San Jacinto River	https://lichenportal.org/portal/collections/individual/index.php?occid=2592363
2599706	UCR(temp)	SBBG016785L	Kerry Knudsen	10626	97.6	302.99	California	Santa Barbara	35.986389	-120.063333	outside_boundary_exact	California, Kings County	Santa Rosa Island: Channel Islands National Park: fork of Cherry Canyon	https://lichenportal.org/portal/collections/individual/index.php?occid=2599706
2597841	UCR(temp)	SBBG007636L	Kerry Knudsen	8967	93.38	235.55	California	Santa Barbara	33.007222	-120.049722	outside_boundary_exact	not_found_in_US	Transverse Range: Santa Rosa Island: the Ranch: the corrals.	https://lichenportal.org/portal/collections/individual/index.php?occid=2597841
2597849	UCR(temp)	SBBG004644L	Kerry Knudsen	8980	93.38	235.55	California	Santa Barbara	33.007222	-120.049722	outside_boundary_exact	not_found_in_US	Transverse Range: Santa Rosa Island: the Ranch: the corrals.	https://lichenportal.org/portal/collections/individual/index.php?occid=2597849
3036817	UCR(temp)	UCR-264139	Kerry Knudsen	17891	88.9	236.64	California	Inyo	37.33183	-116.18531	outside_boundary_exact	Nevada, Nye County	White Mountains: Inyo National Forest: 35E313	https://lichenportal.org/portal/collections/individual/index.php?occid=3036817
3036822	UCR(temp)	SBBG007301L	Kerry Knudsen	17815	88.9	236.64	California	Inyo	37.331833	-116.185306	outside_boundary_exact	Nevada, Nye County	Basin and Range Province: White Mountains: Inyo National Forest: 35E313	https://lichenportal.org/portal/collections/individual/index.php?occid=3036822
3036829	UCR(temp)	SBBG025420L	Kerry Knudsen	17884	88.9	236.64	California	Inyo	37.331833	-116.185306	outside_boundary_exact	Nevada, Nye County	Basin and Range Province: White Mountains: Inyo National Forest: 35E313.	https://lichenportal.org/portal/collections/individual/index.php?occid=3036829
3036841	UCR(temp)	SBBG024491L	Kerry Knudsen	17890-.1	88.9	236.64	California	Inyo	37.33183	-116.18531	outside_boundary_exact	Nevada, Nye County	White Mountains: Inyo National Forest: 35E313	https://lichenportal.org/portal/collections/individual/index.php?occid=3036841
3036860	UCR(temp)	UCR-264182	Kerry Knudsen	17890-.2	88.9	236.64	California	Inyo	37.33183	-116.18531	outside_boundary_exact	Nevada, Nye County	White Mountains: Inyo National Forest: 35E313	https://lichenportal.org/portal/collections/individual/index.php?occid=3036860
2593633	UCR(temp)	SBBG011773L	Kerry Knudsen	4151	87.69	170.35	California	San Benito	35.484722	-121.1675	outside_boundary_exact	not_found_in_US	Pinnacles National Monument, along Chalone Creek	https://lichenportal.org/portal/collections/individual/index.php?occid=2593633
2594727	UCR(temp)	SBBG007004L	Kerry Knudsen	5915	87.42	199.26	California	San Diego	34.209444	-116.48	outside_boundary_exact	California, San Bernardino County	Colorado Desert: Anza Borrego State Park: near Ranchita	https://lichenportal.org/portal/collections/individual/index.php?occid=2594727
2593286	UCR(temp)	SBBG019552L	Kerry Knudsen	3752	84.58	326.6	California	Los Angeles	32.037778	-118.748889	outside_boundary_exact	not_found_in_US	Santa Monica Mountains: Malibu: Solstice Canyon County Park.	https://lichenportal.org/portal/collections/individual/index.php?occid=2593286
2596048	UCR(temp)	UCR-176847	Kerry Knudsen	7347	84.48	319.24	California	Santa Barbara	35.64361	-121.1925	outside_boundary_exact	California, San Luis Obispo County	San Simeon State Park: near Rangers Station.	https://lichenportal.org/portal/collections/individual/index.php?occid=2596048
2596134	UCR(temp)	UCR-177550	Kerry Knudsen	7285	84.48	319.24	California	Santa Barbara	35.64361	-121.1925	outside_boundary_exact	California, San Luis Obispo County	San Simeon State Park: near Rangers Station.	https://lichenportal.org/portal/collections/individual/index.php?occid=2596134
2596135	UCR(temp)	UCR-177552	Kerry Knudsen	7321	84.48	319.24	California	Santa Barbara	35.64361	-121.1925	outside_boundary_exact	California, San Luis Obispo County	San Simeon State Park: near Rangers Station.	https://lichenportal.org/portal/collections/individual/index.php?occid=2596135
2604984	UCR(temp)	SBBG021790L	Kerry Knudsen	16469-.1	83.13	183.56	California	San Luis Obispo	34.238806	-120.857306	outside_boundary_exact	not_found_in_US	Irish Hills: ridge above Coon Creek.	https://lichenportal.org/portal/collections/individual/index.php?occid=2604984
2592421	UCR(temp)	SBBG090631L	Kerry Knudsen	1034	79.77	264.8	California	Riverside	32.71235	-116.77685	outside_boundary_exact	California, San Diego County	West side of San Jacinto Mountains	https://lichenportal.org/portal/collections/individual/index.php?occid=2592421
2596361	UCR(temp)	SBBG005915L	Kerry Knudsen	7232	76.94	177.6	California	San Luis Obispo	34.298611	-120.868611	outside_boundary_exact	not_found_in_US	Central Coast: Montana de Oro State Park, ridges and slopes above Sand Pit parking lot.	https://lichenportal.org/portal/collections/individual/index.php?occid=2596361
2595961	UCR(temp)	SBBG007920L	Kerry Knudsen	7276	75.73	176.4	California	San Luis Obispo	34.300278	-120.824167	outside_boundary_exact	not_found_in_US	Central Coast: Los Osos: s/e corner of South Bay and Nipomo Street, an undeveloped lot of private property,	https://lichenportal.org/portal/collections/individual/index.php?occid=2595961
2590944	UCR(temp)	SBBG011387L	Kerry Knudsen	953.2	71.11	257.38	California	Riverside	32.79	-116.74512	outside_boundary_exact	California, San Diego County	San Jacinto Mountains: N fork watershed	https://lichenportal.org/portal/collections/individual/index.php?occid=2590944
5031235	UCR(temp)	SBBG007792L	K. Knudsen	18267	65.24	205.89	California	Los Angeles	33.540944	-117.27275	outside_boundary_exact	California, Riverside County	Peninsular Range: Santa Ana Mtns: Santa Rosa Plateau: Caljalco Trail	https://lichenportal.org/portal/collections/individual/index.php?occid=5031235
5639528	UCR(temp)	SBBG011756L	K. Knudsen	18266	65.24	205.89	California	Los Angeles	33.540944	-117.27275	outside_boundary_exact	California, Riverside County	Peninsular Range: Santa Ana Mtns: Santa Rosa Plateau: Caljalco Trail	https://lichenportal.org/portal/collections/individual/index.php?occid=5639528
2599398	UCR(temp)	SBBG019014L	Kerry Knudsen	10229	63.69	164.56	California	San Luis Obispo	34.451944	-120.951667	outside_boundary_exact	not_found_in_US	South of Estero Bluffs along coast: state park property.	https://lichenportal.org/portal/collections/individual/index.php?occid=2599398
5773739	UCR(temp)	SBBG019015L	Kerry Knudsen	10229A	63.69	164.56	California	San Luis Obispo	34.451944	-120.951667	outside_boundary_exact	not_found_in_US	South of Estero Bluffs along coast: state park property.	https://lichenportal.org/portal/collections/individual/index.php?occid=5773739
2599401	UCR(temp)	SBBG019008L	Kerry Knudsen	10231	59.78	171.34	California	San Luis Obispo	34.763611	-121.323611	outside_boundary_exact	not_found_in_US	San Simeon State Park: San Carpoforo Creek: south side of creek: east of Hwy 1, near shore next to the lagoon: on rocky wall of mountain	https://lichenportal.org/portal/collections/individual/index.php?occid=2599401
2600677	UCR(temp)	UCR-209784	Kerry Knudsen	11762	58.44	314.33	California	San Bernardino	33.51222	-115.62111	outside_boundary_exact	California, Riverside County	Clark Mountains: Mojave National Preserve: edge of wash south of Pachalka Springs, east side of canyon.	https://lichenportal.org/portal/collections/individual/index.php?occid=2600677
2600678	UCR(temp)	SBBG005840L	Kerry Knudsen	11763	58.44	314.33	California	San Bernardino	33.512222	-115.621111	outside_boundary_exact	California, Riverside County	Mojave Desert: Clark Mountains: Mojave National Preserve: edge of wash south of Pachalka Springs, east side of canyon.	https://lichenportal.org/portal/collections/individual/index.php?occid=2600678
2605812	UCR(temp)	SBBG025889L	Kerry Knudsen	17448-.2	56.6	217.87	California	Kern	34.312083	-118.625139	outside_boundary_exact	California, Los Angeles County	Tollhouse Ranch: ridge between Caliente Creek along road on vertical road cut.	https://lichenportal.org/portal/collections/individual/index.php?occid=2605812
2596130	UCR(temp)	UCR-177364	Kerry Knudsen	7767-.1	55.9	265.42	California	Santa Barbara	35.61361	-120.10917	outside_boundary_exact	California, San Luis Obispo County	Santa Rosa Island: Soledad Grove: southeast of Main Road.	https://lichenportal.org/portal/collections/individual/index.php?occid=2596130
2596131	UCR(temp)	UCR-177366	Kerry Knudsen	7767-.2	55.9	265.42	California	Santa Barbara	35.61361	-120.10917	outside_boundary_exact	California, San Luis Obispo County	Santa Rosa Island: Soledad Grove: southeast of Main Road.	https://lichenportal.org/portal/collections/individual/index.php?occid=2596131
2596132	UCR(temp)	UCR-177365	Kerry Knudsen	7766	55.9	265.42	California	Santa Barbara	35.61361	-120.10917	outside_boundary_exact	California, San Luis Obispo County	Santa Rosa Island: Soledad Grove: southeast of Main Road.	https://lichenportal.org/portal/collections/individual/index.php?occid=2596132
2596374	UCR(temp)	SBBG004944L	Kerry Knudsen	7768	55.9	265.42	California	Santa Barbara	35.613611	-120.109167	outside_boundary_exact	California, San Luis Obispo County	Santa Rosa Island: Soledad Grove: southeast of Main Road.	https://lichenportal.org/portal/collections/individual/index.php?occid=2596374
2598904	UCR(temp)	SBBG022186L	Kerry Knudsen	7764	55.9	265.42	California	Santa Barbara	35.613611	-120.109167	outside_boundary_exact	California, San Luis Obispo County	Santa Rosa Island: Soledad Grove: southeast of Main Road.	https://lichenportal.org/portal/collections/individual/index.php?occid=2598904
2599036	UCR(temp)	SBBG024031L	Kerry Knudsen	7778	55.9	265.42	California	Santa Barbara	35.61361	-120.10917	outside_boundary_exact	California, San Luis Obispo County	Santa Rosa Island: Soledad Grove: southeast of Main Road.	https://lichenportal.org/portal/collections/individual/index.php?occid=2599036
2600862	UCR(temp)	UCR-212132	Kerry Knudsen	7769	55.9	265.42	California	Santa Barbara	35.61361	-120.10917	outside_boundary_exact	California, San Luis Obispo County	Santa Rosa Island: Soledad Grove: southeast of Main Road.	https://lichenportal.org/portal/collections/individual/index.php?occid=2600862
2596568	UCR(temp)	SBBG018463L	Kerry Knudsen	8062	54.3	273.88	California	Riverside	34.5125	-117.273889	outside_boundary_exact	California, San Bernardino County	Santa Rosa Plateau: trail from ranch house to Mesa de Burro.	https://lichenportal.org/portal/collections/individual/index.php?occid=2596568
4722805	UCR(temp)	SBBG012156L	Kerry Knudsen	16472-.2	50.05	194.68	California	San Luis Obispo	36.238806	-120.857306	outside_boundary_exact	California, Monterey County	Irish Hills: ridge above Coon Creek.	https://lichenportal.org/portal/collections/individual/index.php?occid=4722805
2604211	UCR(temp)	SBBG002556L	Kerry Knudsen	15693-.2	48.06	181.83	California	San Diego	32.097833	-117.216778	outside_boundary_exact	not_found_in_US	South Coast: Carmel Mountain: mesa top.	https://lichenportal.org/portal/collections/individual/index.php?occid=2604211
2600786	UCR(temp)	SBBG014142L	Kerry Knudsen	11541	47.27	193.77	California	Monterey	35.369444	-120.867222	outside_boundary_exact	California, San Luis Obispo County	Morro Bay State Park: Morro Rock; near summit	https://lichenportal.org/portal/collections/individual/index.php?occid=2600786
2600802	UCR(temp)	SBBG028284L	Kerry Knudsen	11544	47.27	193.77	California	Monterey	35.369444	-120.867222	outside_boundary_exact	California, San Luis Obispo County	Morro Bay State Park: Morro Rock; near summit	https://lichenportal.org/portal/collections/individual/index.php?occid=2600802
2600835	UCR(temp)	SBBG004979L	Kerry Knudsen	11534	47.27	193.77	California	Monterey	35.369444	-120.867222	outside_boundary_exact	California, San Luis Obispo County	Central Coast: Morro Bay State Park: Morro Rock; near summit	https://lichenportal.org/portal/collections/individual/index.php?occid=2600835
2600844	UCR(temp)	SBBG009973L	Kerry Knudsen	11542-.1	47.27	193.77	California	Monterey	35.369444	-120.867222	outside_boundary_exact	California, San Luis Obispo County	Central Coast: Morro Bay State Park: Morro Rock; near summit (Morro Bat South)	https://lichenportal.org/portal/collections/individual/index.php?occid=2600844
2600845	UCR(temp)	SBBG010472L	Kerry Knudsen	11542.2	47.27	193.77	California	Monterey	35.369444	-120.867222	outside_boundary_exact	California, San Luis Obispo County	Central Coast: Morro Bay State Park: Morro Rock; near summit (Morro Bay South)	https://lichenportal.org/portal/collections/individual/index.php?occid=2600845
2590428	UCR(temp)	SBBG011775L	A.C. Sanders	16015	46.75	265.44	California	Riverside	33.010278	-115.005556	outside_boundary_exact	California, Imperial County	Chuckwalla Mountains, rocky north-facing slopes c. 0.5 mile southwest of Corn Spring	https://lichenportal.org/portal/collections/individual/index.php?occid=2590428
2590168	UCR(temp)	SBBG013987L	R.E. Riefner, Jr.	98--167	44.34	183.75	California	San Diego	32.567	-117.773111	outside_boundary_exact	not_found_in_US	Marron Valley and Otay Mountain	https://lichenportal.org/portal/collections/individual/index.php?occid=2590168
2590169	UCR(temp)	SBBG013852L	R.E. Riefner, Jr.	98--154	44.34	183.75	California	San Diego	32.567	-117.773111	outside_boundary_exact	not_found_in_US	Marron Valley and Otay Mountain	https://lichenportal.org/portal/collections/individual/index.php?occid=2590169
2590439	UCR(temp)	UCR-135105	R.E. Riefner, Jr.	98--156	44.34	183.75	California	San Diego	32.567	-117.77311	outside_boundary_exact	not_found_in_US	Marron Valley and Otay Mountain	https://lichenportal.org/portal/collections/individual/index.php?occid=2590439
2592436	UCR(temp)	SBBG007805L	R.E. Riefner, Jr.	98-153	44.34	183.75	California	San Diego	32.567	-117.77311	outside_boundary_exact	not_found_in_US	Marron Valley	https://lichenportal.org/portal/collections/individual/index.php?occid=2592436
2603472	UCR(temp)	SBBG029820L	Jason Hollinger	4230	42.26	231.01	California	Ventura	35.189722	-118.989722	outside_boundary_exact	California, Kern County	Santa Monica Mountains: Conejo Mountain, rough use-trail climbing west ridge.	https://lichenportal.org/portal/collections/individual/index.php?occid=2603472
2604896	UCR(temp)	SBBG018941L	Kerry Knudsen	16130-.3	41.07	190.49	California	Santa Barbara	33.974778	-119.033167	outside_boundary_exact	not_found_in_US	Channel Islands National Park: Santa Barbara Island: north-facing slope of Graveyard Canyon	https://lichenportal.org/portal/collections/individual/index.php?occid=2604896
2597880	UCR(temp)	SBBG028750L	Kerry Knudsen	8985	40.49	272.9	California	Santa Barbara	35.346944	-120.83	outside_boundary_exact	California, San Luis Obispo County	Morro Bay State Park: Estuary Preserve: edge of estuary, near Bay Shore Drive.	https://lichenportal.org/portal/collections/individual/index.php?occid=2597880
2597881	UCR(temp)	SBBG022197L	Kerry Knudsen	8987	40.49	272.9	California	Santa Barbara	35.346944	-120.83	outside_boundary_exact	California, San Luis Obispo County	Morro Bay State Park: Estuary Preserve: edge of estuary, near Bay Shore Drive	https://lichenportal.org/portal/collections/individual/index.php?occid=2597881
2597882	UCR(temp)	SBBG002936L	Kerry Knudsen	8986	40.49	272.9	California	Santa Barbara	35.346944	-120.83	outside_boundary_exact	California, San Luis Obispo County	Central Coast: Morro Bay State Park: Estuary Preserve: edge of estuary, near Bay Shore Drive	https://lichenportal.org/portal/collections/individual/index.php?occid=2597882
2597883	UCR(temp)	SBBG003003L	Kerry Knudsen	8989	40.49	272.9	California	Santa Barbara	35.346944	-120.83	outside_boundary_exact	California, San Luis Obispo County	Central Coast: Morro Bay State Park: Estuary Preserve: edge of estuary, near Bay Shore Drive	https://lichenportal.org/portal/collections/individual/index.php?occid=2597883
2597885	UCR(temp)	SBBG012552L	Kerry Knudsen	8990	40.49	272.9	California	Santa Barbara	35.346944	-120.83	outside_boundary_exact	California, San Luis Obispo County	Morro Bay State Park: Estuary Preserve: edge of estuary, near Bay Shore Drive	https://lichenportal.org/portal/collections/individual/index.php?occid=2597885
2594123	UCR(temp)	UCR-168855	C. Bratt	10838C	37.1	121.55	California	San Benito	35.9375	-121.12306	outside_boundary_exact	California, Monterey County	Fort Hunter Ligget, Sam Jones Road and New Tule Road, from G18 [Jolon Rd.] off Rte 101 N of Paso Robles.	https://lichenportal.org/portal/collections/individual/index.php?occid=2594123
2597859	UCR(temp)	SBBG010260L	Kerry Knudsen	8698	37.09	190.2	California	Santa Barbara	33.946389	-120.946389	outside_boundary_exact	not_found_in_US	Transverse Range: Santa Rosa Island: south side above the pacific on eastern part of Sierra Pablo Ridge (Santa Rosa Island)	https://lichenportal.org/portal/collections/individual/index.php?occid=2597859
2592394	UCR(temp)	SBBG023121L	Kerry Knudsen	2342	34.9	178.43	California	Los Angeles	34.146667	-119.311944	outside_boundary_exact	not_found_in_US	City of Los Angeles: Griffith Park: Royce Canyon: east end of the Santa Monica Mountains	https://lichenportal.org/portal/collections/individual/index.php?occid=2592394
2603889	UCR(temp)	SBBG004492L	Kerry Knudsen	14907	31.82	179.44	California	Santa Barbara	34.042639	-119.121667	outside_boundary_exact	not_found_in_US	Transverse Range: Santa Cruz Island: Channel Islands National Park: side canyon off Scorpion Canyon across creek from Scorpion Loop Trail.	https://lichenportal.org/portal/collections/individual/index.php?occid=2603889
2593247	UCR(temp)	UCR-160627	Kerry Knudsen	3708	30.93	220.62	California	Ventura	35.08722	-118.95	outside_boundary_exact	California, Kern County	Santa Monica Mountains: Sycamore Canyon: Yerba Buena Road.	https://lichenportal.org/portal/collections/individual/index.php?occid=2593247
2593248	UCR(temp)	UCR-160592	Kerry Knudsen	3709	30.93	220.62	California	Ventura	35.08722	-118.95	outside_boundary_exact	California, Kern County	Santa Monica Mountains: Sycamore Canyon: Yerba Buena Road.	https://lichenportal.org/portal/collections/individual/index.php?occid=2593248
2596258	UCR(temp)	UCR-178238	Kerry Knudsen	3706	30.93	220.62	California	Ventura	35.08722	-118.95	outside_boundary_exact	California, Kern County	Santa Monica Mountains: Sycamore Canyon: Yerba Buena Road.	https://lichenportal.org/portal/collections/individual/index.php?occid=2596258
4909498	UCR(temp)	SBBG005001L	Kerry Knudsen	3707	30.93	220.62	California	Ventura	35.087222	-118.95	outside_boundary_exact	California, Kern County	Transverse Range: Santa Monica Mountains: Sycamore Canyon: Yerba Buena Road.	https://lichenportal.org/portal/collections/individual/index.php?occid=4909498
2593292	UCR(temp)	SBBG018459L	Kerry Knudsen	3965	28.24	262.47	California	Los Angeles	35.07	-118.8675	outside_boundary_exact	California, Kern County	Santa Monica Mountains: Wugan property (NPS): trail off Mulholland Drive.	https://lichenportal.org/portal/collections/individual/index.php?occid=2593292
2593313	UCR(temp)	SBBG004366L	Kerry Knudsen	3966	28.24	262.47	California	Los Angeles	35.07	-118.8675	outside_boundary_exact	California, Kern County	Santa Monica Mountains: Wugan property (NPS): trail off Mulholland Drive.	https://lichenportal.org/portal/collections/individual/index.php?occid=2593313
2593314	UCR(temp)	SBBG006516L	Kerry Knudsen	3967	28.24	262.47	California	Los Angeles	35.07	-118.8675	outside_boundary_exact	California, Kern County	Santa Monica Mountains: Wugan property (NPS): trail off Mulholland Drive.	https://lichenportal.org/portal/collections/individual/index.php?occid=2593314
2593320	UCR(temp)	SBBG018108L	Kerry Knudsen	3976	28.24	262.47	California	Los Angeles	35.07	-118.8675	outside_boundary_exact	California, Kern County	Santa Monica Mountains: Wugan property (NPS): trail off Mulholland Drive.	https://lichenportal.org/portal/collections/individual/index.php?occid=2593320
2593321	UCR(temp)	SBBG017490L	Kerry Knudsen	3977	28.24	262.47	California	Los Angeles	35.07	-118.8675	outside_boundary_exact	California, Kern County	Santa Monica Mountains: Wugan property (NPS): trail off Mulholland Drive.	https://lichenportal.org/portal/collections/individual/index.php?occid=2593321
2593323	UCR(temp)	SBBG014863L	Kerry Knudsen	3792	28.24	262.47	California	Los Angeles	35.07	-118.8675	outside_boundary_exact	California, Kern County	Santa Monica Mountains: Wugan property (NPS): trail off Mulholland Drive.	https://lichenportal.org/portal/collections/individual/index.php?occid=2593323
2593280	UCR(temp)	SBBG002867L	Kerry Knudsen	3756	28.04	259.55	California	Los Angeles	35.068889	-118.585833	outside_boundary_exact	California, Kern County	Santa monica Mountains: Topanga State Park: sandstone outcrop	https://lichenportal.org/portal/collections/individual/index.php?occid=2593280
2593281	UCR(temp)	SBBG023150L	Kerry Knudsen	3758	28.04	259.55	California	Los Angeles	35.068889	-118.585833	outside_boundary_exact	California, Kern County	Santa monica Mountains: Topanga State Park: sandstone outcrop	https://lichenportal.org/portal/collections/individual/index.php?occid=2593281
2593282	UCR(temp)	SBBG018421L	Kerry Knudsen	3759	28.04	259.55	California	Los Angeles	35.068889	-118.585833	outside_boundary_exact	California, Kern County	Santa monica Mountains: Topanga State Park: sandstone outcrop	https://lichenportal.org/portal/collections/individual/index.php?occid=2593282
2593283	UCR(temp)	SBBG013985L	Kerry Knudsen	3760	28.04	259.55	California	Los Angeles	35.068889	-118.585833	outside_boundary_exact	California, Kern County	Santa monica Mountains: Topanga State Park: sandstone outcrop	https://lichenportal.org/portal/collections/individual/index.php?occid=2593283
2593646	UCR(temp)	SBBG021317L	Kerry Knudsen	3757	28.04	259.55	California	Los Angeles	35.068889	-118.585833	outside_boundary_exact	California, Kern County	Santa monica Mountains: Topanga State Park: sandstone outcrop	https://lichenportal.org/portal/collections/individual/index.php?occid=2593646
2593346	UCR(temp)	UCR-161762	Kerry Knudsen	4009	27.9	262.12	California	Los Angeles	35.06694	-118.86667	outside_boundary_exact	California, Kern County	Santa Monica Mountains: small creek over Encinal Canyon Road.	https://lichenportal.org/portal/collections/individual/index.php?occid=2593346
3036995	UCR(temp)	UCR-273324	Kerry Knudsen	18288	25.3	192.24	California	Kern	34.59197	-118.66769	outside_boundary_exact	California, Los Angeles County	Tejon Ranch: Tehachapi Mountains: Martinez Ridge.	https://lichenportal.org/portal/collections/individual/index.php?occid=3036995
3037000	UCR(temp)	SBBG024449L	Kerry Knudsen	18289	25.3	192.24	California	Kern	34.59197	-118.66769	outside_boundary_exact	California, Los Angeles County	Tejon Ranch: Tehachapi Mountains: Martinez Ridge.	https://lichenportal.org/portal/collections/individual/index.php?occid=3037000
3037012	UCR(temp)	UCR-273344	Kerry Knudsen	18290	25.3	192.24	California	Kern	34.59197	-118.66769	outside_boundary_exact	California, Los Angeles County	Tejon Ranch: Tehachapi Mountains: Martinez Ridge.	https://lichenportal.org/portal/collections/individual/index.php?occid=3037012
3037013	UCR(temp)	SBBG024431L	Kerry Knudsen	18286	25.3	192.24	California	Kern	34.591972	-118.667694	outside_boundary_exact	California, Los Angeles County	Tejon Ranch: Tehachapi Mountains: Martinez Ridge.	https://lichenportal.org/portal/collections/individual/index.php?occid=3037013
3037015	UCR(temp)	UCR-273347	Kerry Knudsen	18285	25.3	192.24	California	Kern	34.59197	-118.66769	outside_boundary_exact	California, Los Angeles County	Tejon Ranch: Tehachapi Mountains: Martinez Ridge.	https://lichenportal.org/portal/collections/individual/index.php?occid=3037015
3037155	UCR(temp)	UCR-277449	Kerry Knudsen	18282-.1	25.3	192.24	California	Kern	34.59197	-118.66769	outside_boundary_exact	California, Los Angeles County	Tejon Ranch: Tehachapi Mountains: Martinez Ridge.	https://lichenportal.org/portal/collections/individual/index.php?occid=3037155
3037156	UCR(temp)	SBBG023274L	Kerry Knudsen	18282-.2	25.3	192.24	California	Kern	34.591972	-118.667694	outside_boundary_exact	California, Los Angeles County	Tejon Ranch: Tehachapi Mountains: Martinez Ridge.	https://lichenportal.org/portal/collections/individual/index.php?occid=3037156
2604095	UCR(temp)	UCR-240409	Kerry Knudsen	15641	24.51	150.99	California	San Diego	32.35297	-116.65778	outside_boundary_exact	not_found_in_US	Warner Hot Springs: Indian Wells, along 1S06.	https://lichenportal.org/portal/collections/individual/index.php?occid=2604095
2604096	UCR(temp)	SBBG002168L	Kerry Knudsen	15642	24.51	150.99	California	San Diego	32.352972	-116.657778	outside_boundary_exact	not_found_in_US	Warner Hot Springs: Indian Wells, along 1S06.	https://lichenportal.org/portal/collections/individual/index.php?occid=2604096
2604097	UCR(temp)	UCR-240404	Kerry Knudsen	15644	24.51	150.99	California	San Diego	32.35297	-116.65778	outside_boundary_exact	not_found_in_US	Warner Hot Springs: Indian Wells, along 1S06.	https://lichenportal.org/portal/collections/individual/index.php?occid=2604097
2604098	UCR(temp)	SBBG022224L	Kerry Knudsen	15643	24.51	150.99	California	San Diego	32.352972	-116.657778	outside_boundary_exact	not_found_in_US	Warner Hot Springs: Indian Wells, along 1S06.	https://lichenportal.org/portal/collections/individual/index.php?occid=2604098
2604101	UCR(temp)	SBBG010417L	Kerry Knudsen	15640	24.51	150.99	California	San Diego	32.352972	-116.657778	outside_boundary_exact	not_found_in_US	Warner Hot Springs: Indian Wells, along 1S06.	https://lichenportal.org/portal/collections/individual/index.php?occid=2604101
2604102	UCR(temp)	SBBG024203L	Kerry Knudsen	15645	24.51	150.99	California	San Diego	32.35297	-116.65778	outside_boundary_exact	not_found_in_US	Warner Hot Springs: Indian Wells, along 1S06.	https://lichenportal.org/portal/collections/individual/index.php?occid=2604102
2599113	UCR(temp)	SBBG029246L	Kerry Knudsen	10168	24.32	222.05	California	San Luis Obispo	36.0025	-121.525	outside_boundary_exact	not_found_in_US	Santa Lucia Mountains: Limekiln State Park: north-facing slope above creek on beach.	https://lichenportal.org/portal/collections/individual/index.php?occid=2599113
2592712	UCR(temp)	SBBG023198L	Kerry Knudsen	2958.1	24.12	143.8	California	San Diego	32.335306	-116.908889	outside_boundary_exact	not_found_in_US	Palomar State Park: Palomar Mountain: Lower French Valley.	https://lichenportal.org/portal/collections/individual/index.php?occid=2592712
2591051	UCR(temp)	SBBG020944L	B.D. Ryan	24379	22.79	141.41	California	Tuolumne	38.133333	-119.075	outside_boundary_exact	California, Mono County	Winter Sports Area, N of Hwy 108, 5 km west of Fraser Flat Campground	https://lichenportal.org/portal/collections/individual/index.php?occid=2591051
2591526	UCR(temp)	SBBG020927L	B.D. Ryan	24350	22.79	141.41	California	Tuolumne	38.133333	-119.075	outside_boundary_exact	California, Mono County	Stanislaus National Forest, 5 km SW of Fraser Flat Campground on north side of hwy 108	https://lichenportal.org/portal/collections/individual/index.php?occid=2591526
2597075	UCR(temp)	UCR-184404	B.D. Ryan	24	22.79	141.41	California	Tuolumne	38.13333	-119.075	outside_boundary_exact	California, Mono County	Winter Sports Area, N of Hwy 108, 5 km west of Fraser Flat Campground	https://lichenportal.org/portal/collections/individual/index.php?occid=2597075
2597342	UCR(temp)	SBBG020783L	B.D. Ryan	24404	22.79	141.41	California	Tuolumne	38.13333	-119.075	outside_boundary_exact	California, Mono County	Winter Sports Area, N of Hwy 108, 5 km SW of Fraser Flat Campground	https://lichenportal.org/portal/collections/individual/index.php?occid=2597342
2597430	UCR(temp)	UCR-185356	B.D. Ryan	24374	22.79	141.41	California	Tuolumne	38.13333	-119.075	outside_boundary_exact	California, Mono County	Winter Sports Area, N of Hwy 108, 5 km west of Fraser Flat Campground	https://lichenportal.org/portal/collections/individual/index.php?occid=2597430
2598068	UCR(temp)	UCR-187171	B.D. Ryan	24	22.79	141.41	California	Tuolumne	38.13333	-119.075	outside_boundary_exact	California, Mono County	Winter Sports Area, N of Hwy 108, 5 km west of Fraser Flat Campground	https://lichenportal.org/portal/collections/individual/index.php?occid=2598068
2603328	UCR(temp)	UCR-231620	Stephen Sharnoff	1841-.09	20.41	89.8	California	Mariposa	37.96667	-120.26667	outside_boundary_exact	California, Tuolumne County	Along CA 49 s of Coulterville, Sierra foothills.	https://lichenportal.org/portal/collections/individual/index.php?occid=2603328
2592401	UCR(temp)	SBBG004206L	Kerry Knudsen	2396	17.12	302.98	California	Riverside	33.6225	-117.686389	outside_boundary_exact	California, Orange County	Peninsular Range: Wildomar: Menifee Hills: Irish Mountain: above Bundy Canyon	https://lichenportal.org/portal/collections/individual/index.php?occid=2592401
5854826	UCR(temp)	SBBG024668L	Kerry Knudsen	2393	17.12	302.98	California	Riverside	33.6225	-117.686389	outside_boundary_exact	California, Orange County	Peninsular Range: Wildomar: Menifee Hills: Irish Mountain: above Bundy Canyon	https://lichenportal.org/portal/collections/individual/index.php?occid=5854826
2603350	UCR(temp)	SBBG019133L	Stephen Sharnoff	4063	15.61	122.76	California	Monterey	36.611111	-121.125556	outside_boundary_exact	California, San Benito County	Point Lobos State Park: north side of Allen Grove off trail, below lookout point	https://lichenportal.org/portal/collections/individual/index.php?occid=2603350
2603338	UCR(temp)	SBBG018860L	Stephen Sharnoff	4064	14.24	121.37	California	Monterey	36.594444	-121.125556	outside_boundary_exact	California, San Benito County	Point Lobos State Park: north side of Allen Grove off trail, below lookout point	https://lichenportal.org/portal/collections/individual/index.php?occid=2603338
2603349	UCR(temp)	SBBG004023L	Stephen Sharnoff	4065	14.24	121.37	California	Monterey	36.594444	-121.125556	outside_boundary_exact	California, San Benito County	Central Coast: Point Lobos State Park: north side of Allen Grove off trail, below lookout point	https://lichenportal.org/portal/collections/individual/index.php?occid=2603349
2603209	UCR(temp)	SBBG002932L	Stephen Sharnoff	4020	13.5	153.5	California	San Luis Obispo	35.911389	-120.625556	outside_boundary_exact	California, Monterey County	Central Coast: Along road to Black Mountain, 4.8 km above junction with Park Hill Blvd., east of Santa Margarita.	https://lichenportal.org/portal/collections/individual/index.php?occid=2603209
2603240	UCR(temp)	UCR-231263	Stephen Sharnoff	4021	13.5	153.5	California	San Luis Obispo	35.91139	-120.62556	outside_boundary_exact	California, Monterey County	Along road to Black Mountain, 4.8 km above junction with Park Hill Blvd., east of Santa Margarita.	https://lichenportal.org/portal/collections/individual/index.php?occid=2603240
2603242	UCR(temp)	SBBG028281L	Stephen Sharnoff	4030	13.5	153.5	California	San Luis Obispo	35.911389	-120.625556	outside_boundary_exact	California, Monterey County	Along road to Black Mountain, 4.8 km above junction with Park Hill Blvd., east of Santa Margarita.	https://lichenportal.org/portal/collections/individual/index.php?occid=2603242
2603360	UCR(temp)	SBBG024156L	Stephen Sharnoff	4022	13.5	153.5	California	San Luis Obispo	35.911389	-120.625556	outside_boundary_exact	California, Monterey County	Along road to Black Mountain, 4.8 km above junction with Park Hill Blvd., east of Santa Margarita.	https://lichenportal.org/portal/collections/individual/index.php?occid=2603360
2603371	UCR(temp)	SBBG024194L	Stephen Sharnoff	4019	13.5	153.5	California	San Luis Obispo	35.91139	-120.62556	outside_boundary_exact	California, Monterey County	Along road to Black Mountain, 4.8 km above junction with Park Hill Blvd., east of Santa Margarita.	https://lichenportal.org/portal/collections/individual/index.php?occid=2603371
2603015	UCR(temp)	SBBG010127L	Jana Kocourková	s.n.	13.18	253.4	California	San Bernardino	33.916222	-116.07725	outside_boundary_exact	California, Riverside County	Mojave Desert: Joshua Tree National Park: Smith Water Canyon. (Joshua Tree South)	https://lichenportal.org/portal/collections/individual/index.php?occid=2603015
2603164	UCR(temp)	UCR-230301	Jana Kocourková	s.n.	13.18	253.4	California	San Bernardino	33.91622	-116.07725	outside_boundary_exact	California, Riverside County	Joshua Tree National Park: Smith Water Canyon.	https://lichenportal.org/portal/collections/individual/index.php?occid=2603164
2603178	UCR(temp)	UCR-230849	Jana Kocourková	s.n.	13.18	253.4	California	San Bernardino	33.91622	-116.07725	outside_boundary_exact	California, Riverside County	Joshua Tree National Park: Smith Water Canyon.	https://lichenportal.org/portal/collections/individual/index.php?occid=2603178
2604121	UCR(temp)	SBBG012997L	Jana Kocourková	s.n.	13.18	253.4	California	San Bernardino	33.916222	-116.07725	outside_boundary_exact	California, Riverside County	Joshua Tree National Park: Smith Water Canyon.	https://lichenportal.org/portal/collections/individual/index.php?occid=2604121
2598028	UCR(temp)	UCR-187055	B.D. Ryan	26347	12.5	172.95	California	Los Angeles	34.25	-118.88333	outside_boundary_exact	California, Ventura County	Survey 12. West Fork (San Gabriel River) Road, from Hwy 39 to Bear Creek Bridge	https://lichenportal.org/portal/collections/individual/index.php?occid=2598028
2600614	UCR(temp)	UCR-208791	Kerry Knudsen	10803	10.78	109.08	California	Ventura	34.01222	-119.60444	outside_boundary_exact	California, Santa Barbara County	West Anacapa Island: Channel Islands National Park: Pleistocene terrace at west end	https://lichenportal.org/portal/collections/individual/index.php?occid=2600614
2600615	UCR(temp)	UCR-208790	Kerry Knudsen	10804	10.78	109.08	California	Ventura	34.01222	-119.60444	outside_boundary_exact	California, Santa Barbara County	West Anacapa Island: Channel Islands National Park: Pleistocene terrace at west end	https://lichenportal.org/portal/collections/individual/index.php?occid=2600615
2600635	UCR(temp)	UCR-208810	Kerry Knudsen	10802	10.78	109.08	California	Ventura	34.01222	-119.60444	outside_boundary_exact	California, Santa Barbara County	West Anacapa Island: Channel Islands National Park: Pleistocene terrace at west end	https://lichenportal.org/portal/collections/individual/index.php?occid=2600635
2600636	UCR(temp)	SBBG007550L	Kerry Knudsen	10801	10.78	109.08	California	Ventura	34.012222	-119.604444	outside_boundary_exact	California, Santa Barbara County	Transverse Range: West Anacapa Island: Channel Islands National Park: Pleistocene terrace at west end	https://lichenportal.org/portal/collections/individual/index.php?occid=2600636
2600642	UCR(temp)	SBBG018753L	Kerry Knudsen	10798	10.78	109.08	California	Ventura	34.012222	-119.604444	outside_boundary_exact	California, Santa Barbara County	West Anacapa Island: Channel Islands National Park: Pleistocene terrace at west end	https://lichenportal.org/portal/collections/individual/index.php?occid=2600642
2600644	UCR(temp)	UCR-208822	Kerry Knudsen	10797	10.78	109.08	California	Ventura	34.01222	-119.60444	outside_boundary_exact	California, Santa Barbara County	West Anacapa Island: Channel Islands National Park: Pleistocene terrace at west end	https://lichenportal.org/portal/collections/individual/index.php?occid=2600644
2600646	UCR(temp)	SBBG004835L	Kerry Knudsen	10799.2	10.78	109.08	California	Ventura	34.012222	-119.604444	outside_boundary_exact	California, Santa Barbara County	Transverse Range: West Anacapa Island: Channel Islands National Park: Pleistocene terrace at west end	https://lichenportal.org/portal/collections/individual/index.php?occid=2600646
2600319	UCR(temp)	UCR-205474	Kerry Knudsen	11216	8.53	164.43	California	Los Angeles	34.13722	-118.99472	outside_boundary_exact	California, Ventura County	Santa Monica Mountains: Point Magu State Park: Sycamore Canyon: Ranch Center Trail: thin-soiled openings	https://lichenportal.org/portal/collections/individual/index.php?occid=2600319
2600512	UCR(temp)	SBBG010777L	Kerry Knudsen	11217	8.53	164.43	California	Los Angeles	34.137222	-118.994722	outside_boundary_exact	California, Ventura County	Transverse Range: Santa Monica Mountains: Point Mugu State Park: Sycamore Canyon: Ranch Center Trail (Newbury Park)	https://lichenportal.org/portal/collections/individual/index.php?occid=2600512
2600513	UCR(temp)	SBBG010084L	Kerry Knudsen	11218	8.53	164.43	California	Los Angeles	34.137222	-118.994722	outside_boundary_exact	California, Ventura County	Transverse Range: Santa Monica Mountains: Point Mugu State Park: Sycamore Canyon: Ranch Center Trail: thin-soiled openings (Newbury Park)	https://lichenportal.org/portal/collections/individual/index.php?occid=2600513
2593099	UCR(temp)	SBBG011772L	Kerry Knudsen	1146	8.15	280.33	California	Riverside	33.413056	-117.373333	outside_boundary_exact	California, San Diego County	Alberhill, Lake Elsinore	https://lichenportal.org/portal/collections/individual/index.php?occid=2593099
2590130	UCR(temp)	SBBG014425L	R.E. Riefner, Jr.	98--63	8.01	171.51	California	Imperial	32.616667	-116.191944	outside_boundary_exact	California, San Diego County	Davies Valley near Jacumba Natural Area, c. 3 km south of Millers (Hwy I-8)	https://lichenportal.org/portal/collections/individual/index.php?occid=2590130
2596233	UCR(temp)	SBBG024425L	Kerry Knudsen	3888	7.42	137.54	California	San Diego	32.508611	-116.638056	outside_boundary_exact	not_found_in_US	Cleveland National Forest: valley with campgrounds.	https://lichenportal.org/portal/collections/individual/index.php?occid=2596233
3036847	UCR(temp)	UCR-264169	Kerry Knudsen	17881	7.31	296.64	California	Inyo	37.52792	-118.197	outside_boundary_exact	California, Mono County	White Mountains: Inyo National Forest: Patriarch Grove	https://lichenportal.org/portal/collections/individual/index.php?occid=3036847
3036848	UCR(temp)	UCR-264170	Kerry Knudsen	17885	7.31	296.64	California	Inyo	37.52792	-118.197	outside_boundary_exact	California, Mono County	White Mountains: Inyo National Forest: Patriarch Grove	https://lichenportal.org/portal/collections/individual/index.php?occid=3036848
3036850	UCR(temp)	UCR-264172	Kerry Knudsen	17886	7.31	296.64	California	Inyo	37.52792	-118.197	outside_boundary_exact	California, Mono County	White Mountains: Inyo National Forest: Patriarch Grove	https://lichenportal.org/portal/collections/individual/index.php?occid=3036850
3036859	UCR(temp)	UCR-264181	Kerry Knudsen	17882	7.31	296.64	California	Inyo	37.52792	-118.197	outside_boundary_exact	California, Mono County	White Mountains: Inyo National Forest: Patriarch Grove	https://lichenportal.org/portal/collections/individual/index.php?occid=3036859
3036865	UCR(temp)	UCR-264187	Kerry Knudsen	17887.1	7.31	296.64	California	Inyo	37.52792	-118.197	outside_boundary_exact	California, Mono County	White Mountains: Inyo National Forest: Patriarch Grove	https://lichenportal.org/portal/collections/individual/index.php?occid=3036865
3036785	UCR(temp)	SBBG024511L	Kerry Knudsen	17826	6.76	119.57	California	Ventura	34.233778	-119.488833	outside_boundary_exact	not_found_in_US	San Nicolas Island: south side east of Twin Tower	https://lichenportal.org/portal/collections/individual/index.php?occid=3036785
3036800	UCR(temp)	SBBG002558L	Kerry Knudsen	17824	6.76	119.57	California	Ventura	34.233778	-119.488833	outside_boundary_exact	not_found_in_US	Southern Channel Islands: San Nicolas Island: south side east of Twin Tower	https://lichenportal.org/portal/collections/individual/index.php?occid=3036800
3036807	UCR(temp)	SBBG004205L	Kerry Knudsen	17827	6.76	119.57	California	Ventura	34.233778	-119.488833	outside_boundary_exact	not_found_in_US	Southern Channel Islands: San Nicolas Island: south side east of Twin Tower	https://lichenportal.org/portal/collections/individual/index.php?occid=3036807
3036784	UCR(temp)	UCR-264004	Kerry Knudsen	17828	6.75	119.57	California	Ventura	34.23378	-119.48883	outside_boundary_exact	not_found_in_US	San Nicolas Island: south side east of Twin Tower	https://lichenportal.org/portal/collections/individual/index.php?occid=3036784
3036804	UCR(temp)	UCR-264026	Kerry Knudsen	17825	6.75	119.57	California	Ventura	34.23378	-119.48883	outside_boundary_exact	not_found_in_US	San Nicolas Island: south side east of Twin Tower	https://lichenportal.org/portal/collections/individual/index.php?occid=3036804
3036823	UCR(temp)	UCR-264145	Kerry Knudsen	17888	6.59	296.58	California	Inyo	37.52142	-118.20294	outside_boundary_exact	California, Mono County	White Mountains: Inyo National Forest: road to Patriarch Grove	https://lichenportal.org/portal/collections/individual/index.php?occid=3036823
2590480	UCR(temp)	UCR-135203	R.E. Riefner, Jr.	20--355	6.49	233.45	California	Santa Barbara	35.029	-120.621	outside_boundary_exact	California, San Luis Obispo County	Oso Flaco Lake, N of Guadalupe, Oceano Dunes, Oso Flaco Rd off Hwy 1	https://lichenportal.org/portal/collections/individual/index.php?occid=2590480
2590482	UCR(temp)	UCR-135232	R.E. Riefner, Jr.	20--353	6.49	233.45	California	Santa Barbara	35.029	-120.621	outside_boundary_exact	California, San Luis Obispo County	Oso Flaco Lake, N of Guadalupe, Oceano Dunes, Oso Flaco Rd off Hwy 1	https://lichenportal.org/portal/collections/individual/index.php?occid=2590482
2590517	UCR(temp)	UCR-135286	R.E. Riefner, Jr.	20--357	6.49	233.45	California	Santa Barbara	35.029	-120.621	outside_boundary_exact	California, San Luis Obispo County	Oso Flaco Lake, N of Guadalupe, Oceano Dunes, Oso Flaco Rd off Hwy 1	https://lichenportal.org/portal/collections/individual/index.php?occid=2590517
2590554	UCR(temp)	UCR-135363	R.E. Riefner, Jr.	20--352	6.49	233.45	California	Santa Barbara	35.029	-120.621	outside_boundary_exact	California, San Luis Obispo County	Oso Flaco Lake, N of Guadalupe, Oceano Dunes, Oso Flaco Rd off Hwy 1	https://lichenportal.org/portal/collections/individual/index.php?occid=2590554
2590555	UCR(temp)	UCR-135396	R.E. Riefner, Jr.	20--356	6.49	233.45	California	Santa Barbara	35.029	-120.621	outside_boundary_exact	California, San Luis Obispo County	Oso Flaco Lake, N of Guadalupe, Oceano Dunes, Oso Flaco Rd off Hwy 1	https://lichenportal.org/portal/collections/individual/index.php?occid=2590555
2603379	UCR(temp)	UCR-230307	Kerry Knudsen	14532	6.34	226.33	California	Riverside	33.37028	-116.73936	outside_boundary_exact	California, San Diego County	Warner Hot Springs: Ken Capps Foundation, off of Chihuahua Valley Road: in main seasonal stream bed near the house.	https://lichenportal.org/portal/collections/individual/index.php?occid=2603379
2603380	UCR(temp)	SBBG024622L	Kerry Knudsen	14533	6.34	226.33	California	Riverside	33.370278	-116.739361	outside_boundary_exact	California, San Diego County	Warner Hot Springs: Ken Capps Foundation, off of Chihuahua Valley Road: in main seasonal stream bed near the house.	https://lichenportal.org/portal/collections/individual/index.php?occid=2603380
2603381	UCR(temp)	SBBG002948L	Kerry Knudsen	14535	6.34	226.33	California	Riverside	33.370278	-116.739361	outside_boundary_exact	California, San Diego County	Peninsular Range: Warner Hot Springs: Ken Capps Foundation, off of Chihuahua Valley Road: in main seasonal stream bed near the house.	https://lichenportal.org/portal/collections/individual/index.php?occid=2603381
2603382	UCR(temp)	SBBG004208L	Kerry Knudsen	14536	6.34	226.33	California	Riverside	33.370278	-116.739361	outside_boundary_exact	California, San Diego County	Peninsular Range: Warner Hot Springs: Ken Capps Foundation, off of Chihuahua Valley Road: in main seasonal stream bed near the house.	https://lichenportal.org/portal/collections/individual/index.php?occid=2603382
2603383	UCR(temp)	SBBG009967L	Kerry Knudsen	14537	6.34	226.33	California	Riverside	33.370278	-116.739361	outside_boundary_exact	California, San Diego County	Peninsular Range: Warner Hot Springs: Ken Capps Foundation, off of Chihuahua Valley Road: in main seasonal stream bed near the house. (Hot Springs Mountain)	https://lichenportal.org/portal/collections/individual/index.php?occid=2603383
2603384	UCR(temp)	SBBG024418L	Kerry Knudsen	14539	6.34	226.33	California	Riverside	33.370278	-116.739361	outside_boundary_exact	California, San Diego County	Warner Hot Springs: Ken Capps Foundation, off of Chihuahua Valley Road: in main seasonal stream bed near the house.	https://lichenportal.org/portal/collections/individual/index.php?occid=2603384
2603385	UCR(temp)	SBBG004857L	Kerry Knudsen	14542	6.34	226.33	California	Riverside	33.370278	-116.739361	outside_boundary_exact	California, San Diego County	Peninsular Range: Warner Hot Springs: Ken Capps Foundation, off of Chihuahua Valley Road: in main seasonal stream bed near the house.	https://lichenportal.org/portal/collections/individual/index.php?occid=2603385
2603386	UCR(temp)	SBBG025101L	Kerry Knudsen	14543-.1	6.34	226.33	California	Riverside	33.370278	-116.739361	outside_boundary_exact	California, San Diego County	Warner Hot Springs: Ken Capps Foundation, off of Chihuahua Valley Road: in main seasonal stream bed near the house.	https://lichenportal.org/portal/collections/individual/index.php?occid=2603386
2603387	UCR(temp)	UCR-230399	Kerry Knudsen	14541	6.34	226.33	California	Riverside	33.37028	-116.73936	outside_boundary_exact	California, San Diego County	Warner Hot Springs: Ken Capps Foundation, off of Chihuahua Valley Road: in main seasonal stream bed near the house.	https://lichenportal.org/portal/collections/individual/index.php?occid=2603387
2603388	UCR(temp)	SBBG013845L	Kerry Knudsen	14543-.2	6.34	226.33	California	Riverside	33.370278	-116.739361	outside_boundary_exact	California, San Diego County	Warner Hot Springs: Ken Capps Foundation, off of Chihuahua Valley Road: in main seasonal stream bed near the house.	https://lichenportal.org/portal/collections/individual/index.php?occid=2603388
2603389	UCR(temp)	UCR-230431	Kerry Knudsen	14544	6.34	226.33	California	Riverside	33.37028	-116.73936	outside_boundary_exact	California, San Diego County	Warner Hot Springs: Ken Capps Foundation, off of Chihuahua Valley Road: in main seasonal stream bed near the house.	https://lichenportal.org/portal/collections/individual/index.php?occid=2603389
2603390	UCR(temp)	UCR-230450	Kerry Knudsen	14548	6.34	226.33	California	Riverside	33.37028	-116.73936	outside_boundary_exact	California, San Diego County	Warner Hot Springs: Ken Capps Foundation, off of Chihuahua Valley Road: in main seasonal stream bed near the house.	https://lichenportal.org/portal/collections/individual/index.php?occid=2603390
2603391	UCR(temp)	UCR-230449	Kerry Knudsen	14549	6.34	226.33	California	Riverside	33.37028	-116.73942	outside_boundary_exact	California, San Diego County	Warner Hot Springs: Ken Capps Foundation, off of Chihuahua Valley Road: quartzite outcrop with tourmaline in sun above main seasonal stream bed near the house.	https://lichenportal.org/portal/collections/individual/index.php?occid=2603391
2603392	UCR(temp)	UCR-230448	Kerry Knudsen	14545	6.34	226.33	California	Riverside	33.37028	-116.73936	outside_boundary_exact	California, San Diego County	Warner Hot Springs: Ken Capps Foundation, off of Chihuahua Valley Road: in main seasonal stream bed near the house.	https://lichenportal.org/portal/collections/individual/index.php?occid=2603392
2603393	UCR(temp)	UCR-230297	Kerry Knudsen	14550	6.34	226.33	California	Riverside	33.37028	-116.73936	outside_boundary_exact	California, San Diego County	Warner Hot Springs: Ken Capps Foundation, off of Chihuahua Valley Road: in main seasonal stream bed near the house.	https://lichenportal.org/portal/collections/individual/index.php?occid=2603393
2603394	UCR(temp)	UCR-230296	Kerry Knudsen	14551	6.34	226.33	California	Riverside	33.37028	-116.73936	outside_boundary_exact	California, San Diego County	Warner Hot Springs: Ken Capps Foundation, off of Chihuahua Valley Road: in main seasonal stream bed near the house.	https://lichenportal.org/portal/collections/individual/index.php?occid=2603394
2603395	UCR(temp)	SBBG011794L	Kerry Knudsen	14552	6.34	226.33	California	Riverside	33.370278	-116.739417	outside_boundary_exact	California, San Diego County	Warner Hot Springs: Ken Capps Foundation, off of Chihuahua Valley Road: quartzite outcrop with tourmaline in sun above main seasonal stream bed near the house.	https://lichenportal.org/portal/collections/individual/index.php?occid=2603395
2603396	UCR(temp)	UCR-230445	Kerry Knudsen	145460.2	6.34	226.33	California	Riverside	33.37028	-116.73936	outside_boundary_exact	California, San Diego County	Warner Hot Springs: Ken Capps Foundation, off of Chihuahua Valley Road: in main seasonal stream bed near the house.	https://lichenportal.org/portal/collections/individual/index.php?occid=2603396
2603417	UCR(temp)	SBBG022938L	Kerry Knudsen	14534	6.34	226.33	California	Riverside	33.370278	-116.739361	outside_boundary_exact	California, San Diego County	Warner Hot Springs: Ken Capps Foundation, off of Chihuahua Valley Road: in main seasonal stream bed near the house.	https://lichenportal.org/portal/collections/individual/index.php?occid=2603417
2603418	UCR(temp)	SBBG023164L	Kerry Knudsen	14538	6.34	226.33	California	Riverside	33.370278	-116.739361	outside_boundary_exact	California, San Diego County	Warner Hot Springs: Ken Capps Foundation, off of Chihuahua Valley Road: in main seasonal stream bed near the house.	https://lichenportal.org/portal/collections/individual/index.php?occid=2603418
2603397	UCR(temp)	SBBG022666L	Kerry Knudsen	14553	6.19	226.16	California	Riverside	33.371611	-116.738111	outside_boundary_exact	California, San Diego County	Warner Hot Springs: Ken Capps Foundation, off of Chihuahua Valley Road: above road in chaparral mixed scrub oaks: scattered granite outcrops, often shaded, around vicinity of the old well.	https://lichenportal.org/portal/collections/individual/index.php?occid=2603397
2603398	UCR(temp)	SBBG022660L	Kerry Knudsen	14555	6.19	226.16	California	Riverside	33.371611	-116.738111	outside_boundary_exact	California, San Diego County	Warner Hot Springs: Ken Capps Foundation, off of Chihuahua Valley Road: above road in chaparral mixed scrub oaks: scattered granite outcrops, often shaded, around vicinity of the old well.	https://lichenportal.org/portal/collections/individual/index.php?occid=2603398
2603399	UCR(temp)	UCR-230444	Kerry Knudsen	14557	6.19	226.16	California	Riverside	33.37161	-116.73811	outside_boundary_exact	California, San Diego County	Warner Hot Springs: Ken Capps Foundation, off of Chihuahua Valley Road: above road in chaparral mixed scrub oaks: scattered granite outcrops, often shaded, around vicinity of the old well.	https://lichenportal.org/portal/collections/individual/index.php?occid=2603399
2603400	UCR(temp)	SBBG002706L	Kerry Knudsen	14556	6.19	226.16	California	Riverside	33.371611	-116.738111	outside_boundary_exact	California, San Diego County	Peninsular Range: Warner Hot Springs: Ken Capps Foundation, off of Chihuahua Valley Road: above road, around vicinity of the old well.	https://lichenportal.org/portal/collections/individual/index.php?occid=2603400
2603401	UCR(temp)	UCR-230442	Kerry Knudsen	14547	6.19	226.16	California	Riverside	33.37161	-116.73811	outside_boundary_exact	California, San Diego County	Warner Hot Springs: Ken Capps Foundation, off of Chihuahua Valley Road: above road in chaparral mixed scrub oaks: scattered granite outcrops, often shaded, around vicinity of the old well.	https://lichenportal.org/portal/collections/individual/index.php?occid=2603401
2603402	UCR(temp)	UCR-230441	Kerry Knudsen	14569	6.19	226.16	California	Riverside	33.37161	-116.73811	outside_boundary_exact	California, San Diego County	Warner Hot Springs: Ken Capps Foundation, off of Chihuahua Valley Road: above road in chaparral mixed scrub oaks: scattered granite outcrops, often shaded, around vicinity of the old well.	https://lichenportal.org/portal/collections/individual/index.php?occid=2603402
2603403	UCR(temp)	SBBG009971L	Kerry Knudsen	14558	6.19	226.16	California	Riverside	33.371611	-116.738111	outside_boundary_exact	California, San Diego County	Peninsular Range: Warner Hot Springs: Ken Capps Foundation, off of Chihuahua Valley Road: above road in chaparral mixed scrub oaks: scattered granite outcrops, often shaded, around vicinity of the old well. (Hot Springs Mountain)	https://lichenportal.org/portal/collections/individual/index.php?occid=2603403
2603404	UCR(temp)	UCR-230317	Kerry Knudsen	14560	6.19	226.16	California	Riverside	33.37161	-116.73811	outside_boundary_exact	California, San Diego County	Warner Hot Springs: Ken Capps Foundation, off of Chihuahua Valley Road: above road in chaparral mixed scrub oaks: scattered granite outcrops, often shaded, around vicinity of the old well.	https://lichenportal.org/portal/collections/individual/index.php?occid=2603404
2603405	UCR(temp)	UCR-230315	Kerry Knudsen	14561	6.19	226.16	California	Riverside	33.37161	-116.73811	outside_boundary_exact	California, San Diego County	Warner Hot Springs: Ken Capps Foundation, off of Chihuahua Valley Road: above road in chaparral mixed scrub oaks: scattered granite outcrops, often shaded, around vicinity of the old well.	https://lichenportal.org/portal/collections/individual/index.php?occid=2603405
2603406	UCR(temp)	SBBG006935L	Kerry Knudsen	14562	6.19	226.16	California	Riverside	33.371611	-116.738111	outside_boundary_exact	California, San Diego County	Peninsular Range: Warner Hot Springs: Ken Capps Foundation, off of Chihuahua Valley Road: above road in chaparral mixed scrub oaks: scattered granite outcrops, often shaded, around vicinity of the old well.	https://lichenportal.org/portal/collections/individual/index.php?occid=2603406
2603407	UCR(temp)	UCR-230318	Kerry Knudsen	14564	6.19	226.16	California	Riverside	33.37161	-116.73811	outside_boundary_exact	California, San Diego County	Warner Hot Springs: Ken Capps Foundation, off of Chihuahua Valley Road: above road in chaparral mixed scrub oaks: scattered granite outcrops, often shaded, around vicinity of the old well.	https://lichenportal.org/portal/collections/individual/index.php?occid=2603407
2603408	UCR(temp)	SBBG090005L	Kerry Knudsen	14565	6.19	226.16	California	Riverside	33.371611	-116.738111	outside_boundary_exact	California, San Diego County	Peninsular Range: Warner Hot Springs: Ken Capps Foundation, off of Chihuahua Valley Road: above road in chaparral mixed scrub oaks: scattered granite outcrops, often shaded, around vicinity of the old well.	https://lichenportal.org/portal/collections/individual/index.php?occid=2603408
2603409	UCR(temp)	SBBG024154L	Kerry Knudsen	14559	6.19	226.16	California	Riverside	33.371611	-116.738111	outside_boundary_exact	California, San Diego County	Warner Hot Springs: Ken Capps Foundation, off of Chihuahua Valley Road: above road in chaparral mixed scrub oaks: scattered granite outcrops, often shaded, around vicinity of the old well.	https://lichenportal.org/portal/collections/individual/index.php?occid=2603409
2603410	UCR(temp)	UCR-230310	Kerry Knudsen	14567	6.19	226.16	California	Riverside	33.37161	-116.73811	outside_boundary_exact	California, San Diego County	Warner Hot Springs: Ken Capps Foundation, off of Chihuahua Valley Road: above road in chaparral mixed scrub oaks: scattered granite outcrops, often shaded, around vicinity of the old well.	https://lichenportal.org/portal/collections/individual/index.php?occid=2603410
2603411	UCR(temp)	SBBG013718L	Kerry Knudsen	14566	6.19	226.16	California	Riverside	33.371611	-116.738111	outside_boundary_exact	California, San Diego County	Warner Hot Springs: Ken Capps Foundation, off of Chihuahua Valley Road: above road in chaparral mixed scrub oaks: scattered granite outcrops, often shaded, around vicinity of the old well.	https://lichenportal.org/portal/collections/individual/index.php?occid=2603411
2603412	UCR(temp)	UCR-230294	Kerry Knudsen	14568	6.19	226.16	California	Riverside	33.37161	-116.73811	outside_boundary_exact	California, San Diego County	Warner Hot Springs: Ken Capps Foundation, off of Chihuahua Valley Road: above road in chaparral mixed scrub oaks: scattered granite outcrops, often shaded, around vicinity of the old well.	https://lichenportal.org/portal/collections/individual/index.php?occid=2603412
2603413	UCR(temp)	SBBG022698L	Kerry Knudsen	14570	6.19	226.16	California	Riverside	33.371611	-116.738111	outside_boundary_exact	California, San Diego County	Warner Hot Springs: Ken Capps Foundation, off of Chihuahua Valley Road: above road in chaparral mixed scrub oaks: scattered granite outcrops, often shaded, around vicinity of the old well.	https://lichenportal.org/portal/collections/individual/index.php?occid=2603413
2603414	UCR(temp)	SBBG009039L	Kerry Knudsen	14571	6.19	226.16	California	Riverside	33.37161	-116.73811	outside_boundary_exact	California, San Diego County	Peninsular Range: Warner Hot Springs: Ken Capps Foundation, off of Chihuahua Valley Road: above road in chaparral mixed scrub oaks: scattered granite outcrops, often shaded, around vicinity of the old well.	https://lichenportal.org/portal/collections/individual/index.php?occid=2603414
2603415	UCR(temp)	UCR-230308	Kerry Knudsen	14572	6.19	226.16	California	Riverside	33.37161	-116.73811	outside_boundary_exact	California, San Diego County	Warner Hot Springs: Ken Capps Foundation, off of Chihuahua Valley Road: above road in chaparral mixed scrub oaks: scattered granite outcrops, often shaded, around vicinity of the old well.	https://lichenportal.org/portal/collections/individual/index.php?occid=2603415
2603419	UCR(temp)	SBBG006282L	Kerry Knudsen	14563	6.19	226.16	California	Riverside	33.371611	-116.738111	outside_boundary_exact	California, San Diego County	Peninsular Range: Warner Hot Springs: Ken Capps Foundation, off of Chihuahua Valley Road: above road: around vicinity of the old well.	https://lichenportal.org/portal/collections/individual/index.php?occid=2603419
2590137	UCR(temp)	SBBG007264L	R.E. Riefner, Jr.	90-52	6.09	146.23	California	San Luis Obispo	35.346944	-120.993611	outside_boundary_exact	not_found_in_US	Central Coast: Morro Bay State Park, White Point	https://lichenportal.org/portal/collections/individual/index.php?occid=2590137
2597139	UCR(temp)	SBBG024283L	J. Doell	s.n.	5.99	72.05	California	San Mateo	37.16389	-122.13472	outside_boundary_exact	California, Santa Cruz County	1/4 mile down road from mile marker 24.08 on Highway 9	https://lichenportal.org/portal/collections/individual/index.php?occid=2597139
3036983	UCR(temp)	SBBG009798L	Kerry Knudsen	18245-.1	5.57	124.38	California	Ventura	34.098722	-118.800639	outside_boundary_exact	California, Los Angeles County	Transverse Range: Santa Monica Mountains: north slope in shade of oaks	https://lichenportal.org/portal/collections/individual/index.php?occid=3036983
2590173	UCR(temp)	SBBG014196L	R.E. Riefner, Jr.	20--352	5.19	64.02	California	Orange	33.392194	-117.798056	outside_boundary_exact	not_found_in_US	Laguna Canyon, along Hwy 133 at EL Toro Rd.	https://lichenportal.org/portal/collections/individual/index.php?occid=2590173
2600514	UCR(temp)	SBBG004079L	Kerry Knudsen	11219	5.12	159.26	California	Los Angeles	34.087222	-118.994722	outside_boundary_exact	California, Ventura County	Transverse Range: Santa Monica Mountains: Point Magu State Park: Sycamore Canyon: Ranch Center Trail	https://lichenportal.org/portal/collections/individual/index.php?occid=2600514
3036835	UCR(temp)	UCR-264157	Kerry Knudsen	178800.2	4.99	295.23	California	Inyo	37.50722	-118.19797	outside_boundary_exact	California, Mono County	White Mountains: Inyo National Forest: road to Patriarch Grove and White Mountain	https://lichenportal.org/portal/collections/individual/index.php?occid=3036835
2596303	UCR(temp)	SBBG004074L	Kerry Knudsen	6892	4.97	142.56	California	Santa Barbara	34.363333	-120.037222	outside_boundary_exact	not_found_in_US	Transverse Range: San Miguel Island: Cuyler Harbor	https://lichenportal.org/portal/collections/individual/index.php?occid=2596303
2596304	UCR(temp)	SBBG016363L	Kerry Knudsen	6893	4.97	142.56	California	Santa Barbara	34.363333	-120.037222	outside_boundary_exact	not_found_in_US	San Miguel Island: Cuyler Harbor	https://lichenportal.org/portal/collections/individual/index.php?occid=2596304
2596305	UCR(temp)	SBBG025995L	Kerry Knudsen	6894	4.97	142.56	California	Santa Barbara	34.363333	-120.037222	outside_boundary_exact	not_found_in_US	Transverse Range: San Miguel Island: Cuyler Harbor.	https://lichenportal.org/portal/collections/individual/index.php?occid=2596305
2596306	UCR(temp)	SBBG011208L	Kerry Knudsen	6895	4.97	142.56	California	Santa Barbara	34.363333	-120.037222	outside_boundary_exact	not_found_in_US	Transverse Range: San Miguel Island: Cuyler Harbor (San Miguel Island East)	https://lichenportal.org/portal/collections/individual/index.php?occid=2596306
2596321	UCR(temp)	SBBG003979L	Kerry Knudsen	6895	4.97	142.56	California	Santa Barbara	34.363333	-120.037222	outside_boundary_exact	not_found_in_US	Transverse Range: San Miguel Island: Cuyler Harbor	https://lichenportal.org/portal/collections/individual/index.php?occid=2596321
5070486	UCR(temp)	SBBG090330L	J. Kocourková	s.n.	4.96	123.71	California	Ventura	34.098333	-118.8125	outside_boundary_exact	California, Los Angeles County	Transverse Range: Santa Monica Mountains: Rocky Oaks	https://lichenportal.org/portal/collections/individual/index.php?occid=5070486
2596687	UCR(temp)	SBBG004285L	Kerry Knudsen	8259	4.72	164.68	California	San Luis Obispo	35.461389	-121.158889	outside_boundary_exact	not_found_in_US	Central Coast: San Simeon: San Simeon State Park: Vista Point southeast of Little Pico Creek.	https://lichenportal.org/portal/collections/individual/index.php?occid=2596687
3037014	UCR(temp)	UCR-273346	Kerry Knudsen	18382	4.4	186.6	California	Los Angeles	34.27047	-117.60192	outside_boundary_exact	California, San Bernardino County	San Gabriel Mountains: San Antonio Mountains: ridge along Gold Ridge Trail to Thunder Mountain overlooking Mojave Desert	https://lichenportal.org/portal/collections/individual/index.php?occid=3037014
3036990	UCR(temp)	UCR-273319	Kerry Knudsen	18381	4.38	186.49	California	Los Angeles	34.26958	-117.60242	outside_boundary_exact	California, San Bernardino County	San Gabriel Mountains: San Antonio Mountains: steep slope above Gold Ridge Trail to Thunder Mountain	https://lichenportal.org/portal/collections/individual/index.php?occid=3036990
3036999	UCR(temp)	SBBG021559L	Kerry Knudsen	18380	4.38	186.49	California	Los Angeles	34.269583	-117.602417	outside_boundary_exact	California, San Bernardino County	San Gabriel Mountains: San Antonio Mountains: steep slope above Gold Ridge Trail to Thunder Mountain	https://lichenportal.org/portal/collections/individual/index.php?occid=3036999
3037072	UCR(temp)	SBBG024432L	Jana Kocourková	s.n.	4.35	186.57	California	Los Angeles	34.270417	-117.6025	outside_boundary_exact	California, San Bernardino County	San Gabriel Mountains: San Antonio Mountains: Gold Ridge Trail to Thunder Mountain.	https://lichenportal.org/portal/collections/individual/index.php?occid=3037072
2599737	UCR(temp)	SBBG028498L	Kerry Knudsen	10726	3.92	104.56	California	Ventura	34.015833	-119.525833	outside_boundary_exact	not_found_in_US	East Anacapa Island: Channel Islands National Park: near the lighthouse.	https://lichenportal.org/portal/collections/individual/index.php?occid=2599737
2599743	UCR(temp)	SBBG028502L	Kerry Knudsen	10728	3.92	104.56	California	Ventura	34.015833	-119.525833	outside_boundary_exact	not_found_in_US	East Anacapa Island: Channel Islands National Park: near the lighthouse.	https://lichenportal.org/portal/collections/individual/index.php?occid=2599743
2599745	UCR(temp)	SBBG019026L	Kerry Knudsen	10737	3.92	104.56	California	Ventura	34.015833	-119.525833	outside_boundary_exact	not_found_in_US	East Anacapa Island: Channel Islands National Park: near the lighthouse.	https://lichenportal.org/portal/collections/individual/index.php?occid=2599745
2599749	UCR(temp)	SBBG019115L	Kerry Knudsen	10735	3.92	104.56	California	Ventura	34.015833	-119.525833	outside_boundary_exact	not_found_in_US	East Anacapa Island: Channel Islands National Park: near the lighthouse.	https://lichenportal.org/portal/collections/individual/index.php?occid=2599749
2599750	UCR(temp)	SBBG019001L	Kerry Knudsen	10733	3.92	104.56	California	Ventura	34.015833	-119.525833	outside_boundary_exact	not_found_in_US	East Anacapa Island: Channel Islands National Park: near the lighthouse.	https://lichenportal.org/portal/collections/individual/index.php?occid=2599750
2599756	UCR(temp)	SBBG019043L	Kerry Knudsen	10736	3.92	104.56	California	Ventura	34.015833	-119.525833	outside_boundary_exact	not_found_in_US	East Anacapa Island: Channel Islands National Park: near the lighthouse.	https://lichenportal.org/portal/collections/individual/index.php?occid=2599756
2599758	UCR(temp)	SBBG012706L	Kerry Knudsen	10731	3.92	104.56	California	Ventura	34.015833	-119.525833	outside_boundary_exact	not_found_in_US	East Anacapa Island: Channel Islands National Park: near the lighthouse.	https://lichenportal.org/portal/collections/individual/index.php?occid=2599758
2599759	UCR(temp)	UCR-200968	Kerry Knudsen	10724	3.92	104.56	California	Ventura	34.01583	-119.52583	outside_boundary_exact	not_found_in_US	East Anacapa Island: Channel Islands National Park: near the lighthouse.	https://lichenportal.org/portal/collections/individual/index.php?occid=2599759
2599760	UCR(temp)	SBBG019059L	Kerry Knudsen	10732	3.92	104.56	California	Ventura	34.015833	-119.525833	outside_boundary_exact	not_found_in_US	East Anacapa Island: Channel Islands National Park: near the lighthouse.	https://lichenportal.org/portal/collections/individual/index.php?occid=2599760
2599772	UCR(temp)	UCR-200984	Kerry Knudsen	10729	3.92	104.56	California	Ventura	34.01583	-119.52583	outside_boundary_exact	not_found_in_US	East Anacapa Island: Channel Islands National Park: near the lighthouse.	https://lichenportal.org/portal/collections/individual/index.php?occid=2599772
2599773	UCR(temp)	UCR-200983	Kerry Knudsen	10730	3.92	104.56	California	Ventura	34.01583	-119.52583	outside_boundary_exact	not_found_in_US	East Anacapa Island: Channel Islands National Park: near the lighthouse.	https://lichenportal.org/portal/collections/individual/index.php?occid=2599773
2599774	UCR(temp)	SBBG028718L	Kerry Knudsen	10725	3.92	104.56	California	Ventura	34.015833	-119.525833	outside_boundary_exact	not_found_in_US	East Anacapa Island: Channel Islands National Park: near the lighthouse.	https://lichenportal.org/portal/collections/individual/index.php?occid=2599774
2599780	UCR(temp)	UCR-200962	Kerry Knudsen	10721	3.92	104.56	California	Ventura	34.01583	-119.52583	outside_boundary_exact	not_found_in_US	East Anacapa Island: Channel Islands National Park: near the lighthouse.	https://lichenportal.org/portal/collections/individual/index.php?occid=2599780
2591296	UCR(temp)	UCR-144214	Kerry Knudsen	1990	3.9	212.74	California	Riverside	34.06889	-116.75222	outside_boundary_exact	California, San Bernardino County	San Jacinto Mountains: North fork of San Jacinto River	https://lichenportal.org/portal/collections/individual/index.php?occid=2591296
2591544	UCR(temp)	UCR-144900	Kerry Knudsen	1999	3.9	212.74	California	Riverside	34.06889	-116.75222	outside_boundary_exact	California, San Bernardino County	Santa Jacinto Mountains: Pinyon Flats	https://lichenportal.org/portal/collections/individual/index.php?occid=2591544
2591545	UCR(temp)	UCR-144892	Kerry Knudsen	1998	3.9	212.74	California	Riverside	34.06889	-116.75222	outside_boundary_exact	California, San Bernardino County	Santa Jacinto Mountains: Pinyon Flats	https://lichenportal.org/portal/collections/individual/index.php?occid=2591545
2599634	UCR(temp)	SBBG017624L	Kerry Knudsen	10585	3.79	145.27	California	Santa Barbara	33.815556	-120.073056	outside_boundary_exact	not_found_in_US	Santa Rosa Island: Channel Islands National Park: upper Cherry Canyon below Main Road	https://lichenportal.org/portal/collections/individual/index.php?occid=2599634
2599635	UCR(temp)	UCR-198710	Kerry Knudsen	10590	3.79	145.27	California	Santa Barbara	33.81556	-120.07306	outside_boundary_exact	not_found_in_US	Santa Rosa Island: Channel Islands National Park: upper Cherry Canyon below Main Road	https://lichenportal.org/portal/collections/individual/index.php?occid=2599635
2599643	UCR(temp)	UCR-198718	Kerry Knudsen	10591-.1	3.79	145.27	California	Santa Barbara	33.81556	-120.07306	outside_boundary_exact	not_found_in_US	Santa Rosa Island: Channel Islands National Park: upper Cherry Canyon below Main Road	https://lichenportal.org/portal/collections/individual/index.php?occid=2599643
2599644	UCR(temp)	UCR-198723	Kerry Knudsen	10591-.2	3.79	145.27	California	Santa Barbara	33.81556	-120.07306	outside_boundary_exact	not_found_in_US	Santa Rosa Island: Channel Islands National Park: upper Cherry Canyon below Main Road	https://lichenportal.org/portal/collections/individual/index.php?occid=2599644
2599649	UCR(temp)	SBBG023752L	Kerry Knudsen	10594	3.79	145.27	California	Santa Barbara	33.815556	-120.073056	outside_boundary_exact	not_found_in_US	Santa Rosa Island: Channel Islands National Park: upper Cherry Canyon below Main Road	https://lichenportal.org/portal/collections/individual/index.php?occid=2599649
2599650	UCR(temp)	UCR-198738	Kerry Knudsen	10600	3.79	145.27	California	Santa Barbara	33.81556	-120.07306	outside_boundary_exact	not_found_in_US	Santa Rosa Island: Channel Islands National Park: upper Cherry Canyon below Main Road	https://lichenportal.org/portal/collections/individual/index.php?occid=2599650
2599659	UCR(temp)	SBBG008847L	Kerry Knudsen	10588	3.79	145.27	California	Santa Barbara	33.815556	-120.073056	outside_boundary_exact	not_found_in_US	Transverse Range: Santa Rosa Island: Channel Islands National Park: upper Cherry Canyon below Main Road	https://lichenportal.org/portal/collections/individual/index.php?occid=2599659
2599712	UCR(temp)	SBBG005034L	Kerry Knudsen	10586	3.79	145.27	California	Santa Barbara	33.815556	-120.073056	outside_boundary_exact	not_found_in_US	Transverse Range: Santa Rosa Island: Channel Islands National Park: upper Cherry Canyon below Main Road	https://lichenportal.org/portal/collections/individual/index.php?occid=2599712
2599937	UCR(temp)	UCR-201213	Kerry Knudsen	10607	3.79	145.27	California	Santa Barbara	33.81556	-120.07306	outside_boundary_exact	not_found_in_US	Santa Rosa Island: Channel Islands National Park: upper Cherry Canyon below Main Road	https://lichenportal.org/portal/collections/individual/index.php?occid=2599937
2599938	UCR(temp)	UCR-201205	Kerry Knudsen	10608	3.79	145.27	California	Santa Barbara	33.81556	-120.07306	outside_boundary_exact	not_found_in_US	Santa Rosa Island: Channel Islands National Park: upper Cherry Canyon below Main Road	https://lichenportal.org/portal/collections/individual/index.php?occid=2599938
2600773	UCR(temp)	UCR-211226	Kerry Knudsen	105950.1	3.79	145.27	California	Santa Barbara	33.81556	-120.07306	outside_boundary_exact	not_found_in_US	Santa Rosa Island: Channel Islands National Park: upper Cherry Canyon below Main Road	https://lichenportal.org/portal/collections/individual/index.php?occid=2600773
2600774	UCR(temp)	SBBG015280L	Kerry Knudsen	10595-.2	3.79	145.27	California	Santa Barbara	33.815556	-120.073056	outside_boundary_exact	not_found_in_US	Santa Rosa Island: Channel Islands National Park: upper Cherry Canyon below Main Road	https://lichenportal.org/portal/collections/individual/index.php?occid=2600774
2602409	UCR(temp)	SBBG009013L	Kerry Knudsen	13717	3.54	244.09	California	San Bernardino	34.002333	-116.103	outside_boundary_exact	California, Riverside County	Mojave Desert: Joshua Tree National Park: Queen Mountain.	https://lichenportal.org/portal/collections/individual/index.php?occid=2602409
2599679	UCR(temp)	SBBG018793L	Kerry Knudsen	7477	3.47	144.25	California	Santa Barbara	33.83472	-120.02389	outside_boundary_exact	not_found_in_US	Santa Rosa Island: Channel Islands National Park: above road from Torrey Pines to Water Canyon	https://lichenportal.org/portal/collections/individual/index.php?occid=2599679
2599683	UCR(temp)	UCR-199396	Kerry Knudsen	7467	3.47	144.25	California	Santa Barbara	33.83472	-120.02389	outside_boundary_exact	not_found_in_US	Santa Rosa Island: Channel Islands National Park: above road from Torrey Pines to Water Canyon	https://lichenportal.org/portal/collections/individual/index.php?occid=2599683
2599684	UCR(temp)	UCR-199407	Kerry Knudsen	7468	3.47	144.25	California	Santa Barbara	33.83472	-120.02389	outside_boundary_exact	not_found_in_US	Santa Rosa Island: Channel Islands National Park: above road from Torrey Pines to Water Canyon	https://lichenportal.org/portal/collections/individual/index.php?occid=2599684
2599685	UCR(temp)	SBBG019988L	Kerry Knudsen	7469	3.47	144.25	California	Santa Barbara	33.83472	-120.02389	outside_boundary_exact	not_found_in_US	Santa Rosa Island: Channel Islands National Park: above road from Torrey Pines to Water Canyon	https://lichenportal.org/portal/collections/individual/index.php?occid=2599685
5781567	UCR(temp)	SBBG019989L	Kerry Knudsen	7469	3.47	144.25	California	Santa Barbara	33.83472	-120.02389	outside_boundary_exact	not_found_in_US	Santa Rosa Island: Channel Islands National Park: above road from Torrey Pines to Water Canyon	https://lichenportal.org/portal/collections/individual/index.php?occid=5781567
2599208	UCR(temp)	SBBG090224L	Kerry Knudsen	9886	3.42	60.58	California	Marin	37.91083	-123.01167	outside_boundary_exact	not_found_in_US	Central Coast: Golden Gate State Recreation Area, West Ridgecrest Blvd., west of Rock Springs.	https://lichenportal.org/portal/collections/individual/index.php?occid=2599208
2599211	UCR(temp)	SBBG023959L	Kerry Knudsen	9902	3.42	60.58	California	Marin	37.91083	-123.01167	outside_boundary_exact	not_found_in_US	Golden Gate State Recreation Area, West Ridgecrest Blvd., west of Rock Springs.	https://lichenportal.org/portal/collections/individual/index.php?occid=2599211
2599213	UCR(temp)	UCR-195471	Kerry Knudsen	9959	3.42	60.58	California	Marin	37.91083	-123.01167	outside_boundary_exact	not_found_in_US	Golden Gate State Recreation Area, West Ridgecrest Blvd., west of Rock Springs.	https://lichenportal.org/portal/collections/individual/index.php?occid=2599213
2599338	UCR(temp)	SBBG004515L	Kerry Knudsen	9887	3.42	60.58	California	Marin	37.910833	-123.011667	outside_boundary_exact	not_found_in_US	Central Coast: Golden Gate State Recreation Area, West Ridgecrest Blvd., west of Rock Springs.	https://lichenportal.org/portal/collections/individual/index.php?occid=2599338
2599344	UCR(temp)	SBBG018022L	Kerry Knudsen	9900	3.42	60.58	California	Marin	37.910833	-123.011667	outside_boundary_exact	not_found_in_US	Golden Gate State Recreation Area, West Ridgecrest Blvd., west of Rock Springs.	https://lichenportal.org/portal/collections/individual/index.php?occid=2599344
2599352	UCR(temp)	UCR-195341	Kerry Knudsen	9917	3.42	60.58	California	Marin	37.91083	-123.01167	outside_boundary_exact	not_found_in_US	Golden Gate State Recreation Area, West Ridgecrest Blvd., west of Rock Springs.	https://lichenportal.org/portal/collections/individual/index.php?occid=2599352
2599360	UCR(temp)	UCR-195315	Kerry Knudsen	9890	3.42	60.58	California	Marin	37.91083	-123.01167	outside_boundary_exact	not_found_in_US	Golden Gate State Recreation Area, West Ridgecrest Blvd., west of Rock Springs.	https://lichenportal.org/portal/collections/individual/index.php?occid=2599360
2599362	UCR(temp)	SBBG002931L	Kerry Knudsen	9879	3.42	60.58	California	Marin	37.910833	-123.011667	outside_boundary_exact	not_found_in_US	Central Coast: Golden Gate State Recreation Area, West Ridgecrest Blvd., west of Rock Springs.	https://lichenportal.org/portal/collections/individual/index.php?occid=2599362
2599363	UCR(temp)	SBBG024549L	Kerry Knudsen	9978	3.42	60.58	California	Marin	37.91083	-123.01167	outside_boundary_exact	not_found_in_US	Golden Gate State Recreation Area, West Ridgecrest Blvd., west of Rock Springs.	https://lichenportal.org/portal/collections/individual/index.php?occid=2599363
2599453	UCR(temp)	UCR-196144	Kerry Knudsen	9889	3.42	60.58	California	Marin	37.91083	-123.01167	outside_boundary_exact	not_found_in_US	Golden Gate State Recreation Area, West Ridgecrest Blvd., west of Rock Springs.	https://lichenportal.org/portal/collections/individual/index.php?occid=2599453
2599454	UCR(temp)	SBBG016535L	Kerry Knudsen	9891	3.42	60.58	California	Marin	37.910833	-123.011667	outside_boundary_exact	not_found_in_US	Golden Gate State Recreation Area, West Ridgecrest Blvd., west of Rock Springs.	https://lichenportal.org/portal/collections/individual/index.php?occid=2599454
2599463	UCR(temp)	UCR-196130	Kerry Knudsen	9892	3.42	60.58	California	Marin	37.91083	-123.01167	outside_boundary_exact	not_found_in_US	Golden Gate State Recreation Area, West Ridgecrest Blvd., west of Rock Springs.	https://lichenportal.org/portal/collections/individual/index.php?occid=2599463
2599464	UCR(temp)	SBBG022924L	Kerry Knudsen	9903	3.42	60.58	California	Marin	37.910833	-123.011667	outside_boundary_exact	not_found_in_US	Golden Gate State Recreation Area, West Ridgecrest Blvd., west of Rock Springs.	https://lichenportal.org/portal/collections/individual/index.php?occid=2599464
2599501	UCR(temp)	SBBG016537L	Kerry Knudsen	9885	3.42	60.58	California	Marin	37.910833	-123.011667	outside_boundary_exact	not_found_in_US	Golden Gate State Recreation Area, West Ridgecrest Blvd., west of Rock Springs.	https://lichenportal.org/portal/collections/individual/index.php?occid=2599501
2599502	UCR(temp)	UCR-196570	Kerry Knudsen	9898	3.42	60.58	California	Marin	37.91083	-123.01167	outside_boundary_exact	not_found_in_US	Golden Gate State Recreation Area, West Ridgecrest Blvd., west of Rock Springs.	https://lichenportal.org/portal/collections/individual/index.php?occid=2599502
2599503	UCR(temp)	UCR-196188	Kerry Knudsen	9911	3.42	60.58	California	Marin	37.91083	-123.01167	outside_boundary_exact	not_found_in_US	Golden Gate State Recreation Area, West Ridgecrest Blvd., west of Rock Springs.	https://lichenportal.org/portal/collections/individual/index.php?occid=2599503
2599504	UCR(temp)	UCR-196202	Kerry Knudsen	9905	3.42	60.58	California	Marin	37.91083	-123.01167	outside_boundary_exact	not_found_in_US	Golden Gate State Recreation Area, West Ridgecrest Blvd., west of Rock Springs.	https://lichenportal.org/portal/collections/individual/index.php?occid=2599504
2599507	UCR(temp)	UCR-196187	Kerry Knudsen	9897-.1	3.42	60.58	California	Marin	37.91083	-123.01167	outside_boundary_exact	not_found_in_US	Golden Gate State Recreation Area, West Ridgecrest Blvd., west of Rock Springs.	https://lichenportal.org/portal/collections/individual/index.php?occid=2599507
2599535	UCR(temp)	UCR-196441	Kerry Knudsen	9886.	3.42	60.58	California	Marin	37.91083	-123.01167	outside_boundary_exact	not_found_in_US	Golden Gate State Recreation Area, West Ridgecrest Blvd., west of Rock Springs.	https://lichenportal.org/portal/collections/individual/index.php?occid=2599535
2599544	UCR(temp)	UCR-196550	Kerry Knudsen	9895	3.42	60.58	California	Marin	37.91083	-123.01167	outside_boundary_exact	not_found_in_US	Golden Gate State Recreation Area, West Ridgecrest Blvd., west of Rock Springs.	https://lichenportal.org/portal/collections/individual/index.php?occid=2599544
2599545	UCR(temp)	UCR-196562	Kerry Knudsen	9896	3.42	60.58	California	Marin	37.91083	-123.01167	outside_boundary_exact	not_found_in_US	Golden Gate State Recreation Area, West Ridgecrest Blvd., west of Rock Springs.	https://lichenportal.org/portal/collections/individual/index.php?occid=2599545
2603058	UCR(temp)	SBBG022852L	Kerry Knudsen	14045-.1	3.17	234.12	California	San Bernardino	34.004167	-116.302222	outside_boundary_exact	California, Riverside County	Joshua Tree National Park: upper Covington Flats: un-named canyon.	https://lichenportal.org/portal/collections/individual/index.php?occid=2603058
2600445	UCR(temp)	UCR-206190	Jana Kocourková	s.n.	2.7	115.57	California	Ventura	34.06389	-118.90972	outside_boundary_exact	California, Los Angeles County	Santa Monica Mountains: Leo Carrillo State Park: Nicolas Flats, near the lake	https://lichenportal.org/portal/collections/individual/index.php?occid=2600445
2600450	UCR(temp)	UCR-206194	Jana Kocourková	s.n.	2.7	115.57	California	Ventura	34.06389	-118.90972	outside_boundary_exact	California, Los Angeles County	Santa Monica Mountains: Leo Carrillo State Park: Nicolas Flats, near the lake	https://lichenportal.org/portal/collections/individual/index.php?occid=2600450
2600476	UCR(temp)	UCR-206193	Jana Kocourková	s.n.	2.7	115.57	California	Ventura	34.06389	-118.90972	outside_boundary_exact	California, Los Angeles County	Santa Monica Mountains: Leo Carrillo State Park: Nicolas Flats, near the lake	https://lichenportal.org/portal/collections/individual/index.php?occid=2600476
2600477	UCR(temp)	UCR-206191	Jana Kocourková	s.n.	2.7	115.57	California	Ventura	34.06389	-118.90972	outside_boundary_exact	California, Los Angeles County	Santa Monica Mountains: Leo Carrillo State Park: Nicolas Flats, near the lake	https://lichenportal.org/portal/collections/individual/index.php?occid=2600477
2605712	UCR(temp)	SBBG010010L	Eric Petersen	3726	2.44	135.79	California	San Diego	33.454225	-117.169302	outside_boundary_exact	California, Riverside County	Santa Margarita Ecological Reserve, E of Temecula. Near bottom of canyon along Via Tornado.	https://lichenportal.org/portal/collections/individual/index.php?occid=2605712
2597618	UCR(temp)	SBBG024096L	Kerry Knudsen	8594	2.35	135.96	California	San Diego	33.45333	-117.17278	outside_boundary_exact	California, Riverside County	Santa Margarita Ecological Reserve: Santa Margarita River: Temecula Gorge: north slope, road cut along truck trail	https://lichenportal.org/portal/collections/individual/index.php?occid=2597618
2597655	UCR(temp)	UCR-185718	Kerry Knudsen	8593	2.35	135.96	California	San Diego	33.45333	-117.17278	outside_boundary_exact	California, Riverside County	Santa Margarita Ecological Reserve: Santa Margarita River: Temecula Gorge: north slope, road cut along truck trail	https://lichenportal.org/portal/collections/individual/index.php?occid=2597655
2597671	UCR(temp)	UCR-185727	Kerry Knudsen	8592	2.35	135.96	California	San Diego	33.45333	-117.17278	outside_boundary_exact	California, Riverside County	Santa Margarita Ecological Reserve: Santa Margarita River: Temecula Gorge: north slope, road cut along truck trail	https://lichenportal.org/portal/collections/individual/index.php?occid=2597671
2603054	UCR(temp)	SBBG009932L	Kerry Knudsen	13975	2.21	233.26	California	San Bernardino	34.012778	-116.302778	outside_boundary_exact	California, Riverside County	Mojave Desert: Joshua Tree National Park: upper Covington Flats: un-named canyon near trail. (Joshua Tree South)	https://lichenportal.org/portal/collections/individual/index.php?occid=2603054
2603055	UCR(temp)	SBBG022109L	Kerry Knudsen	13976	2.21	233.26	California	San Bernardino	34.012778	-116.302778	outside_boundary_exact	California, Riverside County	Joshua Tree National Park: upper Covington Flats: un-named canyon near trail.	https://lichenportal.org/portal/collections/individual/index.php?occid=2603055
2603056	UCR(temp)	SBBG090568L	Kerry Knudsen	13977	2.21	233.26	California	San Bernardino	34.012778	-116.302778	outside_boundary_exact	California, Riverside County	Mojave Desert: Joshua Tree National Park: upper Covington Flats: un-named canyon near trail.	https://lichenportal.org/portal/collections/individual/index.php?occid=2603056
2603108	UCR(temp)	SBBG010227L	Kerry Knudsen	13957	2.21	233.26	California	San Bernardino	34.012778	-116.302778	outside_boundary_exact	California, Riverside County	Mojave Desert: Joshua Tree National Park: upper Covington Flats: un-named canyon near trail. (Joshua Tree South)	https://lichenportal.org/portal/collections/individual/index.php?occid=2603108
2603128	UCR(temp)	UCR-230374	Kerry Knudsen	13959	2.21	233.26	California	San Bernardino	34.01278	-116.30278	outside_boundary_exact	California, Riverside County	Joshua Tree National Park: upper Covington Flats: un-named canyon near trail.	https://lichenportal.org/portal/collections/individual/index.php?occid=2603128
2603129	UCR(temp)	SBBG011402L	Kerry Knudsen	13960	2.21	233.26	California	San Bernardino	34.012778	-116.302778	outside_boundary_exact	California, Riverside County	Mojave Desert: Joshua Tree National Park: upper Covington Flats: un-named canyon near trail. (Joshua Tree South)	https://lichenportal.org/portal/collections/individual/index.php?occid=2603129
2603132	UCR(temp)	UCR-230382	Kerry Knudsen	13963	2.21	233.26	California	San Bernardino	34.01278	-116.30278	outside_boundary_exact	California, Riverside County	Joshua Tree National Park: upper Covington Flats: un-named canyon near trail.	https://lichenportal.org/portal/collections/individual/index.php?occid=2603132
2603133	UCR(temp)	SBBG090651L	Kerry Knudsen	13964	2.21	233.26	California	San Bernardino	34.012778	-116.302778	outside_boundary_exact	California, Riverside County	Mojave Desert: Joshua Tree National Park: upper Covington Flats: un-named canyon near trail.	https://lichenportal.org/portal/collections/individual/index.php?occid=2603133
2603144	UCR(temp)	UCR-230333	Kerry Knudsen	13971	2.21	233.26	California	San Bernardino	34.01278	-116.30278	outside_boundary_exact	California, Riverside County	Joshua Tree National Park: upper Covington Flats: un-named canyon near trail.	https://lichenportal.org/portal/collections/individual/index.php?occid=2603144
2603145	UCR(temp)	UCR-230332	Kerry Knudsen	13972	2.21	233.26	California	San Bernardino	34.01278	-116.30278	outside_boundary_exact	California, Riverside County	Joshua Tree National Park: upper Covington Flats: un-named canyon near trail.	https://lichenportal.org/portal/collections/individual/index.php?occid=2603145
2603146	UCR(temp)	SBBG090657L	Kerry Knudsen	12973.1	2.21	233.26	California	San Bernardino	34.012778	-116.302778	outside_boundary_exact	California, Riverside County	Mojave Desert: Joshua Tree National Park: upper Covington Flats: un-named canyon near trail.	https://lichenportal.org/portal/collections/individual/index.php?occid=2603146
2603151	UCR(temp)	UCR-230323	Kerry Knudsen	13965	2.21	233.26	California	San Bernardino	34.01278	-116.30278	outside_boundary_exact	California, Riverside County	Joshua Tree National Park: upper Covington Flats: un-named canyon near trail.	https://lichenportal.org/portal/collections/individual/index.php?occid=2603151
2603152	UCR(temp)	SBBG010057L	Kerry Knudsen	13966	2.21	233.26	California	San Bernardino	34.012778	-116.302778	outside_boundary_exact	California, Riverside County	Mojave Desert: Joshua Tree National Park: upper Covington Flats: un-named canyon near trail. (Joshua Tree South)	https://lichenportal.org/portal/collections/individual/index.php?occid=2603152
2603153	UCR(temp)	UCR-230325	Kerry Knudsen	13967	2.21	233.26	California	San Bernardino	34.01278	-116.30278	outside_boundary_exact	California, Riverside County	Joshua Tree National Park: upper Covington Flats: un-named canyon near trail.	https://lichenportal.org/portal/collections/individual/index.php?occid=2603153
2603177	UCR(temp)	SBBG022098L	Kerry Knudsen	13872	2.21	233.26	California	San Bernardino	34.012778	-116.302778	outside_boundary_exact	California, Riverside County	Joshua Tree National Park: upper Covington Flats: un-named canyon near trail.	https://lichenportal.org/portal/collections/individual/index.php?occid=2603177
2603163	UCR(temp)	UCR-230300	Jana Kocourková	5150	2.2	233.26	California	San Bernardino	34.01281	-116.30286	outside_boundary_exact	California, Riverside County	Joshua Tree National Park: upper Covington Flats: un-named canyon.	https://lichenportal.org/portal/collections/individual/index.php?occid=2603163
2603050	UCR(temp)	SBBG022089L	Kerry Knudsen	13981	2.11	233.18	California	San Bernardino	34.013611	-116.302778	outside_boundary_exact	California, Riverside County	Joshua Tree National Park: upper Covington Flats: in un-named canyon.	https://lichenportal.org/portal/collections/individual/index.php?occid=2603050
2603147	UCR(temp)	SBBG013461L	Kerry Knudsen	14018	2.11	233.18	California	San Bernardino	34.013611	-116.302778	outside_boundary_exact	California, Riverside County	Joshua Tree National Park: upper Covington Flats: in un-named canyon.	https://lichenportal.org/portal/collections/individual/index.php?occid=2603147
2603148	UCR(temp)	UCR-230329	Kerry Knudsen	14019	2.11	233.18	California	San Bernardino	34.01361	-116.30278	outside_boundary_exact	California, Riverside County	Joshua Tree National Park: upper Covington Flats: in un-named canyon.	https://lichenportal.org/portal/collections/individual/index.php?occid=2603148
2603154	UCR(temp)	SBBG010228L	Kerry Knudsen	13992	2.11	233.18	California	San Bernardino	34.013611	-116.302778	outside_boundary_exact	California, Riverside County	Mojave Desert: Joshua Tree National Park: upper Covington Flats: in un-named canyon. (Joshua Tree South)	https://lichenportal.org/portal/collections/individual/index.php?occid=2603154
2603155	UCR(temp)	UCR-230321	Kerry Knudsen	13993	2.11	233.18	California	San Bernardino	34.01361	-116.30278	outside_boundary_exact	California, Riverside County	Joshua Tree National Park: upper Covington Flats: in un-named canyon.	https://lichenportal.org/portal/collections/individual/index.php?occid=2603155
2603156	UCR(temp)	SBBG022093L	Kerry Knudsen	13994	2.11	233.18	California	San Bernardino	34.013611	-116.302778	outside_boundary_exact	California, Riverside County	Joshua Tree National Park: upper Covington Flats: in un-named canyon.	https://lichenportal.org/portal/collections/individual/index.php?occid=2603156
2603157	UCR(temp)	SBBG010126L	Kerry Knudsen	13995	2.11	233.18	California	San Bernardino	34.013611	-116.302778	outside_boundary_exact	California, Riverside County	Mojave Desert: Joshua Tree National Park: upper Covington Flats: in un-named canyon. (Joshua Tree South)	https://lichenportal.org/portal/collections/individual/index.php?occid=2603157
2603158	UCR(temp)	SBBG009206L	Kerry Knudsen	13999	2.11	233.18	California	San Bernardino	34.01361	-116.30278	outside_boundary_exact	California, Riverside County	Mojave Desert: Joshua Tree National Park: upper Covington Flats: in un-named canyon. (Joshua Tree South)	https://lichenportal.org/portal/collections/individual/index.php?occid=2603158
2603159	UCR(temp)	SBBG010631L	Kerry Knudsen	14400.2	2.11	233.18	California	San Bernardino	34.013611	-116.302778	outside_boundary_exact	California, Riverside County	Mojave Desert: Joshua Tree National Park: upper Covington Flats: in un-named canyon. (Joshua Tree South)	https://lichenportal.org/portal/collections/individual/index.php?occid=2603159
2603160	UCR(temp)	UCR-230304	Kerry Knudsen	14401-.2	2.11	233.18	California	San Bernardino	34.01361	-116.30278	outside_boundary_exact	California, Riverside County	Joshua Tree National Park: upper Covington Flats: in un-named canyon.	https://lichenportal.org/portal/collections/individual/index.php?occid=2603160
2603161	UCR(temp)	SBBG023918L	Kerry Knudsen	14402	2.11	233.18	California	San Bernardino	34.01361	-116.30278	outside_boundary_exact	California, Riverside County	Joshua Tree National Park: upper Covington Flats: in un-named canyon.	https://lichenportal.org/portal/collections/individual/index.php?occid=2603161
2603477	UCR(temp)	UCR-233189A	Kerry Knudsen	14621	2.06	236.53	California	San Bernardino	34.01594	-116.22822	outside_boundary_exact	California, Riverside County	Joshua Tree National Park: ridge n/e of the summit of Quail Mountain	https://lichenportal.org/portal/collections/individual/index.php?occid=2603477
2603478	UCR(temp)	UCR-233188A	Kerry Knudsen	14622	2.06	236.53	California	San Bernardino	34.01594	-116.22822	outside_boundary_exact	California, Riverside County	Joshua Tree National Park: ridge n/e of the summit of Quail Mountain	https://lichenportal.org/portal/collections/individual/index.php?occid=2603478
2603479	UCR(temp)	SBBG025096L	Kerry Knudsen	14619	2.06	236.53	California	San Bernardino	34.015944	-116.228222	outside_boundary_exact	California, Riverside County	Joshua Tree National Park: ridge n/e of the summit of Quail Mountain	https://lichenportal.org/portal/collections/individual/index.php?occid=2603479
2603482	UCR(temp)	SBBG012996L	Kerry Knudsen	14623	2.06	236.53	California	San Bernardino	34.015944	-116.228222	outside_boundary_exact	California, Riverside County	Joshua Tree National Park: ridge n/e of the summit of Quail Mountain	https://lichenportal.org/portal/collections/individual/index.php?occid=2603482
2603483	UCR(temp)	UCR-233194A	Kerry Knudsen	14620	2.06	236.53	California	San Bernardino	34.01594	-116.22822	outside_boundary_exact	California, Riverside County	Joshua Tree National Park: ridge n/e of the summit of Quail Mountain	https://lichenportal.org/portal/collections/individual/index.php?occid=2603483
2603484	UCR(temp)	UCR-231526	Kerry Knudsen	14624	2.06	236.53	California	San Bernardino	34.01594	-116.22822	outside_boundary_exact	California, Riverside County	Joshua Tree National Park: ridge n/e of the summit of Quail Mountain	https://lichenportal.org/portal/collections/individual/index.php?occid=2603484
2602901	UCR(temp)	SBBG010130L	Kerry Knudsen	13983-.1	2.05	233.24	California	San Bernardino	34.014167	-116.300556	outside_boundary_exact	California, Riverside County	Mojave Desert: Joshua Tree National Park: upper Covington Flats: un-named canyon. (Joshua Tree South)	https://lichenportal.org/portal/collections/individual/index.php?occid=2602901
2602923	UCR(temp)	SBBG009181L	Kerry Knudsen	13983-.2	2.05	233.23	California	San Bernardino	34.01417	-116.30056	outside_boundary_exact	California, Riverside County	Mojave Desert: Joshua Tree National Park: upper Covington Flats: un-named canyon. (Joshua Tree South)	https://lichenportal.org/portal/collections/individual/index.php?occid=2602923
2602925	UCR(temp)	SBBG010125L	Kerry Knudsen	14012	2.05	233.24	California	San Bernardino	34.014167	-116.300556	outside_boundary_exact	California, Riverside County	Mojave Desert: Joshua Tree National Park: upper Covington Flats: un-named canyon. (Joshua Tree South)	https://lichenportal.org/portal/collections/individual/index.php?occid=2602925
2602929	UCR(temp)	UCR-229783	Kerry Knudsen	13987	2.05	233.23	California	San Bernardino	34.01417	-116.30056	outside_boundary_exact	California, Riverside County	Joshua Tree National Park: upper Covington Flats: un-named canyon.	https://lichenportal.org/portal/collections/individual/index.php?occid=2602929
2603016	UCR(temp)	SBBG011404L	Kerry Knudsen	13990	2.05	233.24	California	San Bernardino	34.014167	-116.300556	outside_boundary_exact	California, Riverside County	Mojave Desert: Joshua Tree National Park: upper Covington Flats: un-named canyon. (Joshua Tree South)	https://lichenportal.org/portal/collections/individual/index.php?occid=2603016
2603017	UCR(temp)	UCR-230550	Kerry Knudsen	14038	2.05	233.16	California	San Bernardino	34.01417	-116.30222	outside_boundary_exact	California, Riverside County	Joshua Tree National Park: upper Covington Flats: un-named canyon.	https://lichenportal.org/portal/collections/individual/index.php?occid=2603017
2603018	UCR(temp)	SBBG011640L	Kerry Knudsen	14039	2.05	233.16	California	San Bernardino	34.014167	-116.302222	outside_boundary_exact	California, Riverside County	Mojave Desert: Joshua Tree National Park: upper Covington Flats: un-named canyon. (Joshua Tree South)	https://lichenportal.org/portal/collections/individual/index.php?occid=2603018
2603019	UCR(temp)	SBBG020857L	Kerry Knudsen	13984	2.05	233.23	California	San Bernardino	34.01417	-116.30056	outside_boundary_exact	California, Riverside County	Joshua Tree National Park: upper Covington Flats: un-named canyon.	https://lichenportal.org/portal/collections/individual/index.php?occid=2603019
2603021	UCR(temp)	SBBG022107L	Kerry Knudsen	13988	2.05	233.24	California	San Bernardino	34.014167	-116.300556	outside_boundary_exact	California, Riverside County	Joshua Tree National Park: upper Covington Flats: un-named canyon.	https://lichenportal.org/portal/collections/individual/index.php?occid=2603021
2603022	UCR(temp)	SBBG013470L	Kerry Knudsen	13989	2.05	233.24	California	San Bernardino	34.014167	-116.300556	outside_boundary_exact	California, Riverside County	Joshua Tree National Park: upper Covington Flats: un-named canyon.	https://lichenportal.org/portal/collections/individual/index.php?occid=2603022
2603023	UCR(temp)	UCR-230516	Kerry Knudsen	14040	2.05	233.16	California	San Bernardino	34.01417	-116.30222	outside_boundary_exact	California, Riverside County	Joshua Tree National Park: upper Covington Flats: un-named canyon.	https://lichenportal.org/portal/collections/individual/index.php?occid=2603023
2603024	UCR(temp)	UCR-230554	Kerry Knudsen	14041	2.05	233.16	California	San Bernardino	34.01417	-116.30222	outside_boundary_exact	California, Riverside County	Joshua Tree National Park: upper Covington Flats: un-named canyon.	https://lichenportal.org/portal/collections/individual/index.php?occid=2603024
2603025	UCR(temp)	SBBG010058L	Kerry Knudsen	13982	2.05	233.24	California	San Bernardino	34.014167	-116.300556	outside_boundary_exact	California, Riverside County	Mojave Desert: Joshua Tree National Park: upper Covington Flats: un-named canyon. (Joshua Tree South)	https://lichenportal.org/portal/collections/individual/index.php?occid=2603025
2603026	UCR(temp)	SBBG010700L	Kerry Knudsen	13958	2.05	233.24	California	San Bernardino	34.014167	-116.300556	outside_boundary_exact	California, Riverside County	Mojave Desert: Joshua Tree National Park: upper Covington Flats: un-named canyon. (Joshua Tree South)	https://lichenportal.org/portal/collections/individual/index.php?occid=2603026
2603059	UCR(temp)	SBBG011007L	Kerry Knudsen	14045.2	2.05	233.16	California	San Bernardino	34.014167	-116.302222	outside_boundary_exact	California, Riverside County	Mojave Desert: Joshua Tree National Park: upper Covington Flats: un-named canyon. (Joshua Tree South)	https://lichenportal.org/portal/collections/individual/index.php?occid=2603059
2603062	UCR(temp)	UCR-230459	Kerry Knudsen	14035	2.05	233.16	California	San Bernardino	34.01417	-116.30222	outside_boundary_exact	California, Riverside County	Joshua Tree National Park: upper Covington Flats: un-named canyon.	https://lichenportal.org/portal/collections/individual/index.php?occid=2603062
2603063	UCR(temp)	SBBG010869L	Kerry Knudsen	14036	2.05	233.16	California	San Bernardino	34.014167	-116.302222	outside_boundary_exact	California, Riverside County	Mojave Desert: Joshua Tree National Park: upper Covington Flats: un-named canyon. (Joshua Canyon South)	https://lichenportal.org/portal/collections/individual/index.php?occid=2603063
2603066	UCR(temp)	SBBG012993L	Kerry Knudsen	14020	2.05	233.23	California	San Bernardino	34.01417	-116.30056	outside_boundary_exact	California, Riverside County	Joshua Tree National Park: upper Covington Flats: un-named canyon.	https://lichenportal.org/portal/collections/individual/index.php?occid=2603066
2603067	UCR(temp)	SBBG010225L	Kerry Knudsen	14021	2.05	233.24	California	San Bernardino	34.014167	-116.300556	outside_boundary_exact	California, Riverside County	Mojave Desert: Joshua Tree National Park: upper Covington Flats: un-named canyon. (Joshua Tree South)	https://lichenportal.org/portal/collections/individual/index.php?occid=2603067
2603068	UCR(temp)	SBBG010630L	Kerry Knudsen	14022	2.05	233.24	California	San Bernardino	34.014167	-116.300556	outside_boundary_exact	California, Riverside County	Mojave Desert: Joshua Tree National Park: upper Covington Flats: un-named canyon. (Joshua Tree South)	https://lichenportal.org/portal/collections/individual/index.php?occid=2603068
2603075	UCR(temp)	SBBG010129L	Kerry Knudsen	13985	2.05	233.24	California	San Bernardino	34.014167	-116.300556	outside_boundary_exact	California, Riverside County	Mojave Desert: Joshua Tree National Park: upper Covington Flats: un-named canyon. (Joshua Tree South)	https://lichenportal.org/portal/collections/individual/index.php?occid=2603075
2603076	UCR(temp)	SBBG010131L	Kerry Knudsen	13986	2.05	233.24	California	San Bernardino	34.014167	-116.300556	outside_boundary_exact	California, Riverside County	Mojave Desert: Joshua Tree National Park: upper Covington Flats: un-named canyon. (Joshua Tree South)	https://lichenportal.org/portal/collections/individual/index.php?occid=2603076
2603077	UCR(temp)	UCR-230461	Kerry Knudsen	14037	2.05	233.16	California	San Bernardino	34.01417	-116.30222	outside_boundary_exact	California, Riverside County	Joshua Tree National Park: upper Covington Flats: un-named canyon.	https://lichenportal.org/portal/collections/individual/index.php?occid=2603077
2603135	UCR(temp)	SBBG011040L	Kerry Knudsen	14046	2.05	233.16	California	San Bernardino	34.014167	-116.302222	outside_boundary_exact	California, Riverside County	Mojave Desert: Joshua Tree National Park: upper Covington Flats: un-named canyon. (Joshua Tree South)	https://lichenportal.org/portal/collections/individual/index.php?occid=2603135
2603150	UCR(temp)	SBBG010507L	Kerry Knudsen	14044	2.05	233.16	California	San Bernardino	34.014167	-116.302222	outside_boundary_exact	California, Riverside County	Mojave Desert: Joshua Tree National Park: upper Covington Flats: un-named canyon. (Joshua Tree South)	https://lichenportal.org/portal/collections/individual/index.php?occid=2603150
2602924	UCR(temp)	UCR-229782	Kerry Knudsen	14013	2.03	233.18	California	San Bernardino	34.01436	-116.30139	outside_boundary_exact	California, Riverside County	Joshua Tree National Park: upper Covington Flats: un-named canyon	https://lichenportal.org/portal/collections/individual/index.php?occid=2602924
2603027	UCR(temp)	UCR-230546	Kerry Knudsen	14014	2.03	233.18	California	San Bernardino	34.01436	-116.30139	outside_boundary_exact	California, Riverside County	Joshua Tree National Park: upper Covington Flats: un-named canyon	https://lichenportal.org/portal/collections/individual/index.php?occid=2603027
2603097	UCR(temp)	UCR-230369	Kerry Knudsen	14023	2.03	233.18	California	San Bernardino	34.01436	-116.30139	outside_boundary_exact	California, Riverside County	Joshua Tree National Park: upper Covington Flats: un-named canyon	https://lichenportal.org/portal/collections/individual/index.php?occid=2603097
2603098	UCR(temp)	SBBG023422L	Kerry Knudsen	14024	2.03	233.18	California	San Bernardino	34.014361	-116.301389	outside_boundary_exact	California, Riverside County	Joshua Tree National Park: upper Covington Flats: un-named canyon	https://lichenportal.org/portal/collections/individual/index.php?occid=2603098
2603099	UCR(temp)	UCR-230367	Kerry Knudsen	14016	2.03	233.18	California	San Bernardino	34.01436	-116.30139	outside_boundary_exact	California, Riverside County	Joshua Tree National Park: upper Covington Flats: un-named canyon	https://lichenportal.org/portal/collections/individual/index.php?occid=2603099
2603125	UCR(temp)	UCR-230340	Kerry Knudsen	14029	2.03	233.18	California	San Bernardino	34.01436	-116.30139	outside_boundary_exact	California, Riverside County	Joshua Tree National Park: upper Covington Flats: un-named canyon	https://lichenportal.org/portal/collections/individual/index.php?occid=2603125
2603136	UCR(temp)	SBBG012995L	Kerry Knudsen	14026	2.03	233.18	California	San Bernardino	34.014361	-116.301389	outside_boundary_exact	California, Riverside County	Joshua Tree National Park: upper Covington Flats: un-named canyon	https://lichenportal.org/portal/collections/individual/index.php?occid=2603136
2603137	UCR(temp)	SBBG022099L	Kerry Knudsen	14027	2.03	233.18	California	San Bernardino	34.014361	-116.301389	outside_boundary_exact	California, Riverside County	Joshua Tree National Park: upper Covington Flats: un-named canyon	https://lichenportal.org/portal/collections/individual/index.php?occid=2603137
2603138	UCR(temp)	SBBG021805L	Kerry Knudsen	14028	2.03	233.18	California	San Bernardino	34.014361	-116.301389	outside_boundary_exact	California, Riverside County	Joshua Tree National Park: upper Covington Flats: un-named canyon	https://lichenportal.org/portal/collections/individual/index.php?occid=2603138
2603139	UCR(temp)	UCR-230338	Kerry Knudsen	14030	2.03	233.18	California	San Bernardino	34.01436	-116.30139	outside_boundary_exact	California, Riverside County	Joshua Tree National Park: upper Covington Flats: un-named canyon	https://lichenportal.org/portal/collections/individual/index.php?occid=2603139
2603140	UCR(temp)	SBBG012992L	Kerry Knudsen	14031	2.03	233.18	California	San Bernardino	34.01436	-116.30139	outside_boundary_exact	California, Riverside County	Joshua Tree National Park: upper Covington Flats: un-named canyon	https://lichenportal.org/portal/collections/individual/index.php?occid=2603140
2603141	UCR(temp)	UCR-230336	Kerry Knudsen	14032	2.03	233.18	California	San Bernardino	34.01436	-116.30139	outside_boundary_exact	California, Riverside County	Joshua Tree National Park: upper Covington Flats: un-named canyon	https://lichenportal.org/portal/collections/individual/index.php?occid=2603141
2603142	UCR(temp)	SBBG021806L	Kerry Knudsen	14033	2.03	233.18	California	San Bernardino	34.014361	-116.301389	outside_boundary_exact	California, Riverside County	Joshua Tree National Park: upper Covington Flats: un-named canyon	https://lichenportal.org/portal/collections/individual/index.php?occid=2603142
2602799	UCR(temp)	SBBG014372L	Kerry Knudsen	14048	1.9	233.35	California	San Bernardino	34.016944	-116.292389	outside_boundary_exact	California, Riverside County	Joshua Tree National Park: lower Covington Flats: in washes and hills	https://lichenportal.org/portal/collections/individual/index.php?occid=2602799
2602809	UCR(temp)	SBBG090655L	Kerry Knudsen	14056	1.9	233.35	California	San Bernardino	34.016944	-116.292389	outside_boundary_exact	California, Riverside County	Mojave Desert: Joshua Tree National Park: lower Covington Flats: in washes and hills	https://lichenportal.org/portal/collections/individual/index.php?occid=2602809
2602814	UCR(temp)	SBBG090559L	Kerry Knudsen	14052	1.9	233.35	California	San Bernardino	34.016944	-116.292389	outside_boundary_exact	California, Riverside County	Mojave Desert: Joshua Tree National Park: lower Covington Flats: in washes and hills	https://lichenportal.org/portal/collections/individual/index.php?occid=2602814
2602816	UCR(temp)	UCR-229867	Kerry Knudsen	14049	1.9	233.35	California	San Bernardino	34.01694	-116.29239	outside_boundary_exact	California, Riverside County	Joshua Tree National Park: lower Covington Flats: in washes and hills	https://lichenportal.org/portal/collections/individual/index.php?occid=2602816
2602817	UCR(temp)	SBBG090658L	Kerry Knudsen	14050.1	1.9	233.35	California	San Bernardino	34.016944	-116.292389	outside_boundary_exact	California, Riverside County	Mojave Desert: Joshua Tree National Park: lower Covington Flats: in washes and hills	https://lichenportal.org/portal/collections/individual/index.php?occid=2602817
2602818	UCR(temp)	UCR-229856	Kerry Knudsen	140500.2	1.9	233.35	California	San Bernardino	34.01694	-116.29239	outside_boundary_exact	California, Riverside County	Joshua Tree National Park: lower Covington Flats: in washes and hills	https://lichenportal.org/portal/collections/individual/index.php?occid=2602818
2602819	UCR(temp)	UCR-229833	Kerry Knudsen	14051-.1	1.9	233.35	California	San Bernardino	34.01694	-116.29239	outside_boundary_exact	California, Riverside County	Joshua Tree National Park: lower Covington Flats: in washes and hills	https://lichenportal.org/portal/collections/individual/index.php?occid=2602819
2602839	UCR(temp)	SBBG022850L	Kerry Knudsen	14057	1.9	233.35	California	San Bernardino	34.01694	-116.29239	outside_boundary_exact	California, Riverside County	Joshua Tree National Park: lower Covington Flats: in washes and hills	https://lichenportal.org/portal/collections/individual/index.php?occid=2602839
2602840	UCR(temp)	SBBG009202L	Kerry Knudsen	14110	1.9	233.35	California	San Bernardino	34.01694	-116.29239	outside_boundary_exact	California, Riverside County	Mojave Desert: Joshua Tree National Park: lower Covington Flats: in washes and hills. (Joshua Tree South)	https://lichenportal.org/portal/collections/individual/index.php?occid=2602840
2602841	UCR(temp)	UCR-229853	Kerry Knudsen	14065	1.9	233.35	California	San Bernardino	34.01694	-116.29239	outside_boundary_exact	California, Riverside County	Joshua Tree National Park: lower Covington Flats: in washes and hills	https://lichenportal.org/portal/collections/individual/index.php?occid=2602841
2602851	UCR(temp)	SBBG010684L	Kerry Knudsen	14060	1.9	233.35	California	San Bernardino	34.016944	-116.292389	outside_boundary_exact	California, Riverside County	Mojave Desert: Joshua Tree National Park: lower Covington Flats: in washes and hills (Joshua Tree South)	https://lichenportal.org/portal/collections/individual/index.php?occid=2602851
2602852	UCR(temp)	SBBG010435L	Kerry Knudsen	14061	1.9	233.35	California	San Bernardino	34.016944	-116.292389	outside_boundary_exact	California, Riverside County	Mojave Desert: Joshua Tree National Park: lower Covington Flats: in washes and hills (Joshua Tree South)	https://lichenportal.org/portal/collections/individual/index.php?occid=2602852
2602854	UCR(temp)	SBBG090660L	Kerry Knudsen	14066	1.9	233.35	California	San Bernardino	34.016944	-116.292389	outside_boundary_exact	California, Riverside County	Mojave Desert: Joshua Tree National Park: lower Covington Flats: in washes and hills	https://lichenportal.org/portal/collections/individual/index.php?occid=2602854
2602855	UCR(temp)	SBBG012267L	Kerry Knudsen	14067	1.9	233.35	California	San Bernardino	34.01694	-116.29239	outside_boundary_exact	California, Riverside County	Joshua Tree National Park: lower Covington Flats: in washes and hills	https://lichenportal.org/portal/collections/individual/index.php?occid=2602855
2602856	UCR(temp)	UCR-229846	Kerry Knudsen	14064	1.9	233.35	California	San Bernardino	34.01694	-116.29239	outside_boundary_exact	California, Riverside County	Joshua Tree National Park: lower Covington Flats: in washes and hills	https://lichenportal.org/portal/collections/individual/index.php?occid=2602856
2602857	UCR(temp)	SBBG024534L	Kerry Knudsen	14058	1.9	233.35	California	San Bernardino	34.016944	-116.292389	outside_boundary_exact	California, Riverside County	Joshua Tree National Park: lower Covington Flats: in washes and hills.	https://lichenportal.org/portal/collections/individual/index.php?occid=2602857
2602858	UCR(temp)	UCR-229850	Kerry Knudsen	14104	1.9	233.35	California	San Bernardino	34.01694	-116.29239	outside_boundary_exact	California, Riverside County	Joshua Tree National Park: lower Covington Flats: in washes and hills	https://lichenportal.org/portal/collections/individual/index.php?occid=2602858
2602860	UCR(temp)	SBBG010128L	Kerry Knudsen	14059	1.9	233.35	California	San Bernardino	34.016944	-116.292389	outside_boundary_exact	California, Riverside County	Mojave Desert: Joshua Tree National Park: lower Covington Flats: in washes and hills (Joshua Tree South)	https://lichenportal.org/portal/collections/individual/index.php?occid=2602860
2602877	UCR(temp)	SBBG011312L	Kerry Knudsen	14053	1.9	233.35	California	San Bernardino	34.016944	-116.292389	outside_boundary_exact	California, Riverside County	Mojave Desert: Joshua Tree National Park: lower Covington Flats: in washes and hills (Joshua Tree South)	https://lichenportal.org/portal/collections/individual/index.php?occid=2602877
2602878	UCR(temp)	SBBG090553L	Kerry Knudsen	14054	1.9	233.35	California	San Bernardino	34.016944	-116.292389	outside_boundary_exact	California, Riverside County	Mojave Desert: Joshua Tree National Park: lower Covington Flats: in washes and hills	https://lichenportal.org/portal/collections/individual/index.php?occid=2602878
2602879	UCR(temp)	SBBG024536L	Kerry Knudsen	14055	1.9	233.35	California	San Bernardino	34.016944	-116.292389	outside_boundary_exact	California, Riverside County	Joshua Tree National Park: lower Covington Flats: in washes and hills	https://lichenportal.org/portal/collections/individual/index.php?occid=2602879
2602890	UCR(temp)	SBBG009153L	Kerry Knudsen	14062	1.9	233.35	California	San Bernardino	34.01694	-116.29239	outside_boundary_exact	California, Riverside County	Mojave Desert: Joshua Tree National Park: lower Covington Flats: in washes and hills. (Joshua Tree South)	https://lichenportal.org/portal/collections/individual/index.php?occid=2602890
2602891	UCR(temp)	UCR-229927	Kerry Knudsen	14063	1.9	233.35	California	San Bernardino	34.01694	-116.29239	outside_boundary_exact	California, Riverside County	Joshua Tree National Park: lower Covington Flats: in washes and hills	https://lichenportal.org/portal/collections/individual/index.php?occid=2602891
2594372	UCR(temp)	UCR-169722	Kerry Knudsen	5100	1.79	76.41	California	San Mateo	37.72417	-122.47972	outside_boundary_exact	California, San Francisco County	South San Francisco, San Francisco State University	https://lichenportal.org/portal/collections/individual/index.php?occid=2594372
2602812	UCR(temp)	SBBG022004L	Kerry Knudsen	14094	1.75	235.4	California	San Bernardino	34.018694	-116.246194	outside_boundary_exact	California, Riverside County	Joshua Tree National Park: lower Covington Flats: ridge between washes west of the trail: north slope of summit.	https://lichenportal.org/portal/collections/individual/index.php?occid=2602812
2590170	UCR(temp)	SBBG012735L	R.E. Riefner, Jr.	20--207	1.74	157.96	California	Los Angeles	34.09028	-118.9475	outside_boundary_exact	California, Ventura County	Santa Monica Mountains: Yerba Buena Rd at Cotharin Rd.	https://lichenportal.org/portal/collections/individual/index.php?occid=2590170
2590213	UCR(temp)	SBBG015245L	R.E. Riefner, Jr.	20--209	1.74	157.96	California	Los Angeles	34.09028	-118.9475	outside_boundary_exact	California, Ventura County	Santa Monica Mountains: Yerba Buena Rd at Cotharin Rd.	https://lichenportal.org/portal/collections/individual/index.php?occid=2590213
2590214	UCR(temp)	SBBG015673L	R.E. Riefner, Jr.	20--208	1.74	157.96	California	Los Angeles	34.09028	-118.9475	outside_boundary_exact	California, Ventura County	Santa Monica Mountains: Yerba Buena Rd at Cotharin Rd.	https://lichenportal.org/portal/collections/individual/index.php?occid=2590214
2590292	UCR(temp)	UCR-135540	R.E. Riefner, Jr.	20--205	1.74	157.96	California	Los Angeles	34.09028	-118.9475	outside_boundary_exact	California, Ventura County	Santa Monica Mountains: Yerba Buena Rd at Cotharin Rd.	https://lichenportal.org/portal/collections/individual/index.php?occid=2590292
2590738	UCR(temp)	UCR-135617	R.E. Riefner, Jr.	20--206	1.74	157.96	California	Los Angeles	34.09028	-118.9475	outside_boundary_exact	California, Ventura County	Santa Monica Mountains: Yerba Buena Rd at Cotharin Rd.	https://lichenportal.org/portal/collections/individual/index.php?occid=2590738
2590748	UCR(temp)	UCR-135634	R.E. Riefner, Jr.	20--210	1.74	157.96	California	Los Angeles	34.09028	-118.9475	outside_boundary_exact	California, Ventura County	Santa Monica Mountains: Yerba Buena Rd at Cotharin Rd.	https://lichenportal.org/portal/collections/individual/index.php?occid=2590748
2602859	UCR(temp)	SBBG009936L	Kerry Knudsen	14070	1.72	233.18	California	San Bernardino	34.018556	-116.292861	outside_boundary_exact	California, Riverside County	Mojave Desert: Joshua Tree National Park: lower Covington Flats: washes and hills west of trail. (Joshua Tree South)	https://lichenportal.org/portal/collections/individual/index.php?occid=2602859
2602888	UCR(temp)	SBBG012266L	Kerry Knudsen	14071	1.72	233.18	California	San Bernardino	34.01856	-116.29286	outside_boundary_exact	California, Riverside County	Joshua Tree National Park: lower Covington Flats: large granite boulder along wash.	https://lichenportal.org/portal/collections/individual/index.php?occid=2602888
2602795	UCR(temp)	SBBG024365L	Kerry Knudsen	14122	1.66	233.08	California	San Bernardino	34.01833	-116.29528	outside_boundary_exact	California, Riverside County	Joshua Tree National Park: lower Covington Flats: drainage at bottom of massive boulder pile.	https://lichenportal.org/portal/collections/individual/index.php?occid=2602795
2602830	UCR(temp)	SBBG009940L	Kerry Knudsen	14088-.1	1.66	233.08	California	San Bernardino	34.018333	-116.295278	outside_boundary_exact	California, Riverside County	Mojave Desert: Joshua Tree National Park: lower Covington Flats: drainage at bottom of massive boulder pile. (Joshua Tree South)	https://lichenportal.org/portal/collections/individual/index.php?occid=2602830
2602831	UCR(temp)	SBBG009931L	Kerry Knudsen	14088-.2	1.66	233.08	California	San Bernardino	34.018333	-116.295278	outside_boundary_exact	California, Riverside County	Mojave Desert: Joshua Tree National Park: lower Covington Flats: drainage at bottom of massive boulder pile. (Joshua Tree South)	https://lichenportal.org/portal/collections/individual/index.php?occid=2602831
2602832	UCR(temp)	UCR-229834	Kerry Knudsen	14089	1.66	233.08	California	San Bernardino	34.01833	-116.29528	outside_boundary_exact	California, Riverside County	Joshua Tree National Park: lower Covington Flats: drainage at bottom of massive boulder pile.	https://lichenportal.org/portal/collections/individual/index.php?occid=2602832
2602887	UCR(temp)	SBBG009263L	Kerry Knudsen	14123	1.66	233.08	California	San Bernardino	34.01833	-116.29528	outside_boundary_exact	California, Riverside County	Mojave desert: Joshua Tree National Park: lower Covington Flats: drainage at bottom of massive boulder pile. (Joshua Tree South)	https://lichenportal.org/portal/collections/individual/index.php?occid=2602887
4722872	UCR(temp)	SBBG006858L	Kerry Knudsen	18248	1.63	119.46	California	Ventura	34.091667	-118.883889	outside_boundary_exact	California, Los Angeles County	Transverse Range: Santa Monica Mountains: between Mulholland Highway and Little Sycamore Canyon Road	https://lichenportal.org/portal/collections/individual/index.php?occid=4722872
2596351	UCR(temp)	SBBG007828L	Kerry Knudsen	7238	1.61	128.96	California	San Luis Obispo	35.131944	-120.868611	outside_boundary_exact	not_found_in_US	Central Coast: Montana de Oro State Park, ridges and slopes above Sand Pit parking lot.	https://lichenportal.org/portal/collections/individual/index.php?occid=2596351
2602693	UCR(temp)	UCR-229886	Kerry Knudsen	14076	1.6	233.01	California	San Bernardino	34.01869	-116.29619	outside_boundary_exact	California, Riverside County	Joshua Tree National Park: lower Covington Flats: ridge between washes west of the trail: north slope of summit.	https://lichenportal.org/portal/collections/individual/index.php?occid=2602693
2602700	UCR(temp)	UCR-229983	Kerry Knudsen	14081	1.6	233.01	California	San Bernardino	34.01869	-116.29619	outside_boundary_exact	California, Riverside County	Joshua Tree National Park: lower Covington Flats: ridge between washes west of the trail: north slope of summit.	https://lichenportal.org/portal/collections/individual/index.php?occid=2602700
2602703	UCR(temp)	UCR-229982	Kerry Knudsen	14111	1.6	233.01	California	San Bernardino	34.01869	-116.29619	outside_boundary_exact	California, Riverside County	Joshua Tree National Park: lower Covington Flats: ridge between washes west of the trail: north slope of summit.	https://lichenportal.org/portal/collections/individual/index.php?occid=2602703
2602704	UCR(temp)	UCR-230019	Kerry Knudsen	14105	1.6	233.01	California	San Bernardino	34.01869	-116.29619	outside_boundary_exact	California, Riverside County	Joshua Tree National Park: lower Covington Flats: ridge between washes west of the trail: north slope of summit.	https://lichenportal.org/portal/collections/individual/index.php?occid=2602704
2602709	UCR(temp)	UCR-230017	Kerry Knudsen	14103	1.6	233.01	California	San Bernardino	34.01869	-116.29619	outside_boundary_exact	California, Riverside County	Joshua Tree National Park: lower Covington Flats: ridge between washes west of the trail: north slope of summit.	https://lichenportal.org/portal/collections/individual/index.php?occid=2602709
2602787	UCR(temp)	SBBG012759L	Kerry Knudsen	14085	1.6	233.01	California	San Bernardino	34.01869	-116.29619	outside_boundary_exact	California, Riverside County	Joshua Tree National Park: lower Covington Flats: ridge between washes west of the trail: north slope of summit.	https://lichenportal.org/portal/collections/individual/index.php?occid=2602787
2602789	UCR(temp)	UCR-229960	Kerry Knudsen	14077-.1	1.6	233.01	California	San Bernardino	34.01869	-116.29619	outside_boundary_exact	California, Riverside County	Joshua Tree National Park: lower Covington Flats: ridge between washes west of the trail: north slope of summit.	https://lichenportal.org/portal/collections/individual/index.php?occid=2602789
2602790	UCR(temp)	UCR-229955	Kerry Knudsen	14077-.2	1.6	233.01	California	San Bernardino	34.01869	-116.29619	outside_boundary_exact	California, Riverside County	Joshua Tree National Park: lower Covington Flats: ridge between washes west of the trail: north slope of summit.	https://lichenportal.org/portal/collections/individual/index.php?occid=2602790
2602792	UCR(temp)	SBBG023920L	Kerry Knudsen	14087	1.6	233.01	California	San Bernardino	34.01869	-116.29619	outside_boundary_exact	California, Riverside County	Joshua Tree National Park: lower Covington Flats: ridge between washes west of the trail: north slope of summit.	https://lichenportal.org/portal/collections/individual/index.php?occid=2602792
2602793	UCR(temp)	UCR-229957	Kerry Knudsen	14086	1.6	233.01	California	San Bernardino	34.01869	-116.29619	outside_boundary_exact	California, Riverside County	Joshua Tree National Park: lower Covington Flats: ridge between washes west of the trail: north slope of summit.	https://lichenportal.org/portal/collections/individual/index.php?occid=2602793
2602803	UCR(temp)	UCR-229816	Kerry Knudsen	14084	1.6	233.01	California	San Bernardino	34.01869	-116.29619	outside_boundary_exact	California, Riverside County	Joshua Tree National Park: lower Covington Flats: ridge between washes west of the trail: north slope of summit.	https://lichenportal.org/portal/collections/individual/index.php?occid=2602803
2602805	UCR(temp)	SBBG009322L	Kerry Knudsen	14090	1.6	233.01	California	San Bernardino	34.01869	-116.29619	outside_boundary_exact	California, Riverside County	Mojave Desert: Joshua Tree National Park: lower Covington Flats: ridge between washes west of the trail: north slope of summit. (Joshua Tree South)	https://lichenportal.org/portal/collections/individual/index.php?occid=2602805
2602806	UCR(temp)	SBBG009002L	Kerry Knudsen	14109	1.6	233.01	California	San Bernardino	34.018694	-116.296194	outside_boundary_exact	California, Riverside County	Joshua Tree National Park: lower Covington Flats: ridge between washes west of the trail: north slope of summit.	https://lichenportal.org/portal/collections/individual/index.php?occid=2602806
2602807	UCR(temp)	UCR-229943	Kerry Knudsen	14082	1.6	233.01	California	San Bernardino	34.01869	-116.29619	outside_boundary_exact	California, Riverside County	Joshua Tree National Park: lower Covington Flats: ridge between washes west of the trail: north slope of summit.	https://lichenportal.org/portal/collections/individual/index.php?occid=2602807
2602808	UCR(temp)	SBBG024538L	Kerry Knudsen	14083	1.6	233.01	California	San Bernardino	34.018694	-116.296194	outside_boundary_exact	California, Riverside County	Joshua Tree National Park: lower Covington Flats: ridge between washes west of the trail: north slope of summit.	https://lichenportal.org/portal/collections/individual/index.php?occid=2602808
2602810	UCR(temp)	UCR-229942	Kerry Knudsen	14092	1.6	233.01	California	San Bernardino	34.01869	-116.29619	outside_boundary_exact	California, Riverside County	Joshua Tree National Park: lower Covington Flats: ridge between washes west of the trail: north slope of summit.	https://lichenportal.org/portal/collections/individual/index.php?occid=2602810
2602811	UCR(temp)	SBBG010479L	Kerry Knudsen	14093	1.6	233.01	California	San Bernardino	34.018694	-116.296194	outside_boundary_exact	California, Riverside County	Mojave Desert: Joshua Tree National Park: lower Covington Flats: ridge between washes west of the trail: north slope of summit. (Joshua Tree South)	https://lichenportal.org/portal/collections/individual/index.php?occid=2602811
2602813	UCR(temp)	SBBG010226L	Kerry Knudsen	14095	1.6	233.01	California	San Bernardino	34.018694	-116.296194	outside_boundary_exact	California, Riverside County	Mojave Desert: Joshua Tree National Park: lower Covington Flats: ridge between washes west of the trail: north slope of summit. (Joshua Tree South)	https://lichenportal.org/portal/collections/individual/index.php?occid=2602813
2602828	UCR(temp)	UCR-229843	Kerry Knudsen	14117	1.6	233.01	California	San Bernardino	34.01869	-116.29619	outside_boundary_exact	California, Riverside County	Joshua Tree National Park: lower Covington Flats: ridge between washes west of the trail: north slope of summit.	https://lichenportal.org/portal/collections/individual/index.php?occid=2602828
2602838	UCR(temp)	UCR-229837	Kerry Knudsen	14075	1.6	233.01	California	San Bernardino	34.01869	-116.29619	outside_boundary_exact	California, Riverside County	Joshua Tree National Park: lower Covington Flats: ridge between washes west of the trail: north slope of summit.	https://lichenportal.org/portal/collections/individual/index.php?occid=2602838
2602845	UCR(temp)	SBBG009937L	Kerry Knudsen	14073	1.6	233.01	California	San Bernardino	34.018694	-116.296194	outside_boundary_exact	California, Riverside County	Mojave Desert: Joshua Tree National Park: lower Covington Flats: ridge between washes west of the trail: north slope of summit. (Joshua Tree South)	https://lichenportal.org/portal/collections/individual/index.php?occid=2602845
2602846	UCR(temp)	SBBG090650L	Kerry Knudsen	14074	1.6	233.01	California	San Bernardino	34.018694	-116.296194	outside_boundary_exact	California, Riverside County	Mojave desert: Joshua Tree National Park: lower Covington Flats: ridge between washes west of the trail: north slope of summit.	https://lichenportal.org/portal/collections/individual/index.php?occid=2602846
2602847	UCR(temp)	SBBG010266L	Kerry Knudsen	14114	1.6	233.01	California	San Bernardino	34.018694	-116.296194	outside_boundary_exact	California, Riverside County	Mojave Desert: Joshua Tree National Park: lower Covington Flats: ridge between washes west of the trail: north slope of summit. (Joshua Tree South)	https://lichenportal.org/portal/collections/individual/index.php?occid=2602847
2602849	UCR(temp)	SBBG011315L	Kerry Knudsen	14119	1.6	233.01	California	San Bernardino	34.018694	-116.296194	outside_boundary_exact	California, Riverside County	Mojave Desert: Joshua Tree National Park: lower Covington Flats: ridge between washes west of the trail: north slope of summit. (Joshua Tree South)	https://lichenportal.org/portal/collections/individual/index.php?occid=2602849
2602850	UCR(temp)	SBBG024577L	Kerry Knudsen	14120	1.6	233.01	California	San Bernardino	34.01869	-116.29619	outside_boundary_exact	California, Riverside County	Joshua Tree National Park: lower Covington Flats: ridge between washes west of the trail: north slope of summit.	https://lichenportal.org/portal/collections/individual/index.php?occid=2602850
2602853	UCR(temp)	SBBG022003L	Kerry Knudsen	14068	1.6	233.01	California	San Bernardino	34.018694	-116.296194	outside_boundary_exact	California, Riverside County	Joshua Tree National Park: lower Covington Flats: ridge between washes west of the trail: north slope of summit.	https://lichenportal.org/portal/collections/individual/index.php?occid=2602853
2602865	UCR(temp)	UCR-229681	Kerry Knudsen	14079	1.6	233.01	California	San Bernardino	34.01869	-116.29619	outside_boundary_exact	California, Riverside County	Joshua Tree National Park: lower Covington Flats: ridge between washes west of the trail: north slope of summit.	https://lichenportal.org/portal/collections/individual/index.php?occid=2602865
2602866	UCR(temp)	UCR-229673	Kerry Knudsen	14080	1.6	233.01	California	San Bernardino	34.01869	-116.29619	outside_boundary_exact	California, Riverside County	Joshua Tree National Park: lower Covington Flats: ridge between washes west of the trail: north slope of summit.	https://lichenportal.org/portal/collections/individual/index.php?occid=2602866
2602880	UCR(temp)	SBBG010436L	Kerry Knudsen	14099	1.6	233.01	California	San Bernardino	34.018694	-116.296194	outside_boundary_exact	California, Riverside County	Mojave Desert: Joshua Tree National Park: lower Covington Flats: ridge between washes west of the trail: north slope of summit. (Joshua Tree South)	https://lichenportal.org/portal/collections/individual/index.php?occid=2602880
2602892	UCR(temp)	UCR-229869	Kerry Knudsen	14106	1.6	233.01	California	San Bernardino	34.01869	-116.29619	outside_boundary_exact	California, Riverside County	Joshua Tree National Park: lower Covington Flats: ridge between washes west of the trail: north slope of summit.	https://lichenportal.org/portal/collections/individual/index.php?occid=2602892
5643306	UCR(temp)	SBBG012264L	Kerry Knudsen	14106	1.6	233.01	California	San Bernardino	34.01869	-116.29619	outside_boundary_exact	California, Riverside County	Joshua Tree National Park: lower Covington Flats: ridge between washes west of the trail: north slope of summit.	https://lichenportal.org/portal/collections/individual/index.php?occid=5643306
2602705	UCR(temp)	UCR-229884	Kerry Knudsen	14091	1.58	232.98	California	San Bernardino	34.01878	-116.29653	outside_boundary_exact	California, Riverside County	Joshua Tree National Park: lower Covington Flats: ridge between two washes west of the main trail.	https://lichenportal.org/portal/collections/individual/index.php?occid=2602705
2602783	UCR(temp)	UCR-229975	Kerry Knudsen	14100	1.58	232.98	California	San Bernardino	34.01878	-116.29653	outside_boundary_exact	California, Riverside County	Joshua Tree National Park: lower Covington Flats: ridge between two washes west of the main trail.	https://lichenportal.org/portal/collections/individual/index.php?occid=2602783
2602784	UCR(temp)	UCR-229974	Kerry Knudsen	14101	1.58	232.98	California	San Bernardino	34.01878	-116.29653	outside_boundary_exact	California, Riverside County	Joshua Tree National Park: lower Covington Flats: ridge between two washes west of the main trail.	https://lichenportal.org/portal/collections/individual/index.php?occid=2602784
2602785	UCR(temp)	SBBG010994L	Kerry Knudsen	14102	1.58	232.98	California	San Bernardino	34.018778	-116.296528	outside_boundary_exact	California, Riverside County	Mojave Desert: Joshua Tree National Park: lower Covington Flats: ridge between two washes west of the main trail. (Joshua Tree South)	https://lichenportal.org/portal/collections/individual/index.php?occid=2602785
2602788	UCR(temp)	UCR-229963	Kerry Knudsen	14112-.1	1.58	232.98	California	San Bernardino	34.01878	-116.29653	outside_boundary_exact	California, Riverside County	Joshua Tree National Park: lower Covington Flats: ridge between two washes west of the main trail.	https://lichenportal.org/portal/collections/individual/index.php?occid=2602788
2602791	UCR(temp)	SBBG013465L	Kerry Knudsen	14097	1.58	232.98	California	San Bernardino	34.018778	-116.296528	outside_boundary_exact	California, Riverside County	Joshua Tree National Park: lower Covington Flats: ridge between two washes west of the main trail.	https://lichenportal.org/portal/collections/individual/index.php?occid=2602791
2602801	UCR(temp)	SBBG009329L	Kerry Knudsen	14113	1.58	232.98	California	San Bernardino	34.01878	-116.29653	outside_boundary_exact	California, Riverside County	Mojave Desert: Joshua Tree National Park: lower Covington Flats: ridge between two washes west of the main trail. (Joshua Tree South)	https://lichenportal.org/portal/collections/individual/index.php?occid=2602801
2602802	UCR(temp)	SBBG009325L	Kerry Knudsen	14112-.1	1.58	232.98	California	San Bernardino	34.01878	-116.29653	outside_boundary_exact	California, Riverside County	Mojave Desert: Joshua Tree National Park: lower Covington Flats: ridge between two washes west of the main trail. (Joshua Tree South)	https://lichenportal.org/portal/collections/individual/index.php?occid=2602802
5358965	UCR(temp)	SBBG009331L	Kerry Knudsen	14112-.2	1.58	232.98	California	San Bernardino	34.01878	-116.29653	outside_boundary_exact	California, Riverside County	Mojave Desert: Joshua Tree National Park: lower Covington Flats: ridge between two washes west of the main trail. (Joshua Tree South)	https://lichenportal.org/portal/collections/individual/index.php?occid=5358965
2592565	UCR(temp)	UCR-151549	Kerry Knudsen	2637	1.4	241.67	California	San Bernardino	34.02139	-116.11583	outside_boundary_exact	California, Riverside County	Joshua Tree National Park: open desert	https://lichenportal.org/portal/collections/individual/index.php?occid=2592565
2592569	UCR(temp)	SBBG009144L	Kerry Knudsen	2640	1.4	241.67	California	San Bernardino	34.02139	-116.11583	outside_boundary_exact	California, Riverside County	Mojave Desert: Joshua Tree National Park:(Queen Mountain)	https://lichenportal.org/portal/collections/individual/index.php?occid=2592569
2592570	UCR(temp)	UCR-151477	Kerry Knudsen	2641-.1	1.4	241.67	California	San Bernardino	34.02139	-116.11583	outside_boundary_exact	California, Riverside County	Joshua Tree National Park: open desert	https://lichenportal.org/portal/collections/individual/index.php?occid=2592570
2592571	UCR(temp)	SBBG010976L	Kerry Knudsen	2638	1.4	241.67	California	San Bernardino	34.02139	-116.11583	outside_boundary_exact	California, Riverside County	Mojave Desert: Joshua Tree National Park: open desert (Queen Mountain)	https://lichenportal.org/portal/collections/individual/index.php?occid=2592571
2603162	UCR(temp)	SBBG012265L	Kerry Knudsen	14047	1.21	232.65	California	San Bernardino	34.02222	-116.29667	outside_boundary_exact	California, Riverside County	Joshua Tree National Park: lower Covington Flats	https://lichenportal.org/portal/collections/individual/index.php?occid=2603162
2603480	UCR(temp)	SBBG010634L	Kerry Knudsen	14618	1.21	236.1	California	San Bernardino	34.023528	-116.222389	outside_boundary_exact	California, Riverside County	Mojave Desert: Joshua Tree National Park: east of Quail Mountain in steep wash on side of ridge. (Joshua Tree South)	https://lichenportal.org/portal/collections/individual/index.php?occid=2603480
2603481	UCR(temp)	SBBG009170L	Kerry Knudsen	14616	1.21	236.1	California	San Bernardino	34.02353	-116.22239	outside_boundary_exact	California, Riverside County	Mojave Desert: Joshua Tree National Park: east of Quail Mountain in steep wash on side of ridge. (Joshua Tree South)	https://lichenportal.org/portal/collections/individual/index.php?occid=2603481
5348545	UCR(temp)	SBBG009210L	Kerry Knudsen	14615	1.21	236.1	California	San Bernardino	34.023528	-116.222389	outside_boundary_exact	California, Riverside County	Mojave Desert: Joshua Tree National Park: east of Quail Mountain in steep wash on side of ridge (Joshua Tree South)	https://lichenportal.org/portal/collections/individual/index.php?occid=5348545
5358964	UCR(temp)	SBBG009312L	Kerry Knudsen	14613.2	1.21	236.1	California	San Bernardino	34.023528	-116.222389	outside_boundary_exact	California, Riverside County	Mojave Desert: Joshua Tree National Park: east of Quail Mountain in steep wash on side of ridge (Joshua Tree South)	https://lichenportal.org/portal/collections/individual/index.php?occid=5358964
2603485	UCR(temp)	SBBG022854L	Kerry Knudsen	14613.1	1.2	236.22	California	San Bernardino	34.023639	-116.219639	outside_boundary_exact	California, Riverside County	Joshua Tree National Park: east of Quail Mountain in steep wash.	https://lichenportal.org/portal/collections/individual/index.php?occid=2603485
2602065	UCR(temp)	SBBG011753L	Kerry Knudsen	13379	1.06	162	California	Riverside	34.04311	-116.18272	outside_boundary_exact	California, San Bernardino County	Joshua Tree National Park: Wonderland of Rocks: open desert near Boy Scout Trail.	https://lichenportal.org/portal/collections/individual/index.php?occid=2602065
2602219	UCR(temp)	SBBG016941L	Kerry Knudsen	13526	1.02	228.41	California	San Bernardino	34.023611	-116.385833	outside_boundary_exact	California, Riverside County	Joshua Tree National Park: Little San Bernardino Mountains: Black Rock	https://lichenportal.org/portal/collections/individual/index.php?occid=2602219
2602232	UCR(temp)	SBBG012506L	Kerry Knudsen	13527	1.02	228.41	California	San Bernardino	34.023611	-116.385833	outside_boundary_exact	California, Riverside County	Transverse Range: Joshua Tree National Park: Little San Bernardino Mountains: Black Rock (Yucca Valley South)	https://lichenportal.org/portal/collections/individual/index.php?occid=2602232
2602235	UCR(temp)	SBBG024535L	Kerry Knudsen	13529-.1	1.02	228.41	California	San Bernardino	34.023611	-116.385833	outside_boundary_exact	California, Riverside County	Joshua Tree National Park: Little San Bernardino Mountains: Black Rock	https://lichenportal.org/portal/collections/individual/index.php?occid=2602235
2602237	UCR(temp)	SBBG021507L	Kerry Knudsen	13529-.2	1.02	228.41	California	San Bernardino	34.023611	-116.385833	outside_boundary_exact	California, Riverside County	Joshua Tree National Park: Little San Bernardino Mountains: Black Rock	https://lichenportal.org/portal/collections/individual/index.php?occid=2602237
2602238	UCR(temp)	UCR-224471	Kerry Knudsen	13531	1.02	228.41	California	San Bernardino	34.02361	-116.38583	outside_boundary_exact	California, Riverside County	Joshua Tree National Park: Little San Bernardino Mountains: Black Rock	https://lichenportal.org/portal/collections/individual/index.php?occid=2602238
2602254	UCR(temp)	SBBG090445L	Kerry Knudsen	13530	1.02	228.41	California	San Bernardino	34.023611	-116.385833	outside_boundary_exact	California, Riverside County	Transverse Range: Joshua Tree National Park: Little San Bernardino Mountains: Black Rock	https://lichenportal.org/portal/collections/individual/index.php?occid=2602254
2593496	UCR(temp)	UCR-164682	Kerry Knudsen	4006	0.77	158.27	California	Los Angeles	34.10639	-118.90361	outside_boundary_exact	California, Ventura County	Party Rock above Carlye Canyon	https://lichenportal.org/portal/collections/individual/index.php?occid=2593496
2592522	UCR(temp)	SBBG002687L	Kerry Knudsen	1266	0.76	57.03	California	Orange	33.764167	-117.533889	outside_boundary_exact	California, Riverside County	Peninsular Range: Santiago Peak	https://lichenportal.org/portal/collections/individual/index.php?occid=2592522
2601683	UCR(temp)	UCR-221115	Kerry Knudsen	13474	0.61	155.2	California	Riverside	34.03947	-116.10553	outside_boundary_exact	California, San Bernardino County	Joshua Tree National Park: Queen Valley, small hill near the base of Queen Mountain	https://lichenportal.org/portal/collections/individual/index.php?occid=2601683
2601703	UCR(temp)	SBBG012457L	Kerry Knudsen	13473	0.61	155.2	California	Riverside	34.039472	-116.105528	outside_boundary_exact	California, San Bernardino County	Mojave Desert: Joshua Tree National Park: Queen Valley, small hill near the base of Queen Mountain (Queen Mountain)	https://lichenportal.org/portal/collections/individual/index.php?occid=2601703
2602978	UCR(temp)	SBBG012269L	Kerry Knudsen	14233-.1	0.52	232.77	California	San Bernardino	34.02969	-116.27903	outside_boundary_exact	California, Riverside County	Joshua Tree National Park: Smith Water Canyon	https://lichenportal.org/portal/collections/individual/index.php?occid=2602978
2601391	UCR(temp)	UCR-220531	Kerry Knudsen	13478	0.49	157.67	California	Riverside	34.03817	-116.13475	outside_boundary_exact	California, San Bernardino County	Joshua Tree National Park: Wall Street Canyon: near Wall Street Mill in wash.	https://lichenportal.org/portal/collections/individual/index.php?occid=2601391
2601545	UCR(temp)	UCR-220589	Kerry Knudsen	13475	0.49	157.67	California	Riverside	34.03817	-116.13475	outside_boundary_exact	California, San Bernardino County	Joshua Tree National Park: Wall Street Canyon: near Wall Street Mill in wash.	https://lichenportal.org/portal/collections/individual/index.php?occid=2601545
2601546	UCR(temp)	UCR-220573	Kerry Knudsen	13476-.1	0.49	157.67	California	Riverside	34.03817	-116.13475	outside_boundary_exact	California, San Bernardino County	Joshua Tree National Park: Wall Street Canyon: near Wall Street Mill in wash.	https://lichenportal.org/portal/collections/individual/index.php?occid=2601546
2601547	UCR(temp)	SBBG009178L	Kerry Knudsen	13476-.2	0.49	157.67	California	Riverside	34.03817	-116.13475	outside_boundary_exact	California, San Bernardino County	Mojave Desert: Joshua Tree National Park: Wall Street Canyon: near Wall Street Mill in wash. (Indian Cove)	https://lichenportal.org/portal/collections/individual/index.php?occid=2601547
2601625	UCR(temp)	SBBG024017L	Kerry Knudsen	13477	0.49	157.67	California	Riverside	34.03817	-116.13475	outside_boundary_exact	California, San Bernardino County	Joshua Tree National Park: Wall Street Canyon: near Wall Street Mill in wash.	https://lichenportal.org/portal/collections/individual/index.php?occid=2601625
2601628	UCR(temp)	SBBG009311L	Kerry Knudsen	13479-.1	0.49	157.67	California	Riverside	34.03817	-116.13475	outside_boundary_exact	California, San Bernardino County	Mojave Desert: Joshua Tree National Park: Wall Street Canyon: near Wall Street Mill in wash. (Indian Cove)	https://lichenportal.org/portal/collections/individual/index.php?occid=2601628
2601704	UCR(temp)	SBBG010265L	Kerry Knudsen	13480.1	0.49	157.67	California	Riverside	34.038167	-116.13475	outside_boundary_exact	California, San Bernardino County	Mojave Desert: Joshua Tree National Park: Wall Street Canyon: near Wall Street Mill in wash. (Indian Cove)	https://lichenportal.org/portal/collections/individual/index.php?occid=2601704
2601705	UCR(temp)	UCR-221100	Kerry Knudsen	13481	0.49	157.67	California	Riverside	34.03817	-116.13475	outside_boundary_exact	California, San Bernardino County	Joshua Tree National Park: Wall Street Canyon: near Wall Street Mill in wash.	https://lichenportal.org/portal/collections/individual/index.php?occid=2601705
2602089	UCR(temp)	SBBG021765L	Kerry Knudsen	13480-.2	0.49	157.67	California	Riverside	34.038167	-116.13475	outside_boundary_exact	California, San Bernardino County	Joshua Tree National Park: Wall Street Canyon: near Wall Street Mill in wash.	https://lichenportal.org/portal/collections/individual/index.php?occid=2602089
2602338	UCR(temp)	SBBG022849L	Kerry Knudsen	13479-.2	0.49	157.67	California	Riverside	34.038167	-116.134722	outside_boundary_exact	California, San Bernardino County	Joshua Tree National Park: Wall Street Canyon: near Wall Street Mill in wash.	https://lichenportal.org/portal/collections/individual/index.php?occid=2602338
2592609	UCR(temp)	UCR-153281	Kerry Knudsen	2698	0.45	128.81	California	San Diego	32.91611	-117.33222	outside_boundary_exact	not_found_in_US	Torrey Pines State Park: sandstone bluffs.	https://lichenportal.org/portal/collections/individual/index.php?occid=2592609
2592610	UCR(temp)	UCR-153158	Kerry Knudsen	2699	0.45	128.81	California	San Diego	32.91611	-117.33222	outside_boundary_exact	not_found_in_US	Torrey Pines State Park: sandstone bluffs.	https://lichenportal.org/portal/collections/individual/index.php?occid=2592610
2594515	UCR(temp)	SBBG024114L	Kerry Knudsen	2700	0.45	128.81	California	San Diego	32.91611	-117.33222	outside_boundary_exact	not_found_in_US	Torrey Pines State Park: sandstone bluffs.	https://lichenportal.org/portal/collections/individual/index.php?occid=2594515
2590108	UCR(temp)	SBBG005924L	Kerry Knudsen	1162	0.43	287.49	California	Riverside	33.557467	-117.498467	outside_boundary_exact	California, Orange County	Peninsular Range: Santa Ana Mountains: above Tenaja Falls	https://lichenportal.org/portal/collections/individual/index.php?occid=2590108
2602420	UCR(temp)	UCR-229029	Kerry Knudsen	13766	0.39	152.46	California	Riverside	34.03761	-116.07453	outside_boundary_exact	California, San Bernardino County	Joshua Tree National Park: Pine City: along wash between Pine City and Negro Hill	https://lichenportal.org/portal/collections/individual/index.php?occid=2602420
2602424	UCR(temp)	SBBG012492L	Kerry Knudsen	13756	0.39	152.46	California	Riverside	34.037611	-116.074528	outside_boundary_exact	California, San Bernardino County	Mojave Desert: Joshua Tree National Park: Pine City: along wash between Pine City and Negro Hill (Queen Mountain)	https://lichenportal.org/portal/collections/individual/index.php?occid=2602424
2602426	UCR(temp)	UCR-229020	Kerry Knudsen	13762	0.39	152.46	California	Riverside	34.03761	-116.07453	outside_boundary_exact	California, San Bernardino County	Joshua Tree National Park: Pine City: along wash between Pine City and Negro Hill	https://lichenportal.org/portal/collections/individual/index.php?occid=2602426
2602429	UCR(temp)	SBBG021504L	Kerry Knudsen	13759	0.39	152.46	California	Riverside	34.037611	-116.074528	outside_boundary_exact	California, San Bernardino County	Joshua Tree National Park: Pine City: along wash between Pine City and Negro Hill.	https://lichenportal.org/portal/collections/individual/index.php?occid=2602429
2602430	UCR(temp)	SBBG010672L	Kerry Knudsen	13760	0.39	152.46	California	Riverside	34.037611	-116.074528	outside_boundary_exact	California, San Bernardino County	Mojave Desert: Joshua Tree National Park: Pine City: along wash between Pine City and Negro Hill (Queen Mountain)	https://lichenportal.org/portal/collections/individual/index.php?occid=2602430
2602431	UCR(temp)	SBBG022860L	Kerry Knudsen	13757-.1	0.39	152.46	California	Riverside	34.03761	-116.07453	outside_boundary_exact	California, San Bernardino County	Joshua Tree National Park: Pine City: along wash between Pine City and Negro Hill	https://lichenportal.org/portal/collections/individual/index.php?occid=2602431
2602432	UCR(temp)	SBBG011336L	Kerry Knudsen	13757.2	0.39	152.46	California	Riverside	34.037611	-116.074528	outside_boundary_exact	California, San Bernardino County	Mojave Desert: Joshua Tree National Park: Pine City: along wash between Pine City and Negro Hill (Queen Mountain)	https://lichenportal.org/portal/collections/individual/index.php?occid=2602432
2602435	UCR(temp)	SBBG012749L	Kerry Knudsen	13764	0.39	152.46	California	Riverside	34.03761	-116.07453	outside_boundary_exact	California, San Bernardino County	Joshua Tree National Park: Pine City: along wash between Pine City and Negro Hill	https://lichenportal.org/portal/collections/individual/index.php?occid=2602435
2602436	UCR(temp)	SBBG009222L	Kerry Knudsen	13765	0.39	152.46	California	Riverside	34.03761	-116.07453	outside_boundary_exact	California, San Bernardino County	Mojave desert: Joshua Tree National Park: Pine City: along wash between Pine City and Negro Hill. (Queen Mountain)	https://lichenportal.org/portal/collections/individual/index.php?occid=2602436
2602442	UCR(temp)	UCR-229001	Kerry Knudsen	13767	0.39	152.46	California	Riverside	34.03761	-116.07453	outside_boundary_exact	California, San Bernardino County	Joshua Tree National Park: Pine City: along wash between Pine City and Negro Hill.	https://lichenportal.org/portal/collections/individual/index.php?occid=2602442
2602446	UCR(temp)	SBBG010990L	Kerry Knudsen	13770	0.39	152.46	California	Riverside	34.037611	-116.074528	outside_boundary_exact	California, San Bernardino County	Mojave Desert: Joshua Tree National Park: Pine City: along wash between Pine City and Negro Hill (Queen Mountain)	https://lichenportal.org/portal/collections/individual/index.php?occid=2602446
2602447	UCR(temp)	UCR-228998	Kerry Knudsen	13768	0.39	152.46	California	Riverside	34.03761	-116.07453	outside_boundary_exact	California, San Bernardino County	Joshua Tree National Park: Pine City: along wash between Pine City and Negro Hill	https://lichenportal.org/portal/collections/individual/index.php?occid=2602447
2602448	UCR(temp)	SBBG014107L	Kerry Knudsen	13769	0.39	152.46	California	Riverside	34.037607	-116.074529	outside_boundary_exact	California, San Bernardino County	Joshua Tree National Park: Pine City: along wash between Pine City and Negro Hill	https://lichenportal.org/portal/collections/individual/index.php?occid=2602448
2602491	UCR(temp)	SBBG024357L	Kerry Knudsen	13754	0.39	152.46	California	Riverside	34.03761	-116.07453	outside_boundary_exact	California, San Bernardino County	Joshua Tree National Park: Pine City: along wash between Pine City and Negro Hill	https://lichenportal.org/portal/collections/individual/index.php?occid=2602491
2602492	UCR(temp)	SBBG009155L	Kerry Knudsen	13761	0.39	152.46	California	Riverside	34.03761	-116.07453	outside_boundary_exact	California, San Bernardino County	Mojave Desert: Joshua Tree National Park: Pine City: along wash between Pine City and Negro Hill. (Queen Mountain)	https://lichenportal.org/portal/collections/individual/index.php?occid=2602492
2602632	UCR(temp)	SBBG009215L	Kerry Knudsen	14297-.1	0.31	239.68	California	San Bernardino	34.03103	-116.137	outside_boundary_exact	California, Riverside County	Mojave Desert: Joshua Tree National Park: Wonderland of Rocks: north-side of tor above trail to Wall Street Mill (Indian Cove)	https://lichenportal.org/portal/collections/individual/index.php?occid=2602632
2602633	UCR(temp)	SBBG009218L	Kerry Knudsen	14297-.2	0.31	239.68	California	San Bernardino	34.03103	-116.137	outside_boundary_exact	California, Riverside County	Mojave Desert: Joshua Tree National Park: Wonderland of Rocks: north-side of tor above trail to Wall Street Mill. (Indian Cove)	https://lichenportal.org/portal/collections/individual/index.php?occid=2602633
2602642	UCR(temp)	UCR-229705	Kerry Knudsen	14287	0.31	239.68	California	San Bernardino	34.03103	-116.137	outside_boundary_exact	California, Riverside County	Joshua Tree National Park: Wonderland of Rocks: north-side of tor above trail to Wall Street Mill	https://lichenportal.org/portal/collections/individual/index.php?occid=2602642
2602643	UCR(temp)	SBBG009935L	Kerry Knudsen	14288	0.31	239.68	California	San Bernardino	34.031028	-116.137	outside_boundary_exact	California, Riverside County	Mojave Desert: Joshua Tree National Park: Wonderland of Rocks: north-side of tor above trail to Wall Street Mill. (Indian Cove)	https://lichenportal.org/portal/collections/individual/index.php?occid=2602643
2602644	UCR(temp)	SBBG009328L	Kerry Knudsen	14289	0.31	239.68	California	San Bernardino	34.03103	-116.137	outside_boundary_exact	California, Riverside County	Mojave Desert: Joshua Tree National Park: Wonderland of Rocks: north-side of tor above trail to Wall Street Mill. (Indian Cove)	https://lichenportal.org/portal/collections/individual/index.php?occid=2602644
2602648	UCR(temp)	SBBG090560L	Kerry Knudsen	14295	0.31	239.69	California	San Bernardino	34.031	-116.137015	outside_boundary_exact	California, Riverside County	Mojave Desert: Joshua Tree National Park: Wonderland of Rocks: north-side of tor above trail to Wall Street Mill.	https://lichenportal.org/portal/collections/individual/index.php?occid=2602648
2602649	UCR(temp)	UCR-229882	Jana Kocourková	s.n.	0.31	239.68	California	San Bernardino	34.03103	-116.137	outside_boundary_exact	California, Riverside County	Joshua Tree National Park: Wonderland of Rocks: north slope of tor above trail to Wall Street Mill.	https://lichenportal.org/portal/collections/individual/index.php?occid=2602649
2602658	UCR(temp)	SBBG024018L	Kerry Knudsen	12490	0.31	239.68	California	San Bernardino	34.03103	-116.137	outside_boundary_exact	California, Riverside County	Joshua Tree National Park: Wonderland of Rocks: north-side of tor above trail to Wall Street Mill	https://lichenportal.org/portal/collections/individual/index.php?occid=2602658
2602666	UCR(temp)	SBBG009171L	Jana Kocourková	s.n.	0.31	239.68	California	San Bernardino	34.03103	-116.137	outside_boundary_exact	California, Riverside County	Mojave Desert: Joshua Tree National Park: Wonderland of Rocks: north slope of tor above trail to Wall Street Mill. (Indian Cove)	https://lichenportal.org/portal/collections/individual/index.php?occid=2602666
2602667	UCR(temp)	UCR-229909	Kerry Knudsen	14291	0.31	239.68	California	San Bernardino	34.03103	-116.137	outside_boundary_exact	California, Riverside County	Joshua Tree National Park: Wonderland of Rocks: north-side of tor above trail to Wall Street Mill	https://lichenportal.org/portal/collections/individual/index.php?occid=2602667
2602670	UCR(temp)	SBBG090549L	Kerry Knudsen	14292.1	0.31	239.68	California	San Bernardino	34.031028	-116.137	outside_boundary_exact	California, Riverside County	Mojave Desert: Joshua Tree National Park: Wonderland of Rocks: north-side of tor above trail to Wall Street Mill	https://lichenportal.org/portal/collections/individual/index.php?occid=2602670
2602671	UCR(temp)	SBBG022005L	Kerry Knudsen	14293-.1	0.31	239.68	California	San Bernardino	34.031028	-116.137	outside_boundary_exact	California, Riverside County	Joshua Tree National Park: Wonderland of Rocks: north-side of tor above trail to Wall Street Mill	https://lichenportal.org/portal/collections/individual/index.php?occid=2602671
2602672	UCR(temp)	UCR-229920	Jana Kocourková	s.n.	0.31	239.68	California	San Bernardino	34.03103	-116.137	outside_boundary_exact	California, Riverside County	Joshua Tree National Park: Wonderland of Rocks: north slope of tor above trail to Wall Street Mill.	https://lichenportal.org/portal/collections/individual/index.php?occid=2602672
2602673	UCR(temp)	SBBG009008L	Kerry Knudsen	14295	0.31	239.68	California	San Bernardino	34.031028	-116.137	outside_boundary_exact	California, Riverside County	Mojave Desert: Joshua Tree National Park: Wonderland of Rocks: north-side of tor above trail to Wall Street Mill.	https://lichenportal.org/portal/collections/individual/index.php?occid=2602673
2602675	UCR(temp)	UCR-229915	Kerry Knudsen	14292-.2	0.31	239.68	California	San Bernardino	34.03103	-116.137	outside_boundary_exact	California, Riverside County	Joshua Tree National Park: Wonderland of Rocks: north-side of tor above trail to Wall Street Mill	https://lichenportal.org/portal/collections/individual/index.php?occid=2602675
2602676	UCR(temp)	UCR-229925	Kerry Knudsen	14296-.2	0.31	239.68	California	San Bernardino	34.03103	-116.137	outside_boundary_exact	California, Riverside County	Joshua Tree National Park: Wonderland of Rocks: north-side of tor above trail to Wall Street Mill	https://lichenportal.org/portal/collections/individual/index.php?occid=2602676
2602677	UCR(temp)	UCR-229919	Kerry Knudsen	142960.1	0.31	239.68	California	San Bernardino	34.03103	-116.137	outside_boundary_exact	California, Riverside County	Joshua Tree National Park: Wonderland of Rocks: north-side of tor above trail to Wall Street Mill.	https://lichenportal.org/portal/collections/individual/index.php?occid=2602677
2602678	UCR(temp)	UCR-229924	Kerry Knudsen	14293-.2	0.31	239.68	California	San Bernardino	34.03103	-116.137	outside_boundary_exact	California, Riverside County	Joshua Tree National Park: Wonderland of Rocks: north-side of tor above trail to Wall Street Mill	https://lichenportal.org/portal/collections/individual/index.php?occid=2602678
2602679	UCR(temp)	SBBG011339L	Kerry Knudsen	14294.1	0.31	239.68	California	San Bernardino	34.031028	-116.137	outside_boundary_exact	California, Riverside County	Mojave Desert: Joshua Tree National Park: Wonderland of Rocks: north-side of tor above trail to Wall Street Mill (Indian Cove)	https://lichenportal.org/portal/collections/individual/index.php?occid=2602679
2602680	UCR(temp)	SBBG025148L	Kerry Knudsen	14294-.2	0.31	239.68	California	San Bernardino	34.031028	-116.137	outside_boundary_exact	California, Riverside County	Joshua Tree National Park: Wonderland of Rocks: north-side of tor above trail to Wall Street Mill.	https://lichenportal.org/portal/collections/individual/index.php?occid=2602680
2602932	UCR(temp)	SBBG090388L	Kerry Knudsen	14296	0.31	239.68	California	San Bernardino	34.031028	-116.137	outside_boundary_exact	California, Riverside County	Mojave Desert: Joshua Tree National Park: Wonderland of Rocks: north-side of tor above trail to Wall Street Mill. (Indian Cove 7.5' Q).	https://lichenportal.org/portal/collections/individual/index.php?occid=2602932
4722790	UCR(temp)	UCR-229916	Kerry Knudsen	14295	0.31	239.68	California	San Bernardino	34.03103	-116.137	outside_boundary_exact	California, Riverside County	Joshua Tree National Park: Wonderland of Rocks: north-side of tor above trail to Wall Street Mill	https://lichenportal.org/portal/collections/individual/index.php?occid=4722790
2592776	UCR(temp)	SBBG016996L	Kerry Knudsen	2891	0.3	277.32	California	Riverside	33.502056	-117.369028	outside_boundary_exact	California, San Diego County	San Mateo Wilderness Area: Tenaja Canyon.	https://lichenportal.org/portal/collections/individual/index.php?occid=2592776
2592371	UCR(temp)	SBBG015738L	Kerry Knudsen	62-.1	0.27	277.3	California	Riverside	33.501806	-117.3688	outside_boundary_exact	California, San Diego County	San Mateo Wilderness Area: Tenaja Canyon.	https://lichenportal.org/portal/collections/individual/index.php?occid=2592371
2595552	UCR(temp)	SBBG018419L	Kerry Knudsen	4033	0.15	107.97	California	Ventura	34.005833	-119.000278	outside_boundary_exact	not_found_in_US	Santa Monica Mountains: n/s of Conejo Mountain: above Conejo Creek (edge of Conejo Mountains)	https://lichenportal.org/portal/collections/individual/index.php?occid=2595552
2594108	UCR(temp)	UCR-168878	C. Bratt	12547	0.14	192.29	California	Ventura	34.88389	-119.44528	outside_boundary_exact	California, Santa Barbara County	Ballinger Canyon, off Rte 33, south of Rte 166, LPNF, beyond campground, before corrals	https://lichenportal.org/portal/collections/individual/index.php?occid=2594108
2590415	UCR(temp)	UCR-135114	Kerry Knudsen	1207	0.07	56.57	California	Orange	33.71361	-117.53361	outside_boundary_exact	California, Riverside County	Santa Ana Mountains: S slope of Santiago Peak	https://lichenportal.org/portal/collections/individual/index.php?occid=2590415
2602223	UCR(temp)	UCR-224491	Kerry Knudsen	13552	0.02	245.03	California	San Bernardino	34.03417	-116.02972	outside_boundary_exact	California, Riverside County	Joshua Tree National Park: mountains near north entrance.	https://lichenportal.org/portal/collections/individual/index.php?occid=2602223
2602224	UCR(temp)	UCR-224479	Kerry Knudsen	13553	0.02	245.03	California	San Bernardino	34.03417	-116.02972	outside_boundary_exact	California, Riverside County	Joshua Tree National Park: mountains near north entrance.	https://lichenportal.org/portal/collections/individual/index.php?occid=2602224
