id	institutionCode	catalogNumber	recordedBy	recordNumber	distance_km	distance_max_km	state	county	decimalLatitude	decimalLongitude	status	implied_location	locality	record_link
3768881	COLO	COLO-L-0056061	James C. Lendemer	56645	149.92	197.61	Tennessee	Blount	35.520278	-85.853056	outside_boundary_exact	Tennessee, Warren County	Great Smoky Mountains National Park, Rich Gap, jct of Long Hungry Ridge Trail and Gregory Ridge Trail, ~0.6 mi E of Gregory Bald, ~0.7 mi W of Forge Knob	https://lichenportal.org/portal/collections/individual/index.php?occid=3768881
4376194	COLO	COLO-L-0055620	Erin Tripp	7950	22.04	76.91	Tennessee	Monroe	35.593371	-83.731612	outside_boundary_exact	Tennessee, Blount County	Great Smoky Mountains National Park, E slopes of Bote Mountain, Bote Mountain Trail 0.2 mi S of jct w/ Lead Cove Trail	https://lichenportal.org/portal/collections/individual/index.php?occid=4376194
4377268	COLO	COLO-L-0055165	Erin Tripp	7961	22.04	76.91	Tennessee	Monroe	35.593371	-83.731612	outside_boundary_exact	Tennessee, Blount County	Great Smoky Mountains National Park, E slopes of Bote Mountain, Bote Mountain Trail 0.2 mi S of jct w/ Lead Cove Trail	https://lichenportal.org/portal/collections/individual/index.php?occid=4377268
4377269	COLO	COLO-L-0055166	Erin Tripp	7960	22.04	76.91	Tennessee	Monroe	35.593371	-83.731612	outside_boundary_exact	Tennessee, Blount County	Great Smoky Mountains National Park, E slopes of Bote Mountain, Bote Mountain Trail 0.2 mi S of jct w/ Lead Cove Trail	https://lichenportal.org/portal/collections/individual/index.php?occid=4377269
4377270	COLO	COLO-L-0055167	Erin Tripp	7958	22.04	76.91	Tennessee	Monroe	35.593371	-83.731612	outside_boundary_exact	Tennessee, Blount County	Great Smoky Mountains National Park, E slopes of Bote Mountain, Bote Mountain Trail 0.2 mi S of jct w/ Lead Cove Trail	https://lichenportal.org/portal/collections/individual/index.php?occid=4377270
4377271	COLO	COLO-L-0055168	Erin Tripp	7954	22.04	76.91	Tennessee	Monroe	35.593371	-83.731612	outside_boundary_exact	Tennessee, Blount County	Great Smoky Mountains National Park, E slopes of Bote Mountain, Bote Mountain Trail 0.2 mi S of jct w/ Lead Cove Trail	https://lichenportal.org/portal/collections/individual/index.php?occid=4377271
4377272	COLO	COLO-L-0055169	Erin Tripp	7952	22.04	76.91	Tennessee	Monroe	35.593371	-83.731612	outside_boundary_exact	Tennessee, Blount County	Great Smoky Mountains National Park, E slopes of Bote Mountain, Bote Mountain Trail 0.2 mi S of jct w/ Lead Cove Trail	https://lichenportal.org/portal/collections/individual/index.php?occid=4377272
4377273	COLO	COLO-L-0055170	Erin Tripp	7951	22.04	76.91	Tennessee	Monroe	35.593371	-83.731612	outside_boundary_exact	Tennessee, Blount County	Great Smoky Mountains National Park, E slopes of Bote Mountain, Bote Mountain Trail 0.2 mi S of jct w/ Lead Cove Trail	https://lichenportal.org/portal/collections/individual/index.php?occid=4377273
4377274	COLO	COLO-L-0055171	Erin Tripp	7949	22.04	76.91	Tennessee	Monroe	35.593371	-83.731612	outside_boundary_exact	Tennessee, Blount County	Great Smoky Mountains National Park, E slopes of Bote Mountain, Bote Mountain Trail 0.2 mi S of jct w/ Lead Cove Trail	https://lichenportal.org/portal/collections/individual/index.php?occid=4377274
4377275	COLO	COLO-L-0055172	Erin Tripp	7948	22.04	76.91	Tennessee	Monroe	35.593371	-83.731612	outside_boundary_exact	Tennessee, Blount County	Great Smoky Mountains National Park, E slopes of Bote Mountain, Bote Mountain Trail 0.2 mi S of jct w/ Lead Cove Trail	https://lichenportal.org/portal/collections/individual/index.php?occid=4377275
4377276	COLO	COLO-L-0055173	Erin Tripp	7947	22.04	76.91	Tennessee	Monroe	35.593371	-83.731612	outside_boundary_exact	Tennessee, Blount County	Great Smoky Mountains National Park, E slopes of Bote Mountain, Bote Mountain Trail 0.2 mi S of jct w/ Lead Cove Trail	https://lichenportal.org/portal/collections/individual/index.php?occid=4377276
4377277	COLO	COLO-L-0055174	Erin Tripp	7946	22.04	76.91	Tennessee	Monroe	35.593371	-83.731612	outside_boundary_exact	Tennessee, Blount County	Great Smoky Mountains National Park, E slopes of Bote Mountain, Bote Mountain Trail 0.2 mi S of jct w/ Lead Cove Trail	https://lichenportal.org/portal/collections/individual/index.php?occid=4377277
4377278	COLO	COLO-L-0055175	Erin Tripp	7945	22.04	76.91	Tennessee	Monroe	35.593371	-83.731612	outside_boundary_exact	Tennessee, Blount County	Great Smoky Mountains National Park, E slopes of Bote Mountain, Bote Mountain Trail 0.2 mi S of jct w/ Lead Cove Trail	https://lichenportal.org/portal/collections/individual/index.php?occid=4377278
4377279	COLO	COLO-L-0055176	Erin Tripp	7943	22.04	76.91	Tennessee	Monroe	35.593371	-83.731612	outside_boundary_exact	Tennessee, Blount County	Great Smoky Mountains National Park, E slopes of Bote Mountain, Bote Mountain Trail 0.2 mi S of jct w/ Lead Cove Trail	https://lichenportal.org/portal/collections/individual/index.php?occid=4377279
4377280	COLO	COLO-L-0055176	Erin Tripp	7943	22.04	76.91	Tennessee	Monroe	35.593371	-83.731612	outside_boundary_exact	Tennessee, Blount County	Great Smoky Mountains National Park, E slopes of Bote Mountain, Bote Mountain Trail 0.2 mi S of jct w/ Lead Cove Trail	https://lichenportal.org/portal/collections/individual/index.php?occid=4377280
4377281	COLO	COLO-L-0055177	Erin Tripp	7942	22.04	76.91	Tennessee	Monroe	35.593371	-83.731612	outside_boundary_exact	Tennessee, Blount County	Great Smoky Mountains National Park, E slopes of Bote Mountain, Bote Mountain Trail 0.2 mi S of jct w/ Lead Cove Trail	https://lichenportal.org/portal/collections/individual/index.php?occid=4377281
4377591	COLO	COLO-L-0055614	Erin Tripp	7957	22.04	76.91	Tennessee	Monroe	35.593371	-83.731612	outside_boundary_exact	Tennessee, Blount County	Great Smoky Mountains National Park, E slopes of Bote Mountain, Bote Mountain Trail 0.2 mi S of jct w/ Lead Cove Trail	https://lichenportal.org/portal/collections/individual/index.php?occid=4377591
4377601	COLO	COLO-L-0055626	Erin Tripp	7944	22.04	76.91	Tennessee	Monroe	35.593371	-83.731612	outside_boundary_exact	Tennessee, Blount County	Great Smoky Mountains National Park, E slopes of Bote Mountain, Bote Mountain Trail 0.2 mi S of jct w/ Lead Cove Trail	https://lichenportal.org/portal/collections/individual/index.php?occid=4377601
1617914	COLO	COLO-L-0009001	J.W. Sheard	1485b	5.12	60.24	Tennessee	Sevier	35.51667	-83.51667	outside_boundary_exact	North Carolina, Swain County	Great Smoky Mountains National Park, Summit of Clingman's Dome	https://lichenportal.org/portal/collections/individual/index.php?occid=1617914
1690983	COLO	COLO-L-0031901	J.W. Sheard	1486B	5.12	60.24	Tennessee	Sevier	35.51667	-83.51667	outside_boundary_exact	North Carolina, Swain County	Great Smoky Mountains National Park, Summit of Clingmans Dome	https://lichenportal.org/portal/collections/individual/index.php?occid=1690983
1713010	COLO	COLO-L-0036743	J.W. Sheard	1489d	5.12	60.24	Tennessee	Sevier	35.516667	-83.516667	outside_boundary_exact	North Carolina, Swain County	Great Smoky Mountains National Park, summit of Clingmans Dome	https://lichenportal.org/portal/collections/individual/index.php?occid=1713010
5364434	COLO	COLO-L-0102834	Angelia Romano	418	5.1	51.88	Tennessee	Cocke	35.721389	-83.111944	outside_boundary_exact	North Carolina, Haywood County	Baxter Creek Trail to Mt. Sterling	https://lichenportal.org/portal/collections/individual/index.php?occid=5364434
5364435	COLO	COLO-L-0102835	Angelia Romano	419	5.1	51.88	Tennessee	Cocke	35.721389	-83.111944	outside_boundary_exact	North Carolina, Haywood County	Baxter Creek Trail to Mt. Sterling	https://lichenportal.org/portal/collections/individual/index.php?occid=5364435
5364436	COLO	COLO-L-0102836	Angelia Romano	420	5.1	51.88	Tennessee	Cocke	35.721389	-83.111944	outside_boundary_exact	North Carolina, Haywood County	Baxter Creek Trail to Mt. Sterling	https://lichenportal.org/portal/collections/individual/index.php?occid=5364436
5364437	COLO	COLO-L-0102837	Angelia Romano	421	5.1	51.88	Tennessee	Cocke	35.721389	-83.111944	outside_boundary_exact	North Carolina, Haywood County	Baxter Creek Trail to Mt. Sterling	https://lichenportal.org/portal/collections/individual/index.php?occid=5364437
5364438	COLO	COLO-L-0102838	Angelia Romano	422	5.1	51.88	Tennessee	Cocke	35.721389	-83.111944	outside_boundary_exact	North Carolina, Haywood County	Baxter Creek Trail to Mt. Sterling	https://lichenportal.org/portal/collections/individual/index.php?occid=5364438
5364439	COLO	COLO-L-0102839	Angelia Romano	423	5.1	51.88	Tennessee	Cocke	35.721389	-83.111944	outside_boundary_exact	North Carolina, Haywood County	Baxter Creek Trail to Mt. Sterling	https://lichenportal.org/portal/collections/individual/index.php?occid=5364439
5364440	COLO	COLO-L-0102840	Angelia Romano	424	5.1	51.88	Tennessee	Cocke	35.721389	-83.111944	outside_boundary_exact	North Carolina, Haywood County	Baxter Creek Trail to Mt. Sterling	https://lichenportal.org/portal/collections/individual/index.php?occid=5364440
5364441	COLO	COLO-L-0102841	Angelia Romano	425	5.1	51.88	Tennessee	Cocke	35.721389	-83.111944	outside_boundary_exact	North Carolina, Haywood County	Baxter Creek Trail to Mt. Sterling	https://lichenportal.org/portal/collections/individual/index.php?occid=5364441
5364442	COLO	COLO-L-0102842	Angelia Romano	426	4.29	51.08	Tennessee	Cocke	35.728333	-83.115278	outside_boundary_exact	North Carolina, Haywood County	Baxter Creek Trail to Mt. Sterling	https://lichenportal.org/portal/collections/individual/index.php?occid=5364442
5364443	COLO	COLO-L-0102843	Angelia Romano	427	4.29	51.08	Tennessee	Cocke	35.728333	-83.115278	outside_boundary_exact	North Carolina, Haywood County	Baxter Creek Trail to Mt. Sterling	https://lichenportal.org/portal/collections/individual/index.php?occid=5364443
5364444	COLO	COLO-L-0102844	Angelia Romano	428	4.29	51.08	Tennessee	Cocke	35.728333	-83.115278	outside_boundary_exact	North Carolina, Haywood County	Baxter Creek Trail to Mt. Sterling	https://lichenportal.org/portal/collections/individual/index.php?occid=5364444
5364446	COLO	COLO-L-0102846	Angelia Romano	430	4.29	51.08	Tennessee	Cocke	35.728333	-83.115278	outside_boundary_exact	North Carolina, Haywood County	Baxter Creek Trail to Mt. Sterling	https://lichenportal.org/portal/collections/individual/index.php?occid=5364446
5364447	COLO	COLO-L-0102847	Angelia Romano	431A	4.29	51.08	Tennessee	Cocke	35.728333	-83.115278	outside_boundary_exact	North Carolina, Haywood County	Baxter Creek Trail to Mt. Sterling	https://lichenportal.org/portal/collections/individual/index.php?occid=5364447
5364448	COLO	COLO-L-0102848	Angelia Romano	431B	4.29	51.08	Tennessee	Cocke	35.728333	-83.115278	outside_boundary_exact	North Carolina, Haywood County	Baxter Creek Trail to Mt. Sterling	https://lichenportal.org/portal/collections/individual/index.php?occid=5364448
5364449	COLO	COLO-L-0102849	Angelia Romano	432	3.28	50.06	Tennessee	Cocke	35.737222	-83.118333	outside_boundary_exact	North Carolina, Haywood County	Baxter Creek Trail to Mt. Sterling	https://lichenportal.org/portal/collections/individual/index.php?occid=5364449
5364450	COLO	COLO-L-0102850	Angelia Romano	433	3.28	50.06	Tennessee	Cocke	35.737222	-83.118333	outside_boundary_exact	North Carolina, Haywood County	Baxter Creek Trail to Mt. Sterling	https://lichenportal.org/portal/collections/individual/index.php?occid=5364450
5364451	COLO	COLO-L-0102851	Angelia Romano	434	3.28	50.06	Tennessee	Cocke	35.737222	-83.118333	outside_boundary_exact	North Carolina, Haywood County	Baxter Creek Trail to Mt. Sterling	https://lichenportal.org/portal/collections/individual/index.php?occid=5364451
5364452	COLO	COLO-L-0102853	Angelia Romano	436	3.28	50.06	Tennessee	Cocke	35.737222	-83.118333	outside_boundary_exact	North Carolina, Haywood County	Baxter Creek Trail to Mt. Sterling	https://lichenportal.org/portal/collections/individual/index.php?occid=5364452
5620936	COLO	COLO-L-0102852	Angelia Romano	435	3.28	50.06	Tennessee	Cocke	35.737222	-83.118333	outside_boundary_exact	North Carolina, Haywood County	Baxter Creek Trail to Mt. Sterling	https://lichenportal.org/portal/collections/individual/index.php?occid=5620936
4378518	COLO	COLO-L-0058607	James C. Lendemer	55909	2.26	32.18	Tennessee	Unicoi	36.108611	-82.296944	outside_boundary_exact	North Carolina, Mitchell County	Cherokee National Forest, Unaka Mountain, W-facing slopes above Red Fork Rd./FSR230, 0.3 mi W of Stamping Ground Ridge Trail	https://lichenportal.org/portal/collections/individual/index.php?occid=4378518
4378520	COLO	COLO-L-0058619	James C. Lendemer	55916	2.26	32.18	Tennessee	Unicoi	36.108611	-82.296944	outside_boundary_exact	North Carolina, Mitchell County	Cherokee National Forest, Unaka Mountain, W-facing slopes above Red Fork Rd./FSR230, 0.3 mi W of Stamping Ground Ridge Trail	https://lichenportal.org/portal/collections/individual/index.php?occid=4378520
4378521	COLO	COLO-L-0058625	James C. Lendemer	55918	2.26	32.18	Tennessee	Unicoi	36.108611	-82.296944	outside_boundary_exact	North Carolina, Mitchell County	Cherokee National Forest, Unaka Mountain, W-facing slopes above Red Fork Rd./FSR230, 0.3 mi W of Stamping Ground Ridge Trail	https://lichenportal.org/portal/collections/individual/index.php?occid=4378521
4378522	COLO	COLO-L-0058631	James C. Lendemer	55919	2.26	32.18	Tennessee	Unicoi	36.108611	-82.296944	outside_boundary_exact	North Carolina, Mitchell County	Cherokee National Forest, Unaka Mountain, W-facing slopes above Red Fork Rd./FSR230, 0.3 mi W of Stamping Ground Ridge Trail	https://lichenportal.org/portal/collections/individual/index.php?occid=4378522
4378523	COLO	COLO-L-0058637	James C. Lendemer	55921	2.26	32.18	Tennessee	Unicoi	36.108611	-82.296944	outside_boundary_exact	North Carolina, Mitchell County	Cherokee National Forest, Unaka Mountain, W-facing slopes above Red Fork Rd./FSR230, 0.3 mi W of Stamping Ground Ridge Trail	https://lichenportal.org/portal/collections/individual/index.php?occid=4378523
4378524	COLO	COLO-L-0058643	James C. Lendemer	55924	2.26	32.18	Tennessee	Unicoi	36.108611	-82.296944	outside_boundary_exact	North Carolina, Mitchell County	Cherokee National Forest, Unaka Mountain, W-facing slopes above Red Fork Rd./FSR230, 0.3 mi W of Stamping Ground Ridge Trail	https://lichenportal.org/portal/collections/individual/index.php?occid=4378524
4378525	COLO	COLO-L-0058649	James C. Lendemer	55936	2.26	32.18	Tennessee	Unicoi	36.108611	-82.296944	outside_boundary_exact	North Carolina, Mitchell County	Cherokee National Forest, Unaka Mountain, W-facing slopes above Red Fork Rd./FSR230, 0.3 mi W of Stamping Ground Ridge Trail	https://lichenportal.org/portal/collections/individual/index.php?occid=4378525
4378526	COLO	COLO-L-0058655	James C. Lendemer	55938	2.26	32.18	Tennessee	Unicoi	36.108611	-82.296944	outside_boundary_exact	North Carolina, Mitchell County	Cherokee National Forest, Unaka Mountain, W-facing slopes above Red Fork Rd./FSR230, 0.3 mi W of Stamping Ground Ridge Trail	https://lichenportal.org/portal/collections/individual/index.php?occid=4378526
4378527	COLO	COLO-L-0058661	James C. Lendemer	55941	2.26	32.18	Tennessee	Unicoi	36.108611	-82.296944	outside_boundary_exact	North Carolina, Mitchell County	Cherokee National Forest, Unaka Mountain, W-facing slopes above Red Fork Rd./FSR230, 0.3 mi W of Stamping Ground Ridge Trail	https://lichenportal.org/portal/collections/individual/index.php?occid=4378527
4378529	COLO	COLO-L-0058602	James C. Lendemer	55945	2.26	32.18	Tennessee	Unicoi	36.108611	-82.296944	outside_boundary_exact	North Carolina, Mitchell County	Cherokee National Forest, Unaka Mountain, W-facing slopes above Red Fork Rd./FSR230, 0.3 mi W of Stamping Ground Ridge Trail	https://lichenportal.org/portal/collections/individual/index.php?occid=4378529
1818099	COLO	COLO-L-0050083	Erin Tripp	3962	2.08	50.25	Tennessee	Cocke	35.733889	-83.152778	outside_boundary_exact	North Carolina, Haywood County	Great Smoky Mountains National Park, Big Creek Trail between Walnut Bottoms and Big Creek parking area	https://lichenportal.org/portal/collections/individual/index.php?occid=1818099
1818165	COLO	COLO-L-0050114	Erin Tripp	3954	2.08	50.25	Tennessee	Cocke	35.733889	-83.152778	outside_boundary_exact	North Carolina, Haywood County	Great Smoky Mountains National Park, Big Creek Trail between Walnut Bottoms and Big Creek parking area	https://lichenportal.org/portal/collections/individual/index.php?occid=1818165
1818168	COLO	COLO-L-0050116	Erin Tripp	3957	2.08	50.25	Tennessee	Cocke	35.733889	-83.152778	outside_boundary_exact	North Carolina, Haywood County	Great Smoky Mountains National Park, Big Creek Trail between Walnut Bottoms and Big Creek parking area	https://lichenportal.org/portal/collections/individual/index.php?occid=1818168
1818169	COLO	COLO-L-0050118	Erin Tripp	3958	2.08	50.25	Tennessee	Cocke	35.733889	-83.152778	outside_boundary_exact	North Carolina, Haywood County	Great Smoky Mountains National Park, Big Creek Trail between Walnut Bottoms and Big Creek parking area	https://lichenportal.org/portal/collections/individual/index.php?occid=1818169
1818170	COLO	COLO-L-0050119	Erin Tripp	3961	2.08	50.25	Tennessee	Cocke	35.733889	-83.152778	outside_boundary_exact	North Carolina, Haywood County	Great Smoky Mountains National Park, Big Creek Trail between Walnut Bottoms and Big Creek parking area	https://lichenportal.org/portal/collections/individual/index.php?occid=1818170
5364456	COLO	COLO-L-0102857	Angelia Romano	440	2.08	48.69	Tennessee	Cocke	35.750278	-83.109167	outside_boundary_exact	North Carolina, Haywood County	Baxter Creek Trail to Mt. Sterling	https://lichenportal.org/portal/collections/individual/index.php?occid=5364456
5364458	COLO	COLO-L-0102859	Angelia Romano	442	2.08	48.69	Tennessee	Cocke	35.750278	-83.109167	outside_boundary_exact	North Carolina, Haywood County	Baxter Creek Trail to Mt. Sterling	https://lichenportal.org/portal/collections/individual/index.php?occid=5364458
5364459	COLO	COLO-L-0102860	Angelia Romano	443	2.08	48.69	Tennessee	Cocke	35.750278	-83.109167	outside_boundary_exact	North Carolina, Haywood County	Baxter Creek Trail to Mt. Sterling	https://lichenportal.org/portal/collections/individual/index.php?occid=5364459
1818155	COLO	COLO-L-0050058	Erin Tripp	3937	0.27	47.05	Tennessee	Cocke	35.762361	-83.1575	outside_boundary_exact	North Carolina, Haywood County	Great Smoky Mountains National Park, Appalachian Trail, 0-1.5 miles E of intersection of Appalachian Trail with spur trail to Mt. Cammerer summit, along the A.T.	https://lichenportal.org/portal/collections/individual/index.php?occid=1818155
1818156	COLO	COLO-L-0050076	Erin Tripp	3938	0.27	47.05	Tennessee	Cocke	35.762361	-83.1575	outside_boundary_exact	North Carolina, Haywood County	Great Smoky Mountains National Park, Appalachian Trail, 0-1.5 miles E of intersection of Appalachian Trail with spur trail to Mt. Cammerer summit, along the A.T.	https://lichenportal.org/portal/collections/individual/index.php?occid=1818156
1818157	COLO	COLO-L-0050070	Erin Tripp	3940	0.27	47.05	Tennessee	Cocke	35.762361	-83.1575	outside_boundary_exact	North Carolina, Haywood County	Great Smoky Mountains National Park, Appalachian Trail, 0-1.5 miles E of intersection of Appalachian Trail with spur trail to Mt. Cammerer summit, along the A.T.	https://lichenportal.org/portal/collections/individual/index.php?occid=1818157
1818158	COLO	COLO-L-0050088	Erin Tripp	3941	0.27	47.05	Tennessee	Cocke	35.762361	-83.1575	outside_boundary_exact	North Carolina, Haywood County	Great Smoky Mountains National Park, Appalachian Trail, 0-1.5 miles E of intersection of Appalachian Trail with spur trail to Mt. Cammerer summit, along the A.T.	https://lichenportal.org/portal/collections/individual/index.php?occid=1818158
1818161	COLO	COLO-L-0050094	Erin Tripp	3945	0.27	47.05	Tennessee	Cocke	35.762361	-83.1575	outside_boundary_exact	North Carolina, Haywood County	Great Smoky Mountains National Park, Appalachian Trail, 0-1.5 miles E of intersection of Appalachian Trail with spur trail to Mt. Cammerer summit, along the A.T.	https://lichenportal.org/portal/collections/individual/index.php?occid=1818161
1818163	COLO	COLO-L-0050106	Erin Tripp	3950	0.27	47.05	Tennessee	Cocke	35.762361	-83.1575	outside_boundary_exact	North Carolina, Haywood County	Great Smoky Mountains National Park, Appalachian Trail, 0-1.5 miles E of intersection of Appalachian Trail with spur trail to Mt. Cammerer summit, along the A.T.	https://lichenportal.org/portal/collections/individual/index.php?occid=1818163
1818164	COLO	COLO-L-0050113	Erin Tripp	3952	0.27	47.05	Tennessee	Cocke	35.762361	-83.1575	outside_boundary_exact	North Carolina, Haywood County	Great Smoky Mountains National Park, Appalachian Trail, 0-1.5 miles E of intersection of Appalachian Trail with spur trail to Mt. Cammerer summit, along the A.T.	https://lichenportal.org/portal/collections/individual/index.php?occid=1818164
5364467	COLO	COLO-L-0102869	Angelia Romano	390	0.2	47.88	Tennessee	Sevier	35.615556	-83.665556	outside_boundary_exact	Tennessee, Blount County	Dripping Spring Mountain	https://lichenportal.org/portal/collections/individual/index.php?occid=5364467
5364468	COLO	COLO-L-0102870	Angelia Romano	391	0.2	47.88	Tennessee	Sevier	35.615556	-83.665556	outside_boundary_exact	Tennessee, Blount County	Dripping Spring Mountain	https://lichenportal.org/portal/collections/individual/index.php?occid=5364468
5364470	COLO	COLO-L-0102871	Angelia Romano	392A	0.2	47.88	Tennessee	Sevier	35.615556	-83.665556	outside_boundary_exact	Tennessee, Blount County	Dripping Spring Mountain	https://lichenportal.org/portal/collections/individual/index.php?occid=5364470
1818083	COLO	COLO-L-0049992	Erin Tripp	3904	0.13	46.86	Tennessee	Cocke	35.764361	-83.144917	outside_boundary_exact	North Carolina, Haywood County	Great Smoky Mountains National Park, Appalachian Trail, 0-2 miles W of intersection with Chestnut Branch Trail, E of junction with Mt. Cammerer spur trail	https://lichenportal.org/portal/collections/individual/index.php?occid=1818083
1818084	COLO	COLO-L-0049986	Erin Tripp	3905	0.13	46.86	Tennessee	Cocke	35.764361	-83.144917	outside_boundary_exact	North Carolina, Haywood County	Great Smoky Mountains National Park, Appalachian Trail, 0-2 miles W of intersection with Chestnut Branch Trail, E of junction with Mt. Cammerer spur trail	https://lichenportal.org/portal/collections/individual/index.php?occid=1818084
1818085	COLO	COLO-L-0050004	Erin Tripp	3907	0.13	46.86	Tennessee	Cocke	35.764361	-83.144917	outside_boundary_exact	North Carolina, Haywood County	Great Smoky Mountains National Park, Appalachian Trail, 0-2 miles W of intersection with Chestnut Branch Trail, E of junction with Mt. Cammerer spur trail	https://lichenportal.org/portal/collections/individual/index.php?occid=1818085
1818086	COLO	COLO-L-0049998	Erin Tripp	3903	0.13	46.86	Tennessee	Cocke	35.764361	-83.144917	outside_boundary_exact	North Carolina, Haywood County	Great Smoky Mountains National Park, Appalachian Trail, 0-2 miles W of intersection with Chestnut Branch Trail, E of junction with Mt. Cammerer spur trail	https://lichenportal.org/portal/collections/individual/index.php?occid=1818086
1818133	COLO	COLO-L-0050074	Erin Tripp	3908	0.13	46.86	Tennessee	Cocke	35.764361	-83.144917	outside_boundary_exact	North Carolina, Haywood County	Great Smoky Mountains National Park, Appalachian Trail, 0-2 miles W of intersection with Chestnut Branch Trail, E of junction with Mt. Cammerer spur trail	https://lichenportal.org/portal/collections/individual/index.php?occid=1818133
1818134	COLO	COLO-L-0050068	Erin Tripp	3909	0.13	46.86	Tennessee	Cocke	35.764361	-83.144917	outside_boundary_exact	North Carolina, Haywood County	Great Smoky Mountains National Park, Appalachian Trail, 0-2 miles W of intersection with Chestnut Branch Trail, E of junction with Mt. Cammerer spur trail	https://lichenportal.org/portal/collections/individual/index.php?occid=1818134
1818135	COLO	COLO-L-0050086	Erin Tripp	3910	0.13	46.86	Tennessee	Cocke	35.764361	-83.144917	outside_boundary_exact	North Carolina, Haywood County	Great Smoky Mountains National Park, Appalachian Trail, 0-2 miles W of intersection with Chestnut Branch Trail, E of junction with Mt. Cammerer spur trail	https://lichenportal.org/portal/collections/individual/index.php?occid=1818135
1818136	COLO	COLO-L-0050080	Erin Tripp	3911	0.13	46.86	Tennessee	Cocke	35.764361	-83.144917	outside_boundary_exact	North Carolina, Haywood County	Great Smoky Mountains National Park, Appalachian Trail, 0-2 miles W of intersection with Chestnut Branch Trail, E of junction with Mt. Cammerer spur trail	https://lichenportal.org/portal/collections/individual/index.php?occid=1818136
1818137	COLO	COLO-L-0050098	Erin Tripp	3912	0.13	46.86	Tennessee	Cocke	35.764361	-83.144917	outside_boundary_exact	North Carolina, Haywood County	Great Smoky Mountains National Park, Appalachian Trail, 0-2 miles W of intersection with Chestnut Branch Trail, E of junction with Mt. Cammerer spur trail	https://lichenportal.org/portal/collections/individual/index.php?occid=1818137
1818138	COLO	COLO-L-0050092	Erin Tripp	3913	0.13	46.86	Tennessee	Cocke	35.764361	-83.144917	outside_boundary_exact	North Carolina, Haywood County	Great Smoky Mountains National Park, Appalachian Trail, 0-2 miles W of intersection with Chestnut Branch Trail, E of junction with Mt. Cammerer spur trail	https://lichenportal.org/portal/collections/individual/index.php?occid=1818138
1818139	COLO	COLO-L-0050110	Erin Tripp	3916	0.13	46.86	Tennessee	Cocke	35.764361	-83.144917	outside_boundary_exact	North Carolina, Haywood County	Great Smoky Mountains National Park, Appalachian Trail, 0-2 miles W of intersection with Chestnut Branch Trail, E of junction with Mt. Cammerer spur trail	https://lichenportal.org/portal/collections/individual/index.php?occid=1818139
1818141	COLO	COLO-L-0050051	Erin Tripp	3915	0.13	46.86	Tennessee	Cocke	35.764361	-83.144917	outside_boundary_exact	North Carolina, Haywood County	Great Smoky Mountains National Park, Appalachian Trail, 0-2 miles W of intersection with Chestnut Branch Trail, E of junction with Mt. Cammerer spur trail	https://lichenportal.org/portal/collections/individual/index.php?occid=1818141
1818142	COLO	COLO-L-0050045	Erin Tripp	3917	0.13	46.86	Tennessee	Cocke	35.764361	-83.144917	outside_boundary_exact	North Carolina, Haywood County	Great Smoky Mountains National Park, Appalachian Trail, 0-2 miles W of intersection with Chestnut Branch Trail, E of junction with Mt. Cammerer spur trail	https://lichenportal.org/portal/collections/individual/index.php?occid=1818142
1818144	COLO	COLO-L-0050057	Erin Tripp	3919	0.13	46.86	Tennessee	Cocke	35.764361	-83.144917	outside_boundary_exact	North Carolina, Haywood County	Great Smoky Mountains National Park, Appalachian Trail, 0-2 miles W of intersection with Chestnut Branch Trail, E of junction with Mt. Cammerer spur trail	https://lichenportal.org/portal/collections/individual/index.php?occid=1818144
1818145	COLO	COLO-L-0050075	Erin Tripp	3921	0.13	46.86	Tennessee	Cocke	35.764361	-83.144917	outside_boundary_exact	North Carolina, Haywood County	Great Smoky Mountains National Park, Appalachian Trail, 0-2 miles W of intersection with Chestnut Branch Trail, E of junction with Mt. Cammerer spur trail	https://lichenportal.org/portal/collections/individual/index.php?occid=1818145
1818146	COLO	COLO-L-0050069	Erin Tripp	3922	0.13	46.86	Tennessee	Cocke	35.764361	-83.144917	outside_boundary_exact	North Carolina, Haywood County	Great Smoky Mountains National Park, Appalachian Trail, 0-2 miles W of intersection with Chestnut Branch Trail, E of junction with Mt. Cammerer spur trail	https://lichenportal.org/portal/collections/individual/index.php?occid=1818146
1818147	COLO	COLO-L-0050087	Erin Tripp	3925	0.13	46.86	Tennessee	Cocke	35.764361	-83.144917	outside_boundary_exact	North Carolina, Haywood County	Great Smoky Mountains National Park, Appalachian Trail, 0-2 miles W of intersection with Chestnut Branch Trail, E of junction with Mt. Cammerer spur trail	https://lichenportal.org/portal/collections/individual/index.php?occid=1818147
1818148	COLO	COLO-L-0050081	Erin Tripp	3923	0.13	46.86	Tennessee	Cocke	35.764361	-83.144917	outside_boundary_exact	North Carolina, Haywood County	Great Smoky Mountains National Park, Appalachian Trail, 0-2 miles W of intersection with Chestnut Branch Trail, E of junction with Mt. Cammerer spur trail	https://lichenportal.org/portal/collections/individual/index.php?occid=1818148
1818149	COLO	COLO-L-0050099	Erin Tripp	3927	0.13	46.86	Tennessee	Cocke	35.764361	-83.144917	outside_boundary_exact	North Carolina, Haywood County	Great Smoky Mountains National Park, Appalachian Trail, 0-2 miles W of intersection with Chestnut Branch Trail, E of junction with Mt. Cammerer spur trail	https://lichenportal.org/portal/collections/individual/index.php?occid=1818149
1818150	COLO	COLO-L-0050093	Erin Tripp	3928	0.13	46.86	Tennessee	Cocke	35.764361	-83.144917	outside_boundary_exact	North Carolina, Haywood County	Great Smoky Mountains National Park, Appalachian Trail, 0-2 miles W of intersection with Chestnut Branch Trail, E of junction with Mt. Cammerer spur trail	https://lichenportal.org/portal/collections/individual/index.php?occid=1818150
1818151	COLO	COLO-L-0050111	Erin Tripp	3929	0.13	46.86	Tennessee	Cocke	35.764361	-83.144917	outside_boundary_exact	North Carolina, Haywood County	Great Smoky Mountains National Park, Appalachian Trail, 0-2 miles W of intersection with Chestnut Branch Trail, E of junction with Mt. Cammerer spur trail	https://lichenportal.org/portal/collections/individual/index.php?occid=1818151
1818152	COLO	COLO-L-0050052	Erin Tripp	3931	0.13	46.86	Tennessee	Cocke	35.764361	-83.144917	outside_boundary_exact	North Carolina, Haywood County	Great Smoky Mountains National Park, Appalachian Trail, 0-2 miles W of intersection with Chestnut Branch Trail, E of junction with Mt. Cammerer spur trail	https://lichenportal.org/portal/collections/individual/index.php?occid=1818152
1818153	COLO	COLO-L-0050046	Erin Tripp	3932	0.13	46.86	Tennessee	Cocke	35.764361	-83.144917	outside_boundary_exact	North Carolina, Haywood County	Great Smoky Mountains National Park, Appalachian Trail, 0-2 miles W of intersection with Chestnut Branch Trail, E of junction with Mt. Cammerer spur trail	https://lichenportal.org/portal/collections/individual/index.php?occid=1818153
1818154	COLO	COLO-L-0050064	Erin Tripp	3935	0.13	46.86	Tennessee	Cocke	35.764361	-83.144917	outside_boundary_exact	North Carolina, Haywood County	Great Smoky Mountains National Park, Appalachian Trail, 0-2 miles W of intersection with Chestnut Branch Trail, E of junction with Mt. Cammerer spur trail	https://lichenportal.org/portal/collections/individual/index.php?occid=1818154
3171457	COLO	COLO-L-0051569	E. A. Tripp | J. C. Lendemer	3907	0.13	46.86	Tennessee	Cocke	35.76436	-83.14492	outside_boundary_exact	North Carolina, Haywood County	Great Smoky Mountains National Park, Appalachian Trail, 0-2 mi W of intersection with Chestnut Branch Trail, E of junction with Mt. Cammerer spur trail	https://lichenportal.org/portal/collections/individual/index.php?occid=3171457
3172159	COLO	COLO-L-0052597	J. C. Lendemer	37937	0.03	51.46	Tennessee	Sevier	35.6622	-83.3433	outside_boundary_exact	Tennessee, Sevier County	Great Smoky Mountains National Park, Appalachian Trail 0-1 mi E of False Gap	https://lichenportal.org/portal/collections/individual/index.php?occid=3172159
3172160	COLO	COLO-L-0052626	J. C. Lendemer	37963	0.03	51.46	Tennessee	Sevier	35.6622	-83.3433	outside_boundary_exact	Tennessee, Sevier County	Great Smoky Mountains National Park, Appalachian Trail 0-1 mi E of False Gap	https://lichenportal.org/portal/collections/individual/index.php?occid=3172160
3172241	COLO	COLO-L-0052345	E. A. Tripp	2341	0.03	52.15	Tennessee	Sevier	35.6458	-83.36	outside_boundary_exact	Tennessee, Sevier County	Great Smoky Mountains National Park, Appalachian Trail from Newfound Gap to The Sawteeth (~0-5 miles from parking area)	https://lichenportal.org/portal/collections/individual/index.php?occid=3172241
3172242	COLO	COLO-L-0052351	E. A. Tripp	2346	0.03	52.15	Tennessee	Sevier	35.6458	-83.36	outside_boundary_exact	Tennessee, Sevier County	Great Smoky Mountains National Park, Appalachian Trail from Newfound Gap to The Sawteeth (~0-5 miles from parking area)	https://lichenportal.org/portal/collections/individual/index.php?occid=3172242
3566843	COLO	COLO-L-0053533	James C. Lendemer	53166	0.03	54.46	Tennessee	Sevier	35.565	-83.543889	outside_boundary_exact	North Carolina, Swain County	Great Smoky Mountains National Park, Jenkins Knob, Appalachian Trail 0.3 mi W of Double Spring Gap and Double Spring Gap Shelter	https://lichenportal.org/portal/collections/individual/index.php?occid=3566843
3566867	COLO	COLO-L-0053527	James C. Lendemer	53167	0.03	54.46	Tennessee	Sevier	35.565	-83.543889	outside_boundary_exact	North Carolina, Swain County	Great Smoky Mountains National Park, Jenkins Knob, Appalachian Trail 0.3 mi W of Double Spring Gap and Double Spring Gap Shelter	https://lichenportal.org/portal/collections/individual/index.php?occid=3566867
6029781	COLO	COLO-L-0050495	James C. Lendemer	37928	0.03	51.46	Tennessee	Sevier	35.6622	-83.3433	outside_boundary_exact	Tennessee, Sevier County	Great Smoky Mountains National Park, Appalachian Trail 0-1 mi E of False Gap.	https://lichenportal.org/portal/collections/individual/index.php?occid=6029781
3171560	COLO	COLO-L-0052094	J. C. Lendemer	33388	0.02	46.94	Tennessee	Cocke	35.7633	-83.1611	outside_boundary_exact	North Carolina, Haywood County	Great Smoky Mountains National Park, summit of Mt. Cammerer, ridge extending NE of shelter	https://lichenportal.org/portal/collections/individual/index.php?occid=3171560
3171561	COLO	COLO-L-0052082	J. C. Lendemer	33402	0.02	46.94	Tennessee	Cocke	35.7633	-83.1611	outside_boundary_exact	North Carolina, Haywood County	Great Smoky Mountains National Park, summit of Mt. Cammerer, ridge extending NE of shelter	https://lichenportal.org/portal/collections/individual/index.php?occid=3171561
3171562	COLO	COLO-L-0052070	J. C. Lendemer	33410	0.02	46.94	Tennessee	Cocke	35.7633	-83.1611	outside_boundary_exact	North Carolina, Haywood County	Great Smoky Mountains National Park, summit of Mt. Cammerer, ridge extending NE of shelter	https://lichenportal.org/portal/collections/individual/index.php?occid=3171562
3171563	COLO	COLO-L-0052059	J. C. Lendemer	33417	0.02	46.94	Tennessee	Cocke	35.7633	-83.1611	outside_boundary_exact	North Carolina, Haywood County	Great Smoky Mountains National Park, summit of Mt. Cammerer, ridge extending NE of shelter	https://lichenportal.org/portal/collections/individual/index.php?occid=3171563
3171564	COLO	COLO-L-0052124	J. C. Lendemer	33426	0.02	46.94	Tennessee	Cocke	35.7633	-83.1611	outside_boundary_exact	North Carolina, Haywood County	Great Smoky Mountains National Park, summit of Mt. Cammerer, ridge extending NE of shelter	https://lichenportal.org/portal/collections/individual/index.php?occid=3171564
3171565	COLO	COLO-L-0052118	J. C. Lendemer	33428	0.02	46.94	Tennessee	Cocke	35.7633	-83.1611	outside_boundary_exact	North Carolina, Haywood County	Great Smoky Mountains National Park, summit of Mt. Cammerer, ridge extending NE of shelter	https://lichenportal.org/portal/collections/individual/index.php?occid=3171565
3538601	COLO	COLO-L-0055147	Erin Tripp	7991	0.02	48.32	Tennessee	Blount	35.562894	-83.7431	outside_boundary_exact	North Carolina, Swain County	Great Smoky Mountains National Park, N slopes of Mount Squires, Appalachian Trail 0.7 mi W of Spence Field and jct w/ Anthony Creek Trail/Bote Mountain Trail	https://lichenportal.org/portal/collections/individual/index.php?occid=3538601
3776106	COLO	COLO-L-0056623	James C. Lendemer	54696	0.02	55.78	Tennessee	Monroe	35.372222	-84.008333	outside_boundary_exact	Tennessee, Monroe County	Cherokee National Forest, Unicoi Mountains, Bob Bald, Benton MacKeye Trail/Bob Bald Connector/Trail54A, ~2.6 mi N of Cherohala Skyway/TN165 at Beech Gap	https://lichenportal.org/portal/collections/individual/index.php?occid=3776106
3776107	COLO	COLO-L-0056621	James C. Lendemer	54700	0.02	55.78	Tennessee	Monroe	35.372222	-84.008333	outside_boundary_exact	Tennessee, Monroe County	Cherokee National Forest, Unicoi Mountains, Bob Bald, Benton MacKeye Trail/Bob Bald Connector/Trail54A, ~2.6 mi N of Cherohala Skyway/TN165 at Beech Gap	https://lichenportal.org/portal/collections/individual/index.php?occid=3776107
3776108	COLO	COLO-L-0056594	James C. Lendemer	54789	0.02	55.78	Tennessee	Monroe	35.372222	-84.008333	outside_boundary_exact	Tennessee, Monroe County	Cherokee National Forest, Unicoi Mountains, Bob Bald, Benton MacKeye Trail/Bob Bald Connector/Trail54A, ~2.6 mi N of Cherohala Skyway/TN165 at Beech Gap	https://lichenportal.org/portal/collections/individual/index.php?occid=3776108
3776114	COLO	COLO-L-0056595	James C. Lendemer	54788	0.02	55.78	Tennessee	Monroe	35.372222	-84.008333	outside_boundary_exact	Tennessee, Monroe County	Cherokee National Forest, Unicoi Mountains, Bob Bald, Benton MacKeye Trail/Bob Bald Connector/Trail54A, ~2.6 mi N of Cherohala Skyway/TN165 at Beech Gap	https://lichenportal.org/portal/collections/individual/index.php?occid=3776114
3776117	COLO	COLO-L-0056593	James C. Lendemer	54794	0.02	55.78	Tennessee	Monroe	35.372222	-84.008333	outside_boundary_exact	Tennessee, Monroe County	Cherokee National Forest, Unicoi Mountains, Bob Bald, Benton MacKeye Trail/Bob Bald Connector/Trail54A, ~2.6 mi N of Cherohala Skyway/TN165 at Beech Gap	https://lichenportal.org/portal/collections/individual/index.php?occid=3776117
3778157	COLO	COLO-L-0056588	James C. Lendemer	54801	0.02	55.78	Tennessee	Monroe	35.372222	-84.008333	outside_boundary_exact	Tennessee, Monroe County	Cherokee National Forest, Unicoi Mountains, Bob Bald, Benton MacKeye Trail/Bob Bald Connector/Trail54A, ~2.6 mi N of Cherohala Skyway/TN165 at Beech Gap	https://lichenportal.org/portal/collections/individual/index.php?occid=3778157
3778160	COLO	COLO-L-0056608	James C. Lendemer	54745	0.02	55.78	Tennessee	Monroe	35.372222	-84.008333	outside_boundary_exact	Tennessee, Monroe County	Cherokee National Forest, Unicoi Mountains, Bob Bald, Benton MacKeye Trail/Bob Bald Connector/Trail54A, ~2.6 mi N of Cherohala Skyway/TN165 at Beech Gap	https://lichenportal.org/portal/collections/individual/index.php?occid=3778160
3778164	COLO	COLO-L-0056606	James C. Lendemer	54751	0.02	55.78	Tennessee	Monroe	35.372222	-84.008333	outside_boundary_exact	Tennessee, Monroe County	Cherokee National Forest, Unicoi Mountains, Bob Bald, Benton MacKeye Trail/Bob Bald Connector/Trail54A, ~2.6 mi N of Cherohala Skyway/TN165 at Beech Gap	https://lichenportal.org/portal/collections/individual/index.php?occid=3778164
3778167	COLO	COLO-L-0056589	James C. Lendemer	54799	0.02	55.78	Tennessee	Monroe	35.372222	-84.008333	outside_boundary_exact	Tennessee, Monroe County	Cherokee National Forest, Unicoi Mountains, Bob Bald, Benton MacKeye Trail/Bob Bald Connector/Trail54A, ~2.6 mi N of Cherohala Skyway/TN165 at Beech Gap	https://lichenportal.org/portal/collections/individual/index.php?occid=3778167
3778178	COLO	COLO-L-0056620	James C. Lendemer	54704	0.02	55.78	Tennessee	Monroe	35.372222	-84.008333	outside_boundary_exact	Tennessee, Monroe County	Cherokee National Forest, Unicoi Mountains, Bob Bald, Benton MacKeye Trail/Bob Bald Connector/Trail54A, ~2.6 mi N of Cherohala Skyway/TN165 at Beech Gap	https://lichenportal.org/portal/collections/individual/index.php?occid=3778178
3778193	COLO	COLO-L-0056586	James C. Lendemer	54803	0.02	55.78	Tennessee	Monroe	35.372222	-84.008333	outside_boundary_exact	Tennessee, Monroe County	Cherokee National Forest, Unicoi Mountains, Bob Bald, Benton MacKeye Trail/Bob Bald Connector/Trail54A, ~2.6 mi N of Cherohala Skyway/TN165 at Beech Gap	https://lichenportal.org/portal/collections/individual/index.php?occid=3778193
3778203	COLO	COLO-L-0056592	James C. Lendemer	54796	0.02	55.78	Tennessee	Monroe	35.372222	-84.008333	outside_boundary_exact	Tennessee, Monroe County	Cherokee National Forest, Unicoi Mountains, Bob Bald, Benton MacKeye Trail/Bob Bald Connector/Trail54A, ~2.6 mi N of Cherohala Skyway/TN165 at Beech Gap	https://lichenportal.org/portal/collections/individual/index.php?occid=3778203
3778204	COLO	COLO-L-0056615	James C. Lendemer	54716	0.02	55.78	Tennessee	Monroe	35.372222	-84.008333	outside_boundary_exact	Tennessee, Monroe County	Cherokee National Forest, Unicoi Mountains, Bob Bald, Benton MacKeye Trail/Bob Bald Connector/Trail54A, ~2.6 mi N of Cherohala Skyway/TN165 at Beech Gap	https://lichenportal.org/portal/collections/individual/index.php?occid=3778204
3778206	COLO	COLO-L-0056607	James C. Lendemer	54746	0.02	55.78	Tennessee	Monroe	35.372222	-84.008333	outside_boundary_exact	Tennessee, Monroe County	Cherokee National Forest, Unicoi Mountains, Bob Bald, Benton MacKeye Trail/Bob Bald Connector/Trail54A, ~2.6 mi N of Cherohala Skyway/TN165 at Beech Gap	https://lichenportal.org/portal/collections/individual/index.php?occid=3778206
3778207	COLO	COLO-L-0056607	James C. Lendemer	54746	0.02	55.78	Tennessee	Monroe	35.372222	-84.008333	outside_boundary_exact	Tennessee, Monroe County	Cherokee National Forest, Unicoi Mountains, Bob Bald, Benton MacKeye Trail/Bob Bald Connector/Trail54A, ~2.6 mi N of Cherohala Skyway/TN165 at Beech Gap	https://lichenportal.org/portal/collections/individual/index.php?occid=3778207
3778219	COLO	COLO-L-0056622	James C. Lendemer	54698	0.02	55.78	Tennessee	Monroe	35.372222	-84.008333	outside_boundary_exact	Tennessee, Monroe County	Cherokee National Forest, Unicoi Mountains, Bob Bald, Benton MacKeye Trail/Bob Bald Connector/Trail54A, ~2.6 mi N of Cherohala Skyway/TN165 at Beech Gap	https://lichenportal.org/portal/collections/individual/index.php?occid=3778219
3778222	COLO	COLO-L-0056602	James C. Lendemer	54768	0.02	55.78	Tennessee	Monroe	35.372222	-84.008333	outside_boundary_exact	Tennessee, Monroe County	Cherokee National Forest, Unicoi Mountains, Bob Bald, Benton MacKeye Trail/Bob Bald Connector/Trail54A, ~2.6 mi N of Cherohala Skyway/TN165 at Beech Gap	https://lichenportal.org/portal/collections/individual/index.php?occid=3778222
3778228	COLO	COLO-L-0056611	James C. Lendemer	54734	0.02	55.78	Tennessee	Monroe	35.372222	-84.008333	outside_boundary_exact	Tennessee, Monroe County	Cherokee National Forest, Unicoi Mountains, Bob Bald, Benton MacKeye Trail/Bob Bald Connector/Trail54A, ~2.6 mi N of Cherohala Skyway/TN165 at Beech Gap	https://lichenportal.org/portal/collections/individual/index.php?occid=3778228
3778230	COLO	COLO-L-0056618	James C. Lendemer	54706	0.02	55.78	Tennessee	Monroe	35.372222	-84.008333	outside_boundary_exact	Tennessee, Monroe County	Cherokee National Forest, Unicoi Mountains, Bob Bald, Benton MacKeye Trail/Bob Bald Connector/Trail54A, ~2.6 mi N of Cherohala Skyway/TN165 at Beech Gap	https://lichenportal.org/portal/collections/individual/index.php?occid=3778230
3778231	COLO	COLO-L-0056597	James C. Lendemer	54782	0.02	55.78	Tennessee	Monroe	35.372222	-84.008333	outside_boundary_exact	Tennessee, Monroe County	Cherokee National Forest, Unicoi Mountains, Bob Bald, Benton MacKeye Trail/Bob Bald Connector/Trail54A, ~2.6 mi N of Cherohala Skyway/TN165 at Beech Gap	https://lichenportal.org/portal/collections/individual/index.php?occid=3778231
3778235	COLO	COLO-L-0056603	James C. Lendemer	54767	0.02	55.78	Tennessee	Monroe	35.372222	-84.008333	outside_boundary_exact	Tennessee, Monroe County	Cherokee National Forest, Unicoi Mountains, Bob Bald, Benton MacKeye Trail/Bob Bald Connector/Trail54A, ~2.6 mi N of Cherohala Skyway/TN165 at Beech Gap	https://lichenportal.org/portal/collections/individual/index.php?occid=3778235
3778242	COLO	COLO-L-0056587	James C. Lendemer	54802	0.02	55.78	Tennessee	Monroe	35.372222	-84.008333	outside_boundary_exact	Tennessee, Monroe County	Cherokee National Forest, Unicoi Mountains, Bob Bald, Benton MacKeye Trail/Bob Bald Connector/Trail54A, ~2.6 mi N of Cherohala Skyway/TN165 at Beech Gap	https://lichenportal.org/portal/collections/individual/index.php?occid=3778242
3780576	COLO	COLO-L-0056591	James C. Lendemer	54797	0.02	55.78	Tennessee	Monroe	35.372222	-84.008333	outside_boundary_exact	Tennessee, Monroe County	Cherokee National Forest, Unicoi Mountains, Bob Bald, Benton MacKeye Trail/Bob Bald Connector/Trail54A, ~2.6 mi N of Cherohala Skyway/TN165 at Beech Gap	https://lichenportal.org/portal/collections/individual/index.php?occid=3780576
3780579	COLO	COLO-L-0056585	James C. Lendemer	54804	0.02	55.78	Tennessee	Monroe	35.372222	-84.008333	outside_boundary_exact	Tennessee, Monroe County	Cherokee National Forest, Unicoi Mountains, Bob Bald, Benton MacKeye Trail/Bob Bald Connector/Trail54A, ~2.6 mi N of Cherohala Skyway/TN165 at Beech Gap	https://lichenportal.org/portal/collections/individual/index.php?occid=3780579
3780581	COLO	COLO-L-0056599	James C. Lendemer	54776	0.02	55.78	Tennessee	Monroe	35.372222	-84.008333	outside_boundary_exact	Tennessee, Monroe County	Cherokee National Forest, Unicoi Mountains, Bob Bald, Benton MacKeye Trail/Bob Bald Connector/Trail54A, ~2.6 mi N of Cherohala Skyway/TN165 at Beech Gap	https://lichenportal.org/portal/collections/individual/index.php?occid=3780581
3780582	COLO	COLO-L-0056596	James C. Lendemer	54783	0.02	55.78	Tennessee	Monroe	35.372222	-84.008333	outside_boundary_exact	Tennessee, Monroe County	Cherokee National Forest, Unicoi Mountains, Bob Bald, Benton MacKeye Trail/Bob Bald Connector/Trail54A, ~2.6 mi N of Cherohala Skyway/TN165 at Beech Gap	https://lichenportal.org/portal/collections/individual/index.php?occid=3780582
3780586	COLO	COLO-L-0056604	James C. Lendemer	54760	0.02	55.78	Tennessee	Monroe	35.372222	-84.008333	outside_boundary_exact	Tennessee, Monroe County	Cherokee National Forest, Unicoi Mountains, Bob Bald, Benton MacKeye Trail/Bob Bald Connector/Trail54A, ~2.6 mi N of Cherohala Skyway/TN165 at Beech Gap	https://lichenportal.org/portal/collections/individual/index.php?occid=3780586
3780587	COLO	COLO-L-0056601	James C. Lendemer	54773	0.02	55.78	Tennessee	Monroe	35.372222	-84.008333	outside_boundary_exact	Tennessee, Monroe County	Cherokee National Forest, Unicoi Mountains, Bob Bald, Benton MacKeye Trail/Bob Bald Connector/Trail54A, ~2.6 mi N of Cherohala Skyway/TN165 at Beech Gap	https://lichenportal.org/portal/collections/individual/index.php?occid=3780587
3780589	COLO	COLO-L-0056613	James C. Lendemer	54723	0.02	55.78	Tennessee	Monroe	35.372222	-84.008333	outside_boundary_exact	Tennessee, Monroe County	Cherokee National Forest, Unicoi Mountains, Bob Bald, Benton MacKeye Trail/Bob Bald Connector/Trail54A, ~2.6 mi N of Cherohala Skyway/TN165 at Beech Gap	https://lichenportal.org/portal/collections/individual/index.php?occid=3780589
3780593	COLO	COLO-L-0056612	James C. Lendemer	54756	0.02	55.78	Tennessee	Monroe	35.372222	-84.008333	outside_boundary_exact	Tennessee, Monroe County	Cherokee National Forest, Unicoi Mountains, Bob Bald, Benton MacKeye Trail/Bob Bald Connector/Trail54A, ~2.6 mi N of Cherohala Skyway/TN165 at Beech Gap	https://lichenportal.org/portal/collections/individual/index.php?occid=3780593
3780597	COLO	COLO-L-0056619	James C. Lendemer	54705	0.02	55.78	Tennessee	Monroe	35.372222	-84.008333	outside_boundary_exact	Tennessee, Monroe County	Cherokee National Forest, Unicoi Mountains, Bob Bald, Benton MacKeye Trail/Bob Bald Connector/Trail54A, ~2.6 mi N of Cherohala Skyway/TN165 at Beech Gap	https://lichenportal.org/portal/collections/individual/index.php?occid=3780597
3780602	COLO	COLO-L-0056616	James C. Lendemer	54713	0.02	55.78	Tennessee	Monroe	35.372222	-84.008333	outside_boundary_exact	Tennessee, Monroe County	Cherokee National Forest, Unicoi Mountains, Bob Bald, Benton MacKeye Trail/Bob Bald Connector/Trail54A, ~2.6 mi N of Cherohala Skyway/TN165 at Beech Gap	https://lichenportal.org/portal/collections/individual/index.php?occid=3780602
3780604	COLO	COLO-L-0056614	James C. Lendemer	54722	0.02	55.78	Tennessee	Monroe	35.372222	-84.008333	outside_boundary_exact	Tennessee, Monroe County	Cherokee National Forest, Unicoi Mountains, Bob Bald, Benton MacKeye Trail/Bob Bald Connector/Trail54A, ~2.6 mi N of Cherohala Skyway/TN165 at Beech Gap	https://lichenportal.org/portal/collections/individual/index.php?occid=3780604
3780608	COLO	COLO-L-0056609	James C. Lendemer	54737	0.02	55.78	Tennessee	Monroe	35.372222	-84.008333	outside_boundary_exact	Tennessee, Monroe County	Cherokee National Forest, Unicoi Mountains, Bob Bald, Benton MacKeye Trail/Bob Bald Connector/Trail54A, ~2.6 mi N of Cherohala Skyway/TN165 at Beech Gap	https://lichenportal.org/portal/collections/individual/index.php?occid=3780608
3780609	COLO	COLO-L-0056598	James C. Lendemer	54778	0.02	55.78	Tennessee	Monroe	35.372222	-84.008333	outside_boundary_exact	Tennessee, Monroe County	Cherokee National Forest, Unicoi Mountains, Bob Bald, Benton MacKeye Trail/Bob Bald Connector/Trail54A, ~2.6 mi N of Cherohala Skyway/TN165 at Beech Gap	https://lichenportal.org/portal/collections/individual/index.php?occid=3780609
3780615	COLO	COLO-L-0056600	James C. Lendemer	54774	0.02	55.78	Tennessee	Monroe	35.372222	-84.008333	outside_boundary_exact	Tennessee, Monroe County	Cherokee National Forest, Unicoi Mountains, Bob Bald, Benton MacKeye Trail/Bob Bald Connector/Trail54A, ~2.6 mi N of Cherohala Skyway/TN165 at Beech Gap	https://lichenportal.org/portal/collections/individual/index.php?occid=3780615
3794864	COLO	COLO-L-0058546	James C. Lendemer	54915	0.02	50.23	Tennessee	Blount	35.56404	-83.7139	outside_boundary_exact	North Carolina, Swain County	Great Smoky Mountains National Park, Rocky Top, Appalachian Trail ~0.2 mi SW of Thunderhead Mountain, ~1 mi NE of jct w/ Bote Mountain Trail	https://lichenportal.org/portal/collections/individual/index.php?occid=3794864
3794865	COLO	COLO-L-0058540	James C. Lendemer	54916	0.02	50.23	Tennessee	Blount	35.56404	-83.7139	outside_boundary_exact	North Carolina, Swain County	Great Smoky Mountains National Park, Rocky Top, Appalachian Trail ~0.2 mi SW of Thunderhead Mountain, ~1 mi NE of jct w/ Bote Mountain Trail	https://lichenportal.org/portal/collections/individual/index.php?occid=3794865
3794867	COLO	COLO-L-0058599	James C. Lendemer	54923	0.02	50.23	Tennessee	Blount	35.56404	-83.7139	outside_boundary_exact	North Carolina, Swain County	Great Smoky Mountains National Park, Rocky Top, Appalachian Trail ~0.2 mi SW of Thunderhead Mountain, ~1 mi NE of jct w/ Bote Mountain Trail	https://lichenportal.org/portal/collections/individual/index.php?occid=3794867
3794868	COLO	COLO-L-0058593	James C. Lendemer	54924	0.02	50.23	Tennessee	Blount	35.56404	-83.7139	outside_boundary_exact	North Carolina, Swain County	Great Smoky Mountains National Park, Rocky Top, Appalachian Trail ~0.2 mi SW of Thunderhead Mountain, ~1 mi NE of jct w/ Bote Mountain Trail	https://lichenportal.org/portal/collections/individual/index.php?occid=3794868
3794869	COLO	COLO-L-0058587	Lendemer	54939	0.02	50.23	Tennessee	Blount	35.56404	-83.7139	outside_boundary_exact	North Carolina, Swain County	Great Smoky Mountains National Park, Rocky Top, Appalachian Trail ~0.2 mi SW of Thunderhead Mountain, ~1 mi NE of jct w/ Bote Mountain Trail	https://lichenportal.org/portal/collections/individual/index.php?occid=3794869
3794870	COLO	COLO-L-0058581	James C. Lendemer	54944	0.02	50.23	Tennessee	Blount	35.56404	-83.7139	outside_boundary_exact	North Carolina, Swain County	Great Smoky Mountains National Park, Rocky Top, Appalachian Trail ~0.2 mi SW of Thunderhead Mountain, ~1 mi NE of jct w/ Bote Mountain Trail	https://lichenportal.org/portal/collections/individual/index.php?occid=3794870
3794871	COLO	COLO-L-0058575	James C. Lendemer	54954	0.02	50.23	Tennessee	Blount	35.56404	-83.7139	outside_boundary_exact	North Carolina, Swain County	Great Smoky Mountains National Park, Rocky Top, Appalachian Trail ~0.2 mi SW of Thunderhead Mountain, ~1 mi NE of jct w/ Bote Mountain Trail	https://lichenportal.org/portal/collections/individual/index.php?occid=3794871
3794872	COLO	COLO-L-0058569	James C. Lendemer	54961	0.02	50.23	Tennessee	Blount	35.56404	-83.7139	outside_boundary_exact	North Carolina, Swain County	Great Smoky Mountains National Park, Rocky Top, Appalachian Trail ~0.2 mi SW of Thunderhead Mountain, ~1 mi NE of jct w/ Bote Mountain Trail	https://lichenportal.org/portal/collections/individual/index.php?occid=3794872
3794873	COLO	COLO-L-0058563	Lendemer	54962	0.02	50.23	Tennessee	Blount	35.56404	-83.7139	outside_boundary_exact	North Carolina, Swain County	Great Smoky Mountains National Park, Rocky Top, Appalachian Trail ~0.2 mi SW of Thunderhead Mountain, ~1 mi NE of jct w/ Bote Mountain Trail	https://lichenportal.org/portal/collections/individual/index.php?occid=3794873
3794874	COLO	COLO-L-0058557	James C. Lendemer	54963	0.02	50.23	Tennessee	Blount	35.56404	-83.7139	outside_boundary_exact	North Carolina, Swain County	Great Smoky Mountains National Park, Rocky Top, Appalachian Trail ~0.2 mi SW of Thunderhead Mountain, ~1 mi NE of jct w/ Bote Mountain Trail	https://lichenportal.org/portal/collections/individual/index.php?occid=3794874
3794875	COLO	COLO-L-0058551	James C. Lendemer	54964	0.02	50.23	Tennessee	Blount	35.56404	-83.7139	outside_boundary_exact	North Carolina, Swain County	Great Smoky Mountains National Park, Rocky Top, Appalachian Trail ~0.2 mi SW of Thunderhead Mountain, ~1 mi NE of jct w/ Bote Mountain Trail	https://lichenportal.org/portal/collections/individual/index.php?occid=3794875
3794876	COLO	COLO-L-0058545	James C. Lendemer	54965	0.02	50.23	Tennessee	Blount	35.56404	-83.7139	outside_boundary_exact	North Carolina, Swain County	Great Smoky Mountains National Park, Rocky Top, Appalachian Trail ~0.2 mi SW of Thunderhead Mountain, ~1 mi NE of jct w/ Bote Mountain Trail	https://lichenportal.org/portal/collections/individual/index.php?occid=3794876
3794877	COLO	COLO-L-0058539	James C. Lendemer	54966	0.02	50.23	Tennessee	Blount	35.56404	-83.7139	outside_boundary_exact	North Carolina, Swain County	Great Smoky Mountains National Park, Rocky Top, Appalachian Trail ~0.2 mi SW of Thunderhead Mountain, ~1 mi NE of jct w/ Bote Mountain Trail	https://lichenportal.org/portal/collections/individual/index.php?occid=3794877
3794878	COLO	COLO-L-0059969	James C. Lendemer	54977	0.02	50.23	Tennessee	Blount	35.56404	-83.7139	outside_boundary_exact	North Carolina, Swain County	Great Smoky Mountains National Park, Rocky Top, Appalachian Trail ~0.2 mi SW of Thunderhead Mountain, ~1 mi NE of jct w/ Bote Mountain Trail	https://lichenportal.org/portal/collections/individual/index.php?occid=3794878
4376200	COLO	COLO-L-0055910	Erin Tripp	8351	0.02	50.23	Tennessee	Blount	35.56404	-83.71391	outside_boundary_exact	North Carolina, Swain County	Great Smoky Mountains National Park, Rocky Top, Appalachian Trail ~0.2 mi SW of Thunderhead Mountain, ~1 mi NE of jct w/ Bote Mountain Trail	https://lichenportal.org/portal/collections/individual/index.php?occid=4376200
4377237	COLO	COLO-L-0061546	Erin Tripp	7982	0.02	48.31	Tennessee	Blount	35.562894	-83.743132	outside_boundary_exact	North Carolina, Swain County	Great Smoky Mountains National Park, N slopes of Mount Squires, Appalachian Trail 0.7 mi W of Spence Field and jct w/ Anthony Creek Trail/Bote Mountain Trail	https://lichenportal.org/portal/collections/individual/index.php?occid=4377237
4377249	COLO	COLO-L-0055148	Erin Tripp	7989	0.02	48.31	Tennessee	Blount	35.562894	-83.743132	outside_boundary_exact	North Carolina, Swain County	Great Smoky Mountains National Park, N slopes of Mount Squires, Appalachian Trail 0.7 mi W of Spence Field and jct w/ Anthony Creek Trail/Bote Mountain Trail	https://lichenportal.org/portal/collections/individual/index.php?occid=4377249
4377250	COLO	COLO-L-0055149	Erin Tripp	7984	0.02	48.31	Tennessee	Blount	35.562894	-83.743132	outside_boundary_exact	North Carolina, Swain County	Great Smoky Mountains National Park, N slopes of Mount Squires, Appalachian Trail 0.7 mi W of Spence Field and jct w/ Anthony Creek Trail/Bote Mountain Trail	https://lichenportal.org/portal/collections/individual/index.php?occid=4377250
4377251	COLO	COLO-L-0055150	Erin Tripp	7981	0.02	48.31	Tennessee	Blount	35.562894	-83.743132	outside_boundary_exact	North Carolina, Swain County	Great Smoky Mountains National Park, N slopes of Mount Squires, Appalachian Trail 0.7 mi W of Spence Field and jct w/ Anthony Creek Trail/Bote Mountain Trail	https://lichenportal.org/portal/collections/individual/index.php?occid=4377251
4377252	COLO	COLO-L-0055151	Erin Tripp	7980	0.02	48.31	Tennessee	Blount	35.562894	-83.743132	outside_boundary_exact	North Carolina, Swain County	Great Smoky Mountains National Park, N slopes of Mount Squires, Appalachian Trail 0.7 mi W of Spence Field and jct w/ Anthony Creek Trail/Bote Mountain Trail	https://lichenportal.org/portal/collections/individual/index.php?occid=4377252
4377254	COLO	COLO-L-0055153	Erin Tripp	7977	0.02	48.31	Tennessee	Blount	35.562894	-83.743132	outside_boundary_exact	North Carolina, Swain County	Great Smoky Mountains National Park, N slopes of Mount Squires, Appalachian Trail 0.7 mi W of Spence Field and jct w/ Anthony Creek Trail/Bote Mountain Trail	https://lichenportal.org/portal/collections/individual/index.php?occid=4377254
4377255	COLO	COLO-L-0055154	Erin Tripp	7975	0.02	48.31	Tennessee	Blount	35.562894	-83.743132	outside_boundary_exact	North Carolina, Swain County	Great Smoky Mountains National Park, N slopes of Mount Squires, Appalachian Trail 0.7 mi W of Spence Field and jct w/ Anthony Creek Trail/Bote Mountain Trail	https://lichenportal.org/portal/collections/individual/index.php?occid=4377255
4377256	COLO	COLO-L-0055155	Erin Tripp	7973	0.02	48.31	Tennessee	Blount	35.562894	-83.743132	outside_boundary_exact	North Carolina, Swain County	Great Smoky Mountains National Park, N slopes of Mount Squires, Appalachian Trail 0.7 mi W of Spence Field and jct w/ Anthony Creek Trail/Bote Mountain Trail	https://lichenportal.org/portal/collections/individual/index.php?occid=4377256
4377257	COLO	COLO-L-0055156	Erin Tripp	7972	0.02	48.31	Tennessee	Blount	35.562894	-83.743132	outside_boundary_exact	North Carolina, Swain County	Great Smoky Mountains National Park, N slopes of Mount Squires, Appalachian Trail 0.7 mi W of Spence Field and jct w/ Anthony Creek Trail/Bote Mountain Trail	https://lichenportal.org/portal/collections/individual/index.php?occid=4377257
4377258	COLO	COLO-L-0055157	Erin Tripp	7971	0.02	48.31	Tennessee	Blount	35.562894	-83.743132	outside_boundary_exact	North Carolina, Swain County	Great Smoky Mountains National Park, N slopes of Mount Squires, Appalachian Trail 0.7 mi W of Spence Field and jct w/ Anthony Creek Trail/Bote Mountain Trail	https://lichenportal.org/portal/collections/individual/index.php?occid=4377258
4377259	COLO	COLO-L-0055158	Erin Tripp	7968	0.02	48.31	Tennessee	Blount	35.562894	-83.743132	outside_boundary_exact	North Carolina, Swain County	Great Smoky Mountains National Park, N slopes of Mount Squires, Appalachian Trail 0.7 mi W of Spence Field and jct w/ Anthony Creek Trail/Bote Mountain Trail	https://lichenportal.org/portal/collections/individual/index.php?occid=4377259
4377260	COLO	COLO-L-0055159	Erin Tripp	7967	0.02	48.31	Tennessee	Blount	35.562894	-83.743132	outside_boundary_exact	North Carolina, Swain County	Great Smoky Mountains National Park, N slopes of Mount Squires, Appalachian Trail 0.7 mi W of Spence Field and jct w/ Anthony Creek Trail/Bote Mountain Trail	https://lichenportal.org/portal/collections/individual/index.php?occid=4377260
4377261	COLO	COLO-L-0055160	Erin Tripp	7966	0.02	48.31	Tennessee	Blount	35.562894	-83.743132	outside_boundary_exact	North Carolina, Swain County	Great Smoky Mountains National Park, N slopes of Mount Squires, Appalachian Trail 0.7 mi W of Spence Field and jct w/ Anthony Creek Trail/Bote Mountain Trail	https://lichenportal.org/portal/collections/individual/index.php?occid=4377261
4377262	COLO	COLO-L-0055160	Erin Tripp	7966	0.02	48.31	Tennessee	Blount	35.562894	-83.743132	outside_boundary_exact	North Carolina, Swain County	Great Smoky Mountains National Park, N slopes of Mount Squires, Appalachian Trail 0.7 mi W of Spence Field and jct w/ Anthony Creek Trail/Bote Mountain Trail	https://lichenportal.org/portal/collections/individual/index.php?occid=4377262
4377263	COLO	COLO-L-0055161	Erin Tripp	7965	0.02	48.31	Tennessee	Blount	35.562894	-83.743132	outside_boundary_exact	North Carolina, Swain County	Great Smoky Mountains National Park, N slopes of Mount Squires, Appalachian Trail 0.7 mi W of Spence Field and jct w/ Anthony Creek Trail/Bote Mountain Trail	https://lichenportal.org/portal/collections/individual/index.php?occid=4377263
4377264	COLO	COLO-L-0055162	Erin Tripp	7964	0.02	48.31	Tennessee	Blount	35.562894	-83.743132	outside_boundary_exact	North Carolina, Swain County	Great Smoky Mountains National Park, N slopes of Mount Squires, Appalachian Trail 0.7 mi W of Spence Field and jct w/ Anthony Creek Trail/Bote Mountain Trail	https://lichenportal.org/portal/collections/individual/index.php?occid=4377264
4377265	COLO	COLO-L-0055163	Erin Tripp	7963	0.02	48.31	Tennessee	Blount	35.562894	-83.743132	outside_boundary_exact	North Carolina, Swain County	Great Smoky Mountains National Park, N slopes of Mount Squires, Appalachian Trail 0.7 mi W of Spence Field and jct w/ Anthony Creek Trail/Bote Mountain Trail	https://lichenportal.org/portal/collections/individual/index.php?occid=4377265
4377266	COLO	COLO-L-0055163	Erin Tripp	7963	0.02	48.31	Tennessee	Blount	35.562894	-83.743132	outside_boundary_exact	North Carolina, Swain County	Great Smoky Mountains National Park, N slopes of Mount Squires, Appalachian Trail 0.7 mi W of Spence Field and jct w/ Anthony Creek Trail/Bote Mountain Trail	https://lichenportal.org/portal/collections/individual/index.php?occid=4377266
4377267	COLO	COLO-L-0055164	Erin Tripp	7962	0.02	48.31	Tennessee	Blount	35.562894	-83.743132	outside_boundary_exact	North Carolina, Swain County	Great Smoky Mountains National Park, N slopes of Mount Squires, Appalachian Trail 0.7 mi W of Spence Field and jct w/ Anthony Creek Trail/Bote Mountain Trail	https://lichenportal.org/portal/collections/individual/index.php?occid=4377267
4377342	COLO	COLO-L-0055230	Erin Tripp	7992	0.02	48.31	Tennessee	Blount	35.562894	-83.743132	outside_boundary_exact	North Carolina, Swain County	Great Smoky Mountains National Park, N slopes of Mount Squires, Appalachian Trail 0.7 mi W of Spence Field and jct w/ Anthony Creek Trail/Bote Mountain Trail	https://lichenportal.org/portal/collections/individual/index.php?occid=4377342
4377343	COLO	COLO-L-0055231	Erin Tripp	7993	0.02	48.31	Tennessee	Blount	35.562894	-83.743132	outside_boundary_exact	North Carolina, Swain County	Great Smoky Mountains National Park, N slopes of Mount Squires, Appalachian Trail 0.7 mi W of Spence Field and jct w/ Anthony Creek Trail/Bote Mountain Trail	https://lichenportal.org/portal/collections/individual/index.php?occid=4377343
4377344	COLO	COLO-L-0055232	Erin Tripp	7994	0.02	48.31	Tennessee	Blount	35.562894	-83.743132	outside_boundary_exact	North Carolina, Swain County	Great Smoky Mountains National Park, N slopes of Mount Squires, Appalachian Trail 0.7 mi W of Spence Field and jct w/ Anthony Creek Trail/Bote Mountain Trail	https://lichenportal.org/portal/collections/individual/index.php?occid=4377344
4377345	COLO	COLO-L-0055233	Erin Tripp	7995	0.02	48.31	Tennessee	Blount	35.562894	-83.743132	outside_boundary_exact	North Carolina, Swain County	Great Smoky Mountains National Park, N slopes of Mount Squires, Appalachian Trail 0.7 mi W of Spence Field and jct w/ Anthony Creek Trail/Bote Mountain Trail	https://lichenportal.org/portal/collections/individual/index.php?occid=4377345
4377346	COLO	COLO-L-0055234	Erin Tripp	7996	0.02	48.31	Tennessee	Blount	35.562894	-83.743132	outside_boundary_exact	North Carolina, Swain County	Great Smoky Mountains National Park, N slopes of Mount Squires, Appalachian Trail 0.7 mi W of Spence Field and jct w/ Anthony Creek Trail/Bote Mountain Trail	https://lichenportal.org/portal/collections/individual/index.php?occid=4377346
4377347	COLO	COLO-L-0055234	Erin Tripp	7996	0.02	48.31	Tennessee	Blount	35.562894	-83.743132	outside_boundary_exact	North Carolina, Swain County	Great Smoky Mountains National Park, N slopes of Mount Squires, Appalachian Trail 0.7 mi W of Spence Field and jct w/ Anthony Creek Trail/Bote Mountain Trail	https://lichenportal.org/portal/collections/individual/index.php?occid=4377347
4377348	COLO	COLO-L-0055235	Erin Tripp	7997	0.02	48.31	Tennessee	Blount	35.562894	-83.743132	outside_boundary_exact	North Carolina, Swain County	Great Smoky Mountains National Park, N slopes of Mount Squires, Appalachian Trail 0.7 mi W of Spence Field and jct w/ Anthony Creek Trail/Bote Mountain Trail	https://lichenportal.org/portal/collections/individual/index.php?occid=4377348
4377349	COLO	COLO-L-0055236	Erin Tripp	7999	0.02	48.31	Tennessee	Blount	35.562894	-83.743132	outside_boundary_exact	North Carolina, Swain County	Great Smoky Mountains National Park, N slopes of Mount Squires, Appalachian Trail 0.7 mi W of Spence Field and jct w/ Anthony Creek Trail/Bote Mountain Trail	https://lichenportal.org/portal/collections/individual/index.php?occid=4377349
4377350	COLO	COLO-L-0055237	Erin Tripp	8000	0.02	48.31	Tennessee	Blount	35.562894	-83.743132	outside_boundary_exact	North Carolina, Swain County	Great Smoky Mountains National Park, N slopes of Mount Squires, Appalachian Trail 0.7 mi W of Spence Field and jct w/ Anthony Creek Trail/Bote Mountain Trail	https://lichenportal.org/portal/collections/individual/index.php?occid=4377350
4377351	COLO	COLO-L-0055238	Erin Tripp	8002	0.02	48.31	Tennessee	Blount	35.562894	-83.743132	outside_boundary_exact	North Carolina, Swain County	Great Smoky Mountains National Park, N slopes of Mount Squires, Appalachian Trail 0.7 mi W of Spence Field and jct w/ Anthony Creek Trail/Bote Mountain Trail	https://lichenportal.org/portal/collections/individual/index.php?occid=4377351
4377399	COLO	COLO-L-0055280	Erin Tripp	8322	0.02	50.23	Tennessee	Blount	35.56404	-83.71391	outside_boundary_exact	North Carolina, Swain County	Great Smoky Mountains National Park, Rocky Top, Appalachian Trail ~0.2 mi SW of Thunderhead Mountain, ~1 mi NE of jct w/ Bote Mountain Trail	https://lichenportal.org/portal/collections/individual/index.php?occid=4377399
4377400	COLO	COLO-L-0055281	Erin Tripp	8323	0.02	50.23	Tennessee	Blount	35.56404	-83.71391	outside_boundary_exact	North Carolina, Swain County	Great Smoky Mountains National Park, Rocky Top, Appalachian Trail ~0.2 mi SW of Thunderhead Mountain, ~1 mi NE of jct w/ Bote Mountain Trail	https://lichenportal.org/portal/collections/individual/index.php?occid=4377400
4377401	COLO	COLO-L-0055282	Erin Tripp	8326	0.02	50.23	Tennessee	Blount	35.56404	-83.71391	outside_boundary_exact	North Carolina, Swain County	Great Smoky Mountains National Park, Rocky Top, Appalachian Trail ~0.2 mi SW of Thunderhead Mountain, ~1 mi NE of jct w/ Bote Mountain Trail	https://lichenportal.org/portal/collections/individual/index.php?occid=4377401
4377402	COLO	COLO-L-0055283	Erin Tripp	8329	0.02	50.23	Tennessee	Blount	35.56404	-83.71391	outside_boundary_exact	North Carolina, Swain County	Great Smoky Mountains National Park, Rocky Top, Appalachian Trail ~0.2 mi SW of Thunderhead Mountain, ~1 mi NE of jct w/ Bote Mountain Trail	https://lichenportal.org/portal/collections/individual/index.php?occid=4377402
4377403	COLO	COLO-L-0055284	Erin Tripp	8331	0.02	50.23	Tennessee	Blount	35.56404	-83.71391	outside_boundary_exact	North Carolina, Swain County	Great Smoky Mountains National Park, Rocky Top, Appalachian Trail ~0.2 mi SW of Thunderhead Mountain, ~1 mi NE of jct w/ Bote Mountain Trail	https://lichenportal.org/portal/collections/individual/index.php?occid=4377403
4377404	COLO	COLO-L-0055285	Erin Tripp	8335	0.02	50.23	Tennessee	Blount	35.56404	-83.71391	outside_boundary_exact	North Carolina, Swain County	Great Smoky Mountains National Park, Rocky Top, Appalachian Trail ~0.2 mi SW of Thunderhead Mountain, ~1 mi NE of jct w/ Bote Mountain Trail	https://lichenportal.org/portal/collections/individual/index.php?occid=4377404
4377405	COLO	COLO-L-0055286	Erin Tripp	8339	0.02	50.23	Tennessee	Blount	35.56404	-83.71391	outside_boundary_exact	North Carolina, Swain County	Great Smoky Mountains National Park, Rocky Top, Appalachian Trail ~0.2 mi SW of Thunderhead Mountain, ~1 mi NE of jct w/ Bote Mountain Trail	https://lichenportal.org/portal/collections/individual/index.php?occid=4377405
4377406	COLO	COLO-L-0055287	Erin Tripp	8341	0.02	50.23	Tennessee	Blount	35.56404	-83.71391	outside_boundary_exact	North Carolina, Swain County	Great Smoky Mountains National Park, Rocky Top, Appalachian Trail ~0.2 mi SW of Thunderhead Mountain, ~1 mi NE of jct w/ Bote Mountain Trail	https://lichenportal.org/portal/collections/individual/index.php?occid=4377406
4377407	COLO	COLO-L-0055288	Erin Tripp	8345	0.02	50.23	Tennessee	Blount	35.56404	-83.71391	outside_boundary_exact	North Carolina, Swain County	Great Smoky Mountains National Park, Rocky Top, Appalachian Trail ~0.2 mi SW of Thunderhead Mountain, ~1 mi NE of jct w/ Bote Mountain Trail	https://lichenportal.org/portal/collections/individual/index.php?occid=4377407
4377412	COLO	COLO-L-0055294	Erin Tripp	8350	0.02	50.23	Tennessee	Blount	35.56404	-83.71391	outside_boundary_exact	North Carolina, Swain County	Great Smoky Mountains National Park, Rocky Top, Appalachian Trail ~0.2 mi SW of Thunderhead Mountain, ~1 mi NE of jct w/ Bote Mountain Trail	https://lichenportal.org/portal/collections/individual/index.php?occid=4377412
4377416	COLO	COLO-L-0055300	Erin Tripp	8352	0.02	50.23	Tennessee	Blount	35.56404	-83.71391	outside_boundary_exact	North Carolina, Swain County	Great Smoky Mountains National Park, Rocky Top, Appalachian Trail ~0.2 mi SW of Thunderhead Mountain, ~1 mi NE of jct w/ Bote Mountain Trail	https://lichenportal.org/portal/collections/individual/index.php?occid=4377416
4377421	COLO	COLO-L-0055306	Erin Tripp	8361	0.02	50.23	Tennessee	Blount	35.56404	-83.71391	outside_boundary_exact	North Carolina, Swain County	Great Smoky Mountains National Park, Rocky Top, Appalachian Trail ~0.2 mi SW of Thunderhead Mountain, ~1 mi NE of jct w/ Bote Mountain Trail	https://lichenportal.org/portal/collections/individual/index.php?occid=4377421
4377545	COLO	COLO-L-0055437	Erin Tripp	8357	0.02	50.23	Tennessee	Blount	35.56404	-83.71391	outside_boundary_exact	North Carolina, Swain County	Great Smoky Mountains National Park, Rocky Top, Appalachian Trail ~0.2 mi SW of Thunderhead Mountain, ~1 mi NE of jct w/ Bote Mountain Trail	https://lichenportal.org/portal/collections/individual/index.php?occid=4377545
4377547	COLO	COLO-L-0055443	Erin Tripp	8337	0.02	50.23	Tennessee	Blount	35.56404	-83.71391	outside_boundary_exact	North Carolina, Swain County	Great Smoky Mountains National Park, Rocky Top, Appalachian Trail ~0.2 mi SW of Thunderhead Mountain, ~1 mi NE of jct w/ Bote Mountain Trail	https://lichenportal.org/portal/collections/individual/index.php?occid=4377547
4377549	COLO	COLO-L-0055449	Erin Tripp	8356	0.02	50.23	Tennessee	Blount	35.56404	-83.71391	outside_boundary_exact	North Carolina, Swain County	Great Smoky Mountains National Park, Rocky Top, Appalachian Trail ~0.2 mi SW of Thunderhead Mountain, ~1 mi NE of jct w/ Bote Mountain Trail	https://lichenportal.org/portal/collections/individual/index.php?occid=4377549
4377551	COLO	COLO-L-0055455	Erin Tripp	8336	0.02	50.23	Tennessee	Blount	35.56404	-83.71391	outside_boundary_exact	North Carolina, Swain County	Great Smoky Mountains National Park, Rocky Top, Appalachian Trail ~0.2 mi SW of Thunderhead Mountain, ~1 mi NE of jct w/ Bote Mountain Trail	https://lichenportal.org/portal/collections/individual/index.php?occid=4377551
4377552	COLO	COLO-L-0055455	Erin Tripp	8336	0.02	50.23	Tennessee	Blount	35.56404	-83.71391	outside_boundary_exact	North Carolina, Swain County	Great Smoky Mountains National Park, Rocky Top, Appalachian Trail ~0.2 mi SW of Thunderhead Mountain, ~1 mi NE of jct w/ Bote Mountain Trail	https://lichenportal.org/portal/collections/individual/index.php?occid=4377552
4377555	COLO	COLO-L-0055461	Erin Tripp	8332	0.02	50.23	Tennessee	Blount	35.56404	-83.71391	outside_boundary_exact	North Carolina, Swain County	Great Smoky Mountains National Park, Rocky Top, Appalachian Trail ~0.2 mi SW of Thunderhead Mountain, ~1 mi NE of jct w/ Bote Mountain Trail	https://lichenportal.org/portal/collections/individual/index.php?occid=4377555
4377556	COLO	COLO-L-0055461	Erin Tripp	8332	0.02	50.23	Tennessee	Blount	35.56404	-83.71391	outside_boundary_exact	North Carolina, Swain County	Great Smoky Mountains National Park, Rocky Top, Appalachian Trail ~0.2 mi SW of Thunderhead Mountain, ~1 mi NE of jct w/ Bote Mountain Trail	https://lichenportal.org/portal/collections/individual/index.php?occid=4377556
4377559	COLO	COLO-L-0055467	Erin Tripp	8330	0.02	50.23	Tennessee	Blount	35.56404	-83.71391	outside_boundary_exact	North Carolina, Swain County	Great Smoky Mountains National Park, Rocky Top, Appalachian Trail ~0.2 mi SW of Thunderhead Mountain, ~1 mi NE of jct w/ Bote Mountain Trail	https://lichenportal.org/portal/collections/individual/index.php?occid=4377559
4377562	COLO	COLO-L-0055473	Erin Tripp	8328	0.02	50.23	Tennessee	Blount	35.56404	-83.71391	outside_boundary_exact	North Carolina, Swain County	Great Smoky Mountains National Park, Rocky Top, Appalachian Trail ~0.2 mi SW of Thunderhead Mountain, ~1 mi NE of jct w/ Bote Mountain Trail	https://lichenportal.org/portal/collections/individual/index.php?occid=4377562
4377565	COLO	COLO-L-0055479	Erin Tripp	8327	0.02	50.23	Tennessee	Blount	35.56404	-83.71391	outside_boundary_exact	North Carolina, Swain County	Great Smoky Mountains National Park, Rocky Top, Appalachian Trail ~0.2 mi SW of Thunderhead Mountain, ~1 mi NE of jct w/ Bote Mountain Trail	https://lichenportal.org/portal/collections/individual/index.php?occid=4377565
4377568	COLO	COLO-L-0055485	Erin Tripp	8320	0.02	50.23	Tennessee	Blount	35.56404	-83.71391	outside_boundary_exact	North Carolina, Swain County	Great Smoky Mountains National Park, Rocky Top, Appalachian Trail ~0.2 mi SW of Thunderhead Mountain, ~1 mi NE of jct w/ Bote Mountain Trail	https://lichenportal.org/portal/collections/individual/index.php?occid=4377568
4377579	COLO	COLO-L-0055502	Erin Tripp	8362	0.02	50.23	Tennessee	Blount	35.56404	-83.71391	outside_boundary_exact	North Carolina, Swain County	Great Smoky Mountains National Park, Rocky Top, Appalachian Trail ~0.2 mi SW of Thunderhead Mountain, ~1 mi NE of jct w/ Bote Mountain Trail	https://lichenportal.org/portal/collections/individual/index.php?occid=4377579
4377583	COLO	COLO-L-0055602	Erin Tripp	7985	0.02	48.31	Tennessee	Blount	35.562894	-83.743132	outside_boundary_exact	North Carolina, Swain County	Great Smoky Mountains National Park, N slopes of Mount Squires, Appalachian Trail 0.7 mi W of Spence Field and jct w/ Anthony Creek Trail/Bote Mountain Trail	https://lichenportal.org/portal/collections/individual/index.php?occid=4377583
4377588	COLO	COLO-L-0055608	Erin Tripp	7970	0.02	48.31	Tennessee	Blount	35.562894	-83.743132	outside_boundary_exact	North Carolina, Swain County	Great Smoky Mountains National Park, N slopes of Mount Squires, Appalachian Trail 0.7 mi W of Spence Field and jct w/ Anthony Creek Trail/Bote Mountain Trail	https://lichenportal.org/portal/collections/individual/index.php?occid=4377588
4377609	COLO	COLO-L-0055637	Erin Tripp	7998	0.02	48.31	Tennessee	Blount	35.562894	-83.743132	outside_boundary_exact	North Carolina, Swain County	Great Smoky Mountains National Park, N slopes of Mount Squires, Appalachian Trail 0.7 mi W of Spence Field and jct w/ Anthony Creek Trail/Bote Mountain Trail	https://lichenportal.org/portal/collections/individual/index.php?occid=4377609
4377614	COLO	COLO-L-0055643	Erin Tripp	7990	0.02	48.31	Tennessee	Blount	35.562894	-83.743132	outside_boundary_exact	North Carolina, Swain County	Great Smoky Mountains National Park, N slopes of Mount Squires, Appalachian Trail 0.7 mi W of Spence Field and jct w/ Anthony Creek Trail/Bote Mountain Trail	https://lichenportal.org/portal/collections/individual/index.php?occid=4377614
4377653	COLO	COLO-L-0055911	Erin Tripp	8353	0.02	50.23	Tennessee	Blount	35.56404	-83.71391	outside_boundary_exact	North Carolina, Swain County	Great Smoky Mountains National Park, Rocky Top, Appalachian Trail ~0.2 mi SW of Thunderhead Mountain, ~1 mi NE of jct w/ Bote Mountain Trail	https://lichenportal.org/portal/collections/individual/index.php?occid=4377653
4377677	COLO	COLO-L-0056127	Erin Tripp	8360	0.02	50.23	Tennessee	Blount	35.56404	-83.71391	outside_boundary_exact	North Carolina, Swain County	Great Smoky Mountains National Park, Rocky Top, Appalachian Trail ~0.2 mi SW of Thunderhead Mountain, ~1 mi NE of jct w/ Bote Mountain Trail	https://lichenportal.org/portal/collections/individual/index.php?occid=4377677
4378481	COLO	COLO-L-0058533	James C. Lendemer	54978	0.02	50.23	Tennessee	Blount	35.56404	-83.7139	outside_boundary_exact	North Carolina, Swain County	Great Smoky Mountains National Park, Rocky Top, Appalachian Trail ~0.2 mi SW of Thunderhead Mountain, ~1 mi NE of jct w/ Bote Mountain Trail	https://lichenportal.org/portal/collections/individual/index.php?occid=4378481
4378482	COLO	COLO-L-0058598	James C. Lendemer	54980	0.02	50.23	Tennessee	Blount	35.56404	-83.7139	outside_boundary_exact	North Carolina, Swain County	Great Smoky Mountains National Park, Rocky Top, Appalachian Trail ~0.2 mi SW of Thunderhead Mountain, ~1 mi NE of jct w/ Bote Mountain Trail	https://lichenportal.org/portal/collections/individual/index.php?occid=4378482
4378483	COLO	COLO-L-0058592	James C. Lendemer	54983	0.02	50.23	Tennessee	Blount	35.56404	-83.7139	outside_boundary_exact	North Carolina, Swain County	Great Smoky Mountains National Park, Rocky Top, Appalachian Trail ~0.2 mi SW of Thunderhead Mountain, ~1 mi NE of jct w/ Bote Mountain Trail	https://lichenportal.org/portal/collections/individual/index.php?occid=4378483
4378484	COLO	COLO-L-0058586	James C. Lendemer	54984	0.02	50.23	Tennessee	Blount	35.56404	-83.7139	outside_boundary_exact	North Carolina, Swain County	Great Smoky Mountains National Park, Rocky Top, Appalachian Trail ~0.2 mi SW of Thunderhead Mountain, ~1 mi NE of jct w/ Bote Mountain Trail	https://lichenportal.org/portal/collections/individual/index.php?occid=4378484
4378485	COLO	COLO-L-0058580	James C. Lendemer	54985	0.02	50.23	Tennessee	Blount	35.56404	-83.7139	outside_boundary_exact	North Carolina, Swain County	Great Smoky Mountains National Park, Rocky Top, Appalachian Trail ~0.2 mi SW of Thunderhead Mountain, ~1 mi NE of jct w/ Bote Mountain Trail	https://lichenportal.org/portal/collections/individual/index.php?occid=4378485
4378486	COLO	COLO-L-0058568	James C. Lendemer	54988	0.02	50.23	Tennessee	Blount	35.56404	-83.7139	outside_boundary_exact	North Carolina, Swain County	Great Smoky Mountains National Park, Rocky Top, Appalachian Trail ~0.2 mi SW of Thunderhead Mountain, ~1 mi NE of jct w/ Bote Mountain Trail	https://lichenportal.org/portal/collections/individual/index.php?occid=4378486
4378487	COLO	COLO-L-0058562	James C. Lendemer	54990	0.02	50.23	Tennessee	Blount	35.56404	-83.7139	outside_boundary_exact	North Carolina, Swain County	Great Smoky Mountains National Park, Rocky Top, Appalachian Trail ~0.2 mi SW of Thunderhead Mountain, ~1 mi NE of jct w/ Bote Mountain Trail	https://lichenportal.org/portal/collections/individual/index.php?occid=4378487
4378488	COLO	COLO-L-0058556	James C. Lendemer	54992	0.02	50.23	Tennessee	Blount	35.56404	-83.7139	outside_boundary_exact	North Carolina, Swain County	Great Smoky Mountains National Park, Rocky Top, Appalachian Trail ~0.2 mi SW of Thunderhead Mountain, ~1 mi NE of jct w/ Bote Mountain Trail	https://lichenportal.org/portal/collections/individual/index.php?occid=4378488
4378489	COLO	COLO-L-0058550	James C. Lendemer	55005	0.02	50.23	Tennessee	Blount	35.56404	-83.7139	outside_boundary_exact	North Carolina, Swain County	Great Smoky Mountains National Park, Rocky Top, Appalachian Trail ~0.2 mi SW of Thunderhead Mountain, ~1 mi NE of jct w/ Bote Mountain Trail	https://lichenportal.org/portal/collections/individual/index.php?occid=4378489
4378490	COLO	COLO-L-0058544	James C. Lendemer	55009	0.02	50.23	Tennessee	Blount	35.56404	-83.7139	outside_boundary_exact	North Carolina, Swain County	Great Smoky Mountains National Park, Rocky Top, Appalachian Trail ~0.2 mi SW of Thunderhead Mountain, ~1 mi NE of jct w/ Bote Mountain Trail	https://lichenportal.org/portal/collections/individual/index.php?occid=4378490
4378491	COLO	COLO-L-0058538	James C. Lendemer	55010	0.02	50.23	Tennessee	Blount	35.56404	-83.7139	outside_boundary_exact	North Carolina, Swain County	Great Smoky Mountains National Park, Rocky Top, Appalachian Trail ~0.2 mi SW of Thunderhead Mountain, ~1 mi NE of jct w/ Bote Mountain Trail	https://lichenportal.org/portal/collections/individual/index.php?occid=4378491
4731678	COLO	COLO-L-0068978	Erin Tripp	8360	0.02	50.23	Tennessee	Blount	35.56404	-83.7139	outside_boundary_exact	North Carolina, Swain County	Great Smoky Mountains National Park, Rocky Top, Appalachian Trail ~0.2 mi SW of Thunderhead Mountain, ~1 mi NE of jct w/ Bote Mountain Trail	https://lichenportal.org/portal/collections/individual/index.php?occid=4731678
4731690	COLO	COLO-L-0068990	Erin Tripp	8363	0.02	50.23	Tennessee	Blount	35.56404	-83.7139	outside_boundary_exact	North Carolina, Swain County	Great Smoky Mountains National Park, Rocky Top, Appalachian Trail ~0.2 mi SW of Thunderhead Mountain, ~1 mi NE of jct w/ Bote Mountain Trail	https://lichenportal.org/portal/collections/individual/index.php?occid=4731690
3768900	COLO	COLO-L-0056198	James C. Lendemer	56981	0.01	54.05	Tennessee	Sevier	35.565833	-83.565278	outside_boundary_exact	North Carolina, Swain County	Great Smoky Mountains National Park, Silers Bald, Appalachian Trail above Silers Lead, 0.5 mi N of jct w/ Welch Ridge Trail, E of The Narrows	https://lichenportal.org/portal/collections/individual/index.php?occid=3768900
3768901	COLO	COLO-L-0056199	James C. Lendemer	56973	0.01	54.05	Tennessee	Sevier	35.565833	-83.565278	outside_boundary_exact	North Carolina, Swain County	Great Smoky Mountains National Park, Silers Bald, Appalachian Trail above Silers Lead, 0.5 mi N of jct w/ Welch Ridge Trail, E of The Narrows	https://lichenportal.org/portal/collections/individual/index.php?occid=3768901
3768903	COLO	COLO-L-0056201	James C. Lendemer	56971	0.01	54.05	Tennessee	Sevier	35.565833	-83.565278	outside_boundary_exact	North Carolina, Swain County	Great Smoky Mountains National Park, Silers Bald, Appalachian Trail above Silers Lead, 0.5 mi N of jct w/ Welch Ridge Trail, E of The Narrows	https://lichenportal.org/portal/collections/individual/index.php?occid=3768903
3768904	COLO	COLO-L-0056202	James C. Lendemer	56964	0.01	54.05	Tennessee	Sevier	35.565833	-83.565278	outside_boundary_exact	North Carolina, Swain County	Great Smoky Mountains National Park, Silers Bald, Appalachian Trail above Silers Lead, 0.5 mi N of jct w/ Welch Ridge Trail, E of The Narrows	https://lichenportal.org/portal/collections/individual/index.php?occid=3768904
3768905	COLO	COLO-L-0056203	James C. Lendemer	56958	0.01	54.05	Tennessee	Sevier	35.565833	-83.565278	outside_boundary_exact	North Carolina, Swain County	Great Smoky Mountains National Park, Silers Bald, Appalachian Trail above Silers Lead, 0.5 mi N of jct w/ Welch Ridge Trail, E of The Narrows	https://lichenportal.org/portal/collections/individual/index.php?occid=3768905
3768906	COLO	COLO-L-0056204	James C. Lendemer	56952	0.01	54.05	Tennessee	Sevier	35.565833	-83.565278	outside_boundary_exact	North Carolina, Swain County	Great Smoky Mountains National Park, Silers Bald, Appalachian Trail above Silers Lead, 0.5 mi N of jct w/ Welch Ridge Trail, E of The Narrows	https://lichenportal.org/portal/collections/individual/index.php?occid=3768906
3768908	COLO	COLO-L-0056205	James C. Lendemer	56950	0.01	54.05	Tennessee	Sevier	35.565833	-83.565278	outside_boundary_exact	North Carolina, Swain County	Great Smoky Mountains National Park, Silers Bald, Appalachian Trail above Silers Lead, 0.5 mi N of jct w/ Welch Ridge Trail, E of The Narrows	https://lichenportal.org/portal/collections/individual/index.php?occid=3768908
3768909	COLO	COLO-L-0056206	James C. Lendemer	56941	0.01	54.05	Tennessee	Sevier	35.565833	-83.565278	outside_boundary_exact	North Carolina, Swain County	Great Smoky Mountains National Park, Silers Bald, Appalachian Trail above Silers Lead, 0.5 mi N of jct w/ Welch Ridge Trail, E of The Narrows	https://lichenportal.org/portal/collections/individual/index.php?occid=3768909
3768910	COLO	COLO-L-0056207	James C. Lendemer	56940	0.01	54.05	Tennessee	Sevier	35.565833	-83.565278	outside_boundary_exact	North Carolina, Swain County	Great Smoky Mountains National Park, Silers Bald, Appalachian Trail above Silers Lead, 0.5 mi N of jct w/ Welch Ridge Trail, E of The Narrows	https://lichenportal.org/portal/collections/individual/index.php?occid=3768910
3768912	COLO	COLO-L-0056208	James C. Lendemer	56919	0.01	54.05	Tennessee	Sevier	35.565833	-83.565278	outside_boundary_exact	North Carolina, Swain County	Great Smoky Mountains National Park, Silers Bald, Appalachian Trail above Silers Lead, 0.5 mi N of jct w/ Welch Ridge Trail, E of The Narrows	https://lichenportal.org/portal/collections/individual/index.php?occid=3768912
3768914	COLO	COLO-L-0056210	James C. Lendemer	56909	0.01	54.05	Tennessee	Sevier	35.565833	-83.565278	outside_boundary_exact	North Carolina, Swain County	Great Smoky Mountains National Park, Silers Bald, Appalachian Trail above Silers Lead, 0.5 mi N of jct w/ Welch Ridge Trail, E of The Narrows	https://lichenportal.org/portal/collections/individual/index.php?occid=3768914
3768915	COLO	COLO-L-0056211	James C. Lendemer	56895	0.01	54.05	Tennessee	Sevier	35.565833	-83.565278	outside_boundary_exact	North Carolina, Swain County	Great Smoky Mountains National Park, Silers Bald, Appalachian Trail above Silers Lead, 0.5 mi N of jct w/ Welch Ridge Trail, E of The Narrows	https://lichenportal.org/portal/collections/individual/index.php?occid=3768915
3768917	COLO	COLO-L-0056212	James C. Lendemer	56884	0.01	54.05	Tennessee	Sevier	35.565833	-83.565278	outside_boundary_exact	North Carolina, Swain County	Great Smoky Mountains National Park, Silers Bald, Appalachian Trail above Silers Lead, 0.5 mi N of jct w/ Welch Ridge Trail, E of The Narrows	https://lichenportal.org/portal/collections/individual/index.php?occid=3768917
3768918	COLO	COLO-L-0056213	James C. Lendemer	56878	0.01	54.05	Tennessee	Sevier	35.565833	-83.565278	outside_boundary_exact	North Carolina, Swain County	Great Smoky Mountains National Park, Silers Bald, Appalachian Trail above Silers Lead, 0.5 mi N of jct w/ Welch Ridge Trail, E of The Narrows	https://lichenportal.org/portal/collections/individual/index.php?occid=3768918
4620818	COLO	COLO-L-0062726	James C. Lendemer	63542	0.01	54.69	Tennessee	Monroe	35.456389	-83.964167	outside_boundary_exact	North Carolina, Graham County	Cherokee National Forest, Unicoi Mountains, Joyce Kilmer-Slickrock Wilderness, slopes above W shore of Slickrock Creek, 0.5 mi S of confluence with Calderwood Lake/Little Tennessee River	https://lichenportal.org/portal/collections/individual/index.php?occid=4620818
1627150	COLO	COLO-L-0011710	Henry A. Imshaug	22394	0	55.58	Tennessee	Sevier	35.562872	-83.498496	outside_boundary_exact	North Carolina, Swain County	Great Smoky Mountains National Park, Clingmans Dome, near Swain Co., NC	https://lichenportal.org/portal/collections/individual/index.php?occid=1627150
3171421	COLO	COLO-L-0051691	J. C. Lendemer	46206	0	53.8	Tennessee	Sevier	35.585	-83.4747	outside_boundary_exact	North Carolina, Swain County	Great Smoky Mountains National Park, N-facing slope N of Appalachian Trail 0.2 mi S of summit of Mount Collins	https://lichenportal.org/portal/collections/individual/index.php?occid=3171421
3171423	COLO	COLO-L-0051632	J. C. Lendemer	46234	0	53.8	Tennessee	Sevier	35.585	-83.4747	outside_boundary_exact	North Carolina, Swain County	Great Smoky Mountains National Park, N-facing slope N of Appalachian Trail 0.2 mi S of summit of Mount Collins	https://lichenportal.org/portal/collections/individual/index.php?occid=3171423
3171425	COLO	COLO-L-0051681	J. C. Lendemer	46241	0	53.8	Tennessee	Sevier	35.585	-83.4747	outside_boundary_exact	North Carolina, Swain County	Great Smoky Mountains National Park, N-facing slope N of Appalachian Trail 0.2 mi S of summit of Mount Collins	https://lichenportal.org/portal/collections/individual/index.php?occid=3171425
3171426	COLO	COLO-L-0051703	J. C. Lendemer	46250	0	53.8	Tennessee	Sevier	35.585	-83.4747	outside_boundary_exact	North Carolina, Swain County	Great Smoky Mountains National Park, N-facing slope N of Appalachian Trail 0.2 mi S of summit of Mount Collins	https://lichenportal.org/portal/collections/individual/index.php?occid=3171426
3171427	COLO	COLO-L-0051605	J. C. Lendemer	46251	0	53.8	Tennessee	Sevier	35.585	-83.4747	outside_boundary_exact	North Carolina, Swain County	Great Smoky Mountains National Park, N-facing slope N of Appalachian Trail 0.2 mi S of summit of Mount Collins	https://lichenportal.org/portal/collections/individual/index.php?occid=3171427
3171428	COLO	COLO-L-0051617	J. C. Lendemer	46270	0	53.8	Tennessee	Sevier	35.585	-83.4747	outside_boundary_exact	North Carolina, Swain County	Great Smoky Mountains National Park, N-facing slope N of Appalachian Trail 0.2 mi S of summit of Mount Collins	https://lichenportal.org/portal/collections/individual/index.php?occid=3171428
3171429	COLO	COLO-L-0051690	J. C. Lendemer	46272	0	53.8	Tennessee	Sevier	35.585	-83.4747	outside_boundary_exact	North Carolina, Swain County	Great Smoky Mountains National Park, N-facing slope N of Appalachian Trail 0.2 mi S of summit of Mount Collins	https://lichenportal.org/portal/collections/individual/index.php?occid=3171429
3171430	COLO	COLO-L-0051661	J. C. Lendemer	46276	0	53.8	Tennessee	Sevier	35.585	-83.4747	outside_boundary_exact	North Carolina, Swain County	Great Smoky Mountains National Park, N-facing slope N of Appalachian Trail 0.2 mi S of summit of Mount Collins	https://lichenportal.org/portal/collections/individual/index.php?occid=3171430
3768939	COLO	COLO-L-0055962	James C. Lendemer	54129	0	48.31	Tennessee	Blount	35.563056	-83.743056	outside_boundary_exact	North Carolina, Swain County	Great Smoky Mountains National Park, N slopes of Mount Squires, Appalachian Trail 0.7 mi W of Spence Field and jct w/ Anthony Creek Trail/Bote Mountain Trail	https://lichenportal.org/portal/collections/individual/index.php?occid=3768939
3768940	COLO	COLO-L-0055963	James C. Lendemer	54137	0	48.31	Tennessee	Blount	35.563056	-83.743056	outside_boundary_exact	North Carolina, Swain County	Great Smoky Mountains National Park, N slopes of Mount Squires, Appalachian Trail 0.7 mi W of Spence Field and jct w/ Anthony Creek Trail/Bote Mountain Trail	https://lichenportal.org/portal/collections/individual/index.php?occid=3768940
3768941	COLO	COLO-L-0055964	James C. Lendemer	54144	0	48.31	Tennessee	Blount	35.563056	-83.743056	outside_boundary_exact	North Carolina, Swain County	Great Smoky Mountains National Park, N slopes of Mount Squires, Appalachian Trail 0.7 mi W of Spence Field and jct w/ Anthony Creek Trail/Bote Mountain Trail	https://lichenportal.org/portal/collections/individual/index.php?occid=3768941
3768942	COLO	COLO-L-0055965	James C. Lendemer	54145	0	48.31	Tennessee	Blount	35.563056	-83.743056	outside_boundary_exact	North Carolina, Swain County	Great Smoky Mountains National Park, N slopes of Mount Squires, Appalachian Trail 0.7 mi W of Spence Field and jct w/ Anthony Creek Trail/Bote Mountain Trail	https://lichenportal.org/portal/collections/individual/index.php?occid=3768942
3768943	COLO	COLO-L-0055966	James C. Lendemer	54148	0	48.31	Tennessee	Blount	35.563056	-83.743056	outside_boundary_exact	North Carolina, Swain County	Great Smoky Mountains National Park, N slopes of Mount Squires, Appalachian Trail 0.7 mi W of Spence Field and jct w/ Anthony Creek Trail/Bote Mountain Trail	https://lichenportal.org/portal/collections/individual/index.php?occid=3768943
3768944	COLO	COLO-L-0055967	James C. Lendemer	54150	0	48.31	Tennessee	Blount	35.563056	-83.743056	outside_boundary_exact	North Carolina, Swain County	Great Smoky Mountains National Park, N slopes of Mount Squires, Appalachian Trail 0.7 mi W of Spence Field and jct w/ Anthony Creek Trail/Bote Mountain Trail	https://lichenportal.org/portal/collections/individual/index.php?occid=3768944
3768945	COLO	COLO-L-0055968	James C. Lendemer	54159	0	48.31	Tennessee	Blount	35.563056	-83.743056	outside_boundary_exact	North Carolina, Swain County	Great Smoky Mountains National Park, N slopes of Mount Squires, Appalachian Trail 0.7 mi W of Spence Field and jct w/ Anthony Creek Trail/Bote Mountain Trail	https://lichenportal.org/portal/collections/individual/index.php?occid=3768945
3768946	COLO	COLO-L-0055969	James C. Lendemer	54162	0	48.31	Tennessee	Blount	35.563056	-83.743056	outside_boundary_exact	North Carolina, Swain County	Great Smoky Mountains National Park, N slopes of Mount Squires, Appalachian Trail 0.7 mi W of Spence Field and jct w/ Anthony Creek Trail/Bote Mountain Trail	https://lichenportal.org/portal/collections/individual/index.php?occid=3768946
3768947	COLO	COLO-L-0055970	James C. Lendemer	54163	0	48.31	Tennessee	Blount	35.563056	-83.743056	outside_boundary_exact	North Carolina, Swain County	Great Smoky Mountains National Park, N slopes of Mount Squires, Appalachian Trail 0.7 mi W of Spence Field and jct w/ Anthony Creek Trail/Bote Mountain Trail	https://lichenportal.org/portal/collections/individual/index.php?occid=3768947
3768948	COLO	COLO-L-0055971	James C. Lendemer	54169	0	48.31	Tennessee	Blount	35.563056	-83.743056	outside_boundary_exact	North Carolina, Swain County	Great Smoky Mountains National Park, N slopes of Mount Squires, Appalachian Trail 0.7 mi W of Spence Field and jct w/ Anthony Creek Trail/Bote Mountain Trail	https://lichenportal.org/portal/collections/individual/index.php?occid=3768948
3768949	COLO	COLO-L-0055972	James C. Lendemer	54175	0	48.31	Tennessee	Blount	35.563056	-83.743056	outside_boundary_exact	North Carolina, Swain County	Great Smoky Mountains National Park, N slopes of Mount Squires, Appalachian Trail 0.7 mi W of Spence Field and jct w/ Anthony Creek Trail/Bote Mountain Trail	https://lichenportal.org/portal/collections/individual/index.php?occid=3768949
3768950	COLO	COLO-L-0055973	James C. Lendemer	54181	0	48.31	Tennessee	Blount	35.563056	-83.743056	outside_boundary_exact	North Carolina, Swain County	Great Smoky Mountains National Park, N slopes of Mount Squires, Appalachian Trail 0.7 mi W of Spence Field and jct w/ Anthony Creek Trail/Bote Mountain Trail	https://lichenportal.org/portal/collections/individual/index.php?occid=3768950
3768951	COLO	COLO-L-0055974	James C. Lendemer	54191	0	48.31	Tennessee	Blount	35.563056	-83.743056	outside_boundary_exact	North Carolina, Swain County	Great Smoky Mountains National Park, N slopes of Mount Squires, Appalachian Trail 0.7 mi W of Spence Field and jct w/ Anthony Creek Trail/Bote Mountain Trail	https://lichenportal.org/portal/collections/individual/index.php?occid=3768951
3768952	COLO	COLO-L-0055975	James C. Lendemer	54197	0	48.31	Tennessee	Blount	35.563056	-83.743056	outside_boundary_exact	North Carolina, Swain County	Great Smoky Mountains National Park, N slopes of Mount Squires, Appalachian Trail 0.7 mi W of Spence Field and jct w/ Anthony Creek Trail/Bote Mountain Trail	https://lichenportal.org/portal/collections/individual/index.php?occid=3768952
3768953	COLO	COLO-L-0055976	James C. Lendemer	54203	0	48.31	Tennessee	Blount	35.563056	-83.743056	outside_boundary_exact	North Carolina, Swain County	Great Smoky Mountains National Park, N slopes of Mount Squires, Appalachian Trail 0.7 mi W of Spence Field and jct w/ Anthony Creek Trail/Bote Mountain Trail	https://lichenportal.org/portal/collections/individual/index.php?occid=3768953
3768954	COLO	COLO-L-0055977	James C. Lendemer	54204	0	48.31	Tennessee	Blount	35.563056	-83.743056	outside_boundary_exact	North Carolina, Swain County	Great Smoky Mountains National Park, N slopes of Mount Squires, Appalachian Trail 0.7 mi W of Spence Field and jct w/ Anthony Creek Trail/Bote Mountain Trail	https://lichenportal.org/portal/collections/individual/index.php?occid=3768954
3768955	COLO	COLO-L-0055978	James C. Lendemer	54210	0	48.31	Tennessee	Blount	35.563056	-83.743056	outside_boundary_exact	North Carolina, Swain County	Great Smoky Mountains National Park, N slopes of Mount Squires, Appalachian Trail 0.7 mi W of Spence Field and jct w/ Anthony Creek Trail/Bote Mountain Trail	https://lichenportal.org/portal/collections/individual/index.php?occid=3768955
3768956	COLO	COLO-L-0055979	James C. Lendemer	54219	0	48.31	Tennessee	Blount	35.563056	-83.743056	outside_boundary_exact	North Carolina, Swain County	Great Smoky Mountains National Park, N slopes of Mount Squires, Appalachian Trail 0.7 mi W of Spence Field and jct w/ Anthony Creek Trail/Bote Mountain Trail	https://lichenportal.org/portal/collections/individual/index.php?occid=3768956
3768957	COLO	COLO-L-0055980	James C. Lendemer	54222	0	48.31	Tennessee	Blount	35.563056	-83.743056	outside_boundary_exact	North Carolina, Swain County	Great Smoky Mountains National Park, N slopes of Mount Squires, Appalachian Trail 0.7 mi W of Spence Field and jct w/ Anthony Creek Trail/Bote Mountain Trail	https://lichenportal.org/portal/collections/individual/index.php?occid=3768957
3768958	COLO	COLO-L-0055981	James C. Lendemer	54225	0	48.31	Tennessee	Blount	35.563056	-83.743056	outside_boundary_exact	North Carolina, Swain County	Great Smoky Mountains National Park, N slopes of Mount Squires, Appalachian Trail 0.7 mi W of Spence Field and jct w/ Anthony Creek Trail/Bote Mountain Trail	https://lichenportal.org/portal/collections/individual/index.php?occid=3768958
3768973	COLO	COLO-L-0055993	James C. Lendemer	54209	0	48.31	Tennessee	Blount	35.563056	-83.743056	outside_boundary_exact	North Carolina, Swain County	Great Smoky Mountains National Park, N slopes of Mount Squires, Appalachian Trail 0.7 mi W of Spence Field and jct w/ Anthony Creek Trail/Bote Mountain Trail	https://lichenportal.org/portal/collections/individual/index.php?occid=3768973
3778154	COLO	COLO-L-0056617	James C. Lendemer	54707	0	55.77	Tennessee	Monroe	35.37221	-84.0085	outside_boundary_exact	Tennessee, Monroe County	Cherokee National Forest, Unicoi Mountains, Bob Bald, Benton MacKeye Trail/Bob Bald Connector/Trail54A, ~2.6 mi N of Cherohala Skyway/TN165 at Beech Gap	https://lichenportal.org/portal/collections/individual/index.php?occid=3778154
3780600	COLO	COLO-L-0056610	James C. Lendemer	54735	0	55.77	Tennessee	Monroe	35.37221	-84.0085	outside_boundary_exact	Tennessee, Monroe County	Cherokee National Forest, Unicoi Mountains, Bob Bald, Benton MacKeye Trail/Bob Bald Connector/Trail54A, ~2.6 mi N of Cherohala Skyway/TN165 at Beech Gap	https://lichenportal.org/portal/collections/individual/index.php?occid=3780600
4621274	COLO	COLO-L-0061769	James C. Lendemer	56700	0	45.25	Tennessee	Blount	35.52028	-83.85328	outside_boundary_exact	North Carolina, Swain County	Great Smoky Mountains National Park, Rich Gap, jct of Long Hungry Ridge Trail and Gregory Ridge Trail, ~0.6 mi E of Gregory Bald, ~0.7 mi W of Forge Knob	https://lichenportal.org/portal/collections/individual/index.php?occid=4621274
4731679	COLO	COLO-L-0068979	Erin Tripp	8255	0	55.77	Tennessee	Monroe	35.37221	-84.0085	outside_boundary_exact	Tennessee, Monroe County	Cherokee National Forest, Unicoi Mountains, Bob Bald, Benton MacKeye Trail/Bob Bald Connector/Trail54A, ~2.6 mi N of Cherohala Skyway/TN165 at Beech Gap	https://lichenportal.org/portal/collections/individual/index.php?occid=4731679
