id	institutionCode	catalogNumber	recordedBy	recordNumber	distance_km	state	county	decimalLatitude	decimalLongitude	status	implied_location	locality	record_link
1216500	BRY	BRY-L-0008019	Thomas H. Nash	17863	7723.55	Colorado	San Juan	8.475	-37.166667	outside_boundary_exact	not_found_in_US	Mesa Verde National Park, Upper Fewkes Canyon	https://lichenportal.org/portal/collections/individual/index.php?occid=1216500
1081861	BRY	BRY-L-0006857	Thomas H. Nash	25730	7709.55	Colorado	Hinsdale	7.358333	-37.775	outside_boundary_exact	not_found_in_US	Rio Grande National Forest: along trail to west of Rio Grande Reservoir	https://lichenportal.org/portal/collections/individual/index.php?occid=1081861
1351068	BRY	BRY-L-0017608	T. G. Giese	sl-9663	7565.88	Colorado	Eagle	6.283333	-39.683333	outside_boundary_exact	not_found_in_US	Gore Wilderness Area: head of Pitkin Creek. 4.8 miles NE of Vail, 4 miles north of Gore Creek Campground. Subsidiary peak on south ridge of Peak.	https://lichenportal.org/portal/collections/individual/index.php?occid=1351068
1361800	BRY	BRY-L-0018159	Sam Shushan	sl-9664, 232	7565.88	Colorado	Eagle	6.283333	-39.683333	outside_boundary_exact	not_found_in_US	Gore Wilderness Area: head of Pitkin Creek. 4.8 miles NE of Vail, 4 miles north of Gore Creek Campground. Subsidiary peak on south ridge of Peak 13019.	https://lichenportal.org/portal/collections/individual/index.php?occid=1361800
1343420	BRY	BRY-L-0016677	Roger A. Anderson	10442	7549.72	Colorado	Grand	5.7	-39.916667	outside_boundary_exact	not_found_in_US	Arapaho National Forest: Mount Epworth vicinity, south of the mountain, 3.2 km SSW of Rollins Pass	https://lichenportal.org/portal/collections/individual/index.php?occid=1343420
1371590	BRY	BRY-L-0019828	Sam Shushan	sl-2560	7501.74	Colorado	Boulder	5.533333	-40.033333	outside_boundary_exact	not_found_in_US	Science Lodge of University of Colorado: ca 3 miles SW of Ward	https://lichenportal.org/portal/collections/individual/index.php?occid=1371590
1371587	BRY	BRY-L-0019825	Laurel Wirth	sl-1762	7495.31	Colorado	Boulder	5.583333	-40.066667	outside_boundary_exact	not_found_in_US	University of Colorado Science Lodge: 1 mile west of University of Colorado Science Lodge, Hills Mill, ca. 4 miles NW of Ward	https://lichenportal.org/portal/collections/individual/index.php?occid=1371587
1373829	BRY	BRY-L-0019477	Laurel Wirth	sl-1763	7495.31	Colorado	Boulder	5.583333	-40.066667	outside_boundary_exact	not_found_in_US	University of Colorado Science Lodge: 1 mile west of University of Colorado Science Lodge, Hills Mill, ca. 4 miles NW of Ward	https://lichenportal.org/portal/collections/individual/index.php?occid=1373829
1079081	BRY	BRY-L-0003575	Cynthia Troxell Fields	1861	7484.29	Colorado	Boulder	5.595833	-40.187222	outside_boundary_exact	not_found_in_US	Wild Basin area of Rocky Mountain National Park, just east of Cony Creek; ca. 6.0 km (3.3 mi) WSW of Allens Park.	https://lichenportal.org/portal/collections/individual/index.php?occid=1079081
1317322	BRY	BRY-L-0016342	Sam Shushan	sl-6265	7446.29	Colorado	Larimer	5.333333	-40.844444	outside_boundary_exact	not_found_in_US	Ca. 7 miles NW of Livermore, near Cherokee Park	https://lichenportal.org/portal/collections/individual/index.php?occid=1317322
1217346	BRY	BRY-L-0008838	A. Adcock	sl-3526, sl-3527	7412.26	Colorado	Larimer	5.866667	-40.783333	outside_boundary_exact	not_found_in_US	Roosevelt National Forest: along Nunn Creek ca. 2 miles south of junction with Laramie River, (ca. 12 miles north of Chambers Lake)	https://lichenportal.org/portal/collections/individual/index.php?occid=1217346
1366050	BRY	BRY-L-0018527	Sam Shushan	sl-5508	7291.49	Colorado	Boulder	40.075	-15.4	outside_boundary_exact	not_found_in_US	Roosevelt National Park vicinity: Lefthand Creek vicinity, about 1 mile NE of Gold Hill along Lefthand Creek	https://lichenportal.org/portal/collections/individual/index.php?occid=1366050
1077771	BRY	BRY-L-0002267	Virginia Ray Gordy	sl-9853	3646.4	Colorado	Clear Creek	5.666667	-105.583333	outside_boundary_exact	not_found_in_US	ca. 8 miles south of Idaho Springs, south of Goliath Reservoir.	https://lichenportal.org/portal/collections/individual/index.php?occid=1077771
1308538	BRY	BRY-L-0015192	Larry P. Gough	sl-1170	3538.57	Colorado	Eagle	64.791667	-141.211111	outside_boundary_exact	Alaska, Southeast Fairbanks County	Eagle: Eagle Bluffs: about 1 mile west of Eagle on SW-facing 40° slope of Eagle Bluffs	https://lichenportal.org/portal/collections/individual/index.php?occid=1308538
1343788	BRY	BRY-L-0017051	Sam Shushan	sl-11174, 1076	3538.57	Colorado	Eagle	64.791667	-141.211111	outside_boundary_exact	Alaska, Southeast Fairbanks County	Eagle: Eagle Bluffs: about 1 mile west of Eagle on SW-facing 40° slope of Eagle Bluffs	https://lichenportal.org/portal/collections/individual/index.php?occid=1343788
1079159	BRY	BRY-L-0003655	Sam Shushan	sl-4820	2087.03	Colorado	Boulder	59.5	-105.641667	outside_boundary_exact	not_found_in_US	Trail from Fourth of July Campground (ca. 10, 250 ft. alt.) to Diamond Lake (ca. 11,000 ft. alt.), ca. Eight miles NW of Nederland.	https://lichenportal.org/portal/collections/individual/index.php?occid=1079159
1423126	BRY	BRY-L-0019222	JoAnn W. Flock	sl-11742, fl-148	1985.11	Colorado	Boulder	58.5	-105.45	outside_boundary_exact	not_found_in_US	Boulder Canyon: North-facing slope along Boulder Canyon below Tungsten (ghost town) which is below Barker Reservoir	https://lichenportal.org/portal/collections/individual/index.php?occid=1423126
1570392	BRY	BRY-L-0020978	Sam Shushan	11272	1303.3	Colorado	Elbert	48.122033	-115.781417	outside_boundary_exact	Montana, Sanders County	Kootenai National Forest: Cabinet Mountains Wilderness Area, East Fork of Bull River, along Trail No. 646.	https://lichenportal.org/portal/collections/individual/index.php?occid=1570392
1771820	BRY	BRY-L-0024315	Larry L. St. Clair	St. Cl-18369	1128.94	Colorado	Rio Blanco	29.574	-107.60626	outside_boundary_exact	not_found_in_US	White River National Forest: Meadow Lake turnoff, vicinity of Big Ridge, 3.8 miles north of turnoff to Meadow Lake along USFS Road No. 245.	https://lichenportal.org/portal/collections/individual/index.php?occid=1771820
1217130	BRY	BRY-L-0008554	Sam Shushan	sl-10500	811.14	Colorado	Boulder	39.958333	-115.277778	outside_boundary_exact	Nevada, White Pine County	Boulder vicinity: about 2 miles south of Boulder along Mesa Trail	https://lichenportal.org/portal/collections/individual/index.php?occid=1217130
1771977	BRY	BRY-L-0020843	Sam Shushan	sl-10500	811.14	Colorado	Boulder	39.958333	-115.277778	outside_boundary_exact	Nevada, White Pine County	Boulder Mountain Park: Mesa Trail, 3.2 km south of Boulder; on branches of Pinus ponderosa	https://lichenportal.org/portal/collections/individual/index.php?occid=1771977
1370240	BRY	BRY-L-0019424	Jane Rimmer	0134	654.33	Colorado	Clear Creek	39.6468	-97.6972	outside_boundary_exact	Kansas, Cloud County	Arapaho National Forest: 4.8 miles up Mount Evans Road from Colo. 103, on rocky tundra ridge	https://lichenportal.org/portal/collections/individual/index.php?occid=1370240
1288630	BRY	BRY-L-0013715	Thomas H. Nash	17888	580.74	Colorado	San Juan	34.533333	-113.183333	outside_boundary_exact	Arizona, Yavapai County	Mesa Verde National park, Upper Fewkes Canyon	https://lichenportal.org/portal/collections/individual/index.php?occid=1288630
1278672	BRY	BRY-L-0012721	Larry P. Gough	sl-11164, 1134	498.33	Colorado	Denver	41.1564	-98.9079	outside_boundary_exact	Nebraska, Sherman County	Red Dog Hill vicinity: Exposed summit of Red Dog Hill near site 102111. Tyonek b-5 quad	https://lichenportal.org/portal/collections/individual/index.php?occid=1278672
1370150	BRY	BRY-L-0019333	Sam Shushan	sl-7949	399.22	Colorado	Weld	44.575	-103.655556	outside_boundary_exact	South Dakota, Lawrence County	Prewitt Reservoir vicinity: 30 miles NNE of Fort Morgan	https://lichenportal.org/portal/collections/individual/index.php?occid=1370150
1075936	BRY	BRY-L-0000437	Larry L. St. Clair	sl-184	357.93	Colorado	Summit	40.871944	-110.5	outside_boundary_exact	Utah, Summit County	Roosevelt National Forest: 0.75 km NE of Bald Mountain Peak	https://lichenportal.org/portal/collections/individual/index.php?occid=1075936
1078039	BRY	BRY-L-0002532	Larry L. St. Clair	NA	357.93	Colorado	Summit	40.871944	-110.5	outside_boundary_exact	Utah, Summit County	.75 km NE of Bald Mountain Peak.	https://lichenportal.org/portal/collections/individual/index.php?occid=1078039
1078127	BRY	BRY-L-0002620	Larry L. St. Clair	SL-196	357.93	Colorado	Summit	40.871944	-110.5	outside_boundary_exact	Utah, Summit County	0.75 km NE of Bald Mountain Peak.	https://lichenportal.org/portal/collections/individual/index.php?occid=1078127
1370230	BRY	BRY-L-0019414	Larry L. St. Clair	NA	357.93	Colorado	Summit	40.871944	-110.5	outside_boundary_exact	Utah, Summit County	Roosevelt National Forest: 0.75 km NE of Bald Mountain Peak	https://lichenportal.org/portal/collections/individual/index.php?occid=1370230
1078041	BRY	BRY-L-0002534	Larry L. St. Clair	NA	357.02	Colorado	Summit	40.8525	-110.496111	outside_boundary_exact	Utah, Summit County	1.5 km SE of Bald Mountain Peak.	https://lichenportal.org/portal/collections/individual/index.php?occid=1078041
1308387	BRY	BRY-L-0015041	Larry L. St. Clair	NA	357.02	Colorado	Summit	40.8525	-110.496111	outside_boundary_exact	Utah, Summit County	Bald Mountain Peak: 1.5 km SE of Bald Mountain Peak	https://lichenportal.org/portal/collections/individual/index.php?occid=1308387
1370231	BRY	BRY-L-0019415	Larry L. St. Clair	NA	357.02	Colorado	Summit	40.8525	-110.496111	outside_boundary_exact	Utah, Summit County	Bald Mountain Peak: 1.5 km SE of Bald Mountain Peak	https://lichenportal.org/portal/collections/individual/index.php?occid=1370231
1076298	BRY	BRY-L-0000800	Larry L. St. Clair	sl-157	356.99	Colorado	Summit	40.845	-110.498611	outside_boundary_exact	Utah, Summit County	2.6 km SE of Bald Mountain Peak; Along east side of Ridge.	https://lichenportal.org/portal/collections/individual/index.php?occid=1076298
1317362	BRY	BRY-L-0016382	Larry L. St. Clair	NA	356.99	Colorado	Summit	40.845	-110.498611	outside_boundary_exact	Utah, Summit County	Pike National Forest: 2.6 km SE of Bald Mountain Peak, along east side of ridge	https://lichenportal.org/portal/collections/individual/index.php?occid=1317362
1370229	BRY	BRY-L-0019413	Larry L. St. Clair	NA	356.99	Colorado	Summit	40.845	-110.498611	outside_boundary_exact	Utah, Summit County	Pike National Forest: 2.6 km SE of Bald Mountain Peak, along east side of ridge	https://lichenportal.org/portal/collections/individual/index.php?occid=1370229
1423061	BRY	BRY-L-0016499	Larry L. St. Clair	NA	356.99	Colorado	Summit	40.845	-110.498611	outside_boundary_exact	Utah, Summit County	Pike National Forest: 2.6 km SE of Bald Mountain Peak, along east side of ridge	https://lichenportal.org/portal/collections/individual/index.php?occid=1423061
1219403	BRY	BRY-L-0010860	Larry L. St. Clair	NA	356.32	Colorado	Summit	40.845	-110.490278	outside_boundary_exact	Utah, Summit County	Pike National Forest: 2.6 km SE of Bald Mountain Peak, along east side of ridge	https://lichenportal.org/portal/collections/individual/index.php?occid=1219403
1080562	BRY	BRY-L-0005052	Sam Shushan	sl-7513	331.92	Colorado	Boulder	43.229167	-105.35	outside_boundary_exact	Wyoming, Converse County	Roosevelt National Forest vicinity (just outside park): Longmont Reservoir, 3.5 miles west of Lyons, just east of Longmont Reservoir along North St. Vrain Creek	https://lichenportal.org/portal/collections/individual/index.php?occid=1080562
2644567	BRY	BRY-L-0041244	Larry L. St. Clair	St. Cl-10598	286.89	Colorado	Grand	38.75805	-109.616983	outside_boundary_exact	Utah, Grand County	Arches National Park: Salt Valley, approximately 4km SW of campground (ANP No. 1).	https://lichenportal.org/portal/collections/individual/index.php?occid=2644567
2644569	BRY	BRY-L-0041238	Larry L. St. Clair	St. Cl-10592	286.89	Colorado	Grand	38.75805	-109.616983	outside_boundary_exact	Utah, Grand County	Arches National Park: Salt Valley, approximately 4km SW of campground (ANP No. 1).	https://lichenportal.org/portal/collections/individual/index.php?occid=2644569
2644573	BRY	BRY-L-0041243	Larry L. St. Clair	St. Cl-10597	286.89	Colorado	Grand	38.75805	-109.616983	outside_boundary_exact	Utah, Grand County	Arches National Park: Salt Valley, approximately 4km SW of campground (ANP No. 1).	https://lichenportal.org/portal/collections/individual/index.php?occid=2644573
2644600	BRY	BRY-L-0041242	Larry L. St. Clair	St. Cl-10596	286.89	Colorado	Grand	38.75805	-109.616983	outside_boundary_exact	Utah, Grand County	Arches National Park: Salt Valley, approximately 4km SW of campground (ANP No. 1).	https://lichenportal.org/portal/collections/individual/index.php?occid=2644600
2644602	BRY	BRY-L-0041245	Larry L. St. Clair	St. Cl-10599	286.89	Colorado	Grand	38.75805	-109.616983	outside_boundary_exact	Utah, Grand County	Arches National Park: Salt Valley, approximately 4km SW of campground (ANP No. 1).	https://lichenportal.org/portal/collections/individual/index.php?occid=2644602
2644604	BRY	BRY-L-0041239	Larry L. St. Clair	St. Cl-10593	286.89	Colorado	Grand	38.75805	-109.616983	outside_boundary_exact	Utah, Grand County	Arches National Park: Salt Valley, approximately 4km SW of campground (ANP No. 1).	https://lichenportal.org/portal/collections/individual/index.php?occid=2644604
2644606	BRY	BRY-L-0041237	Larry L. St. Clair	St. Cl-10591	286.89	Colorado	Grand	38.75805	-109.616983	outside_boundary_exact	Utah, Grand County	Arches National Park: Salt Valley, approximately 4km SW of campground (ANP No. 1).	https://lichenportal.org/portal/collections/individual/index.php?occid=2644606
2644618	BRY	BRY-L-0041246	Larry L. St. Clair	St. Cl-10600	286.89	Colorado	Grand	38.75805	-109.616983	outside_boundary_exact	Utah, Grand County	Arches National Park: Salt Valley, approximately 4km SW of campground (ANP No. 1).	https://lichenportal.org/portal/collections/individual/index.php?occid=2644618
2644623	BRY	BRY-L-0041241	Larry L. St. Clair	St. Cl-10595	286.89	Colorado	Grand	38.75805	-109.616983	outside_boundary_exact	Utah, Grand County	Arches National Park: Salt Valley, approximately 4km SW of campground (ANP No. 1).	https://lichenportal.org/portal/collections/individual/index.php?occid=2644623
2644629	BRY	BRY-L-0041248	Larry L. St. Clair	St. Cl-10602A	286.89	Colorado	Grand	38.75805	-109.616983	outside_boundary_exact	Utah, Grand County	Arches National Park: Salt Valley, approximately 4km SW of campground (ANP No. 1).	https://lichenportal.org/portal/collections/individual/index.php?occid=2644629
2644665	BRY	BRY-L-0041250	Larry L. St. Clair	St. Cl-10602C	286.89	Colorado	Grand	38.75805	-109.616983	outside_boundary_exact	Utah, Grand County	Arches National Park: Salt Valley, approximately 4km SW of campground (ANP No. 1).	https://lichenportal.org/portal/collections/individual/index.php?occid=2644665
2644682	BRY	BRY-L-0041249	Larry L. St. Clair	St. Cl-10602B	286.89	Colorado	Grand	38.75805	-109.616983	outside_boundary_exact	Utah, Grand County	Arches National Park: Salt Valley, approximately 4km SW of campground (ANP No. 1).	https://lichenportal.org/portal/collections/individual/index.php?occid=2644682
2644693	BRY	BRY-L-0041247	Larry L. St. Clair	St. Cl-10601	286.89	Colorado	Grand	38.75805	-109.616983	outside_boundary_exact	Utah, Grand County	Arches National Park: Salt Valley, approximately 4km SW of campground (ANP No. 1).	https://lichenportal.org/portal/collections/individual/index.php?occid=2644693
2644702	BRY	BRY-L-0041251	Larry L. St. Clair	St. Cl-10603	286.89	Colorado	Grand	38.75805	-109.616983	outside_boundary_exact	Utah, Grand County	Arches National Park: Salt Valley, approximately 4km SW of campground (ANP No. 1).	https://lichenportal.org/portal/collections/individual/index.php?occid=2644702
1289169	BRY	BRY-L-0014010	Sam Shushan	sl-2969	259.26	Colorado	Park	36.383333	-105.45	outside_boundary_exact	New Mexico, Taos County	Pike National Forest: 3 miles SE of Bailey	https://lichenportal.org/portal/collections/individual/index.php?occid=1289169
1570024	BRY	BRY-L-0020367	Roger A. Anderson	8710	245.01	Colorado	Hinsdale	39.983333	-105.45	outside_boundary_exact	Colorado, Boulder County	Vicinity of Castle Rock in Middle Boulder Creek Canyon: 15 miles NE of Tungsten.	https://lichenportal.org/portal/collections/individual/index.php?occid=1570024
1770187	BRY	BRY-L-0021537	Larry L. St. Clair	St. Cl-19102	148.56	Colorado	Garfield	39.88458	-110.77607	outside_boundary_exact	Utah, Duchesne County	Ashley National Forest: Duchesne Ranger District, Avintaquin Campground.	https://lichenportal.org/portal/collections/individual/index.php?occid=1770187
1770331	BRY	BRY-L-0021556	Larry L. St. Clair	St. Cl-19121	148.56	Colorado	Garfield	39.88458	-110.77607	outside_boundary_exact	Utah, Duchesne County	Ashley National Forest: Duchesne Ranger District, Avintaquin Campground.	https://lichenportal.org/portal/collections/individual/index.php?occid=1770331
1770541	BRY	BRY-L-0021534	Larry L. St. Clair	St. Cl-19099	148.56	Colorado	Garfield	39.88458	-110.77607	outside_boundary_exact	Utah, Duchesne County	Ashley National Forest: Duchesne Ranger District, Avintaquin Campground.	https://lichenportal.org/portal/collections/individual/index.php?occid=1770541
1770611	BRY	BRY-L-0021543	Larry L. St. Clair	St. Cl-19108	148.56	Colorado	Garfield	39.88458	-110.77607	outside_boundary_exact	Utah, Duchesne County	Ashley National Forest: Duchesne Ranger District, Avintaquin Campground.	https://lichenportal.org/portal/collections/individual/index.php?occid=1770611
1770754	BRY	BRY-L-0021539	Larry L. St. Clair	St. Cl-19104	148.56	Colorado	Garfield	39.88458	-110.77607	outside_boundary_exact	Utah, Duchesne County	Ashley National Forest: Duchesne Ranger District, Avintaquin Campground.	https://lichenportal.org/portal/collections/individual/index.php?occid=1770754
1770886	BRY	BRY-L-0021555	Larry L. St. Clair	St. Cl-19120	148.56	Colorado	Garfield	39.88458	-110.77607	outside_boundary_exact	Utah, Duchesne County	Ashley National Forest: Duchesne Ranger District, Avintaquin Campground.	https://lichenportal.org/portal/collections/individual/index.php?occid=1770886
1770906	BRY	BRY-L-0021557	Larry L. St. Clair	St. Cl-19122	148.56	Colorado	Garfield	39.88458	-110.77607	outside_boundary_exact	Utah, Duchesne County	Ashley National Forest: Duchesne Ranger District, Avintaquin Campground.	https://lichenportal.org/portal/collections/individual/index.php?occid=1770906
1770907	BRY	BRY-L-0021564	Larry L. St. Clair	St. Cl-19129	148.56	Colorado	Garfield	39.88458	-110.77607	outside_boundary_exact	Utah, Duchesne County	Ashley National Forest: Duchesne Ranger District, Avintaquin Campground.	https://lichenportal.org/portal/collections/individual/index.php?occid=1770907
1770908	BRY	BRY-L-0021569	Larry L. St. Clair	St. Cl-19134	148.56	Colorado	Garfield	39.88458	-110.77607	outside_boundary_exact	Utah, Duchesne County	Ashley National Forest: Duchesne Ranger District, Avintaquin Campground.	https://lichenportal.org/portal/collections/individual/index.php?occid=1770908
1771046	BRY	BRY-L-0021570	Larry L. St. Clair	St. Cl-19135	148.56	Colorado	Garfield	39.88458	-110.77607	outside_boundary_exact	Utah, Duchesne County	Ashley National Forest: Duchesne Ranger District, Avintaquin Campground.	https://lichenportal.org/portal/collections/individual/index.php?occid=1771046
1771157	BRY	BRY-L-0021533	Larry L. St. Clair	St. Cl-19098	148.56	Colorado	Garfield	39.88458	-110.77607	outside_boundary_exact	Utah, Duchesne County	Ashley National Forest: Duchesne Ranger District, Avintaquin Campground.	https://lichenportal.org/portal/collections/individual/index.php?occid=1771157
1771705	BRY	BRY-L-0021532	Larry L. St. Clair	St. Cl-19097	148.56	Colorado	Garfield	39.88458	-110.77607	outside_boundary_exact	Utah, Duchesne County	Ashley National Forest: Duchesne Ranger District, Avintaquin Campground.	https://lichenportal.org/portal/collections/individual/index.php?occid=1771705
1771746	BRY	BRY-L-0021560	Larry L. St. Clair	St. Cl-19125	148.56	Colorado	Garfield	39.88458	-110.77607	outside_boundary_exact	Utah, Duchesne County	Ashley National Forest: Duchesne Ranger District, Avintaquin Campground.	https://lichenportal.org/portal/collections/individual/index.php?occid=1771746
1771747	BRY	BRY-L-0021566	Larry L. St. Clair	St. Cl-19131	148.56	Colorado	Garfield	39.88458	-110.77607	outside_boundary_exact	Utah, Duchesne County	Ashley National Forest: Duchesne Ranger District, Avintaquin Campground.	https://lichenportal.org/portal/collections/individual/index.php?occid=1771747
1771748	BRY	BRY-L-0021571	Larry L. St. Clair	St. Cl-19136	148.56	Colorado	Garfield	39.88458	-110.77607	outside_boundary_exact	Utah, Duchesne County	Ashley National Forest: Duchesne Ranger District, Avintaquin Campground.	https://lichenportal.org/portal/collections/individual/index.php?occid=1771748
1771828	BRY	BRY-L-0021547	Larry L. St. Clair	St. Cl-19112	148.56	Colorado	Garfield	39.88458	-110.77607	outside_boundary_exact	Utah, Duchesne County	Ashley National Forest: Duchesne Ranger District, Avintaquin Campground.	https://lichenportal.org/portal/collections/individual/index.php?occid=1771828
1771888	BRY	BRY-L-0021541	Larry L. St. Clair	St. Cl-19106	148.56	Colorado	Garfield	39.88458	-110.77607	outside_boundary_exact	Utah, Duchesne County	Ashley National Forest: Duchesne Ranger District, Avintaquin Campground.	https://lichenportal.org/portal/collections/individual/index.php?occid=1771888
1771916	BRY	BRY-L-0021554	Larry L. St. Clair	St. Cl-19119	148.56	Colorado	Garfield	39.88458	-110.77607	outside_boundary_exact	Utah, Duchesne County	Ashley National Forest: Duchesne Ranger District, Avintaquin Campground.	https://lichenportal.org/portal/collections/individual/index.php?occid=1771916
1771926	BRY	BRY-L-0021551	Larry L. St. Clair	St. Cl-19116	148.56	Colorado	Garfield	39.88458	-110.77607	outside_boundary_exact	Utah, Duchesne County	Ashley National Forest: Duchesne Ranger District, Avintaquin Campground.	https://lichenportal.org/portal/collections/individual/index.php?occid=1771926
1772012	BRY	BRY-L-0021552	Larry L. St. Clair	St. Cl-19117	148.56	Colorado	Garfield	39.88458	-110.77607	outside_boundary_exact	Utah, Duchesne County	Ashley National Forest: Duchesne Ranger District, Avintaquin Campground.	https://lichenportal.org/portal/collections/individual/index.php?occid=1772012
1772047	BRY	BRY-L-0021546	Larry L. St. Clair	St. Cl-19111	148.56	Colorado	Garfield	39.88458	-110.77607	outside_boundary_exact	Utah, Duchesne County	Ashley National Forest: Duchesne Ranger District, Avintaquin Campground.	https://lichenportal.org/portal/collections/individual/index.php?occid=1772047
1772092	BRY	BRY-L-0021538	Larry L. St. Clair	St. Cl-19103	148.56	Colorado	Garfield	39.88458	-110.77607	outside_boundary_exact	Utah, Duchesne County	Ashley National Forest: Duchesne Ranger District, Avintaquin Campground.	https://lichenportal.org/portal/collections/individual/index.php?occid=1772092
1772151	BRY	BRY-L-0021536	Larry L. St. Clair	St. Cl-19101	148.56	Colorado	Garfield	39.88458	-110.77607	outside_boundary_exact	Utah, Duchesne County	Ashley National Forest: Duchesne Ranger District, Avintaquin Campground.	https://lichenportal.org/portal/collections/individual/index.php?occid=1772151
1772416	BRY	BRY-L-0021561	Larry L. St. Clair	St. Cl-19126	148.56	Colorado	Garfield	39.88458	-110.77607	outside_boundary_exact	Utah, Duchesne County	Ashley National Forest: Duchesne Ranger District, Avintaquin Campground.	https://lichenportal.org/portal/collections/individual/index.php?occid=1772416
1772543	BRY	BRY-L-0021558	Larry L. St. Clair	St. Cl-19123	148.56	Colorado	Garfield	39.88458	-110.77607	outside_boundary_exact	Utah, Duchesne County	Ashley National Forest: Duchesne Ranger District, Avintaquin Campground.	https://lichenportal.org/portal/collections/individual/index.php?occid=1772543
1772590	BRY	BRY-L-0021559	Larry L. St. Clair	St. Cl-19124	148.56	Colorado	Garfield	39.88458	-110.77607	outside_boundary_exact	Utah, Duchesne County	Ashley National Forest: Duchesne Ranger District, Avintaquin Campground.	https://lichenportal.org/portal/collections/individual/index.php?occid=1772590
1772848	BRY	BRY-L-0021545	Larry L. St. Clair	St. Cl-19110	148.56	Colorado	Garfield	39.88458	-110.77607	outside_boundary_exact	Utah, Duchesne County	Ashley National Forest: Duchesne Ranger District, Avintaquin Campground.	https://lichenportal.org/portal/collections/individual/index.php?occid=1772848
1773060	BRY	BRY-L-0021562	Larry L. St. Clair	St. Cl-19127	148.56	Colorado	Garfield	39.88458	-110.77607	outside_boundary_exact	Utah, Duchesne County	Ashley National Forest: Duchesne Ranger District, Avintaquin Campground.	https://lichenportal.org/portal/collections/individual/index.php?occid=1773060
1773061	BRY	BRY-L-0021565	Larry L. St. Clair	St. Cl-19130	148.56	Colorado	Garfield	39.88458	-110.77607	outside_boundary_exact	Utah, Duchesne County	Ashley National Forest: Duchesne Ranger District, Avintaquin Campground.	https://lichenportal.org/portal/collections/individual/index.php?occid=1773061
1773567	BRY	BRY-L-0021544	Larry L. St. Clair	St. Cl-19109	148.56	Colorado	Garfield	39.88458	-110.77607	outside_boundary_exact	Utah, Duchesne County	Ashley National Forest: Duchesne Ranger District, Avintaquin Campground.	https://lichenportal.org/portal/collections/individual/index.php?occid=1773567
1773635	BRY	BRY-L-0021548	Larry L. St. Clair	St. Cl-19113	148.56	Colorado	Garfield	39.88458	-110.77607	outside_boundary_exact	Utah, Duchesne County	Ashley National Forest: Duchesne Ranger District, Avintaquin Campground.	https://lichenportal.org/portal/collections/individual/index.php?occid=1773635
1773791	BRY	BRY-L-0021540	Larry L. St. Clair	St. Cl-19105	148.56	Colorado	Garfield	39.88458	-110.77607	outside_boundary_exact	Utah, Duchesne County	Ashley National Forest: Duchesne Ranger District, Avintaquin Campground.	https://lichenportal.org/portal/collections/individual/index.php?occid=1773791
1774276	BRY	BRY-L-0021568	Larry L. St. Clair	St. Cl-19133	148.56	Colorado	Garfield	39.88458	-110.77607	outside_boundary_exact	Utah, Duchesne County	Ashley National Forest: Duchesne Ranger District, Avintaquin Campground.	https://lichenportal.org/portal/collections/individual/index.php?occid=1774276
1774416	BRY	BRY-L-0021550	Larry L. St. Clair	St. Cl-19115	148.56	Colorado	Garfield	39.88458	-110.77607	outside_boundary_exact	Utah, Duchesne County	Ashley National Forest: Duchesne Ranger District, Avintaquin Campground.	https://lichenportal.org/portal/collections/individual/index.php?occid=1774416
1774577	BRY	BRY-L-0021535	Larry L. St. Clair	St. Cl-19100	148.56	Colorado	Garfield	39.88458	-110.77607	outside_boundary_exact	Utah, Duchesne County	Ashley National Forest: Duchesne Ranger District, Avintaquin Campground.	https://lichenportal.org/portal/collections/individual/index.php?occid=1774577
1774630	BRY	BRY-L-0021549	Larry L. St. Clair	St. Cl-19114	148.56	Colorado	Garfield	39.88458	-110.77607	outside_boundary_exact	Utah, Duchesne County	Ashley National Forest: Duchesne Ranger District, Avintaquin Campground.	https://lichenportal.org/portal/collections/individual/index.php?occid=1774630
1774695	BRY	BRY-L-0021553	Larry L. St. Clair	St. Cl-19118	148.56	Colorado	Garfield	39.88458	-110.77607	outside_boundary_exact	Utah, Duchesne County	Ashley National Forest: Duchesne Ranger District, Avintaquin Campground.	https://lichenportal.org/portal/collections/individual/index.php?occid=1774695
1774941	BRY	BRY-L-0021567	Larry L. St. Clair	St. Cl-19132	148.56	Colorado	Garfield	39.88458	-110.77607	outside_boundary_exact	Utah, Duchesne County	Ashley National Forest: Duchesne Ranger District, Avintaquin Campground.	https://lichenportal.org/portal/collections/individual/index.php?occid=1774941
1775002	BRY	BRY-L-0021563	Larry L. St. Clair	St. Cl-19128	148.56	Colorado	Garfield	39.88458	-110.77607	outside_boundary_exact	Utah, Duchesne County	Ashley National Forest: Duchesne Ranger District, Avintaquin Campground.	https://lichenportal.org/portal/collections/individual/index.php?occid=1775002
1076302	BRY	BRY-L-0000804	Larry L. St. Clair	sl-208	137.9	Colorado	San Juan	38.441667	-109.231667	outside_boundary_exact	Utah, San Juan County	Mt. Peale; 14.5 km north of LaSal; 3.2 km NE of Medicine Lake.	https://lichenportal.org/portal/collections/individual/index.php?occid=1076302
1076469	BRY	BRY-L-0000968	Larry L. St. Clair	NA	137.9	Colorado	San Juan	38.441667	-109.231667	outside_boundary_exact	Utah, San Juan County	Mount Peale; 14.5 km north of LaSal; 3.2 NE of Medicine Lake.	https://lichenportal.org/portal/collections/individual/index.php?occid=1076469
1077580	BRY	BRY-L-0002076	Larry L. St. Clair	NA	137.9	Colorado	San Juan	38.441667	-109.231667	outside_boundary_exact	Utah, San Juan County	Mount Peale; 14.5 km north of LaSal; 3.2 NE of Medicine Lake.	https://lichenportal.org/portal/collections/individual/index.php?occid=1077580
1078447	BRY	BRY-L-0002937	Larry L. St. Clair	NA	137.9	Colorado	San Juan	38.441667	-109.231667	outside_boundary_exact	Utah, San Juan County	Mt. Peale, 14.5 km north of LaSal, 3.2 km NE of Medicine Lake.	https://lichenportal.org/portal/collections/individual/index.php?occid=1078447
1300883	BRY	BRY-L-0014801	Larry L. St. Clair	NA	137.9	Colorado	San Juan	38.441667	-109.231667	outside_boundary_exact	Utah, San Juan County	Mount Peale: 14.5 km north of La Sal: 3.2 km NE of Medicine Lake	https://lichenportal.org/portal/collections/individual/index.php?occid=1300883
1343837	BRY	BRY-L-0017101	Larry L. St. Clair	NA	137.9	Colorado	San Juan	38.441667	-109.231667	outside_boundary_exact	Utah, San Juan County	Mount Peale: 14.5 km north of La Sal: 3.2 km NE of Medicine Lake	https://lichenportal.org/portal/collections/individual/index.php?occid=1343837
1370232	BRY	BRY-L-0019416	Larry L. St. Clair	NA	137.9	Colorado	San Juan	38.441667	-109.231667	outside_boundary_exact	Utah, San Juan County	Mount Peale: 14.5 km north of La Sal: 3.2 km NE of Medicine Lake	https://lichenportal.org/portal/collections/individual/index.php?occid=1370232
1423063	BRY	BRY-L-0016501	Larry L. St. Clair	NA	137.9	Colorado	San Juan	38.441667	-109.231667	outside_boundary_exact	Utah, San Juan County	Mount Peale: 14.5 km north of La Sal: 3.2 km NE of Medicine Lake	https://lichenportal.org/portal/collections/individual/index.php?occid=1423063
1217926	BRY	BRY-L-0009410	Larry L. St. Clair	NA	137.31	Colorado	San Juan	38.413333	-109.25	outside_boundary_exact	Utah, San Juan County	Medicine Lake, 12 km north of LaSal, 3.2 km SW of Mount Peale	https://lichenportal.org/portal/collections/individual/index.php?occid=1217926
1371938	BRY	BRY-L-0020190	J. T. Wynhoff	NM-52b	114.46	Colorado	San Juan	36.6182	-107.9567	outside_boundary_exact	New Mexico, San Juan County	Kutz Canyon	https://lichenportal.org/portal/collections/individual/index.php?occid=1371938
1217830	BRY	BRY-L-0009319	Paula V. Krebs	sl-7465, 279	86.15	Colorado	Gunnison	39.979167	-107.05	outside_boundary_exact	Colorado, Garfield County	White River National Forest: Paradise Basin between Mount Baldy and Cinnamon Mtn., 4 miles SW of Schofield Pass.	https://lichenportal.org/portal/collections/individual/index.php?occid=1217830
1218134	BRY	BRY-L-0009615	Paula V. Krebs	sl-7493, 277	86.15	Colorado	Gunnison	39.979167	-107.05	outside_boundary_exact	Colorado, Garfield County	White River National Forest: Paradise Basin between Mount Baldy and Cinnamon Mtn., 4 miles SW of Schofield Pass.	https://lichenportal.org/portal/collections/individual/index.php?occid=1218134
1278663	BRY	BRY-L-0012712	Paula V. Krebs	sl-7481A	86.15	Colorado	Gunnison	39.979167	-107.05	outside_boundary_exact	Colorado, Garfield County	White River National Forest: Paradise Basin between Mount Baldy and Cinnamon Mtn., 4 miles SW of Schofield Pass.	https://lichenportal.org/portal/collections/individual/index.php?occid=1278663
1282474	BRY	BRY-L-0012899	Paula V. Krebs	sl-7481	86.15	Colorado	Gunnison	39.979167	-107.05	outside_boundary_exact	Colorado, Garfield County	White River National Forest: Paradise Basin between Mount Baldy and Cinnamon Mtn., 4 miles SW of Schofield Pass.	https://lichenportal.org/portal/collections/individual/index.php?occid=1282474
1343459	BRY	BRY-L-0016724	Roger A. Anderson	8671	82.47	Colorado	Gunnison	39.6023	-105.9957	outside_boundary_exact	Colorado, Summit County	Uncompahgre National Forest: Lake City vicinity, 25.5 km N of Lake City, 11 km N of county line, W-facing talus and outcrops	https://lichenportal.org/portal/collections/individual/index.php?occid=1343459
1078927	BRY	BRY-L-0003421	Athalie Barzee	sl-11190	80.53	Colorado	El Paso	39.070833	-105.970833	outside_boundary_exact	Colorado, Park County	Pike National Forest: Limbaugh Canyon, 4.7 miles SW of Palmer Lake, at Monument Creek in Limbaugh Canyon	https://lichenportal.org/portal/collections/individual/index.php?occid=1078927
1282575	BRY	BRY-L-0013000	Athalie Barzee	sl-11191	80.53	Colorado	El Paso	39.070833	-105.970833	outside_boundary_exact	Colorado, Park County	Pike National Forest: Limbaugh Canyon, 4.7 miles SW of Palmer Lake, at Monument Creek in Limbaugh Canyon	https://lichenportal.org/portal/collections/individual/index.php?occid=1282575
1218589	BRY	BRY-L-0010066	Aliene M. Munger	sl-6596	76.24	Colorado	Boulder	40.941667	-105.508333	outside_boundary_exact	Colorado, Larimer County	Nederland vicinity: about 2 miles south of Nederland near Boulder YMCA Camp	https://lichenportal.org/portal/collections/individual/index.php?occid=1218589
1288685	BRY	BRY-L-0013501	Thomas H. Nash	17886	69.06	Colorado	San Juan	37.166667	-108.475	outside_boundary_exact	Colorado, Montezuma County	Mesa Verde National Park, Upper Fewkes Canyon	https://lichenportal.org/portal/collections/individual/index.php?occid=1288685
1289238	BRY	BRY-L-0014080	Thomas H. Nash	17889	69.06	Colorado	San Juan	37.166667	-108.475	outside_boundary_exact	Colorado, Montezuma County	Mesa Verde National Park, Upper Fewkes Canyon	https://lichenportal.org/portal/collections/individual/index.php?occid=1289238
1343838	BRY	BRY-L-0017102	Thomas H. Nash	17820	69.06	Colorado	San Juan	37.166667	-108.475	outside_boundary_exact	Colorado, Montezuma County	Mesa Verde National Park, Lower Fewkes Canyon	https://lichenportal.org/portal/collections/individual/index.php?occid=1343838
1373981	BRY	BRY-L-0020092	Thomas H. Nash	17987	68.11	Colorado	San Juan	37.183333	-108.483333	outside_boundary_exact	Colorado, Montezuma County	Mesa Verde National Park, Spruce Tree Canyon across from park headquarters	https://lichenportal.org/portal/collections/individual/index.php?occid=1373981
1217733	BRY	BRY-L-0009222	Thomas H. Nash	18026	67.21	Colorado	San Juan	37.2	-108.491667	outside_boundary_exact	Colorado, Montezuma County	Mesa Verde National Park: east side of Navajo Canyon to park maintenance area.	https://lichenportal.org/portal/collections/individual/index.php?occid=1217733
1078452	BRY	BRY-L-0002942	Thomas H. Nash	18065	64.39	Colorado	San Juan	37.241667	-108.5	outside_boundary_exact	Colorado, Montezuma County	Mesa Verde National Park, Soda Canyon and Battleship Rock Area.	https://lichenportal.org/portal/collections/individual/index.php?occid=1078452
1217872	BRY	BRY-L-0009360	Thomas H. Nash	18093	64.39	Colorado	San Juan	37.241667	-108.5	outside_boundary_exact	Colorado, Montezuma County	Mesa Verde National Park, Soda Canyon and Battleship Rock Area	https://lichenportal.org/portal/collections/individual/index.php?occid=1217872
1374047	BRY	BRY-L-0019572	Thomas H. Nash	18132	64.39	Colorado	San Juan	37.241667	-108.5	outside_boundary_exact	Colorado, Montezuma County	Mesa Verde National Park, Soda Canyon and Battleship Rock area, on Cliff House Sandstone Formation	https://lichenportal.org/portal/collections/individual/index.php?occid=1374047
1288268	BRY	BRY-L-0013212	Thomas H. Nash	18168	59.37	Colorado	San Juan	37.279167	-108.466667	outside_boundary_exact	Colorado, Montezuma County	Mesa Verde National Park, Park Point lookout area	https://lichenportal.org/portal/collections/individual/index.php?occid=1288268
1079199	BRY	BRY-L-0003695	Edna L. Johnson	NA	56.76	Colorado	Clear Creek	39.583333	-106.583333	outside_boundary_exact	Colorado, Eagle County	Arapaho National Forest vicinity: 13 miles west of Evergreen, upper Bear Creek.	https://lichenportal.org/portal/collections/individual/index.php?occid=1079199
1079579	BRY	BRY-L-0004074	Edna L. Johnson	sl-128	56.76	Colorado	Clear Creek	39.583333	-106.583333	outside_boundary_exact	Colorado, Eagle County	Arapaho National Forest vicinity: 13 miles west of Evergreen, upper Bear Creek.	https://lichenportal.org/portal/collections/individual/index.php?occid=1079579
1282407	BRY	BRY-L-0012832	Sam Shushan	sl-126	56.76	Colorado	Clear Creek	39.583333	-106.583333	outside_boundary_exact	Colorado, Eagle County	Arapaho National Forest vicinity: 13 miles west of Evergreen, upper Bear Creek.	https://lichenportal.org/portal/collections/individual/index.php?occid=1282407
1367258	BRY	BRY-L-0018973	Edna L. Johnson	sl-123	56.76	Colorado	Clear Creek	39.583333	-106.583333	outside_boundary_exact	Colorado, Eagle County	Arapaho National Forest vicinity: 13 miles west of Evergreen, upper Bear Creek.	https://lichenportal.org/portal/collections/individual/index.php?occid=1367258
1367535	BRY	BRY-L-0019177	Sam Shushan	sl-125	56.76	Colorado	Clear Creek	39.583333	-106.583333	outside_boundary_exact	Colorado, Eagle County	Arapaho National Forest vicinity: 13 miles west of Evergreen, upper Bear Creek.	https://lichenportal.org/portal/collections/individual/index.php?occid=1367535
1361917	BRY	BRY-L-0018314	Sam Shushan	sl-11804, fl-150	46.36	Colorado	Boulder	39.5	-105.291667	outside_boundary_exact	Colorado, Jefferson County	Trail above Bluebell Canyon, Boulder Mountain Park	https://lichenportal.org/portal/collections/individual/index.php?occid=1361917
1366068	BRY	BRY-L-0018545	JoAnn W. Flock	sl-11807, fl-151	46.36	Colorado	Boulder	39.5	-105.291667	outside_boundary_exact	Colorado, Jefferson County	Trail above Bluebell Canyon, Boulder Mountain Park, Boulder Colorado	https://lichenportal.org/portal/collections/individual/index.php?occid=1366068
1373869	BRY	BRY-L-0019518	JoAnn W. Flock	sl-11788, fl-153a	46.36	Colorado	Boulder	39.5	-105.291667	outside_boundary_exact	Colorado, Jefferson County	Boulder Mountain Park: Enchanted Mesa, at old quarry above Skunk Canyon	https://lichenportal.org/portal/collections/individual/index.php?occid=1373869
1217497	BRY	BRY-L-0008987	Sam Shushan	sl-8915	39.55	Colorado	Hinsdale	38.5	-107.470833	outside_boundary_exact	Colorado, Gunnison County	Capitol City: ca. 8 miles west of Lake City: along North Fork of Henson Creek	https://lichenportal.org/portal/collections/individual/index.php?occid=1217497
1217539	BRY	BRY-L-0009031	Sam Shushan	sl-8915	39.55	Colorado	Hinsdale	38.5	-107.470833	outside_boundary_exact	Colorado, Gunnison County	Capitol City: ca. 8 miles west of Lake City: along North Fork of Henson Creek	https://lichenportal.org/portal/collections/individual/index.php?occid=1217539
1300868	BRY	BRY-L-0014786	Sam Shushan	sl-8914	39.55	Colorado	Hinsdale	38.5	-107.470833	outside_boundary_exact	Colorado, Gunnison County	Capitol City: ca. 8 miles west of Lake City: along North Fork of Henson Creek	https://lichenportal.org/portal/collections/individual/index.php?occid=1300868
1361798	BRY	BRY-L-0018157	Sam Shushan	sl-8916	39.55	Colorado	Hinsdale	38.5	-107.470833	outside_boundary_exact	Colorado, Gunnison County	Capitol City: ca. 8 miles west of Lake City: along North Fork of Henson Creek	https://lichenportal.org/portal/collections/individual/index.php?occid=1361798
1361834	BRY	BRY-L-0018230	Sam Shushan	sl-8917	39.55	Colorado	Hinsdale	38.5	-107.470833	outside_boundary_exact	Colorado, Gunnison County	Capitol City: ca. 8 miles west of Lake City: along North Fork of Henson Creek	https://lichenportal.org/portal/collections/individual/index.php?occid=1361834
1366060	BRY	BRY-L-0018537	Sam Shushan	sl-8918	39.55	Colorado	Hinsdale	38.5	-107.470833	outside_boundary_exact	Colorado, Gunnison County	Capitol City: ca. 8 miles west of Lake City: along North Fork of Henson Creek	https://lichenportal.org/portal/collections/individual/index.php?occid=1366060
1366173	BRY	BRY-L-0018731	Sam Shushan	sl-8919	39.55	Colorado	Hinsdale	38.5	-107.470833	outside_boundary_exact	Colorado, Gunnison County	Capitol City: ca. 8 miles west of Lake City: along North Fork of Henson Creek	https://lichenportal.org/portal/collections/individual/index.php?occid=1366173
1077179	BRY	BRY-L-0001676	Sam Shushan	sl-7896	35.77	Colorado	Boulder	40.580556	-105.531944	outside_boundary_exact	Colorado, Larimer County	Roosevelt National Forest; 1.2 miles due west of Pennock Pass.	https://lichenportal.org/portal/collections/individual/index.php?occid=1077179
1299415	BRY	BRY-L-0014349	Sam Shushan	sl-4808	35.11	Colorado	Boulder	39.65	-105.858333	outside_boundary_exact	Colorado, Summit County	Arapaho and Roosevelt National Forests: W of Loveland Pass: 20 miles WSW of Idaho Springs.	https://lichenportal.org/portal/collections/individual/index.php?occid=1299415
2582902	BRY	BRY-L-0039893	Gajendra Shrestha	GS-082	31.71	Colorado	Garfield	40.07701	-106.66216	outside_boundary_exact	Colorado, Routt County	Enroute from Toponas to Kremmling, near the junction of Highway 134 and State Rd 206.	https://lichenportal.org/portal/collections/individual/index.php?occid=2582902
1078001	BRY	BRY-L-0002494	Aliene M. Munger	NA	26.73	Colorado	Boulder	40.5	-105.575	outside_boundary_exact	Colorado, Larimer County	Rainbow Lake Campground	https://lichenportal.org/portal/collections/individual/index.php?occid=1078001
1770823	BRY	BRY-L-0024318	Larry L. St. Clair	St. Cl-18372	25.91	Colorado	Rio Blanco	39.59795	-107.60626	outside_boundary_exact	Colorado, Garfield County	White River National Forest: Meadow Lake turnoff, vicinity of Big Ridge, 3.8 miles north of turnoff to Meadow Lake along USFS Road No. 245.	https://lichenportal.org/portal/collections/individual/index.php?occid=1770823
1077077	BRY	BRY-L-0001574	Sam Shushan	sl-8010	22.6	Colorado	Grand	40.441667	-105.483333	outside_boundary_exact	Colorado, Larimer County	Rocky Mountain National Park: Specimen Mountain	https://lichenportal.org/portal/collections/individual/index.php?occid=1077077
1081087	BRY	BRY-L-0006071	Sam Shushan	sl-8888	22.31	Colorado	Grand	40.611111	-106.505	outside_boundary_exact	Colorado, Jackson County	Saint Croix State Park: 4 miles NE of Gore Pass: 8.5 miles NW of Kremmling	https://lichenportal.org/portal/collections/individual/index.php?occid=1081087
1282482	BRY	BRY-L-0012907	Sam Shushan	sl-8893	22.31	Colorado	Grand	40.611111	-106.505	outside_boundary_exact	Colorado, Jackson County	Saint Croix State Park: 4 miles NE of Gore Pass: 8.5 miles NW of Kremmling	https://lichenportal.org/portal/collections/individual/index.php?occid=1282482
1317337	BRY	BRY-L-0016357	Sam Shushan	sl-8889	22.31	Colorado	Grand	40.611111	-106.505	outside_boundary_exact	Colorado, Jackson County	Saint Croix State Park: 4 miles NE of Gore Pass: 8.5 miles NW of Kremmling	https://lichenportal.org/portal/collections/individual/index.php?occid=1317337
1370162	BRY	BRY-L-0019345	Sam Shushan	sl-8891	22.31	Colorado	Grand	40.611111	-106.505	outside_boundary_exact	Colorado, Jackson County	Saint Croix State Park: 4 miles NE of Gore Pass: 8.5 miles NW of Kremmling	https://lichenportal.org/portal/collections/individual/index.php?occid=1370162
1370163	BRY	BRY-L-0019346	Sam Shushan	sl-8892	22.31	Colorado	Grand	40.611111	-106.505	outside_boundary_exact	Colorado, Jackson County	Saint Croix State Park: 4 miles NE of Gore Pass: 8.5 miles NW of Kremmling	https://lichenportal.org/portal/collections/individual/index.php?occid=1370163
1423032	BRY	BRY-L-0016470	Sam Shushan	sl-8890	22.31	Colorado	Grand	40.611111	-106.505	outside_boundary_exact	Colorado, Jackson County	Saint Croix State Park: 4 miles NE of Gore Pass: 8.5 miles NW of Kremmling	https://lichenportal.org/portal/collections/individual/index.php?occid=1423032
1081611	BRY	BRY-L-0006590	Larry L. St. Clair	NA	17.59	Colorado	Boulder	40.416667	-105.405278	outside_boundary_exact	Colorado, Larimer County	Roosevelt National Forest: Boulder Falls in Boulder Canyon, 8.2 km west of Boulder	https://lichenportal.org/portal/collections/individual/index.php?occid=1081611
1217924	BRY	BRY-L-0009408	Larry L. St. Clair	NA	17.59	Colorado	Boulder	40.416667	-105.405278	outside_boundary_exact	Colorado, Larimer County	Roosevelt National Forest: Boulder Falls in Boulder Canyon, 8.2 km west of Boulder	https://lichenportal.org/portal/collections/individual/index.php?occid=1217924
1278707	BRY	BRY-L-0012757	Larry L. St. Clair	sl-392	17.59	Colorado	Boulder	40.416667	-105.405278	outside_boundary_exact	Colorado, Larimer County	Vicinity of Boulder Falls in Boulder Canyon: 82 km west of Boulder	https://lichenportal.org/portal/collections/individual/index.php?occid=1278707
1289134	BRY	BRY-L-0013975	Larry L. St. Clair	NA	17.59	Colorado	Boulder	40.416667	-105.405278	outside_boundary_exact	Colorado, Larimer County	Roosevelt National Forest: Boulder Falls in Boulder Canyon, 8.2 km west of Boulder	https://lichenportal.org/portal/collections/individual/index.php?occid=1289134
1299419	BRY	BRY-L-0014459	Sam Shushan	sl-201	11.65	Colorado	Boulder	39.816667	-105.45	outside_boundary_exact	Colorado, Gilpin County	Arapaho and Roosevelt National Forests: Middle Boulder Creek Canyon, 2.4 km (1.5 miles) NE of Tungsten. (Original packets say in vicinity of Castle Rock, but packet GPS reading indicates a place other than the town of Castle Rock, perhaps a geologic feature with same name).	https://lichenportal.org/portal/collections/individual/index.php?occid=1299419
1076331	BRY	BRY-L-0000833	Larry L. St. Clair	NA	9.95	Colorado	Boulder	39.833333	-105.45	outside_boundary_exact	Colorado, Gilpin County	Vicinity of Castle Rock, middle of Boulder Creek Canyon, 1.5 km NE of Tungsten.	https://lichenportal.org/portal/collections/individual/index.php?occid=1076331
1077009	BRY	BRY-L-0001506	Roger A. Anderson	8016	7.26	Colorado	Douglas	39.3235	-105.2859	outside_boundary_exact	Colorado, Jefferson County	Pike National Forest: 6.4 km SSW of Buffalo Creek: near Little Scraggy Peak	https://lichenportal.org/portal/collections/individual/index.php?occid=1077009
1077012	BRY	BRY-L-0001509	Roger A. Anderson	8026	7.26	Colorado	Douglas	39.3235	-105.2859	outside_boundary_exact	Colorado, Jefferson County	Pike National Forest: 6.4 km SSW of Buffalo Creek: near Little Scraggy Peak	https://lichenportal.org/portal/collections/individual/index.php?occid=1077012
1081043	BRY	BRY-L-0006027	Roger A. Anderson	NA	7.26	Colorado	Douglas	39.3235	-105.2859	outside_boundary_exact	Colorado, Jefferson County	Pike National Forest: 6.4 km SSW of Buffalo Creek: near Little Scraggy Peak	https://lichenportal.org/portal/collections/individual/index.php?occid=1081043
1216078	BRY	BRY-L-0007595	Roger A. Anderson	8038	7.26	Colorado	Douglas	39.3235	-105.2859	outside_boundary_exact	Colorado, Jefferson County	Pike National Forest: 6.4 km SSW of Buffalo Creek: near Little Scraggy Peak	https://lichenportal.org/portal/collections/individual/index.php?occid=1216078
1216081	BRY	BRY-L-0007598	Roger A. Anderson	8037	7.26	Colorado	Douglas	39.3235	-105.2859	outside_boundary_exact	Colorado, Jefferson County	Pike National Forest: 6.4 km SSW of Buffalo Creek: near Little Scraggy Peak	https://lichenportal.org/portal/collections/individual/index.php?occid=1216081
1216652	BRY	BRY-L-0008158	Roger A. Anderson	8048	7.26	Colorado	Douglas	39.3235	-105.2859	outside_boundary_exact	Colorado, Jefferson County	Pike National Forest: 6.4 km SSW of Buffalo Creek: near Little Scraggy Peak	https://lichenportal.org/portal/collections/individual/index.php?occid=1216652
1217990	BRY	BRY-L-0009471	Thomas H. Nash	8052	7.26	Colorado	Douglas	39.3235	-105.2859	outside_boundary_exact	Colorado, Jefferson County	Pike National Forest: 6.4 km SSW of Buffalo Creek: near Little Scraggy Peak	https://lichenportal.org/portal/collections/individual/index.php?occid=1217990
1245279	BRY	BRY-L-0012098	Roger A. Anderson	8025	7.26	Colorado	Douglas	39.3235	-105.2859	outside_boundary_exact	Colorado, Jefferson County	Pike National Forest: 6.4 km SSW of Buffalo Creek: near Little Scraggy Peak	https://lichenportal.org/portal/collections/individual/index.php?occid=1245279
1288276	BRY	BRY-L-0013219	Roger A. Anderson	8044	7.26	Colorado	Douglas	39.3235	-105.2859	outside_boundary_exact	Colorado, Jefferson County	Pike National Forest: 6.4 km SSW of Buffalo Creek: near Little Scraggy Peak	https://lichenportal.org/portal/collections/individual/index.php?occid=1288276
1309441	BRY	BRY-L-0015364	Roger A. Anderson	8023	7.26	Colorado	Douglas	39.3235	-105.2859	outside_boundary_exact	Colorado, Jefferson County	Pike National Forest: 6.4 km SSW of Buffalo Creek: near Little Scraggy Peak	https://lichenportal.org/portal/collections/individual/index.php?occid=1309441
1310651	BRY	BRY-L-0015621	Roger A. Anderson	8043	7.26	Colorado	Douglas	39.3235	-105.2859	outside_boundary_exact	Colorado, Jefferson County	Pike National Forest: 6.4 km SSW of Buffalo Creek: near Little Scraggy Peak	https://lichenportal.org/portal/collections/individual/index.php?occid=1310651
1312908	BRY	BRY-L-0015739	Roger A. Anderson	8028	7.26	Colorado	Douglas	39.3235	-105.2859	outside_boundary_exact	Colorado, Jefferson County	Pike National Forest: 6.4 km SSW of Buffalo Creek: near Little Scraggy Peak	https://lichenportal.org/portal/collections/individual/index.php?occid=1312908
1423499	BRY	BRY-L-0018089	Roger A. Anderson	8053	7.26	Colorado	Douglas	39.3235	-105.2859	outside_boundary_exact	Colorado, Jefferson County	Pike National Forest: 6.4 km SSW of Buffalo Creek: near Little Scraggy Peak	https://lichenportal.org/portal/collections/individual/index.php?occid=1423499
2606701	BRY	BRY-L-0040184	Gajendra Shrestha	GS-064	7.25	Colorado	Rio Blanco	40.00253	-107.23139	outside_boundary_exact	Colorado, Garfield County	White River National Forest: Along North Fork Rd (205), near the Trailhead Outlet.	https://lichenportal.org/portal/collections/individual/index.php?occid=2606701
2606523	BRY	BRY-L-0040188	Gajendra Shrestha	GS-068	6.42	Colorado	Rio Blanco	39.99054	-107.24323	outside_boundary_exact	Colorado, Garfield County	White River National Forest: Along Wall Lake trailhead, near Trappers Lake.	https://lichenportal.org/portal/collections/individual/index.php?occid=2606523
2606746	BRY	BRY-L-0040185	Gajendra Shrestha	GS-065	6.42	Colorado	Rio Blanco	39.99054	-107.24323	outside_boundary_exact	Colorado, Garfield County	White River National Forest: Along Wall Lake Trailhead, near Trappers Lake.	https://lichenportal.org/portal/collections/individual/index.php?occid=2606746
1243117	BRY	BRY-L-0011632	Sam Shushan	sl-3469	6	Colorado	Clear Creek	39.85	-105.85	outside_boundary_exact	Colorado, Grand County	Arapaho National Forest: NE of Loveland Pass, 20 miles WSW of Idaho Springs	https://lichenportal.org/portal/collections/individual/index.php?occid=1243117
1079003	BRY	BRY-L-0003497	Robert S. Egan	El-688	4.42	Colorado	Gunnison	38.383333	-106.245833	outside_boundary_exact	Colorado, Saguache County	One mile south of Marshall Pass: 8 miles NW of Bonanza in Gunnison National Forest	https://lichenportal.org/portal/collections/individual/index.php?occid=1079003
1079111	BRY	BRY-L-0003605	Robert S. Egan	El-679	4.42	Colorado	Gunnison	38.383333	-106.245833	outside_boundary_exact	Colorado, Saguache County	One mile south of Marshall Pass; 8 miles NW of Bonanza in Gunnison National Forest.	https://lichenportal.org/portal/collections/individual/index.php?occid=1079111
1081288	BRY	BRY-L-0006269	Robert S. Egan	El-667	4.42	Colorado	Gunnison	38.383333	-106.245833	outside_boundary_exact	Colorado, Saguache County	Marshall Pass: 1 mile south of Marshall Pass: 8 miles NW of Bonanza in Gunnison National Forest	https://lichenportal.org/portal/collections/individual/index.php?occid=1081288
1219500	BRY	BRY-L-0010956	Robert S. Egan	El-680	4.42	Colorado	Gunnison	38.383333	-106.245833	outside_boundary_exact	Colorado, Saguache County	Gunnison National Forest: 1 mile south of Marshall Pass and 8 miles NW of Bonanza in Gunnison National Forest	https://lichenportal.org/portal/collections/individual/index.php?occid=1219500
1278359	BRY	BRY-L-0012478	Robert S. Egan	El-681	4.42	Colorado	Gunnison	38.383333	-106.245833	outside_boundary_exact	Colorado, Saguache County	Gunnison National Forest: 1 mile south of Marshall Pass and 8 miles NW of Bonanza in Gunnison National Forest	https://lichenportal.org/portal/collections/individual/index.php?occid=1278359
1278444	BRY	BRY-L-0012354	Robert S. Egan	El-677	4.42	Colorado	Gunnison	38.383333	-106.245833	outside_boundary_exact	Colorado, Saguache County	Gunnison National Forest: 1 mile south of Marshall Pass and 8 miles NW of Bonanza in Gunnison National Forest	https://lichenportal.org/portal/collections/individual/index.php?occid=1278444
2582899	BRY	BRY-L-0039890	Gajendra Shrestha	GS-079	4.05	Colorado	Garfield	39.865	-107.586	outside_boundary_exact	Colorado, Rio Blanco County	White River National Forest: Along New Castle Bufford Rd, near the way to Hiner Spring.	https://lichenportal.org/portal/collections/individual/index.php?occid=2582899
1216482	BRY	BRY-L-0008012	Horace R. Simms	sl-423, sl-124	3.89	Colorado	Mineral	37.583333	-106.666667	outside_boundary_exact	Colorado, Rio Grande County	[Rio Grande National Forest vicinity]: South Fork area, 9 miles SW of South Fork, along U.S. Highway 160	https://lichenportal.org/portal/collections/individual/index.php?occid=1216482
1373864	BRY	BRY-L-0019513	H. David Preece	sl-9713	2.78	Colorado	Costilla	37.5	-105.616667	outside_boundary_exact	Colorado, Alamosa County	Blanca vicinity: 9 miles NW of Blanca, 1 mile above Pioneer Creek Cemetery	https://lichenportal.org/portal/collections/individual/index.php?occid=1373864
1215709	BRY	BRY-L-0007226	Roger A. Anderson	8176a	2.75	Colorado	Douglas	39.2656	-105.2672	outside_boundary_exact	Colorado, Jefferson County	Pike National Forest: along Six Mile Creek and Colorado Highway 126 NW of Deckers	https://lichenportal.org/portal/collections/individual/index.php?occid=1215709
1217659	BRY	BRY-L-0009148	Roger A. Anderson	8177a	2.75	Colorado	Douglas	39.2656	-105.2672	outside_boundary_exact	Colorado, Jefferson County	On Populus angustifolia along Six-mile Creek & Colorado Highway 126 NW of Deckers	https://lichenportal.org/portal/collections/individual/index.php?occid=1217659
1290126	BRY	BRY-L-0014113	Roger A. Anderson	8177	2.75	Colorado	Douglas	39.2656	-105.2672	outside_boundary_exact	Colorado, Jefferson County	Pike National Forest: along 6 mile Creek & Colorado Highway 126, NW of Deckers	https://lichenportal.org/portal/collections/individual/index.php?occid=1290126
1290130	BRY	BRY-L-0014117	Roger A. Anderson	817	2.75	Colorado	Douglas	39.2656	-105.2672	outside_boundary_exact	Colorado, Jefferson County	Pike National Forest: along 6 mile Creek & Colorado Highway 126, NW of Deckers	https://lichenportal.org/portal/collections/individual/index.php?occid=1290130
1079095	BRY	BRY-L-0003589	Sam Shushan	sl-5056	2.41	Colorado	Boulder	40.283333	-105.333333	outside_boundary_exact	Colorado, Larimer County	Ca. Two miles west of Boulder in Boulder Canyon.	https://lichenportal.org/portal/collections/individual/index.php?occid=1079095
1080415	BRY	BRY-L-0004905	Sam Shushan	sl-10654	2.09	Colorado	Prowers	38.286111	-102.611111	outside_boundary_exact	Colorado, Kiowa County	Lamar: 11.7 miles north of Lamar	https://lichenportal.org/portal/collections/individual/index.php?occid=1080415
1351056	BRY	BRY-L-0017596	Sam Shushan	sl-7434	1.9	Colorado	Ouray	37.883333	-107.733333	outside_boundary_exact	Colorado, San Juan County	Mineral Basin: 3.0 miles NW of Red Mountain Pass Summit, Uncompahgre National Forest: along jeep road known as The Black Bear	https://lichenportal.org/portal/collections/individual/index.php?occid=1351056
1343544	BRY	BRY-L-0016806	Larry P. Gough	sl-8710, gl-338	1.32	Colorado	Grand	39.916667	-105.666667	outside_boundary_exact	Colorado, Gilpin County	Rollinsville: 10 miles west of Rollinsville at Rollins Pass	https://lichenportal.org/portal/collections/individual/index.php?occid=1343544
1832159	BRY	BRY-L-0027601	Larry L. St. Clair	St. Cl-6284	0.83	Colorado	Montezuma	37.642533	-108.164783	outside_boundary_exact	Colorado, Dolores County	San Juan National Forest: Taylor Mesa, along USFS Road 545.	https://lichenportal.org/portal/collections/individual/index.php?occid=1832159
1832174	BRY	BRY-L-0027606	Larry L. St. Clair	St. Cl-6283	0.83	Colorado	Montezuma	37.642533	-108.164783	outside_boundary_exact	Colorado, Dolores County	San Juan National Forest: Taylor Mesa, along USFS Road 545.	https://lichenportal.org/portal/collections/individual/index.php?occid=1832174
1832217	BRY	BRY-L-0027605	Larry L. St. Clair	St. Cl-6288	0.83	Colorado	Montezuma	37.642533	-108.164783	outside_boundary_exact	Colorado, Dolores County	San Juan National Forest: Taylor Mesa, along USFS Road 545.	https://lichenportal.org/portal/collections/individual/index.php?occid=1832217
1832232	BRY	BRY-L-0027600	Larry L. St. Clair	St. Cl-6282	0.83	Colorado	Montezuma	37.642533	-108.164783	outside_boundary_exact	Colorado, Dolores County	San Juan National Forest: Taylor Mesa, along USFS Road 545.	https://lichenportal.org/portal/collections/individual/index.php?occid=1832232
1832240	BRY	BRY-L-0027614	Larry L. St. Clair	St. Cl-6296	0.83	Colorado	Montezuma	37.642533	-108.164783	outside_boundary_exact	Colorado, Dolores County	San Juan National Forest: Taylor Mesa, along USFS Road 545.	https://lichenportal.org/portal/collections/individual/index.php?occid=1832240
1832302	BRY	BRY-L-0027613	Larry L. St. Clair	St. Cl-6295	0.83	Colorado	Montezuma	37.642533	-108.164783	outside_boundary_exact	Colorado, Dolores County	San Juan National Forest: Taylor Mesa, along USFS Road 545.	https://lichenportal.org/portal/collections/individual/index.php?occid=1832302
1832319	BRY	BRY-L-0027612	Larry L. St. Clair	St. Cl-6294	0.83	Colorado	Montezuma	37.642533	-108.164783	outside_boundary_exact	Colorado, Dolores County	San Juan National Forest: Taylor Mesa, along USFS Road 545.	https://lichenportal.org/portal/collections/individual/index.php?occid=1832319
1832330	BRY	BRY-L-0027604	Larry L. St. Clair	St. Cl-6287	0.83	Colorado	Montezuma	37.642533	-108.164783	outside_boundary_exact	Colorado, Dolores County	San Juan National Forest: Taylor Mesa, along USFS Road 545.	https://lichenportal.org/portal/collections/individual/index.php?occid=1832330
1832331	BRY	BRY-L-0027603	Larry L. St. Clair	St. Cl-6286	0.83	Colorado	Montezuma	37.642533	-108.164783	outside_boundary_exact	Colorado, Dolores County	San Juan National Forest: Taylor Mesa, along USFS Road 545.	https://lichenportal.org/portal/collections/individual/index.php?occid=1832331
1832340	BRY	BRY-L-0027620	Larry L. St. Clair	St. Cl-6302	0.83	Colorado	Montezuma	37.642533	-108.164783	outside_boundary_exact	Colorado, Dolores County	San Juan National Forest: Taylor Mesa, along USFS Road 545.	https://lichenportal.org/portal/collections/individual/index.php?occid=1832340
1832358	BRY	BRY-L-0027619	Larry L. St. Clair	St. Cl-6301	0.83	Colorado	Montezuma	37.642533	-108.164783	outside_boundary_exact	Colorado, Dolores County	San Juan National Forest: Taylor Mesa, along USFS Road 545.	https://lichenportal.org/portal/collections/individual/index.php?occid=1832358
1832376	BRY	BRY-L-0027627	Larry L. St. Clair	St. Cl-6309	0.83	Colorado	Montezuma	37.642533	-108.164783	outside_boundary_exact	Colorado, Dolores County	San Juan National Forest: Taylor Mesa, along USFS Road 545.	https://lichenportal.org/portal/collections/individual/index.php?occid=1832376
1832499	BRY	BRY-L-0027618	Larry L. St. Clair	St. Cl-6300	0.83	Colorado	Montezuma	37.642533	-108.164783	outside_boundary_exact	Colorado, Dolores County	San Juan National Forest: Taylor Mesa, along USFS Road 545.	https://lichenportal.org/portal/collections/individual/index.php?occid=1832499
1832527	BRY	BRY-L-0027623	Larry L. St. Clair	St. Cl-6305	0.83	Colorado	Montezuma	37.642533	-108.164783	outside_boundary_exact	Colorado, Dolores County	San Juan National Forest: Taylor Mesa, along USFS Road 545.	https://lichenportal.org/portal/collections/individual/index.php?occid=1832527
1832565	BRY	BRY-L-0027599	Larry L. St. Clair	St. Cl-6281	0.83	Colorado	Montezuma	37.642533	-108.164783	outside_boundary_exact	Colorado, Dolores County	San Juan National Forest: Taylor Mesa, along USFS Road 545.	https://lichenportal.org/portal/collections/individual/index.php?occid=1832565
1832568	BRY	BRY-L-0027621	Larry L. St. Clair	St. Cl-6303	0.83	Colorado	Montezuma	37.642533	-108.164783	outside_boundary_exact	Colorado, Dolores County	San Juan National Forest: Taylor Mesa, along USFS Road 545.	https://lichenportal.org/portal/collections/individual/index.php?occid=1832568
1832570	BRY	BRY-L-0027622	Larry L. St. Clair	St. Cl-6304	0.83	Colorado	Montezuma	37.642533	-108.164783	outside_boundary_exact	Colorado, Dolores County	San Juan National Forest: Taylor Mesa, along USFS Road 545.	https://lichenportal.org/portal/collections/individual/index.php?occid=1832570
1832599	BRY	BRY-L-0027625	Larry L. St. Clair	St. Cl-6307	0.83	Colorado	Montezuma	37.642533	-108.164783	outside_boundary_exact	Colorado, Dolores County	San Juan National Forest: Taylor Mesa, along USFS Road 545.	https://lichenportal.org/portal/collections/individual/index.php?occid=1832599
1832608	BRY	BRY-L-0027624	Larry L. St. Clair	St. Cl-6306	0.83	Colorado	Montezuma	37.642533	-108.164783	outside_boundary_exact	Colorado, Dolores County	San Juan National Forest: Taylor Mesa, along USFS Road 545.	https://lichenportal.org/portal/collections/individual/index.php?occid=1832608
1832635	BRY	BRY-L-0027615	Larry L. St. Clair	St. Cl-6297	0.83	Colorado	Montezuma	37.642533	-108.164783	outside_boundary_exact	Colorado, Dolores County	San Juan National Forest: Taylor Mesa, along USFS Road 545.	https://lichenportal.org/portal/collections/individual/index.php?occid=1832635
1832683	BRY	BRY-L-0027607	Larry L. St. Clair	St. Cl-6289	0.83	Colorado	Montezuma	37.642533	-108.164783	outside_boundary_exact	Colorado, Dolores County	San Juan National Forest: Taylor Mesa, along USFS Road 545.	https://lichenportal.org/portal/collections/individual/index.php?occid=1832683
1832732	BRY	BRY-L-0027617	Larry L. St. Clair	St. Cl-6299	0.83	Colorado	Montezuma	37.642533	-108.164783	outside_boundary_exact	Colorado, Dolores County	San Juan National Forest: Taylor Mesa, along USFS Road 545.	https://lichenportal.org/portal/collections/individual/index.php?occid=1832732
1832781	BRY	BRY-L-0027602	Larry L. St. Clair	St. Cl-6285	0.83	Colorado	Montezuma	37.642533	-108.164783	outside_boundary_exact	Colorado, Dolores County	San Juan National Forest: Taylor Mesa, along USFS Road 545.	https://lichenportal.org/portal/collections/individual/index.php?occid=1832781
1832790	BRY	BRY-L-0027616	Larry L. St. Clair	St. Cl-6298	0.83	Colorado	Montezuma	37.642533	-108.164783	outside_boundary_exact	Colorado, Dolores County	San Juan National Forest: Taylor Mesa, along USFS Road 545.	https://lichenportal.org/portal/collections/individual/index.php?occid=1832790
1832809	BRY	BRY-L-0027611	Larry L. St. Clair	St. Cl-6293	0.83	Colorado	Montezuma	37.642533	-108.164783	outside_boundary_exact	Colorado, Dolores County	San Juan National Forest: Taylor Mesa, along USFS Road 545.	https://lichenportal.org/portal/collections/individual/index.php?occid=1832809
1832812	BRY	BRY-L-0027610	Larry L. St. Clair	St. Cl-6292	0.83	Colorado	Montezuma	37.642533	-108.164783	outside_boundary_exact	Colorado, Dolores County	San Juan National Forest: Taylor Mesa, along USFS Road 545.	https://lichenportal.org/portal/collections/individual/index.php?occid=1832812
1832888	BRY	BRY-L-0027628	Larry L. St. Clair	St. Cl-6310	0.83	Colorado	Montezuma	37.642533	-108.164783	outside_boundary_exact	Colorado, Dolores County	San Juan National Forest: Taylor Mesa, along USFS Road 545.	https://lichenportal.org/portal/collections/individual/index.php?occid=1832888
1832935	BRY	BRY-L-0027609	Larry L. St. Clair	St. Cl-6291	0.83	Colorado	Montezuma	37.642533	-108.164783	outside_boundary_exact	Colorado, Dolores County	San Juan National Forest: Taylor Mesa, along USFS Road 545.	https://lichenportal.org/portal/collections/individual/index.php?occid=1832935
1832937	BRY	BRY-L-0027608	Larry L. St. Clair	St. Cl-6290	0.83	Colorado	Montezuma	37.642533	-108.164783	outside_boundary_exact	Colorado, Dolores County	San Juan National Forest: Taylor Mesa, along USFS Road 545.	https://lichenportal.org/portal/collections/individual/index.php?occid=1832937
1833339	BRY	BRY-L-0027632	Larry L. St. Clair	St. Cl-6314	0.83	Colorado	Montezuma	37.642533	-108.164783	outside_boundary_exact	Colorado, Dolores County	San Juan National Forest: Taylor Mesa, along USFS Road 545.	https://lichenportal.org/portal/collections/individual/index.php?occid=1833339
1833462	BRY	BRY-L-0027631	Larry L. St. Clair	St. Cl-6313	0.83	Colorado	Montezuma	37.642533	-108.164783	outside_boundary_exact	Colorado, Dolores County	San Juan National Forest: Taylor Mesa, along USFS Road 545.	https://lichenportal.org/portal/collections/individual/index.php?occid=1833462
1833563	BRY	BRY-L-0027630	Larry L. St. Clair	St. Cl-6312	0.83	Colorado	Montezuma	37.642533	-108.164783	outside_boundary_exact	Colorado, Dolores County	San Juan National Forest: Taylor Mesa, along USFS Road 545.	https://lichenportal.org/portal/collections/individual/index.php?occid=1833563
1833580	BRY	BRY-L-0027633	Larry L. St. Clair	St. Cl-6315	0.83	Colorado	Montezuma	37.642533	-108.164783	outside_boundary_exact	Colorado, Dolores County	San Juan National Forest: Taylor Mesa, along USFS Road 545.	https://lichenportal.org/portal/collections/individual/index.php?occid=1833580
1833581	BRY	BRY-L-0027634	Larry L. St. Clair	St. Cl-6316	0.83	Colorado	Montezuma	37.642533	-108.164783	outside_boundary_exact	Colorado, Dolores County	San Juan National Forest: Taylor Mesa, along USFS Road 545.	https://lichenportal.org/portal/collections/individual/index.php?occid=1833581
1833628	BRY	BRY-L-0027635	Larry L. St. Clair	St. Cl-6317	0.83	Colorado	Montezuma	37.642533	-108.164783	outside_boundary_exact	Colorado, Dolores County	San Juan National Forest: Taylor Mesa, along USFS Road 545.	https://lichenportal.org/portal/collections/individual/index.php?occid=1833628
1833632	BRY	BRY-L-0027637	Larry L. St. Clair	St. Cl-6319	0.83	Colorado	Montezuma	37.642533	-108.164783	outside_boundary_exact	Colorado, Dolores County	San Juan National Forest: Taylor Mesa, along USFS Road 545.	https://lichenportal.org/portal/collections/individual/index.php?occid=1833632
1833634	BRY	BRY-L-0027636	Larry L. St. Clair	St. Cl-6318	0.83	Colorado	Montezuma	37.642533	-108.164783	outside_boundary_exact	Colorado, Dolores County	San Juan National Forest: Taylor Mesa, along USFS Road 545.	https://lichenportal.org/portal/collections/individual/index.php?occid=1833634
1833700	BRY	BRY-L-0027644	Larry L. St. Clair	St. Cl-6326	0.83	Colorado	Montezuma	37.642533	-108.164783	outside_boundary_exact	Colorado, Dolores County	San Juan National Forest: Taylor Mesa, along USFS Road 545.	https://lichenportal.org/portal/collections/individual/index.php?occid=1833700
1833792	BRY	BRY-L-0027639	Larry L. St. Clair	St. Cl-6321	0.83	Colorado	Montezuma	37.642533	-108.164783	outside_boundary_exact	Colorado, Dolores County	San Juan National Forest: Taylor Mesa, along USFS Road 545.	https://lichenportal.org/portal/collections/individual/index.php?occid=1833792
1833793	BRY	BRY-L-0027638	Larry L. St. Clair	St. Cl-6320	0.83	Colorado	Montezuma	37.642533	-108.164783	outside_boundary_exact	Colorado, Dolores County	San Juan National Forest: Taylor Mesa, along USFS Road 545.	https://lichenportal.org/portal/collections/individual/index.php?occid=1833793
1833803	BRY	BRY-L-0027629	Larry L. St. Clair	St. Cl-6311	0.83	Colorado	Montezuma	37.642533	-108.164783	outside_boundary_exact	Colorado, Dolores County	San Juan National Forest: Taylor Mesa, along USFS Road 545.	https://lichenportal.org/portal/collections/individual/index.php?occid=1833803
1833872	BRY	BRY-L-0027641	Larry L. St. Clair	St. Cl-6323	0.83	Colorado	Montezuma	37.642533	-108.164783	outside_boundary_exact	Colorado, Dolores County	San Juan National Forest: Taylor Mesa, along USFS Road 545.	https://lichenportal.org/portal/collections/individual/index.php?occid=1833872
1833934	BRY	BRY-L-0027640	Larry L. St. Clair	St. Cl-6322	0.83	Colorado	Montezuma	37.642533	-108.164783	outside_boundary_exact	Colorado, Dolores County	San Juan National Forest: Taylor Mesa, along USFS Road 545.	https://lichenportal.org/portal/collections/individual/index.php?occid=1833934
1833954	BRY	BRY-L-0027643	Larry L. St. Clair	St. Cl-6325	0.83	Colorado	Montezuma	37.642533	-108.164783	outside_boundary_exact	Colorado, Dolores County	San Juan National Forest: Taylor Mesa, along USFS Road 545.	https://lichenportal.org/portal/collections/individual/index.php?occid=1833954
1833981	BRY	BRY-L-0027648	Larry L. St. Clair	St. Cl-6330	0.83	Colorado	Montezuma	37.642533	-108.164783	outside_boundary_exact	Colorado, Dolores County	San Juan National Forest: Taylor Mesa, along USFS Road 545.	https://lichenportal.org/portal/collections/individual/index.php?occid=1833981
1834072	BRY	BRY-L-0027642	Larry L. St. Clair	St. Cl-6324	0.83	Colorado	Montezuma	37.642533	-108.164783	outside_boundary_exact	Colorado, Dolores County	San Juan National Forest: Taylor Mesa, along USFS Road 545.	https://lichenportal.org/portal/collections/individual/index.php?occid=1834072
1834096	BRY	BRY-L-0027647	Larry L. St. Clair	St. Cl-6329	0.83	Colorado	Montezuma	37.642533	-108.164783	outside_boundary_exact	Colorado, Dolores County	San Juan National Forest: Taylor Mesa, along USFS Road 545.	https://lichenportal.org/portal/collections/individual/index.php?occid=1834096
1834104	BRY	BRY-L-0027646	Larry L. St. Clair	St. Cl-6328	0.83	Colorado	Montezuma	37.642533	-108.164783	outside_boundary_exact	Colorado, Dolores County	San Juan National Forest: Taylor Mesa, along USFS Road 545.	https://lichenportal.org/portal/collections/individual/index.php?occid=1834104
1834125	BRY	BRY-L-0027645	Larry L. St. Clair	St. Cl-6327	0.83	Colorado	Montezuma	37.642533	-108.164783	outside_boundary_exact	Colorado, Dolores County	San Juan National Forest: Taylor Mesa, along USFS Road 545.	https://lichenportal.org/portal/collections/individual/index.php?occid=1834125
2010492	BRY	BRY-L-0031414	Larry L. St. Clair	St. Cl-6261	0.83	Colorado	Archuleta	37.403383	-106.752567	outside_boundary_exact	Colorado, Mineral County	San Juan National Forest: Along Quartz Creek and USFS Road 684, at seasonal closure gate.	https://lichenportal.org/portal/collections/individual/index.php?occid=2010492
2010493	BRY	BRY-L-0031415	Larry L. St. Clair	St. Cl-6270	0.83	Colorado	Archuleta	37.403383	-106.752567	outside_boundary_exact	Colorado, Mineral County	San Juan National Forest: Along Quartz Creek and USFS Road 684, at seasonal closure gate.	https://lichenportal.org/portal/collections/individual/index.php?occid=2010493
2010494	BRY	BRY-L-0031416	Larry L. St. Clair	St. Cl-6266	0.83	Colorado	Archuleta	37.403383	-106.752567	outside_boundary_exact	Colorado, Mineral County	San Juan National Forest: Along Quartz Creek and USFS Road 684, at seasonal closure gate.	https://lichenportal.org/portal/collections/individual/index.php?occid=2010494
2010495	BRY	BRY-L-0031417	Larry L. St. Clair	St. Cl-6267	0.83	Colorado	Archuleta	37.403383	-106.752567	outside_boundary_exact	Colorado, Mineral County	San Juan National Forest: Along Quartz Creek and USFS Road 684, at seasonal closure gate.	https://lichenportal.org/portal/collections/individual/index.php?occid=2010495
2010496	BRY	BRY-L-0031418	Larry L. St. Clair	St. Cl-6262	0.83	Colorado	Archuleta	37.403383	-106.752567	outside_boundary_exact	Colorado, Mineral County	San Juan National Forest: Along Quartz Creek and USFS Road 684, at seasonal closure gate.	https://lichenportal.org/portal/collections/individual/index.php?occid=2010496
2010497	BRY	BRY-L-0031419	Larry L. St. Clair	St. Cl-6275	0.83	Colorado	Archuleta	37.403383	-106.752567	outside_boundary_exact	Colorado, Mineral County	San Juan National Forest: Along Quartz Creek and USFS Road 684, at seasonal closure gate.	https://lichenportal.org/portal/collections/individual/index.php?occid=2010497
2010498	BRY	BRY-L-0031420	Larry L. St. Clair	St. Cl-6280	0.83	Colorado	Archuleta	37.403383	-106.752567	outside_boundary_exact	Colorado, Mineral County	San Juan National Forest: Along Quartz Creek and USFS Road 684, at seasonal closure gate.	https://lichenportal.org/portal/collections/individual/index.php?occid=2010498
2010499	BRY	BRY-L-0031421	Larry L. St. Clair	St. Cl-6260	0.83	Colorado	Archuleta	37.403383	-106.752567	outside_boundary_exact	Colorado, Mineral County	San Juan National Forest: Along Quartz Creek and USFS Road 684, at seasonal closure gate.	https://lichenportal.org/portal/collections/individual/index.php?occid=2010499
2010500	BRY	BRY-L-0031422	Larry L. St. Clair	St. Cl-6272	0.83	Colorado	Archuleta	37.403383	-106.752567	outside_boundary_exact	Colorado, Mineral County	San Juan National Forest: Along Quartz Creek and USFS Road 684, at seasonal closure gate.	https://lichenportal.org/portal/collections/individual/index.php?occid=2010500
2010501	BRY	BRY-L-0031423	Larry L. St. Clair	St. Cl-6263	0.83	Colorado	Archuleta	37.403383	-106.752567	outside_boundary_exact	Colorado, Mineral County	San Juan National Forest: Along Quartz Creek and USFS Road 684, at seasonal closure gate.	https://lichenportal.org/portal/collections/individual/index.php?occid=2010501
2010502	BRY	BRY-L-0031424	Larry L. St. Clair	St. Cl-6265	0.83	Colorado	Archuleta	37.403383	-106.752567	outside_boundary_exact	Colorado, Mineral County	San Juan National Forest: Along Quartz Creek and USFS Road 684, at seasonal closure gate.	https://lichenportal.org/portal/collections/individual/index.php?occid=2010502
2010503	BRY	BRY-L-0031425	Larry L. St. Clair	St. Cl-6264	0.83	Colorado	Archuleta	37.403383	-106.752567	outside_boundary_exact	Colorado, Mineral County	San Juan National Forest: Along Quartz Creek and USFS Road 684, at seasonal closure gate.	https://lichenportal.org/portal/collections/individual/index.php?occid=2010503
2010504	BRY	BRY-L-0031426	Larry L. St. Clair	St. Cl-6271	0.83	Colorado	Archuleta	37.403383	-106.752567	outside_boundary_exact	Colorado, Mineral County	San Juan National Forest: Along Quartz Creek and USFS Road 684, at seasonal closure gate.	https://lichenportal.org/portal/collections/individual/index.php?occid=2010504
2010505	BRY	BRY-L-0031427	Larry L. St. Clair	St. Cl-6278	0.83	Colorado	Archuleta	37.403383	-106.752567	outside_boundary_exact	Colorado, Mineral County	San Juan National Forest: Along Quartz Creek and USFS Road 684, at seasonal closure gate.	https://lichenportal.org/portal/collections/individual/index.php?occid=2010505
2010506	BRY	BRY-L-0031428	Larry L. St. Clair	St. Cl-6274	0.83	Colorado	Archuleta	37.403383	-106.752567	outside_boundary_exact	Colorado, Mineral County	San Juan National Forest: Along Quartz Creek and USFS Road 684, at seasonal closure gate.	https://lichenportal.org/portal/collections/individual/index.php?occid=2010506
2010507	BRY	BRY-L-0031429	Larry L. St. Clair	St. Cl-6259	0.83	Colorado	Archuleta	37.403383	-106.752567	outside_boundary_exact	Colorado, Mineral County	San Juan National Forest: Along Quartz Creek and USFS Road 684, at seasonal closure gate.	https://lichenportal.org/portal/collections/individual/index.php?occid=2010507
2010508	BRY	BRY-L-0031430	Larry L. St. Clair	St. Cl-6279	0.83	Colorado	Archuleta	37.403383	-106.752567	outside_boundary_exact	Colorado, Mineral County	San Juan National Forest: Along Quartz Creek and USFS Road 684, at seasonal closure gate.	https://lichenportal.org/portal/collections/individual/index.php?occid=2010508
2010509	BRY	BRY-L-0031431	Larry L. St. Clair	St. Cl-6273	0.83	Colorado	Archuleta	37.403383	-106.752567	outside_boundary_exact	Colorado, Mineral County	San Juan National Forest: Along Quartz Creek and USFS Road 684, at seasonal closure gate.	https://lichenportal.org/portal/collections/individual/index.php?occid=2010509
2010510	BRY	BRY-L-0031432	Larry L. St. Clair	St. Cl-6268	0.83	Colorado	Archuleta	37.403383	-106.752567	outside_boundary_exact	Colorado, Mineral County	San Juan National Forest: Along Quartz Creek and USFS Road 684, at seasonal closure gate.	https://lichenportal.org/portal/collections/individual/index.php?occid=2010510
2010511	BRY	BRY-L-0031433	Larry L. St. Clair	St. Cl-6269	0.83	Colorado	Archuleta	37.403383	-106.752567	outside_boundary_exact	Colorado, Mineral County	San Juan National Forest: Along Quartz Creek and USFS Road 684, at seasonal closure gate.	https://lichenportal.org/portal/collections/individual/index.php?occid=2010511
2010512	BRY	BRY-L-0031434	Larry L. St. Clair	St. Cl-6276	0.83	Colorado	Archuleta	37.403383	-106.752567	outside_boundary_exact	Colorado, Mineral County	San Juan National Forest: Along Quartz Creek and USFS Road 684, at seasonal closure gate.	https://lichenportal.org/portal/collections/individual/index.php?occid=2010512
2010513	BRY	BRY-L-0031435	Larry L. St. Clair	St. Cl-6277	0.83	Colorado	Archuleta	37.403383	-106.752567	outside_boundary_exact	Colorado, Mineral County	San Juan National Forest: Along Quartz Creek and USFS Road 684, at seasonal closure gate.	https://lichenportal.org/portal/collections/individual/index.php?occid=2010513
2570345	BRY	BRY-L-0034495	Larry L. St. Clair	St. Cl-6262	0.83	Colorado	Archuleta	37.403383	-106.752567	outside_boundary_exact	Colorado, Mineral County	San Juan National Forest: Along Quartz Creek and USFS Road 684, at seasonal closure gate.	https://lichenportal.org/portal/collections/individual/index.php?occid=2570345
2570369	BRY	BRY-L-0034492	Larry L. St. Clair	St. Cl-6270	0.83	Colorado	Archuleta	37.403383	-106.752567	outside_boundary_exact	Colorado, Mineral County	San Juan National Forest: Along Quartz Creek and USFS Road 684, at seasonal closure gate.	https://lichenportal.org/portal/collections/individual/index.php?occid=2570369
2570394	BRY	BRY-L-0034512	Larry L. St. Clair	St. Cl-6277	0.83	Colorado	Archuleta	37.403383	-106.752567	outside_boundary_exact	Colorado, Mineral County	San Juan National Forest: Along Quartz Creek and USFS Road 684, at seasonal closure gate.	https://lichenportal.org/portal/collections/individual/index.php?occid=2570394
2570411	BRY	BRY-L-0034503	Larry L. St. Clair	St. Cl-6271	0.83	Colorado	Archuleta	37.403383	-106.752567	outside_boundary_exact	Colorado, Mineral County	San Juan National Forest: Along Quartz Creek and USFS Road 684, at seasonal closure gate.	https://lichenportal.org/portal/collections/individual/index.php?occid=2570411
2570440	BRY	BRY-L-0034504	Larry L. St. Clair	St. Cl-6278	0.83	Colorado	Archuleta	37.403383	-106.752567	outside_boundary_exact	Colorado, Mineral County	San Juan National Forest: Along Quartz Creek and USFS Road 684, at seasonal closure gate.	https://lichenportal.org/portal/collections/individual/index.php?occid=2570440
2570578	BRY	BRY-L-0034493	Larry L. St. Clair	St. Cl-6266	0.83	Colorado	Archuleta	37.403383	-106.752567	outside_boundary_exact	Colorado, Mineral County	San Juan National Forest: Along Quartz Creek and USFS Road 684, at seasonal closure gate.	https://lichenportal.org/portal/collections/individual/index.php?occid=2570578
2570586	BRY	BRY-L-0034494	Larry L. St. Clair	St. Cl-6267	0.83	Colorado	Archuleta	37.403383	-106.752567	outside_boundary_exact	Colorado, Mineral County	San Juan National Forest: Along Quartz Creek and USFS Road 684, at seasonal closure gate.	https://lichenportal.org/portal/collections/individual/index.php?occid=2570586
2570765	BRY	BRY-L-0034505	Larry L. St. Clair	St. Cl-6274	0.83	Colorado	Archuleta	37.403383	-106.752567	outside_boundary_exact	Colorado, Mineral County	San Juan National Forest: Along Quartz Creek and USFS Road 684, at seasonal closure gate.	https://lichenportal.org/portal/collections/individual/index.php?occid=2570765
2570770	BRY	BRY-L-0034502	Larry L. St. Clair	St. Cl-6264	0.83	Colorado	Archuleta	37.403383	-106.752567	outside_boundary_exact	Colorado, Mineral County	San Juan National Forest: Along Quartz Creek and USFS Road 684, at seasonal closure gate.	https://lichenportal.org/portal/collections/individual/index.php?occid=2570770
2570855	BRY	BRY-L-0034508	Larry L. St. Clair	St. Cl-6273	0.83	Colorado	Archuleta	37.403383	-106.752567	outside_boundary_exact	Colorado, Mineral County	San Juan National Forest: Along Quartz Creek and USFS Road 684, at seasonal closure gate.	https://lichenportal.org/portal/collections/individual/index.php?occid=2570855
2570883	BRY	BRY-L-0034501	Larry L. St. Clair	St. Cl-6265	0.83	Colorado	Archuleta	37.403383	-106.752567	outside_boundary_exact	Colorado, Mineral County	San Juan National Forest: Along Quartz Creek and USFS Road 684, at seasonal closure gate.	https://lichenportal.org/portal/collections/individual/index.php?occid=2570883
2570910	BRY	BRY-L-0034506	Larry L. St. Clair	St. Cl-6259	0.83	Colorado	Archuleta	37.403383	-106.752567	outside_boundary_exact	Colorado, Mineral County	San Juan National Forest: Along Quartz Creek and USFS Road 684, at seasonal closure gate.	https://lichenportal.org/portal/collections/individual/index.php?occid=2570910
2570934	BRY	BRY-L-0034499	Larry L. St. Clair	St. Cl-6272	0.83	Colorado	Archuleta	37.403383	-106.752567	outside_boundary_exact	Colorado, Mineral County	San Juan National Forest: Along Quartz Creek and USFS Road 684, at seasonal closure gate.	https://lichenportal.org/portal/collections/individual/index.php?occid=2570934
2570937	BRY	BRY-L-0034510	Larry L. St. Clair	St. Cl-6269	0.83	Colorado	Archuleta	37.403383	-106.752567	outside_boundary_exact	Colorado, Mineral County	San Juan National Forest: Along Quartz Creek and USFS Road 684, at seasonal closure gate.	https://lichenportal.org/portal/collections/individual/index.php?occid=2570937
2570951	BRY	BRY-L-0034497	Larry L. St. Clair	St. Cl-6280	0.83	Colorado	Archuleta	37.403383	-106.752567	outside_boundary_exact	Colorado, Mineral County	San Juan National Forest: Along Quartz Creek and USFS Road 684, at seasonal closure gate.	https://lichenportal.org/portal/collections/individual/index.php?occid=2570951
2571052	BRY	BRY-L-0034507	Larry L. St. Clair	St. Cl-6279	0.83	Colorado	Archuleta	37.403383	-106.752567	outside_boundary_exact	Colorado, Mineral County	San Juan National Forest: Along Quartz Creek and USFS Road 684, at seasonal closure gate.	https://lichenportal.org/portal/collections/individual/index.php?occid=2571052
2571061	BRY	BRY-L-0034500	Larry L. St. Clair	St. Cl-6263	0.83	Colorado	Archuleta	37.403383	-106.752567	outside_boundary_exact	Colorado, Mineral County	San Juan National Forest: Along Quartz Creek and USFS Road 684, at seasonal closure gate.	https://lichenportal.org/portal/collections/individual/index.php?occid=2571061
2571100	BRY	BRY-L-0034509	Larry L. St. Clair	St. Cl-6268	0.83	Colorado	Archuleta	37.403383	-106.752567	outside_boundary_exact	Colorado, Mineral County	San Juan National Forest: Along Quartz Creek and USFS Road 684, at seasonal closure gate.	https://lichenportal.org/portal/collections/individual/index.php?occid=2571100
2571239	BRY	BRY-L-0034491	Larry L. St. Clair	St. Cl-6261	0.83	Colorado	Archuleta	37.403383	-106.752567	outside_boundary_exact	Colorado, Mineral County	San Juan National Forest: Along Quartz Creek and USFS Road 684, at seasonal closure gate.	https://lichenportal.org/portal/collections/individual/index.php?occid=2571239
2571245	BRY	BRY-L-0034496	Larry L. St. Clair	St. Cl-6275	0.83	Colorado	Archuleta	37.403383	-106.752567	outside_boundary_exact	Colorado, Mineral County	San Juan National Forest: Along Quartz Creek and USFS Road 684, at seasonal closure gate.	https://lichenportal.org/portal/collections/individual/index.php?occid=2571245
2571260	BRY	BRY-L-0034498	Larry L. St. Clair	St. Cl-6260	0.83	Colorado	Archuleta	37.403383	-106.752567	outside_boundary_exact	Colorado, Mineral County	San Juan National Forest: Along Quartz Creek and USFS Road 684, at seasonal closure gate.	https://lichenportal.org/portal/collections/individual/index.php?occid=2571260
2571263	BRY	BRY-L-0034511	Larry L. St. Clair	St. Cl-6276	0.83	Colorado	Archuleta	37.403383	-106.752567	outside_boundary_exact	Colorado, Mineral County	San Juan National Forest: Along Quartz Creek and USFS Road 684, at seasonal closure gate.	https://lichenportal.org/portal/collections/individual/index.php?occid=2571263
2008165	BRY	BRY-L-0029040	Larry L. St. Clair	St. Cl-5372	0.45	Colorado	Mineral	37.388367	-107.0918	outside_boundary_exact	Colorado, Archuleta County	San Juan-Rio Grande National Forest: Vicinity of Martinez Creek, along USFS Rd 634.	https://lichenportal.org/portal/collections/individual/index.php?occid=2008165
2008166	BRY	BRY-L-0029041	Larry L. St. Clair	St. Cl-5373	0.45	Colorado	Mineral	37.388367	-107.0918	outside_boundary_exact	Colorado, Archuleta County	San Juan-Rio Grande National Forest: Vicinity of Martinez Creek, along USFS Rd 634.	https://lichenportal.org/portal/collections/individual/index.php?occid=2008166
2008167	BRY	BRY-L-0029042	Larry L. St. Clair	St. Cl-5374	0.45	Colorado	Mineral	37.388367	-107.0918	outside_boundary_exact	Colorado, Archuleta County	San Juan-Rio Grande National Forest: Vicinity of Martinez Creek, along USFS Rd 634.	https://lichenportal.org/portal/collections/individual/index.php?occid=2008167
2008168	BRY	BRY-L-0029043	Larry L. St. Clair	St. Cl-5375	0.45	Colorado	Mineral	37.388367	-107.0918	outside_boundary_exact	Colorado, Archuleta County	San Juan-Rio Grande National Forest: Vicinity of Martinez Creek, along USFS Rd 634.	https://lichenportal.org/portal/collections/individual/index.php?occid=2008168
2008169	BRY	BRY-L-0029044	Larry L. St. Clair	St. Cl-5376	0.45	Colorado	Mineral	37.388367	-107.0918	outside_boundary_exact	Colorado, Archuleta County	San Juan-Rio Grande National Forest: Vicinity of Martinez Creek, along USFS Rd 634.	https://lichenportal.org/portal/collections/individual/index.php?occid=2008169
2008170	BRY	BRY-L-0029045	Larry L. St. Clair	St. Cl-5377	0.45	Colorado	Mineral	37.388367	-107.0918	outside_boundary_exact	Colorado, Archuleta County	San Juan-Rio Grande National Forest: Vicinity of Martinez Creek, along USFS Rd 634.	https://lichenportal.org/portal/collections/individual/index.php?occid=2008170
2008171	BRY	BRY-L-0029046	Larry L. St. Clair	St. Cl-5378	0.45	Colorado	Mineral	37.388367	-107.0918	outside_boundary_exact	Colorado, Archuleta County	San Juan-Rio Grande National Forest: Vicinity of Martinez Creek, along USFS Rd 634.	https://lichenportal.org/portal/collections/individual/index.php?occid=2008171
2008172	BRY	BRY-L-0029047	Larry L. St. Clair	St. Cl-5379	0.45	Colorado	Mineral	37.388367	-107.0918	outside_boundary_exact	Colorado, Archuleta County	San Juan-Rio Grande National Forest: Vicinity of Martinez Creek, along USFS Rd 634.	https://lichenportal.org/portal/collections/individual/index.php?occid=2008172
2008173	BRY	BRY-L-0029048	Larry L. St. Clair	St. Cl-5380	0.45	Colorado	Mineral	37.388367	-107.0918	outside_boundary_exact	Colorado, Archuleta County	San Juan-Rio Grande National Forest: Vicinity of Martinez Creek, along USFS Rd 634.	https://lichenportal.org/portal/collections/individual/index.php?occid=2008173
2008174	BRY	BRY-L-0029049	Larry L. St. Clair	St. Cl-5381	0.45	Colorado	Mineral	37.388367	-107.0918	outside_boundary_exact	Colorado, Archuleta County	San Juan-Rio Grande National Forest: Vicinity of Martinez Creek, along USFS Rd 634.	https://lichenportal.org/portal/collections/individual/index.php?occid=2008174
2008175	BRY	BRY-L-0029050	Larry L. St. Clair	St. Cl-5382	0.45	Colorado	Mineral	37.388367	-107.0918	outside_boundary_exact	Colorado, Archuleta County	San Juan-Rio Grande National Forest: Vicinity of Martinez Creek, along USFS Rd 634.	https://lichenportal.org/portal/collections/individual/index.php?occid=2008175
2008176	BRY	BRY-L-0029051	Larry L. St. Clair	St. Cl-5383	0.45	Colorado	Mineral	37.388367	-107.0918	outside_boundary_exact	Colorado, Archuleta County	San Juan-Rio Grande National Forest: Vicinity of Martinez Creek, along USFS Rd 634.	https://lichenportal.org/portal/collections/individual/index.php?occid=2008176
2008179	BRY	BRY-L-0029054	Larry L. St. Clair	St. Cl-5386	0.45	Colorado	Mineral	37.388367	-107.0918	outside_boundary_exact	Colorado, Archuleta County	San Juan-Rio Grande National Forest: Vicinity of Martinez Creek, along USFS Rd 634.	https://lichenportal.org/portal/collections/individual/index.php?occid=2008179
2008180	BRY	BRY-L-0029055	Larry L. St. Clair	St. Cl-5387	0.45	Colorado	Mineral	37.388367	-107.0918	outside_boundary_exact	Colorado, Archuleta County	San Juan-Rio Grande National Forest: Vicinity of Martinez Creek, along USFS Rd 634.	https://lichenportal.org/portal/collections/individual/index.php?occid=2008180
2008183	BRY	BRY-L-0029058	Larry L. St. Clair	St. Cl-5390	0.45	Colorado	Mineral	37.388367	-107.0918	outside_boundary_exact	Colorado, Archuleta County	San Juan-Rio Grande National Forest: Vicinity of Martinez Creek, along USFS Rd 634.	https://lichenportal.org/portal/collections/individual/index.php?occid=2008183
2008184	BRY	BRY-L-0029059	Larry L. St. Clair	St. Cl-5391	0.45	Colorado	Mineral	37.388367	-107.0918	outside_boundary_exact	Colorado, Archuleta County	San Juan-Rio Grande National Forest: Vicinity of Martinez Creek, along USFS Rd 634.	https://lichenportal.org/portal/collections/individual/index.php?occid=2008184
2008185	BRY	BRY-L-0029060	Larry L. St. Clair	St. Cl-5392	0.45	Colorado	Mineral	37.388367	-107.0918	outside_boundary_exact	Colorado, Archuleta County	San Juan-Rio Grande National Forest: Vicinity of Martinez Creek, along USFS Rd 634.	https://lichenportal.org/portal/collections/individual/index.php?occid=2008185
2008186	BRY	BRY-L-0029061	Larry L. St. Clair	St. Cl-5393	0.45	Colorado	Mineral	37.388367	-107.0918	outside_boundary_exact	Colorado, Archuleta County	San Juan-Rio Grande National Forest: Vicinity of Martinez Creek, along USFS Rd 634.	https://lichenportal.org/portal/collections/individual/index.php?occid=2008186
2008188	BRY	BRY-L-0029063	Larry L. St. Clair	St. Cl-5395	0.45	Colorado	Mineral	37.388367	-107.0918	outside_boundary_exact	Colorado, Archuleta County	San Juan-Rio Grande National Forest: Vicinity of Martinez Creek, along USFS Rd 634.	https://lichenportal.org/portal/collections/individual/index.php?occid=2008188
2008189	BRY	BRY-L-0029064	Larry L. St. Clair	St. Cl-5396	0.45	Colorado	Mineral	37.388367	-107.0918	outside_boundary_exact	Colorado, Archuleta County	San Juan-Rio Grande National Forest: Vicinity of Martinez Creek, along USFS Rd 634.	https://lichenportal.org/portal/collections/individual/index.php?occid=2008189
2008190	BRY	BRY-L-0029065	Larry L. St. Clair	St. Cl-5397	0.45	Colorado	Mineral	37.388367	-107.0918	outside_boundary_exact	Colorado, Archuleta County	San Juan-Rio Grande National Forest: Vicinity of Martinez Creek, along USFS Rd 634.	https://lichenportal.org/portal/collections/individual/index.php?occid=2008190
2008191	BRY	BRY-L-0029066	Larry L. St. Clair	St. Cl-5398	0.45	Colorado	Mineral	37.388367	-107.0918	outside_boundary_exact	Colorado, Archuleta County	San Juan-Rio Grande National Forest: Vicinity of Martinez Creek, along USFS Rd 634.	https://lichenportal.org/portal/collections/individual/index.php?occid=2008191
2008192	BRY	BRY-L-0029067	Larry L. St. Clair	St. Cl-5399	0.45	Colorado	Mineral	37.388367	-107.0918	outside_boundary_exact	Colorado, Archuleta County	San Juan-Rio Grande National Forest: Vicinity of Martinez Creek, along USFS Rd 634.	https://lichenportal.org/portal/collections/individual/index.php?occid=2008192
2008193	BRY	BRY-L-0029068	Larry L. St. Clair	St. Cl-5400	0.45	Colorado	Mineral	37.388367	-107.0918	outside_boundary_exact	Colorado, Archuleta County	San Juan-Rio Grande National Forest: Vicinity of Martinez Creek, along USFS Rd 634.	https://lichenportal.org/portal/collections/individual/index.php?occid=2008193
2008194	BRY	BRY-L-0029069	Larry L. St. Clair	St. Cl-5401	0.45	Colorado	Mineral	37.388367	-107.0918	outside_boundary_exact	Colorado, Archuleta County	San Juan-Rio Grande National Forest: Vicinity of Martinez Creek, along USFS Rd 634.	https://lichenportal.org/portal/collections/individual/index.php?occid=2008194
2008195	BRY	BRY-L-0029070	Larry L. St. Clair	St. Cl-5402	0.45	Colorado	Mineral	37.388367	-107.0918	outside_boundary_exact	Colorado, Archuleta County	San Juan-Rio Grande National Forest: Vicinity of Martinez Creek, along USFS Rd 634.	https://lichenportal.org/portal/collections/individual/index.php?occid=2008195
2008196	BRY	BRY-L-0029071	Larry L. St. Clair	St. Cl-5403	0.45	Colorado	Mineral	37.388367	-107.0918	outside_boundary_exact	Colorado, Archuleta County	San Juan-Rio Grande National Forest: Vicinity of Martinez Creek, along USFS Rd 634.	https://lichenportal.org/portal/collections/individual/index.php?occid=2008196
2008197	BRY	BRY-L-0029072	Larry L. St. Clair	St. Cl-5404	0.45	Colorado	Mineral	37.388367	-107.0918	outside_boundary_exact	Colorado, Archuleta County	San Juan-Rio Grande National Forest: Vicinity of Martinez Creek, along USFS Rd 634.	https://lichenportal.org/portal/collections/individual/index.php?occid=2008197
2008198	BRY	BRY-L-0029073	Larry L. St. Clair	St. Cl-5405	0.45	Colorado	Mineral	37.388367	-107.0918	outside_boundary_exact	Colorado, Archuleta County	San Juan-Rio Grande National Forest: Vicinity of Martinez Creek, along USFS Rd 634.	https://lichenportal.org/portal/collections/individual/index.php?occid=2008198
2008199	BRY	BRY-L-0029074	Larry L. St. Clair	St. Cl-5406	0.45	Colorado	Mineral	37.388367	-107.0918	outside_boundary_exact	Colorado, Archuleta County	San Juan-Rio Grande National Forest: Vicinity of Martinez Creek, along USFS Rd 634.	https://lichenportal.org/portal/collections/individual/index.php?occid=2008199
2008200	BRY	BRY-L-0029075	Larry L. St. Clair	St. Cl-5407	0.45	Colorado	Mineral	37.388367	-107.0918	outside_boundary_exact	Colorado, Archuleta County	San Juan-Rio Grande National Forest: Vicinity of Martinez Creek, along USFS Rd 634.	https://lichenportal.org/portal/collections/individual/index.php?occid=2008200
2008201	BRY	BRY-L-0029076	Larry L. St. Clair	St. Cl-5408	0.45	Colorado	Mineral	37.388367	-107.0918	outside_boundary_exact	Colorado, Archuleta County	San Juan-Rio Grande National Forest: Vicinity of Martinez Creek, along USFS Rd 634.	https://lichenportal.org/portal/collections/individual/index.php?occid=2008201
2008202	BRY	BRY-L-0029077	Larry L. St. Clair	St. Cl-5409	0.45	Colorado	Mineral	37.388367	-107.0918	outside_boundary_exact	Colorado, Archuleta County	San Juan-Rio Grande National Forest: Vicinity of Martinez Creek, along USFS Rd 634.	https://lichenportal.org/portal/collections/individual/index.php?occid=2008202
2008203	BRY	BRY-L-0029078	Larry L. St. Clair	St. Cl-5410	0.45	Colorado	Mineral	37.388367	-107.0918	outside_boundary_exact	Colorado, Archuleta County	San Juan-Rio Grande National Forest: Vicinity of Martinez Creek, along USFS Rd 634.	https://lichenportal.org/portal/collections/individual/index.php?occid=2008203
2008204	BRY	BRY-L-0029079	Larry L. St. Clair	St. Cl-5411	0.45	Colorado	Mineral	37.388367	-107.0918	outside_boundary_exact	Colorado, Archuleta County	San Juan-Rio Grande National Forest: Vicinity of Martinez Creek, along USFS Rd 634.	https://lichenportal.org/portal/collections/individual/index.php?occid=2008204
2008205	BRY	BRY-L-0029080	Larry L. St. Clair	St. Cl-5412	0.45	Colorado	Mineral	37.388367	-107.0918	outside_boundary_exact	Colorado, Archuleta County	San Juan-Rio Grande National Forest: Vicinity of Martinez Creek, along USFS Rd 634.	https://lichenportal.org/portal/collections/individual/index.php?occid=2008205
2008206	BRY	BRY-L-0029081	Larry L. St. Clair	St. Cl-5413	0.45	Colorado	Mineral	37.388367	-107.0918	outside_boundary_exact	Colorado, Archuleta County	San Juan-Rio Grande National Forest: Vicinity of Martinez Creek, along USFS Rd 634.	https://lichenportal.org/portal/collections/individual/index.php?occid=2008206
2008207	BRY	BRY-L-0029082	Larry L. St. Clair	St. Cl-5414	0.45	Colorado	Mineral	37.388367	-107.0918	outside_boundary_exact	Colorado, Archuleta County	San Juan-Rio Grande National Forest: Vicinity of Martinez Creek, along USFS Rd 634.	https://lichenportal.org/portal/collections/individual/index.php?occid=2008207
2008208	BRY	BRY-L-0029083	Larry L. St. Clair	St. Cl-5415	0.45	Colorado	Mineral	37.388367	-107.0918	outside_boundary_exact	Colorado, Archuleta County	San Juan-Rio Grande National Forest: Vicinity of Martinez Creek, along USFS Rd 634.	https://lichenportal.org/portal/collections/individual/index.php?occid=2008208
2008209	BRY	BRY-L-0029084	Larry L. St. Clair	St. Cl-5416	0.45	Colorado	Mineral	37.388367	-107.0918	outside_boundary_exact	Colorado, Archuleta County	San Juan-Rio Grande National Forest: Vicinity of Martinez Creek, along USFS Rd 634.	https://lichenportal.org/portal/collections/individual/index.php?occid=2008209
2008210	BRY	BRY-L-0029085	Larry L. St. Clair	St. Cl-5417	0.45	Colorado	Mineral	37.388367	-107.0918	outside_boundary_exact	Colorado, Archuleta County	San Juan-Rio Grande National Forest: Vicinity of Martinez Creek, along USFS Rd 634.	https://lichenportal.org/portal/collections/individual/index.php?occid=2008210
2008211	BRY	BRY-L-0029086	Larry L. St. Clair	St. Cl-5418	0.45	Colorado	Mineral	37.388367	-107.0918	outside_boundary_exact	Colorado, Archuleta County	San Juan-Rio Grande National Forest: Vicinity of Martinez Creek, along USFS Rd 634.	https://lichenportal.org/portal/collections/individual/index.php?occid=2008211
2008212	BRY	BRY-L-0029087	Larry L. St. Clair	St. Cl-5419	0.45	Colorado	Mineral	37.388367	-107.0918	outside_boundary_exact	Colorado, Archuleta County	San Juan-Rio Grande National Forest: Vicinity of Martinez Creek, along USFS Rd 634.	https://lichenportal.org/portal/collections/individual/index.php?occid=2008212
2008213	BRY	BRY-L-0029088	Larry L. St. Clair	St. Cl-5420	0.45	Colorado	Mineral	37.388367	-107.0918	outside_boundary_exact	Colorado, Archuleta County	San Juan-Rio Grande National Forest: Vicinity of Martinez Creek, along USFS Rd 634.	https://lichenportal.org/portal/collections/individual/index.php?occid=2008213
2008214	BRY	BRY-L-0029089	Larry L. St. Clair	St. Cl-5421	0.45	Colorado	Mineral	37.388367	-107.0918	outside_boundary_exact	Colorado, Archuleta County	San Juan-Rio Grande National Forest: Vicinity of Martinez Creek, along USFS Rd 634.	https://lichenportal.org/portal/collections/individual/index.php?occid=2008214
2008215	BRY	BRY-L-0029090	Larry L. St. Clair	St. Cl-5422	0.45	Colorado	Mineral	37.388367	-107.0918	outside_boundary_exact	Colorado, Archuleta County	San Juan-Rio Grande National Forest: Vicinity of Martinez Creek, along USFS Rd 634.	https://lichenportal.org/portal/collections/individual/index.php?occid=2008215
2008216	BRY	BRY-L-0029091	Larry L. St. Clair	St. Cl-5423	0.45	Colorado	Mineral	37.388367	-107.0918	outside_boundary_exact	Colorado, Archuleta County	San Juan-Rio Grande National Forest: Vicinity of Martinez Creek, along USFS Rd 634.	https://lichenportal.org/portal/collections/individual/index.php?occid=2008216
2008217	BRY	BRY-L-0029092	Larry L. St. Clair	St. Cl-5424	0.45	Colorado	Mineral	37.388367	-107.0918	outside_boundary_exact	Colorado, Archuleta County	San Juan-Rio Grande National Forest: Vicinity of Martinez Creek, along USFS Rd 634.	https://lichenportal.org/portal/collections/individual/index.php?occid=2008217
2008218	BRY	BRY-L-0029093	Larry L. St. Clair	St. Cl-5425	0.45	Colorado	Mineral	37.388367	-107.0918	outside_boundary_exact	Colorado, Archuleta County	San Juan-Rio Grande National Forest: Vicinity of Martinez Creek, along USFS Rd 634.	https://lichenportal.org/portal/collections/individual/index.php?occid=2008218
2008219	BRY	BRY-L-0029094	Larry L. St. Clair	St. Cl-5426	0.45	Colorado	Mineral	37.388367	-107.0918	outside_boundary_exact	Colorado, Archuleta County	San Juan-Rio Grande National Forest: Vicinity of Martinez Creek, along USFS Rd 634.	https://lichenportal.org/portal/collections/individual/index.php?occid=2008219
2008220	BRY	BRY-L-0029095	Larry L. St. Clair	St. Cl-5427	0.45	Colorado	Mineral	37.388367	-107.0918	outside_boundary_exact	Colorado, Archuleta County	San Juan-Rio Grande National Forest: Vicinity of Martinez Creek, along USFS Rd 634.	https://lichenportal.org/portal/collections/individual/index.php?occid=2008220
2008221	BRY	BRY-L-0029096	Larry L. St. Clair	St. Cl-5428	0.45	Colorado	Mineral	37.388367	-107.0918	outside_boundary_exact	Colorado, Archuleta County	San Juan-Rio Grande National Forest: Vicinity of Martinez Creek, along USFS Rd 634.	https://lichenportal.org/portal/collections/individual/index.php?occid=2008221
2008222	BRY	BRY-L-0029097	Larry L. St. Clair	St. Cl-5429	0.45	Colorado	Mineral	37.388367	-107.0918	outside_boundary_exact	Colorado, Archuleta County	San Juan-Rio Grande National Forest: Vicinity of Martinez Creek, along USFS Rd 634.	https://lichenportal.org/portal/collections/individual/index.php?occid=2008222
2008223	BRY	BRY-L-0029098	Larry L. St. Clair	St. Cl-5430	0.45	Colorado	Mineral	37.388367	-107.0918	outside_boundary_exact	Colorado, Archuleta County	San Juan-Rio Grande National Forest: Vicinity of Martinez Creek, along USFS Rd 634.	https://lichenportal.org/portal/collections/individual/index.php?occid=2008223
2008224	BRY	BRY-L-0029099	Larry L. St. Clair	St. Cl-5431	0.45	Colorado	Mineral	37.388367	-107.0918	outside_boundary_exact	Colorado, Archuleta County	San Juan-Rio Grande National Forest: Vicinity of Martinez Creek, along USFS Rd 634.	https://lichenportal.org/portal/collections/individual/index.php?occid=2008224
2008226	BRY	BRY-L-0029101	Larry L. St. Clair	St. Cl-5433	0.45	Colorado	Mineral	37.388367	-107.0918	outside_boundary_exact	Colorado, Archuleta County	San Juan-Rio Grande National Forest: Vicinity of Martinez Creek, along USFS Rd 634.	https://lichenportal.org/portal/collections/individual/index.php?occid=2008226
2008227	BRY	BRY-L-0029102	Larry L. St. Clair	St. Cl-5434	0.45	Colorado	Mineral	37.388367	-107.0918	outside_boundary_exact	Colorado, Archuleta County	San Juan-Rio Grande National Forest: Vicinity of Martinez Creek, along USFS Rd 634.	https://lichenportal.org/portal/collections/individual/index.php?occid=2008227
2008228	BRY	BRY-L-0029103	Larry L. St. Clair	St. Cl-5435	0.45	Colorado	Mineral	37.388367	-107.0918	outside_boundary_exact	Colorado, Archuleta County	San Juan-Rio Grande National Forest: Vicinity of Martinez Creek, along USFS Rd 634.	https://lichenportal.org/portal/collections/individual/index.php?occid=2008228
2008229	BRY	BRY-L-0029104	Larry L. St. Clair	St. Cl-5436	0.45	Colorado	Mineral	37.388367	-107.0918	outside_boundary_exact	Colorado, Archuleta County	San Juan-Rio Grande National Forest: Vicinity of Martinez Creek, along USFS Rd 634.	https://lichenportal.org/portal/collections/individual/index.php?occid=2008229
2008230	BRY	BRY-L-0029105	Larry L. St. Clair	St. Cl-5437	0.45	Colorado	Mineral	37.388367	-107.0918	outside_boundary_exact	Colorado, Archuleta County	San Juan-Rio Grande National Forest: Vicinity of Martinez Creek, along USFS Rd 634.	https://lichenportal.org/portal/collections/individual/index.php?occid=2008230
2008231	BRY	BRY-L-0029106	Larry L. St. Clair	St. Cl-5438	0.45	Colorado	Mineral	37.388367	-107.0918	outside_boundary_exact	Colorado, Archuleta County	San Juan-Rio Grande National Forest: Vicinity of Martinez Creek, along USFS Rd 634.	https://lichenportal.org/portal/collections/individual/index.php?occid=2008231
2008232	BRY	BRY-L-0029107	Larry L. St. Clair	St. Cl-5439	0.45	Colorado	Mineral	37.388367	-107.0918	outside_boundary_exact	Colorado, Archuleta County	San Juan-Rio Grande National Forest: Vicinity of Martinez Creek, along USFS Rd 634.	https://lichenportal.org/portal/collections/individual/index.php?occid=2008232
2008233	BRY	BRY-L-0029108	Larry L. St. Clair	St. Cl-5440	0.45	Colorado	Mineral	37.388367	-107.0918	outside_boundary_exact	Colorado, Archuleta County	San Juan-Rio Grande National Forest: Vicinity of Martinez Creek, along USFS Rd 634.	https://lichenportal.org/portal/collections/individual/index.php?occid=2008233
2008234	BRY	BRY-L-0029109	Larry L. St. Clair	St. Cl-5441	0.45	Colorado	Mineral	37.388367	-107.0918	outside_boundary_exact	Colorado, Archuleta County	San Juan-Rio Grande National Forest: Vicinity of Martinez Creek, along USFS Rd 634.	https://lichenportal.org/portal/collections/individual/index.php?occid=2008234
2008235	BRY	BRY-L-0029110	Larry L. St. Clair	St. Cl-5442	0.45	Colorado	Mineral	37.388367	-107.0918	outside_boundary_exact	Colorado, Archuleta County	San Juan-Rio Grande National Forest: Vicinity of Martinez Creek, along USFS Rd 634.	https://lichenportal.org/portal/collections/individual/index.php?occid=2008235
2008236	BRY	BRY-L-0029111	Larry L. St. Clair	St. Cl-5443	0.45	Colorado	Mineral	37.388367	-107.0918	outside_boundary_exact	Colorado, Archuleta County	San Juan-Rio Grande National Forest: Vicinity of Martinez Creek, along USFS Rd 634.	https://lichenportal.org/portal/collections/individual/index.php?occid=2008236
2008237	BRY	BRY-L-0029112	Larry L. St. Clair	St. Cl-5444	0.45	Colorado	Mineral	37.388367	-107.0918	outside_boundary_exact	Colorado, Archuleta County	San Juan-Rio Grande National Forest: Vicinity of Martinez Creek, along USFS Rd 634.	https://lichenportal.org/portal/collections/individual/index.php?occid=2008237
2008238	BRY	BRY-L-0029113	Larry L. St. Clair	St. Cl-5445	0.45	Colorado	Mineral	37.388367	-107.0918	outside_boundary_exact	Colorado, Archuleta County	San Juan-Rio Grande National Forest: Vicinity of Martinez Creek, along USFS Rd 634.	https://lichenportal.org/portal/collections/individual/index.php?occid=2008238
2008239	BRY	BRY-L-0029114	Larry L. St. Clair	St. Cl-5446	0.45	Colorado	Mineral	37.388367	-107.0918	outside_boundary_exact	Colorado, Archuleta County	San Juan-Rio Grande National Forest: Vicinity of Martinez Creek, along USFS Rd 634.	https://lichenportal.org/portal/collections/individual/index.php?occid=2008239
2008240	BRY	BRY-L-0029115	Larry L. St. Clair	St. Cl-5447	0.45	Colorado	Mineral	37.388367	-107.0918	outside_boundary_exact	Colorado, Archuleta County	San Juan-Rio Grande National Forest: Vicinity of Martinez Creek, along USFS Rd 634.	https://lichenportal.org/portal/collections/individual/index.php?occid=2008240
2582554	BRY	BRY-L-0039276	Clayton C. Newberry	St. Cl-5362	0.45	Colorado	Mineral	37.388367	-107.0918	outside_boundary_exact	Colorado, Archuleta County	San Juan-Rio Grande National Forest: Vicinity of Martinez Creek and old growth stand.	https://lichenportal.org/portal/collections/individual/index.php?occid=2582554
2582555	BRY	BRY-L-0039277	Clayton C. Newberry	St. Cl-5363	0.45	Colorado	Mineral	37.388367	-107.0918	outside_boundary_exact	Colorado, Archuleta County	San Juan-Rio Grande National Forest: Vicinity of Martinez Creek and old growth stand.	https://lichenportal.org/portal/collections/individual/index.php?occid=2582555
2582556	BRY	BRY-L-0039278	Clayton C. Newberry	St. Cl-5364	0.45	Colorado	Mineral	37.388367	-107.0918	outside_boundary_exact	Colorado, Archuleta County	San Juan-Rio Grande National Forest: Vicinity of Martinez Creek and old growth stand.	https://lichenportal.org/portal/collections/individual/index.php?occid=2582556
2582557	BRY	BRY-L-0039279	Clayton C. Newberry	St. Cl-5365	0.45	Colorado	Mineral	37.388367	-107.0918	outside_boundary_exact	Colorado, Archuleta County	San Juan-Rio Grande National Forest: Vicinity of Martinez Creek and old growth stand.	https://lichenportal.org/portal/collections/individual/index.php?occid=2582557
2582558	BRY	BRY-L-0039280	Clayton C. Newberry	St. Cl-5366	0.45	Colorado	Mineral	37.388367	-107.0918	outside_boundary_exact	Colorado, Archuleta County	San Juan-Rio Grande National Forest: Vicinity of Martinez Creek and old growth stand.	https://lichenportal.org/portal/collections/individual/index.php?occid=2582558
2582559	BRY	BRY-L-0039281	Clayton C. Newberry	St. Cl-5367	0.45	Colorado	Mineral	37.388367	-107.0918	outside_boundary_exact	Colorado, Archuleta County	San Juan-Rio Grande National Forest: Vicinity of Martinez Creek and old growth stand.	https://lichenportal.org/portal/collections/individual/index.php?occid=2582559
2582560	BRY	BRY-L-0039282	Clayton C. Newberry	St. Cl-5368	0.45	Colorado	Mineral	37.388367	-107.0918	outside_boundary_exact	Colorado, Archuleta County	San Juan-Rio Grande National Forest: Vicinity of Martinez Creek and old growth stand.	https://lichenportal.org/portal/collections/individual/index.php?occid=2582560
2582561	BRY	BRY-L-0039283	Clayton C. Newberry	St. Cl-5369	0.45	Colorado	Mineral	37.388367	-107.0918	outside_boundary_exact	Colorado, Archuleta County	San Juan-Rio Grande National Forest: Vicinity of Martinez Creek and old growth stand.	https://lichenportal.org/portal/collections/individual/index.php?occid=2582561
2582562	BRY	BRY-L-0039284	Clayton C. Newberry	St. Cl-5370	0.45	Colorado	Mineral	37.388367	-107.0918	outside_boundary_exact	Colorado, Archuleta County	San Juan-Rio Grande National Forest: Vicinity of Martinez Creek and old growth stand.	https://lichenportal.org/portal/collections/individual/index.php?occid=2582562
2582563	BRY	BRY-L-0039285	Clayton C. Newberry	St. Cl-5371	0.45	Colorado	Mineral	37.388367	-107.0918	outside_boundary_exact	Colorado, Archuleta County	San Juan-Rio Grande National Forest: Vicinity of Martinez Creek and old growth stand.	https://lichenportal.org/portal/collections/individual/index.php?occid=2582563
1217902	BRY	BRY-L-0009386	Roger A. Anderson	NA	0.43	Colorado	Park	39.2815	-106.1913	outside_boundary_exact	Colorado, Lake County	Mosquito Range, at Mosquito Pass	https://lichenportal.org/portal/collections/individual/index.php?occid=1217902
1081379	BRY	BRY-L-0006359	Sam Shushan	sl-1572	0.34	Colorado	Summit	39.65	-105.85	outside_boundary_exact	Colorado, Clear Creek County	Arapaho and Roosevelt National Forests: Loveland Pass vicinity, NE of Loveland Pass 20 miles WSW of Idaho Springs.	https://lichenportal.org/portal/collections/individual/index.php?occid=1081379
1570371	BRY	BRY-L-0020956	Sam Shushan	NA	0.34	Colorado	Summit - Clear Creek Counties	39.65	-105.85	outside_boundary_first_word_match	Colorado, Clear Creek County	Loveland Pass vicinity: NE of Loveland Pass, 33 km WSW of Idaho Springs	https://lichenportal.org/portal/collections/individual/index.php?occid=1570371
1570388	BRY	BRY-L-0020974	Sam Shushan	sl-1578	0.34	Colorado	Summit	39.65	-105.85	outside_boundary_exact	Colorado, Clear Creek County	Loveland Pass vicinity: NE of Loveland Pass, 33 km WSW of Idaho Springs	https://lichenportal.org/portal/collections/individual/index.php?occid=1570388
1770449	BRY	BRY-L-0020813	Sam Shushan	sl-1572	0.34	Colorado	Summit and Clear Creek	39.65	-105.85	outside_boundary_first_word_match	Colorado, Clear Creek County	Arapaho National Forest: Loveland Pass, northeast of; 32.2 km west southwest of Idaho Springs	https://lichenportal.org/portal/collections/individual/index.php?occid=1770449
1774044	BRY	BRY-L-0020814	Sam Shushan	sl-1569	0.34	Colorado	Summit and Clear Creek	39.65	-105.85	outside_boundary_first_word_match	Colorado, Clear Creek County	Arapaho National Forest: Loveland Pass, northeast of; 32.2 km west southwest of Idaho Springs	https://lichenportal.org/portal/collections/individual/index.php?occid=1774044
1080861	BRY	BRY-L-0005849	Vera Komarkova	NA	0.26	Colorado	Grand	40.1224	-105.6245	outside_boundary_exact	Colorado, Boulder County	Front Range of Rocky Mountains: just west of the Continental Divide in cirque just west of Buchanan Pass	https://lichenportal.org/portal/collections/individual/index.php?occid=1080861
1080497	BRY	BRY-L-0004987	D. L. Denham	81397	0.14	Colorado	Yuma	39.95	-102.05	outside_boundary_exact	Kansas, Cheyenne County	Jones Ranch vicinity: Bluff overlooking the south bank of the Arikaree River on the Jones Ranch	https://lichenportal.org/portal/collections/individual/index.php?occid=1080497
1081560	BRY	BRY-L-0006539	Harold H. Jones	sl-1246	0.13	Colorado	Gilpin	39.933333	-105.458333	outside_boundary_exact	Colorado, Boulder County	Arapaho National Forest: Pinecliffe vicinity, about 1 mile west of Pinecliffe near junction of South Boulder Creek and Beaver Creek	https://lichenportal.org/portal/collections/individual/index.php?occid=1081560
1366087	BRY	BRY-L-0018564	Harold H. Jones	sl-1247	0.13	Colorado	Gilpin	39.933333	-105.458333	outside_boundary_exact	Colorado, Boulder County	Arapaho National Forest: about 1 mile west of Pinecliffe near junction of South Boulder Creek and Beaver Creek	https://lichenportal.org/portal/collections/individual/index.php?occid=1366087
2012581	BRY	BRY-L-0033511	Larry L. St. Clair	St. Cl-10167	0.07	Colorado	Saguache	37.856383	-105.4317	outside_boundary_exact	Colorado, Huerfano County	San Juan-Rio Grande National Forest: Sangre de Cristo Mountains, at Medano Pass, along USFS Rd 235.	https://lichenportal.org/portal/collections/individual/index.php?occid=2012581
2012582	BRY	BRY-L-0033512	Larry L. St. Clair	St. Cl-10168	0.07	Colorado	Saguache	37.856383	-105.4317	outside_boundary_exact	Colorado, Huerfano County	San Juan-Rio Grande National Forest: Sangre de Cristo Mountains, at Medano Pass, along USFS Rd 235.	https://lichenportal.org/portal/collections/individual/index.php?occid=2012582
2012583	BRY	BRY-L-0033513	Larry L. St. Clair	St. Cl-10169A	0.07	Colorado	Saguache	37.856383	-105.4317	outside_boundary_exact	Colorado, Huerfano County	San Juan-Rio Grande National Forest: Sangre de Cristo Mountains, at Medano Pass, along USFS Rd 235.	https://lichenportal.org/portal/collections/individual/index.php?occid=2012583
2012584	BRY	BRY-L-0033514	Larry L. St. Clair	St. Cl-10169B	0.07	Colorado	Saguache	37.856383	-105.4317	outside_boundary_exact	Colorado, Huerfano County	San Juan-Rio Grande National Forest: Sangre de Cristo Mountains, at Medano Pass, along USFS Rd 235.	https://lichenportal.org/portal/collections/individual/index.php?occid=2012584
2012585	BRY	BRY-L-0033515	Larry L. St. Clair	St. Cl-10170	0.07	Colorado	Saguache	37.856383	-105.4317	outside_boundary_exact	Colorado, Huerfano County	San Juan-Rio Grande National Forest: Sangre de Cristo Mountains, at Medano Pass, along USFS Rd 235.	https://lichenportal.org/portal/collections/individual/index.php?occid=2012585
2012586	BRY	BRY-L-0033516	Larry L. St. Clair	St. Cl-10171	0.07	Colorado	Saguache	37.856383	-105.4317	outside_boundary_exact	Colorado, Huerfano County	San Juan-Rio Grande National Forest: Sangre de Cristo Mountains, at Medano Pass, along USFS Rd 235.	https://lichenportal.org/portal/collections/individual/index.php?occid=2012586
2012587	BRY	BRY-L-0033517	Larry L. St. Clair	St. Cl-10172	0.07	Colorado	Saguache	37.856383	-105.4317	outside_boundary_exact	Colorado, Huerfano County	San Juan-Rio Grande National Forest: Sangre de Cristo Mountains, at Medano Pass, along USFS Rd 235.	https://lichenportal.org/portal/collections/individual/index.php?occid=2012587
2012588	BRY	BRY-L-0033518	Larry L. St. Clair	St. Cl-10173	0.07	Colorado	Saguache	37.856383	-105.4317	outside_boundary_exact	Colorado, Huerfano County	San Juan-Rio Grande National Forest: Sangre de Cristo Mountains, at Medano Pass, along USFS Rd 235.	https://lichenportal.org/portal/collections/individual/index.php?occid=2012588
2012589	BRY	BRY-L-0033519	Larry L. St. Clair	St. Cl-10174	0.07	Colorado	Saguache	37.856383	-105.4317	outside_boundary_exact	Colorado, Huerfano County	San Juan-Rio Grande National Forest: Sangre de Cristo Mountains, at Medano Pass, along USFS Rd 235.	https://lichenportal.org/portal/collections/individual/index.php?occid=2012589
2012590	BRY	BRY-L-0033520	Larry L. St. Clair	St. Cl-10175	0.07	Colorado	Saguache	37.856383	-105.4317	outside_boundary_exact	Colorado, Huerfano County	San Juan-Rio Grande National Forest: Sangre de Cristo Mountains, at Medano Pass, along USFS Rd 235.	https://lichenportal.org/portal/collections/individual/index.php?occid=2012590
2012591	BRY	BRY-L-0033521	Larry L. St. Clair	St. Cl-10176	0.07	Colorado	Saguache	37.856383	-105.4317	outside_boundary_exact	Colorado, Huerfano County	San Juan-Rio Grande National Forest: Sangre de Cristo Mountains, at Medano Pass, along USFS Rd 235.	https://lichenportal.org/portal/collections/individual/index.php?occid=2012591
2012592	BRY	BRY-L-0033522	Larry L. St. Clair	St. Cl-10177	0.07	Colorado	Saguache	37.856383	-105.4317	outside_boundary_exact	Colorado, Huerfano County	San Juan-Rio Grande National Forest: Sangre de Cristo Mountains, at Medano Pass, along USFS Rd 235.	https://lichenportal.org/portal/collections/individual/index.php?occid=2012592
2012593	BRY	BRY-L-0033523	Larry L. St. Clair	St. Cl-10178	0.07	Colorado	Saguache	37.856383	-105.4317	outside_boundary_exact	Colorado, Huerfano County	San Juan-Rio Grande National Forest: Sangre de Cristo Mountains, at Medano Pass, along USFS Rd 235.	https://lichenportal.org/portal/collections/individual/index.php?occid=2012593
2012594	BRY	BRY-L-0033524	Larry L. St. Clair	St. Cl-10179	0.07	Colorado	Saguache	37.856383	-105.4317	outside_boundary_exact	Colorado, Huerfano County	San Juan-Rio Grande National Forest: Sangre de Cristo Mountains, at Medano Pass, along USFS Rd 235.	https://lichenportal.org/portal/collections/individual/index.php?occid=2012594
2012595	BRY	BRY-L-0033525	Larry L. St. Clair	St. Cl-10180	0.07	Colorado	Saguache	37.856383	-105.4317	outside_boundary_exact	Colorado, Huerfano County	San Juan-Rio Grande National Forest: Sangre de Cristo Mountains, at Medano Pass, along USFS Rd 235.	https://lichenportal.org/portal/collections/individual/index.php?occid=2012595
2012596	BRY	BRY-L-0033526	Larry L. St. Clair	St. Cl-10181	0.07	Colorado	Saguache	37.856383	-105.4317	outside_boundary_exact	Colorado, Huerfano County	San Juan-Rio Grande National Forest: Sangre de Cristo Mountains, at Medano Pass, along USFS Rd 235.	https://lichenportal.org/portal/collections/individual/index.php?occid=2012596
2012597	BRY	BRY-L-0033527	Larry L. St. Clair	St. Cl-10182	0.07	Colorado	Saguache	37.856383	-105.4317	outside_boundary_exact	Colorado, Huerfano County	San Juan-Rio Grande National Forest: Sangre de Cristo Mountains, at Medano Pass, along USFS Rd 235.	https://lichenportal.org/portal/collections/individual/index.php?occid=2012597
2012598	BRY	BRY-L-0033528	Larry L. St. Clair	St. Cl-10183	0.07	Colorado	Saguache	37.856383	-105.4317	outside_boundary_exact	Colorado, Huerfano County	San Juan-Rio Grande National Forest: Sangre de Cristo Mountains, at Medano Pass, along USFS Rd 235.	https://lichenportal.org/portal/collections/individual/index.php?occid=2012598
2012600	BRY	BRY-L-0033530	Larry L. St. Clair	St. Cl-10185	0.07	Colorado	Saguache	37.856383	-105.4317	outside_boundary_exact	Colorado, Huerfano County	San Juan-Rio Grande National Forest: Sangre de Cristo Mountains, at Medano Pass, along USFS Rd 235.	https://lichenportal.org/portal/collections/individual/index.php?occid=2012600
2012601	BRY	BRY-L-0033531	Larry L. St. Clair	St. Cl-10186	0.07	Colorado	Saguache	37.856383	-105.4317	outside_boundary_exact	Colorado, Huerfano County	San Juan-Rio Grande National Forest: Sangre de Cristo Mountains, at Medano Pass, along USFS Rd 235.	https://lichenportal.org/portal/collections/individual/index.php?occid=2012601
2012602	BRY	BRY-L-0033532	Larry L. St. Clair	St. Cl-10187	0.07	Colorado	Saguache	37.856383	-105.4317	outside_boundary_exact	Colorado, Huerfano County	San Juan-Rio Grande National Forest: Sangre de Cristo Mountains, at Medano Pass, along USFS Rd 235.	https://lichenportal.org/portal/collections/individual/index.php?occid=2012602
2012603	BRY	BRY-L-0033533	Larry L. St. Clair	St. Cl-10188	0.07	Colorado	Saguache	37.856383	-105.4317	outside_boundary_exact	Colorado, Huerfano County	San Juan-Rio Grande National Forest: Sangre de Cristo Mountains, at Medano Pass, along USFS Rd 235.	https://lichenportal.org/portal/collections/individual/index.php?occid=2012603
2012604	BRY	BRY-L-0033534	Larry L. St. Clair	St. Cl-10189	0.07	Colorado	Saguache	37.856383	-105.4317	outside_boundary_exact	Colorado, Huerfano County	San Juan-Rio Grande National Forest: Sangre de Cristo Mountains, at Medano Pass, along USFS Rd 235.	https://lichenportal.org/portal/collections/individual/index.php?occid=2012604
2012605	BRY	BRY-L-0033535	Larry L. St. Clair	St. Cl-10190	0.07	Colorado	Saguache	37.856383	-105.4317	outside_boundary_exact	Colorado, Huerfano County	San Juan-Rio Grande National Forest: Sangre de Cristo Mountains, at Medano Pass, along USFS Rd 235.	https://lichenportal.org/portal/collections/individual/index.php?occid=2012605
2012606	BRY	BRY-L-0033536	Larry L. St. Clair	St. Cl-10190	0.07	Colorado	Saguache	37.856383	-105.4317	outside_boundary_exact	Colorado, Huerfano County	San Juan-Rio Grande National Forest: Sangre de Cristo Mountains, at Medano Pass, along USFS Rd 235.	https://lichenportal.org/portal/collections/individual/index.php?occid=2012606
2012607	BRY	BRY-L-0033537	Larry L. St. Clair	St. Cl-10191	0.07	Colorado	Saguache	37.856383	-105.4317	outside_boundary_exact	Colorado, Huerfano County	San Juan-Rio Grande National Forest: Sangre de Cristo Mountains, at Medano Pass, along USFS Rd 235.	https://lichenportal.org/portal/collections/individual/index.php?occid=2012607
2012608	BRY	BRY-L-0033538	Larry L. St. Clair	St. Cl-10192	0.07	Colorado	Saguache	37.856383	-105.4317	outside_boundary_exact	Colorado, Huerfano County	San Juan-Rio Grande National Forest: Sangre de Cristo Mountains, at Medano Pass, along USFS Rd 235.	https://lichenportal.org/portal/collections/individual/index.php?occid=2012608
2012609	BRY	BRY-L-0033539	Larry L. St. Clair	St. Cl-10193	0.07	Colorado	Saguache	37.856383	-105.4317	outside_boundary_exact	Colorado, Huerfano County	San Juan-Rio Grande National Forest: Sangre de Cristo Mountains, at Medano Pass, along USFS Rd 235.	https://lichenportal.org/portal/collections/individual/index.php?occid=2012609
2012610	BRY	BRY-L-0033540	Larry L. St. Clair	St. Cl-10194	0.07	Colorado	Saguache	37.856383	-105.4317	outside_boundary_exact	Colorado, Huerfano County	San Juan-Rio Grande National Forest: Sangre de Cristo Mountains, at Medano Pass, along USFS Rd 235.	https://lichenportal.org/portal/collections/individual/index.php?occid=2012610
2012611	BRY	BRY-L-0033541	Larry L. St. Clair	St. Cl-10195	0.07	Colorado	Saguache	37.856383	-105.4317	outside_boundary_exact	Colorado, Huerfano County	San Juan-Rio Grande National Forest: Sangre de Cristo Mountains, at Medano Pass, along USFS Rd 235.	https://lichenportal.org/portal/collections/individual/index.php?occid=2012611
2012612	BRY	BRY-L-0033542	Larry L. St. Clair	St. Cl-10196	0.07	Colorado	Saguache	37.856383	-105.4317	outside_boundary_exact	Colorado, Huerfano County	San Juan-Rio Grande National Forest: Sangre de Cristo Mountains, at Medano Pass, along USFS Rd 235.	https://lichenportal.org/portal/collections/individual/index.php?occid=2012612
2012613	BRY	BRY-L-0033543	Larry L. St. Clair	St. Cl-10197	0.07	Colorado	Saguache	37.856383	-105.4317	outside_boundary_exact	Colorado, Huerfano County	San Juan-Rio Grande National Forest: Sangre de Cristo Mountains, at Medano Pass, along USFS Rd 235.	https://lichenportal.org/portal/collections/individual/index.php?occid=2012613
2012614	BRY	BRY-L-0033544	Larry L. St. Clair	St. Cl-10198	0.07	Colorado	Saguache	37.856383	-105.4317	outside_boundary_exact	Colorado, Huerfano County	San Juan-Rio Grande National Forest: Sangre de Cristo Mountains, at Medano Pass, along USFS Rd 235.	https://lichenportal.org/portal/collections/individual/index.php?occid=2012614
2012615	BRY	BRY-L-0033545	Larry L. St. Clair	St. Cl-10199	0.07	Colorado	Saguache	37.856383	-105.4317	outside_boundary_exact	Colorado, Huerfano County	San Juan-Rio Grande National Forest: Sangre de Cristo Mountains, at Medano Pass, along USFS Rd 235.	https://lichenportal.org/portal/collections/individual/index.php?occid=2012615
2012617	BRY	BRY-L-0033547	Larry L. St. Clair	St. Cl-10201	0.07	Colorado	Saguache	37.856383	-105.4317	outside_boundary_exact	Colorado, Huerfano County	San Juan-Rio Grande National Forest: Sangre de Cristo Mountains, at Medano Pass, along USFS Rd 235.	https://lichenportal.org/portal/collections/individual/index.php?occid=2012617
2012618	BRY	BRY-L-0033548	Larry L. St. Clair	St. Cl-10202	0.07	Colorado	Saguache	37.856383	-105.4317	outside_boundary_exact	Colorado, Huerfano County	San Juan-Rio Grande National Forest: Sangre de Cristo Mountains, at Medano Pass, along USFS Rd 235.	https://lichenportal.org/portal/collections/individual/index.php?occid=2012618
2012619	BRY	BRY-L-0033549	Larry L. St. Clair	St. Cl-10203	0.07	Colorado	Saguache	37.856383	-105.4317	outside_boundary_exact	Colorado, Huerfano County	San Juan-Rio Grande National Forest: Sangre de Cristo Mountains, at Medano Pass, along USFS Rd 235.	https://lichenportal.org/portal/collections/individual/index.php?occid=2012619
2012620	BRY	BRY-L-0033550	Larry L. St. Clair	St. Cl-10204	0.07	Colorado	Saguache	37.856383	-105.4317	outside_boundary_exact	Colorado, Huerfano County	San Juan-Rio Grande National Forest: Sangre de Cristo Mountains, at Medano Pass, along USFS Rd 235.	https://lichenportal.org/portal/collections/individual/index.php?occid=2012620
2012621	BRY	BRY-L-0033551	Larry L. St. Clair	St. Cl-10205	0.07	Colorado	Saguache	37.856383	-105.4317	outside_boundary_exact	Colorado, Huerfano County	San Juan-Rio Grande National Forest: Sangre de Cristo Mountains, at Medano Pass, along USFS Rd 235.	https://lichenportal.org/portal/collections/individual/index.php?occid=2012621
2012622	BRY	BRY-L-0033552	Larry L. St. Clair	St. Cl-10206	0.07	Colorado	Saguache	37.856383	-105.4317	outside_boundary_exact	Colorado, Huerfano County	San Juan-Rio Grande National Forest: Sangre de Cristo Mountains, at Medano Pass, along USFS Rd 235.	https://lichenportal.org/portal/collections/individual/index.php?occid=2012622
2012623	BRY	BRY-L-0033553	Larry L. St. Clair	St. Cl-10207	0.07	Colorado	Saguache	37.856383	-105.4317	outside_boundary_exact	Colorado, Huerfano County	San Juan-Rio Grande National Forest: Sangre de Cristo Mountains, at Medano Pass, along USFS Rd 235.	https://lichenportal.org/portal/collections/individual/index.php?occid=2012623
2012624	BRY	BRY-L-0033554	Larry L. St. Clair	St. Cl-10208	0.07	Colorado	Saguache	37.856383	-105.4317	outside_boundary_exact	Colorado, Huerfano County	San Juan-Rio Grande National Forest: Sangre de Cristo Mountains, at Medano Pass, along USFS Rd 235.	https://lichenportal.org/portal/collections/individual/index.php?occid=2012624
2012625	BRY	BRY-L-0033555	Larry L. St. Clair	St. Cl-10209A	0.07	Colorado	Saguache	37.856383	-105.4317	outside_boundary_exact	Colorado, Huerfano County	San Juan-Rio Grande National Forest: Sangre de Cristo Mountains, at Medano Pass, along USFS Rd 235.	https://lichenportal.org/portal/collections/individual/index.php?occid=2012625
2012626	BRY	BRY-L-0033556	Larry L. St. Clair	St. Cl-10209B	0.07	Colorado	Saguache	37.856383	-105.4317	outside_boundary_exact	Colorado, Huerfano County	San Juan-Rio Grande National Forest: Sangre de Cristo Mountains, at Medano Pass, along USFS Rd 235.	https://lichenportal.org/portal/collections/individual/index.php?occid=2012626
2012627	BRY	BRY-L-0033557	Larry L. St. Clair	St. Cl-10210	0.07	Colorado	Saguache	37.856383	-105.4317	outside_boundary_exact	Colorado, Huerfano County	San Juan-Rio Grande National Forest: Sangre de Cristo Mountains, at Medano Pass, along USFS Rd 235.	https://lichenportal.org/portal/collections/individual/index.php?occid=2012627
2012628	BRY	BRY-L-0033558	Larry L. St. Clair	St. Cl-10211	0.07	Colorado	Saguache	37.856383	-105.4317	outside_boundary_exact	Colorado, Huerfano County	San Juan-Rio Grande National Forest: Sangre de Cristo Mountains, at Medano Pass, along USFS Rd 235.	https://lichenportal.org/portal/collections/individual/index.php?occid=2012628
2012629	BRY	BRY-L-0033559	Larry L. St. Clair	St. Cl-10212	0.07	Colorado	Saguache	37.856383	-105.4317	outside_boundary_exact	Colorado, Huerfano County	San Juan-Rio Grande National Forest: Sangre de Cristo Mountains, at Medano Pass, along USFS Rd 235.	https://lichenportal.org/portal/collections/individual/index.php?occid=2012629
2012630	BRY	BRY-L-0033560	Larry L. St. Clair	St. Cl-10213	0.07	Colorado	Saguache	37.856383	-105.4317	outside_boundary_exact	Colorado, Huerfano County	San Juan-Rio Grande National Forest: Sangre de Cristo Mountains, at Medano Pass, along USFS Rd 235.	https://lichenportal.org/portal/collections/individual/index.php?occid=2012630
2012631	BRY	BRY-L-0033561	Larry L. St. Clair	St. Cl-10214	0.07	Colorado	Saguache	37.856383	-105.4317	outside_boundary_exact	Colorado, Huerfano County	San Juan-Rio Grande National Forest: Sangre de Cristo Mountains, at Medano Pass, along USFS Rd 235.	https://lichenportal.org/portal/collections/individual/index.php?occid=2012631
2012632	BRY	BRY-L-0033562	Larry L. St. Clair	St. Cl-10215	0.07	Colorado	Saguache	37.856383	-105.4317	outside_boundary_exact	Colorado, Huerfano County	San Juan-Rio Grande National Forest: Sangre de Cristo Mountains, at Medano Pass, along USFS Rd 235.	https://lichenportal.org/portal/collections/individual/index.php?occid=2012632
2012633	BRY	BRY-L-0033563	Larry L. St. Clair	St. Cl-10216	0.07	Colorado	Saguache	37.856383	-105.4317	outside_boundary_exact	Colorado, Huerfano County	San Juan-Rio Grande National Forest: Sangre de Cristo Mountains, at Medano Pass, along USFS Rd 235.	https://lichenportal.org/portal/collections/individual/index.php?occid=2012633
2012634	BRY	BRY-L-0033564	Larry L. St. Clair	St. Cl-10217	0.07	Colorado	Saguache	37.856383	-105.4317	outside_boundary_exact	Colorado, Huerfano County	San Juan-Rio Grande National Forest: Sangre de Cristo Mountains, at Medano Pass, along USFS Rd 235.	https://lichenportal.org/portal/collections/individual/index.php?occid=2012634
2012635	BRY	BRY-L-0033565	Larry L. St. Clair	St. Cl-10218	0.07	Colorado	Saguache	37.856383	-105.4317	outside_boundary_exact	Colorado, Huerfano County	San Juan-Rio Grande National Forest: Sangre de Cristo Mountains, at Medano Pass, along USFS Rd 235.	https://lichenportal.org/portal/collections/individual/index.php?occid=2012635
2012636	BRY	BRY-L-0033566	Larry L. St. Clair	St. Cl-10219	0.07	Colorado	Saguache	37.856383	-105.4317	outside_boundary_exact	Colorado, Huerfano County	San Juan-Rio Grande National Forest: Sangre de Cristo Mountains, at Medano Pass, along USFS Rd 235.	https://lichenportal.org/portal/collections/individual/index.php?occid=2012636
2012637	BRY	BRY-L-0033567	Larry L. St. Clair	St. Cl-10220	0.07	Colorado	Saguache	37.856383	-105.4317	outside_boundary_exact	Colorado, Huerfano County	San Juan-Rio Grande National Forest: Sangre de Cristo Mountains, at Medano Pass, along USFS Rd 235.	https://lichenportal.org/portal/collections/individual/index.php?occid=2012637
2012638	BRY	BRY-L-0033568	Larry L. St. Clair	St. Cl-10221	0.07	Colorado	Saguache	37.856383	-105.4317	outside_boundary_exact	Colorado, Huerfano County	San Juan-Rio Grande National Forest: Sangre de Cristo Mountains, at Medano Pass, along USFS Rd 235.	https://lichenportal.org/portal/collections/individual/index.php?occid=2012638
2012639	BRY	BRY-L-0033569	Larry L. St. Clair	St. Cl-10222A	0.07	Colorado	Saguache	37.856383	-105.4317	outside_boundary_exact	Colorado, Huerfano County	San Juan-Rio Grande National Forest: Sangre de Cristo Mountains, at Medano Pass, along USFS Rd 235.	https://lichenportal.org/portal/collections/individual/index.php?occid=2012639
2012640	BRY	BRY-L-0033570	Larry L. St. Clair	St. Cl-10222B	0.07	Colorado	Saguache	37.856383	-105.4317	outside_boundary_exact	Colorado, Huerfano County	San Juan-Rio Grande National Forest: Sangre de Cristo Mountains, at Medano Pass, along USFS Rd 235.	https://lichenportal.org/portal/collections/individual/index.php?occid=2012640
2012641	BRY	BRY-L-0033571	Larry L. St. Clair	St. Cl-10223	0.07	Colorado	Saguache	37.856383	-105.4317	outside_boundary_exact	Colorado, Huerfano County	San Juan-Rio Grande National Forest: Sangre de Cristo Mountains, at Medano Pass, along USFS Rd 235.	https://lichenportal.org/portal/collections/individual/index.php?occid=2012641
2012642	BRY	BRY-L-0033572	Larry L. St. Clair	St. Cl-10224A	0.07	Colorado	Saguache	37.856383	-105.4317	outside_boundary_exact	Colorado, Huerfano County	San Juan-Rio Grande National Forest: Sangre de Cristo Mountains, at Medano Pass, along USFS Rd 235.	https://lichenportal.org/portal/collections/individual/index.php?occid=2012642
2012643	BRY	BRY-L-0033573	Larry L. St. Clair	St. Cl-10224B	0.07	Colorado	Saguache	37.856383	-105.4317	outside_boundary_exact	Colorado, Huerfano County	San Juan-Rio Grande National Forest: Sangre de Cristo Mountains, at Medano Pass, along USFS Rd 235.	https://lichenportal.org/portal/collections/individual/index.php?occid=2012643
2012644	BRY	BRY-L-0033574	Larry L. St. Clair	St. Cl-10225	0.07	Colorado	Saguache	37.856383	-105.4317	outside_boundary_exact	Colorado, Huerfano County	San Juan-Rio Grande National Forest: Sangre de Cristo Mountains, at Medano Pass, along USFS Rd 235.	https://lichenportal.org/portal/collections/individual/index.php?occid=2012644
2012645	BRY	BRY-L-0033575	Larry L. St. Clair	St. Cl-10226	0.07	Colorado	Saguache	37.856383	-105.4317	outside_boundary_exact	Colorado, Huerfano County	San Juan-Rio Grande National Forest: Sangre de Cristo Mountains, at Medano Pass, along USFS Rd 235.	https://lichenportal.org/portal/collections/individual/index.php?occid=2012645
2012646	BRY	BRY-L-0033576	Larry L. St. Clair	St. Cl-10227	0.07	Colorado	Saguache	37.856383	-105.4317	outside_boundary_exact	Colorado, Huerfano County	San Juan-Rio Grande National Forest: Sangre de Cristo Mountains, at Medano Pass, along USFS Rd 235.	https://lichenportal.org/portal/collections/individual/index.php?occid=2012646
2012647	BRY	BRY-L-0033577	Larry L. St. Clair	St. Cl-10228	0.07	Colorado	Saguache	37.856383	-105.4317	outside_boundary_exact	Colorado, Huerfano County	San Juan-Rio Grande National Forest: Sangre de Cristo Mountains, at Medano Pass, along USFS Rd 235.	https://lichenportal.org/portal/collections/individual/index.php?occid=2012647
2012648	BRY	BRY-L-0033578	Larry L. St. Clair	St. Cl-10229	0.07	Colorado	Saguache	37.856383	-105.4317	outside_boundary_exact	Colorado, Huerfano County	San Juan-Rio Grande National Forest: Sangre de Cristo Mountains, at Medano Pass, along USFS Rd 235.	https://lichenportal.org/portal/collections/individual/index.php?occid=2012648
2012649	BRY	BRY-L-0033579	Larry L. St. Clair	St. Cl-10230	0.07	Colorado	Saguache	37.856383	-105.4317	outside_boundary_exact	Colorado, Huerfano County	San Juan-Rio Grande National Forest: Sangre de Cristo Mountains, at Medano Pass, along USFS Rd 235.	https://lichenportal.org/portal/collections/individual/index.php?occid=2012649
2012650	BRY	BRY-L-0033580	Larry L. St. Clair	St. Cl-10231	0.07	Colorado	Saguache	37.856383	-105.4317	outside_boundary_exact	Colorado, Huerfano County	San Juan-Rio Grande National Forest: Sangre de Cristo Mountains, at Medano Pass, along USFS Rd 235.	https://lichenportal.org/portal/collections/individual/index.php?occid=2012650
2012651	BRY	BRY-L-0033581	Larry L. St. Clair	St. Cl-10232A	0.07	Colorado	Saguache	37.856383	-105.4317	outside_boundary_exact	Colorado, Huerfano County	San Juan-Rio Grande National Forest: Sangre de Cristo Mountains, at Medano Pass, along USFS Rd 235.	https://lichenportal.org/portal/collections/individual/index.php?occid=2012651
2012652	BRY	BRY-L-0033582	Larry L. St. Clair	St. Cl-10232B	0.07	Colorado	Saguache	37.856383	-105.4317	outside_boundary_exact	Colorado, Huerfano County	San Juan-Rio Grande National Forest: Sangre de Cristo Mountains, at Medano Pass, along USFS Rd 235.	https://lichenportal.org/portal/collections/individual/index.php?occid=2012652
2012653	BRY	BRY-L-0033583	Larry L. St. Clair	St. Cl-10233A	0.07	Colorado	Saguache	37.856383	-105.4317	outside_boundary_exact	Colorado, Huerfano County	San Juan-Rio Grande National Forest: Sangre de Cristo Mountains, at Medano Pass, along USFS Rd 235.	https://lichenportal.org/portal/collections/individual/index.php?occid=2012653
2012654	BRY	BRY-L-0033584	Larry L. St. Clair	St. Cl-10233B	0.07	Colorado	Saguache	37.856383	-105.4317	outside_boundary_exact	Colorado, Huerfano County	San Juan-Rio Grande National Forest: Sangre de Cristo Mountains, at Medano Pass, along USFS Rd 235.	https://lichenportal.org/portal/collections/individual/index.php?occid=2012654
2012655	BRY	BRY-L-0033585	Larry L. St. Clair	St. Cl-10234B	0.07	Colorado	Saguache	37.856383	-105.4317	outside_boundary_exact	Colorado, Huerfano County	San Juan-Rio Grande National Forest: Sangre de Cristo Mountains, at Medano Pass, along USFS Rd 235.	https://lichenportal.org/portal/collections/individual/index.php?occid=2012655
2012656	BRY	BRY-L-0033586	Larry L. St. Clair	St. Cl-10234A	0.07	Colorado	Saguache	37.856383	-105.4317	outside_boundary_exact	Colorado, Huerfano County	San Juan-Rio Grande National Forest: Sangre de Cristo Mountains, at Medano Pass, along USFS Rd 235.	https://lichenportal.org/portal/collections/individual/index.php?occid=2012656
2012657	BRY	BRY-L-0033587	Larry L. St. Clair	St. Cl-10235A	0.07	Colorado	Saguache	37.856383	-105.4317	outside_boundary_exact	Colorado, Huerfano County	San Juan-Rio Grande National Forest: Sangre de Cristo Mountains, at Medano Pass, along USFS Rd 235.	https://lichenportal.org/portal/collections/individual/index.php?occid=2012657
2012658	BRY	BRY-L-0033588	Larry L. St. Clair	St. Cl-10235B	0.07	Colorado	Saguache	37.856383	-105.4317	outside_boundary_exact	Colorado, Huerfano County	San Juan-Rio Grande National Forest: Sangre de Cristo Mountains, at Medano Pass, along USFS Rd 235.	https://lichenportal.org/portal/collections/individual/index.php?occid=2012658
2012659	BRY	BRY-L-0033589	Larry L. St. Clair	St. Cl-10236A	0.07	Colorado	Saguache	37.856383	-105.4317	outside_boundary_exact	Colorado, Huerfano County	San Juan-Rio Grande National Forest: Sangre de Cristo Mountains, at Medano Pass, along USFS Rd 235.	https://lichenportal.org/portal/collections/individual/index.php?occid=2012659
2012660	BRY	BRY-L-0033590	Larry L. St. Clair	St. Cl-10236B	0.07	Colorado	Saguache	37.856383	-105.4317	outside_boundary_exact	Colorado, Huerfano County	San Juan-Rio Grande National Forest: Sangre de Cristo Mountains, at Medano Pass, along USFS Rd 235.	https://lichenportal.org/portal/collections/individual/index.php?occid=2012660
2012661	BRY	BRY-L-0033591	Larry L. St. Clair	St. Cl-10237	0.07	Colorado	Saguache	37.856383	-105.4317	outside_boundary_exact	Colorado, Huerfano County	San Juan-Rio Grande National Forest: Sangre de Cristo Mountains, at Medano Pass, along USFS Rd 235.	https://lichenportal.org/portal/collections/individual/index.php?occid=2012661
2012662	BRY	BRY-L-0033592	Larry L. St. Clair	St. Cl-10238	0.07	Colorado	Saguache	37.856383	-105.4317	outside_boundary_exact	Colorado, Huerfano County	San Juan-Rio Grande National Forest: Sangre de Cristo Mountains, at Medano Pass, along USFS Rd 235.	https://lichenportal.org/portal/collections/individual/index.php?occid=2012662
2012663	BRY	BRY-L-0033593	Larry L. St. Clair	St. Cl-10239	0.07	Colorado	Saguache	37.856383	-105.4317	outside_boundary_exact	Colorado, Huerfano County	San Juan-Rio Grande National Forest: Sangre de Cristo Mountains, at Medano Pass, along USFS Rd 235.	https://lichenportal.org/portal/collections/individual/index.php?occid=2012663
2012664	BRY	BRY-L-0033594	Larry L. St. Clair	St. Cl-10240	0.07	Colorado	Saguache	37.856383	-105.4317	outside_boundary_exact	Colorado, Huerfano County	San Juan-Rio Grande National Forest: Sangre de Cristo Mountains, at Medano Pass, along USFS Rd 235.	https://lichenportal.org/portal/collections/individual/index.php?occid=2012664
2012665	BRY	BRY-L-0033595	Larry L. St. Clair	St. Cl-10241	0.07	Colorado	Saguache	37.856383	-105.4317	outside_boundary_exact	Colorado, Huerfano County	San Juan-Rio Grande National Forest: Sangre de Cristo Mountains, at Medano Pass, along USFS Rd 235.	https://lichenportal.org/portal/collections/individual/index.php?occid=2012665
2012666	BRY	BRY-L-0033596	Larry L. St. Clair	St. Cl-10242	0.07	Colorado	Saguache	37.856383	-105.4317	outside_boundary_exact	Colorado, Huerfano County	San Juan-Rio Grande National Forest: Sangre de Cristo Mountains, at Medano Pass, along USFS Rd 235.	https://lichenportal.org/portal/collections/individual/index.php?occid=2012666
2012667	BRY	BRY-L-0033597	Larry L. St. Clair	St. Cl-10243	0.07	Colorado	Saguache	37.856383	-105.4317	outside_boundary_exact	Colorado, Huerfano County	San Juan-Rio Grande National Forest: Sangre de Cristo Mountains, at Medano Pass, along USFS Rd 235.	https://lichenportal.org/portal/collections/individual/index.php?occid=2012667
2012668	BRY	BRY-L-0033598	Larry L. St. Clair	St. Cl-10244	0.07	Colorado	Saguache	37.856383	-105.4317	outside_boundary_exact	Colorado, Huerfano County	San Juan-Rio Grande National Forest: Sangre de Cristo Mountains, at Medano Pass, along USFS Rd 235.	https://lichenportal.org/portal/collections/individual/index.php?occid=2012668
2012670	BRY	BRY-L-0033600	Larry L. St. Clair	St. Cl-10246	0.07	Colorado	Saguache	37.856383	-105.4317	outside_boundary_exact	Colorado, Huerfano County	San Juan-Rio Grande National Forest: Sangre de Cristo Mountains, at Medano Pass, along USFS Rd 235.	https://lichenportal.org/portal/collections/individual/index.php?occid=2012670
2012671	BRY	BRY-L-0033601	Larry L. St. Clair	St. Cl-10247	0.07	Colorado	Saguache	37.856383	-105.4317	outside_boundary_exact	Colorado, Huerfano County	San Juan-Rio Grande National Forest: Sangre de Cristo Mountains, at Medano Pass, along USFS Rd 235.	https://lichenportal.org/portal/collections/individual/index.php?occid=2012671
2012672	BRY	BRY-L-0033602	Larry L. St. Clair	St. Cl-10248	0.07	Colorado	Saguache	37.856383	-105.4317	outside_boundary_exact	Colorado, Huerfano County	San Juan-Rio Grande National Forest: Sangre de Cristo Mountains, at Medano Pass, along USFS Rd 235.	https://lichenportal.org/portal/collections/individual/index.php?occid=2012672
2012673	BRY	BRY-L-0033603	Larry L. St. Clair	St. Cl-10249	0.07	Colorado	Saguache	37.856383	-105.4317	outside_boundary_exact	Colorado, Huerfano County	San Juan-Rio Grande National Forest: Sangre de Cristo Mountains, at Medano Pass, along USFS Rd 235.	https://lichenportal.org/portal/collections/individual/index.php?occid=2012673
2012674	BRY	BRY-L-0033604	Larry L. St. Clair	St. Cl-10250	0.07	Colorado	Saguache	37.856383	-105.4317	outside_boundary_exact	Colorado, Huerfano County	San Juan-Rio Grande National Forest: Sangre de Cristo Mountains, at Medano Pass, along USFS Rd 235.	https://lichenportal.org/portal/collections/individual/index.php?occid=2012674
2012675	BRY	BRY-L-0033605	Larry L. St. Clair	St. Cl-10252A	0.07	Colorado	Saguache	37.856383	-105.4317	outside_boundary_exact	Colorado, Huerfano County	San Juan-Rio Grande National Forest: Sangre de Cristo Mountains, at Medano Pass, along USFS Rd 235.	https://lichenportal.org/portal/collections/individual/index.php?occid=2012675
2012676	BRY	BRY-L-0033606	Larry L. St. Clair	St. Cl-10252B	0.07	Colorado	Saguache	37.856383	-105.4317	outside_boundary_exact	Colorado, Huerfano County	San Juan-Rio Grande National Forest: Sangre de Cristo Mountains, at Medano Pass, along USFS Rd 235.	https://lichenportal.org/portal/collections/individual/index.php?occid=2012676
2012677	BRY	BRY-L-0033607	Larry L. St. Clair	St. Cl-10253	0.07	Colorado	Saguache	37.856383	-105.4317	outside_boundary_exact	Colorado, Huerfano County	San Juan-Rio Grande National Forest: Sangre de Cristo Mountains, at Medano Pass, along USFS Rd 235.	https://lichenportal.org/portal/collections/individual/index.php?occid=2012677
2012680	BRY	BRY-L-0033610	Larry L. St. Clair	St. Cl-10255	0.07	Colorado	Saguache	37.856383	-105.4317	outside_boundary_exact	Colorado, Huerfano County	San Juan-Rio Grande National Forest: Sangre de Cristo Mountains, at Medano Pass, along USFS Rd 235.	https://lichenportal.org/portal/collections/individual/index.php?occid=2012680
2012681	BRY	BRY-L-0033611	Larry L. St. Clair	St. Cl-10256	0.07	Colorado	Saguache	37.856383	-105.4317	outside_boundary_exact	Colorado, Huerfano County	San Juan-Rio Grande National Forest: Sangre de Cristo Mountains, at Medano Pass, along USFS Rd 235.	https://lichenportal.org/portal/collections/individual/index.php?occid=2012681
2012682	BRY	BRY-L-0033612	Larry L. St. Clair	St. Cl-10257	0.07	Colorado	Saguache	37.856383	-105.4317	outside_boundary_exact	Colorado, Huerfano County	San Juan-Rio Grande National Forest: Sangre de Cristo Mountains, at Medano Pass, along USFS Rd 235.	https://lichenportal.org/portal/collections/individual/index.php?occid=2012682
2012683	BRY	BRY-L-0033613	Larry L. St. Clair	St. Cl-10258	0.07	Colorado	Saguache	37.856383	-105.4317	outside_boundary_exact	Colorado, Huerfano County	San Juan-Rio Grande National Forest: Sangre de Cristo Mountains, at Medano Pass, along USFS Rd 235.	https://lichenportal.org/portal/collections/individual/index.php?occid=2012683
2012684	BRY	BRY-L-0033614	Larry L. St. Clair	St. Cl-10259	0.07	Colorado	Saguache	37.856383	-105.4317	outside_boundary_exact	Colorado, Huerfano County	San Juan-Rio Grande National Forest: Sangre de Cristo Mountains, at Medano Pass, along USFS Rd 235.	https://lichenportal.org/portal/collections/individual/index.php?occid=2012684
2012685	BRY	BRY-L-0033615	Larry L. St. Clair	St. Cl-10260A	0.07	Colorado	Saguache	37.856383	-105.4317	outside_boundary_exact	Colorado, Huerfano County	San Juan-Rio Grande National Forest: Sangre de Cristo Mountains, at Medano Pass, along USFS Rd 235.	https://lichenportal.org/portal/collections/individual/index.php?occid=2012685
2012686	BRY	BRY-L-0033616	Larry L. St. Clair	St. Cl-10260B	0.07	Colorado	Saguache	37.856383	-105.4317	outside_boundary_exact	Colorado, Huerfano County	San Juan-Rio Grande National Forest: Sangre de Cristo Mountains, at Medano Pass, along USFS Rd 235.	https://lichenportal.org/portal/collections/individual/index.php?occid=2012686
2012687	BRY	BRY-L-0033617	Larry L. St. Clair	St. Cl-10260C	0.07	Colorado	Saguache	37.856383	-105.4317	outside_boundary_exact	Colorado, Huerfano County	San Juan-Rio Grande National Forest: Sangre de Cristo Mountains, at Medano Pass, along USFS Rd 235.	https://lichenportal.org/portal/collections/individual/index.php?occid=2012687
2012688	BRY	BRY-L-0033618	Larry L. St. Clair	St. Cl-10261	0.07	Colorado	Saguache	37.856383	-105.4317	outside_boundary_exact	Colorado, Huerfano County	San Juan-Rio Grande National Forest: Sangre de Cristo Mountains, at Medano Pass, along USFS Rd 235.	https://lichenportal.org/portal/collections/individual/index.php?occid=2012688
2012689	BRY	BRY-L-0033619	Larry L. St. Clair	St. Cl-10262	0.07	Colorado	Saguache	37.856383	-105.4317	outside_boundary_exact	Colorado, Huerfano County	San Juan-Rio Grande National Forest: Sangre de Cristo Mountains, at Medano Pass, along USFS Rd 235.	https://lichenportal.org/portal/collections/individual/index.php?occid=2012689
2012690	BRY	BRY-L-0033620	Larry L. St. Clair	St. Cl-10263	0.07	Colorado	Saguache	37.856383	-105.4317	outside_boundary_exact	Colorado, Huerfano County	San Juan-Rio Grande National Forest: Sangre de Cristo Mountains, at Medano Pass, along USFS Rd 235.	https://lichenportal.org/portal/collections/individual/index.php?occid=2012690
2012691	BRY	BRY-L-0033621	Larry L. St. Clair	St. Cl-10264	0.07	Colorado	Saguache	37.856383	-105.4317	outside_boundary_exact	Colorado, Huerfano County	San Juan-Rio Grande National Forest: Sangre de Cristo Mountains, at Medano Pass, along USFS Rd 235.	https://lichenportal.org/portal/collections/individual/index.php?occid=2012691
1358258	BRY	BRY-L-0017731	Roger A. Anderson	7973	0.06	Colorado	Eagle	39.5417	-106.2098	outside_boundary_exact	Colorado, Summit County	Upper Black Lake: 1.6 km north of Vail Pass, ENE of Upper Black Lake	https://lichenportal.org/portal/collections/individual/index.php?occid=1358258
1077472	BRY	BRY-L-0001967	Sam Shushan	sl-3711	0.04	Colorado	Summt-Park	39.358333	-106.05	outside_boundary_reverse_partial	Colorado, Summit County	ca. 5.5 miles north of Alma; east of Hoosier Pass.	https://lichenportal.org/portal/collections/individual/index.php?occid=1077472
1075596	BRY	BRY-L-0000081	Sam Shushan	sl-3460	NA	Colorado	Summit-Clear Creek Counties	39.65	-105.85	county_not_matched_no_match	county_not_matched	Arapaho and Roosevelt National Forests: Loveland Pass vicinity, NE of Loveland Pass 20 miles WSW of Idaho Springs.	https://lichenportal.org/portal/collections/individual/index.php?occid=1075596
1075843	BRY	BRY-L-0000343	Sam Shushan	sl-1615	NA	Colorado	Summit-Clear Creek Counties	39.65	-105.85	county_not_matched_no_match	county_not_matched	Arapaho and Roosevelt National Forests: Loveland Pass vicinity, NE of Loveland Pass 20 miles WSW of Idaho Springs.	https://lichenportal.org/portal/collections/individual/index.php?occid=1075843
1075911	BRY	BRY-L-0000412	Horace R. Simms	sl-388	NA	Colorado	Lake-Pitkin Counties	39.166667	-106.583333	county_not_matched_no_match	county_not_matched	Independence Pass Summit	https://lichenportal.org/portal/collections/individual/index.php?occid=1075911
1076185	BRY	BRY-L-0000681	Sam Shushan	sl-1604	NA	Colorado	Summit-Clear Creek Counties	39.65	-105.85	county_not_matched_no_match	county_not_matched	Arapaho and Roosevelt National Forests: Loveland Pass vicinity, NE of Loveland Pass 20 miles WSW of Idaho Springs.	https://lichenportal.org/portal/collections/individual/index.php?occid=1076185
1076315	BRY	BRY-L-0000817	Sam Shushan	sl-1591	NA	Colorado	Summit-Clear Creek Counties	39.65	-105.85	county_not_matched_no_match	county_not_matched	Arapaho and Roosevelt National Forests: Loveland Pass vicinity, NE of Loveland Pass 20 miles WSW of Idaho Springs.	https://lichenportal.org/portal/collections/individual/index.php?occid=1076315
1076322	BRY	BRY-L-0000824	Sam Shushan	sl-3720	NA	Colorado	Summit-Park Counties	39.358333	-106.05	county_not_matched_no_match	county_not_matched	ca. 5.5 miles north of Alma; east of Hoosier Pass.	https://lichenportal.org/portal/collections/individual/index.php?occid=1076322
1076467	BRY	BRY-L-0000966	Sam Shushan	sl-3718	NA	Colorado	Summit-Park Counties	39.358333	-106.05	county_not_matched_no_match	county_not_matched	ca. 5.5 miles north of Alma; east of Hoosier Pass.	https://lichenportal.org/portal/collections/individual/index.php?occid=1076467
1076482	BRY	BRY-L-0000981	Sam Shushan	sl-3721	NA	Colorado	Summit-Park Counties	39.358333	-106.05	county_not_matched_no_match	county_not_matched	ca. 5.5 miles north of Alma; east of Hoosier Pass.	https://lichenportal.org/portal/collections/individual/index.php?occid=1076482
1076559	BRY	BRY-L-0001058	Sam Shushan	sl-1583	NA	Colorado	Summit-Clear Creek Counties	39.65	-105.85	county_not_matched_no_match	county_not_matched	Arapaho and Roosevelt National Forests: Loveland Pass vicinity, NE of Loveland Pass 20 miles WSW of Idaho Springs.	https://lichenportal.org/portal/collections/individual/index.php?occid=1076559
1076821	BRY	BRY-L-0001320	Sam Shushan	sl-1613	NA	Colorado	Summit-Clear Creek Counties	39.65	-105.85	county_not_matched_no_match	county_not_matched	Arapaho and Roosevelt National Forests: Loveland Pass vicinity, NE of Loveland Pass 20 miles WSW of Idaho Springs.	https://lichenportal.org/portal/collections/individual/index.php?occid=1076821
1076945	BRY	BRY-L-0001442	Sam Shushan	sl-1600	NA	Colorado	Summit-Clear Creek Counties	39.65	-105.85	county_not_matched_no_match	county_not_matched	Arapaho and Roosevelt National Forests: Loveland Pass vicinity, NE of Loveland Pass 20 miles WSW of Idaho Springs.	https://lichenportal.org/portal/collections/individual/index.php?occid=1076945
1077172	BRY	BRY-L-0001669	Sam Shushan	sl-1598	NA	Colorado	Summit-Clear Creek Counties	39.65	-105.85	county_not_matched_no_match	county_not_matched	Arapaho and Roosevelt National Forests: Loveland Pass vicinity, NE of Loveland Pass 20 miles WSW of Idaho Springs.	https://lichenportal.org/portal/collections/individual/index.php?occid=1077172
1077359	BRY	BRY-L-0001854	Sam Shushan	sl-1585	NA	Colorado	Summit-Clear Creek Counties	39.65	-105.85	county_not_matched_no_match	county_not_matched	Arapaho and Roosevelt National Forests: Loveland Pass vicinity, NE of Loveland Pass 20 miles WSW of Idaho Springs.	https://lichenportal.org/portal/collections/individual/index.php?occid=1077359
1077558	BRY	BRY-L-0002054	Sam Shushan	sl-1568	NA	Colorado	Summit-Clear Creek Counties	39.65	-105.85	county_not_matched_no_match	county_not_matched	Arapaho and Roosevelt National Forests: Loveland Pass vicinity, NE of Loveland Pass 20 miles WSW of Idaho Springs.	https://lichenportal.org/portal/collections/individual/index.php?occid=1077558
1077671	BRY	BRY-L-0002134	Sam Shushan	sl-1612	NA	Colorado	Summit-Clear Creek Counties	39.65	-105.85	county_not_matched_no_match	county_not_matched	Arapaho and Roosevelt National Forests: Loveland Pass vicinity, NE of Loveland Pass 20 miles WSW of Idaho Springs.	https://lichenportal.org/portal/collections/individual/index.php?occid=1077671
1077728	BRY	BRY-L-0002223	Sam Shushan	sl-1611	NA	Colorado	Summit-Clear Creek Counties	39.65	-105.85	county_not_matched_no_match	county_not_matched	Arapaho and Roosevelt National Forests: Loveland Pass vicinity, NE of Loveland Pass 20 miles WSW of Idaho Springs.	https://lichenportal.org/portal/collections/individual/index.php?occid=1077728
1077937	BRY	BRY-L-0002431	Sam Shushan	sl-1609	NA	Colorado	Summit-Clear Creek Counties	39.65	-105.85	county_not_matched_no_match	county_not_matched	Arapaho and Roosevelt National Forests: Loveland Pass vicinity, NE of Loveland Pass 20 miles WSW of Idaho Springs.	https://lichenportal.org/portal/collections/individual/index.php?occid=1077937
1077972	BRY	BRY-L-0002464	Sam Shushan	sl-1581	NA	Colorado	Summit-Clear Creek Counties	39.65	-105.85	county_not_matched_no_match	county_not_matched	Arapaho and Roosevelt National Forests: Loveland Pass vicinity, NE of Loveland Pass 20 miles WSW of Idaho Springs.	https://lichenportal.org/portal/collections/individual/index.php?occid=1077972
1077973	BRY	BRY-L-0002465	Sam Shushan	sl-1581a	NA	Colorado	Summit-Clear Creek Counties	39.65	-105.85	county_not_matched_no_match	county_not_matched	Arapaho and Roosevelt National Forests: Loveland Pass vicinity, NE of Loveland Pass 20 miles WSW of Idaho Springs.	https://lichenportal.org/portal/collections/individual/index.php?occid=1077973
1077985	BRY	BRY-L-0002477	Sam Shushan	sl-3716	NA	Colorado	Summit-Park Counties	39.358333	-106.05	county_not_matched_no_match	county_not_matched	ca. 5.5 miles north of Alma; east of Hoosier Pass.	https://lichenportal.org/portal/collections/individual/index.php?occid=1077985
1077986	BRY	BRY-L-0002478	Sam Shushan	sl-3717	NA	Colorado	Summit-Park Counties	39.358333	-106.05	county_not_matched_no_match	county_not_matched	ca. 5.5 miles north of Alma; east of Hoosier Pass.	https://lichenportal.org/portal/collections/individual/index.php?occid=1077986
1078002	BRY	BRY-L-0002495	Horace R. Simms	NA	NA	Colorado	Lake-Pitkin Counties	39.166667	-106.583333	county_not_matched_no_match	county_not_matched	Independence Pass Summit.	https://lichenportal.org/portal/collections/individual/index.php?occid=1078002
1078166	BRY	BRY-L-0002659	Sam Shushan	sl-1571	NA	Colorado	Summit-Clear Creek Counties	39.65	-105.85	county_not_matched_no_match	county_not_matched	Arapaho and Roosevelt National Forests: Loveland Pass vicinity, NE of Loveland Pass 20 miles WSW of Idaho Springs.	https://lichenportal.org/portal/collections/individual/index.php?occid=1078166
1078167	BRY	BRY-L-0002660	Sam Shushan	sl-1622	NA	Colorado	Summit-Clear Creek Counties	39.65	-105.85	county_not_matched_no_match	county_not_matched	Arapaho and Roosevelt National Forests: Loveland Pass vicinity, NE of Loveland Pass 20 miles WSW of Idaho Springs.	https://lichenportal.org/portal/collections/individual/index.php?occid=1078167
1078185	BRY	BRY-L-0002678	Sam Shushan	sl-3709	NA	Colorado	Summit-Park Counties	39.358333	-106.05	county_not_matched_no_match	county_not_matched	Ca. 5.5 miles north of Alma: east of Hoosier Pass	https://lichenportal.org/portal/collections/individual/index.php?occid=1078185
1078186	BRY	BRY-L-0002679	Sam Shushan	sl-3712	NA	Colorado	Summit-Park Counties	39.358333	-106.05	county_not_matched_no_match	county_not_matched	ca. 5.5 miles north of Alma; east of Hoosier Pass.	https://lichenportal.org/portal/collections/individual/index.php?occid=1078186
1078204	BRY	BRY-L-0002697	Horace R. Simms	NA	NA	Colorado	Lake-Pitkin Counties	39.166667	-106.583333	county_not_matched_no_match	county_not_matched	Independence Pass Summit.	https://lichenportal.org/portal/collections/individual/index.php?occid=1078204
1078215	BRY	BRY-L-0002708	Horace R. Simms	NA	NA	Colorado	Lake-Pitkin Counties	39.166667	-106.583333	county_not_matched_no_match	county_not_matched	Independence Pass Summit.	https://lichenportal.org/portal/collections/individual/index.php?occid=1078215
1079627	BRY	BRY-L-0004122	Sam Shushan	sl-3714	NA	Colorado	Summit-Park Counties	39.358333	-106.05	county_not_matched_no_match	county_not_matched	Ca. 5.5 miles north of Alma, east of Hoosier Pass	https://lichenportal.org/portal/collections/individual/index.php?occid=1079627
1079666	BRY	BRY-L-0004161	Sam Shushan	sl-8581	NA	Colorado	Los Alamos	35.811111	-106.230556	county_not_matched_no_match	county_not_matched	White Rock: 1.5 miles SW of White Rock	https://lichenportal.org/portal/collections/individual/index.php?occid=1079666
1081261	BRY	BRY-L-0006242	Sam Shushan	sl-1580	NA	Colorado	Summit-Clear Creek Counties	39.65	-105.85	county_not_matched_no_match	county_not_matched	Arapaho and Roosevelt National Forests: Loveland Pass vicinity, NE of Loveland Pass 20 miles WSW of Idaho Springs.	https://lichenportal.org/portal/collections/individual/index.php?occid=1081261
1081262	BRY	BRY-L-0006243	Sam Shushan	sl-3459	NA	Colorado	Summit-Clear Creek Counties	39.65	-105.85	county_not_matched_no_match	county_not_matched	Arapaho and Roosevelt National Forests: Loveland Pass vicinity, NE of Loveland Pass 20 miles WSW of Idaho Springs.	https://lichenportal.org/portal/collections/individual/index.php?occid=1081262
1081450	BRY	BRY-L-0006429	Sam Shushan	sl-1573	NA	Colorado	Summit-Clear Creek Counties	39.65	-105.85	county_not_matched_no_match	county_not_matched	Arapaho and Roosevelt National Forests: Loveland Pass vicinity, NE of Loveland Pass 20 miles WSW of Idaho Springs.	https://lichenportal.org/portal/collections/individual/index.php?occid=1081450
1081477	BRY	BRY-L-0006456	Horace R. Simms	sl-7173,389	NA	Colorado	Lake-Pitkin Counties	39.166667	-106.583333	county_not_matched_no_match	county_not_matched	Independence Pass Summit	https://lichenportal.org/portal/collections/individual/index.php?occid=1081477
1081866	BRY	BRY-L-0006862	Sam Shushan	sl-1602	NA	Colorado	Summit-Clear Creek Counties	39.65	-105.85	county_not_matched_no_match	county_not_matched	Arapaho and Roosevelt National Forests: Loveland Pass vicinity, NE of Loveland Pass 20 miles WSW of Idaho Springs.	https://lichenportal.org/portal/collections/individual/index.php?occid=1081866
1215190	BRY	BRY-L-0011496	Roger A. Anderson	9936	NA	Colorado	Gunnison-Chaffee Co. Line	38.8335	-106.4149	county_not_matched_no_match	county_not_matched	Sawatch Range, just SW of Cottonwood Pass, west of Buena Vista	https://lichenportal.org/portal/collections/individual/index.php?occid=1215190
1215192	BRY	BRY-L-0011498	Roger A. Anderson	9935	NA	Colorado	Gunnison-Chaffee Co. Line	38.8335	-106.4149	county_not_matched_no_match	county_not_matched	Sawatch Range, just SW of Cottonwood Pass, west of Buena Vista	https://lichenportal.org/portal/collections/individual/index.php?occid=1215192
1216908	BRY	BRY-L-0008301	Sam Shushan	sl-3722	NA	Colorado	Summit-Park Counties	39.358333	-106.05	county_not_matched_no_match	county_not_matched	Ca. 5.5 miles north of Alma: east of Hoosier Pass	https://lichenportal.org/portal/collections/individual/index.php?occid=1216908
1216960	BRY	BRY-L-0008353	Roger A. Anderson	9921B	NA	Colorado	Gunnison-Chaffee Co. Line	38.8335	-106.4149	county_not_matched_no_match	county_not_matched	Gunnison and Chaffee County lin, Sawatch Range, just SW of Cottonwood Pass, west of Buena Vista	https://lichenportal.org/portal/collections/individual/index.php?occid=1216960
1217012	BRY	BRY-L-0008405	Sam Shushan	sl-3724	NA	Colorado	Summit-Park Counties	39.358333	-106.05	county_not_matched_no_match	county_not_matched	Pike National Forest: east of Hoosier Pass, 5.5 miles north of Alma	https://lichenportal.org/portal/collections/individual/index.php?occid=1217012
1217347	BRY	BRY-L-0008839	Sam Shushan	sl-3726	NA	Colorado	Summit-Park Counties	39.358333	-106.05	county_not_matched_no_match	county_not_matched	Ca. 5.5 miles north of Alma: east of Hoosier Pass	https://lichenportal.org/portal/collections/individual/index.php?occid=1217347
1217424	BRY	BRY-L-0008916	Sam Shushan	sl-3726	NA	Colorado	Summit-Park Counties	39.358333	-106.05	county_not_matched_no_match	county_not_matched	Ca. 5.5 miles north of Alma: east of Hoosier Pass	https://lichenportal.org/portal/collections/individual/index.php?occid=1217424
1217591	BRY	BRY-L-0009081	Roger A. Anderson	9909	NA	Colorado	Gunnison-Chaffee Co. Line	38.8335	-106.4149	county_not_matched_no_match	county_not_matched	Sawatch Range, just SW of Cottonwood Pass, west of Buena Vista	https://lichenportal.org/portal/collections/individual/index.php?occid=1217591
1217611	BRY	BRY-L-0009100	Sam Shushan	sl-1617	NA	Colorado	Summit-Clear Creek Counties	39.65	-105.85	county_not_matched_no_match	county_not_matched	Arapaho and Roosevelt National Forests: Loveland Pass vicinity, NE of Loveland Pass 20 miles WSW of Idaho Springs.	https://lichenportal.org/portal/collections/individual/index.php?occid=1217611
1217796	BRY	BRY-L-0009285	Sam Shushan	sl-1586A	NA	Colorado	Summit-Clear Creek Counties	39.65	-105.85	county_not_matched_no_match	county_not_matched	Arapaho and Roosevelt National Forests: Loveland Pass vicinity, NE of Loveland Pass 20 miles WSW of Idaho Springs.	https://lichenportal.org/portal/collections/individual/index.php?occid=1217796
1217797	BRY	BRY-L-0009286	Sam Shushan	sl-1590	NA	Colorado	Summit-Clear Creek Counties	39.65	-105.85	county_not_matched_no_match	county_not_matched	Arapaho and Roosevelt National Forests: Loveland Pass vicinity, NE of Loveland Pass 20 miles WSW of Idaho Springs.	https://lichenportal.org/portal/collections/individual/index.php?occid=1217797
1217804	BRY	BRY-L-0009293	Sam Shushan	sl-3727	NA	Colorado	Summit-Park Counties	39.358333	-106.05	county_not_matched_no_match	county_not_matched	Ca. 5.5 miles north of Alma: east of Hoosier Pass	https://lichenportal.org/portal/collections/individual/index.php?occid=1217804
1217805	BRY	BRY-L-0009294	Sam Shushan	sl-3728	NA	Colorado	Summit-Park Counties	39.358333	-106.05	county_not_matched_no_match	county_not_matched	Pike National Forest: east of Hoosier Pass, 5.5 miles north of Alma	https://lichenportal.org/portal/collections/individual/index.php?occid=1217805
1218042	BRY	BRY-L-0009523	Roger A. Anderson	9921A	NA	Colorado	Gunnison-Chaffee Co. Line	38.8335	-106.4149	county_not_matched_no_match	county_not_matched	Sawatch Range, just SW of Cottonwood Pass, west of Buena Vista	https://lichenportal.org/portal/collections/individual/index.php?occid=1218042
1218137	BRY	BRY-L-0009618	Roger A. Anderson	sl-7969	NA	Colorado	Gunnison-Chaffee Co. Line	38.8335	-106.4149	county_not_matched_no_match	county_not_matched	In saddle SW of Cottonwood Pass west of Buena Vista	https://lichenportal.org/portal/collections/individual/index.php?occid=1218137
1218141	BRY	BRY-L-0009622	Roger A. Anderson	NA	NA	Colorado	Gunnison-Chaffee Co. Line	38.8335	-106.4149	county_not_matched_no_match	county_not_matched	San Isabel National Forest: abundant on soil in saddle SW of Cottonwood Pass west of Buena Vista	https://lichenportal.org/portal/collections/individual/index.php?occid=1218141
1219486	BRY	BRY-L-0010942	Roger A. Anderson	9930	NA	Colorado	Gunnison-Chaffee Co. Line	38.8335	-106.4149	county_not_matched_no_match	county_not_matched	Sawatch Range, just SW of Cottonwood Pass, west of Buena Vista	https://lichenportal.org/portal/collections/individual/index.php?occid=1219486
1219959	BRY	BRY-L-0011415	Sam Shushan	sl-1582	NA	Colorado	Summit-Clear Creek Counties	39.65	-105.85	county_not_matched_no_match	county_not_matched	Arapaho and Roosevelt National Forests: Loveland Pass vicinity, NE of Loveland Pass 20 miles WSW of Idaho Springs.	https://lichenportal.org/portal/collections/individual/index.php?occid=1219959
1243256	BRY	BRY-L-0011817	I. Mackenzie Lamb	14120	NA	Colorado	Moresby Island	52.683333	-132.033333	county_not_matched_no_match	county_not_matched	Gwaii Haanas National Park Reserve: Blue Heron Bay north of Sunday Inlet, bluff above bay, surrounding a lake (129m at lake, 152m at summit)	https://lichenportal.org/portal/collections/individual/index.php?occid=1243256
1278649	BRY	BRY-L-0012697	Sam Shushan	sl-3732	NA	Colorado	Summit-Park Counties	39.358333	-106.05	county_not_matched_no_match	county_not_matched	Ca. 5.5 miles north of Alma: east of Hoosier Pass	https://lichenportal.org/portal/collections/individual/index.php?occid=1278649
1282426	BRY	BRY-L-0012851	Sam Shushan	sl-1597	NA	Colorado	Summit-Clear Creek Counties	39.65	-105.85	county_not_matched_no_match	county_not_matched	Arapaho and Roosevelt National Forests: Loveland Pass vicinity, NE of Loveland Pass 20 miles WSW of Idaho Springs.	https://lichenportal.org/portal/collections/individual/index.php?occid=1282426
1282443	BRY	BRY-L-0012868	Sam Shushan	sl-3731	NA	Colorado	Summit-Park Counties	39.358333	-106.05	county_not_matched_no_match	county_not_matched	Ca. 5.5 miles north of Alma: east of Hoosier Pass	https://lichenportal.org/portal/collections/individual/index.php?occid=1282443
1288717	BRY	BRY-L-0013534	Sam Shushan	sl-525	NA	Colorado	Doul	39.333333	-104.666667	county_not_matched_no_match	county_not_matched	Ca. 9 miles east of Castle Rock	https://lichenportal.org/portal/collections/individual/index.php?occid=1288717
1290171	BRY	BRY-L-0014158	Sam Shushan	sl-1610	NA	Colorado	Summit-Clear Creek Counties	39.65	-105.85	county_not_matched_no_match	county_not_matched	Arapaho and Roosevelt National Forests: Loveland Pass vicinity, NE of Loveland Pass 20 miles WSW of Idaho Springs.	https://lichenportal.org/portal/collections/individual/index.php?occid=1290171
1307222	BRY	BRY-L-0015019	Sam Shushan	sl-1605	NA	Colorado	Summit-Clear Creek Counties	39.65	-105.85	county_not_matched_no_match	county_not_matched	Arapaho and Roosevelt National Forests: Loveland Pass vicinity, NE of Loveland Pass 20 miles WSW of Idaho Springs.	https://lichenportal.org/portal/collections/individual/index.php?occid=1307222
1314826	BRY	BRY-L-0016429	Roger A. Anderson	sl-1566A	NA	Colorado	Summit-Clear Creek Counties	39.65	-105.85	county_not_matched_no_match	county_not_matched	Arapaho and Roosevelt National Forests: Loveland Pass vicinity, NE of Loveland Pass 20 miles WSW of Idaho Springs.	https://lichenportal.org/portal/collections/individual/index.php?occid=1314826
1317110	BRY	BRY-L-0016181	Sam Shushan	sl-1588	NA	Colorado	Summit-Clear Creek Counties	39.65	-105.85	county_not_matched_no_match	county_not_matched	Arapaho and Roosevelt National Forests: Loveland Pass vicinity, NE of Loveland Pass 20 miles WSW of Idaho Springs.	https://lichenportal.org/portal/collections/individual/index.php?occid=1317110
1317111	BRY	BRY-L-0016182	Sam Shushan	sl-1625	NA	Colorado	Summit-Clear Creek Counties	39.65	-105.85	county_not_matched_no_match	county_not_matched	Arapaho and Roosevelt National Forests: Loveland Pass vicinity, NE of Loveland Pass 20 miles WSW of Idaho Springs.	https://lichenportal.org/portal/collections/individual/index.php?occid=1317111
1317118	BRY	BRY-L-0016190	Sam Shushan	sl-3733	NA	Colorado	Summit-Park Counties	39.358333	-106.05	county_not_matched_no_match	county_not_matched	Pike National Forest: east of Hoosier Pass, 5.5 miles north of Alma	https://lichenportal.org/portal/collections/individual/index.php?occid=1317118
1317190	BRY	BRY-L-0016424	Roger A. Anderson	9916	NA	Colorado	Gunnison-Chaffee Co. Line	38.8335	-106.4149	county_not_matched_no_match	county_not_matched	Sawatch Range, just SW of Cottonwood Pass, west of Buena Vista	https://lichenportal.org/portal/collections/individual/index.php?occid=1317190
1317299	BRY	BRY-L-0016275	Sam Shushan	sl-1616	NA	Colorado	Summit-Clear Creek Counties	39.65	-105.85	county_not_matched_no_match	county_not_matched	Arapaho and Roosevelt National Forests: Loveland Pass vicinity, NE of Loveland Pass 20 miles WSW of Idaho Springs.	https://lichenportal.org/portal/collections/individual/index.php?occid=1317299
1317309	BRY	BRY-L-0016285	Sam Shushan	sl-3723	NA	Colorado	Summit-Park Counties	39.358333	-106.05	county_not_matched_no_match	county_not_matched	Ca. 5.5 miles north of Alma: east of Hoosier Pass	https://lichenportal.org/portal/collections/individual/index.php?occid=1317309
1317423	BRY	BRY-L-0016398	Larry P. Gough	sl-4924, L-897	NA	Colorado	Rich	41.793611	-111.2	county_not_matched_no_match	county_not_matched	Ca. 5 miles NW of Sage Creek Junction	https://lichenportal.org/portal/collections/individual/index.php?occid=1317423
1317438	BRY	BRY-L-0016413	Sam Shushan	sl-1594A	NA	Colorado	Summit-Clear Creek Counties	39.65	-105.85	county_not_matched_no_match	county_not_matched	Arapaho and Roosevelt National Forests: Loveland Pass vicinity, NE of Loveland Pass 20 miles WSW of Idaho Springs.	https://lichenportal.org/portal/collections/individual/index.php?occid=1317438
1343522	BRY	BRY-L-0016784	Sam Shushan	sl-419, L-380	NA	Colorado	Denham	5.75	-40.433333	county_not_matched_no_match	county_not_matched	Rocky Mountain National Park: S of Fall River Pass.	https://lichenportal.org/portal/collections/individual/index.php?occid=1343522
1343528	BRY	BRY-L-0016790	Sam Shushan	sl-1621	NA	Colorado	Summit-Clear Creek Counties	39.65	-105.85	county_not_matched_no_match	county_not_matched	Arapaho and Roosevelt National Forests: Loveland Pass vicinity, NE of Loveland Pass 20 miles WSW of Idaho Springs.	https://lichenportal.org/portal/collections/individual/index.php?occid=1343528
1343723	BRY	BRY-L-0016986	Sam Shushan	sl-1566	NA	Colorado	Summit-Clear Creek Counties	39.65	-105.85	county_not_matched_no_match	county_not_matched	Arapaho and Roosevelt National Forests: Loveland Pass vicinity, NE of Loveland Pass 20 miles WSW of Idaho Springs.	https://lichenportal.org/portal/collections/individual/index.php?occid=1343723
1350664	BRY	BRY-L-0017330	Sam Shushan	sl-3734	NA	Colorado	Summit-Park Counties	39.358333	-106.05	county_not_matched_no_match	county_not_matched	Ca. 5.5 miles north of Alma: east of Hoosier Pass	https://lichenportal.org/portal/collections/individual/index.php?occid=1350664
1351030	BRY	BRY-L-0017569	Sam Shushan	sl-1574	NA	Colorado	Summit-Clear Creek	39.65	-105.85	county_not_matched_no_match	county_not_matched	Arapaho and Roosevelt National Forests: Loveland Pass vicinity, NE of Loveland Pass 20 miles WSW of Idaho Springs.	https://lichenportal.org/portal/collections/individual/index.php?occid=1351030
1351037	BRY	BRY-L-0017577	Sam Shushan	sl-3735	NA	Colorado	Summit-Park Counties	39.358333	-106.05	county_not_matched_no_match	county_not_matched	Ca. 5.5 miles north of Alma: east of Hoosier Pass	https://lichenportal.org/portal/collections/individual/index.php?occid=1351037
1351053	BRY	BRY-L-0017593	Horace R. Simms	sl-7178, sl-387	NA	Colorado	Lake-Pitkin Counties	39.166667	-106.583333	county_not_matched_no_match	county_not_matched	Independence Pass Summit	https://lichenportal.org/portal/collections/individual/index.php?occid=1351053
1361780	BRY	BRY-L-0018139	Sam Shushan	sl-1577	NA	Colorado	Summit-Clear Creek Counties	39.65	-105.85	county_not_matched_no_match	county_not_matched	Arapaho and Roosevelt National Forests: Loveland Pass vicinity, NE of Loveland Pass 20 miles WSW of Idaho Springs.	https://lichenportal.org/portal/collections/individual/index.php?occid=1361780
1361848	BRY	BRY-L-0018245	Sam Shushan	sl-1618	NA	Colorado	Summit-Clear Creek Counties	39.65	-105.85	county_not_matched_no_match	county_not_matched	Arapaho and Roosevelt National Forests: Loveland Pass vicinity, NE of Loveland Pass 20 miles WSW of Idaho Springs.	https://lichenportal.org/portal/collections/individual/index.php?occid=1361848
1361860	BRY	BRY-L-0018257	Sam Shushan	sl-3736	NA	Colorado	Summit-Park Counties	39.358333	-106.05	county_not_matched_no_match	county_not_matched	Ca. 5.5 miles north of Alma: east of Hoosier Pass	https://lichenportal.org/portal/collections/individual/index.php?occid=1361860
1361953	BRY	BRY-L-0018349	Sam Shushan	sl-1579	NA	Colorado	Summit-Clear Creek Counties	39.65	-105.85	county_not_matched_no_match	county_not_matched	Arapaho and Roosevelt National Forests: Loveland Pass vicinity, NE of Loveland Pass 20 miles WSW of Idaho Springs.	https://lichenportal.org/portal/collections/individual/index.php?occid=1361953
1366184	BRY	BRY-L-0018645	Sam Shushan	sl-1578B	NA	Colorado	Summit-Clear Creek Counties	39.65	-105.85	county_not_matched_no_match	county_not_matched	Arapaho and Roosevelt National Forest: Loveland Pass vicinity, NE of Loveland Pass 20 miles (33 km) WSW of Idaho Springs.	https://lichenportal.org/portal/collections/individual/index.php?occid=1366184
1366185	BRY	BRY-L-0018646	Sam Shushan	sl-1578A	NA	Colorado	Summit-Clear Creek Counties	39.65	-105.85	county_not_matched_no_match	county_not_matched	Arapaho and Roosevelt National Forests: Loveland Pass vicinity, NE of Loveland Pass 20 miles WSW of Idaho Springs.	https://lichenportal.org/portal/collections/individual/index.php?occid=1366185
1370060	BRY	BRY-L-0019246	Sam Shushan	sl-1569	NA	Colorado	Summit-Clear Creek Counties	39.65	-105.85	county_not_matched_no_match	county_not_matched	Arapaho and Roosevelt National Forests: Loveland Pass vicinity, NE of Loveland Pass 20 miles WSW of Idaho Springs.	https://lichenportal.org/portal/collections/individual/index.php?occid=1370060
1370126	BRY	BRY-L-0019309	Sam Shushan	sl-3729	NA	Colorado	Summit-Park Counties	39.358333	-106.05	county_not_matched_no_match	county_not_matched	Pike National Forest: east of Hoosier Pass, 5.5 miles north of Alma	https://lichenportal.org/portal/collections/individual/index.php?occid=1370126
1371585	BRY	BRY-L-0019823	Sam Shushan	sl-1576	NA	Colorado	Summit-Clear Creek Counties	39.65	-105.85	county_not_matched_no_match	county_not_matched	Arapaho and Roosevelt National Forests: Loveland Pass vicinity, NE of Loveland Pass 20 miles WSW of Idaho Springs.	https://lichenportal.org/portal/collections/individual/index.php?occid=1371585
1371595	BRY	BRY-L-0019833	Sam Shushan	sl-3730	NA	Colorado	Summit-Park Counties	39.358333	-106.05	county_not_matched_no_match	county_not_matched	Ca. 5.5 miles north of Alma: east of Hoosier Pass	https://lichenportal.org/portal/collections/individual/index.php?occid=1371595
1423095	BRY	BRY-L-0017806	Larry L. St. Clair	St. Cl-445	NA	Colorado	Emery	39.244722	-110.804167	county_not_matched_no_match	county_not_matched	Buckhorn Reservoir: 0.6 km east of Buckhorn Reservoir and 15 km SE of Cleveland	https://lichenportal.org/portal/collections/individual/index.php?occid=1423095
1773943	BRY	BRY-L-0023963	Larry L. St. Clair	St. Cl-17207	NA	Colorado	Fairfield	40.02654	-107.12708	county_not_matched_no_match	county_not_matched	Robitt National Forest: Bear River Trail, along trail (No. 1120).	https://lichenportal.org/portal/collections/individual/index.php?occid=1773943
