id	institutionCode	catalogNumber	recordedBy	recordNumber	distance_km	state	county	decimalLatitude	decimalLongitude	status	implied_location	locality	record_link
1243240	BRY	BRY-L-0011754	Doyle E. Anderegg	NA	4036.68	Idaho	Latah	46.7	-170.5	outside_boundary_exact	not_found_in_US	Joel vicinity: 6.4 km SE of Joel, Idaho	https://lichenportal.org/portal/collections/individual/index.php?occid=1243240
1770681	BRY	BRY-L-0022235	Larry L. St. Clair	St. Cl-18674	587.36	Idaho	Boise	47.577	-122.034	outside_boundary_exact	Washington, King County	Boise National Forest: Helende Campground, along US Highway 21 along Fayette River.	https://lichenportal.org/portal/collections/individual/index.php?occid=1770681
1771544	BRY	BRY-L-0022233	Larry L. St. Clair	St. Cl-18672	587.36	Idaho	Boise	47.577	-122.034	outside_boundary_exact	Washington, King County	Boise National Forest: Helende Campground, along US Highway 21 along Fayette River.	https://lichenportal.org/portal/collections/individual/index.php?occid=1771544
1772254	BRY	BRY-L-0022237	Larry L. St. Clair	St. Cl-18676	587.36	Idaho	Boise	47.577	-122.034	outside_boundary_exact	Washington, King County	Boise National Forest: Helende Campground, along US Highway 21 along Fayette River.	https://lichenportal.org/portal/collections/individual/index.php?occid=1772254
1774034	BRY	BRY-L-0022234	Larry L. St. Clair	St. Cl-18673	587.36	Idaho	Boise	47.577	-122.034	outside_boundary_exact	Washington, King County	Boise National Forest: Helende Campground, along US Highway 21 along Fayette River.	https://lichenportal.org/portal/collections/individual/index.php?occid=1774034
1774656	BRY	BRY-L-0022236	Larry L. St. Clair	St. Cl-18675	587.36	Idaho	Boise	47.577	-122.034	outside_boundary_exact	Washington, King County	Boise National Forest: Helende Campground, along US Highway 21 along Fayette River.	https://lichenportal.org/portal/collections/individual/index.php?occid=1774656
1570350	BRY	BRY-L-0020935	Larry L. St. Clair	St. Cl-15685	179.23	Idaho	Idaho	43.709317	-113.835183	outside_boundary_exact	Idaho, Custer County	Salmon-Challis National Forest: Smiley Mountain National Recreation Area	https://lichenportal.org/portal/collections/individual/index.php?occid=1570350
1218546	BRY	BRY-L-0010023	Doyle E. Anderegg	245	99.96	Idaho	Latah	45.7	-117.5	outside_boundary_exact	Oregon, Wallowa County	Joel: 4 miles SE of Joel	https://lichenportal.org/portal/collections/individual/index.php?occid=1218546
2581047	BRY	BRY-L-0037473	Larry L. St. Clair	St. Cl-4892	84.82	Idaho	Lemhi	46.429417	-113.630483	outside_boundary_exact	Montana, Granite County	Salmon-Challis National Forest: 1km N of Patterson Creek along USFS Road 010.	https://lichenportal.org/portal/collections/individual/index.php?occid=2581047
2581048	BRY	BRY-L-0037474	Larry L. St. Clair	St. Cl-4893	84.82	Idaho	Lemhi	46.429417	-113.630483	outside_boundary_exact	Montana, Granite County	Salmon-Challis National Forest: 1km N of Patterson Creek along USFS Road 010.	https://lichenportal.org/portal/collections/individual/index.php?occid=2581048
2581049	BRY	BRY-L-0037475	Larry L. St. Clair	St. Cl-4894	84.82	Idaho	Lemhi	46.429417	-113.630483	outside_boundary_exact	Montana, Granite County	Salmon-Challis National Forest: 1km N of Patterson Creek along USFS Road 010.	https://lichenportal.org/portal/collections/individual/index.php?occid=2581049
2581050	BRY	BRY-L-0037476	Larry L. St. Clair	St. Cl-4895	84.82	Idaho	Lemhi	46.429417	-113.630483	outside_boundary_exact	Montana, Granite County	Salmon-Challis National Forest: 1km N of Patterson Creek along USFS Road 010.	https://lichenportal.org/portal/collections/individual/index.php?occid=2581050
2581051	BRY	BRY-L-0037477	Larry L. St. Clair	St. Cl-4896	84.82	Idaho	Lemhi	46.429417	-113.630483	outside_boundary_exact	Montana, Granite County	Salmon-Challis National Forest: 1km N of Patterson Creek along USFS Road 010.	https://lichenportal.org/portal/collections/individual/index.php?occid=2581051
2581052	BRY	BRY-L-0037478	Larry L. St. Clair	St. Cl-4897	84.82	Idaho	Lemhi	46.429417	-113.630483	outside_boundary_exact	Montana, Granite County	Salmon-Challis National Forest: 1km N of Patterson Creek along USFS Road 010.	https://lichenportal.org/portal/collections/individual/index.php?occid=2581052
2581053	BRY	BRY-L-0037479	Larry L. St. Clair	St. Cl-4898	84.82	Idaho	Lemhi	46.429417	-113.630483	outside_boundary_exact	Montana, Granite County	Salmon-Challis National Forest: 1km N of Patterson Creek along USFS Road 010.	https://lichenportal.org/portal/collections/individual/index.php?occid=2581053
2581054	BRY	BRY-L-0037480	Larry L. St. Clair	St. Cl-4899	84.82	Idaho	Lemhi	46.429417	-113.630483	outside_boundary_exact	Montana, Granite County	Salmon-Challis National Forest: 1km N of Patterson Creek along USFS Road 010.	https://lichenportal.org/portal/collections/individual/index.php?occid=2581054
2581055	BRY	BRY-L-0037481	Larry L. St. Clair	St. Cl-4900	84.82	Idaho	Lemhi	46.429417	-113.630483	outside_boundary_exact	Montana, Granite County	Salmon-Challis National Forest: 1km N of Patterson Creek along USFS Road 010.	https://lichenportal.org/portal/collections/individual/index.php?occid=2581055
2581056	BRY	BRY-L-0037482	Larry L. St. Clair	St. Cl-4901	84.82	Idaho	Lemhi	46.429417	-113.630483	outside_boundary_exact	Montana, Granite County	Salmon-Challis National Forest: 1km N of Patterson Creek along USFS Road 010.	https://lichenportal.org/portal/collections/individual/index.php?occid=2581056
2581057	BRY	BRY-L-0037483	Larry L. St. Clair	St. Cl-4902	84.82	Idaho	Lemhi	46.429417	-113.630483	outside_boundary_exact	Montana, Granite County	Salmon-Challis National Forest: 1km N of Patterson Creek along USFS Road 010.	https://lichenportal.org/portal/collections/individual/index.php?occid=2581057
2581058	BRY	BRY-L-0037484	Larry L. St. Clair	St. Cl-4903	84.82	Idaho	Lemhi	46.429417	-113.630483	outside_boundary_exact	Montana, Granite County	Salmon-Challis National Forest: 1km N of Patterson Creek along USFS Road 010.	https://lichenportal.org/portal/collections/individual/index.php?occid=2581058
2581059	BRY	BRY-L-0037485	Larry L. St. Clair	St. Cl-4904	84.82	Idaho	Lemhi	46.429417	-113.630483	outside_boundary_exact	Montana, Granite County	Salmon-Challis National Forest: 1km N of Patterson Creek along USFS Road 010.	https://lichenportal.org/portal/collections/individual/index.php?occid=2581059
2581060	BRY	BRY-L-0037486	Larry L. St. Clair	St. Cl-4905	84.82	Idaho	Lemhi	46.429417	-113.630483	outside_boundary_exact	Montana, Granite County	Salmon-Challis National Forest: 1km N of Patterson Creek along USFS Road 010.	https://lichenportal.org/portal/collections/individual/index.php?occid=2581060
2581061	BRY	BRY-L-0037487	Larry L. St. Clair	St. Cl-4906	84.82	Idaho	Lemhi	46.429417	-113.630483	outside_boundary_exact	Montana, Granite County	Salmon-Challis National Forest: 1km N of Patterson Creek along USFS Road 010.	https://lichenportal.org/portal/collections/individual/index.php?occid=2581061
2581062	BRY	BRY-L-0037488	Larry L. St. Clair	St. Cl-4907	84.82	Idaho	Lemhi	46.429417	-113.630483	outside_boundary_exact	Montana, Granite County	Salmon-Challis National Forest: 1km N of Patterson Creek along USFS Road 010.	https://lichenportal.org/portal/collections/individual/index.php?occid=2581062
2581063	BRY	BRY-L-0037489	Larry L. St. Clair	St. Cl-4908	84.82	Idaho	Lemhi	46.429417	-113.630483	outside_boundary_exact	Montana, Granite County	Salmon-Challis National Forest: 1km N of Patterson Creek along USFS Road 010.	https://lichenportal.org/portal/collections/individual/index.php?occid=2581063
2581064	BRY	BRY-L-0037493	Larry L. St. Clair	St. Cl-4912	84.82	Idaho	Lemhi	46.429417	-113.630483	outside_boundary_exact	Montana, Granite County	Salmon-Challis National Forest: 1km N of Patterson Creek along USFS Road 010.	https://lichenportal.org/portal/collections/individual/index.php?occid=2581064
2581065	BRY	BRY-L-0037494	Larry L. St. Clair	St. Cl-4913	84.82	Idaho	Lemhi	46.429417	-113.630483	outside_boundary_exact	Montana, Granite County	Salmon-Challis National Forest: 1km N of Patterson Creek along USFS Road 010.	https://lichenportal.org/portal/collections/individual/index.php?occid=2581065
2581066	BRY	BRY-L-0037495	Larry L. St. Clair	St. Cl-4914	84.82	Idaho	Lemhi	46.429417	-113.630483	outside_boundary_exact	Montana, Granite County	Salmon-Challis National Forest: 1km N of Patterson Creek along USFS Road 010.	https://lichenportal.org/portal/collections/individual/index.php?occid=2581066
2581067	BRY	BRY-L-0037490	Larry L. St. Clair	St. Cl-4909	84.82	Idaho	Lemhi	46.429417	-113.630483	outside_boundary_exact	Montana, Granite County	Salmon-Challis National Forest: 1km N of Patterson Creek along USFS Road 010.	https://lichenportal.org/portal/collections/individual/index.php?occid=2581067
2581068	BRY	BRY-L-0037491	Larry L. St. Clair	St. Cl-4910	84.82	Idaho	Lemhi	46.429417	-113.630483	outside_boundary_exact	Montana, Granite County	Salmon-Challis National Forest: 1km N of Patterson Creek along USFS Road 010.	https://lichenportal.org/portal/collections/individual/index.php?occid=2581068
2581069	BRY	BRY-L-0037492	Larry L. St. Clair	St. Cl-4911	84.82	Idaho	Lemhi	46.429417	-113.630483	outside_boundary_exact	Montana, Granite County	Salmon-Challis National Forest: 1km N of Patterson Creek along USFS Road 010.	https://lichenportal.org/portal/collections/individual/index.php?occid=2581069
2581070	BRY	BRY-L-0037496	Larry L. St. Clair	St. Cl-4915	84.82	Idaho	Lemhi	46.429417	-113.630483	outside_boundary_exact	Montana, Granite County	Salmon-Challis National Forest: 1km N of Patterson Creek along USFS Road 010.	https://lichenportal.org/portal/collections/individual/index.php?occid=2581070
2581071	BRY	BRY-L-0037497	Larry L. St. Clair	St. Cl-4916	84.82	Idaho	Lemhi	46.429417	-113.630483	outside_boundary_exact	Montana, Granite County	Salmon-Challis National Forest: 1km N of Patterson Creek along USFS Road 010.	https://lichenportal.org/portal/collections/individual/index.php?occid=2581071
2581072	BRY	BRY-L-0037498	Larry L. St. Clair	St. Cl-4917	84.82	Idaho	Lemhi	46.429417	-113.630483	outside_boundary_exact	Montana, Granite County	Salmon-Challis National Forest: 1km N of Patterson Creek along USFS Road 010.	https://lichenportal.org/portal/collections/individual/index.php?occid=2581072
2011205	BRY	BRY-L-0032133	Larry L. St. Clair	St. Cl-3312	74.19	Idaho	Lemhi	46.113809	-115.203956	outside_boundary_exact	Idaho, Idaho County	Nez Perce National Forest: Fog Mountain Saddle and USFS Trail 693, Trailhead originates at Big Fog Saddle. GPS from internet map and points to Big Fog Saddle at Trailhead.	https://lichenportal.org/portal/collections/individual/index.php?occid=2011205
2011206	BRY	BRY-L-0032134	Larry L. St. Clair	St. Cl-3314	74.19	Idaho	Lemhi	46.113809	-115.203956	outside_boundary_exact	Idaho, Idaho County	Nez Perce National Forest: Fog Mountain Saddle and USFS Trail 693, Trailhead originates at Big Fog Saddle. GPS from internet map and points to Big Fog Saddle at Trailhead.	https://lichenportal.org/portal/collections/individual/index.php?occid=2011206
2011207	BRY	BRY-L-0032135	Larry L. St. Clair	St. Cl-3315	74.19	Idaho	Lemhi	46.113809	-115.203956	outside_boundary_exact	Idaho, Idaho County	Nez Perce National Forest: Fog Mountain Saddle and USFS Trail 693, Trailhead originates at Big Fog Saddle. GPS from internet map and points to Big Fog Saddle at Trailhead.	https://lichenportal.org/portal/collections/individual/index.php?occid=2011207
2011208	BRY	BRY-L-0032136	Larry L. St. Clair	St. Cl-3316	74.19	Idaho	Lemhi	46.113809	-115.203956	outside_boundary_exact	Idaho, Idaho County	Nez Perce National Forest: Fog Mountain Saddle and USFS Trail 693, Trailhead originates at Big Fog Saddle. GPS from internet map and points to Big Fog Saddle at Trailhead.	https://lichenportal.org/portal/collections/individual/index.php?occid=2011208
2011209	BRY	BRY-L-0032137	Larry L. St. Clair	St. Cl-3317	74.19	Idaho	Lemhi	46.113809	-115.203956	outside_boundary_exact	Idaho, Idaho County	Nez Perce National Forest: Fog Mountain Saddle and USFS Trail 693, Trailhead originates at Big Fog Saddle. GPS from internet map and points to Big Fog Saddle at Trailhead.	https://lichenportal.org/portal/collections/individual/index.php?occid=2011209
2011210	BRY	BRY-L-0032138	Larry L. St. Clair	St. Cl-3318	74.19	Idaho	Lemhi	46.113809	-115.203956	outside_boundary_exact	Idaho, Idaho County	Nez Perce National Forest: Fog Mountain Saddle and USFS Trail 693, Trailhead originates at Big Fog Saddle. GPS from internet map and points to Big Fog Saddle at Trailhead.	https://lichenportal.org/portal/collections/individual/index.php?occid=2011210
2011211	BRY	BRY-L-0032139	Larry L. St. Clair	St. Cl-3319	74.19	Idaho	Lemhi	46.113809	-115.203956	outside_boundary_exact	Idaho, Idaho County	Nez Perce National Forest: Fog Mountain Saddle and USFS Trail 693, Trailhead originates at Big Fog Saddle. GPS from internet map and points to Big Fog Saddle at Trailhead.	https://lichenportal.org/portal/collections/individual/index.php?occid=2011211
2011212	BRY	BRY-L-0032140	Larry L. St. Clair	St. Cl-3320	74.19	Idaho	Lemhi	46.113809	-115.203956	outside_boundary_exact	Idaho, Idaho County	Nez Perce National Forest: Fog Mountain Saddle and USFS Trail 693, Trailhead originates at Big Fog Saddle. GPS from internet map and points to Big Fog Saddle at Trailhead.	https://lichenportal.org/portal/collections/individual/index.php?occid=2011212
1832245	BRY	BRY-L-0023738	Larry L. St. Clair	St. Cl-18685	59.71	Idaho	Custer	44.095767	-115.9658	outside_boundary_exact	Idaho, Boise County	Sawtooth National Forest: Sawtooth Wilderness Area, Red Fish Lake Creek vicinity, along USFS trail No. 101 at junction of trails 101 and 154, near large granite boulder.	https://lichenportal.org/portal/collections/individual/index.php?occid=1832245
2011661	BRY	BRY-L-0032590	Larry L. St. Clair	St. Cl-4868	52.33	Idaho	Lemhi	44.107033	-114.52015	outside_boundary_exact	Idaho, Custer County	Salmon National Forest: Cobalt Ranger District, N 1.5 miles along Yellow Jacket Creek below Yellow Jacket Mine (0.5 miles N past 2nd bridge in narrow canyon site along the creek).	https://lichenportal.org/portal/collections/individual/index.php?occid=2011661
2011662	BRY	BRY-L-0032591	Larry L. St. Clair	St. Cl-4870	52.33	Idaho	Lemhi	44.107033	-114.52015	outside_boundary_exact	Idaho, Custer County	Salmon National Forest: Cobalt Ranger District, N 1.5 miles along Yellow Jacket Creek below Yellow Jacket Mine (0.5 miles N past 2nd bridge in narrow canyon site along the creek).	https://lichenportal.org/portal/collections/individual/index.php?occid=2011662
2011664	BRY	BRY-L-0032593	Larry L. St. Clair	St. Cl-4872	52.33	Idaho	Lemhi	44.107033	-114.52015	outside_boundary_exact	Idaho, Custer County	Salmon National Forest: Cobalt Ranger District, N 1.5 miles along Yellow Jacket Creek below Yellow Jacket Mine (0.5 miles N past 2nd bridge in narrow canyon site along the creek).	https://lichenportal.org/portal/collections/individual/index.php?occid=2011664
2011665	BRY	BRY-L-0032594	Larry L. St. Clair	St. Cl-4873	52.33	Idaho	Lemhi	44.107033	-114.52015	outside_boundary_exact	Idaho, Custer County	Salmon National Forest: Cobalt Ranger District, N 1.5 miles along Yellow Jacket Creek below Yellow Jacket Mine (0.5 miles N past 2nd bridge in narrow canyon site along the creek).	https://lichenportal.org/portal/collections/individual/index.php?occid=2011665
2011666	BRY	BRY-L-0032595	Larry L. St. Clair	St. Cl-4874	52.33	Idaho	Lemhi	44.107033	-114.52015	outside_boundary_exact	Idaho, Custer County	Salmon National Forest: Cobalt Ranger District, N 1.5 miles along Yellow Jacket Creek below Yellow Jacket Mine (0.5 miles N past 2nd bridge in narrow canyon site along the creek).	https://lichenportal.org/portal/collections/individual/index.php?occid=2011666
2011667	BRY	BRY-L-0032596	Larry L. St. Clair	St. Cl-4875	52.33	Idaho	Lemhi	44.107033	-114.52015	outside_boundary_exact	Idaho, Custer County	Salmon National Forest: Cobalt Ranger District, N 1.5 miles along Yellow Jacket Creek below Yellow Jacket Mine (0.5 miles N past 2nd bridge in narrow canyon site along the creek).	https://lichenportal.org/portal/collections/individual/index.php?occid=2011667
2011668	BRY	BRY-L-0032597	Larry L. St. Clair	St. Cl-4876	52.33	Idaho	Lemhi	44.107033	-114.52015	outside_boundary_exact	Idaho, Custer County	Salmon National Forest: Cobalt Ranger District, N 1.5 miles along Yellow Jacket Creek below Yellow Jacket Mine (0.5 miles N past 2nd bridge in narrow canyon site along the creek).	https://lichenportal.org/portal/collections/individual/index.php?occid=2011668
2011669	BRY	BRY-L-0032598	Larry L. St. Clair	St. Cl-4878	52.33	Idaho	Lemhi	44.107033	-114.52015	outside_boundary_exact	Idaho, Custer County	Salmon National Forest: Cobalt Ranger District, N 1.5 miles along Yellow Jacket Creek below Yellow Jacket Mine (0.5 miles N past 2nd bridge in narrow canyon site along the creek).	https://lichenportal.org/portal/collections/individual/index.php?occid=2011669
2011670	BRY	BRY-L-0032599	Larry L. St. Clair	St. Cl-4879	52.33	Idaho	Lemhi	44.107033	-114.52015	outside_boundary_exact	Idaho, Custer County	Salmon National Forest: Cobalt Ranger District, N 1.5 miles along Yellow Jacket Creek below Yellow Jacket Mine (0.5 miles N past 2nd bridge in narrow canyon site along the creek).	https://lichenportal.org/portal/collections/individual/index.php?occid=2011670
2011671	BRY	BRY-L-0032600	Larry L. St. Clair	St. Cl-4880	52.33	Idaho	Lemhi	44.107033	-114.52015	outside_boundary_exact	Idaho, Custer County	Salmon National Forest: Cobalt Ranger District, N 1.5 miles along Yellow Jacket Creek below Yellow Jacket Mine (0.5 miles N past 2nd bridge in narrow canyon site along the creek).	https://lichenportal.org/portal/collections/individual/index.php?occid=2011671
2011672	BRY	BRY-L-0032601	Larry L. St. Clair	St. Cl-4881	52.33	Idaho	Lemhi	44.107033	-114.52015	outside_boundary_exact	Idaho, Custer County	Salmon National Forest: Cobalt Ranger District, N 1.5 miles along Yellow Jacket Creek below Yellow Jacket Mine (0.5 miles N past 2nd bridge in narrow canyon site along the creek).	https://lichenportal.org/portal/collections/individual/index.php?occid=2011672
2011673	BRY	BRY-L-0032602	Larry L. St. Clair	St. Cl-4883	52.33	Idaho	Lemhi	44.107033	-114.52015	outside_boundary_exact	Idaho, Custer County	Salmon National Forest: Cobalt Ranger District, N 1.5 miles along Yellow Jacket Creek below Yellow Jacket Mine (0.5 miles N past 2nd bridge in narrow canyon site along the creek).	https://lichenportal.org/portal/collections/individual/index.php?occid=2011673
2011674	BRY	BRY-L-0032603	Larry L. St. Clair	St. Cl-4884	52.33	Idaho	Lemhi	44.107033	-114.52015	outside_boundary_exact	Idaho, Custer County	Salmon National Forest: Cobalt Ranger District, N 1.5 miles along Yellow Jacket Creek below Yellow Jacket Mine (0.5 miles N past 2nd bridge in narrow canyon site along the creek).	https://lichenportal.org/portal/collections/individual/index.php?occid=2011674
2011675	BRY	BRY-L-0032604	Larry L. St. Clair	St. Cl-4885	52.33	Idaho	Lemhi	44.107033	-114.52015	outside_boundary_exact	Idaho, Custer County	Salmon National Forest: Cobalt Ranger District, N 1.5 miles along Yellow Jacket Creek below Yellow Jacket Mine (0.5 miles N past 2nd bridge in narrow canyon site along the creek).	https://lichenportal.org/portal/collections/individual/index.php?occid=2011675
2011676	BRY	BRY-L-0032605	Larry L. St. Clair	St. Cl-4886	52.33	Idaho	Lemhi	44.107033	-114.52015	outside_boundary_exact	Idaho, Custer County	Salmon National Forest: Cobalt Ranger District, N 1.5 miles along Yellow Jacket Creek below Yellow Jacket Mine (0.5 miles N past 2nd bridge in narrow canyon site along the creek).	https://lichenportal.org/portal/collections/individual/index.php?occid=2011676
2011677	BRY	BRY-L-0032606	Larry L. St. Clair	St. Cl-4887	52.33	Idaho	Lemhi	44.107033	-114.52015	outside_boundary_exact	Idaho, Custer County	Salmon National Forest: Cobalt Ranger District, N 1.5 miles along Yellow Jacket Creek below Yellow Jacket Mine (0.5 miles N past 2nd bridge in narrow canyon site along the creek).	https://lichenportal.org/portal/collections/individual/index.php?occid=2011677
2011678	BRY	BRY-L-0032607	Larry L. St. Clair	St. Cl-4888	52.33	Idaho	Lemhi	44.107033	-114.52015	outside_boundary_exact	Idaho, Custer County	Salmon National Forest: Cobalt Ranger District, N 1.5 miles along Yellow Jacket Creek below Yellow Jacket Mine (0.5 miles N past 2nd bridge in narrow canyon site along the creek).	https://lichenportal.org/portal/collections/individual/index.php?occid=2011678
2011679	BRY	BRY-L-0032608	Larry L. St. Clair	St. Cl-4889	52.33	Idaho	Lemhi	44.107033	-114.52015	outside_boundary_exact	Idaho, Custer County	Salmon National Forest: Cobalt Ranger District, N 1.5 miles along Yellow Jacket Creek below Yellow Jacket Mine (0.5 miles N past 2nd bridge in narrow canyon site along the creek).	https://lichenportal.org/portal/collections/individual/index.php?occid=2011679
2011680	BRY	BRY-L-0032609	Larry L. St. Clair	St. Cl-4890	52.33	Idaho	Lemhi	44.107033	-114.52015	outside_boundary_exact	Idaho, Custer County	Salmon National Forest: Cobalt Ranger District, N 1.5 miles along Yellow Jacket Creek below Yellow Jacket Mine (0.5 miles N past 2nd bridge in narrow canyon site along the creek).	https://lichenportal.org/portal/collections/individual/index.php?occid=2011680
2011681	BRY	BRY-L-0032610	Larry L. St. Clair	St. Cl-4891	52.33	Idaho	Lemhi	44.107033	-114.52015	outside_boundary_exact	Idaho, Custer County	Salmon National Forest: Cobalt Ranger District, N 1.5 miles along Yellow Jacket Creek below Yellow Jacket Mine (0.5 miles N past 2nd bridge in narrow canyon site along the creek).	https://lichenportal.org/portal/collections/individual/index.php?occid=2011681
2011682	BRY	BRY-L-0032611	Larry L. St. Clair	St. Cl-4080	52.33	Idaho	Lemhi	44.107033	-114.52015	outside_boundary_exact	Idaho, Custer County	Salmon National Forest: Cobalt Ranger District, N 1.5 miles along Yellow Jacket Creek below Yellow Jacket Mine (0.5 miles N past 2nd bridge in narrow canyon site along the creek).	https://lichenportal.org/portal/collections/individual/index.php?occid=2011682
2011683	BRY	BRY-L-0032612	Larry L. St. Clair	St. Cl-4081	52.33	Idaho	Lemhi	44.107033	-114.52015	outside_boundary_exact	Idaho, Custer County	Salmon National Forest: Cobalt Ranger District, N 1.5 miles along Yellow Jacket Creek below Yellow Jacket Mine (0.5 miles N past 2nd bridge in narrow canyon site along the creek).	https://lichenportal.org/portal/collections/individual/index.php?occid=2011683
2011684	BRY	BRY-L-0032613	Larry L. St. Clair	St. Cl-4082	52.33	Idaho	Lemhi	44.107033	-114.52015	outside_boundary_exact	Idaho, Custer County	Salmon National Forest: Cobalt Ranger District, N 1.5 miles along Yellow Jacket Creek below Yellow Jacket Mine (0.5 miles N past 2nd bridge in narrow canyon site along the creek).	https://lichenportal.org/portal/collections/individual/index.php?occid=2011684
2011685	BRY	BRY-L-0032614	Larry L. St. Clair	St. Cl-4083	52.33	Idaho	Lemhi	44.107033	-114.52015	outside_boundary_exact	Idaho, Custer County	Salmon National Forest: Cobalt Ranger District, N 1.5 miles along Yellow Jacket Creek below Yellow Jacket Mine (0.5 miles N past 2nd bridge in narrow canyon site along the creek).	https://lichenportal.org/portal/collections/individual/index.php?occid=2011685
2011686	BRY	BRY-L-0032615	Larry L. St. Clair	St. Cl-4084	52.33	Idaho	Lemhi	44.107033	-114.52015	outside_boundary_exact	Idaho, Custer County	Salmon National Forest: Cobalt Ranger District, N 1.5 miles along Yellow Jacket Creek below Yellow Jacket Mine (0.5 miles N past 2nd bridge in narrow canyon site along the creek).	https://lichenportal.org/portal/collections/individual/index.php?occid=2011686
2011687	BRY	BRY-L-0032616	Larry L. St. Clair	St. Cl-4085	52.33	Idaho	Lemhi	44.107033	-114.52015	outside_boundary_exact	Idaho, Custer County	Salmon National Forest: Cobalt Ranger District, N 1.5 miles along Yellow Jacket Creek below Yellow Jacket Mine (0.5 miles N past 2nd bridge in narrow canyon site along the creek).	https://lichenportal.org/portal/collections/individual/index.php?occid=2011687
2011688	BRY	BRY-L-0032617	Larry L. St. Clair	St. Cl-4086	52.33	Idaho	Lemhi	44.107033	-114.52015	outside_boundary_exact	Idaho, Custer County	Salmon National Forest: Cobalt Ranger District, N 1.5 miles along Yellow Jacket Creek below Yellow Jacket Mine (0.5 miles N past 2nd bridge in narrow canyon site along the creek).	https://lichenportal.org/portal/collections/individual/index.php?occid=2011688
2011689	BRY	BRY-L-0032618	Larry L. St. Clair	St. Cl-4087	52.33	Idaho	Lemhi	44.107033	-114.52015	outside_boundary_exact	Idaho, Custer County	Salmon National Forest: Cobalt Ranger District, N 1.5 miles along Yellow Jacket Creek below Yellow Jacket Mine (0.5 miles N past 2nd bridge in narrow canyon site along the creek).	https://lichenportal.org/portal/collections/individual/index.php?occid=2011689
2011690	BRY	BRY-L-0032619	Larry L. St. Clair	St. Cl-4088	52.33	Idaho	Lemhi	44.107033	-114.52015	outside_boundary_exact	Idaho, Custer County	Salmon National Forest: Cobalt Ranger District, N 1.5 miles along Yellow Jacket Creek below Yellow Jacket Mine (0.5 miles N past 2nd bridge in narrow canyon site along the creek).	https://lichenportal.org/portal/collections/individual/index.php?occid=2011690
2011691	BRY	BRY-L-0032620	Larry L. St. Clair	St. Cl-4089	52.33	Idaho	Lemhi	44.107033	-114.52015	outside_boundary_exact	Idaho, Custer County	Salmon National Forest: Cobalt Ranger District, N 1.5 miles along Yellow Jacket Creek below Yellow Jacket Mine (0.5 miles N past 2nd bridge in narrow canyon site along the creek).	https://lichenportal.org/portal/collections/individual/index.php?occid=2011691
2011693	BRY	BRY-L-0032622	Larry L. St. Clair	St. Cl-4093	52.33	Idaho	Lemhi	44.107033	-114.52015	outside_boundary_exact	Idaho, Custer County	Salmon National Forest: Cobalt Ranger District, N 1.5 miles along Yellow Jacket Creek below Yellow Jacket Mine (0.5 miles N past 2nd bridge in narrow canyon site along the creek).	https://lichenportal.org/portal/collections/individual/index.php?occid=2011693
2011694	BRY	BRY-L-0032623	Larry L. St. Clair	St. Cl-4094	52.33	Idaho	Lemhi	44.107033	-114.52015	outside_boundary_exact	Idaho, Custer County	Salmon National Forest: Cobalt Ranger District, N 1.5 miles along Yellow Jacket Creek below Yellow Jacket Mine (0.5 miles N past 2nd bridge in narrow canyon site along the creek).	https://lichenportal.org/portal/collections/individual/index.php?occid=2011694
2011695	BRY	BRY-L-0032624	Larry L. St. Clair	St. Cl-4784	52.33	Idaho	Lemhi	44.107033	-114.52015	outside_boundary_exact	Idaho, Custer County	Salmon National Forest: Cobalt Ranger District, N 1.5 miles along Yellow Jacket Creek below Yellow Jacket Mine (0.5 miles N past 2nd bridge in narrow canyon site along the creek).	https://lichenportal.org/portal/collections/individual/index.php?occid=2011695
2011696	BRY	BRY-L-0032625	Larry L. St. Clair	St. Cl-4785	52.33	Idaho	Lemhi	44.107033	-114.52015	outside_boundary_exact	Idaho, Custer County	Salmon National Forest: Cobalt Ranger District, N 1.5 miles along Yellow Jacket Creek below Yellow Jacket Mine (0.5 miles N past 2nd bridge in narrow canyon site along the creek).	https://lichenportal.org/portal/collections/individual/index.php?occid=2011696
2011697	BRY	BRY-L-0032626	Larry L. St. Clair	St. Cl-4786	52.33	Idaho	Lemhi	44.107033	-114.52015	outside_boundary_exact	Idaho, Custer County	Salmon National Forest: Cobalt Ranger District, N 1.5 miles along Yellow Jacket Creek below Yellow Jacket Mine (0.5 miles N past 2nd bridge in narrow canyon site along the creek).	https://lichenportal.org/portal/collections/individual/index.php?occid=2011697
2011698	BRY	BRY-L-0032627	Larry L. St. Clair	St. Cl-4787	52.33	Idaho	Lemhi	44.107033	-114.52015	outside_boundary_exact	Idaho, Custer County	Salmon National Forest: Cobalt Ranger District, N 1.5 miles along Yellow Jacket Creek below Yellow Jacket Mine (0.5 miles N past 2nd bridge in narrow canyon site along the creek).	https://lichenportal.org/portal/collections/individual/index.php?occid=2011698
2011699	BRY	BRY-L-0032628	Larry L. St. Clair	St. Cl-4788	52.33	Idaho	Lemhi	44.107033	-114.52015	outside_boundary_exact	Idaho, Custer County	Salmon National Forest: Cobalt Ranger District, N 1.5 miles along Yellow Jacket Creek below Yellow Jacket Mine (0.5 miles N past 2nd bridge in narrow canyon site along the creek).	https://lichenportal.org/portal/collections/individual/index.php?occid=2011699
2011700	BRY	BRY-L-0032629	Larry L. St. Clair	St. Cl-4789	52.33	Idaho	Lemhi	44.107033	-114.52015	outside_boundary_exact	Idaho, Custer County	Salmon National Forest: Cobalt Ranger District, N 1.5 miles along Yellow Jacket Creek below Yellow Jacket Mine (0.5 miles N past 2nd bridge in narrow canyon site along the creek).	https://lichenportal.org/portal/collections/individual/index.php?occid=2011700
2011701	BRY	BRY-L-0032630	Larry L. St. Clair	St. Cl-4790	52.33	Idaho	Lemhi	44.107033	-114.52015	outside_boundary_exact	Idaho, Custer County	Salmon National Forest: Cobalt Ranger District, N 1.5 miles along Yellow Jacket Creek below Yellow Jacket Mine (0.5 miles N past 2nd bridge in narrow canyon site along the creek).	https://lichenportal.org/portal/collections/individual/index.php?occid=2011701
2011702	BRY	BRY-L-0032631	Larry L. St. Clair	St. Cl-4791	52.33	Idaho	Lemhi	44.107033	-114.52015	outside_boundary_exact	Idaho, Custer County	Salmon National Forest: Cobalt Ranger District, N 1.5 miles along Yellow Jacket Creek below Yellow Jacket Mine (0.5 miles N past 2nd bridge in narrow canyon site along the creek).	https://lichenportal.org/portal/collections/individual/index.php?occid=2011702
2011703	BRY	BRY-L-0032632	Larry L. St. Clair	St. Cl-4792	52.33	Idaho	Lemhi	44.107033	-114.52015	outside_boundary_exact	Idaho, Custer County	Salmon National Forest: Cobalt Ranger District, N 1.5 miles along Yellow Jacket Creek below Yellow Jacket Mine (0.5 miles N past 2nd bridge in narrow canyon site along the creek).	https://lichenportal.org/portal/collections/individual/index.php?occid=2011703
2011705	BRY	BRY-L-0032634	Larry L. St. Clair	St. Cl-4794	52.33	Idaho	Lemhi	44.107033	-114.52015	outside_boundary_exact	Idaho, Custer County	Salmon National Forest: Cobalt Ranger District, N 1.5 miles along Yellow Jacket Creek below Yellow Jacket Mine (0.5 miles N past 2nd bridge in narrow canyon site along the creek).	https://lichenportal.org/portal/collections/individual/index.php?occid=2011705
2011706	BRY	BRY-L-0032635	Larry L. St. Clair	St. Cl-4795	52.33	Idaho	Lemhi	44.107033	-114.52015	outside_boundary_exact	Idaho, Custer County	Salmon National Forest: Cobalt Ranger District, N 1.5 miles along Yellow Jacket Creek below Yellow Jacket Mine (0.5 miles N past 2nd bridge in narrow canyon site along the creek).	https://lichenportal.org/portal/collections/individual/index.php?occid=2011706
2011707	BRY	BRY-L-0032636	Larry L. St. Clair	St. Cl-4796	52.33	Idaho	Lemhi	44.107033	-114.52015	outside_boundary_exact	Idaho, Custer County	Salmon National Forest: Cobalt Ranger District, N 1.5 miles along Yellow Jacket Creek below Yellow Jacket Mine (0.5 miles N past 2nd bridge in narrow canyon site along the creek).	https://lichenportal.org/portal/collections/individual/index.php?occid=2011707
2011708	BRY	BRY-L-0032637	Larry L. St. Clair	St. Cl-4797	52.33	Idaho	Lemhi	44.107033	-114.52015	outside_boundary_exact	Idaho, Custer County	Salmon National Forest: Cobalt Ranger District, N 1.5 miles along Yellow Jacket Creek below Yellow Jacket Mine (0.5 miles N past 2nd bridge in narrow canyon site along the creek).	https://lichenportal.org/portal/collections/individual/index.php?occid=2011708
2011709	BRY	BRY-L-0032638	Larry L. St. Clair	St. Cl-4798	52.33	Idaho	Lemhi	44.107033	-114.52015	outside_boundary_exact	Idaho, Custer County	Salmon National Forest: Cobalt Ranger District, N 1.5 miles along Yellow Jacket Creek below Yellow Jacket Mine (0.5 miles N past 2nd bridge in narrow canyon site along the creek).	https://lichenportal.org/portal/collections/individual/index.php?occid=2011709
2011710	BRY	BRY-L-0032639	Larry L. St. Clair	St. Cl-4799	52.33	Idaho	Lemhi	44.107033	-114.52015	outside_boundary_exact	Idaho, Custer County	Salmon National Forest: Cobalt Ranger District, N 1.5 miles along Yellow Jacket Creek below Yellow Jacket Mine (0.5 miles N past 2nd bridge in narrow canyon site along the creek).	https://lichenportal.org/portal/collections/individual/index.php?occid=2011710
2011711	BRY	BRY-L-0032640	Larry L. St. Clair	St. Cl-4800	52.33	Idaho	Lemhi	44.107033	-114.52015	outside_boundary_exact	Idaho, Custer County	Salmon National Forest: Cobalt Ranger District, N 1.5 miles along Yellow Jacket Creek below Yellow Jacket Mine (0.5 miles N past 2nd bridge in narrow canyon site along the creek).	https://lichenportal.org/portal/collections/individual/index.php?occid=2011711
2011733	BRY	BRY-L-0032662	Larry L. St. Clair	St. Cl-4375	41.42	Idaho	Idaho	45.609504	-113.975263	outside_boundary_exact	Idaho, Lemhi County	Salmon National Forest: North Fork Ranger District, Twin Creek Campground. GPS from internet and points to Twin Creek Campground.	https://lichenportal.org/portal/collections/individual/index.php?occid=2011733
2011734	BRY	BRY-L-0032663	Larry L. St. Clair	St. Cl-4376	41.42	Idaho	Idaho	45.609504	-113.975263	outside_boundary_exact	Idaho, Lemhi County	Salmon National Forest: North Fork Ranger District, Twin Creek Campground. GPS from internet and points to Twin Creek Campground.	https://lichenportal.org/portal/collections/individual/index.php?occid=2011734
2011735	BRY	BRY-L-0032664	Larry L. St. Clair	St. Cl-4562	41.42	Idaho	Idaho	45.609504	-113.975263	outside_boundary_exact	Idaho, Lemhi County	Salmon National Forest: North Fork Ranger District, Twin Creek Campground. GPS from internet and points to Twin Creek Campground.	https://lichenportal.org/portal/collections/individual/index.php?occid=2011735
2011736	BRY	BRY-L-0032665	Larry L. St. Clair	St. Cl-4563	41.42	Idaho	Idaho	45.609504	-113.975263	outside_boundary_exact	Idaho, Lemhi County	Salmon National Forest: North Fork Ranger District, Twin Creek Campground. GPS from internet and points to Twin Creek Campground.	https://lichenportal.org/portal/collections/individual/index.php?occid=2011736
2011737	BRY	BRY-L-0032666	Larry L. St. Clair	St. Cl-4564	41.42	Idaho	Idaho	45.609504	-113.975263	outside_boundary_exact	Idaho, Lemhi County	Salmon National Forest: North Fork Ranger District, Twin Creek Campground. GPS from internet and points to Twin Creek Campground.	https://lichenportal.org/portal/collections/individual/index.php?occid=2011737
1367526	BRY	BRY-L-0019166	Doyle E. Anderegg	18748, 104708	35.32	Idaho	Latah	46.7	-117.5	outside_boundary_exact	Washington, Whitman County	Joel vicinity: 6.4 km SE of Joel, Idaho	https://lichenportal.org/portal/collections/individual/index.php?occid=1367526
1832462	BRY	BRY-L-0028590	Larry L. St. Clair	St. Cl-13001	2.76	Idaho	Custer County	43.931944	-115.014722	outside_boundary_exact	Idaho, Elmore County	Sawtooth Wilderness Area: North Alpine Basin.	https://lichenportal.org/portal/collections/individual/index.php?occid=1832462
1832501	BRY	BRY-L-0028587	Larry L. St. Clair	St. Cl-12990	2.76	Idaho	Custer County	43.931944	-115.014722	outside_boundary_exact	Idaho, Elmore County	Sawtooth Wilderness Area: North Alpine Basin, at lake's edge.	https://lichenportal.org/portal/collections/individual/index.php?occid=1832501
1832522	BRY	BRY-L-0028589	Larry L. St. Clair	St. Cl-13000A	2.76	Idaho	Custer County	43.931944	-115.014722	outside_boundary_exact	Idaho, Elmore County	Sawtooth Wilderness Area: North Alpine Basin, at lake's edge.	https://lichenportal.org/portal/collections/individual/index.php?occid=1832522
1833364	BRY	BRY-L-0028588	Larry L. St. Clair	St. Cl-12996	2.76	Idaho	Custer County	43.931944	-115.014722	outside_boundary_exact	Idaho, Elmore County	Sawtooth Wilderness Area: North Alpine Basin.	https://lichenportal.org/portal/collections/individual/index.php?occid=1833364
1833464	BRY	BRY-L-0028595	Larry L. St. Clair	St. Cl-13008	2.76	Idaho	Custer County	43.931944	-115.014722	outside_boundary_exact	Idaho, Elmore County	Sawtooth Wilderness Area: North Alpine Basin.	https://lichenportal.org/portal/collections/individual/index.php?occid=1833464
1833476	BRY	BRY-L-0028598	Larry L. St. Clair	St. Cl-13019	2.76	Idaho	Custer County	43.931944	-115.014722	outside_boundary_exact	Idaho, Elmore County	Sawtooth Wilderness Area: North Alpine Basin.	https://lichenportal.org/portal/collections/individual/index.php?occid=1833476
1833539	BRY	BRY-L-0028593	Larry L. St. Clair	St. Cl-13004	2.76	Idaho	Custer County	43.931944	-115.014722	outside_boundary_exact	Idaho, Elmore County	Sawtooth Wilderness Area: North Alpine Basin.	https://lichenportal.org/portal/collections/individual/index.php?occid=1833539
1833570	BRY	BRY-L-0028591	Larry L. St. Clair	St. Cl-13002	2.76	Idaho	Custer County	43.931944	-115.014722	outside_boundary_exact	Idaho, Elmore County	Sawtooth Wilderness Area: North Alpine Basin.	https://lichenportal.org/portal/collections/individual/index.php?occid=1833570
1833587	BRY	BRY-L-0028594	Larry L. St. Clair	St. Cl-13005	2.76	Idaho	Custer County	43.931944	-115.014722	outside_boundary_exact	Idaho, Elmore County	Sawtooth Wilderness Area: North Alpine Basin.	https://lichenportal.org/portal/collections/individual/index.php?occid=1833587
1833689	BRY	BRY-L-0028592	Larry L. St. Clair	St. Cl-13003	2.76	Idaho	Custer County	43.931944	-115.014722	outside_boundary_exact	Idaho, Elmore County	Sawtooth Wilderness Area: North Alpine Basin.	https://lichenportal.org/portal/collections/individual/index.php?occid=1833689
1833847	BRY	BRY-L-0028599	Larry L. St. Clair	St. Cl-13020	2.76	Idaho	Custer County	43.931944	-115.014722	outside_boundary_exact	Idaho, Elmore County	Sawtooth Wilderness Area: North Alpine Basin.	https://lichenportal.org/portal/collections/individual/index.php?occid=1833847
1833861	BRY	BRY-L-0028596	Larry L. St. Clair	St. Cl-13011	2.76	Idaho	Custer County	43.931944	-115.014722	outside_boundary_exact	Idaho, Elmore County	Sawtooth Wilderness Area: North Alpine Basin.	https://lichenportal.org/portal/collections/individual/index.php?occid=1833861
1833870	BRY	BRY-L-0028597	Larry L. St. Clair	St. Cl-13015	2.76	Idaho	Custer County	43.931944	-115.014722	outside_boundary_exact	Idaho, Elmore County	Sawtooth Wilderness Area: North Alpine Basin.	https://lichenportal.org/portal/collections/individual/index.php?occid=1833870
1789562	BRY	BRY-L-0027317	Larry L. St. Clair	St. Cl-13100	2.62	Idaho	Custer County	43.931111	-115.010833	outside_boundary_exact	Idaho, Elmore County	Sawtooth Wilderness Area: In the pass between North Alpine and Flytrip Basins.	https://lichenportal.org/portal/collections/individual/index.php?occid=1789562
1789563	BRY	BRY-L-0027318	Larry L. St. Clair	St. Cl-13101	2.62	Idaho	Custer County	43.931111	-115.010833	outside_boundary_exact	Idaho, Elmore County	Sawtooth Wilderness Area: In the pass between North Alpine and Flytrip Basins.	https://lichenportal.org/portal/collections/individual/index.php?occid=1789563
1789564	BRY	BRY-L-0027319	Larry L. St. Clair	St. Cl-12976	2.62	Idaho	Custer County	43.931111	-115.010833	outside_boundary_exact	Idaho, Elmore County	Sawtooth Wilderness Area: In the pass between North Alpine and Flytrip Basins.	https://lichenportal.org/portal/collections/individual/index.php?occid=1789564
1789565	BRY	BRY-L-0027320	Larry L. St. Clair	St. Cl-13102	2.62	Idaho	Custer County	43.931111	-115.010833	outside_boundary_exact	Idaho, Elmore County	Sawtooth Wilderness Area: In the pass between North Alpine and Flytrip Basins.	https://lichenportal.org/portal/collections/individual/index.php?occid=1789565
1789566	BRY	BRY-L-0027321	Larry L. St. Clair	St. Cl-12978	2.62	Idaho	Custer County	43.931111	-115.010833	outside_boundary_exact	Idaho, Elmore County	Sawtooth Wilderness Area: In the pass between North Alpine and Flytrip Basins.	https://lichenportal.org/portal/collections/individual/index.php?occid=1789566
1789567	BRY	BRY-L-0027322	Larry L. St. Clair	St. Cl-12980	2.62	Idaho	Custer County	43.931111	-115.010833	outside_boundary_exact	Idaho, Elmore County	Sawtooth Wilderness Area: In the pass between North Alpine and Flytrip Basins.	https://lichenportal.org/portal/collections/individual/index.php?occid=1789567
1789568	BRY	BRY-L-0027323	Larry L. St. Clair	St. Cl-12498	2.62	Idaho	Custer County	43.931111	-115.010833	outside_boundary_exact	Idaho, Elmore County	Sawtooth Wilderness Area: In the pass between North Alpine and Flytrip Basins.	https://lichenportal.org/portal/collections/individual/index.php?occid=1789568
1789569	BRY	BRY-L-0027324	Larry L. St. Clair	St. Cl-12977	2.62	Idaho	Custer County	43.931111	-115.010833	outside_boundary_exact	Idaho, Elmore County	Sawtooth Wilderness Area: In the pass between North Alpine and Flytrip Basins.	https://lichenportal.org/portal/collections/individual/index.php?occid=1789569
1789570	BRY	BRY-L-0027325	Larry L. St. Clair	St. Cl-12982	2.62	Idaho	Custer County	43.931111	-115.010833	outside_boundary_exact	Idaho, Elmore County	Sawtooth Wilderness Area: In the pass between North Alpine and Flytrip Basins.	https://lichenportal.org/portal/collections/individual/index.php?occid=1789570
1789571	BRY	BRY-L-0027326	Larry L. St. Clair	St. Cl-12983	2.62	Idaho	Custer County	43.931111	-115.010833	outside_boundary_exact	Idaho, Elmore County	Sawtooth Wilderness Area: In the pass between North Alpine and Flytrip Basins.	https://lichenportal.org/portal/collections/individual/index.php?occid=1789571
1789572	BRY	BRY-L-0027327	Larry L. St. Clair	St. Cl-12985	2.62	Idaho	Custer County	43.931111	-115.010833	outside_boundary_exact	Idaho, Elmore County	Sawtooth Wilderness Area: In the pass between North Alpine and Flytrip Basins.	https://lichenportal.org/portal/collections/individual/index.php?occid=1789572
1789573	BRY	BRY-L-0027328	Larry L. St. Clair	St. Cl-12991	2.62	Idaho	Custer County	43.931111	-115.010833	outside_boundary_exact	Idaho, Elmore County	Sawtooth Wilderness Area: In the pass between North Alpine and Flytrip Basins.	https://lichenportal.org/portal/collections/individual/index.php?occid=1789573
1789574	BRY	BRY-L-0027329	Larry L. St. Clair	St. Cl-12994	2.62	Idaho	Custer County	43.931111	-115.010833	outside_boundary_exact	Idaho, Elmore County	Sawtooth Wilderness Area: In the pass between North Alpine and Flytrip Basins.	https://lichenportal.org/portal/collections/individual/index.php?occid=1789574
1789575	BRY	BRY-L-0027330	Larry L. St. Clair	St. Cl-12988	2.62	Idaho	Custer County	43.931111	-115.010833	outside_boundary_exact	Idaho, Elmore County	Sawtooth Wilderness Area: In the pass between North Alpine and Flytrip Basins.	https://lichenportal.org/portal/collections/individual/index.php?occid=1789575
1789576	BRY	BRY-L-0027331	Larry L. St. Clair	St. Cl-12987	2.62	Idaho	Custer County	43.931111	-115.010833	outside_boundary_exact	Idaho, Elmore County	Sawtooth Wilderness Area: In the pass between North Alpine and Flytrip Basins.	https://lichenportal.org/portal/collections/individual/index.php?occid=1789576
1789577	BRY	BRY-L-0027332	Larry L. St. Clair	St. Cl-12993	2.62	Idaho	Custer County	43.931111	-115.010833	outside_boundary_exact	Idaho, Elmore County	Sawtooth Wilderness Area: In the pass between North Alpine and Flytrip Basins.	https://lichenportal.org/portal/collections/individual/index.php?occid=1789577
1789578	BRY	BRY-L-0027333	Larry L. St. Clair	St. Cl-12995	2.62	Idaho	Custer County	43.931111	-115.010833	outside_boundary_exact	Idaho, Elmore County	Sawtooth Wilderness Area: In the pass between North Alpine and Flytrip Basins.	https://lichenportal.org/portal/collections/individual/index.php?occid=1789578
1789579	BRY	BRY-L-0027334	Larry L. St. Clair	St. Cl-12989	2.62	Idaho	Custer County	43.931111	-115.010833	outside_boundary_exact	Idaho, Elmore County	Sawtooth Wilderness Area: In the pass between North Alpine and Flytrip Basins.	https://lichenportal.org/portal/collections/individual/index.php?occid=1789579
1789580	BRY	BRY-L-0027335	Larry L. St. Clair	St. Cl-13000B	2.62	Idaho	Custer County	43.931111	-115.010833	outside_boundary_exact	Idaho, Elmore County	Sawtooth Wilderness Area: In the pass between North Alpine and Flytrip Basins.	https://lichenportal.org/portal/collections/individual/index.php?occid=1789580
1789581	BRY	BRY-L-0027336	Larry L. St. Clair	St. Cl-12997	2.62	Idaho	Custer County	43.931111	-115.010833	outside_boundary_exact	Idaho, Elmore County	Sawtooth Wilderness Area: In the pass between North Alpine and Flytrip Basins.	https://lichenportal.org/portal/collections/individual/index.php?occid=1789581
1789582	BRY	BRY-L-0027337	Larry L. St. Clair	St. Cl-12999	2.62	Idaho	Custer County	43.931111	-115.010833	outside_boundary_exact	Idaho, Elmore County	Sawtooth Wilderness Area: In the pass between North Alpine and Flytrip Basins.	https://lichenportal.org/portal/collections/individual/index.php?occid=1789582
1789583	BRY	BRY-L-0027338	Larry L. St. Clair	St. Cl-12979	2.62	Idaho	Custer County	43.931111	-115.010833	outside_boundary_exact	Idaho, Elmore County	Sawtooth Wilderness Area: In the pass between North Alpine and Flytrip Basins.	https://lichenportal.org/portal/collections/individual/index.php?occid=1789583
1789584	BRY	BRY-L-0027339	Larry L. St. Clair	St. Cl-13006	2.62	Idaho	Custer County	43.931111	-115.010833	outside_boundary_exact	Idaho, Elmore County	Sawtooth Wilderness Area: In the pass between North Alpine and Flytrip Basins.	https://lichenportal.org/portal/collections/individual/index.php?occid=1789584
1789585	BRY	BRY-L-0027340	Larry L. St. Clair	St. Cl-13007	2.62	Idaho	Custer County	43.931111	-115.010833	outside_boundary_exact	Idaho, Elmore County	Sawtooth Wilderness Area: In the pass between North Alpine and Flytrip Basins.	https://lichenportal.org/portal/collections/individual/index.php?occid=1789585
1789586	BRY	BRY-L-0027341	Larry L. St. Clair	St. Cl-13009	2.62	Idaho	Custer County	43.931111	-115.010833	outside_boundary_exact	Idaho, Elmore County	Sawtooth Wilderness Area: In the pass between North Alpine and Flytrip Basins.	https://lichenportal.org/portal/collections/individual/index.php?occid=1789586
1789587	BRY	BRY-L-0027342	Larry L. St. Clair	St. Cl-13010	2.62	Idaho	Custer County	43.931111	-115.010833	outside_boundary_exact	Idaho, Elmore County	Sawtooth Wilderness Area: In the pass between North Alpine and Flytrip Basins.	https://lichenportal.org/portal/collections/individual/index.php?occid=1789587
1789588	BRY	BRY-L-0027343	Larry L. St. Clair	St. Cl-13012	2.62	Idaho	Custer County	43.931111	-115.010833	outside_boundary_exact	Idaho, Elmore County	Sawtooth Wilderness Area: In the pass between North Alpine and Flytrip Basins.	https://lichenportal.org/portal/collections/individual/index.php?occid=1789588
1789589	BRY	BRY-L-0027344	Larry L. St. Clair	St. Cl-12981	2.62	Idaho	Custer County	43.931111	-115.010833	outside_boundary_exact	Idaho, Elmore County	Sawtooth Wilderness Area: In the pass between North Alpine and Flytrip Basins.	https://lichenportal.org/portal/collections/individual/index.php?occid=1789589
1789590	BRY	BRY-L-0027345	Larry L. St. Clair	St. Cl-13099	2.62	Idaho	Custer County	43.931111	-115.010833	outside_boundary_exact	Idaho, Elmore County	Sawtooth Wilderness Area: In the pass between North Alpine and Flytrip Basins.	https://lichenportal.org/portal/collections/individual/index.php?occid=1789590
1789591	BRY	BRY-L-0027347	Larry L. St. Clair	St. Cl-12986	2.62	Idaho	Custer County	43.931111	-115.010833	outside_boundary_exact	Idaho, Elmore County	Sawtooth Wilderness Area: In the pass between North Alpine and Flytrip Basins.	https://lichenportal.org/portal/collections/individual/index.php?occid=1789591
1789592	BRY	BRY-L-0027346	Larry L. St. Clair	St. Cl-12992	2.62	Idaho	Custer County	43.931111	-115.010833	outside_boundary_exact	Idaho, Elmore County	Sawtooth Wilderness Area: In the pass between North Alpine and Flytrip Basins.	https://lichenportal.org/portal/collections/individual/index.php?occid=1789592
1789593	BRY	BRY-L-0027348	Larry L. St. Clair	St. Cl-13013	2.62	Idaho	Custer County	43.931111	-115.010833	outside_boundary_exact	Idaho, Elmore County	Sawtooth Wilderness Area: In the pass between North Alpine and Flytrip Basins.	https://lichenportal.org/portal/collections/individual/index.php?occid=1789593
1789594	BRY	BRY-L-0027349	Larry L. St. Clair	St. Cl-13016	2.62	Idaho	Custer County	43.931111	-115.010833	outside_boundary_exact	Idaho, Elmore County	Sawtooth Wilderness Area: In the pass between North Alpine and Flytrip Basins.	https://lichenportal.org/portal/collections/individual/index.php?occid=1789594
1789595	BRY	BRY-L-0027351	Larry L. St. Clair	St. Cl-13017	2.62	Idaho	Custer County	43.931111	-115.010833	outside_boundary_exact	Idaho, Elmore County	Sawtooth Wilderness Area: In the pass between North Alpine and Flytrip Basins.	https://lichenportal.org/portal/collections/individual/index.php?occid=1789595
1789596	BRY	BRY-L-0027350	Larry L. St. Clair	St. Cl-13014	2.62	Idaho	Custer County	43.931111	-115.010833	outside_boundary_exact	Idaho, Elmore County	Sawtooth Wilderness Area: In the pass between North Alpine and Flytrip Basins.	https://lichenportal.org/portal/collections/individual/index.php?occid=1789596
1789597	BRY	BRY-L-0027352	Larry L. St. Clair	St. Cl-13018	2.62	Idaho	Custer County	43.931111	-115.010833	outside_boundary_exact	Idaho, Elmore County	Sawtooth Wilderness Area: In the pass between North Alpine and Flytrip Basins.	https://lichenportal.org/portal/collections/individual/index.php?occid=1789597
1789598	BRY	BRY-L-0027353	Larry L. St. Clair	St. Cl-13022	2.62	Idaho	Custer County	43.931111	-115.010833	outside_boundary_exact	Idaho, Elmore County	Sawtooth Wilderness Area: In the pass between North Alpine and Flytrip Basins.	https://lichenportal.org/portal/collections/individual/index.php?occid=1789598
1789599	BRY	BRY-L-0027354	Larry L. St. Clair	St. Cl-13021	2.62	Idaho	Custer County	43.931111	-115.010833	outside_boundary_exact	Idaho, Elmore County	Sawtooth Wilderness Area: In the pass between North Alpine and Flytrip Basins.	https://lichenportal.org/portal/collections/individual/index.php?occid=1789599
1789600	BRY	BRY-L-0027355	Larry L. St. Clair	St. Cl-12984	2.62	Idaho	Custer County	43.931111	-115.010833	outside_boundary_exact	Idaho, Elmore County	Sawtooth Wilderness Area: In the pass between North Alpine and Flytrip Basins.	https://lichenportal.org/portal/collections/individual/index.php?occid=1789600
1789601	BRY	BRY-L-0027356	Larry L. St. Clair	St. Cl-13023	2.62	Idaho	Custer County	43.931111	-115.010833	outside_boundary_exact	Idaho, Elmore County	Sawtooth Wilderness Area: In the pass between North Alpine and Flytrip Basins.	https://lichenportal.org/portal/collections/individual/index.php?occid=1789601
1789602	BRY	BRY-L-0027357	Larry L. St. Clair	St. Cl-13024	2.62	Idaho	Custer County	43.931111	-115.010833	outside_boundary_exact	Idaho, Elmore County	Sawtooth Wilderness Area: In the pass between North Alpine and Flytrip Basins.	https://lichenportal.org/portal/collections/individual/index.php?occid=1789602
1789603	BRY	BRY-L-0027358	Larry L. St. Clair	St. Cl-13024	2.62	Idaho	Custer County	43.931111	-115.010833	outside_boundary_exact	Idaho, Elmore County	Sawtooth Wilderness Area: In the pass between North Alpine and Flytrip Basins.	https://lichenportal.org/portal/collections/individual/index.php?occid=1789603
1789604	BRY	BRY-L-0027359	Larry L. St. Clair	St. Cl-13025	2.62	Idaho	Custer County	43.931111	-115.010833	outside_boundary_exact	Idaho, Elmore County	Sawtooth Wilderness Area: In the pass between North Alpine and Flytrip Basins.	https://lichenportal.org/portal/collections/individual/index.php?occid=1789604
1366128	BRY	BRY-L-0018606	Doyle E. Anderegg	104766	2.5	Idaho	Adams	44.833333	-116.166667	outside_boundary_exact	Idaho, Valley County	Payette National Forest	https://lichenportal.org/portal/collections/individual/index.php?occid=1366128
1773628	BRY	BRY-L-0024319	Larry L. St. Clair	St. Cl-18701	0.9	Idaho	Clark	44.2423	-112.955717	outside_boundary_exact	Idaho, Lemhi County	White River National Forest: Meadow Lake turnoff, vicinity of Big Ridge, 3.8 miles north of turnoff to Meadow Lake along USFS Rd. No. 245.	https://lichenportal.org/portal/collections/individual/index.php?occid=1773628
1774052	BRY	BRY-L-0025218	Larry L. St. Clair	St. Cl-18700	0.9	Idaho	Clark	44.2423	-112.955717	outside_boundary_exact	Idaho, Lemhi County	White River National Forest: Meadow Lake turnoff, vicinity of Big Ridge, 3.8 miles north of turnoff to Meadow Lake along USFS Road No. 245.	https://lichenportal.org/portal/collections/individual/index.php?occid=1774052
2582688	BRY	BRY-L-0039175	Larry L. St. Clair	St. Cl-252	0.11	Idaho	Custer	43.963667	-113.44505	outside_boundary_exact	Idaho, Butte County	Salmon-Challis National Forest: Lost River Ranger District, along USFS Road 122 at head of Pass Creek Canyon.	https://lichenportal.org/portal/collections/individual/index.php?occid=2582688
2582689	BRY	BRY-L-0039176	Larry L. St. Clair	St. Cl-253	0.11	Idaho	Custer	43.963667	-113.44505	outside_boundary_exact	Idaho, Butte County	Salmon-Challis National Forest: Lost River Ranger District, along USFS Road 122 at head of Pass Creek Canyon.	https://lichenportal.org/portal/collections/individual/index.php?occid=2582689
2582690	BRY	BRY-L-0039178	Larry L. St. Clair	St. Cl-282	0.11	Idaho	Custer	43.963667	-113.44505	outside_boundary_exact	Idaho, Butte County	Salmon-Challis National Forest: Lost River Ranger District, along USFS Road 122 at head of Pass Creek Canyon.	https://lichenportal.org/portal/collections/individual/index.php?occid=2582690
2582691	BRY	BRY-L-0039174	Larry L. St. Clair	St. Cl-283	0.11	Idaho	Custer	43.963667	-113.44505	outside_boundary_exact	Idaho, Butte County	Salmon-Challis National Forest: Lost River Ranger District, along USFS Road 122 at head of Pass Creek Canyon.	https://lichenportal.org/portal/collections/individual/index.php?occid=2582691
2582692	BRY	BRY-L-0039179	Larry L. St. Clair	St. Cl-285	0.11	Idaho	Custer	43.963667	-113.44505	outside_boundary_exact	Idaho, Butte County	Salmon-Challis National Forest: Lost River Ranger District, along USFS Road 122 at head of Pass Creek Canyon.	https://lichenportal.org/portal/collections/individual/index.php?occid=2582692
2582693	BRY	BRY-L-0039180	Larry L. St. Clair	St. Cl-286	0.11	Idaho	Custer	43.963667	-113.44505	outside_boundary_exact	Idaho, Butte County	Salmon-Challis National Forest: Lost River Ranger District, along USFS Road 122 at head of Pass Creek Canyon.	https://lichenportal.org/portal/collections/individual/index.php?occid=2582693
2582694	BRY	BRY-L-0039181	Larry L. St. Clair	St. Cl-287	0.11	Idaho	Custer	43.963667	-113.44505	outside_boundary_exact	Idaho, Butte County	Salmon-Challis National Forest: Lost River Ranger District, along USFS Road 122 at head of Pass Creek Canyon.	https://lichenportal.org/portal/collections/individual/index.php?occid=2582694
2582695	BRY	BRY-L-0039182	Larry L. St. Clair	St. Cl-288	0.11	Idaho	Custer	43.963667	-113.44505	outside_boundary_exact	Idaho, Butte County	Salmon-Challis National Forest: Lost River Ranger District, along USFS Road 122 at head of Pass Creek Canyon.	https://lichenportal.org/portal/collections/individual/index.php?occid=2582695
2582696	BRY	BRY-L-0039183	Larry L. St. Clair	St. Cl-289	0.11	Idaho	Custer	43.963667	-113.44505	outside_boundary_exact	Idaho, Butte County	Salmon-Challis National Forest: Lost River Ranger District, along USFS Road 122 at head of Pass Creek Canyon.	https://lichenportal.org/portal/collections/individual/index.php?occid=2582696
2582697	BRY	BRY-L-0039184	Larry L. St. Clair	St. Cl-290A	0.11	Idaho	Custer	43.963667	-113.44505	outside_boundary_exact	Idaho, Butte County	Salmon-Challis National Forest: Lost River Ranger District, along USFS Road 122 at head of Pass Creek Canyon.	https://lichenportal.org/portal/collections/individual/index.php?occid=2582697
2582698	BRY	BRY-L-0039185	Larry L. St. Clair	St. Cl-290B	0.11	Idaho	Custer	43.963667	-113.44505	outside_boundary_exact	Idaho, Butte County	Salmon-Challis National Forest: Lost River Ranger District, along USFS Road 122 at head of Pass Creek Canyon.	https://lichenportal.org/portal/collections/individual/index.php?occid=2582698
2582699	BRY	BRY-L-0039177	Larry L. St. Clair	St. Cl-281	0.11	Idaho	Custer	43.963667	-113.44505	outside_boundary_exact	Idaho, Butte County	Salmon-Challis National Forest: Lost River Ranger District, along USFS Road 122 at head of Pass Creek Canyon.	https://lichenportal.org/portal/collections/individual/index.php?occid=2582699
2582700	BRY	BRY-L-0039158	Larry L. St. Clair	St. Cl-237A	0.11	Idaho	Custer	43.963667	-113.44505	outside_boundary_exact	Idaho, Butte County	Salmon-Challis National Forest: Lost River Ranger District, along USFS Road 122 at head of Pass Creek Canyon.	https://lichenportal.org/portal/collections/individual/index.php?occid=2582700
2582701	BRY	BRY-L-0039159	Larry L. St. Clair	St. Cl-237B	0.11	Idaho	Custer	43.963667	-113.44505	outside_boundary_exact	Idaho, Butte County	Salmon-Challis National Forest: Lost River Ranger District, along USFS Road 122 at head of Pass Creek Canyon.	https://lichenportal.org/portal/collections/individual/index.php?occid=2582701
2582702	BRY	BRY-L-0039160	Larry L. St. Clair	St. Cl-238	0.11	Idaho	Custer	43.963667	-113.44505	outside_boundary_exact	Idaho, Butte County	Salmon-Challis National Forest: Lost River Ranger District, along USFS Road 122 at head of Pass Creek Canyon.	https://lichenportal.org/portal/collections/individual/index.php?occid=2582702
2582704	BRY	BRY-L-0039162	Larry L. St. Clair	St. Cl-240	0.11	Idaho	Custer	43.963667	-113.44505	outside_boundary_exact	Idaho, Butte County	Salmon-Challis National Forest: Lost River Ranger District, along USFS Road 122 at head of Pass Creek Canyon.	https://lichenportal.org/portal/collections/individual/index.php?occid=2582704
2582705	BRY	BRY-L-0039163	Larry L. St. Clair	St. Cl-241	0.11	Idaho	Custer	43.963667	-113.44505	outside_boundary_exact	Idaho, Butte County	Salmon-Challis National Forest: Lost River Ranger District, along USFS Road 122 at head of Pass Creek Canyon.	https://lichenportal.org/portal/collections/individual/index.php?occid=2582705
2582706	BRY	BRY-L-0039164	Larry L. St. Clair	St. Cl-242	0.11	Idaho	Custer	43.963667	-113.44505	outside_boundary_exact	Idaho, Butte County	Salmon-Challis National Forest: Lost River Ranger District, along USFS Road 122 at head of Pass Creek Canyon.	https://lichenportal.org/portal/collections/individual/index.php?occid=2582706
2582707	BRY	BRY-L-0039165	Larry L. St. Clair	St. Cl-243	0.11	Idaho	Custer	43.963667	-113.44505	outside_boundary_exact	Idaho, Butte County	Salmon-Challis National Forest: Lost River Ranger District, along USFS Road 122 at head of Pass Creek Canyon.	https://lichenportal.org/portal/collections/individual/index.php?occid=2582707
2582708	BRY	BRY-L-0039166	Larry L. St. Clair	St. Cl-244	0.11	Idaho	Custer	43.963667	-113.44505	outside_boundary_exact	Idaho, Butte County	Salmon-Challis National Forest: Lost River Ranger District, along USFS Road 122 at head of Pass Creek Canyon.	https://lichenportal.org/portal/collections/individual/index.php?occid=2582708
2582709	BRY	BRY-L-0039167	Larry L. St. Clair	St. Cl-245	0.11	Idaho	Custer	43.963667	-113.44505	outside_boundary_exact	Idaho, Butte County	Salmon-Challis National Forest: Lost River Ranger District, along USFS Road 122 at head of Pass Creek Canyon.	https://lichenportal.org/portal/collections/individual/index.php?occid=2582709
2582710	BRY	BRY-L-0039168	Larry L. St. Clair	St. Cl-246	0.11	Idaho	Custer	43.963667	-113.44505	outside_boundary_exact	Idaho, Butte County	Salmon-Challis National Forest: Lost River Ranger District, along USFS Road 122 at head of Pass Creek Canyon.	https://lichenportal.org/portal/collections/individual/index.php?occid=2582710
2582711	BRY	BRY-L-0039169	Larry L. St. Clair	St. Cl-247A	0.11	Idaho	Custer	43.963667	-113.44505	outside_boundary_exact	Idaho, Butte County	Salmon-Challis National Forest: Lost River Ranger District, along USFS Road 122 at head of Pass Creek Canyon.	https://lichenportal.org/portal/collections/individual/index.php?occid=2582711
2582712	BRY	BRY-L-0039170	Larry L. St. Clair	St. Cl-247B	0.11	Idaho	Custer	43.963667	-113.44505	outside_boundary_exact	Idaho, Butte County	Salmon-Challis National Forest: Lost River Ranger District, along USFS Road 122 at head of Pass Creek Canyon.	https://lichenportal.org/portal/collections/individual/index.php?occid=2582712
2582713	BRY	BRY-L-0039171	Larry L. St. Clair	St. Cl-248	0.11	Idaho	Custer	43.963667	-113.44505	outside_boundary_exact	Idaho, Butte County	Salmon-Challis National Forest: Lost River Ranger District, along USFS Road 122 at head of Pass Creek Canyon.	https://lichenportal.org/portal/collections/individual/index.php?occid=2582713
2582714	BRY	BRY-L-0039172	Larry L. St. Clair	St. Cl-249	0.11	Idaho	Custer	43.963667	-113.44505	outside_boundary_exact	Idaho, Butte County	Salmon-Challis National Forest: Lost River Ranger District, along USFS Road 122 at head of Pass Creek Canyon.	https://lichenportal.org/portal/collections/individual/index.php?occid=2582714
2582715	BRY	BRY-L-0039173	Larry L. St. Clair	St. Cl-250	0.11	Idaho	Custer	43.963667	-113.44505	outside_boundary_exact	Idaho, Butte County	Salmon-Challis National Forest: Lost River Ranger District, along USFS Road 122 at head of Pass Creek Canyon.	https://lichenportal.org/portal/collections/individual/index.php?occid=2582715
2582717	BRY	BRY-L-0039142	Larry L. St. Clair	St. Cl-221	0.11	Idaho	Custer	43.963667	-113.44505	outside_boundary_exact	Idaho, Butte County	Salmon-Challis National Forest: Lost River Ranger District, along USFS Road 122 at head of Pass Creek Canyon.	https://lichenportal.org/portal/collections/individual/index.php?occid=2582717
2582718	BRY	BRY-L-0039143	Larry L. St. Clair	St. Cl-222	0.11	Idaho	Custer	43.963667	-113.44505	outside_boundary_exact	Idaho, Butte County	Salmon-Challis National Forest: Lost River Ranger District, along USFS Road 122 at head of Pass Creek Canyon.	https://lichenportal.org/portal/collections/individual/index.php?occid=2582718
2582719	BRY	BRY-L-0039144	Larry L. St. Clair	St. Cl-223	0.11	Idaho	Custer	43.963667	-113.44505	outside_boundary_exact	Idaho, Butte County	Salmon-Challis National Forest: Lost River Ranger District, along USFS Road 122 at head of Pass Creek Canyon.	https://lichenportal.org/portal/collections/individual/index.php?occid=2582719
2582720	BRY	BRY-L-0039145	Larry L. St. Clair	St. Cl-224	0.11	Idaho	Custer	43.963667	-113.44505	outside_boundary_exact	Idaho, Butte County	Salmon-Challis National Forest: Lost River Ranger District, along USFS Road 122 at head of Pass Creek Canyon.	https://lichenportal.org/portal/collections/individual/index.php?occid=2582720
2582721	BRY	BRY-L-0039146	Larry L. St. Clair	St. Cl-225	0.11	Idaho	Custer	43.963667	-113.44505	outside_boundary_exact	Idaho, Butte County	Salmon-Challis National Forest: Lost River Ranger District, along USFS Road 122 at head of Pass Creek Canyon.	https://lichenportal.org/portal/collections/individual/index.php?occid=2582721
2582722	BRY	BRY-L-0039147	Larry L. St. Clair	St. Cl-226	0.11	Idaho	Custer	43.963667	-113.44505	outside_boundary_exact	Idaho, Butte County	Salmon-Challis National Forest: Lost River Ranger District, along USFS Road 122 at head of Pass Creek Canyon.	https://lichenportal.org/portal/collections/individual/index.php?occid=2582722
2582723	BRY	BRY-L-0039148	Larry L. St. Clair	St. Cl-227	0.11	Idaho	Custer	43.963667	-113.44505	outside_boundary_exact	Idaho, Butte County	Salmon-Challis National Forest: Lost River Ranger District, along USFS Road 122 at head of Pass Creek Canyon.	https://lichenportal.org/portal/collections/individual/index.php?occid=2582723
2582724	BRY	BRY-L-0039149	Larry L. St. Clair	St. Cl-228	0.11	Idaho	Custer	43.963667	-113.44505	outside_boundary_exact	Idaho, Butte County	Salmon-Challis National Forest: Lost River Ranger District, along USFS Road 122 at head of Pass Creek Canyon.	https://lichenportal.org/portal/collections/individual/index.php?occid=2582724
2582725	BRY	BRY-L-0039150	Larry L. St. Clair	St. Cl-229	0.11	Idaho	Custer	43.963667	-113.44505	outside_boundary_exact	Idaho, Butte County	Salmon-Challis National Forest: Lost River Ranger District, along USFS Road 122 at head of Pass Creek Canyon.	https://lichenportal.org/portal/collections/individual/index.php?occid=2582725
2582726	BRY	BRY-L-0039151	Larry L. St. Clair	St. Cl-230	0.11	Idaho	Custer	43.963667	-113.44505	outside_boundary_exact	Idaho, Butte County	Salmon-Challis National Forest: Lost River Ranger District, along USFS Road 122 at head of Pass Creek Canyon.	https://lichenportal.org/portal/collections/individual/index.php?occid=2582726
2582727	BRY	BRY-L-0039152	Larry L. St. Clair	St. Cl-231	0.11	Idaho	Custer	43.963667	-113.44505	outside_boundary_exact	Idaho, Butte County	Salmon-Challis National Forest: Lost River Ranger District, along USFS Road 122 at head of Pass Creek Canyon.	https://lichenportal.org/portal/collections/individual/index.php?occid=2582727
2582728	BRY	BRY-L-0039153	Larry L. St. Clair	St. Cl-232	0.11	Idaho	Custer	43.963667	-113.44505	outside_boundary_exact	Idaho, Butte County	Salmon-Challis National Forest: Lost River Ranger District, along USFS Road 122 at head of Pass Creek Canyon.	https://lichenportal.org/portal/collections/individual/index.php?occid=2582728
2582729	BRY	BRY-L-0039154	Larry L. St. Clair	St. Cl-233	0.11	Idaho	Custer	43.963667	-113.44505	outside_boundary_exact	Idaho, Butte County	Salmon-Challis National Forest: Lost River Ranger District, along USFS Road 122 at head of Pass Creek Canyon.	https://lichenportal.org/portal/collections/individual/index.php?occid=2582729
2582730	BRY	BRY-L-0039155	Larry L. St. Clair	St. Cl-234	0.11	Idaho	Custer	43.963667	-113.44505	outside_boundary_exact	Idaho, Butte County	Salmon-Challis National Forest: Lost River Ranger District, along USFS Road 122 at head of Pass Creek Canyon.	https://lichenportal.org/portal/collections/individual/index.php?occid=2582730
2582731	BRY	BRY-L-0039156	Larry L. St. Clair	St. Cl-235	0.11	Idaho	Custer	43.963667	-113.44505	outside_boundary_exact	Idaho, Butte County	Salmon-Challis National Forest: Lost River Ranger District, along USFS Road 122 at head of Pass Creek Canyon.	https://lichenportal.org/portal/collections/individual/index.php?occid=2582731
2582732	BRY	BRY-L-0039157	Larry L. St. Clair	St. Cl-236	0.11	Idaho	Custer	43.963667	-113.44505	outside_boundary_exact	Idaho, Butte County	Salmon-Challis National Forest: Lost River Ranger District, along USFS Road 122 at head of Pass Creek Canyon.	https://lichenportal.org/portal/collections/individual/index.php?occid=2582732
2582733	BRY	BRY-L-0038769	Larry L. St. Clair	St. Cl-254	0.11	Idaho	Custer	43.963667	-113.44505	outside_boundary_exact	Idaho, Butte County	Salmon-Challis National Forest: Lost River Ranger District, along USFS Road 122 at head of Pass Creek Canyon, E side.	https://lichenportal.org/portal/collections/individual/index.php?occid=2582733
2582734	BRY	BRY-L-0038770	Larry L. St. Clair	St. Cl-255	0.11	Idaho	Custer	43.963667	-113.44505	outside_boundary_exact	Idaho, Butte County	Salmon-Challis National Forest: Lost River Ranger District, along USFS Road 122 at head of Pass Creek Canyon, E side.	https://lichenportal.org/portal/collections/individual/index.php?occid=2582734
2582735	BRY	BRY-L-0038771	Larry L. St. Clair	St. Cl-256	0.11	Idaho	Custer	43.963667	-113.44505	outside_boundary_exact	Idaho, Butte County	Salmon-Challis National Forest: Lost River Ranger District, along USFS Road 122 at head of Pass Creek Canyon, E side.	https://lichenportal.org/portal/collections/individual/index.php?occid=2582735
2582736	BRY	BRY-L-0038772	Larry L. St. Clair	St. Cl-257	0.11	Idaho	Custer	43.963667	-113.44505	outside_boundary_exact	Idaho, Butte County	Salmon-Challis National Forest: Lost River Ranger District, along USFS Road 122 at head of Pass Creek Canyon, E side.	https://lichenportal.org/portal/collections/individual/index.php?occid=2582736
2582737	BRY	BRY-L-0038773	Larry L. St. Clair	St. Cl-258	0.11	Idaho	Custer	43.963667	-113.44505	outside_boundary_exact	Idaho, Butte County	Salmon-Challis National Forest: Lost River Ranger District, along USFS Road 122 at head of Pass Creek Canyon, E side.	https://lichenportal.org/portal/collections/individual/index.php?occid=2582737
2582738	BRY	BRY-L-0038774	Larry L. St. Clair	St. Cl-259	0.11	Idaho	Custer	43.963667	-113.44505	outside_boundary_exact	Idaho, Butte County	Salmon-Challis National Forest: Lost River Ranger District, along USFS Road 122 at head of Pass Creek Canyon, E side.	https://lichenportal.org/portal/collections/individual/index.php?occid=2582738
2582739	BRY	BRY-L-0038775	Larry L. St. Clair	St. Cl-260	0.11	Idaho	Custer	43.963667	-113.44505	outside_boundary_exact	Idaho, Butte County	Salmon-Challis National Forest: Lost River Ranger District, along USFS Road 122 at head of Pass Creek Canyon, E side.	https://lichenportal.org/portal/collections/individual/index.php?occid=2582739
2582741	BRY	BRY-L-0038777	Larry L. St. Clair	St. Cl-262	0.11	Idaho	Custer	43.963667	-113.44505	outside_boundary_exact	Idaho, Butte County	Salmon-Challis National Forest: Lost River Ranger District, along USFS Road 122 at head of Pass Creek Canyon, E side.	https://lichenportal.org/portal/collections/individual/index.php?occid=2582741
2582742	BRY	BRY-L-0038778	Larry L. St. Clair	St. Cl-263	0.11	Idaho	Custer	43.963667	-113.44505	outside_boundary_exact	Idaho, Butte County	Salmon-Challis National Forest: Lost River Ranger District, along USFS Road 122 at head of Pass Creek Canyon, E side.	https://lichenportal.org/portal/collections/individual/index.php?occid=2582742
2582743	BRY	BRY-L-0038779	Larry L. St. Clair	St. Cl-264	0.11	Idaho	Custer	43.963667	-113.44505	outside_boundary_exact	Idaho, Butte County	Salmon-Challis National Forest: Lost River Ranger District, along USFS Road 122 at head of Pass Creek Canyon, E side.	https://lichenportal.org/portal/collections/individual/index.php?occid=2582743
2582744	BRY	BRY-L-0038780	Larry L. St. Clair	St. Cl-265	0.11	Idaho	Custer	43.963667	-113.44505	outside_boundary_exact	Idaho, Butte County	Salmon-Challis National Forest: Lost River Ranger District, along USFS Road 122 at head of Pass Creek Canyon, E side.	https://lichenportal.org/portal/collections/individual/index.php?occid=2582744
2582745	BRY	BRY-L-0038781	Larry L. St. Clair	St. Cl-266	0.11	Idaho	Custer	43.963667	-113.44505	outside_boundary_exact	Idaho, Butte County	Salmon-Challis National Forest: Lost River Ranger District, along USFS Road 122 at head of Pass Creek Canyon, E side.	https://lichenportal.org/portal/collections/individual/index.php?occid=2582745
2582746	BRY	BRY-L-0038782	Larry L. St. Clair	St. Cl-267	0.11	Idaho	Custer	43.963667	-113.44505	outside_boundary_exact	Idaho, Butte County	Salmon-Challis National Forest: Lost River Ranger District, along USFS Road 122 at head of Pass Creek Canyon, E side.	https://lichenportal.org/portal/collections/individual/index.php?occid=2582746
2582747	BRY	BRY-L-0038783	Larry L. St. Clair	St. Cl-268	0.11	Idaho	Custer	43.963667	-113.44505	outside_boundary_exact	Idaho, Butte County	Salmon-Challis National Forest: Lost River Ranger District, along USFS Road 122 at head of Pass Creek Canyon, E side.	https://lichenportal.org/portal/collections/individual/index.php?occid=2582747
2582748	BRY	BRY-L-0038784	Larry L. St. Clair	St. Cl-269	0.11	Idaho	Custer	43.963667	-113.44505	outside_boundary_exact	Idaho, Butte County	Salmon-Challis National Forest: Lost River Ranger District, along USFS Road 122 at head of Pass Creek Canyon, E side.	https://lichenportal.org/portal/collections/individual/index.php?occid=2582748
2582749	BRY	BRY-L-0038785	Larry L. St. Clair	St. Cl-270	0.11	Idaho	Custer	43.963667	-113.44505	outside_boundary_exact	Idaho, Butte County	Salmon-Challis National Forest: Lost River Ranger District, along USFS Road 122 at head of Pass Creek Canyon, E side.	https://lichenportal.org/portal/collections/individual/index.php?occid=2582749
2582750	BRY	BRY-L-0038786	Larry L. St. Clair	St. Cl-271	0.11	Idaho	Custer	43.963667	-113.44505	outside_boundary_exact	Idaho, Butte County	Salmon-Challis National Forest: Lost River Ranger District, along USFS Road 122 at head of Pass Creek Canyon, E side.	https://lichenportal.org/portal/collections/individual/index.php?occid=2582750
2582751	BRY	BRY-L-0038787	Larry L. St. Clair	St. Cl-272	0.11	Idaho	Custer	43.963667	-113.44505	outside_boundary_exact	Idaho, Butte County	Salmon-Challis National Forest: Lost River Ranger District, along USFS Road 122 at head of Pass Creek Canyon, E side.	https://lichenportal.org/portal/collections/individual/index.php?occid=2582751
2582752	BRY	BRY-L-0038788	Larry L. St. Clair	St. Cl-273	0.11	Idaho	Custer	43.963667	-113.44505	outside_boundary_exact	Idaho, Butte County	Salmon-Challis National Forest: Lost River Ranger District, along USFS Road 122 at head of Pass Creek Canyon, E side.	https://lichenportal.org/portal/collections/individual/index.php?occid=2582752
2582753	BRY	BRY-L-0038789	Larry L. St. Clair	St. Cl-274	0.11	Idaho	Custer	43.963667	-113.44505	outside_boundary_exact	Idaho, Butte County	Salmon-Challis National Forest: Lost River Ranger District, along USFS Road 122 at head of Pass Creek Canyon, E side.	https://lichenportal.org/portal/collections/individual/index.php?occid=2582753
2582754	BRY	BRY-L-0038790	Larry L. St. Clair	St. Cl-275	0.11	Idaho	Custer	43.963667	-113.44505	outside_boundary_exact	Idaho, Butte County	Salmon-Challis National Forest: Lost River Ranger District, along USFS Road 122 at head of Pass Creek Canyon, E side.	https://lichenportal.org/portal/collections/individual/index.php?occid=2582754
2582755	BRY	BRY-L-0038791	Larry L. St. Clair	St. Cl-276	0.11	Idaho	Custer	43.963667	-113.44505	outside_boundary_exact	Idaho, Butte County	Salmon-Challis National Forest: Lost River Ranger District, along USFS Road 122 at head of Pass Creek Canyon, E side.	https://lichenportal.org/portal/collections/individual/index.php?occid=2582755
2582756	BRY	BRY-L-0038792	Larry L. St. Clair	St. Cl-277	0.11	Idaho	Custer	43.963667	-113.44505	outside_boundary_exact	Idaho, Butte County	Salmon-Challis National Forest: Lost River Ranger District, along USFS Road 122 at head of Pass Creek Canyon, E side.	https://lichenportal.org/portal/collections/individual/index.php?occid=2582756
2582757	BRY	BRY-L-0038793	Larry L. St. Clair	St. Cl-278A	0.11	Idaho	Custer	43.963667	-113.44505	outside_boundary_exact	Idaho, Butte County	Salmon-Challis National Forest: Lost River Ranger District, along USFS Road 122 at head of Pass Creek Canyon, E side.	https://lichenportal.org/portal/collections/individual/index.php?occid=2582757
2582758	BRY	BRY-L-0038794	Larry L. St. Clair	St. Cl-278B	0.11	Idaho	Custer	43.963667	-113.44505	outside_boundary_exact	Idaho, Butte County	Salmon-Challis National Forest: Lost River Ranger District, along USFS Road 122 at head of Pass Creek Canyon, E side.	https://lichenportal.org/portal/collections/individual/index.php?occid=2582758
2582759	BRY	BRY-L-0038795	Larry L. St. Clair	St. Cl-279	0.11	Idaho	Custer	43.963667	-113.44505	outside_boundary_exact	Idaho, Butte County	Salmon-Challis National Forest: Lost River Ranger District, along USFS Road 122 at head of Pass Creek Canyon, E side.	https://lichenportal.org/portal/collections/individual/index.php?occid=2582759
2582760	BRY	BRY-L-0038796	Larry L. St. Clair	St. Cl-280	0.11	Idaho	Custer	43.963667	-113.44505	outside_boundary_exact	Idaho, Butte County	Salmon-Challis National Forest: Lost River Ranger District, along USFS Road 122 at head of Pass Creek Canyon, E side.	https://lichenportal.org/portal/collections/individual/index.php?occid=2582760
1770334	BRY	BRY-L-0021731	Larry L. St. Clair	St. Cl-18164	NA	Idaho	Daggett	40.909033	-109.43595	county_not_matched_no_match	county_not_matched	Ashley National Forest: Flaming Gorge National Recreation Area, vicinity of Cart Creek Bridge.	https://lichenportal.org/portal/collections/individual/index.php?occid=1770334
1770335	BRY	BRY-L-0021785	Larry L. St. Clair	St. Cl-18217	NA	Idaho	Daggett	40.909033	-109.43595	county_not_matched_no_match	county_not_matched	Ashley National Forest: Flaming Gorge National Recreation Area, vicinity of Cart Creek Bridge.	https://lichenportal.org/portal/collections/individual/index.php?occid=1770335
1770336	BRY	BRY-L-0021807	Larry L. St. Clair	St. Cl-18239	NA	Idaho	Daggett	40.909033	-109.43595	county_not_matched_no_match	county_not_matched	Ashley National Forest: Flaming Gorge National Recreation Area, vicinity of Cart Creek Bridge.	https://lichenportal.org/portal/collections/individual/index.php?occid=1770336
1770437	BRY	BRY-L-0021810	Larry L. St. Clair	St. Cl-18242	NA	Idaho	Daggett	40.909033	-109.43595	county_not_matched_no_match	county_not_matched	Ashley National Forest: Flaming Gorge National Recreation Area, vicinity of Cart Creek Bridge.	https://lichenportal.org/portal/collections/individual/index.php?occid=1770437
1770498	BRY	BRY-L-0021767	Larry L. St. Clair	St. Cl-18199	NA	Idaho	Daggett	40.909033	-109.43595	county_not_matched_no_match	county_not_matched	Ashley National Forest: Flaming Gorge National Recreation Area, vicinity of Cart Creek Bridge.	https://lichenportal.org/portal/collections/individual/index.php?occid=1770498
1770526	BRY	BRY-L-0021776	Larry L. St. Clair	St. Cl-18208	NA	Idaho	Daggett	40.909033	-109.43595	county_not_matched_no_match	county_not_matched	Ashley National Forest: Flaming Gorge National Recreation Area, vicinity of Cart Creek Bridge.	https://lichenportal.org/portal/collections/individual/index.php?occid=1770526
1770542	BRY	BRY-L-0021770	Larry L. St. Clair	St. Cl-18202	NA	Idaho	Daggett	40.909033	-109.43595	county_not_matched_no_match	county_not_matched	Ashley National Forest: Flaming Gorge National Recreation Area, vicinity of Cart Creek Bridge.	https://lichenportal.org/portal/collections/individual/index.php?occid=1770542
1770613	BRY	BRY-L-0021744	Larry L. St. Clair	St. Cl-18177	NA	Idaho	Daggett	40.909033	-109.43595	county_not_matched_no_match	county_not_matched	Ashley National Forest: Flaming Gorge National Recreation Area, vicinity of Cart Creek Bridge.	https://lichenportal.org/portal/collections/individual/index.php?occid=1770613
1770802	BRY	BRY-L-0021791	Larry L. St. Clair	St. Cl-18223	NA	Idaho	Daggett	40.909033	-109.43595	county_not_matched_no_match	county_not_matched	Ashley National Forest: Flaming Gorge National Recreation Area, vicinity of Cart Creek Bridge.	https://lichenportal.org/portal/collections/individual/index.php?occid=1770802
1770803	BRY	BRY-L-0021808	Larry L. St. Clair	St. Cl-18240	NA	Idaho	Daggett	40.909033	-109.43595	county_not_matched_no_match	county_not_matched	Ashley National Forest: Flaming Gorge National Recreation Area, vicinity of Cart Creek Bridge.	https://lichenportal.org/portal/collections/individual/index.php?occid=1770803
1770871	BRY	BRY-L-0021754	Larry L. St. Clair	St. Cl-18186	NA	Idaho	Daggett	40.909033	-109.43595	county_not_matched_no_match	county_not_matched	Ashley National Forest: Flaming Gorge National Recreation Area, vicinity of Cart Creek Bridge.	https://lichenportal.org/portal/collections/individual/index.php?occid=1770871
1770887	BRY	BRY-L-0021732	Larry L. St. Clair	St. Cl-18165	NA	Idaho	Daggett	40.909033	-109.43595	county_not_matched_no_match	county_not_matched	Ashley National Forest: Flaming Gorge National Recreation Area, vicinity of Cart Creek Bridge.	https://lichenportal.org/portal/collections/individual/index.php?occid=1770887
1770910	BRY	BRY-L-0021738	Larry L. St. Clair	St. Cl-18171	NA	Idaho	Daggett	40.909033	-109.43595	county_not_matched_no_match	county_not_matched	Ashley National Forest: Flaming Gorge National Recreation Area, vicinity of Cart Creek Bridge.	https://lichenportal.org/portal/collections/individual/index.php?occid=1770910
1770911	BRY	BRY-L-0021739	Larry L. St. Clair	St. Cl-18172	NA	Idaho	Daggett	40.909033	-109.43595	county_not_matched_no_match	county_not_matched	Ashley National Forest: Flaming Gorge National Recreation Area, vicinity of Cart Creek Bridge.	https://lichenportal.org/portal/collections/individual/index.php?occid=1770911
1770955	BRY	BRY-L-0021730	Larry L. St. Clair	St. Cl-18163	NA	Idaho	Daggett	40.909033	-109.43595	county_not_matched_no_match	county_not_matched	Ashley National Forest: Flaming Gorge National Recreation Area, vicinity of Cart Creek Bridge.	https://lichenportal.org/portal/collections/individual/index.php?occid=1770955
1771051	BRY	BRY-L-0021790	Larry L. St. Clair	St. Cl-18222	NA	Idaho	Daggett	40.909033	-109.43595	county_not_matched_no_match	county_not_matched	Ashley National Forest: Flaming Gorge National Recreation Area, vicinity of Cart Creek Bridge.	https://lichenportal.org/portal/collections/individual/index.php?occid=1771051
1771160	BRY	BRY-L-0021757	Larry L. St. Clair	St. Cl-18189	NA	Idaho	Daggett	40.909033	-109.43595	county_not_matched_no_match	county_not_matched	Ashley National Forest: Flaming Gorge National Recreation Area, vicinity of Cart Creek Bridge.	https://lichenportal.org/portal/collections/individual/index.php?occid=1771160
1771161	BRY	BRY-L-0021800	Larry L. St. Clair	St. Cl-18232	NA	Idaho	Daggett	40.909033	-109.43595	county_not_matched_no_match	county_not_matched	Ashley National Forest: Flaming Gorge National Recreation Area, vicinity of Cart Creek Bridge.	https://lichenportal.org/portal/collections/individual/index.php?occid=1771161
1771354	BRY	BRY-L-0021783	Larry L. St. Clair	St. Cl-18215	NA	Idaho	Daggett	40.909033	-109.43595	county_not_matched_no_match	county_not_matched	Ashley National Forest: Flaming Gorge National Recreation Area, vicinity of Cart Creek Bridge.	https://lichenportal.org/portal/collections/individual/index.php?occid=1771354
1771365	BRY	BRY-L-0021748	Larry L. St. Clair	St. Cl-18181	NA	Idaho	Daggett	40.909033	-109.43595	county_not_matched_no_match	county_not_matched	Ashley National Forest: Flaming Gorge National Recreation Area, vicinity of Cart Creek Bridge.	https://lichenportal.org/portal/collections/individual/index.php?occid=1771365
1771392	BRY	BRY-L-0021773	Larry L. St. Clair	St. Cl-18205	NA	Idaho	Daggett	40.909033	-109.43595	county_not_matched_no_match	county_not_matched	Ashley National Forest: Flaming Gorge National Recreation Area, vicinity of Cart Creek Bridge.	https://lichenportal.org/portal/collections/individual/index.php?occid=1771392
1771407	BRY	BRY-L-0021747	Larry L. St. Clair	St. Cl-18180	NA	Idaho	Daggett	40.909033	-109.43595	county_not_matched_no_match	county_not_matched	Ashley National Forest: Flaming Gorge National Recreation Area, vicinity of Cart Creek Bridge.	https://lichenportal.org/portal/collections/individual/index.php?occid=1771407
1771421	BRY	BRY-L-0021775	Larry L. St. Clair	St. Cl-18207	NA	Idaho	Daggett	40.909033	-109.43595	county_not_matched_no_match	county_not_matched	Ashley National Forest: Flaming Gorge National Recreation Area, vicinity of Cart Creek Bridge.	https://lichenportal.org/portal/collections/individual/index.php?occid=1771421
1771431	BRY	BRY-L-0021778	Larry L. St. Clair	St. Cl-18210	NA	Idaho	Daggett	40.909033	-109.43595	county_not_matched_no_match	county_not_matched	Ashley National Forest: Flaming Gorge National Recreation Area, vicinity of Cart Creek Bridge.	https://lichenportal.org/portal/collections/individual/index.php?occid=1771431
1771508	BRY	BRY-L-0021743	Larry L. St. Clair	St. Cl-18176	NA	Idaho	Daggett	40.909033	-109.43595	county_not_matched_no_match	county_not_matched	Ashley National Forest: Flaming Gorge National Recreation Area, vicinity of Cart Creek Bridge.	https://lichenportal.org/portal/collections/individual/index.php?occid=1771508
1771753	BRY	BRY-L-0021792	Larry L. St. Clair	St. Cl-18224	NA	Idaho	Daggett	40.909033	-109.43595	county_not_matched_no_match	county_not_matched	Ashley National Forest: Flaming Gorge National Recreation Area, vicinity of Cart Creek Bridge.	https://lichenportal.org/portal/collections/individual/index.php?occid=1771753
1771836	BRY	BRY-L-0021758	Larry L. St. Clair	St. Cl-18190	NA	Idaho	Daggett	40.909033	-109.43595	county_not_matched_no_match	county_not_matched	Ashley National Forest: Flaming Gorge National Recreation Area, vicinity of Cart Creek Bridge.	https://lichenportal.org/portal/collections/individual/index.php?occid=1771836
1771930	BRY	BRY-L-0021784	Larry L. St. Clair	St. Cl-18216	NA	Idaho	Daggett	40.909033	-109.43595	county_not_matched_no_match	county_not_matched	Ashley National Forest: Flaming Gorge National Recreation Area, vicinity of Cart Creek Bridge.	https://lichenportal.org/portal/collections/individual/index.php?occid=1771930
1771931	BRY	BRY-L-0021787	Larry L. St. Clair	St. Cl-18219	NA	Idaho	Daggett	40.909033	-109.43595	county_not_matched_no_match	county_not_matched	Ashley National Forest: Flaming Gorge National Recreation Area, vicinity of Cart Creek Bridge.	https://lichenportal.org/portal/collections/individual/index.php?occid=1771931
1772013	BRY	BRY-L-0021742	Larry L. St. Clair	St. Cl-18175	NA	Idaho	Daggett	40.909033	-109.43595	county_not_matched_no_match	county_not_matched	Ashley National Forest: Flaming Gorge National Recreation Area, vicinity of Cart Creek Bridge.	https://lichenportal.org/portal/collections/individual/index.php?occid=1772013
1772094	BRY	BRY-L-0021766	Larry L. St. Clair	St. Cl-18198	NA	Idaho	Daggett	40.909033	-109.43595	county_not_matched_no_match	county_not_matched	Ashley National Forest: Flaming Gorge National Recreation Area, vicinity of Cart Creek Bridge.	https://lichenportal.org/portal/collections/individual/index.php?occid=1772094
1772292	BRY	BRY-L-0021768	Larry L. St. Clair	St. Cl-18200	NA	Idaho	Daggett	40.909033	-109.43595	county_not_matched_no_match	county_not_matched	Ashley National Forest: Flaming Gorge National Recreation Area, vicinity of Cart Creek Bridge.	https://lichenportal.org/portal/collections/individual/index.php?occid=1772292
1772316	BRY	BRY-L-0021755	Larry L. St. Clair	St. Cl-18187	NA	Idaho	Daggett	40.909033	-109.43595	county_not_matched_no_match	county_not_matched	Ashley National Forest: Flaming Gorge National Recreation Area, vicinity of Cart Creek Bridge.	https://lichenportal.org/portal/collections/individual/index.php?occid=1772316
1772392	BRY	BRY-L-0021753	Larry L. St. Clair	St. Cl-18185	NA	Idaho	Daggett	40.909033	-109.43595	county_not_matched_no_match	county_not_matched	Ashley National Forest: Flaming Gorge National Recreation Area, vicinity of Cart Creek Bridge.	https://lichenportal.org/portal/collections/individual/index.php?occid=1772392
1772421	BRY	BRY-L-0021735	Larry L. St. Clair	St. Cl-18168	NA	Idaho	Daggett	40.909033	-109.43595	county_not_matched_no_match	county_not_matched	Ashley National Forest: Flaming Gorge National Recreation Area, vicinity of Cart Creek Bridge.	https://lichenportal.org/portal/collections/individual/index.php?occid=1772421
1772422	BRY	BRY-L-0021760	Larry L. St. Clair	St. Cl-18192	NA	Idaho	Daggett	40.909033	-109.43595	county_not_matched_no_match	county_not_matched	Ashley National Forest: Flaming Gorge National Recreation Area, vicinity of Cart Creek Bridge.	https://lichenportal.org/portal/collections/individual/index.php?occid=1772422
1772595	BRY	BRY-L-0021801	Larry L. St. Clair	St. Cl-18233	NA	Idaho	Daggett	40.909033	-109.43595	county_not_matched_no_match	county_not_matched	Ashley National Forest: Flaming Gorge National Recreation Area, vicinity of Cart Creek Bridge.	https://lichenportal.org/portal/collections/individual/index.php?occid=1772595
1772786	BRY	BRY-L-0021765	Larry L. St. Clair	St. Cl-18197	NA	Idaho	Daggett	40.909033	-109.43595	county_not_matched_no_match	county_not_matched	Ashley National Forest: Flaming Gorge National Recreation Area, vicinity of Cart Creek Bridge.	https://lichenportal.org/portal/collections/individual/index.php?occid=1772786
1772803	BRY	BRY-L-0021724	Larry L. St. Clair	St. Cl-18158	NA	Idaho	Daggett	40.909033	-109.43595	county_not_matched_no_match	county_not_matched	Ashley National Forest: Flaming Gorge National Recreation Area, vicinity of Cart Creek Bridge.	https://lichenportal.org/portal/collections/individual/index.php?occid=1772803
1772804	BRY	BRY-L-0021779	Larry L. St. Clair	St. Cl-18211	NA	Idaho	Daggett	40.909033	-109.43595	county_not_matched_no_match	county_not_matched	Ashley National Forest: Flaming Gorge National Recreation Area, vicinity of Cart Creek Bridge.	https://lichenportal.org/portal/collections/individual/index.php?occid=1772804
1772853	BRY	BRY-L-0021736	Larry L. St. Clair	St. Cl-18169	NA	Idaho	Daggett	40.909033	-109.43595	county_not_matched_no_match	county_not_matched	Ashley National Forest: Flaming Gorge National Recreation Area, vicinity of Cart Creek Bridge.	https://lichenportal.org/portal/collections/individual/index.php?occid=1772853
1772854	BRY	BRY-L-0021764	Larry L. St. Clair	St. Cl-18196	NA	Idaho	Daggett	40.909033	-109.43595	county_not_matched_no_match	county_not_matched	Ashley National Forest: Flaming Gorge National Recreation Area, vicinity of Cart Creek Bridge.	https://lichenportal.org/portal/collections/individual/index.php?occid=1772854
1772855	BRY	BRY-L-0021786	Larry L. St. Clair	St. Cl-18218	NA	Idaho	Daggett	40.909033	-109.43595	county_not_matched_no_match	county_not_matched	Ashley National Forest: Flaming Gorge National Recreation Area, vicinity of Cart Creek Bridge.	https://lichenportal.org/portal/collections/individual/index.php?occid=1772855
1772856	BRY	BRY-L-0021809	Larry L. St. Clair	St. Cl-18241	NA	Idaho	Daggett	40.909033	-109.43595	county_not_matched_no_match	county_not_matched	Ashley National Forest: Flaming Gorge National Recreation Area, vicinity of Cart Creek Bridge.	https://lichenportal.org/portal/collections/individual/index.php?occid=1772856
1773009	BRY	BRY-L-0021802	Larry L. St. Clair	St. Cl-18234	NA	Idaho	Daggett	40.909033	-109.43595	county_not_matched_no_match	county_not_matched	Ashley National Forest: Flaming Gorge National Recreation Area, vicinity of Cart Creek Bridge.	https://lichenportal.org/portal/collections/individual/index.php?occid=1773009
1773020	BRY	BRY-L-0021741	Larry L. St. Clair	St. Cl-18174	NA	Idaho	Daggett	40.909033	-109.43595	county_not_matched_no_match	county_not_matched	Ashley National Forest: Flaming Gorge National Recreation Area, vicinity of Cart Creek Bridge.	https://lichenportal.org/portal/collections/individual/index.php?occid=1773020
1773065	BRY	BRY-L-0021804	Larry L. St. Clair	St. Cl-18236	NA	Idaho	Daggett	40.909033	-109.43595	county_not_matched_no_match	county_not_matched	Ashley National Forest: Flaming Gorge National Recreation Area, vicinity of Cart Creek Bridge.	https://lichenportal.org/portal/collections/individual/index.php?occid=1773065
1773131	BRY	BRY-L-0021734	Larry L. St. Clair	St. Cl-18167	NA	Idaho	Daggett	40.909033	-109.43595	county_not_matched_no_match	county_not_matched	Ashley National Forest: Flaming Gorge National Recreation Area, vicinity of Cart Creek Bridge.	https://lichenportal.org/portal/collections/individual/index.php?occid=1773131
1773132	BRY	BRY-L-0021762	Larry L. St. Clair	St. Cl-18194	NA	Idaho	Daggett	40.909033	-109.43595	county_not_matched_no_match	county_not_matched	Ashley National Forest: Flaming Gorge National Recreation Area, vicinity of Cart Creek Bridge.	https://lichenportal.org/portal/collections/individual/index.php?occid=1773132
1773133	BRY	BRY-L-0021806	Larry L. St. Clair	St. Cl-18238	NA	Idaho	Daggett	40.909033	-109.43595	county_not_matched_no_match	county_not_matched	Ashley National Forest: Flaming Gorge National Recreation Area, vicinity of Cart Creek Bridge.	https://lichenportal.org/portal/collections/individual/index.php?occid=1773133
1773207	BRY	BRY-L-0021737	Larry L. St. Clair	St. Cl-18170	NA	Idaho	Daggett	40.909033	-109.43595	county_not_matched_no_match	county_not_matched	Ashley National Forest: Flaming Gorge National Recreation Area, vicinity of Cart Creek Bridge.	https://lichenportal.org/portal/collections/individual/index.php?occid=1773207
1773208	BRY	BRY-L-0021805	Larry L. St. Clair	St. Cl-18237	NA	Idaho	Daggett	40.909033	-109.43595	county_not_matched_no_match	county_not_matched	Ashley National Forest: Flaming Gorge National Recreation Area, vicinity of Cart Creek Bridge.	https://lichenportal.org/portal/collections/individual/index.php?occid=1773208
1773274	BRY	BRY-L-0021772	Larry L. St. Clair	St. Cl-18204	NA	Idaho	Daggett	40.909033	-109.43595	county_not_matched_no_match	county_not_matched	Ashley National Forest: Flaming Gorge National Recreation Area, vicinity of Cart Creek Bridge.	https://lichenportal.org/portal/collections/individual/index.php?occid=1773274
1773299	BRY	BRY-L-0021726	Larry L. St. Clair	St. Cl-18159	NA	Idaho	Daggett	40.909033	-109.43595	county_not_matched_no_match	county_not_matched	Ashley National Forest: Flaming Gorge National Recreation Area, vicinity of Cart Creek Bridge.	https://lichenportal.org/portal/collections/individual/index.php?occid=1773299
1773300	BRY	BRY-L-0021751	Larry L. St. Clair	St. Cl-18183	NA	Idaho	Daggett	40.909033	-109.43595	county_not_matched_no_match	county_not_matched	Ashley National Forest: Flaming Gorge National Recreation Area, vicinity of Cart Creek Bridge.	https://lichenportal.org/portal/collections/individual/index.php?occid=1773300
1773330	BRY	BRY-L-0021746	Larry L. St. Clair	St. Cl-18179	NA	Idaho	Daggett	40.909033	-109.43595	county_not_matched_no_match	county_not_matched	Ashley National Forest: Flaming Gorge National Recreation Area, vicinity of Cart Creek Bridge.	https://lichenportal.org/portal/collections/individual/index.php?occid=1773330
1773331	BRY	BRY-L-0021795	Larry L. St. Clair	St. Cl-18227	NA	Idaho	Daggett	40.909033	-109.43595	county_not_matched_no_match	county_not_matched	Ashley National Forest: Flaming Gorge National Recreation Area, vicinity of Cart Creek Bridge.	https://lichenportal.org/portal/collections/individual/index.php?occid=1773331
1773478	BRY	BRY-L-0021777	Larry L. St. Clair	St. Cl-18209	NA	Idaho	Daggett	40.909033	-109.43595	county_not_matched_no_match	county_not_matched	Ashley National Forest: Flaming Gorge National Recreation Area, vicinity of Cart Creek Bridge.	https://lichenportal.org/portal/collections/individual/index.php?occid=1773478
1773539	BRY	BRY-L-0021752	Larry L. St. Clair	St. Cl-18184	NA	Idaho	Daggett	40.909033	-109.43595	county_not_matched_no_match	county_not_matched	Ashley National Forest: Flaming Gorge National Recreation Area, vicinity of Cart Creek Bridge.	https://lichenportal.org/portal/collections/individual/index.php?occid=1773539
1773597	BRY	BRY-L-0021749	Larry L. St. Clair	St. Cl-18182	NA	Idaho	Daggett	40.909033	-109.43595	county_not_matched_no_match	county_not_matched	Ashley National Forest: Flaming Gorge National Recreation Area, vicinity of Cart Creek Bridge.	https://lichenportal.org/portal/collections/individual/index.php?occid=1773597
1773639	BRY	BRY-L-0021763	Larry L. St. Clair	St. Cl-18195	NA	Idaho	Daggett	40.909033	-109.43595	county_not_matched_no_match	county_not_matched	Ashley National Forest: Flaming Gorge National Recreation Area, vicinity of Cart Creek Bridge.	https://lichenportal.org/portal/collections/individual/index.php?occid=1773639
1773702	BRY	BRY-L-0021788	Larry L. St. Clair	St. Cl-18220	NA	Idaho	Daggett	40.909033	-109.43595	county_not_matched_no_match	county_not_matched	Ashley National Forest: Flaming Gorge National Recreation Area, vicinity of Cart Creek Bridge.	https://lichenportal.org/portal/collections/individual/index.php?occid=1773702
1773960	BRY	BRY-L-0021796	Larry L. St. Clair	St. Cl-18228	NA	Idaho	Daggett	40.909033	-109.43595	county_not_matched_no_match	county_not_matched	Ashley National Forest: Flaming Gorge National Recreation Area, vicinity of Cart Creek Bridge.	https://lichenportal.org/portal/collections/individual/index.php?occid=1773960
1773989	BRY	BRY-L-0021797	Larry L. St. Clair	St. Cl-18229	NA	Idaho	Daggett	40.909033	-109.43595	county_not_matched_no_match	county_not_matched	Ashley National Forest: Flaming Gorge National Recreation Area, vicinity of Cart Creek Bridge.	https://lichenportal.org/portal/collections/individual/index.php?occid=1773989
1774057	BRY	BRY-L-0021740	Larry L. St. Clair	St. Cl-18173	NA	Idaho	Daggett	40.909033	-109.43595	county_not_matched_no_match	county_not_matched	Ashley National Forest: Flaming Gorge National Recreation Area, vicinity of Cart Creek Bridge.	https://lichenportal.org/portal/collections/individual/index.php?occid=1774057
1774058	BRY	BRY-L-0021769	Larry L. St. Clair	St. Cl-18201	NA	Idaho	Daggett	40.909033	-109.43595	county_not_matched_no_match	county_not_matched	Ashley National Forest: Flaming Gorge National Recreation Area, vicinity of Cart Creek Bridge.	https://lichenportal.org/portal/collections/individual/index.php?occid=1774058
1774087	BRY	BRY-L-0021745	Larry L. St. Clair	St. Cl-18178	NA	Idaho	Daggett	40.909033	-109.43595	county_not_matched_no_match	county_not_matched	Ashley National Forest: Flaming Gorge National Recreation Area, vicinity of Cart Creek Bridge.	https://lichenportal.org/portal/collections/individual/index.php?occid=1774087
1774088	BRY	BRY-L-0021798	Larry L. St. Clair	St. Cl-18230	NA	Idaho	Daggett	40.909033	-109.43595	county_not_matched_no_match	county_not_matched	Ashley National Forest: Flaming Gorge National Recreation Area, vicinity of Cart Creek Bridge.	https://lichenportal.org/portal/collections/individual/index.php?occid=1774088
1774140	BRY	BRY-L-0021780	Larry L. St. Clair	St. Cl-18212	NA	Idaho	Daggett	40.909033	-109.43595	county_not_matched_no_match	county_not_matched	Ashley National Forest: Flaming Gorge National Recreation Area, vicinity of Cart Creek Bridge.	https://lichenportal.org/portal/collections/individual/index.php?occid=1774140
1774141	BRY	BRY-L-0021803	Larry L. St. Clair	St. Cl-18235	NA	Idaho	Daggett	40.909033	-109.43595	county_not_matched_no_match	county_not_matched	Ashley National Forest: Flaming Gorge National Recreation Area, vicinity of Cart Creek Bridge.	https://lichenportal.org/portal/collections/individual/index.php?occid=1774141
1774195	BRY	BRY-L-0021756	Larry L. St. Clair	St. Cl-18188	NA	Idaho	Daggett	40.909033	-109.43595	county_not_matched_no_match	county_not_matched	Ashley National Forest: Flaming Gorge National Recreation Area, vicinity of Cart Creek Bridge.	https://lichenportal.org/portal/collections/individual/index.php?occid=1774195
1774293	BRY	BRY-L-0021794	Larry L. St. Clair	St. Cl-18226	NA	Idaho	Daggett	40.909033	-109.43595	county_not_matched_no_match	county_not_matched	Ashley National Forest: Flaming Gorge National Recreation Area, vicinity of Cart Creek Bridge.	https://lichenportal.org/portal/collections/individual/index.php?occid=1774293
1774316	BRY	BRY-L-0021761	Larry L. St. Clair	St. Cl-18193	NA	Idaho	Daggett	40.909033	-109.43595	county_not_matched_no_match	county_not_matched	Ashley National Forest: Flaming Gorge National Recreation Area, vicinity of Cart Creek Bridge.	https://lichenportal.org/portal/collections/individual/index.php?occid=1774316
1774347	BRY	BRY-L-0021782	Larry L. St. Clair	St. Cl-18214	NA	Idaho	Daggett	40.909033	-109.43595	county_not_matched_no_match	county_not_matched	Ashley National Forest: Flaming Gorge National Recreation Area, vicinity of Cart Creek Bridge.	https://lichenportal.org/portal/collections/individual/index.php?occid=1774347
1774467	BRY	BRY-L-0021728	Larry L. St. Clair	St. Cl-18161	NA	Idaho	Daggett	40.909033	-109.43595	county_not_matched_no_match	county_not_matched	Ashley National Forest: Flaming Gorge National Recreation Area, vicinity of Cart Creek Bridge.	https://lichenportal.org/portal/collections/individual/index.php?occid=1774467
1774468	BRY	BRY-L-0021793	Larry L. St. Clair	St. Cl-18225	NA	Idaho	Daggett	40.909033	-109.43595	county_not_matched_no_match	county_not_matched	Ashley National Forest: Flaming Gorge National Recreation Area, vicinity of Cart Creek Bridge.	https://lichenportal.org/portal/collections/individual/index.php?occid=1774468
1774469	BRY	BRY-L-0021811	Larry L. St. Clair	St. Cl-18243	NA	Idaho	Daggett	40.909033	-109.43595	county_not_matched_no_match	county_not_matched	Ashley National Forest: Flaming Gorge National Recreation Area, vicinity of Cart Creek Bridge.	https://lichenportal.org/portal/collections/individual/index.php?occid=1774469
1774558	BRY	BRY-L-0021729	Larry L. St. Clair	St. Cl-18162	NA	Idaho	Daggett	40.909033	-109.43595	county_not_matched_no_match	county_not_matched	Ashley National Forest: Flaming Gorge National Recreation Area, vicinity of Cart Creek Bridge.	https://lichenportal.org/portal/collections/individual/index.php?occid=1774558
1774560	BRY	BRY-L-0021789	Larry L. St. Clair	St. Cl-18221	NA	Idaho	Daggett	40.909033	-109.43595	county_not_matched_no_match	county_not_matched	Ashley National Forest: Flaming Gorge National Recreation Area, vicinity of Cart Creek Bridge.	https://lichenportal.org/portal/collections/individual/index.php?occid=1774560
1774669	BRY	BRY-L-0021759	Larry L. St. Clair	St. Cl-18191	NA	Idaho	Daggett	40.909033	-109.43595	county_not_matched_no_match	county_not_matched	Ashley National Forest: Flaming Gorge National Recreation Area, vicinity of Cart Creek Bridge.	https://lichenportal.org/portal/collections/individual/index.php?occid=1774669
1774707	BRY	BRY-L-0021771	Larry L. St. Clair	St. Cl-18203	NA	Idaho	Daggett	40.909033	-109.43595	county_not_matched_no_match	county_not_matched	Ashley National Forest: Flaming Gorge National Recreation Area, vicinity of Cart Creek Bridge.	https://lichenportal.org/portal/collections/individual/index.php?occid=1774707
1774787	BRY	BRY-L-0021781	Larry L. St. Clair	St. Cl-18213	NA	Idaho	Daggett	40.909033	-109.43595	county_not_matched_no_match	county_not_matched	Ashley National Forest: Flaming Gorge National Recreation Area, vicinity of Cart Creek Bridge.	https://lichenportal.org/portal/collections/individual/index.php?occid=1774787
1775011	BRY	BRY-L-0021799	Larry L. St. Clair	St. Cl-18231	NA	Idaho	Daggett	40.909033	-109.43595	county_not_matched_no_match	county_not_matched	Ashley National Forest: Flaming Gorge National Recreation Area, vicinity of Cart Creek Bridge.	https://lichenportal.org/portal/collections/individual/index.php?occid=1775011
1832841	BRY	BRY-L-0023728	Larry L. St. Clair	St. Cl-17198	NA	Idaho	Garfield	43.8979	-114.9032	county_not_matched_no_match	county_not_matched	Sawtooth National Forest: Alpine Lake Trailhead, Lake Alturas vicinity.	https://lichenportal.org/portal/collections/individual/index.php?occid=1832841
1833887	BRY	BRY-L-0023727	Larry L. St. Clair	St. Cl-17197A	NA	Idaho	Garfield	43.8979	-114.9032	county_not_matched_no_match	county_not_matched	Sawtooth National Forest: Alpine Lake Trailhead, Lake Alturas vicinity.	https://lichenportal.org/portal/collections/individual/index.php?occid=1833887
1833971	BRY	BRY-L-0023729	Larry L. St. Clair	St. Cl-17197B	NA	Idaho	Garfield	43.8979	-114.9032	county_not_matched_no_match	county_not_matched	Sawtooth National Forest: Alpine Lake Trailhead, Lake Alturas vicinity.	https://lichenportal.org/portal/collections/individual/index.php?occid=1833971
