id	institutionCode	catalogNumber	recordedBy	recordNumber	distance_km	distance_max_km	state	county	decimalLatitude	decimalLongitude	status	implied_location	locality	record_link
1471076	BRY	BRY-L-0020984	Sam Shushan	11268	7162.74	7229.63	Montana	Granite	16.58	-42.887	outside_boundary_exact	not_found_in_US	Deerlodge National Forest: Anaconda-Pintler Wilderness Area, Goat Flat.	https://lichenportal.org/portal/collections/individual/index.php?occid=1471076
1570397	BRY	BRY-L-0020983	Sam Shushan	11266	7162.74	7229.63	Montana	Granite	16.58	-42.887	outside_boundary_exact	not_found_in_US	Deerlodge National Forest: Anaconda-Pintler Wilderness Area, Goat Flat.	https://lichenportal.org/portal/collections/individual/index.php?occid=1570397
1361734	BRY	BRY-L-0017575	Maynard C. Bowers	sl-3529	6921.93	7070.85	Montana	Glacier	13.666667	-48.75	outside_boundary_exact	not_found_in_US	Glacier National Park: on Piegan Pass between Piegan Mountain And Mountain Cataract	https://lichenportal.org/portal/collections/individual/index.php?occid=1361734
1832840	BRY	BRY-L-0028394	Larry L. St. Clair	St. Cl-16709	202.55	375.53	Montana	Sanders	46.705683	-111.614099	outside_boundary_exact	Montana, Broadwater County	Helena National Forest: Gates of the Mountain Wilderness Area, Hunters Gulch. GPS reading is via internet map and points to turnoff at head of Hunter's Gulch.	https://lichenportal.org/portal/collections/individual/index.php?occid=1832840
1832849	BRY	BRY-L-0028393	Larry L. St. Clair	St. Cl-16708	202.55	375.53	Montana	Sanders	46.705683	-111.614099	outside_boundary_exact	Montana, Broadwater County	Helena National Forest: Gates of the Mountain Wilderness Area, Hunters Gulch. GPS reading is via internet map and points to turnoff at head of Hunter's Gulch.	https://lichenportal.org/portal/collections/individual/index.php?occid=1832849
1833428	BRY	BRY-L-0028395	Larry L. St. Clair	St. Cl-16710	202.55	375.53	Montana	Sanders	46.705683	-111.614099	outside_boundary_exact	Montana, Broadwater County	Helena National Forest: Gates of the Mountain Wilderness Area, Hunters Gulch. GPS reading is via internet map and points to turnoff at head of Hunter's Gulch.	https://lichenportal.org/portal/collections/individual/index.php?occid=1833428
1832447	BRY	BRY-L-0028374	Larry L. St. Clair	St. Cl-16711	189.89	359.9	Montana	Sanders	46.84916	-111.737545	outside_boundary_exact	Montana, Lewis and Clark County	Helena National Forest: Gates of the Mountain Wilderness Area, Refrigerator Canyon. GPS reading from internet map points to Refrigerator Canyon Trailhead parking lot along Beaver Creek Road.	https://lichenportal.org/portal/collections/individual/index.php?occid=1832447
1832453	BRY	BRY-L-0028377	Larry L. St. Clair	St. Cl-16714	189.89	359.9	Montana	Sanders	46.84916	-111.737545	outside_boundary_exact	Montana, Lewis and Clark County	Helena National Forest: Gates of the Mountain Wilderness Area, Refrigerator Canyon. GPS reading from internet map points to Refrigerator Canyon Trailhead parking lot along Beaver Creek Road.	https://lichenportal.org/portal/collections/individual/index.php?occid=1832453
1832660	BRY	BRY-L-0028376	Larry L. St. Clair	St. Cl-16713	189.89	359.9	Montana	Sanders	46.84916	-111.737545	outside_boundary_exact	Montana, Lewis and Clark County	Helena National Forest: Gates of the Mountain Wilderness Area, Refrigerator Canyon. GPS reading from internet map points to Refrigerator Canyon Trailhead parking lot along Beaver Creek Road.	https://lichenportal.org/portal/collections/individual/index.php?occid=1832660
1832881	BRY	BRY-L-0028379	Larry L. St. Clair	St. Cl-16716	189.89	359.9	Montana	Sanders	46.84916	-111.737545	outside_boundary_exact	Montana, Lewis and Clark County	Helena National Forest: Gates of the Mountain Wilderness Area, Refrigerator Canyon. GPS reading from internet map points to Refrigerator Canyon Trailhead parking lot along Beaver Creek Road.	https://lichenportal.org/portal/collections/individual/index.php?occid=1832881
1833347	BRY	BRY-L-0028375	Larry L. St. Clair	St. Cl-16712	189.89	359.9	Montana	Sanders	46.84916	-111.737545	outside_boundary_exact	Montana, Lewis and Clark County	Helena National Forest: Gates of the Mountain Wilderness Area, Refrigerator Canyon. GPS reading from internet map points to Refrigerator Canyon Trailhead parking lot along Beaver Creek Road.	https://lichenportal.org/portal/collections/individual/index.php?occid=1833347
1833353	BRY	BRY-L-0028385	Larry L. St. Clair	St. Cl-16722	189.89	359.9	Montana	Sanders	46.84916	-111.737545	outside_boundary_exact	Montana, Lewis and Clark County	Helena National Forest: Gates of the Mountain Wilderness Area, Refrigerator Canyon. GPS reading from internet map points to Refrigerator Canyon Trailhead parking lot along Beaver Creek Road.	https://lichenportal.org/portal/collections/individual/index.php?occid=1833353
1833543	BRY	BRY-L-0028383	Larry L. St. Clair	St. Cl-16720	189.89	359.9	Montana	Sanders	46.84916	-111.737545	outside_boundary_exact	Montana, Lewis and Clark County	Helena National Forest: Gates of the Mountain Wilderness Area, Refrigerator Canyon. GPS reading from internet map points to Refrigerator Canyon Trailhead parking lot along Beaver Creek Road.	https://lichenportal.org/portal/collections/individual/index.php?occid=1833543
1833609	BRY	BRY-L-0028384	Larry L. St. Clair	St. Cl-16721	189.89	359.9	Montana	Sanders	46.84916	-111.737545	outside_boundary_exact	Montana, Lewis and Clark County	Helena National Forest: Gates of the Mountain Wilderness Area, Refrigerator Canyon. GPS reading from internet map points to Refrigerator Canyon Trailhead parking lot along Beaver Creek Road.	https://lichenportal.org/portal/collections/individual/index.php?occid=1833609
1833722	BRY	BRY-L-0028378	Larry L. St. Clair	St. Cl-16715	189.89	359.9	Montana	Sanders	46.84916	-111.737545	outside_boundary_exact	Montana, Lewis and Clark County	Helena National Forest: Gates of the Mountain Wilderness Area, Refrigerator Canyon. GPS reading from internet map points to Refrigerator Canyon Trailhead parking lot along Beaver Creek Road.	https://lichenportal.org/portal/collections/individual/index.php?occid=1833722
1833855	BRY	BRY-L-0028386	Larry L. St. Clair	St. Cl-16723	189.89	359.9	Montana	Sanders	46.84916	-111.737545	outside_boundary_exact	Montana, Lewis and Clark County	Helena National Forest: Gates of the Mountain Wilderness Area, Refrigerator Canyon. GPS reading from internet map points to Refrigerator Canyon Trailhead parking lot along Beaver Creek Road.	https://lichenportal.org/portal/collections/individual/index.php?occid=1833855
1833944	BRY	BRY-L-0028381	Larry L. St. Clair	St. Cl-16718	189.89	359.9	Montana	Sanders	46.84916	-111.737545	outside_boundary_exact	Montana, Lewis and Clark County	Helena National Forest: Gates of the Mountain Wilderness Area, Refrigerator Canyon. GPS reading from internet map points to Refrigerator Canyon Trailhead parking lot along Beaver Creek Road.	https://lichenportal.org/portal/collections/individual/index.php?occid=1833944
1833995	BRY	BRY-L-0028382	Larry L. St. Clair	St. Cl-16719	189.89	359.9	Montana	Sanders	46.84916	-111.737545	outside_boundary_exact	Montana, Lewis and Clark County	Helena National Forest: Gates of the Mountain Wilderness Area, Refrigerator Canyon. GPS reading from internet map points to Refrigerator Canyon Trailhead parking lot along Beaver Creek Road.	https://lichenportal.org/portal/collections/individual/index.php?occid=1833995
1834146	BRY	BRY-L-0028380	Larry L. St. Clair	St. Cl-16717	189.89	359.9	Montana	Sanders	46.84916	-111.737545	outside_boundary_exact	Montana, Lewis and Clark County	Helena National Forest: Gates of the Mountain Wilderness Area, Refrigerator Canyon. GPS reading from internet map points to Refrigerator Canyon Trailhead parking lot along Beaver Creek Road.	https://lichenportal.org/portal/collections/individual/index.php?occid=1834146
1770260	BRY	BRY-L-0022200	Larry L. St. Clair	St. Cl-16686	125.75	200.33	Montana	Deerlodge	46.0568	-115.13	outside_boundary_similarity_0.7	Idaho, Idaho County	Beaverhead-Deerlodge National Forest: Four Mile Basin vicinity (northernmost lake).	https://lichenportal.org/portal/collections/individual/index.php?occid=1770260
1832249	BRY	BRY-L-0028018	Larry L. St. Clair	St. Cl-2738	111.32	226.83	Montana	Missoula	48.07395	-115.683517	outside_boundary_exact	Montana, Sanders County	Kootenai National Forest: Cabinet Mountains Wilderness Area, vicinity of Milwaukee Pass.	https://lichenportal.org/portal/collections/individual/index.php?occid=1832249
1832253	BRY	BRY-L-0028016	Larry L. St. Clair	St. Cl-2736	111.32	226.83	Montana	Missoula	48.07395	-115.683517	outside_boundary_exact	Montana, Sanders County	Kootenai National Forest: Cabinet Mountains Wilderness Area, vicinity of Milwaukee Pass.	https://lichenportal.org/portal/collections/individual/index.php?occid=1832253
1832324	BRY	BRY-L-0028017	Larry L. St. Clair	St. Cl-2737	111.32	226.83	Montana	Missoula	48.07395	-115.683517	outside_boundary_exact	Montana, Sanders County	Kootenai National Forest: Cabinet Mountains Wilderness Area, vicinity of Milwaukee Pass.	https://lichenportal.org/portal/collections/individual/index.php?occid=1832324
1832348	BRY	BRY-L-0028022	Larry L. St. Clair	St. Cl-2742	111.32	226.83	Montana	Missoula	48.07395	-115.683517	outside_boundary_exact	Montana, Sanders County	Kootenai National Forest: Cabinet Mountains Wilderness Area, vicinity of Milwaukee Pass.	https://lichenportal.org/portal/collections/individual/index.php?occid=1832348
1832349	BRY	BRY-L-0028019	Larry L. St. Clair	St. Cl-2739	111.32	226.83	Montana	Missoula	48.07395	-115.683517	outside_boundary_exact	Montana, Sanders County	Kootenai National Forest: Cabinet Mountains Wilderness Area, vicinity of Milwaukee Pass.	https://lichenportal.org/portal/collections/individual/index.php?occid=1832349
1832360	BRY	BRY-L-0028021	Larry L. St. Clair	St. Cl-2741	111.32	226.83	Montana	Missoula	48.07395	-115.683517	outside_boundary_exact	Montana, Sanders County	Kootenai National Forest: Cabinet Mountains Wilderness Area, vicinity of Milwaukee Pass.	https://lichenportal.org/portal/collections/individual/index.php?occid=1832360
1832384	BRY	BRY-L-0028008	Larry L. St. Clair	St. Cl-2727	111.32	226.83	Montana	Missoula	48.07395	-115.683517	outside_boundary_exact	Montana, Sanders County	Kootenai National Forest: Cabinet Mountains Wilderness Area, vicinity of Milwaukee Pass.	https://lichenportal.org/portal/collections/individual/index.php?occid=1832384
1832408	BRY	BRY-L-0028020	Larry L. St. Clair	St. Cl-2740	111.32	226.83	Montana	Missoula	48.07395	-115.683517	outside_boundary_exact	Montana, Sanders County	Kootenai National Forest: Cabinet Mountains Wilderness Area, vicinity of Milwaukee Pass.	https://lichenportal.org/portal/collections/individual/index.php?occid=1832408
1832488	BRY	BRY-L-0028014	Larry L. St. Clair	St. Cl-2734	111.32	226.83	Montana	Missoula	48.07395	-115.683517	outside_boundary_exact	Montana, Sanders County	Kootenai National Forest: Cabinet Mountains Wilderness Area, vicinity of Milwaukee Pass.	https://lichenportal.org/portal/collections/individual/index.php?occid=1832488
1832545	BRY	BRY-L-0028007	Larry L. St. Clair	St. Cl-2725	111.32	226.83	Montana	Missoula	48.07395	-115.683517	outside_boundary_exact	Montana, Sanders County	Kootenai National Forest: Cabinet Mountains Wilderness Area, vicinity of Milwaukee Pass.	https://lichenportal.org/portal/collections/individual/index.php?occid=1832545
1832550	BRY	BRY-L-0028013	Larry L. St. Clair	St. Cl-2726	111.32	226.83	Montana	Missoula	48.07395	-115.683517	outside_boundary_exact	Montana, Sanders County	Kootenai National Forest: Cabinet Mountains Wilderness Area, vicinity of Milwaukee Pass.	https://lichenportal.org/portal/collections/individual/index.php?occid=1832550
1832672	BRY	BRY-L-0028010	Larry L. St. Clair	St. Cl-2730	111.32	226.83	Montana	Missoula	48.07395	-115.683517	outside_boundary_exact	Montana, Sanders County	Kootenai National Forest: Cabinet Mountains Wilderness Area, vicinity of Milwaukee Pass.	https://lichenportal.org/portal/collections/individual/index.php?occid=1832672
1832761	BRY	BRY-L-0028006	Larry L. St. Clair	St. Cl-2724	111.32	226.83	Montana	Missoula	48.07395	-115.683517	outside_boundary_exact	Montana, Sanders County	Kootenai National Forest: Cabinet Mountains Wilderness Area, vicinity of Milwaukee Pass.	https://lichenportal.org/portal/collections/individual/index.php?occid=1832761
1832782	BRY	BRY-L-0028009	Larry L. St. Clair	St. Cl-2728	111.32	226.83	Montana	Missoula	48.07395	-115.683517	outside_boundary_exact	Montana, Sanders County	Kootenai National Forest: Cabinet Mountains Wilderness Area, vicinity of Milwaukee Pass.	https://lichenportal.org/portal/collections/individual/index.php?occid=1832782
1832785	BRY	BRY-L-0028012	Larry L. St. Clair	St. Cl-2733	111.32	226.83	Montana	Missoula	48.07395	-115.683517	outside_boundary_exact	Montana, Sanders County	Kootenai National Forest: Cabinet Mountains Wilderness Area, vicinity of Milwaukee Pass.	https://lichenportal.org/portal/collections/individual/index.php?occid=1832785
1832875	BRY	BRY-L-0028011	Larry L. St. Clair	St. Cl-2732	111.32	226.83	Montana	Missoula	48.07395	-115.683517	outside_boundary_exact	Montana, Sanders County	Kootenai National Forest: Cabinet Mountains Wilderness Area, vicinity of Milwaukee Pass.	https://lichenportal.org/portal/collections/individual/index.php?occid=1832875
1832921	BRY	BRY-L-0028015	Larry L. St. Clair	St. Cl-2735	111.32	226.83	Montana	Missoula	48.07395	-115.683517	outside_boundary_exact	Montana, Sanders County	Kootenai National Forest: Cabinet Mountains Wilderness Area, vicinity of Milwaukee Pass.	https://lichenportal.org/portal/collections/individual/index.php?occid=1832921
1832955	BRY	BRY-L-0028026	Larry L. St. Clair	St. Cl-2729	111.32	226.83	Montana	Missoula	48.07395	-115.683517	outside_boundary_exact	Montana, Sanders County	Kootenai National Forest: Cabinet Mountains Wilderness Area, vicinity of Milwaukee Pass.	https://lichenportal.org/portal/collections/individual/index.php?occid=1832955
1833371	BRY	BRY-L-0028041	Larry L. St. Clair	St. Cl-2756	111.32	226.83	Montana	Missoula	48.07395	-115.683517	outside_boundary_exact	Montana, Sanders County	Kootenai National Forest: Cabinet Mountains Wilderness Area, vicinity of Milwaukee Pass.	https://lichenportal.org/portal/collections/individual/index.php?occid=1833371
1833513	BRY	BRY-L-0028023	Larry L. St. Clair	St. Cl-2743	111.32	226.83	Montana	Missoula	48.07395	-115.683517	outside_boundary_exact	Montana, Sanders County	Kootenai National Forest: Cabinet Mountains Wilderness Area, vicinity of Milwaukee Pass.	https://lichenportal.org/portal/collections/individual/index.php?occid=1833513
1833526	BRY	BRY-L-0028032	Larry L. St. Clair	St. Cl-2731	111.32	226.83	Montana	Missoula	48.07395	-115.683517	outside_boundary_exact	Montana, Sanders County	Kootenai National Forest: Cabinet Mountains Wilderness Area, vicinity of Milwaukee Pass.	https://lichenportal.org/portal/collections/individual/index.php?occid=1833526
1833534	BRY	BRY-L-0028035	Larry L. St. Clair	St. Cl-2750	111.32	226.83	Montana	Missoula	48.07395	-115.683517	outside_boundary_exact	Montana, Sanders County	Kootenai National Forest: Cabinet Mountains Wilderness Area, vicinity of Milwaukee Pass.	https://lichenportal.org/portal/collections/individual/index.php?occid=1833534
1833572	BRY	BRY-L-0028037	Larry L. St. Clair	St. Cl-2752	111.32	226.83	Montana	Missoula	48.07395	-115.683517	outside_boundary_exact	Montana, Sanders County	Kootenai National Forest: Cabinet Mountains Wilderness Area, vicinity of Milwaukee Pass.	https://lichenportal.org/portal/collections/individual/index.php?occid=1833572
1833596	BRY	BRY-L-0028029	Larry L. St. Clair	St. Cl-2747	111.32	226.83	Montana	Missoula	48.07395	-115.683517	outside_boundary_exact	Montana, Sanders County	Kootenai National Forest: Cabinet Mountains Wilderness Area, vicinity of Milwaukee Pass.	https://lichenportal.org/portal/collections/individual/index.php?occid=1833596
1833626	BRY	BRY-L-0028036	Larry L. St. Clair	St. Cl-2751	111.32	226.83	Montana	Missoula	48.07395	-115.683517	outside_boundary_exact	Montana, Sanders County	Kootenai National Forest: Cabinet Mountains Wilderness Area, vicinity of Milwaukee Pass.	https://lichenportal.org/portal/collections/individual/index.php?occid=1833626
1833682	BRY	BRY-L-0028025	Larry L. St. Clair	St. Cl-2758	111.32	226.83	Montana	Missoula	48.07395	-115.683517	outside_boundary_exact	Montana, Sanders County	Kootenai National Forest: Cabinet Mountains Wilderness Area, vicinity of Milwaukee Pass.	https://lichenportal.org/portal/collections/individual/index.php?occid=1833682
1833692	BRY	BRY-L-0028024	Larry L. St. Clair	St. Cl-2744	111.32	226.83	Montana	Missoula	48.07395	-115.683517	outside_boundary_exact	Montana, Sanders County	Kootenai National Forest: Cabinet Mountains Wilderness Area, vicinity of Milwaukee Pass.	https://lichenportal.org/portal/collections/individual/index.php?occid=1833692
1833705	BRY	BRY-L-0028027	Larry L. St. Clair	St. Cl-2745	111.32	226.83	Montana	Missoula	48.07395	-115.683517	outside_boundary_exact	Montana, Sanders County	Kootenai National Forest: Cabinet Mountains Wilderness Area, vicinity of Milwaukee Pass.	https://lichenportal.org/portal/collections/individual/index.php?occid=1833705
1833740	BRY	BRY-L-0028034	Larry L. St. Clair	St. Cl-2749	111.32	226.83	Montana	Missoula	48.07395	-115.683517	outside_boundary_exact	Montana, Sanders County	Kootenai National Forest: Cabinet Mountains Wilderness Area, vicinity of Milwaukee Pass.	https://lichenportal.org/portal/collections/individual/index.php?occid=1833740
1833850	BRY	BRY-L-0028042	Larry L. St. Clair	St. Cl-2757	111.32	226.83	Montana	Missoula	48.07395	-115.683517	outside_boundary_exact	Montana, Sanders County	Kootenai National Forest: Cabinet Mountains Wilderness Area, vicinity of Milwaukee Pass.	https://lichenportal.org/portal/collections/individual/index.php?occid=1833850
1833913	BRY	BRY-L-0028033	Larry L. St. Clair	St. Cl-2723	111.32	226.83	Montana	Missoula	48.07395	-115.683517	outside_boundary_exact	Montana, Sanders County	Kootenai National Forest: Cabinet Mountains Wilderness Area, vicinity of Milwaukee Pass.	https://lichenportal.org/portal/collections/individual/index.php?occid=1833913
1833925	BRY	BRY-L-0028038	Larry L. St. Clair	St. Cl-2753	111.32	226.83	Montana	Missoula	48.07395	-115.683517	outside_boundary_exact	Montana, Sanders County	Kootenai National Forest: Cabinet Mountains Wilderness Area, vicinity of Milwaukee Pass.	https://lichenportal.org/portal/collections/individual/index.php?occid=1833925
1833943	BRY	BRY-L-0028040	Larry L. St. Clair	St. Cl-2755	111.32	226.83	Montana	Missoula	48.07395	-115.683517	outside_boundary_exact	Montana, Sanders County	Kootenai National Forest: Cabinet Mountains Wilderness Area, vicinity of Milwaukee Pass.	https://lichenportal.org/portal/collections/individual/index.php?occid=1833943
1833990	BRY	BRY-L-0028039	Larry L. St. Clair	St. Cl-2754	111.32	226.83	Montana	Missoula	48.07395	-115.683517	outside_boundary_exact	Montana, Sanders County	Kootenai National Forest: Cabinet Mountains Wilderness Area, vicinity of Milwaukee Pass.	https://lichenportal.org/portal/collections/individual/index.php?occid=1833990
1834048	BRY	BRY-L-0028030	Larry L. St. Clair	St. Cl-2748	111.32	226.83	Montana	Missoula	48.07395	-115.683517	outside_boundary_exact	Montana, Sanders County	Kootenai National Forest: Cabinet Mountains Wilderness Area, vicinity of Milwaukee Pass.	https://lichenportal.org/portal/collections/individual/index.php?occid=1834048
1834054	BRY	BRY-L-0028031	Larry L. St. Clair	St. Cl-2759	111.32	226.83	Montana	Missoula	48.07395	-115.683517	outside_boundary_exact	Montana, Sanders County	Kootenai National Forest: Cabinet Mountains Wilderness Area, vicinity of Milwaukee Pass.	https://lichenportal.org/portal/collections/individual/index.php?occid=1834054
1834057	BRY	BRY-L-0028028	Larry L. St. Clair	St. Cl-2746	111.32	226.83	Montana	Missoula	48.07395	-115.683517	outside_boundary_exact	Montana, Sanders County	Kootenai National Forest: Cabinet Mountains Wilderness Area, vicinity of Milwaukee Pass.	https://lichenportal.org/portal/collections/individual/index.php?occid=1834057
2010891	BRY	BRY-L-0031816	Larry L. St. Clair	St. Cl-2708	111.32	226.83	Montana	Missoula	48.07395	-115.683517	outside_boundary_exact	Montana, Sanders County	Kootenai National Forest: Cabinet Mountains Wilderness Area, Milwaukee Pass.	https://lichenportal.org/portal/collections/individual/index.php?occid=2010891
2010892	BRY	BRY-L-0031817	Larry L. St. Clair	St. Cl-2709	111.32	226.83	Montana	Missoula	48.07395	-115.683517	outside_boundary_exact	Montana, Sanders County	Kootenai National Forest: Cabinet Mountains Wilderness Area, Milwaukee Pass.	https://lichenportal.org/portal/collections/individual/index.php?occid=2010892
2010893	BRY	BRY-L-0031818	Larry L. St. Clair	St. Cl-2710	111.32	226.83	Montana	Missoula	48.07395	-115.683517	outside_boundary_exact	Montana, Sanders County	Kootenai National Forest: Cabinet Mountains Wilderness Area, Milwaukee Pass.	https://lichenportal.org/portal/collections/individual/index.php?occid=2010893
2010894	BRY	BRY-L-0031819	Larry L. St. Clair	St. Cl-2711	111.32	226.83	Montana	Missoula	48.07395	-115.683517	outside_boundary_exact	Montana, Sanders County	Kootenai National Forest: Cabinet Mountains Wilderness Area, Milwaukee Pass.	https://lichenportal.org/portal/collections/individual/index.php?occid=2010894
2010895	BRY	BRY-L-0031820	Larry L. St. Clair	St. Cl-2712	111.32	226.83	Montana	Missoula	48.07395	-115.683517	outside_boundary_exact	Montana, Sanders County	Kootenai National Forest: Cabinet Mountains Wilderness Area, Milwaukee Pass.	https://lichenportal.org/portal/collections/individual/index.php?occid=2010895
2010896	BRY	BRY-L-0031821	Larry L. St. Clair	St. Cl-2713	111.32	226.83	Montana	Missoula	48.07395	-115.683517	outside_boundary_exact	Montana, Sanders County	Kootenai National Forest: Cabinet Mountains Wilderness Area, Milwaukee Pass.	https://lichenportal.org/portal/collections/individual/index.php?occid=2010896
2010897	BRY	BRY-L-0031822	Larry L. St. Clair	St. Cl-2714	111.32	226.83	Montana	Missoula	48.07395	-115.683517	outside_boundary_exact	Montana, Sanders County	Kootenai National Forest: Cabinet Mountains Wilderness Area, Milwaukee Pass.	https://lichenportal.org/portal/collections/individual/index.php?occid=2010897
2010898	BRY	BRY-L-0031823	Larry L. St. Clair	St. Cl-2715	111.32	226.83	Montana	Missoula	48.07395	-115.683517	outside_boundary_exact	Montana, Sanders County	Kootenai National Forest: Cabinet Mountains Wilderness Area, Milwaukee Pass.	https://lichenportal.org/portal/collections/individual/index.php?occid=2010898
2010899	BRY	BRY-L-0031824	Larry L. St. Clair	St. Cl-2716	111.32	226.83	Montana	Missoula	48.07395	-115.683517	outside_boundary_exact	Montana, Sanders County	Kootenai National Forest: Cabinet Mountains Wilderness Area, Milwaukee Pass.	https://lichenportal.org/portal/collections/individual/index.php?occid=2010899
2010900	BRY	BRY-L-0031825	Larry L. St. Clair	St. Cl-2717	111.32	226.83	Montana	Missoula	48.07395	-115.683517	outside_boundary_exact	Montana, Sanders County	Kootenai National Forest: Cabinet Mountains Wilderness Area, Milwaukee Pass.	https://lichenportal.org/portal/collections/individual/index.php?occid=2010900
2010901	BRY	BRY-L-0031826	Larry L. St. Clair	St. Cl-2718	111.32	226.83	Montana	Missoula	48.07395	-115.683517	outside_boundary_exact	Montana, Sanders County	Kootenai National Forest: Cabinet Mountains Wilderness Area, Milwaukee Pass.	https://lichenportal.org/portal/collections/individual/index.php?occid=2010901
2010902	BRY	BRY-L-0031827	Larry L. St. Clair	St. Cl-2719	111.32	226.83	Montana	Missoula	48.07395	-115.683517	outside_boundary_exact	Montana, Sanders County	Kootenai National Forest: Cabinet Mountains Wilderness Area, Milwaukee Pass.	https://lichenportal.org/portal/collections/individual/index.php?occid=2010902
2010903	BRY	BRY-L-0031828	Larry L. St. Clair	St. Cl-2720	111.32	226.83	Montana	Missoula	48.07395	-115.683517	outside_boundary_exact	Montana, Sanders County	Kootenai National Forest: Cabinet Mountains Wilderness Area, Milwaukee Pass.	https://lichenportal.org/portal/collections/individual/index.php?occid=2010903
2010904	BRY	BRY-L-0031829	Larry L. St. Clair	St. Cl-2721	111.32	226.83	Montana	Missoula	48.07395	-115.683517	outside_boundary_exact	Montana, Sanders County	Kootenai National Forest: Cabinet Mountains Wilderness Area, Milwaukee Pass.	https://lichenportal.org/portal/collections/individual/index.php?occid=2010904
2010905	BRY	BRY-L-0031830	Larry L. St. Clair	St. Cl-2722	111.32	226.83	Montana	Missoula	48.07395	-115.683517	outside_boundary_exact	Montana, Sanders County	Kootenai National Forest: Cabinet Mountains Wilderness Area, Milwaukee Pass.	https://lichenportal.org/portal/collections/individual/index.php?occid=2010905
2570181	BRY	BRY-L-0039293	Larry L. St. Clair	St. Cl-17810	46.81	163.62	Montana	Missoula	47.333717	-112.730067	outside_boundary_exact	Montana, Lewis and Clark County	Flathead National Forest: Near boundary of Mission Mountains Wilderness Area, vicinity of Crystal Lake Trailhead.	https://lichenportal.org/portal/collections/individual/index.php?occid=2570181
2570184	BRY	BRY-L-0039294	Larry L. St. Clair	St. Cl-17811	46.81	163.62	Montana	Missoula	47.333717	-112.730067	outside_boundary_exact	Montana, Lewis and Clark County	Flathead National Forest: Near boundary of Mission Mountains Wilderness Area, vicinity of Crystal Lake Trailhead.	https://lichenportal.org/portal/collections/individual/index.php?occid=2570184
1832298	BRY	BRY-L-0028713	Larry L. St. Clair	St. Cl-14670	40.34	144.34	Montana	Ravalli	45.693317	-113.08495	outside_boundary_exact	Montana, Beaverhead County	Bitterroot National Forest: NADP site, Lost Trail Pass.	https://lichenportal.org/portal/collections/individual/index.php?occid=1832298
1832857	BRY	BRY-L-0028711	Larry L. St. Clair	St. Cl-14675	40.34	144.34	Montana	Ravalli	45.693317	-113.08495	outside_boundary_exact	Montana, Beaverhead County	Bitterroot National Forest: NADP site, Lost Trail Pass.	https://lichenportal.org/portal/collections/individual/index.php?occid=1832857
1832953	BRY	BRY-L-0028717	Larry L. St. Clair	St. Cl-14669	40.34	144.34	Montana	Ravalli	45.693317	-113.08495	outside_boundary_exact	Montana, Beaverhead County	Bitterroot National Forest: NADP site, Lost Trail Pass.	https://lichenportal.org/portal/collections/individual/index.php?occid=1832953
1833536	BRY	BRY-L-0028715	Larry L. St. Clair	St. Cl-14672	40.34	144.34	Montana	Ravalli	45.693317	-113.08495	outside_boundary_exact	Montana, Beaverhead County	Bitterroot National Forest: NADP site, Lost Trail Pass.	https://lichenportal.org/portal/collections/individual/index.php?occid=1833536
1833672	BRY	BRY-L-0028716	Larry L. St. Clair	St. Cl-14673	40.34	144.34	Montana	Ravalli	45.693317	-113.08495	outside_boundary_exact	Montana, Beaverhead County	Bitterroot National Forest: NADP site, Lost Trail Pass.	https://lichenportal.org/portal/collections/individual/index.php?occid=1833672
2010645	BRY	BRY-L-0031567	Larry L. St. Clair	St. Cl-14667	40.34	144.34	Montana	Ravalli	45.693317	-113.08495	outside_boundary_exact	Montana, Beaverhead County	Bitterroot National Forest: NADP site, Lost Trail Pass.	https://lichenportal.org/portal/collections/individual/index.php?occid=2010645
1832160	BRY	BRY-L-0027958	Larry L. St. Clair	St. Cl-2573	39.69	109.05	Montana	Granite	46.279057	-112.522965	outside_boundary_exact	Montana, Jefferson County	Beaverhead-Deerlodge National Forest: Anaconda Pintler Wilderness Area, Middle Fork of Rock Creek, along Trail 28. GPS reading is from internet map and points to where Rock Creek Road and Rock Creek intersect.	https://lichenportal.org/portal/collections/individual/index.php?occid=1832160
1832164	BRY	BRY-L-0027959	Larry L. St. Clair	St. Cl-2574	39.69	109.05	Montana	Granite	46.279057	-112.522965	outside_boundary_exact	Montana, Jefferson County	Beaverhead-Deerlodge National Forest: Anaconda Pintler Wilderness Area, Middle Fork of Rock Creek, along Trail 28. GPS reading is from internet map and points to where Rock Creek Road and Rock Creek intersect.	https://lichenportal.org/portal/collections/individual/index.php?occid=1832164
1832169	BRY	BRY-L-0027960	Larry L. St. Clair	St. Cl-2575	39.69	109.05	Montana	Granite	46.279057	-112.522965	outside_boundary_exact	Montana, Jefferson County	Beaverhead-Deerlodge National Forest: Anaconda Pintler Wilderness Area, Middle Fork of Rock Creek, along Trail 28. GPS reading is from internet map and points to where Rock Creek Road and Rock Creek intersect.	https://lichenportal.org/portal/collections/individual/index.php?occid=1832169
1832210	BRY	BRY-L-0027966	Larry L. St. Clair	St. Cl-2581	39.69	109.05	Montana	Granite	46.279057	-112.522965	outside_boundary_exact	Montana, Jefferson County	Beaverhead-Deerlodge National Forest: Anaconda Pintler Wilderness Area, Middle Fork of Rock Creek, along Trail 28. GPS reading is from internet map and points to where Rock Creek Road and Rock Creek intersect.	https://lichenportal.org/portal/collections/individual/index.php?occid=1832210
1832255	BRY	BRY-L-0027957	Larry L. St. Clair	St. Cl-2572	39.69	109.05	Montana	Granite	46.279057	-112.522965	outside_boundary_exact	Montana, Jefferson County	Beaverhead-Deerlodge National Forest: Anaconda Pintler Wilderness Area, Middle Fork of Rock Creek, along Trail 28. GPS reading is from internet map and points to where Rock Creek Road and Rock Creek intersect.	https://lichenportal.org/portal/collections/individual/index.php?occid=1832255
1832258	BRY	BRY-L-0027956	Larry L. St. Clair	St. Cl-2571	39.69	109.05	Montana	Granite	46.279057	-112.522965	outside_boundary_exact	Montana, Jefferson County	Beaverhead-Deerlodge National Forest: Anaconda Pintler Wilderness Area, Middle Fork of Rock Creek, along Trail 28. GPS reading is from internet map and points to where Rock Creek Road and Rock Creek intersect.	https://lichenportal.org/portal/collections/individual/index.php?occid=1832258
1832284	BRY	BRY-L-0027972	Larry L. St. Clair	St. Cl-2587	39.69	109.05	Montana	Granite	46.279057	-112.522965	outside_boundary_exact	Montana, Jefferson County	Beaverhead-Deerlodge National Forest: Anaconda Pintler Wilderness Area, Middle Fork of Rock Creek, along Trail 28. GPS reading is from internet map and points to where Rock Creek Road and Rock Creek intersect.	https://lichenportal.org/portal/collections/individual/index.php?occid=1832284
1832287	BRY	BRY-L-0027974	Larry L. St. Clair	St. Cl-2589	39.69	109.05	Montana	Granite	46.279057	-112.522965	outside_boundary_exact	Montana, Jefferson County	Beaverhead-Deerlodge National Forest: Anaconda Pintler Wilderness Area, Middle Fork of Rock Creek, along Trail 28. GPS reading is from internet map and points to where Rock Creek Road and Rock Creek intersect.	https://lichenportal.org/portal/collections/individual/index.php?occid=1832287
1832289	BRY	BRY-L-0027973	Larry L. St. Clair	St. Cl-2588	39.69	109.05	Montana	Granite	46.279057	-112.522965	outside_boundary_exact	Montana, Jefferson County	Beaverhead-Deerlodge National Forest: Anaconda Pintler Wilderness Area, Middle Fork of Rock Creek, along Trail 28. GPS reading is from internet map and points to where Rock Creek Road and Rock Creek intersect.	https://lichenportal.org/portal/collections/individual/index.php?occid=1832289
1832299	BRY	BRY-L-0027971	Larry L. St. Clair	St. Cl-2586	39.69	109.05	Montana	Granite	46.279057	-112.522965	outside_boundary_exact	Montana, Jefferson County	Beaverhead-Deerlodge National Forest: Anaconda Pintler Wilderness Area, Middle Fork of Rock Creek, along Trail 28. GPS reading is from internet map and points to where Rock Creek Road and Rock Creek intersect.	https://lichenportal.org/portal/collections/individual/index.php?occid=1832299
1832316	BRY	BRY-L-0027964	Larry L. St. Clair	St. Cl-2579	39.69	109.05	Montana	Granite	46.279057	-112.522965	outside_boundary_exact	Montana, Jefferson County	Beaverhead-Deerlodge National Forest: Anaconda Pintler Wilderness Area, Middle Fork of Rock Creek, along Trail 28. GPS reading is from internet map and points to where Rock Creek Road and Rock Creek intersect.	https://lichenportal.org/portal/collections/individual/index.php?occid=1832316
1832356	BRY	BRY-L-0027980	Larry L. St. Clair	St. Cl-2595	39.69	109.05	Montana	Granite	46.279057	-112.522965	outside_boundary_exact	Montana, Jefferson County	Beaverhead-Deerlodge National Forest: Anaconda Pintler Wilderness Area, Middle Fork of Rock Creek, along Trail 28. GPS reading is from internet map and points to where Rock Creek Road and Rock Creek intersect.	https://lichenportal.org/portal/collections/individual/index.php?occid=1832356
1832443	BRY	BRY-L-0027976	Larry L. St. Clair	St. Cl-2591	39.69	109.05	Montana	Granite	46.279057	-112.522965	outside_boundary_exact	Montana, Jefferson County	Beaverhead-Deerlodge National Forest: Anaconda Pintler Wilderness Area, Middle Fork of Rock Creek, along Trail 28. GPS reading is from internet map and points to where Rock Creek Road and Rock Creek intersect.	https://lichenportal.org/portal/collections/individual/index.php?occid=1832443
1832446	BRY	BRY-L-0027977	Larry L. St. Clair	St. Cl-2592	39.69	109.05	Montana	Granite	46.279057	-112.522965	outside_boundary_exact	Montana, Jefferson County	Beaverhead-Deerlodge National Forest: Anaconda Pintler Wilderness Area, Middle Fork of Rock Creek, along Trail 28. GPS reading is from internet map and points to where Rock Creek Road and Rock Creek intersect.	https://lichenportal.org/portal/collections/individual/index.php?occid=1832446
1832458	BRY	BRY-L-0027975	Larry L. St. Clair	St. Cl-2590	39.69	109.05	Montana	Granite	46.279057	-112.522965	outside_boundary_exact	Montana, Jefferson County	Beaverhead-Deerlodge National Forest: Anaconda Pintler Wilderness Area, Middle Fork of Rock Creek, along Trail 28. GPS reading is from internet map and points to where Rock Creek Road and Rock Creek intersect.	https://lichenportal.org/portal/collections/individual/index.php?occid=1832458
1832472	BRY	BRY-L-0027968	Larry L. St. Clair	St. Cl-2583	39.69	109.05	Montana	Granite	46.279057	-112.522965	outside_boundary_exact	Montana, Jefferson County	Beaverhead-Deerlodge National Forest: Anaconda Pintler Wilderness Area, Middle Fork of Rock Creek, along Trail 28. GPS reading is from internet map and points to where Rock Creek Road and Rock Creek intersect.	https://lichenportal.org/portal/collections/individual/index.php?occid=1832472
1832473	BRY	BRY-L-0027970	Larry L. St. Clair	St. Cl-2585	39.69	109.05	Montana	Granite	46.279057	-112.522965	outside_boundary_exact	Montana, Jefferson County	Beaverhead-Deerlodge National Forest: Anaconda Pintler Wilderness Area, Middle Fork of Rock Creek, along Trail 28. GPS reading is from internet map and points to where Rock Creek Road and Rock Creek intersect.	https://lichenportal.org/portal/collections/individual/index.php?occid=1832473
1832475	BRY	BRY-L-0027969	Larry L. St. Clair	St. Cl-2584	39.69	109.05	Montana	Granite	46.279057	-112.522965	outside_boundary_exact	Montana, Jefferson County	Beaverhead-Deerlodge National Forest: Anaconda Pintler Wilderness Area, Middle Fork of Rock Creek, along Trail 28. GPS reading is from internet map and points to where Rock Creek Road and Rock Creek intersect.	https://lichenportal.org/portal/collections/individual/index.php?occid=1832475
1832491	BRY	BRY-L-0027965	Larry L. St. Clair	St. Cl-2580	39.69	109.05	Montana	Granite	46.279057	-112.522965	outside_boundary_exact	Montana, Jefferson County	Beaverhead-Deerlodge National Forest: Anaconda Pintler Wilderness Area, Middle Fork of Rock Creek, along Trail 28. GPS reading is from internet map and points to where Rock Creek Road and Rock Creek intersect.	https://lichenportal.org/portal/collections/individual/index.php?occid=1832491
1832537	BRY	BRY-L-0027955	Larry L. St. Clair	St. Cl-2567	39.69	109.05	Montana	Granite	46.279057	-112.522965	outside_boundary_exact	Montana, Jefferson County	Beaverhead-Deerlodge National Forest: Anaconda Pintler Wilderness Area, Middle Fork of Rock Creek, along Trail 28. GPS reading is from internet map and points to where Rock Creek Road and Rock Creek intersect.	https://lichenportal.org/portal/collections/individual/index.php?occid=1832537
1832541	BRY	BRY-L-0027953	Larry L. St. Clair	St. Cl-2565	39.69	109.05	Montana	Granite	46.279057	-112.522965	outside_boundary_exact	Montana, Jefferson County	Beaverhead-Deerlodge National Forest: Anaconda Pintler Wilderness Area, Middle Fork of Rock Creek, along Trail 28. GPS reading is from internet map and points to where Rock Creek Road and Rock Creek intersect.	https://lichenportal.org/portal/collections/individual/index.php?occid=1832541
1832542	BRY	BRY-L-0027954	Larry L. St. Clair	St. Cl-2566	39.69	109.05	Montana	Granite	46.279057	-112.522965	outside_boundary_exact	Montana, Jefferson County	Beaverhead-Deerlodge National Forest: Anaconda Pintler Wilderness Area, Middle Fork of Rock Creek, along Trail 28. GPS reading is from internet map and points to where Rock Creek Road and Rock Creek intersect.	https://lichenportal.org/portal/collections/individual/index.php?occid=1832542
1832555	BRY	BRY-L-0027967	Larry L. St. Clair	St. Cl-2582	39.69	109.05	Montana	Granite	46.279057	-112.522965	outside_boundary_exact	Montana, Jefferson County	Beaverhead-Deerlodge National Forest: Anaconda Pintler Wilderness Area, Middle Fork of Rock Creek, along Trail 28. GPS reading is from internet map and points to where Rock Creek Road and Rock Creek intersect.	https://lichenportal.org/portal/collections/individual/index.php?occid=1832555
1832657	BRY	BRY-L-0027979	Larry L. St. Clair	St. Cl-2594	39.69	109.05	Montana	Granite	46.279057	-112.522965	outside_boundary_exact	Montana, Jefferson County	Beaverhead-Deerlodge National Forest: Anaconda Pintler Wilderness Area, Middle Fork of Rock Creek, along Trail 28. GPS reading is from internet map and points to where Rock Creek Road and Rock Creek intersect.	https://lichenportal.org/portal/collections/individual/index.php?occid=1832657
1832659	BRY	BRY-L-0027978	Larry L. St. Clair	St. Cl-2593	39.69	109.05	Montana	Granite	46.279057	-112.522965	outside_boundary_exact	Montana, Jefferson County	Beaverhead-Deerlodge National Forest: Anaconda Pintler Wilderness Area, Middle Fork of Rock Creek, along Trail 28. GPS reading is from internet map and points to where Rock Creek Road and Rock Creek intersect.	https://lichenportal.org/portal/collections/individual/index.php?occid=1832659
1832704	BRY	BRY-L-0027984	Larry L. St. Clair	St. Cl-2599	39.69	109.05	Montana	Granite	46.279057	-112.522965	outside_boundary_exact	Montana, Jefferson County	Beaverhead-Deerlodge National Forest: Anaconda Pintler Wilderness Area, Middle Fork of Rock Creek, along Trail 28. GPS reading is from internet map and points to where Rock Creek Road and Rock Creek intersect.	https://lichenportal.org/portal/collections/individual/index.php?occid=1832704
1832760	BRY	BRY-L-0027952	Larry L. St. Clair	St. Cl-2563	39.69	109.05	Montana	Granite	46.279057	-112.522965	outside_boundary_exact	Montana, Jefferson County	Beaverhead-Deerlodge National Forest: Anaconda Pintler Wilderness Area, Middle Fork of Rock Creek, along Trail 28. GPS reading is from internet map and points to where Rock Creek Road and Rock Creek intersect.	https://lichenportal.org/portal/collections/individual/index.php?occid=1832760
1832764	BRY	BRY-L-0027951	Larry L. St. Clair	St. Cl-2564	39.69	109.05	Montana	Granite	46.279057	-112.522965	outside_boundary_exact	Montana, Jefferson County	Beaverhead-Deerlodge National Forest: Anaconda Pintler Wilderness Area, Middle Fork of Rock Creek, along Trail 28. GPS reading is from internet map and points to where Rock Creek Road and Rock Creek intersect.	https://lichenportal.org/portal/collections/individual/index.php?occid=1832764
1832811	BRY	BRY-L-0027962	Larry L. St. Clair	St. Cl-2577	39.69	109.05	Montana	Granite	46.279057	-112.522965	outside_boundary_exact	Montana, Jefferson County	Beaverhead-Deerlodge National Forest: Anaconda Pintler Wilderness Area, Middle Fork of Rock Creek, along Trail 28. GPS reading is from internet map and points to where Rock Creek Road and Rock Creek intersect.	https://lichenportal.org/portal/collections/individual/index.php?occid=1832811
1832815	BRY	BRY-L-0027963	Larry L. St. Clair	St. Cl-2578	39.69	109.05	Montana	Granite	46.279057	-112.522965	outside_boundary_exact	Montana, Jefferson County	Beaverhead-Deerlodge National Forest: Anaconda Pintler Wilderness Area, Middle Fork of Rock Creek, along Trail 28. GPS reading is from internet map and points to where Rock Creek Road and Rock Creek intersect.	https://lichenportal.org/portal/collections/individual/index.php?occid=1832815
1832940	BRY	BRY-L-0027961	Larry L. St. Clair	St. Cl-2576	39.69	109.05	Montana	Granite	46.279057	-112.522965	outside_boundary_exact	Montana, Jefferson County	Beaverhead-Deerlodge National Forest: Anaconda Pintler Wilderness Area, Middle Fork of Rock Creek, along Trail 28. GPS reading is from internet map and points to where Rock Creek Road and Rock Creek intersect.	https://lichenportal.org/portal/collections/individual/index.php?occid=1832940
1832946	BRY	BRY-L-0027985	Larry L. St. Clair	St. Cl-1568	39.69	109.05	Montana	Granite	46.279057	-112.522965	outside_boundary_exact	Montana, Jefferson County	Beaverhead-Deerlodge National Forest: Anaconda Pintler Wilderness Area, Middle Fork of Rock Creek, along Trail 28. GPS reading is from internet map and points to where Rock Creek Road and Rock Creek intersect.	https://lichenportal.org/portal/collections/individual/index.php?occid=1832946
1832948	BRY	BRY-L-0027986	Larry L. St. Clair	St. Cl-2569	39.69	109.05	Montana	Granite	46.279057	-112.522965	outside_boundary_exact	Montana, Jefferson County	Beaverhead-Deerlodge National Forest: Anaconda Pintler Wilderness Area, Middle Fork of Rock Creek, along Trail 28. GPS reading is from internet map and points to where Rock Creek Road and Rock Creek intersect.	https://lichenportal.org/portal/collections/individual/index.php?occid=1832948
1832951	BRY	BRY-L-0027987	Larry L. St. Clair	St. Cl-2570	39.69	109.05	Montana	Granite	46.279057	-112.522965	outside_boundary_exact	Montana, Jefferson County	Beaverhead-Deerlodge National Forest: Anaconda Pintler Wilderness Area, Middle Fork of Rock Creek, along Trail 28. GPS reading is from internet map and points to where Rock Creek Road and Rock Creek intersect.	https://lichenportal.org/portal/collections/individual/index.php?occid=1832951
1833381	BRY	BRY-L-0027997	Larry L. St. Clair	St. Cl-2609	39.69	109.05	Montana	Granite	46.279057	-112.522965	outside_boundary_exact	Montana, Jefferson County	Beaverhead-Deerlodge National Forest: Anaconda Pintler Wilderness Area, Middle Fork of Rock Creek, along Trail 28. GPS reading is from internet map and points to where Rock Creek Road and Rock Creek intersect.	https://lichenportal.org/portal/collections/individual/index.php?occid=1833381
1833382	BRY	BRY-L-0027999	Larry L. St. Clair	St. Cl-2611	39.69	109.05	Montana	Granite	46.279057	-112.522965	outside_boundary_exact	Montana, Jefferson County	Beaverhead-Deerlodge National Forest: Anaconda Pintler Wilderness Area, Middle Fork of Rock Creek, along Trail 28. GPS reading is from internet map and points to where Rock Creek Road and Rock Creek intersect.	https://lichenportal.org/portal/collections/individual/index.php?occid=1833382
1833389	BRY	BRY-L-0027998	Larry L. St. Clair	St. Cl-2610	39.69	109.05	Montana	Granite	46.279057	-112.522965	outside_boundary_exact	Montana, Jefferson County	Beaverhead-Deerlodge National Forest: Anaconda Pintler Wilderness Area, Middle Fork of Rock Creek, along Trail 28. GPS reading is from internet map and points to where Rock Creek Road and Rock Creek intersect.	https://lichenportal.org/portal/collections/individual/index.php?occid=1833389
1833401	BRY	BRY-L-0027995	Larry L. St. Clair	St. Cl-2607	39.69	109.05	Montana	Granite	46.279057	-112.522965	outside_boundary_exact	Montana, Jefferson County	Beaverhead-Deerlodge National Forest: Anaconda Pintler Wilderness Area, Middle Fork of Rock Creek, along Trail 28. GPS reading is from internet map and points to where Rock Creek Road and Rock Creek intersect.	https://lichenportal.org/portal/collections/individual/index.php?occid=1833401
1833503	BRY	BRY-L-0027990	Larry L. St. Clair	St. Cl-2602	39.69	109.05	Montana	Granite	46.279057	-112.522965	outside_boundary_exact	Montana, Jefferson County	Beaverhead-Deerlodge National Forest: Anaconda Pintler Wilderness Area, Middle Fork of Rock Creek, along Trail 28. GPS reading is from internet map and points to where Rock Creek Road and Rock Creek intersect.	https://lichenportal.org/portal/collections/individual/index.php?occid=1833503
1833505	BRY	BRY-L-0027989	Larry L. St. Clair	St. Cl-2601	39.69	109.05	Montana	Granite	46.279057	-112.522965	outside_boundary_exact	Montana, Jefferson County	Beaverhead-Deerlodge National Forest: Anaconda Pintler Wilderness Area, Middle Fork of Rock Creek, along Trail 28. GPS reading is from internet map and points to where Rock Creek Road and Rock Creek intersect.	https://lichenportal.org/portal/collections/individual/index.php?occid=1833505
1833568	BRY	BRY-L-0027994	Larry L. St. Clair	St. Cl-2606	39.69	109.05	Montana	Granite	46.279057	-112.522965	outside_boundary_exact	Montana, Jefferson County	Beaverhead-Deerlodge National Forest: Anaconda Pintler Wilderness Area, Middle Fork of Rock Creek, along Trail 28. GPS reading is from internet map and points to where Rock Creek Road and Rock Creek intersect.	https://lichenportal.org/portal/collections/individual/index.php?occid=1833568
1833588	BRY	BRY-L-0027992	Larry L. St. Clair	St. Cl-2604	39.69	109.05	Montana	Granite	46.279057	-112.522965	outside_boundary_exact	Montana, Jefferson County	Beaverhead-Deerlodge National Forest: Anaconda Pintler Wilderness Area, Middle Fork of Rock Creek, along Trail 28. GPS reading is from internet map and points to where Rock Creek Road and Rock Creek intersect.	https://lichenportal.org/portal/collections/individual/index.php?occid=1833588
1833601	BRY	BRY-L-0027991	Larry L. St. Clair	St. Cl-2603	39.69	109.05	Montana	Granite	46.279057	-112.522965	outside_boundary_exact	Montana, Jefferson County	Beaverhead-Deerlodge National Forest: Anaconda Pintler Wilderness Area, Middle Fork of Rock Creek, along Trail 28. GPS reading is from internet map and points to where Rock Creek Road and Rock Creek intersect.	https://lichenportal.org/portal/collections/individual/index.php?occid=1833601
1833633	BRY	BRY-L-0028000	Larry L. St. Clair	St. Cl-2612	39.69	109.05	Montana	Granite	46.279057	-112.522965	outside_boundary_exact	Montana, Jefferson County	Beaverhead-Deerlodge National Forest: Anaconda Pintler Wilderness Area, Middle Fork of Rock Creek, along Trail 28. GPS reading is from internet map and points to where Rock Creek Road and Rock Creek intersect.	https://lichenportal.org/portal/collections/individual/index.php?occid=1833633
1833670	BRY	BRY-L-0027981	Larry L. St. Clair	St. Cl-2596	39.69	109.05	Montana	Granite	46.279057	-112.522965	outside_boundary_exact	Montana, Jefferson County	Beaverhead-Deerlodge National Forest: Anaconda Pintler Wilderness Area, Middle Fork of Rock Creek, along Trail 28. GPS reading is from internet map and points to where Rock Creek Road and Rock Creek intersect.	https://lichenportal.org/portal/collections/individual/index.php?occid=1833670
1833685	BRY	BRY-L-0027983	Larry L. St. Clair	St. Cl-2598	39.69	109.05	Montana	Granite	46.279057	-112.522965	outside_boundary_exact	Montana, Jefferson County	Beaverhead-Deerlodge National Forest: Anaconda Pintler Wilderness Area, Middle Fork of Rock Creek, along Trail 28. GPS reading is from internet map and points to where Rock Creek Road and Rock Creek intersect.	https://lichenportal.org/portal/collections/individual/index.php?occid=1833685
1833696	BRY	BRY-L-0027982	Larry L. St. Clair	St. Cl-2597	39.69	109.05	Montana	Granite	46.279057	-112.522965	outside_boundary_exact	Montana, Jefferson County	Beaverhead-Deerlodge National Forest: Anaconda Pintler Wilderness Area, Middle Fork of Rock Creek, along Trail 28. GPS reading is from internet map and points to where Rock Creek Road and Rock Creek intersect.	https://lichenportal.org/portal/collections/individual/index.php?occid=1833696
1833706	BRY	BRY-L-0027988	Larry L. St. Clair	St. Cl-2600	39.69	109.05	Montana	Granite	46.279057	-112.522965	outside_boundary_exact	Montana, Jefferson County	Beaverhead-Deerlodge National Forest: Anaconda Pintler Wilderness Area, Middle Fork of Rock Creek, along Trail 28. GPS reading is from internet map and points to where Rock Creek Road and Rock Creek intersect.	https://lichenportal.org/portal/collections/individual/index.php?occid=1833706
1833762	BRY	BRY-L-0028003	Larry L. St. Clair	St. Cl-2615	39.69	109.05	Montana	Granite	46.279057	-112.522965	outside_boundary_exact	Montana, Jefferson County	Beaverhead-Deerlodge National Forest: Anaconda Pintler Wilderness Area, Middle Fork of Rock Creek, along Trail 28. GPS reading is from internet map and points to where Rock Creek Road and Rock Creek intersect.	https://lichenportal.org/portal/collections/individual/index.php?occid=1833762
1833769	BRY	BRY-L-0028002	Larry L. St. Clair	St. Cl-2614	39.69	109.05	Montana	Granite	46.279057	-112.522965	outside_boundary_exact	Montana, Jefferson County	Beaverhead-Deerlodge National Forest: Anaconda Pintler Wilderness Area, Middle Fork of Rock Creek, along Trail 28. GPS reading is from internet map and points to where Rock Creek Road and Rock Creek intersect.	https://lichenportal.org/portal/collections/individual/index.php?occid=1833769
1834022	BRY	BRY-L-0028001	Larry L. St. Clair	St. Cl-2613	39.69	109.05	Montana	Granite	46.279057	-112.522965	outside_boundary_exact	Montana, Jefferson County	Beaverhead-Deerlodge National Forest: Anaconda Pintler Wilderness Area, Middle Fork of Rock Creek, along Trail 28. GPS reading is from internet map and points to where Rock Creek Road and Rock Creek intersect.	https://lichenportal.org/portal/collections/individual/index.php?occid=1834022
1834043	BRY	BRY-L-0027993	Larry L. St. Clair	St. Cl-2605	39.69	109.05	Montana	Granite	46.279057	-112.522965	outside_boundary_exact	Montana, Jefferson County	Beaverhead-Deerlodge National Forest: Anaconda Pintler Wilderness Area, Middle Fork of Rock Creek, along Trail 28. GPS reading is from internet map and points to where Rock Creek Road and Rock Creek intersect.	https://lichenportal.org/portal/collections/individual/index.php?occid=1834043
1834063	BRY	BRY-L-0027996	Larry L. St. Clair	St. Cl-2608	39.69	109.05	Montana	Granite	46.279057	-112.522965	outside_boundary_exact	Montana, Jefferson County	Beaverhead-Deerlodge National Forest: Anaconda Pintler Wilderness Area, Middle Fork of Rock Creek, along Trail 28. GPS reading is from internet map and points to where Rock Creek Road and Rock Creek intersect.	https://lichenportal.org/portal/collections/individual/index.php?occid=1834063
1834118	BRY	BRY-L-0028004	Larry L. St. Clair	St. Cl-2616	39.69	109.05	Montana	Granite	46.279057	-112.522965	outside_boundary_exact	Montana, Jefferson County	Beaverhead-Deerlodge National Forest: Anaconda Pintler Wilderness Area, Middle Fork of Rock Creek, along Trail 28. GPS reading is from internet map and points to where Rock Creek Road and Rock Creek intersect.	https://lichenportal.org/portal/collections/individual/index.php?occid=1834118
1834121	BRY	BRY-L-0028005	Larry L. St. Clair	St. Cl-2617	39.69	109.05	Montana	Granite	46.279057	-112.522965	outside_boundary_exact	Montana, Jefferson County	Beaverhead-Deerlodge National Forest: Anaconda Pintler Wilderness Area, Middle Fork of Rock Creek, along Trail 28. GPS reading is from internet map and points to where Rock Creek Road and Rock Creek intersect.	https://lichenportal.org/portal/collections/individual/index.php?occid=1834121
1278274	BRY	BRY-L-0012393	Maynard C. Bowers	sl-4500	31.89	168.2	Montana	Flathead	48.6	-113.016667	outside_boundary_exact	Montana, Glacier County	Glacier National Park: Gunsight Pass Trail, along Snyder Creek	https://lichenportal.org/portal/collections/individual/index.php?occid=1278274
1771469	BRY	BRY-L-0023676	Larry L. St. Clair	St. Cl-17893	12.73	123.87	Montana	Teton	47.502733	-112.887683	outside_boundary_exact	Montana, Lewis and Clark County	Lewis and Clark National Forest: Bob Marshall Wilderness Area boundary, vicinity of South Fork Sun River Trailhead.	https://lichenportal.org/portal/collections/individual/index.php?occid=1771469
1771551	BRY	BRY-L-0023669	Larry L. St. Clair	St. Cl-17896	12.73	123.87	Montana	Teton	47.502733	-112.887683	outside_boundary_exact	Montana, Lewis and Clark County	Lewis and Clark National Forest: Bob Marshall Wilderness Area boundary, vicinity of South Fork Sun River Trailhead.	https://lichenportal.org/portal/collections/individual/index.php?occid=1771551
1772486	BRY	BRY-L-0023671	Larry L. St. Clair	St. Cl-17898	12.73	123.87	Montana	Teton	47.502733	-112.887683	outside_boundary_exact	Montana, Lewis and Clark County	Lewis and Clark National Forest: Bob Marshall Wilderness Area boundary, vicinity of South Fork Sun River Trailhead.	https://lichenportal.org/portal/collections/individual/index.php?occid=1772486
1772694	BRY	BRY-L-0023670	Larry L. St. Clair	St. Cl-17897	12.73	123.87	Montana	Teton	47.502733	-112.887683	outside_boundary_exact	Montana, Lewis and Clark County	Lewis and Clark National Forest: Bob Marshall Wilderness Area boundary, vicinity of South Fork Sun River Trailhead.	https://lichenportal.org/portal/collections/individual/index.php?occid=1772694
1773390	BRY	BRY-L-0023673	Larry L. St. Clair	St. Cl-17900	12.73	123.87	Montana	Teton	47.502733	-112.887683	outside_boundary_exact	Montana, Lewis and Clark County	Lewis and Clark National Forest: Bob Marshall Wilderness Area boundary, vicinity of South Fork Sun River Trailhead.	https://lichenportal.org/portal/collections/individual/index.php?occid=1773390
1773874	BRY	BRY-L-0023675	Larry L. St. Clair	St. Cl-17902	12.73	123.87	Montana	Teton	47.502733	-112.887683	outside_boundary_exact	Montana, Lewis and Clark County	Lewis and Clark National Forest: Bob Marshall Wilderness Area boundary, vicinity of South Fork Sun River Trailhead.	https://lichenportal.org/portal/collections/individual/index.php?occid=1773874
1774381	BRY	BRY-L-0023672	Larry L. St. Clair	St. Cl-17899	12.73	123.87	Montana	Teton	47.502733	-112.887683	outside_boundary_exact	Montana, Lewis and Clark County	Lewis and Clark National Forest: Bob Marshall Wilderness Area boundary, vicinity of South Fork Sun River Trailhead.	https://lichenportal.org/portal/collections/individual/index.php?occid=1774381
1774651	BRY	BRY-L-0023674	Larry L. St. Clair	St. Cl-17901	12.73	123.87	Montana	Teton	47.502733	-112.887683	outside_boundary_exact	Montana, Lewis and Clark County	Lewis and Clark National Forest: Bob Marshall Wilderness Area boundary, vicinity of South Fork Sun River Trailhead.	https://lichenportal.org/portal/collections/individual/index.php?occid=1774651
1789269	BRY	BRY-L-0026608	Larry L. St. Clair	St. Cl-13480B	4.41	65.45	Montana	Lake	47.560317	-113.854717	outside_boundary_exact	Montana, Missoula County	Flathead National Forest: Mission Mountains, vicinity of Cold Lakes Trailhead 121	https://lichenportal.org/portal/collections/individual/index.php?occid=1789269
1789270	BRY	BRY-L-0026610	Larry L. St. Clair	St. Cl-13491	4.41	65.45	Montana	Lake	47.560317	-113.854717	outside_boundary_exact	Montana, Missoula County	Flathead National Forest: Mission Mountains, vicinity of Cold Lakes Trailhead 121	https://lichenportal.org/portal/collections/individual/index.php?occid=1789270
1789271	BRY	BRY-L-0026611	Larry L. St. Clair	St. Cl-13499	4.41	65.45	Montana	Lake	47.560317	-113.854717	outside_boundary_exact	Montana, Missoula County	Flathead National Forest: Mission Mountains, vicinity of Cold Lakes Trailhead 121	https://lichenportal.org/portal/collections/individual/index.php?occid=1789271
1789272	BRY	BRY-L-0026612	Larry L. St. Clair	St. Cl-13515	4.41	65.45	Montana	Lake	47.560317	-113.854717	outside_boundary_exact	Montana, Missoula County	Flathead National Forest: Mission Mountains, vicinity of Cold Lakes Trailhead 121	https://lichenportal.org/portal/collections/individual/index.php?occid=1789272
1789273	BRY	BRY-L-0026616	Larry L. St. Clair	St. Cl-13492A	4.41	65.45	Montana	Lake	47.560317	-113.854717	outside_boundary_exact	Montana, Missoula County	Flathead National Forest: Mission Mountains, vicinity of Cold Lakes Trailhead 121	https://lichenportal.org/portal/collections/individual/index.php?occid=1789273
1789274	BRY	BRY-L-0026617	Larry L. St. Clair	St. Cl-13496A	4.41	65.45	Montana	Lake	47.560317	-113.854717	outside_boundary_exact	Montana, Missoula County	Flathead National Forest: Mission Mountains, vicinity of Cold Lakes Trailhead 121	https://lichenportal.org/portal/collections/individual/index.php?occid=1789274
1789275	BRY	BRY-L-0026618	Larry L. St. Clair	St. Cl-13497	4.41	65.45	Montana	Lake	47.560317	-113.854717	outside_boundary_exact	Montana, Missoula County	Flathead National Forest: Mission Mountains, vicinity of Cold Lakes Trailhead 121	https://lichenportal.org/portal/collections/individual/index.php?occid=1789275
1789276	BRY	BRY-L-0026619	Larry L. St. Clair	St. Cl-13513	4.41	65.45	Montana	Lake	47.560317	-113.854717	outside_boundary_exact	Montana, Missoula County	Flathead National Forest: Mission Mountains, vicinity of Cold Lakes Trailhead 121	https://lichenportal.org/portal/collections/individual/index.php?occid=1789276
1789278	BRY	BRY-L-0026622	Larry L. St. Clair	St. Cl-13496B	4.41	65.45	Montana	Lake	47.560317	-113.854717	outside_boundary_exact	Montana, Missoula County	Flathead National Forest: Mission Mountains, vicinity of Cold Lakes Trailhead 121	https://lichenportal.org/portal/collections/individual/index.php?occid=1789278
1789279	BRY	BRY-L-0026623	Larry L. St. Clair	St. Cl-13502	4.41	65.45	Montana	Lake	47.560317	-113.854717	outside_boundary_exact	Montana, Missoula County	Flathead National Forest: Mission Mountains, vicinity of Cold Lakes Trailhead 121	https://lichenportal.org/portal/collections/individual/index.php?occid=1789279
1789280	BRY	BRY-L-0026624	Larry L. St. Clair	St. Cl-13490	4.41	65.45	Montana	Lake	47.560317	-113.854717	outside_boundary_exact	Montana, Missoula County	Flathead National Forest: Mission Mountains, vicinity of Cold Lakes Trailhead 121	https://lichenportal.org/portal/collections/individual/index.php?occid=1789280
1789281	BRY	BRY-L-0026626	Larry L. St. Clair	St. Cl-13516	4.41	65.45	Montana	Lake	47.560317	-113.854717	outside_boundary_exact	Montana, Missoula County	Flathead National Forest: Mission Mountains, vicinity of Cold Lakes Trailhead 121	https://lichenportal.org/portal/collections/individual/index.php?occid=1789281
1789282	BRY	BRY-L-0026627	Larry L. St. Clair	St. Cl-13475	4.41	65.45	Montana	Lake	47.560317	-113.854717	outside_boundary_exact	Montana, Missoula County	Flathead National Forest: Mission Mountains, vicinity of Cold Lakes Trailhead 121	https://lichenportal.org/portal/collections/individual/index.php?occid=1789282
1789283	BRY	BRY-L-0026630	Larry L. St. Clair	St. Cl-13485	4.41	65.45	Montana	Lake	47.560317	-113.854717	outside_boundary_exact	Montana, Missoula County	Flathead National Forest: Mission Mountains, vicinity of Cold Lakes Trailhead 121	https://lichenportal.org/portal/collections/individual/index.php?occid=1789283
1789284	BRY	BRY-L-0026632	Larry L. St. Clair	St. Cl-13476	4.41	65.45	Montana	Lake	47.560317	-113.854717	outside_boundary_exact	Montana, Missoula County	Flathead National Forest: Mission Mountains, vicinity of Cold Lakes Trailhead 121	https://lichenportal.org/portal/collections/individual/index.php?occid=1789284
1789285	BRY	BRY-L-0026634	Larry L. St. Clair	St. Cl-13492B	4.41	65.45	Montana	Lake	47.560317	-113.854717	outside_boundary_exact	Montana, Missoula County	Flathead National Forest: Mission Mountains, vicinity of Cold Lakes Trailhead 121	https://lichenportal.org/portal/collections/individual/index.php?occid=1789285
1789286	BRY	BRY-L-0026635	Larry L. St. Clair	St. Cl-13503E	4.41	65.45	Montana	Lake	47.560317	-113.854717	outside_boundary_exact	Montana, Missoula County	Flathead National Forest: Mission Mountains, vicinity of Cold Lakes Trailhead 121	https://lichenportal.org/portal/collections/individual/index.php?occid=1789286
1789287	BRY	BRY-L-0026636	Larry L. St. Clair	St. Cl-13503D	4.41	65.45	Montana	Lake	47.560317	-113.854717	outside_boundary_exact	Montana, Missoula County	Flathead National Forest: Mission Mountains, vicinity of Cold Lakes Trailhead 121	https://lichenportal.org/portal/collections/individual/index.php?occid=1789287
1789288	BRY	BRY-L-0026637	Larry L. St. Clair	St. Cl-13509B	4.41	65.45	Montana	Lake	47.560317	-113.854717	outside_boundary_exact	Montana, Missoula County	Flathead National Forest: Mission Mountains, vicinity of Cold Lakes Trailhead 121	https://lichenportal.org/portal/collections/individual/index.php?occid=1789288
1789289	BRY	BRY-L-0026639	Larry L. St. Clair	St. Cl-13494	4.41	65.45	Montana	Lake	47.560317	-113.854717	outside_boundary_exact	Montana, Missoula County	Flathead National Forest: Mission Mountains, vicinity of Cold Lakes Trailhead 121	https://lichenportal.org/portal/collections/individual/index.php?occid=1789289
1789290	BRY	BRY-L-0026640	Larry L. St. Clair	St. Cl-13503B	4.41	65.45	Montana	Lake	47.560317	-113.854717	outside_boundary_exact	Montana, Missoula County	Flathead National Forest: Mission Mountains, vicinity of Cold Lakes Trailhead 121	https://lichenportal.org/portal/collections/individual/index.php?occid=1789290
1789291	BRY	BRY-L-0026641	Larry L. St. Clair	St. Cl-13509A	4.41	65.45	Montana	Lake	47.560317	-113.854717	outside_boundary_exact	Montana, Missoula County	Flathead National Forest: Mission Mountains, vicinity of Cold Lakes Trailhead 121	https://lichenportal.org/portal/collections/individual/index.php?occid=1789291
1789292	BRY	BRY-L-0026642	Larry L. St. Clair	St. Cl-13503C	4.41	65.45	Montana	Lake	47.560317	-113.854717	outside_boundary_exact	Montana, Missoula County	Flathead National Forest: Mission Mountains, vicinity of Cold Lakes Trailhead 121	https://lichenportal.org/portal/collections/individual/index.php?occid=1789292
1789293	BRY	BRY-L-0026643	Larry L. St. Clair	St. Cl-13507	4.41	65.45	Montana	Lake	47.560317	-113.854717	outside_boundary_exact	Montana, Missoula County	Flathead National Forest: Mission Mountains, vicinity of Cold Lakes Trailhead 121	https://lichenportal.org/portal/collections/individual/index.php?occid=1789293
1789294	BRY	BRY-L-0026645	Larry L. St. Clair	St. Cl-13480A	4.41	65.45	Montana	Lake	47.560317	-113.854717	outside_boundary_exact	Montana, Missoula County	Flathead National Forest: Mission Mountains, vicinity of Cold Lakes Trailhead 121	https://lichenportal.org/portal/collections/individual/index.php?occid=1789294
1789295	BRY	BRY-L-0026647	Larry L. St. Clair	St. Cl-13481	4.41	65.45	Montana	Lake	47.560317	-113.854717	outside_boundary_exact	Montana, Missoula County	Flathead National Forest: Mission Mountains, vicinity of Cold Lakes Trailhead 121	https://lichenportal.org/portal/collections/individual/index.php?occid=1789295
1789296	BRY	BRY-L-0026649	Larry L. St. Clair	St. Cl-13479	4.41	65.45	Montana	Lake	47.560317	-113.854717	outside_boundary_exact	Montana, Missoula County	Flathead National Forest: Mission Mountains, vicinity of Cold Lakes Trailhead 121	https://lichenportal.org/portal/collections/individual/index.php?occid=1789296
1789297	BRY	BRY-L-0026651	Larry L. St. Clair	St. Cl-13488	4.41	65.45	Montana	Lake	47.560317	-113.854717	outside_boundary_exact	Montana, Missoula County	Flathead National Forest: Mission Mountains, vicinity of Cold Lakes Trailhead 121	https://lichenportal.org/portal/collections/individual/index.php?occid=1789297
1789298	BRY	BRY-L-0026653	Larry L. St. Clair	St. Cl-13495	4.41	65.45	Montana	Lake	47.560317	-113.854717	outside_boundary_exact	Montana, Missoula County	Flathead National Forest: Mission Mountains, vicinity of Cold Lakes Trailhead 121	https://lichenportal.org/portal/collections/individual/index.php?occid=1789298
1789299	BRY	BRY-L-0026654	Larry L. St. Clair	St. Cl-13514	4.41	65.45	Montana	Lake	47.560317	-113.854717	outside_boundary_exact	Montana, Missoula County	Flathead National Forest: Mission Mountains, vicinity of Cold Lakes Trailhead 121	https://lichenportal.org/portal/collections/individual/index.php?occid=1789299
1789300	BRY	BRY-L-0026655	Larry L. St. Clair	St. Cl-13512	4.41	65.45	Montana	Lake	47.560317	-113.854717	outside_boundary_exact	Montana, Missoula County	Flathead National Forest: Mission Mountains, vicinity of Cold Lakes Trailhead 121	https://lichenportal.org/portal/collections/individual/index.php?occid=1789300
1789301	BRY	BRY-L-0026656	Larry L. St. Clair	St. Cl-13503A	4.41	65.45	Montana	Lake	47.560317	-113.854717	outside_boundary_exact	Montana, Missoula County	Flathead National Forest: Mission Mountains, vicinity of Cold Lakes Trailhead 121	https://lichenportal.org/portal/collections/individual/index.php?occid=1789301
1789302	BRY	BRY-L-0026657	Larry L. St. Clair	St. Cl-13505	4.41	65.45	Montana	Lake	47.560317	-113.854717	outside_boundary_exact	Montana, Missoula County	Flathead National Forest: Mission Mountains, vicinity of Cold Lakes Trailhead 121	https://lichenportal.org/portal/collections/individual/index.php?occid=1789302
1789303	BRY	BRY-L-0026658	Larry L. St. Clair	St. Cl-13500	4.41	65.45	Montana	Lake	47.560317	-113.854717	outside_boundary_exact	Montana, Missoula County	Flathead National Forest: Mission Mountains, vicinity of Cold Lakes Trailhead 121	https://lichenportal.org/portal/collections/individual/index.php?occid=1789303
1789304	BRY	BRY-L-0026659	Larry L. St. Clair	St. Cl-13510	4.41	65.45	Montana	Lake	47.560317	-113.854717	outside_boundary_exact	Montana, Missoula County	Flathead National Forest: Mission Mountains, vicinity of Cold Lakes Trailhead 121	https://lichenportal.org/portal/collections/individual/index.php?occid=1789304
1789305	BRY	BRY-L-0026660	Larry L. St. Clair	St. Cl-13504	4.41	65.45	Montana	Lake	47.560317	-113.854717	outside_boundary_exact	Montana, Missoula County	Flathead National Forest: Mission Mountains, vicinity of Cold Lakes Trailhead 121	https://lichenportal.org/portal/collections/individual/index.php?occid=1789305
1789306	BRY	BRY-L-0026661	Larry L. St. Clair	St. Cl-13506	4.41	65.45	Montana	Lake	47.560317	-113.854717	outside_boundary_exact	Montana, Missoula County	Flathead National Forest: Mission Mountains, vicinity of Cold Lakes Trailhead 121	https://lichenportal.org/portal/collections/individual/index.php?occid=1789306
1789307	BRY	BRY-L-0026662	Larry L. St. Clair	St. Cl-13484	4.41	65.45	Montana	Lake	47.560317	-113.854717	outside_boundary_exact	Montana, Missoula County	Flathead National Forest: Mission Mountains, vicinity of Cold Lakes Trailhead 121	https://lichenportal.org/portal/collections/individual/index.php?occid=1789307
1789308	BRY	BRY-L-0026664	Larry L. St. Clair	St. Cl-13501	4.41	65.45	Montana	Lake	47.560317	-113.854717	outside_boundary_exact	Montana, Missoula County	Flathead National Forest: Mission Mountains, vicinity of Cold Lakes Trailhead 121	https://lichenportal.org/portal/collections/individual/index.php?occid=1789308
1789309	BRY	BRY-L-0026665	Larry L. St. Clair	St. Cl-13508	4.41	65.45	Montana	Lake	47.560317	-113.854717	outside_boundary_exact	Montana, Missoula County	Flathead National Forest: Mission Mountains, vicinity of Cold Lakes Trailhead 121	https://lichenportal.org/portal/collections/individual/index.php?occid=1789309
1789310	BRY	BRY-L-0026666	Larry L. St. Clair	St. Cl-13478	4.41	65.45	Montana	Lake	47.560317	-113.854717	outside_boundary_exact	Montana, Missoula County	Flathead National Forest: Mission Mountains, vicinity of Cold Lakes Trailhead 121	https://lichenportal.org/portal/collections/individual/index.php?occid=1789310
1789311	BRY	BRY-L-0026669	Larry L. St. Clair	St. Cl-13489	4.41	65.45	Montana	Lake	47.560317	-113.854717	outside_boundary_exact	Montana, Missoula County	Flathead National Forest: Mission Mountains, vicinity of Cold Lakes Trailhead 121	https://lichenportal.org/portal/collections/individual/index.php?occid=1789311
1789312	BRY	BRY-L-0026671	Larry L. St. Clair	St. Cl-13477	4.41	65.45	Montana	Lake	47.560317	-113.854717	outside_boundary_exact	Montana, Missoula County	Flathead National Forest: Mission Mountains, vicinity of Cold Lakes Trailhead 121	https://lichenportal.org/portal/collections/individual/index.php?occid=1789312
1789313	BRY	BRY-L-0026673	Larry L. St. Clair	St. Cl-13486	4.41	65.45	Montana	Lake	47.560317	-113.854717	outside_boundary_exact	Montana, Missoula County	Flathead National Forest: Mission Mountains, vicinity of Cold Lakes Trailhead 121	https://lichenportal.org/portal/collections/individual/index.php?occid=1789313
1789314	BRY	BRY-L-0026674	Larry L. St. Clair	St. Cl-13511	4.41	65.45	Montana	Lake	47.560317	-113.854717	outside_boundary_exact	Montana, Missoula County	Flathead National Forest: Mission Mountains, vicinity of Cold Lakes Trailhead 121	https://lichenportal.org/portal/collections/individual/index.php?occid=1789314
1789315	BRY	BRY-L-0026676	Larry L. St. Clair	St. Cl-13487	4.41	65.45	Montana	Lake	47.560317	-113.854717	outside_boundary_exact	Montana, Missoula County	Flathead National Forest: Mission Mountains, vicinity of Cold Lakes Trailhead 121	https://lichenportal.org/portal/collections/individual/index.php?occid=1789315
1770683	BRY	BRY-L-0022598	Larry L. St. Clair	St. Cl-17816	3.17	113.97	Montana	Missoula	47.259717	-113.4248	outside_boundary_exact	Montana, Powell County	Flathead National Forest: Mission Mountain Wilderness area (vicinity of boundary), Pyramid Pass Trailhead and Trail.	https://lichenportal.org/portal/collections/individual/index.php?occid=1770683
1771547	BRY	BRY-L-0022626	Larry L. St. Clair	St. Cl-17828	3.17	113.97	Montana	Missoula	47.259717	-113.4248	outside_boundary_exact	Montana, Powell County	Flathead National Forest: Mission Mountain Wilderness area (vicinity of boundary), Pyramid Pass Trailhead and Trail.	https://lichenportal.org/portal/collections/individual/index.php?occid=1771547
1771987	BRY	BRY-L-0022625	Larry L. St. Clair	St. Cl-17827	3.17	113.97	Montana	Missoula	47.259717	-113.4248	outside_boundary_exact	Montana, Powell County	Flathead National Forest: Mission Mountain Wilderness area (vicinity of boundary), Pyramid Pass Trailhead and Trail.	https://lichenportal.org/portal/collections/individual/index.php?occid=1771987
1772258	BRY	BRY-L-0022627	Larry L. St. Clair	St. Cl-17829	3.17	113.97	Montana	Missoula	47.259717	-113.4248	outside_boundary_exact	Montana, Powell County	Flathead National Forest: Mission Mountain Wilderness area (vicinity of boundary), Pyramid Pass Trailhead and Trail.	https://lichenportal.org/portal/collections/individual/index.php?occid=1772258
1772775	BRY	BRY-L-0022599	Larry L. St. Clair	St. Cl-17817	3.17	113.97	Montana	Missoula	47.259717	-113.4248	outside_boundary_exact	Montana, Powell County	Flathead National Forest: Mission Mountain Wilderness area (vicinity of boundary), Pyramid Pass Trailhead and Trail.	https://lichenportal.org/portal/collections/individual/index.php?occid=1772775
1772834	BRY	BRY-L-0022620	Larry L. St. Clair	St. Cl-17822	3.17	113.97	Montana	Missoula	47.259717	-113.4248	outside_boundary_exact	Montana, Powell County	Flathead National Forest: Mission Mountain Wilderness area (vicinity of boundary), Pyramid Pass Trailhead and Trail.	https://lichenportal.org/portal/collections/individual/index.php?occid=1772834
1773844	BRY	BRY-L-0022616	Larry L. St. Clair	St. Cl-17818	3.17	113.97	Montana	Missoula	47.259717	-113.4248	outside_boundary_exact	Montana, Powell County	Flathead National Forest: Mission Mountain Wilderness area (vicinity of boundary), Pyramid Pass Trailhead and Trail.	https://lichenportal.org/portal/collections/individual/index.php?occid=1773844
1773882	BRY	BRY-L-0022623	Larry L. St. Clair	St. Cl-17825	3.17	113.97	Montana	Missoula	47.259717	-113.4248	outside_boundary_exact	Montana, Powell County	Flathead National Forest: Mission Mountain Wilderness area (vicinity of boundary), Pyramid Pass Trailhead and Trail.	https://lichenportal.org/portal/collections/individual/index.php?occid=1773882
1773903	BRY	BRY-L-0022618	Larry L. St. Clair	St. Cl-17820	3.17	113.97	Montana	Missoula	47.259717	-113.4248	outside_boundary_exact	Montana, Powell County	Flathead National Forest: Mission Mountain Wilderness area (vicinity of boundary), Pyramid Pass Trailhead and Trail.	https://lichenportal.org/portal/collections/individual/index.php?occid=1773903
1773915	BRY	BRY-L-0022617	Larry L. St. Clair	St. Cl-17819	3.17	113.97	Montana	Missoula	47.259717	-113.4248	outside_boundary_exact	Montana, Powell County	Flathead National Forest: Mission Mountain Wilderness area (vicinity of boundary), Pyramid Pass Trailhead and Trail.	https://lichenportal.org/portal/collections/individual/index.php?occid=1773915
1774498	BRY	BRY-L-0022619	Larry L. St. Clair	St. Cl-17821	3.17	113.97	Montana	Missoula	47.259717	-113.4248	outside_boundary_exact	Montana, Powell County	Flathead National Forest: Mission Mountain Wilderness area (vicinity of boundary), Pyramid Pass Trailhead and Trail.	https://lichenportal.org/portal/collections/individual/index.php?occid=1774498
1774658	BRY	BRY-L-0022622	Larry L. St. Clair	St. Cl-17824	3.17	113.97	Montana	Missoula	47.259717	-113.4248	outside_boundary_exact	Montana, Powell County	Flathead National Forest: Mission Mountain Wilderness area (vicinity of boundary), Pyramid Pass Trailhead and Trail.	https://lichenportal.org/portal/collections/individual/index.php?occid=1774658
1774743	BRY	BRY-L-0022621	Larry L. St. Clair	St. Cl-17823	3.17	113.97	Montana	Missoula	47.259717	-113.4248	outside_boundary_exact	Montana, Powell County	Flathead National Forest: Mission Mountain Wilderness area (vicinity of boundary), Pyramid Pass Trailhead and Trail.	https://lichenportal.org/portal/collections/individual/index.php?occid=1774743
1770233	BRY	BRY-L-0026127	Larry L. St. Clair	St. Cl-15095	2.05	155.33	Montana	Flathead	47.776167	-113.6961	outside_boundary_exact	Montana, Lake County	Flathead National Forest: along USFS Rd. 10502, vicinity of intersection with No Name Creek.	https://lichenportal.org/portal/collections/individual/index.php?occid=1770233
1772179	BRY	BRY-L-0026200	Larry L. St. Clair	St. Cl-15094	2.05	155.33	Montana	Flathead	47.776167	-113.6961	outside_boundary_exact	Montana, Lake County	Flathead National Forest: along USFS Rd. 10502, vicinity of intersection with No Name Creek.	https://lichenportal.org/portal/collections/individual/index.php?occid=1772179
2010229	BRY	BRY-L-0031151	Larry L. St. Clair	St. Cl-13156	1.93	174.65	Montana	Lewis and Clark	46.705683	-111.614099	outside_boundary_exact	Montana, Broadwater County	Helena National Forest: Gates of the Mountains Wilderness Area, Refrigerator Canyon, along USFS Trail No. 260.	https://lichenportal.org/portal/collections/individual/index.php?occid=2010229
2010230	BRY	BRY-L-0031152	Larry L. St. Clair	St. Cl-13157	1.93	174.65	Montana	Lewis and Clark	46.705683	-111.614099	outside_boundary_exact	Montana, Broadwater County	Helena National Forest: Gates of the Mountains Wilderness Area, Refrigerator Canyon, along USFS Trail No. 260.	https://lichenportal.org/portal/collections/individual/index.php?occid=2010230
2010231	BRY	BRY-L-0031153	Larry L. St. Clair	St. Cl-13158	1.93	174.65	Montana	Lewis and Clark	46.705683	-111.614099	outside_boundary_exact	Montana, Broadwater County	Helena National Forest: Gates of the Mountains Wilderness Area, Refrigerator Canyon, along USFS Trail No. 260.	https://lichenportal.org/portal/collections/individual/index.php?occid=2010231
2010232	BRY	BRY-L-0031154	Larry L. St. Clair	St. Cl-13159	1.93	174.65	Montana	Lewis and Clark	46.705683	-111.614099	outside_boundary_exact	Montana, Broadwater County	Helena National Forest: Gates of the Mountains Wilderness Area, Refrigerator Canyon, along USFS Trail No. 260.	https://lichenportal.org/portal/collections/individual/index.php?occid=2010232
2010233	BRY	BRY-L-0031155	Larry L. St. Clair	St. Cl-13177	1.93	174.65	Montana	Lewis and Clark	46.705683	-111.614099	outside_boundary_exact	Montana, Broadwater County	Helena National Forest: Gates of the Mountains Wilderness Area, Refrigerator Canyon, along USFS Trail No. 260.	https://lichenportal.org/portal/collections/individual/index.php?occid=2010233
2010234	BRY	BRY-L-0031156	Larry L. St. Clair	St. Cl-13178	1.93	174.65	Montana	Lewis and Clark	46.705683	-111.614099	outside_boundary_exact	Montana, Broadwater County	Helena National Forest: Gates of the Mountains Wilderness Area, Refrigerator Canyon, along USFS Trail No. 260.	https://lichenportal.org/portal/collections/individual/index.php?occid=2010234
2010235	BRY	BRY-L-0031157	Larry L. St. Clair	St. Cl-13179	1.93	174.65	Montana	Lewis and Clark	46.705683	-111.614099	outside_boundary_exact	Montana, Broadwater County	Helena National Forest: Gates of the Mountains Wilderness Area, Refrigerator Canyon, along USFS Trail No. 260.	https://lichenportal.org/portal/collections/individual/index.php?occid=2010235
2010236	BRY	BRY-L-0031158	Larry L. St. Clair	St. Cl-13180	1.93	174.65	Montana	Lewis and Clark	46.705683	-111.614099	outside_boundary_exact	Montana, Broadwater County	Helena National Forest: Gates of the Mountains Wilderness Area, Refrigerator Canyon, along USFS Trail No. 260.	https://lichenportal.org/portal/collections/individual/index.php?occid=2010236
2010237	BRY	BRY-L-0031159	Larry L. St. Clair	St. Cl-13181	1.93	174.65	Montana	Lewis and Clark	46.705683	-111.614099	outside_boundary_exact	Montana, Broadwater County	Helena National Forest: Gates of the Mountains Wilderness Area, Refrigerator Canyon, along USFS Trail No. 260.	https://lichenportal.org/portal/collections/individual/index.php?occid=2010237
2010238	BRY	BRY-L-0031160	Larry L. St. Clair	St. Cl-13182	1.93	174.65	Montana	Lewis and Clark	46.705683	-111.614099	outside_boundary_exact	Montana, Broadwater County	Helena National Forest: Gates of the Mountains Wilderness Area, Refrigerator Canyon, along USFS Trail No. 260.	https://lichenportal.org/portal/collections/individual/index.php?occid=2010238
2010239	BRY	BRY-L-0031161	Larry L. St. Clair	St. Cl-13183	1.93	174.65	Montana	Lewis and Clark	46.705683	-111.614099	outside_boundary_exact	Montana, Broadwater County	Helena National Forest: Gates of the Mountains Wilderness Area, Refrigerator Canyon, along USFS Trail No. 260.	https://lichenportal.org/portal/collections/individual/index.php?occid=2010239
2010240	BRY	BRY-L-0031162	Larry L. St. Clair	St. Cl-13184	1.93	174.65	Montana	Lewis and Clark	46.705683	-111.614099	outside_boundary_exact	Montana, Broadwater County	Helena National Forest: Gates of the Mountains Wilderness Area, Refrigerator Canyon, along USFS Trail No. 260.	https://lichenportal.org/portal/collections/individual/index.php?occid=2010240
2010241	BRY	BRY-L-0031163	Larry L. St. Clair	St. Cl-13185	1.93	174.65	Montana	Lewis and Clark	46.705683	-111.614099	outside_boundary_exact	Montana, Broadwater County	Helena National Forest: Gates of the Mountains Wilderness Area, Refrigerator Canyon, along USFS Trail No. 260.	https://lichenportal.org/portal/collections/individual/index.php?occid=2010241
2010242	BRY	BRY-L-0031164	Larry L. St. Clair	St. Cl-13186	1.93	174.65	Montana	Lewis and Clark	46.705683	-111.614099	outside_boundary_exact	Montana, Broadwater County	Helena National Forest: Gates of the Mountains Wilderness Area, Refrigerator Canyon, along USFS Trail No. 260.	https://lichenportal.org/portal/collections/individual/index.php?occid=2010242
2570420	BRY	BRY-L-0034046	Larry L. St. Clair	St. Cl-13186	1.93	174.65	Montana	Lewis and Clark	46.705683	-111.614099	outside_boundary_exact	Montana, Broadwater County	Helena National Forest: Gates of the Mountains Wilderness Area, Refrigerator Canyon, along USFS Trail No. 260.	https://lichenportal.org/portal/collections/individual/index.php?occid=2570420
2570431	BRY	BRY-L-0034041	Larry L. St. Clair	St. Cl-13181	1.93	174.65	Montana	Lewis and Clark	46.705683	-111.614099	outside_boundary_exact	Montana, Broadwater County	Helena National Forest: Gates of the Mountains Wilderness Area, Refrigerator Canyon, along USFS Trail No. 260.	https://lichenportal.org/portal/collections/individual/index.php?occid=2570431
2570455	BRY	BRY-L-0034033	Larry L. St. Clair	St. Cl-13156	1.93	174.65	Montana	Lewis and Clark	46.705683	-111.614099	outside_boundary_exact	Montana, Broadwater County	Helena National Forest: Gates of the Mountains Wilderness Area, Refrigerator Canyon, along USFS Trail No. 260.	https://lichenportal.org/portal/collections/individual/index.php?occid=2570455
2570464	BRY	BRY-L-0034034	Larry L. St. Clair	St. Cl-13157	1.93	174.65	Montana	Lewis and Clark	46.705683	-111.614099	outside_boundary_exact	Montana, Broadwater County	Helena National Forest: Gates of the Mountains Wilderness Area, Refrigerator Canyon, along USFS Trail No. 260.	https://lichenportal.org/portal/collections/individual/index.php?occid=2570464
2570724	BRY	BRY-L-0034035	Larry L. St. Clair	St. Cl-13158	1.93	174.65	Montana	Lewis and Clark	46.705683	-111.614099	outside_boundary_exact	Montana, Broadwater County	Helena National Forest: Gates of the Mountains Wilderness Area, Refrigerator Canyon, along USFS Trail No. 260.	https://lichenportal.org/portal/collections/individual/index.php?occid=2570724
2570757	BRY	BRY-L-0034040	Larry L. St. Clair	St. Cl-13180	1.93	174.65	Montana	Lewis and Clark	46.705683	-111.614099	outside_boundary_exact	Montana, Broadwater County	Helena National Forest: Gates of the Mountains Wilderness Area, Refrigerator Canyon, along USFS Trail No. 260.	https://lichenportal.org/portal/collections/individual/index.php?occid=2570757
2570864	BRY	BRY-L-0034036	Larry L. St. Clair	St. Cl-13159	1.93	174.65	Montana	Lewis and Clark	46.705683	-111.614099	outside_boundary_exact	Montana, Broadwater County	Helena National Forest: Gates of the Mountains Wilderness Area, Refrigerator Canyon, along USFS Trail No. 260.	https://lichenportal.org/portal/collections/individual/index.php?occid=2570864
2570884	BRY	BRY-L-0034038	Larry L. St. Clair	St. Cl-13178	1.93	174.65	Montana	Lewis and Clark	46.705683	-111.614099	outside_boundary_exact	Montana, Broadwater County	Helena National Forest: Gates of the Mountains Wilderness Area, Refrigerator Canyon, along USFS Trail No. 260.	https://lichenportal.org/portal/collections/individual/index.php?occid=2570884
2570887	BRY	BRY-L-0034044	Larry L. St. Clair	St. Cl-13184	1.93	174.65	Montana	Lewis and Clark	46.705683	-111.614099	outside_boundary_exact	Montana, Broadwater County	Helena National Forest: Gates of the Mountains Wilderness Area, Refrigerator Canyon, along USFS Trail No. 260.	https://lichenportal.org/portal/collections/individual/index.php?occid=2570887
2570897	BRY	BRY-L-0034043	Larry L. St. Clair	St. Cl-13183	1.93	174.65	Montana	Lewis and Clark	46.705683	-111.614099	outside_boundary_exact	Montana, Broadwater County	Helena National Forest: Gates of the Mountains Wilderness Area, Refrigerator Canyon, along USFS Trail No. 260.	https://lichenportal.org/portal/collections/individual/index.php?occid=2570897
2571041	BRY	BRY-L-0034042	Larry L. St. Clair	St. Cl-13182	1.93	174.65	Montana	Lewis and Clark	46.705683	-111.614099	outside_boundary_exact	Montana, Broadwater County	Helena National Forest: Gates of the Mountains Wilderness Area, Refrigerator Canyon, along USFS Trail No. 260.	https://lichenportal.org/portal/collections/individual/index.php?occid=2571041
2571062	BRY	BRY-L-0034039	Larry L. St. Clair	St. Cl-13179	1.93	174.65	Montana	Lewis and Clark	46.705683	-111.614099	outside_boundary_exact	Montana, Broadwater County	Helena National Forest: Gates of the Mountains Wilderness Area, Refrigerator Canyon, along USFS Trail No. 260.	https://lichenportal.org/portal/collections/individual/index.php?occid=2571062
2571066	BRY	BRY-L-0034045	Larry L. St. Clair	St. Cl-13185	1.93	174.65	Montana	Lewis and Clark	46.705683	-111.614099	outside_boundary_exact	Montana, Broadwater County	Helena National Forest: Gates of the Mountains Wilderness Area, Refrigerator Canyon, along USFS Trail No. 260.	https://lichenportal.org/portal/collections/individual/index.php?occid=2571066
2571078	BRY	BRY-L-0034037	Larry L. St. Clair	St. Cl-13177	1.93	174.65	Montana	Lewis and Clark	46.705683	-111.614099	outside_boundary_exact	Montana, Broadwater County	Helena National Forest: Gates of the Mountains Wilderness Area, Refrigerator Canyon, along USFS Trail No. 260.	https://lichenportal.org/portal/collections/individual/index.php?occid=2571078
1772240	BRY	BRY-L-0022214	Larry L. St. Clair	St. Cl-17801	0.69	86.17	Montana	Granite	46.061867	-113.2655	outside_boundary_exact	Montana, Deer Lodge County	Beaverhead-Deerlodge and Bitterroot National Forests: Anaconda-Pintler Wilderness Area, Hanging Valley vicinity, Storm Lake Pass (below), along USFS Trail No. 41.	https://lichenportal.org/portal/collections/individual/index.php?occid=1772240
1570351	BRY	BRY-L-0020936	Larry L. St. Clair	St. Cl-11267	0.26	86.9	Montana	Granite	46.054267	-113.276333	outside_boundary_exact	Montana, Deer Lodge County	Deerlodge National Forest: Anaconda Pintler Wilderness Area, Goat Flats.	https://lichenportal.org/portal/collections/individual/index.php?occid=1570351
1770223	BRY	BRY-L-0025976	Larry L. St. Clair	St. Cl-2698	0.26	86.9	Montana	Granite	46.054267	-113.276333	outside_boundary_exact	Montana, Deer Lodge County	Beaverhead-Deerlodge National Forest: Anaconda-Pintler Wilderness Area, Goat Flat. Alpine tundra.	https://lichenportal.org/portal/collections/individual/index.php?occid=1770223
1770318	BRY	BRY-L-0025975	Larry L. St. Clair	St. Cl-2663	0.26	86.9	Montana	Granite	46.054267	-113.276333	outside_boundary_exact	Montana, Deer Lodge County	Beaverhead-Deerlodge National Forest: Anaconda-Pintler Wilderness Area, Goat Flat. Alpine tundra.	https://lichenportal.org/portal/collections/individual/index.php?occid=1770318
1770436	BRY	BRY-L-0025951	Larry L. St. Clair	St. Cl-2668	0.26	86.9	Montana	Granite	46.054267	-113.276333	outside_boundary_exact	Montana, Deer Lodge County	Beaverhead-Deerlodge National Forest: Anaconda-Pintler Wilderness Area, Goat Flat. Alpine tundra.	https://lichenportal.org/portal/collections/individual/index.php?occid=1770436
1770448	BRY	BRY-L-0025952	Larry L. St. Clair	St. Cl-2659	0.26	86.9	Montana	Granite	46.054267	-113.276333	outside_boundary_exact	Montana, Deer Lodge County	Beaverhead-Deerlodge National Forest: Anaconda-Pintler Wilderness Area, Goat Flat. Alpine tundra.	https://lichenportal.org/portal/collections/individual/index.php?occid=1770448
1770480	BRY	BRY-L-0025953	Larry L. St. Clair	St. Cl-2667	0.26	86.9	Montana	Granite	46.054267	-113.276333	outside_boundary_exact	Montana, Deer Lodge County	Beaverhead-Deerlodge National Forest: Anaconda-Pintler Wilderness Area, Goat Flat. Alpine tundra.	https://lichenportal.org/portal/collections/individual/index.php?occid=1770480
1770502	BRY	BRY-L-0025954	Larry L. St. Clair	St. Cl-2666	0.26	86.9	Montana	Granite	46.054267	-113.276333	outside_boundary_exact	Montana, Deer Lodge County	Beaverhead-Deerlodge National Forest: Anaconda-Pintler Wilderness Area, Goat Flat. Alpine tundra.	https://lichenportal.org/portal/collections/individual/index.php?occid=1770502
1770536	BRY	BRY-L-0025955	Larry L. St. Clair	St. Cl-2665	0.26	86.9	Montana	Granite	46.054267	-113.276333	outside_boundary_exact	Montana, Deer Lodge County	Beaverhead-Deerlodge National Forest: Anaconda-Pintler Wilderness Area, Goat Flat. Alpine tundra.	https://lichenportal.org/portal/collections/individual/index.php?occid=1770536
1770590	BRY	BRY-L-0025956	Larry L. St. Clair	St. Cl-2707	0.26	86.9	Montana	Granite	46.054267	-113.276333	outside_boundary_exact	Montana, Deer Lodge County	Beaverhead-Deerlodge National Forest: Anaconda-Pintler Wilderness Area, Goat Flat. Alpine tundra.	https://lichenportal.org/portal/collections/individual/index.php?occid=1770590
1770591	BRY	BRY-L-0025957	Larry L. St. Clair	St. Cl-2664	0.26	86.9	Montana	Granite	46.054267	-113.276333	outside_boundary_exact	Montana, Deer Lodge County	Beaverhead-Deerlodge National Forest: Anaconda-Pintler Wilderness Area, Goat Flat. Alpine tundra.	https://lichenportal.org/portal/collections/individual/index.php?occid=1770591
1770606	BRY	BRY-L-0025974	Larry L. St. Clair	St. Cl-2646	0.26	86.9	Montana	Granite	46.054267	-113.276333	outside_boundary_exact	Montana, Deer Lodge County	Beaverhead-Deerlodge National Forest: Anaconda-Pintler Wilderness Area, Goat Flat. Alpine tundra.	https://lichenportal.org/portal/collections/individual/index.php?occid=1770606
1770666	BRY	BRY-L-0025972	Larry L. St. Clair	St. Cl-2648	0.26	86.9	Montana	Granite	46.054267	-113.276333	outside_boundary_exact	Montana, Deer Lodge County	Beaverhead-Deerlodge National Forest: Anaconda-Pintler Wilderness Area, Goat Flat. Alpine tundra.	https://lichenportal.org/portal/collections/individual/index.php?occid=1770666
1770836	BRY	BRY-L-0025971	Larry L. St. Clair	St. Cl-2652	0.26	86.9	Montana	Granite	46.054267	-113.276333	outside_boundary_exact	Montana, Deer Lodge County	Beaverhead-Deerlodge National Forest: Anaconda-Pintler Wilderness Area, Goat Flat. Alpine tundra.	https://lichenportal.org/portal/collections/individual/index.php?occid=1770836
1770864	BRY	BRY-L-0025970	Larry L. St. Clair	St. Cl-2649	0.26	86.9	Montana	Granite	46.054267	-113.276333	outside_boundary_exact	Montana, Deer Lodge County	Beaverhead-Deerlodge National Forest: Anaconda-Pintler Wilderness Area, Goat Flat. Alpine tundra.	https://lichenportal.org/portal/collections/individual/index.php?occid=1770864
1770883	BRY	BRY-L-0025969	Larry L. St. Clair	St. Cl-2699	0.26	86.9	Montana	Granite	46.054267	-113.276333	outside_boundary_exact	Montana, Deer Lodge County	Beaverhead-Deerlodge National Forest: Anaconda-Pintler Wilderness Area, Goat Flat. Alpine tundra.	https://lichenportal.org/portal/collections/individual/index.php?occid=1770883
1770948	BRY	BRY-L-0025968	Larry L. St. Clair	St. Cl-2650	0.26	86.9	Montana	Granite	46.054267	-113.276333	outside_boundary_exact	Montana, Deer Lodge County	Beaverhead-Deerlodge National Forest: Anaconda-Pintler Wilderness Area, Goat Flat. Alpine tundra.	https://lichenportal.org/portal/collections/individual/index.php?occid=1770948
1770950	BRY	BRY-L-0025967	Larry L. St. Clair	St. Cl-2651	0.26	86.9	Montana	Granite	46.054267	-113.276333	outside_boundary_exact	Montana, Deer Lodge County	Beaverhead-Deerlodge National Forest: Anaconda-Pintler Wilderness Area, Goat Flat. Alpine tundra.	https://lichenportal.org/portal/collections/individual/index.php?occid=1770950
1771002	BRY	BRY-L-0025966	Larry L. St. Clair	St. Cl-2653	0.26	86.9	Montana	Granite	46.054267	-113.276333	outside_boundary_exact	Montana, Deer Lodge County	Beaverhead-Deerlodge National Forest: Anaconda-Pintler Wilderness Area, Goat Flat. Alpine tundra.	https://lichenportal.org/portal/collections/individual/index.php?occid=1771002
1771020	BRY	BRY-L-0025965	Larry L. St. Clair	St. Cl-2624	0.26	86.9	Montana	Granite	46.054267	-113.276333	outside_boundary_exact	Montana, Deer Lodge County	Beaverhead-Deerlodge National Forest: Anaconda-Pintler Wilderness Area, Goat Flat. Alpine tundra.	https://lichenportal.org/portal/collections/individual/index.php?occid=1771020
1771128	BRY	BRY-L-0025964	Larry L. St. Clair	St. Cl-2654	0.26	86.9	Montana	Granite	46.054267	-113.276333	outside_boundary_exact	Montana, Deer Lodge County	Beaverhead-Deerlodge National Forest: Anaconda-Pintler Wilderness Area, Goat Flat. Alpine tundra.	https://lichenportal.org/portal/collections/individual/index.php?occid=1771128
1771231	BRY	BRY-L-0025963	Larry L. St. Clair	St. Cl-2655	0.26	86.9	Montana	Granite	46.054267	-113.276333	outside_boundary_exact	Montana, Deer Lodge County	Beaverhead-Deerlodge National Forest: Anaconda-Pintler Wilderness Area, Goat Flat. Alpine tundra.	https://lichenportal.org/portal/collections/individual/index.php?occid=1771231
1771236	BRY	BRY-L-0025962	Larry L. St. Clair	St. Cl-2662	0.26	86.9	Montana	Granite	46.054267	-113.276333	outside_boundary_exact	Montana, Deer Lodge County	Beaverhead-Deerlodge National Forest: Anaconda-Pintler Wilderness Area, Goat Flat. Alpine tundra.	https://lichenportal.org/portal/collections/individual/index.php?occid=1771236
1771238	BRY	BRY-L-0025961	Larry L. St. Clair	St. Cl-2657	0.26	86.9	Montana	Granite	46.054267	-113.276333	outside_boundary_exact	Montana, Deer Lodge County	Beaverhead-Deerlodge National Forest: Anaconda-Pintler Wilderness Area, Goat Flat. Alpine tundra.	https://lichenportal.org/portal/collections/individual/index.php?occid=1771238
1771239	BRY	BRY-L-0025960	Larry L. St. Clair	St. Cl-2658	0.26	86.9	Montana	Granite	46.054267	-113.276333	outside_boundary_exact	Montana, Deer Lodge County	Beaverhead-Deerlodge National Forest: Anaconda-Pintler Wilderness Area, Goat Flat. Alpine tundra.	https://lichenportal.org/portal/collections/individual/index.php?occid=1771239
1771362	BRY	BRY-L-0025959	Larry L. St. Clair	St. Cl-2660	0.26	86.9	Montana	Granite	46.054267	-113.276333	outside_boundary_exact	Montana, Deer Lodge County	Beaverhead-Deerlodge National Forest: Anaconda-Pintler Wilderness Area, Goat Flat. Alpine tundra.	https://lichenportal.org/portal/collections/individual/index.php?occid=1771362
1771401	BRY	BRY-L-0025958	Larry L. St. Clair	St. Cl-2661	0.26	86.9	Montana	Granite	46.054267	-113.276333	outside_boundary_exact	Montana, Deer Lodge County	Beaverhead-Deerlodge National Forest: Anaconda-Pintler Wilderness Area, Goat Flat. Alpine tundra.	https://lichenportal.org/portal/collections/individual/index.php?occid=1771401
1771704	BRY	BRY-L-0025949	Larry L. St. Clair	St. Cl-2670	0.26	86.9	Montana	Granite	46.054267	-113.276333	outside_boundary_exact	Montana, Deer Lodge County	Beaverhead-Deerlodge National Forest: Anaconda-Pintler Wilderness Area, Goat Flat. Alpine tundra.	https://lichenportal.org/portal/collections/individual/index.php?occid=1771704
1771734	BRY	BRY-L-0025948	Larry L. St. Clair	St. Cl-2671	0.26	86.9	Montana	Granite	46.054267	-113.276333	outside_boundary_exact	Montana, Deer Lodge County	Beaverhead-Deerlodge National Forest: Anaconda-Pintler Wilderness Area, Goat Flat. Alpine tundra.	https://lichenportal.org/portal/collections/individual/index.php?occid=1771734
1771881	BRY	BRY-L-0025946	Larry L. St. Clair	St. Cl-2702	0.26	86.9	Montana	Granite	46.054267	-113.276333	outside_boundary_exact	Montana, Deer Lodge County	Beaverhead-Deerlodge National Forest: Anaconda-Pintler Wilderness Area, Goat Flat. Alpine tundra.	https://lichenportal.org/portal/collections/individual/index.php?occid=1771881
1771882	BRY	BRY-L-0025947	Larry L. St. Clair	St. Cl-2672	0.26	86.9	Montana	Granite	46.054267	-113.276333	outside_boundary_exact	Montana, Deer Lodge County	Beaverhead-Deerlodge National Forest: Anaconda-Pintler Wilderness Area, Goat Flat. Alpine tundra.	https://lichenportal.org/portal/collections/individual/index.php?occid=1771882
1771900	BRY	BRY-L-0025945	Larry L. St. Clair	St. Cl-2700	0.26	86.9	Montana	Granite	46.054267	-113.276333	outside_boundary_exact	Montana, Deer Lodge County	Beaverhead-Deerlodge National Forest: Anaconda-Pintler Wilderness Area, Goat Flat. Alpine tundra.	https://lichenportal.org/portal/collections/individual/index.php?occid=1771900
1771912	BRY	BRY-L-0025943	Larry L. St. Clair	St. Cl-2701	0.26	86.9	Montana	Granite	46.054267	-113.276333	outside_boundary_exact	Montana, Deer Lodge County	Beaverhead-Deerlodge National Forest: Anaconda-Pintler Wilderness Area, Goat Flat. Alpine tundra.	https://lichenportal.org/portal/collections/individual/index.php?occid=1771912
1771913	BRY	BRY-L-0025944	Larry L. St. Clair	St. Cl-2673	0.26	86.9	Montana	Granite	46.054267	-113.276333	outside_boundary_exact	Montana, Deer Lodge County	Beaverhead-Deerlodge National Forest: Anaconda-Pintler Wilderness Area, Goat Flat. Alpine tundra.	https://lichenportal.org/portal/collections/individual/index.php?occid=1771913
1772034	BRY	BRY-L-0025941	Larry L. St. Clair	St. Cl-2703	0.26	86.9	Montana	Granite	46.054267	-113.276333	outside_boundary_exact	Montana, Deer Lodge County	Beaverhead-Deerlodge National Forest: Anaconda-Pintler Wilderness Area, Goat Flat. Alpine tundra.	https://lichenportal.org/portal/collections/individual/index.php?occid=1772034
1772035	BRY	BRY-L-0025942	Larry L. St. Clair	St. Cl-2674	0.26	86.9	Montana	Granite	46.054267	-113.276333	outside_boundary_exact	Montana, Deer Lodge County	Beaverhead-Deerlodge National Forest: Anaconda-Pintler Wilderness Area, Goat Flat. Alpine tundra.	https://lichenportal.org/portal/collections/individual/index.php?occid=1772035
1772126	BRY	BRY-L-0025940	Larry L. St. Clair	St. Cl-2704	0.26	86.9	Montana	Granite	46.054267	-113.276333	outside_boundary_exact	Montana, Deer Lodge County	Beaverhead-Deerlodge National Forest: Anaconda-Pintler Wilderness Area, Goat Flat. Alpine tundra.	https://lichenportal.org/portal/collections/individual/index.php?occid=1772126
1772368	BRY	BRY-L-0025939	Larry L. St. Clair	St. Cl-2675	0.26	86.9	Montana	Granite	46.054267	-113.276333	outside_boundary_exact	Montana, Deer Lodge County	Beaverhead-Deerlodge National Forest: Anaconda-Pintler Wilderness Area, Goat Flat. Alpine tundra.	https://lichenportal.org/portal/collections/individual/index.php?occid=1772368
1772663	BRY	BRY-L-0025938	Larry L. St. Clair	St. Cl-2677	0.26	86.9	Montana	Granite	46.054267	-113.276333	outside_boundary_exact	Montana, Deer Lodge County	Beaverhead-Deerlodge National Forest: Anaconda-Pintler Wilderness Area, Goat Flat. Alpine tundra.	https://lichenportal.org/portal/collections/individual/index.php?occid=1772663
1772826	BRY	BRY-L-0025937	Larry L. St. Clair	St. Cl-2676	0.26	86.9	Montana	Granite	46.054267	-113.276333	outside_boundary_exact	Montana, Deer Lodge County	Beaverhead-Deerlodge National Forest: Anaconda-Pintler Wilderness Area, Goat Flat. Alpine tundra.	https://lichenportal.org/portal/collections/individual/index.php?occid=1772826
1772836	BRY	BRY-L-0025936	Larry L. St. Clair	St. Cl-2678	0.26	86.9	Montana	Granite	46.054267	-113.276333	outside_boundary_exact	Montana, Deer Lodge County	Beaverhead-Deerlodge National Forest: Anaconda-Pintler Wilderness Area, Goat Flat. Alpine tundra.	https://lichenportal.org/portal/collections/individual/index.php?occid=1772836
1773051	BRY	BRY-L-0025935	Larry L. St. Clair	St. Cl-2679	0.26	86.9	Montana	Granite	46.054267	-113.276333	outside_boundary_exact	Montana, Deer Lodge County	Beaverhead-Deerlodge National Forest: Anaconda-Pintler Wilderness Area, Goat Flat. Alpine tundra.	https://lichenportal.org/portal/collections/individual/index.php?occid=1773051
1773324	BRY	BRY-L-0025934	Larry L. St. Clair	St. Cl-2680	0.26	86.9	Montana	Granite	46.054267	-113.276333	outside_boundary_exact	Montana, Deer Lodge County	Beaverhead-Deerlodge National Forest: Anaconda-Pintler Wilderness Area, Goat Flat. Alpine tundra.	https://lichenportal.org/portal/collections/individual/index.php?occid=1773324
1773359	BRY	BRY-L-0025933	Larry L. St. Clair	St. Cl-2656	0.26	86.9	Montana	Granite	46.054267	-113.276333	outside_boundary_exact	Montana, Deer Lodge County	Beaverhead-Deerlodge National Forest: Anaconda-Pintler Wilderness Area, Goat Flat. Alpine tundra.	https://lichenportal.org/portal/collections/individual/index.php?occid=1773359
1773412	BRY	BRY-L-0025932	Larry L. St. Clair	St. Cl-2645	0.26	86.9	Montana	Granite	46.054267	-113.276333	outside_boundary_exact	Montana, Deer Lodge County	Beaverhead-Deerlodge National Forest: Anaconda-Pintler Wilderness Area, Goat Flat. Alpine tundra.	https://lichenportal.org/portal/collections/individual/index.php?occid=1773412
1773422	BRY	BRY-L-0025931	Larry L. St. Clair	St. Cl-2623	0.26	86.9	Montana	Granite	46.054267	-113.276333	outside_boundary_exact	Montana, Deer Lodge County	Beaverhead-Deerlodge National Forest: Anaconda-Pintler Wilderness Area, Goat Flat. Alpine tundra.	https://lichenportal.org/portal/collections/individual/index.php?occid=1773422
1773426	BRY	BRY-L-0025930	Larry L. St. Clair	St. Cl-2681	0.26	86.9	Montana	Granite	46.054267	-113.276333	outside_boundary_exact	Montana, Deer Lodge County	Beaverhead-Deerlodge National Forest: Anaconda-Pintler Wilderness Area, Goat Flat. Alpine tundra.	https://lichenportal.org/portal/collections/individual/index.php?occid=1773426
1773429	BRY	BRY-L-0025929	Larry L. St. Clair	St. Cl-2682	0.26	86.9	Montana	Granite	46.054267	-113.276333	outside_boundary_exact	Montana, Deer Lodge County	Beaverhead-Deerlodge National Forest: Anaconda-Pintler Wilderness Area, Goat Flat. Alpine tundra.	https://lichenportal.org/portal/collections/individual/index.php?occid=1773429
1773448	BRY	BRY-L-0025928	Larry L. St. Clair	St. Cl-2683	0.26	86.9	Montana	Granite	46.054267	-113.276333	outside_boundary_exact	Montana, Deer Lodge County	Beaverhead-Deerlodge National Forest: Anaconda-Pintler Wilderness Area, Goat Flat. Alpine tundra.	https://lichenportal.org/portal/collections/individual/index.php?occid=1773448
1773521	BRY	BRY-L-0025925	Larry L. St. Clair	St. Cl-2686	0.26	86.9	Montana	Granite	46.054267	-113.276333	outside_boundary_exact	Montana, Deer Lodge County	Beaverhead-Deerlodge National Forest: Anaconda-Pintler Wilderness Area, Goat Flat. Alpine tundra.	https://lichenportal.org/portal/collections/individual/index.php?occid=1773521
1773530	BRY	BRY-L-0025926	Larry L. St. Clair	St. Cl-2685	0.26	86.9	Montana	Granite	46.054267	-113.276333	outside_boundary_exact	Montana, Deer Lodge County	Beaverhead-Deerlodge National Forest: Anaconda-Pintler Wilderness Area, Goat Flat. Alpine tundra.	https://lichenportal.org/portal/collections/individual/index.php?occid=1773530
1773588	BRY	BRY-L-0025924	Larry L. St. Clair	St. Cl-2687	0.26	86.9	Montana	Granite	46.054267	-113.276333	outside_boundary_exact	Montana, Deer Lodge County	Beaverhead-Deerlodge National Forest: Anaconda-Pintler Wilderness Area, Goat Flat. Alpine tundra.	https://lichenportal.org/portal/collections/individual/index.php?occid=1773588
1773761	BRY	BRY-L-0025923	Larry L. St. Clair	St. Cl-2688	0.26	86.9	Montana	Granite	46.054267	-113.276333	outside_boundary_exact	Montana, Deer Lodge County	Beaverhead-Deerlodge National Forest: Anaconda-Pintler Wilderness Area, Goat Flat. Alpine tundra.	https://lichenportal.org/portal/collections/individual/index.php?occid=1773761
1773779	BRY	BRY-L-0025922	Larry L. St. Clair	St. Cl-2689	0.26	86.9	Montana	Granite	46.054267	-113.276333	outside_boundary_exact	Montana, Deer Lodge County	Beaverhead-Deerlodge National Forest: Anaconda-Pintler Wilderness Area, Goat Flat. Alpine tundra.	https://lichenportal.org/portal/collections/individual/index.php?occid=1773779
1773787	BRY	BRY-L-0025921	Larry L. St. Clair	St. Cl-2690	0.26	86.9	Montana	Granite	46.054267	-113.276333	outside_boundary_exact	Montana, Deer Lodge County	Beaverhead-Deerlodge National Forest: Anaconda-Pintler Wilderness Area, Goat Flat. Alpine tundra.	https://lichenportal.org/portal/collections/individual/index.php?occid=1773787
1773825	BRY	BRY-L-0025919	Larry L. St. Clair	St. Cl-2692	0.26	86.9	Montana	Granite	46.054267	-113.276333	outside_boundary_exact	Montana, Deer Lodge County	Beaverhead-Deerlodge National Forest: Anaconda-Pintler Wilderness Area, Goat Flat. Alpine tundra.	https://lichenportal.org/portal/collections/individual/index.php?occid=1773825
1773857	BRY	BRY-L-0025917	Larry L. St. Clair	St. Cl-2694	0.26	86.9	Montana	Granite	46.054267	-113.276333	outside_boundary_exact	Montana, Deer Lodge County	Beaverhead-Deerlodge National Forest: Anaconda-Pintler Wilderness Area, Goat Flat. Alpine tundra.	https://lichenportal.org/portal/collections/individual/index.php?occid=1773857
1773912	BRY	BRY-L-0025916	Larry L. St. Clair	St. Cl-2695	0.26	86.9	Montana	Granite	46.054267	-113.276333	outside_boundary_exact	Montana, Deer Lodge County	Beaverhead-Deerlodge National Forest: Anaconda-Pintler Wilderness Area, Goat Flat. Alpine tundra.	https://lichenportal.org/portal/collections/individual/index.php?occid=1773912
1774121	BRY	BRY-L-0025915	Larry L. St. Clair	St. Cl-2696	0.26	86.9	Montana	Granite	46.054267	-113.276333	outside_boundary_exact	Montana, Deer Lodge County	Beaverhead-Deerlodge National Forest: Anaconda-Pintler Wilderness Area, Goat Flat. Alpine tundra.	https://lichenportal.org/portal/collections/individual/index.php?occid=1774121
1774227	BRY	BRY-L-0025914	Larry L. St. Clair	St. Cl-2697	0.26	86.9	Montana	Granite	46.054267	-113.276333	outside_boundary_exact	Montana, Deer Lodge County	Beaverhead-Deerlodge National Forest: Anaconda-Pintler Wilderness Area, Goat Flat. Alpine tundra.	https://lichenportal.org/portal/collections/individual/index.php?occid=1774227
1774357	BRY	BRY-L-0025918	Larry L. St. Clair	St. Cl-2693	0.26	86.9	Montana	Granite	46.054267	-113.276333	outside_boundary_exact	Montana, Deer Lodge County	Beaverhead-Deerlodge National Forest: Anaconda-Pintler Wilderness Area, Goat Flat. Alpine tundra.	https://lichenportal.org/portal/collections/individual/index.php?occid=1774357
1774535	BRY	BRY-L-0025973	Larry L. St. Clair	St. Cl-2647	0.26	86.9	Montana	Granite	46.054267	-113.276333	outside_boundary_exact	Montana, Deer Lodge County	Beaverhead-Deerlodge National Forest: Anaconda-Pintler Wilderness Area, Goat Flat. Alpine tundra.	https://lichenportal.org/portal/collections/individual/index.php?occid=1774535
1774646	BRY	BRY-L-0025950	Larry L. St. Clair	St. Cl-2669	0.26	86.9	Montana	Granite	46.054267	-113.276333	outside_boundary_exact	Montana, Deer Lodge County	Beaverhead-Deerlodge National Forest: Anaconda-Pintler Wilderness Area, Goat Flat. Alpine tundra.	https://lichenportal.org/portal/collections/individual/index.php?occid=1774646
1774811	BRY	BRY-L-0025927	Larry L. St. Clair	St. Cl-2684	0.26	86.9	Montana	Granite	46.054267	-113.276333	outside_boundary_exact	Montana, Deer Lodge County	Beaverhead-Deerlodge National Forest: Anaconda-Pintler Wilderness Area, Goat Flat. Alpine tundra.	https://lichenportal.org/portal/collections/individual/index.php?occid=1774811
1774843	BRY	BRY-L-0025920	Larry L. St. Clair	St. Cl-2691	0.26	86.9	Montana	Granite	46.054267	-113.276333	outside_boundary_exact	Montana, Deer Lodge County	Beaverhead-Deerlodge National Forest: Anaconda-Pintler Wilderness Area, Goat Flat. Alpine tundra.	https://lichenportal.org/portal/collections/individual/index.php?occid=1774843
1773428	BRY	BRY-L-0022212	Larry L. St. Clair	St. Cl-17796	0.19	86.88	Montana	Granite	46.054367	-113.277283	outside_boundary_exact	Montana, Deer Lodge County	Beaverhead-Deerlodge and Bitterroot National Forests: Anaconda-Pintler Wilderness Area, Goat Flat.	https://lichenportal.org/portal/collections/individual/index.php?occid=1773428
1774875	BRY	BRY-L-0022213	Larry L. St. Clair	St. Cl-17797	0.19	86.88	Montana	Granite	46.054367	-113.277283	outside_boundary_exact	Montana, Deer Lodge County	Beaverhead-Deerlodge and Bitterroot National Forests: Anaconda-Pintler Wilderness Area, Goat Flat.	https://lichenportal.org/portal/collections/individual/index.php?occid=1774875
2578619	BRY	BRY-L-0039290	Larry L. St. Clair	St. Cl-17798	0.19	86.88	Montana	Granite	46.054367	-113.277283	outside_boundary_exact	Montana, Deer Lodge County	Anaconda Pintler Wilderness Area: Goat Flat.	https://lichenportal.org/portal/collections/individual/index.php?occid=2578619
2578620	BRY	BRY-L-0039291	Larry L. St. Clair	St. Cl-17799	0.19	86.88	Montana	Granite	46.054367	-113.277283	outside_boundary_exact	Montana, Deer Lodge County	Anaconda Pintler Wilderness Area: Goat Flat.	https://lichenportal.org/portal/collections/individual/index.php?occid=2578620
2578621	BRY	BRY-L-0039292	Larry L. St. Clair	St. Cl-17800	0.19	86.88	Montana	Granite	46.054367	-113.277283	outside_boundary_exact	Montana, Deer Lodge County	Anaconda Pintler Wilderness Area: Goat Flat.	https://lichenportal.org/portal/collections/individual/index.php?occid=2578621
2578623	BRY	BRY-L-0039296	Larry L. St. Clair	St. Cl-17919	NA	NA	Montana	Lemhi	44.682133	-113.362367	county_not_matched_no_match	county_not_matched	Salmon-Challis National Forest: Leadore Ranger District (horse pasture behind station), adjacent to District Office.	https://lichenportal.org/portal/collections/individual/index.php?occid=2578623
2578624	BRY	BRY-L-0039297	Larry L. St. Clair	St. Cl-17920	NA	NA	Montana	Lemhi	44.682133	-113.362367	county_not_matched_no_match	county_not_matched	Salmon-Challis National Forest: Leadore Ranger District (horse pasture behind station), adjacent to District Office.	https://lichenportal.org/portal/collections/individual/index.php?occid=2578624
