id	institutionCode	catalogNumber	recordedBy	recordNumber	distance_km	distance_max_km	state	county	decimalLatitude	decimalLongitude	status	implied_location	locality	record_link
102762	ASU	NA	W.A. Weber	1474	2809.16	2851.19	Colorado	Boulder	66.933333	-109.4	outside_boundary_exact	not_found_in_US	Bluebell Canyon, base of Flatirons, just SW of Boulder	https://lichenportal.org/portal/collections/individual/index.php?occid=102762
4568744	ASU	ASUL008172	T.H. Nash III	22291	312.73	411.75	Colorado	Summit & Park Counties	39.366667	-110.05	outside_boundary_multi_county_2_of_2	Utah, Emery County	Hoosier Pass	https://lichenportal.org/portal/collections/individual/index.php?occid=4568744
63828	ASU	NA	S. Shushan	S-8216-A	211.85	262.52	Colorado	San Juan	39.408369	-105.977264	outside_boundary_exact	Colorado, Summit County	county border, east end of Hoosier Ridge, Continental Divide 18 km N of Fairplay	https://lichenportal.org/portal/collections/individual/index.php?occid=63828
63839	ASU	NA	S. Shushan	S-8241-A	208.88	259.54	Colorado	San Juan	39.389931	-106.002669	outside_boundary_exact	Colorado, Park County	county border, east end of Hoosier Ridge, Continental Divide, 18 km N of Fairplay	https://lichenportal.org/portal/collections/individual/index.php?occid=63839
63827	ASU	NA	W.A. Weber	S-18994	162.08	205.69	Colorado	Boulder	38.4759	-105.61076	outside_boundary_exact	Colorado, Fremont County	Bull Gulch, foothills of Front Range between Plainview and Eldorado Springs	https://lichenportal.org/portal/collections/individual/index.php?occid=63827
88826	ASU	NA	J. Marsh	43	84.64	135.01	Colorado	San Juan	37.271113	-108.813342	outside_boundary_exact	Colorado, Montezuma County	S14 Sleeping Ute Mt.	https://lichenportal.org/portal/collections/individual/index.php?occid=88826
88830	ASU	NA	J. Marsh	48	84.64	135.01	Colorado	San Juan	37.271113	-108.813342	outside_boundary_exact	Colorado, Montezuma County	S14 Sleeping Ute Mt.	https://lichenportal.org/portal/collections/individual/index.php?occid=88830
36530	ASU	ASUL002554	T.H. Nash III	17750	69.06	119.97	Colorado	San Juan	37.1666667	-108.475	outside_boundary_exact	Colorado, Montezuma County	Mesa Verde National Park, Lower Fewkes Canyon	https://lichenportal.org/portal/collections/individual/index.php?occid=36530
36531	ASU	ASUL002853	T.H. Nash III	17751	69.06	119.97	Colorado	San Juan	37.1666667	-108.475	outside_boundary_exact	Colorado, Montezuma County	Mesa Verde National Park, Lower Fewkes Canyon	https://lichenportal.org/portal/collections/individual/index.php?occid=36531
36532	ASU	ASUL002816	T.H. Nash	17752	69.06	119.97	Colorado	San Juan	37.1666667	-108.475	outside_boundary_exact	Colorado, Montezuma County	Mesa Verde National Park, Lower Fewkes Canyon	https://lichenportal.org/portal/collections/individual/index.php?occid=36532
36533	ASU	NA	T.H. Nash III	17753	69.06	119.97	Colorado	San Juan	37.1666667	-108.475	outside_boundary_exact	Colorado, Montezuma County	Mesa Verde National Park, Lower Fewkes Canyon	https://lichenportal.org/portal/collections/individual/index.php?occid=36533
36534	ASU	ASUL008424	T.H. Nash III	17754	69.06	119.97	Colorado	San Juan	37.1666667	-108.475	outside_boundary_exact	Colorado, Montezuma County	Mesa Verde National Park, Lower Fewkes Canyon	https://lichenportal.org/portal/collections/individual/index.php?occid=36534
36536	ASU	ASUL017671	T.H. Nash III	17755	69.06	119.97	Colorado	San Juan	37.1666667	-108.475	outside_boundary_exact	Colorado, Montezuma County	Mesa Verde National Park, Lower Fewkes Canyon	https://lichenportal.org/portal/collections/individual/index.php?occid=36536
36537	ASU	ASUL014711	T.H. Nash III	17756	69.06	119.97	Colorado	San Juan	37.1666667	-108.475	outside_boundary_exact	Colorado, Montezuma County	Mesa Verde National Park, Lower Fewkes Canyon	https://lichenportal.org/portal/collections/individual/index.php?occid=36537
36538	ASU	ASUL019095	T.H. Nash III	17757	69.06	119.97	Colorado	San Juan	37.1666667	-108.475	outside_boundary_exact	Colorado, Montezuma County	Mesa Verde National Park, Lower Fewkes Canyon	https://lichenportal.org/portal/collections/individual/index.php?occid=36538
36539	ASU	ASUL005346	T.H. Nash III	17758	69.06	119.97	Colorado	San Juan	37.1666667	-108.475	outside_boundary_exact	Colorado, Montezuma County	Mesa Verde National Park, Lower Fewkes Canyon	https://lichenportal.org/portal/collections/individual/index.php?occid=36539
36540	ASU	ASUL001389	T.H. Nash III	17759	69.06	119.97	Colorado	San Juan	37.1666667	-108.475	outside_boundary_exact	Colorado, Montezuma County	Mesa Verde National Park, Lower Fewkes Canyon	https://lichenportal.org/portal/collections/individual/index.php?occid=36540
36541	ASU	ASUL001561	T.H. Nash III	17760	69.06	119.97	Colorado	San Juan	37.1666667	-108.475	outside_boundary_exact	Colorado, Montezuma County	Mesa Verde National Park, Lower Fewkes Canyon	https://lichenportal.org/portal/collections/individual/index.php?occid=36541
36542	ASU	ASUL030213	T.H. Nash III	17761	69.06	119.97	Colorado	San Juan	37.1666667	-108.475	outside_boundary_exact	Colorado, Montezuma County	Mesa Verde National Park, Lower Fewkes Canyon	https://lichenportal.org/portal/collections/individual/index.php?occid=36542
36543	ASU	ASUL001580	T.H. Nash III	17762	69.06	119.97	Colorado	San Juan	37.1666667	-108.475	outside_boundary_exact	Colorado, Montezuma County	Mesa Verde National Park, Lower Fewkes Canyon	https://lichenportal.org/portal/collections/individual/index.php?occid=36543
36544	ASU	ASUL001673	T.H. Nash III	17763	69.06	119.97	Colorado	San Juan	37.1666667	-108.475	outside_boundary_exact	Colorado, Montezuma County	Mesa Verde National Park, Lower Fewkes Canyon	https://lichenportal.org/portal/collections/individual/index.php?occid=36544
36545	ASU	ASUL015275	T.H. Nash III	17764	69.06	119.97	Colorado	San Juan	37.1666667	-108.475	outside_boundary_exact	Colorado, Montezuma County	Mesa Verde National Park, Lower Fewkes Canyon	https://lichenportal.org/portal/collections/individual/index.php?occid=36545
36547	ASU	ASUL012038	T.H. Nash III	17765	69.06	119.97	Colorado	San Juan	37.1666667	-108.475	outside_boundary_exact	Colorado, Montezuma County	Mesa Verde National Park, Lower Fewkes Canyon	https://lichenportal.org/portal/collections/individual/index.php?occid=36547
36548	ASU	ASUL032989	T.H. Nash III	17766	69.06	119.97	Colorado	San Juan	37.1666667	-108.475	outside_boundary_exact	Colorado, Montezuma County	Mesa Verde National Park, Lower Fewkes Canyon	https://lichenportal.org/portal/collections/individual/index.php?occid=36548
36549	ASU	ASUL020166	T.H. Nash III	17767	69.06	119.97	Colorado	San Juan	37.1666667	-108.475	outside_boundary_exact	Colorado, Montezuma County	Mesa Verde National Park, Lower Fewkes Canyon	https://lichenportal.org/portal/collections/individual/index.php?occid=36549
36550	ASU	ASUL020391	T.H. Nash III	17768	69.06	119.97	Colorado	San Juan	37.1666667	-108.475	outside_boundary_exact	Colorado, Montezuma County	Mesa Verde National Park, Lower Fewkes Canyon	https://lichenportal.org/portal/collections/individual/index.php?occid=36550
36551	ASU	NA	T.H. Nash III	17769	69.06	119.97	Colorado	San Juan	37.1666667	-108.475	outside_boundary_exact	Colorado, Montezuma County	Mesa Verde National Park, Lower Fewkes Canyon	https://lichenportal.org/portal/collections/individual/index.php?occid=36551
36552	ASU	ASUL034287	T.H. Nash III	17770	69.06	119.97	Colorado	San Juan	37.1666667	-108.475	outside_boundary_exact	Colorado, Montezuma County	Mesa Verde National Park, Lower Fewkes Canyon	https://lichenportal.org/portal/collections/individual/index.php?occid=36552
36553	ASU	ASUL032485	T.H. Nash III	17771	69.06	119.97	Colorado	San Juan	37.1666667	-108.475	outside_boundary_exact	Colorado, Montezuma County	Mesa Verde National Park, Lower Fewkes Canyon	https://lichenportal.org/portal/collections/individual/index.php?occid=36553
36554	ASU	ASUL031807	T.H. Nash III	17772	69.06	119.97	Colorado	San Juan	37.1666667	-108.475	outside_boundary_exact	Colorado, Montezuma County	Mesa Verde National Park, Lower Fewkes Canyon	https://lichenportal.org/portal/collections/individual/index.php?occid=36554
36555	ASU	ASUL032486	T.H. Nash III	17773-a	69.06	119.97	Colorado	San Juan	37.1666667	-108.475	outside_boundary_exact	Colorado, Montezuma County	Mesa Verde National Park, Lower Fewkes Canyon	https://lichenportal.org/portal/collections/individual/index.php?occid=36555
36556	ASU	ASUL046953	T.H. Nash III	17774	69.06	119.97	Colorado	San Juan	37.1666667	-108.475	outside_boundary_exact	Colorado, Montezuma County	Mesa Verde National Park, Lower Fewkes Canyon	https://lichenportal.org/portal/collections/individual/index.php?occid=36556
36559	ASU	ASUL046924	T.H. Nash III	17775	69.06	119.97	Colorado	San Juan	37.1666667	-108.475	outside_boundary_exact	Colorado, Montezuma County	Mesa Verde National Park, Lower Fewkes Canyon	https://lichenportal.org/portal/collections/individual/index.php?occid=36559
36560	ASU	ASUL031754	T.H. Nash III	17776	69.06	119.97	Colorado	San Juan	37.1666667	-108.475	outside_boundary_exact	Colorado, Montezuma County	Mesa Verde National Park, Lower Fewkes Canyon	https://lichenportal.org/portal/collections/individual/index.php?occid=36560
36561	ASU	NA	T.H. Nash III	17777	69.06	119.97	Colorado	San Juan	37.1666667	-108.475	outside_boundary_exact	Colorado, Montezuma County	Mesa Verde National Park, Lower Fewkes Canyon	https://lichenportal.org/portal/collections/individual/index.php?occid=36561
36562	ASU	ASUL050174	T.H. Nash III	17778	69.06	119.97	Colorado	San Juan	37.1666667	-108.475	outside_boundary_exact	Colorado, Montezuma County	Mesa Verde National Park, Lower Fewkes Canyon	https://lichenportal.org/portal/collections/individual/index.php?occid=36562
36563	ASU	NA	T.H. Nash III	17779-a	69.06	119.97	Colorado	San Juan	37.1666667	-108.475	outside_boundary_exact	Colorado, Montezuma County	Mesa Verde National Park, Lower Fewkes Canyon	https://lichenportal.org/portal/collections/individual/index.php?occid=36563
36564	ASU	NA	T.H. Nash III	17780	69.06	119.97	Colorado	San Juan	37.1666667	-108.475	outside_boundary_exact	Colorado, Montezuma County	Mesa Verde National Park, Lower Fewkes Canyon	https://lichenportal.org/portal/collections/individual/index.php?occid=36564
36565	ASU	NA	T.H. Nash III	17781	69.06	119.97	Colorado	San Juan	37.1666667	-108.475	outside_boundary_exact	Colorado, Montezuma County	Mesa Verde National Park, Lower Fewkes Canyon	https://lichenportal.org/portal/collections/individual/index.php?occid=36565
36566	ASU	NA	T.H. Nash III	17782	69.06	119.97	Colorado	San Juan	37.1666667	-108.475	outside_boundary_exact	Colorado, Montezuma County	Mesa Verde National Park, Lower Fewkes Canyon	https://lichenportal.org/portal/collections/individual/index.php?occid=36566
36567	ASU	NA	T.H. Nash III	17783	69.06	119.97	Colorado	San Juan	37.1666667	-108.475	outside_boundary_exact	Colorado, Montezuma County	Mesa Verde National Park, Lower Fewkes Canyon	https://lichenportal.org/portal/collections/individual/index.php?occid=36567
36568	ASU	NA	T.H. Nash III	17784	69.06	119.97	Colorado	San Juan	37.1666667	-108.475	outside_boundary_exact	Colorado, Montezuma County	Mesa Verde National Park, Lower Fewkes Canyon	https://lichenportal.org/portal/collections/individual/index.php?occid=36568
36570	ASU	NA	T.H. Nash III	17785	69.06	119.97	Colorado	San Juan	37.1666667	-108.475	outside_boundary_exact	Colorado, Montezuma County	Mesa Verde National Park, Lower Fewkes Canyon	https://lichenportal.org/portal/collections/individual/index.php?occid=36570
36571	ASU	NA	T.H. Nash III	17786	69.06	119.97	Colorado	San Juan	37.1666667	-108.475	outside_boundary_exact	Colorado, Montezuma County	Mesa Verde National Park, Lower Fewkes Canyon	https://lichenportal.org/portal/collections/individual/index.php?occid=36571
36572	ASU	NA	T.H. Nash III	17787	69.06	119.97	Colorado	San Juan	37.1666667	-108.475	outside_boundary_exact	Colorado, Montezuma County	Mesa Verde National Park, Lower Fewkes Canyon	https://lichenportal.org/portal/collections/individual/index.php?occid=36572
36573	ASU	NA	T.H. Nash III	17788	69.06	119.97	Colorado	San Juan	37.1666667	-108.475	outside_boundary_exact	Colorado, Montezuma County	Mesa Verde National Park, Lower Fewkes Canyon	https://lichenportal.org/portal/collections/individual/index.php?occid=36573
36574	ASU	NA	T.H. Nash III	17789	69.06	119.97	Colorado	San Juan	37.1666667	-108.475	outside_boundary_exact	Colorado, Montezuma County	Mesa Verde National Park, Lower Fewkes Canyon	https://lichenportal.org/portal/collections/individual/index.php?occid=36574
36575	ASU	NA	T.H. Nash III	17790	69.06	119.97	Colorado	San Juan	37.1666667	-108.475	outside_boundary_exact	Colorado, Montezuma County	Mesa Verde National Park, Lower Fewkes Canyon	https://lichenportal.org/portal/collections/individual/index.php?occid=36575
36576	ASU	NA	T.H. Nash III	17791	69.06	119.97	Colorado	San Juan	37.1666667	-108.475	outside_boundary_exact	Colorado, Montezuma County	Mesa Verde National Park, Lower Fewkes Canyon	https://lichenportal.org/portal/collections/individual/index.php?occid=36576
36577	ASU	NA	T.H. Nash III	17792	69.06	119.97	Colorado	San Juan	37.1666667	-108.475	outside_boundary_exact	Colorado, Montezuma County	Mesa Verde National Park, Lower Fewkes Canyon	https://lichenportal.org/portal/collections/individual/index.php?occid=36577
36578	ASU	NA	T.H. Nash III	17793	69.06	119.97	Colorado	San Juan	37.1666667	-108.475	outside_boundary_exact	Colorado, Montezuma County	Mesa Verde National Park, Lower Fewkes Canyon	https://lichenportal.org/portal/collections/individual/index.php?occid=36578
36579	ASU	NA	T.H. Nash III	17794	69.06	119.97	Colorado	San Juan	37.1666667	-108.475	outside_boundary_exact	Colorado, Montezuma County	Mesa Verde National Park, Lower Fewkes Canyon	https://lichenportal.org/portal/collections/individual/index.php?occid=36579
36581	ASU	NA	T.H. Nash III	17795	69.06	119.97	Colorado	San Juan	37.1666667	-108.475	outside_boundary_exact	Colorado, Montezuma County	Mesa Verde National Park, Lower Fewkes Canyon	https://lichenportal.org/portal/collections/individual/index.php?occid=36581
36582	ASU	NA	T.H. Nash III	17796	69.06	119.97	Colorado	San Juan	37.1666667	-108.475	outside_boundary_exact	Colorado, Montezuma County	Mesa Verde National Park, Lower Fewkes Canyon	https://lichenportal.org/portal/collections/individual/index.php?occid=36582
36583	ASU	NA	T.H. Nash III	17797	69.06	119.97	Colorado	San Juan	37.1666667	-108.475	outside_boundary_exact	Colorado, Montezuma County	Mesa Verde National Park, Lower Fewkes Canyon	https://lichenportal.org/portal/collections/individual/index.php?occid=36583
36584	ASU	NA	T.H. Nash III	17798	69.06	119.97	Colorado	San Juan	37.1666667	-108.475	outside_boundary_exact	Colorado, Montezuma County	Mesa Verde National Park, Lower Fewkes Canyon	https://lichenportal.org/portal/collections/individual/index.php?occid=36584
36585	ASU	NA	T.H. Nash III	17799	69.06	119.97	Colorado	San Juan	37.1666667	-108.475	outside_boundary_exact	Colorado, Montezuma County	Mesa Verde National Park, Lower Fewkes Canyon	https://lichenportal.org/portal/collections/individual/index.php?occid=36585
36586	ASU	NA	T.H. Nash III	17800	69.06	119.97	Colorado	San Juan	37.1666667	-108.475	outside_boundary_exact	Colorado, Montezuma County	Mesa Verde National Park, Lower Fewkes Canyon	https://lichenportal.org/portal/collections/individual/index.php?occid=36586
36587	ASU	ASUL048471	T.H. Nash III	17801	69.06	119.97	Colorado	San Juan	37.1666667	-108.475	outside_boundary_exact	Colorado, Montezuma County	Mesa Verde National Park, Lower Fewkes Canyon	https://lichenportal.org/portal/collections/individual/index.php?occid=36587
36588	ASU	NA	T.H. Nash III	17802	69.06	119.97	Colorado	San Juan	37.1666667	-108.475	outside_boundary_exact	Colorado, Montezuma County	Mesa Verde National Park, Lower Fewkes Canyon	https://lichenportal.org/portal/collections/individual/index.php?occid=36588
36589	ASU	NA	T.H. Nash III	17803	69.06	119.97	Colorado	San Juan	37.1666667	-108.475	outside_boundary_exact	Colorado, Montezuma County	Mesa Verde National Park, Lower Fewkes Canyon	https://lichenportal.org/portal/collections/individual/index.php?occid=36589
36590	ASU	ASUL008777	T.H. Nash III	17804	69.06	119.97	Colorado	San Juan	37.1666667	-108.475	outside_boundary_exact	Colorado, Montezuma County	Mesa Verde National Park, Lower Fewkes Canyon	https://lichenportal.org/portal/collections/individual/index.php?occid=36590
36592	ASU	NA	T.H. Nash III	17805-a	69.06	119.97	Colorado	San Juan	37.1666667	-108.475	outside_boundary_exact	Colorado, Montezuma County	Mesa Verde National Park, Lower Fewkes Canyon	https://lichenportal.org/portal/collections/individual/index.php?occid=36592
36593	ASU	NA	T.H. Nash III	17805-b	69.06	119.97	Colorado	San Juan	37.1666667	-108.475	outside_boundary_exact	Colorado, Montezuma County	Mesa Verde National Park, Lower Fewkes Canyon	https://lichenportal.org/portal/collections/individual/index.php?occid=36593
36594	ASU	NA	T.H. Nash III	17806	69.06	119.97	Colorado	San Juan	37.1666667	-108.475	outside_boundary_exact	Colorado, Montezuma County	Mesa Verde National Park, Lower Fewkes Canyon	https://lichenportal.org/portal/collections/individual/index.php?occid=36594
36595	ASU	NA	T.H. Nash III	17807	69.06	119.97	Colorado	San Juan	37.1666667	-108.475	outside_boundary_exact	Colorado, Montezuma County	Mesa Verde National Park, Lower Fewkes Canyon	https://lichenportal.org/portal/collections/individual/index.php?occid=36595
36596	ASU	NA	T.H. Nash III	17808	69.06	119.97	Colorado	San Juan	37.1666667	-108.475	outside_boundary_exact	Colorado, Montezuma County	Mesa Verde National Park, Lower Fewkes Canyon	https://lichenportal.org/portal/collections/individual/index.php?occid=36596
36597	ASU	ASUL047673	T.H. Nash III	17809 A	69.06	119.97	Colorado	San Juan	37.1666667	-108.475	outside_boundary_exact	Colorado, Montezuma County	Mesa Verde National Park, Lower Fewkes Canyon	https://lichenportal.org/portal/collections/individual/index.php?occid=36597
36598	ASU	ASUL008778	T.H. Nash III	17810	69.06	119.97	Colorado	San Juan	37.1666667	-108.475	outside_boundary_exact	Colorado, Montezuma County	Mesa Verde National Park, Lower Fewkes Canyon	https://lichenportal.org/portal/collections/individual/index.php?occid=36598
36599	ASU	NA	T.H. Nash III	17811	69.06	119.97	Colorado	San Juan	37.1666667	-108.475	outside_boundary_exact	Colorado, Montezuma County	Mesa Verde National Park, Lower Fewkes Canyon	https://lichenportal.org/portal/collections/individual/index.php?occid=36599
36600	ASU	NA	T.H. Nash III	17812	69.06	119.97	Colorado	San Juan	37.1666667	-108.475	outside_boundary_exact	Colorado, Montezuma County	Mesa Verde National Park, Lower Fewkes Canyon	https://lichenportal.org/portal/collections/individual/index.php?occid=36600
36601	ASU	NA	T.H. Nash III	17813	69.06	119.97	Colorado	San Juan	37.1666667	-108.475	outside_boundary_exact	Colorado, Montezuma County	Mesa Verde National Park, Lower Fewkes Canyon	https://lichenportal.org/portal/collections/individual/index.php?occid=36601
36603	ASU	NA	T.H. Nash III	17814	69.06	119.97	Colorado	San Juan	37.1666667	-108.475	outside_boundary_exact	Colorado, Montezuma County	Mesa Verde National Park, Lower Fewkes Canyon	https://lichenportal.org/portal/collections/individual/index.php?occid=36603
36604	ASU	NA	T.H. Nash III	17815	69.06	119.97	Colorado	San Juan	37.1666667	-108.475	outside_boundary_exact	Colorado, Montezuma County	Mesa Verde National Park, Lower Fewkes Canyon	https://lichenportal.org/portal/collections/individual/index.php?occid=36604
36605	ASU	NA	T.H. Nash III	17816	69.06	119.97	Colorado	San Juan	37.1666667	-108.475	outside_boundary_exact	Colorado, Montezuma County	Mesa Verde National Park, Lower Fewkes Canyon	https://lichenportal.org/portal/collections/individual/index.php?occid=36605
36606	ASU	NA	T.H. Nash III	17817	69.06	119.97	Colorado	San Juan	37.1666667	-108.475	outside_boundary_exact	Colorado, Montezuma County	Mesa Verde National Park, Lower Fewkes Canyon	https://lichenportal.org/portal/collections/individual/index.php?occid=36606
36607	ASU	ASUL006934	T.H. Nash III	17818	69.06	119.97	Colorado	San Juan	37.1666667	-108.475	outside_boundary_exact	Colorado, Montezuma County	Mesa Verde National Park, Lower Fewkes Canyon	https://lichenportal.org/portal/collections/individual/index.php?occid=36607
36608	ASU	NA	T.H. Nash III	17819	69.06	119.97	Colorado	San Juan	37.1666667	-108.475	outside_boundary_exact	Colorado, Montezuma County	Mesa Verde National Park, Lower Fewkes Canyon	https://lichenportal.org/portal/collections/individual/index.php?occid=36608
36609	ASU	NA	T.H. Nash III	17820	69.06	119.97	Colorado	San Juan	37.1666667	-108.475	outside_boundary_exact	Colorado, Montezuma County	Mesa Verde National Park, Lower Fewkes Canyon	https://lichenportal.org/portal/collections/individual/index.php?occid=36609
36610	ASU	NA	T.H. Nash III	17821	69.06	119.97	Colorado	San Juan	37.1666667	-108.475	outside_boundary_exact	Colorado, Montezuma County	Mesa Verde National Park, Lower Fewkes Canyon	https://lichenportal.org/portal/collections/individual/index.php?occid=36610
36611	ASU	NA	T.H. Nash III	17822	69.06	119.97	Colorado	San Juan	37.1666667	-108.475	outside_boundary_exact	Colorado, Montezuma County	Mesa Verde National Park, Lower Fewkes Canyon	https://lichenportal.org/portal/collections/individual/index.php?occid=36611
36612	ASU	NA	T.H. Nash III	17823	69.06	119.97	Colorado	San Juan	37.1666667	-108.475	outside_boundary_exact	Colorado, Montezuma County	Mesa Verde National Park, Lower Fewkes Canyon	https://lichenportal.org/portal/collections/individual/index.php?occid=36612
36614	ASU	NA	T.H. Nash III	17824	69.06	119.97	Colorado	San Juan	37.1666667	-108.475	outside_boundary_exact	Colorado, Montezuma County	Mesa Verde National Park, Lower Fewkes Canyon	https://lichenportal.org/portal/collections/individual/index.php?occid=36614
36615	ASU	NA	T.H. Nash III	17825	69.06	119.97	Colorado	San Juan	37.1666667	-108.475	outside_boundary_exact	Colorado, Montezuma County	Mesa Verde National Park, Lower Fewkes Canyon	https://lichenportal.org/portal/collections/individual/index.php?occid=36615
36616	ASU	NA	T.H. Nash III	17826	69.06	119.97	Colorado	San Juan	37.1666667	-108.475	outside_boundary_exact	Colorado, Montezuma County	Mesa Verde National Park, Lower Fewkes Canyon	https://lichenportal.org/portal/collections/individual/index.php?occid=36616
36617	ASU	NA	T.H. Nash III	17827	69.06	119.97	Colorado	San Juan	37.1666667	-108.475	outside_boundary_exact	Colorado, Montezuma County	Mesa Verde National Park, Lower Fewkes Canyon	https://lichenportal.org/portal/collections/individual/index.php?occid=36617
36618	ASU	NA	T.H. Nash III	17828	69.06	119.97	Colorado	San Juan	37.1666667	-108.475	outside_boundary_exact	Colorado, Montezuma County	Mesa Verde National Park, Lower Fewkes Canyon	https://lichenportal.org/portal/collections/individual/index.php?occid=36618
36619	ASU	NA	T.H. Nash III	17829	69.06	119.97	Colorado	San Juan	37.1666667	-108.475	outside_boundary_exact	Colorado, Montezuma County	Mesa Verde National Park, Upper Fewkes Canyon	https://lichenportal.org/portal/collections/individual/index.php?occid=36619
36621	ASU	ASUL002852	T.H. Nash III	17831	69.06	119.97	Colorado	San Juan	37.1666667	-108.475	outside_boundary_exact	Colorado, Montezuma County	Mesa Verde National Park, along the upper portion of Fewkes Canyon	https://lichenportal.org/portal/collections/individual/index.php?occid=36621
36622	ASU	ASUL002856	T.H. Nash III	17832	69.06	119.97	Colorado	San Juan	37.1666667	-108.475	outside_boundary_exact	Colorado, Montezuma County	Mesa Verde National Park, along the upper portion of Fewkes Canyon	https://lichenportal.org/portal/collections/individual/index.php?occid=36622
36623	ASU	ASUL017099	T.H. Nash III	17833	69.06	119.97	Colorado	San Juan	37.1666667	-108.475	outside_boundary_exact	Colorado, Montezuma County	Mesa Verde National Park, along the upper portion of Fewkes Canyon	https://lichenportal.org/portal/collections/individual/index.php?occid=36623
36625	ASU	ASUL008433	T.H. Nash III	17834	69.06	119.97	Colorado	San Juan	37.1666667	-108.475	outside_boundary_exact	Colorado, Montezuma County	Mesa Verde National Park, along the upper portion of Fewkes Canyon	https://lichenportal.org/portal/collections/individual/index.php?occid=36625
36626	ASU	ASUL008605	T.H. Nash III	17835	69.06	119.97	Colorado	San Juan	37.1666667	-108.475	outside_boundary_exact	Colorado, Montezuma County	Mesa Verde National Park, along the upper portion of Fewkes Canyon	https://lichenportal.org/portal/collections/individual/index.php?occid=36626
36627	ASU	ASUL005293	T.H. Nash III	17836	69.06	119.97	Colorado	San Juan	37.1666667	-108.475	outside_boundary_exact	Colorado, Montezuma County	Mesa Verde National Park, along the upper portion of Fewkes Canyon	https://lichenportal.org/portal/collections/individual/index.php?occid=36627
36628	ASU	ASUL005347	T.H. Nash III	17837	69.06	119.97	Colorado	San Juan	37.1666667	-108.475	outside_boundary_exact	Colorado, Montezuma County	Mesa Verde National Park, along the upper portion of Fewkes Canyon	https://lichenportal.org/portal/collections/individual/index.php?occid=36628
36629	ASU	ASUL019481	T.H. Nash III	17838	69.06	119.97	Colorado	San Juan	37.1666667	-108.475	outside_boundary_exact	Colorado, Montezuma County	Mesa Verde National Park, along the upper portion of Fewkes Canyon	https://lichenportal.org/portal/collections/individual/index.php?occid=36629
36630	ASU	ASUL005339	T.H. Nash III	17839	69.06	119.97	Colorado	San Juan	37.1666667	-108.475	outside_boundary_exact	Colorado, Montezuma County	Mesa Verde National Park, along the upper portion of Fewkes Canyon	https://lichenportal.org/portal/collections/individual/index.php?occid=36630
36631	ASU	ASUL005539	T.H. Nash III	17840	69.06	119.97	Colorado	San Juan	37.1666667	-108.475	outside_boundary_exact	Colorado, Montezuma County	Mesa Verde National Park, along the upper portion of Fewkes Canyon	https://lichenportal.org/portal/collections/individual/index.php?occid=36631
36632	ASU	NA	T.H. Nash III	17841	69.06	119.97	Colorado	San Juan	37.1666667	-108.475	outside_boundary_exact	Colorado, Montezuma County	Mesa Verde National Park, along the upper portion of Fewkes Canyon	https://lichenportal.org/portal/collections/individual/index.php?occid=36632
36633	ASU	ASUL001386	T.H. Nash III	17842	69.06	119.97	Colorado	San Juan	37.1666667	-108.475	outside_boundary_exact	Colorado, Montezuma County	Mesa Verde National Park, along the upper portion of Fewkes Canyon	https://lichenportal.org/portal/collections/individual/index.php?occid=36633
36634	ASU	ASUL001498	T.H. Nash III	17843	69.06	119.97	Colorado	San Juan	37.1666667	-108.475	outside_boundary_exact	Colorado, Montezuma County	Mesa Verde National Park, along the upper portion of Fewkes Canyon	https://lichenportal.org/portal/collections/individual/index.php?occid=36634
36636	ASU	ASUL001531	T.H. Nash III	17844	69.06	119.97	Colorado	San Juan	37.1666667	-108.475	outside_boundary_exact	Colorado, Montezuma County	Mesa Verde National Park, along the upper portion of Fewkes Canyon	https://lichenportal.org/portal/collections/individual/index.php?occid=36636
36637	ASU	ASUL030214	T.H. Nash III	17845	69.06	119.97	Colorado	San Juan	37.1666667	-108.475	outside_boundary_exact	Colorado, Montezuma County	Mesa Verde National Park, along the upper portion of Fewkes Canyon	https://lichenportal.org/portal/collections/individual/index.php?occid=36637
36638	ASU	ASUL012037	T.H. Nash III	17846	69.06	119.97	Colorado	San Juan	37.1666667	-108.475	outside_boundary_exact	Colorado, Montezuma County	Mesa Verde National Park, along the upper portion of Fewkes Canyon	https://lichenportal.org/portal/collections/individual/index.php?occid=36638
36639	ASU	ASUL020167	T.H. Nash III	17847	69.06	119.97	Colorado	San Juan	37.1666667	-108.475	outside_boundary_exact	Colorado, Montezuma County	Mesa Verde National Park, along the upper portion of Fewkes Canyon	https://lichenportal.org/portal/collections/individual/index.php?occid=36639
36640	ASU	ASUL034282	T.H. Nash III	17848	69.06	119.97	Colorado	San Juan	37.1666667	-108.475	outside_boundary_exact	Colorado, Montezuma County	Mesa Verde National Park, along the upper portion of Fewkes Canyon	https://lichenportal.org/portal/collections/individual/index.php?occid=36640
36641	ASU	ASUL031729	T.H. Nash III	17849	69.06	119.97	Colorado	San Juan	37.1666667	-108.475	outside_boundary_exact	Colorado, Montezuma County	Mesa Verde National Park, along the upper portion of Fewkes Canyon	https://lichenportal.org/portal/collections/individual/index.php?occid=36641
36642	ASU	ASUL032487	T.H. Nash III	17850	69.06	119.97	Colorado	San Juan	37.1666667	-108.475	outside_boundary_exact	Colorado, Montezuma County	Mesa Verde National Park, along the upper portion of Fewkes Canyon	https://lichenportal.org/portal/collections/individual/index.php?occid=36642
36643	ASU	ASUL023036	T.H. Nash III	17851	69.06	119.97	Colorado	San Juan	37.1666667	-108.475	outside_boundary_exact	Colorado, Montezuma County	Mesa Verde National Park, along the upper portion of Fewkes Canyon	https://lichenportal.org/portal/collections/individual/index.php?occid=36643
36644	ASU	ASUL046951	T.H. Nash III	17852	69.06	119.97	Colorado	San Juan	37.1666667	-108.475	outside_boundary_exact	Colorado, Montezuma County	Mesa Verde National Park, along the upper portion of Fewkes Canyon	https://lichenportal.org/portal/collections/individual/index.php?occid=36644
36645	ASU	ASUL046925	T.H. Nash III	17853	69.06	119.97	Colorado	San Juan	37.1666667	-108.475	outside_boundary_exact	Colorado, Montezuma County	Mesa Verde National Park, along the upper portion of Fewkes Canyon	https://lichenportal.org/portal/collections/individual/index.php?occid=36645
36647	ASU	ASUL023037	T.H. Nash III	17854	69.06	119.97	Colorado	San Juan	37.1666667	-108.475	outside_boundary_exact	Colorado, Montezuma County	Mesa Verde National Park, along the upper portion of Fewkes Canyon	https://lichenportal.org/portal/collections/individual/index.php?occid=36647
36648	ASU	NA	T.H. Nash III	17855	69.06	119.97	Colorado	San Juan	37.1666667	-108.475	outside_boundary_exact	Colorado, Montezuma County	Mesa Verde National Park, along the upper portion of Fewkes Canyon	https://lichenportal.org/portal/collections/individual/index.php?occid=36648
36649	ASU	NA	T.H. Nash III	17856	69.06	119.97	Colorado	San Juan	37.1666667	-108.475	outside_boundary_exact	Colorado, Montezuma County	Mesa Verde National Park, along the upper portion of Fewkes Canyon	https://lichenportal.org/portal/collections/individual/index.php?occid=36649
36650	ASU	NA	T.H. Nash III	17857	69.06	119.97	Colorado	San Juan	37.1666667	-108.475	outside_boundary_exact	Colorado, Montezuma County	Mesa Verde National Park, along the upper portion of Fewkes Canyon	https://lichenportal.org/portal/collections/individual/index.php?occid=36650
36651	ASU	NA	T.H. Nash III	17858	69.06	119.97	Colorado	San Juan	37.1666667	-108.475	outside_boundary_exact	Colorado, Montezuma County	Mesa Verde National Park, along the upper portion of Fewkes Canyon	https://lichenportal.org/portal/collections/individual/index.php?occid=36651
36652	ASU	NA	T.H. Nash III	17859	69.06	119.97	Colorado	San Juan	37.1666667	-108.475	outside_boundary_exact	Colorado, Montezuma County	Mesa Verde National Park, along the upper portion of Fewkes Canyon	https://lichenportal.org/portal/collections/individual/index.php?occid=36652
36653	ASU	NA	T.H. Nash III	17860	69.06	119.97	Colorado	San Juan	37.1666667	-108.475	outside_boundary_exact	Colorado, Montezuma County	Mesa Verde National Park, along the upper portion of Fewkes Canyon	https://lichenportal.org/portal/collections/individual/index.php?occid=36653
36654	ASU	ASUL005388	T.H. Nash III	17861	69.06	119.97	Colorado	San Juan	37.1666667	-108.475	outside_boundary_exact	Colorado, Montezuma County	Mesa Verde National Park, along the upper portion of Fewkes Canyon	https://lichenportal.org/portal/collections/individual/index.php?occid=36654
36655	ASU	NA	T.H. Nash III	17862	69.06	119.97	Colorado	San Juan	37.1666667	-108.475	outside_boundary_exact	Colorado, Montezuma County	Mesa Verde National Park, along the upper portion of Fewkes Canyon	https://lichenportal.org/portal/collections/individual/index.php?occid=36655
36656	ASU	NA	T.H. Nash III	17863	69.06	119.97	Colorado	San Juan	37.1666667	-108.475	outside_boundary_exact	Colorado, Montezuma County	Mesa Verde National Park, along the upper portion of Fewkes Canyon	https://lichenportal.org/portal/collections/individual/index.php?occid=36656
36658	ASU	NA	T.H. Nash III	17864	69.06	119.97	Colorado	San Juan	37.1666667	-108.475	outside_boundary_exact	Colorado, Montezuma County	Mesa Verde National Park, along the upper portion of Fewkes Canyon	https://lichenportal.org/portal/collections/individual/index.php?occid=36658
36659	ASU	NA	T.H. Nash III	17865	69.06	119.97	Colorado	San Juan	37.1666667	-108.475	outside_boundary_exact	Colorado, Montezuma County	Mesa Verde National Park, along the upper portion of Fewkes Canyon	https://lichenportal.org/portal/collections/individual/index.php?occid=36659
36660	ASU	NA	T.H. Nash III	17866	69.06	119.97	Colorado	San Juan	37.1666667	-108.475	outside_boundary_exact	Colorado, Montezuma County	Mesa Verde National Park, along the upper portion of Fewkes Canyon	https://lichenportal.org/portal/collections/individual/index.php?occid=36660
36661	ASU	NA	T.H. Nash III	17867	69.06	119.97	Colorado	San Juan	37.1666667	-108.475	outside_boundary_exact	Colorado, Montezuma County	Mesa Verde National Park, along the upper portion of Fewkes Canyon	https://lichenportal.org/portal/collections/individual/index.php?occid=36661
36662	ASU	NA	T.H. Nash III	17868	69.06	119.97	Colorado	San Juan	37.1666667	-108.475	outside_boundary_exact	Colorado, Montezuma County	Mesa Verde National Park, along the upper portion of Fewkes Canyon	https://lichenportal.org/portal/collections/individual/index.php?occid=36662
36663	ASU	NA	T.H. Nash III	17869	69.06	119.97	Colorado	San Juan	37.1666667	-108.475	outside_boundary_exact	Colorado, Montezuma County	Mesa Verde National Park, along the upper portion of Fewkes Canyon	https://lichenportal.org/portal/collections/individual/index.php?occid=36663
36664	ASU	NA	T.H. Nash III	17870	69.06	119.97	Colorado	San Juan	37.1666667	-108.475	outside_boundary_exact	Colorado, Montezuma County	Mesa Verde National Park, along the upper portion of Fewkes Canyon	https://lichenportal.org/portal/collections/individual/index.php?occid=36664
36665	ASU	NA	T.H. Nash III	17871	69.06	119.97	Colorado	San Juan	37.1666667	-108.475	outside_boundary_exact	Colorado, Montezuma County	Mesa Verde National Park, along the upper portion of Fewkes Canyon	https://lichenportal.org/portal/collections/individual/index.php?occid=36665
36666	ASU	NA	T.H. Nash III	17872	69.06	119.97	Colorado	San Juan	37.1666667	-108.475	outside_boundary_exact	Colorado, Montezuma County	Mesa Verde National Park, along the upper portion of Fewkes Canyon	https://lichenportal.org/portal/collections/individual/index.php?occid=36666
36667	ASU	NA	T.H. Nash III	17873	69.06	119.97	Colorado	San Juan	37.1666667	-108.475	outside_boundary_exact	Colorado, Montezuma County	Mesa Verde National Park, along the upper portion of Fewkes Canyon	https://lichenportal.org/portal/collections/individual/index.php?occid=36667
36670	ASU	NA	T.H. Nash III	17874	69.06	119.97	Colorado	San Juan	37.1666667	-108.475	outside_boundary_exact	Colorado, Montezuma County	Mesa Verde National Park, along the upper portion of Fewkes Canyon	https://lichenportal.org/portal/collections/individual/index.php?occid=36670
36671	ASU	NA	T.H. Nash III	17875	69.06	119.97	Colorado	San Juan	37.1666667	-108.475	outside_boundary_exact	Colorado, Montezuma County	Mesa Verde National Park, along the upper portion of Fewkes Canyon	https://lichenportal.org/portal/collections/individual/index.php?occid=36671
36672	ASU	NA	T.H. Nash III	17876	69.06	119.97	Colorado	San Juan	37.1666667	-108.475	outside_boundary_exact	Colorado, Montezuma County	Mesa Verde National Park, along the upper portion of Fewkes Canyon	https://lichenportal.org/portal/collections/individual/index.php?occid=36672
36673	ASU	NA	T.H. Nash III	17877	69.06	119.97	Colorado	San Juan	37.1666667	-108.475	outside_boundary_exact	Colorado, Montezuma County	Mesa Verde National Park, along the upper portion of Fewkes Canyon	https://lichenportal.org/portal/collections/individual/index.php?occid=36673
36674	ASU	NA	T.H. Nash III	17878	69.06	119.97	Colorado	San Juan	37.1666667	-108.475	outside_boundary_exact	Colorado, Montezuma County	Mesa Verde National Park, Upper Fewkes Canyon	https://lichenportal.org/portal/collections/individual/index.php?occid=36674
36675	ASU	NA	T.H. Nash III	17879	69.06	119.97	Colorado	San Juan	37.1666667	-108.475	outside_boundary_exact	Colorado, Montezuma County	Mesa Verde National Park, Upper Fewkes Canyon	https://lichenportal.org/portal/collections/individual/index.php?occid=36675
36676	ASU	NA	T.H. Nash III	17880	69.06	119.97	Colorado	San Juan	37.1666667	-108.475	outside_boundary_exact	Colorado, Montezuma County	Mesa Verde National Park, Upper Fewkes Canyon	https://lichenportal.org/portal/collections/individual/index.php?occid=36676
36677	ASU	NA	T.H. Nash III	17881	69.06	119.97	Colorado	San Juan	37.1666667	-108.475	outside_boundary_exact	Colorado, Montezuma County	Mesa Verde National Park, Upper Fewkes Canyon	https://lichenportal.org/portal/collections/individual/index.php?occid=36677
36678	ASU	NA	T.H. Nash III	17882	69.06	119.97	Colorado	San Juan	37.1666667	-108.475	outside_boundary_exact	Colorado, Montezuma County	Mesa Verde National Park, Upper Fewkes Canyon	https://lichenportal.org/portal/collections/individual/index.php?occid=36678
36679	ASU	NA	T.H. Nash III	17883	69.06	119.97	Colorado	San Juan	37.1666667	-108.475	outside_boundary_exact	Colorado, Montezuma County	Mesa Verde National Park, along the upper portion of Fewkes Canyon	https://lichenportal.org/portal/collections/individual/index.php?occid=36679
36681	ASU	ASUL048534	T.H. Nash III	17884	69.06	119.97	Colorado	San Juan	37.1666667	-108.475	outside_boundary_exact	Colorado, Montezuma County	Mesa Verde National Park, along the upper portion of Fewkes Canyon	https://lichenportal.org/portal/collections/individual/index.php?occid=36681
36682	ASU	NA	T.H. Nash III	17885	69.06	119.97	Colorado	San Juan	37.1666667	-108.475	outside_boundary_exact	Colorado, Montezuma County	Mesa Verde National Park, along the upper portion of Fewkes Canyon	https://lichenportal.org/portal/collections/individual/index.php?occid=36682
36683	ASU	NA	T.H. Nash III	17886	69.06	119.97	Colorado	San Juan	37.1666667	-108.475	outside_boundary_exact	Colorado, Montezuma County	Mesa Verde National Park, along the upper portion of Fewkes Canyon	https://lichenportal.org/portal/collections/individual/index.php?occid=36683
36684	ASU	NA	T.H. Nash III	17887	69.06	119.97	Colorado	San Juan	37.1666667	-108.475	outside_boundary_exact	Colorado, Montezuma County	Mesa Verde National Park, along the upper portion of Fewkes Canyon	https://lichenportal.org/portal/collections/individual/index.php?occid=36684
36685	ASU	NA	T.H. Nash III	17888	69.06	119.97	Colorado	San Juan	37.1666667	-108.475	outside_boundary_exact	Colorado, Montezuma County	Mesa Verde National Park, along the upper portion of Fewkes Canyon	https://lichenportal.org/portal/collections/individual/index.php?occid=36685
36686	ASU	NA	T.H. Nash III	17889	69.06	119.97	Colorado	San Juan	37.1666667	-108.475	outside_boundary_exact	Colorado, Montezuma County	Mesa Verde National Park, along the upper portion of Fewkes Canyon	https://lichenportal.org/portal/collections/individual/index.php?occid=36686
36687	ASU	NA	T.H. Nash III	17890	69.06	119.97	Colorado	San Juan	37.1666667	-108.475	outside_boundary_exact	Colorado, Montezuma County	Mesa Verde National Park, along the upper portion of Fewkes Canyon	https://lichenportal.org/portal/collections/individual/index.php?occid=36687
36688	ASU	NA	T.H. Nash III	17891	69.06	119.97	Colorado	San Juan	37.1666667	-108.475	outside_boundary_exact	Colorado, Montezuma County	Mesa Verde National Park, along the upper portion of Fewkes Canyon	https://lichenportal.org/portal/collections/individual/index.php?occid=36688
36689	ASU	NA	T.H. Nash III	17892	69.06	119.97	Colorado	San Juan	37.1666667	-108.475	outside_boundary_exact	Colorado, Montezuma County	Mesa Verde National Park, along the upper portion of Fewkes Canyon	https://lichenportal.org/portal/collections/individual/index.php?occid=36689
36690	ASU	NA	T.H. Nash III	17893	69.06	119.97	Colorado	San Juan	37.1666667	-108.475	outside_boundary_exact	Colorado, Montezuma County	Mesa Verde National Park, along the upper portion of Fewkes Canyon	https://lichenportal.org/portal/collections/individual/index.php?occid=36690
36692	ASU	NA	T.H. Nash III	17894	69.06	119.97	Colorado	San Juan	37.1666667	-108.475	outside_boundary_exact	Colorado, Montezuma County	Mesa Verde National Park, along the upper portion of Fewkes Canyon	https://lichenportal.org/portal/collections/individual/index.php?occid=36692
36693	ASU	NA	T.H. Nash III	17895	69.06	119.97	Colorado	San Juan	37.1666667	-108.475	outside_boundary_exact	Colorado, Montezuma County	Mesa Verde National Park, along the upper portion of Fewkes Canyon	https://lichenportal.org/portal/collections/individual/index.php?occid=36693
36694	ASU	NA	T.H. Nash III	17896	69.06	119.97	Colorado	San Juan	37.1666667	-108.475	outside_boundary_exact	Colorado, Montezuma County	Mesa Verde National Park, along the upper portion of Fewkes Canyon	https://lichenportal.org/portal/collections/individual/index.php?occid=36694
36695	ASU	NA	T.H. Nash III	17897	69.06	119.97	Colorado	San Juan	37.1666667	-108.475	outside_boundary_exact	Colorado, Montezuma County	Mesa Verde National Park, along the upper portion of Fewkes Canyon	https://lichenportal.org/portal/collections/individual/index.php?occid=36695
36696	ASU	NA	T.H. Nash III	17898	69.06	119.97	Colorado	San Juan	37.1666667	-108.475	outside_boundary_exact	Colorado, Montezuma County	Mesa Verde National Park, along the upper portion of Fewkes Canyon	https://lichenportal.org/portal/collections/individual/index.php?occid=36696
36697	ASU	NA	T.H. Nash III	17899	69.06	119.97	Colorado	San Juan	37.1666667	-108.475	outside_boundary_exact	Colorado, Montezuma County	Mesa Verde National Park, along the upper portion of Fewkes Canyon	https://lichenportal.org/portal/collections/individual/index.php?occid=36697
36698	ASU	NA	T.H. Nash III	17900	69.06	119.97	Colorado	San Juan	37.1666667	-108.475	outside_boundary_exact	Colorado, Montezuma County	Mesa Verde National Park, along the upper portion of Fewkes Canyon	https://lichenportal.org/portal/collections/individual/index.php?occid=36698
36699	ASU	ASUL024885	T.H. Nash III	17901	69.06	119.97	Colorado	San Juan	37.1666667	-108.475	outside_boundary_exact	Colorado, Montezuma County	Mesa Verde National Park, along the upper portion of Fewkes Canyon	https://lichenportal.org/portal/collections/individual/index.php?occid=36699
36700	ASU	NA	T.H. Nash III	17902	69.06	119.97	Colorado	San Juan	37.1666667	-108.475	outside_boundary_exact	Colorado, Montezuma County	Mesa Verde National Park, along the upper portion of Fewkes Canyon	https://lichenportal.org/portal/collections/individual/index.php?occid=36700
36701	ASU	NA	T.H. Nash III	17903	69.06	119.97	Colorado	San Juan	37.1666667	-108.475	outside_boundary_exact	Colorado, Montezuma County	Mesa Verde National Park, along the upper portion of Fewkes Canyon	https://lichenportal.org/portal/collections/individual/index.php?occid=36701
36703	ASU	NA	T.H. Nash III	17904	69.06	119.97	Colorado	San Juan	37.1666667	-108.475	outside_boundary_exact	Colorado, Montezuma County	Mesa Verde National Park, along the upper portion of Fewkes Canyon	https://lichenportal.org/portal/collections/individual/index.php?occid=36703
36704	ASU	NA	T.H. Nash III	17905	69.06	119.97	Colorado	San Juan	37.1666667	-108.475	outside_boundary_exact	Colorado, Montezuma County	Mesa Verde National Park, along the upper portion of Fewkes Canyon	https://lichenportal.org/portal/collections/individual/index.php?occid=36704
36705	ASU	NA	T.H. Nash III	17906	69.06	119.97	Colorado	San Juan	37.1666667	-108.475	outside_boundary_exact	Colorado, Montezuma County	Mesa Verde National Park, along the upper portion of Fewkes Canyon	https://lichenportal.org/portal/collections/individual/index.php?occid=36705
80090	ASU	NA	T.H. Nash III	17773-b	69.06	119.97	Colorado	San Juan	37.1666667	-108.475	outside_boundary_exact	Colorado, Montezuma County	Mesa Verde National Park, Lower Fewkes Canyon	https://lichenportal.org/portal/collections/individual/index.php?occid=80090
85125	ASU	NA	T.H. Nash III	17779-b	69.06	119.97	Colorado	San Juan	37.1666667	-108.475	outside_boundary_exact	Colorado, Montezuma County	Mesa Verde National Park, Lower Fewkes Canyon	https://lichenportal.org/portal/collections/individual/index.php?occid=85125
96289	ASU	NA	T.H. Nash III	17899	69.06	119.97	Colorado	San Juan	37.1666667	-108.475	outside_boundary_exact	Colorado, Montezuma County	Mesa Verde National Park, Upper Fewkes Canyon	https://lichenportal.org/portal/collections/individual/index.php?occid=96289
5685064	ASU	ASUL047652	T.H. Nash III	17809 B	69.06	119.97	Colorado	San Juan	37.1666667	-108.475	outside_boundary_exact	Colorado, Montezuma County	Mesa Verde National Park, Lower Fewkes Canyon	https://lichenportal.org/portal/collections/individual/index.php?occid=5685064
36620	ASU	ASUL002685	T.H. Nash III	17830	68.59	119.47	Colorado	San Juan	37.166667	-108.466667	outside_boundary_exact	Colorado, Montezuma County	Mesa Verde National Park, upper Fewkes Canyon	https://lichenportal.org/portal/collections/individual/index.php?occid=36620
36706	ASU	ASUL002845	T.H. Nash III	17907	68.11	119.11	Colorado	San Juan	37.1833333	-108.4833333	outside_boundary_exact	Colorado, Montezuma County	Mesa Verde National Park, Spruce Tree Canyon, across from park headquarters	https://lichenportal.org/portal/collections/individual/index.php?occid=36706
36708	ASU	ASUL002557	T.H. Nash III	17908	68.11	119.11	Colorado	San Juan	37.1833333	-108.4833333	outside_boundary_exact	Colorado, Montezuma County	Mesa Verde National Park, Spruce Tree Canyon, across from park headquarters	https://lichenportal.org/portal/collections/individual/index.php?occid=36708
36709	ASU	ASUL002817	T.H. Nash III	17909	68.11	119.11	Colorado	San Juan	37.1833333	-108.4833333	outside_boundary_exact	Colorado, Montezuma County	Mesa Verde National Park, Spruce Tree Canyon, across from park headquarters	https://lichenportal.org/portal/collections/individual/index.php?occid=36709
36710	ASU	ASUL002860	T.H. Nash III	17910	68.11	119.11	Colorado	San Juan	37.1833333	-108.4833333	outside_boundary_exact	Colorado, Montezuma County	Mesa Verde National Park, Spruce Tree Canyon, across from park headquarters	https://lichenportal.org/portal/collections/individual/index.php?occid=36710
36711	ASU	ASUL029549	T.H. Nash III	17911	68.11	119.11	Colorado	San Juan	37.1833333	-108.4833333	outside_boundary_exact	Colorado, Montezuma County	Mesa Verde National Park, Spruce Tree Canyon, across from park headquarters	https://lichenportal.org/portal/collections/individual/index.php?occid=36711
36712	ASU	NA	T.H. Nash III	17912	68.11	119.11	Colorado	San Juan	37.1833333	-108.4833333	outside_boundary_exact	Colorado, Montezuma County	Mesa Verde National Park, Spruce Tree Canyon, across from park headquarters	https://lichenportal.org/portal/collections/individual/index.php?occid=36712
36714	ASU	NA	T.H. Nash III	17913	68.11	119.11	Colorado	San Juan	37.1833333	-108.4833333	outside_boundary_exact	Colorado, Montezuma County	Mesa Verde National Park, Spruce Tree Canyon, across from park headquarters	https://lichenportal.org/portal/collections/individual/index.php?occid=36714
36715	ASU	ASUL005292	T.H. Nash III	17914	68.11	119.11	Colorado	San Juan	37.1833333	-108.4833333	outside_boundary_exact	Colorado, Montezuma County	Mesa Verde National Park, Spruce Tree Canyon, across from park headquarters	https://lichenportal.org/portal/collections/individual/index.php?occid=36715
36716	ASU	ASUL005338	T.H. Nash III	17915	68.11	119.11	Colorado	San Juan	37.1833333	-108.4833333	outside_boundary_exact	Colorado, Montezuma County	Mesa Verde National Park, Spruce Tree Canyon, across from park headquarters	https://lichenportal.org/portal/collections/individual/index.php?occid=36716
36717	ASU	ASUL005337	T.H. Nash III	17916	68.11	119.11	Colorado	San Juan	37.1833333	-108.4833333	outside_boundary_exact	Colorado, Montezuma County	Mesa Verde National Park, Spruce Tree Canyon, across from park headquarters	https://lichenportal.org/portal/collections/individual/index.php?occid=36717
36718	ASU	ASUL001394	T.H. Nash III	17917	68.11	119.11	Colorado	San Juan	37.1833333	-108.4833333	outside_boundary_exact	Colorado, Montezuma County	Mesa Verde National Park, Spruce Tree Canyon, across from park headquarters	https://lichenportal.org/portal/collections/individual/index.php?occid=36718
36719	ASU	ASUL001582	T.H. Nash III	17918	68.11	119.11	Colorado	San Juan	37.1833333	-108.4833333	outside_boundary_exact	Colorado, Montezuma County	Mesa Verde National Park, Spruce Tree Canyon, across from park headquarters	https://lichenportal.org/portal/collections/individual/index.php?occid=36719
36720	ASU	ASUL001672	T.H. Nash III	17919	68.11	119.11	Colorado	San Juan	37.1833333	-108.4833333	outside_boundary_exact	Colorado, Montezuma County	Mesa Verde National Park, Spruce Tree Canyon, across from park headquarters	https://lichenportal.org/portal/collections/individual/index.php?occid=36720
36721	ASU	ASUL030507	T.H. Nash III	17920	68.11	119.11	Colorado	San Juan	37.1833333	-108.4833333	outside_boundary_exact	Colorado, Montezuma County	Mesa Verde National Park, Spruce Tree Canyon, across from park headquarters	https://lichenportal.org/portal/collections/individual/index.php?occid=36721
36722	ASU	ASUL015280	T.H. Nash III	17921	68.11	119.11	Colorado	San Juan	37.1833333	-108.4833333	outside_boundary_exact	Colorado, Montezuma County	Mesa Verde National Park, Spruce Tree Canyon, across from park headquarters	https://lichenportal.org/portal/collections/individual/index.php?occid=36722
36723	ASU	ASUL012034	T.H. Nash III	17922	68.11	119.11	Colorado	San Juan	37.1833333	-108.4833333	outside_boundary_exact	Colorado, Montezuma County	Mesa Verde National Park, Spruce Tree Canyon, across from park headquarters	https://lichenportal.org/portal/collections/individual/index.php?occid=36723
36725	ASU	ASUL011695	T.H. Nash III	17923	68.11	119.11	Colorado	San Juan	37.1833333	-108.4833333	outside_boundary_exact	Colorado, Montezuma County	Mesa Verde National Park, Spruce Tree Canyon, across from park headquarters	https://lichenportal.org/portal/collections/individual/index.php?occid=36725
36726	ASU	ASUL020168	T.H. Nash III	17924	68.11	119.11	Colorado	San Juan	37.1833333	-108.4833333	outside_boundary_exact	Colorado, Montezuma County	Mesa Verde National Park, Spruce Tree Canyon, across from park headquarters	https://lichenportal.org/portal/collections/individual/index.php?occid=36726
36727	ASU	ASUL031730	T.H. Nash III	17925	68.11	119.11	Colorado	San Juan	37.1833333	-108.4833333	outside_boundary_exact	Colorado, Montezuma County	Mesa Verde National Park, Spruce Tree Canyon, across from park headquarters	https://lichenportal.org/portal/collections/individual/index.php?occid=36727
36728	ASU	ASUL000978	T.H. Nash III	17926	68.11	119.11	Colorado	San Juan	37.1833333	-108.4833333	outside_boundary_exact	Colorado, Montezuma County	Mesa Verde National Park, Spruce Tree Canyon, across from park headquarters	https://lichenportal.org/portal/collections/individual/index.php?occid=36728
36729	ASU	ASUL046954	T.H. Nash III	17927	68.11	119.11	Colorado	San Juan	37.1833333	-108.4833333	outside_boundary_exact	Colorado, Montezuma County	Mesa Verde National Park, Spruce Tree Canyon, across from park headquarters	https://lichenportal.org/portal/collections/individual/index.php?occid=36729
36730	ASU	ASUL046971	T.H. Nash III	17928	68.11	119.11	Colorado	San Juan	37.1833333	-108.4833333	outside_boundary_exact	Colorado, Montezuma County	Mesa Verde National Park, Spruce Tree Canyon, across from park headquarters	https://lichenportal.org/portal/collections/individual/index.php?occid=36730
36731	ASU	ASUL031805	T.H. Nash III	17929	68.11	119.11	Colorado	San Juan	37.1833333	-108.4833333	outside_boundary_exact	Colorado, Montezuma County	Mesa Verde National Park, Spruce Tree Canyon, across from park headquarters	https://lichenportal.org/portal/collections/individual/index.php?occid=36731
36732	ASU	ASUL046988	T.H. Nash III	17930	68.11	119.11	Colorado	San Juan	37.1833333	-108.4833333	outside_boundary_exact	Colorado, Montezuma County	Mesa Verde National Park, Spruce Tree Canyon, across from park headquarters	https://lichenportal.org/portal/collections/individual/index.php?occid=36732
36733	ASU	ASUL023015	T.H. Nash III	17931	68.11	119.11	Colorado	San Juan	37.1833333	-108.4833333	outside_boundary_exact	Colorado, Montezuma County	Mesa Verde National Park, Spruce Tree Canyon, across from park headquarters	https://lichenportal.org/portal/collections/individual/index.php?occid=36733
36734	ASU	NA	T.H. Nash III	17932	68.11	119.11	Colorado	San Juan	37.1833333	-108.4833333	outside_boundary_exact	Colorado, Montezuma County	Mesa Verde National Park, Spruce Tree Canyon, across from park headquarters	https://lichenportal.org/portal/collections/individual/index.php?occid=36734
36736	ASU	NA	T.H. Nash III	17933	68.11	119.11	Colorado	San Juan	37.1833333	-108.4833333	outside_boundary_exact	Colorado, Montezuma County	Mesa Verde National Park, Spruce Tree Canyon, across from park headquarters	https://lichenportal.org/portal/collections/individual/index.php?occid=36736
36737	ASU	NA	T.H. Nash III	17934	68.11	119.11	Colorado	San Juan	37.1833333	-108.4833333	outside_boundary_exact	Colorado, Montezuma County	Mesa Verde National Park, Spruce Tree Canyon, across from park headquarters	https://lichenportal.org/portal/collections/individual/index.php?occid=36737
36738	ASU	NA	T.H. Nash III	17935	68.11	119.11	Colorado	San Juan	37.1833333	-108.4833333	outside_boundary_exact	Colorado, Montezuma County	Mesa Verde National Park, Spruce Tree Canyon, across from park headquarters	https://lichenportal.org/portal/collections/individual/index.php?occid=36738
36740	ASU	NA	T.H. Nash III	17937	68.11	119.11	Colorado	San Juan	37.1833333	-108.4833333	outside_boundary_exact	Colorado, Montezuma County	Mesa Verde National Park, Spruce Tree Canyon, across from park headquarters	https://lichenportal.org/portal/collections/individual/index.php?occid=36740
36741	ASU	NA	T.H. Nash III	17938	68.11	119.11	Colorado	San Juan	37.1833333	-108.4833333	outside_boundary_exact	Colorado, Montezuma County	Mesa Verde National Park, Spruce Tree Canyon, across from park headquarters	https://lichenportal.org/portal/collections/individual/index.php?occid=36741
36742	ASU	NA	T.H. Nash III	17939	68.11	119.11	Colorado	San Juan	37.1833333	-108.4833333	outside_boundary_exact	Colorado, Montezuma County	Mesa Verde National Park, Spruce Tree Canyon, across from park headquarters	https://lichenportal.org/portal/collections/individual/index.php?occid=36742
36743	ASU	NA	T.H. Nash III	17940	68.11	119.11	Colorado	San Juan	37.1833333	-108.4833333	outside_boundary_exact	Colorado, Montezuma County	Mesa Verde National Park, Spruce Tree Canyon, across from park headquarters	https://lichenportal.org/portal/collections/individual/index.php?occid=36743
36744	ASU	NA	T.H. Nash III	17941	68.11	119.11	Colorado	San Juan	37.1833333	-108.4833333	outside_boundary_exact	Colorado, Montezuma County	Mesa Verde National Park, Spruce Tree Canyon, across from park headquarters	https://lichenportal.org/portal/collections/individual/index.php?occid=36744
36745	ASU	NA	T.H. Nash III	17942	68.11	119.11	Colorado	San Juan	37.1833333	-108.4833333	outside_boundary_exact	Colorado, Montezuma County	Mesa Verde National Park, Spruce Tree Canyon, across from park headquarters	https://lichenportal.org/portal/collections/individual/index.php?occid=36745
36747	ASU	NA	T.H. Nash III	17943	68.11	119.11	Colorado	San Juan	37.1833333	-108.4833333	outside_boundary_exact	Colorado, Montezuma County	Mesa Verde National Park, Spruce Tree Canyon, across from park headquarters	https://lichenportal.org/portal/collections/individual/index.php?occid=36747
36748	ASU	NA	T.H. Nash III	17944	68.11	119.11	Colorado	San Juan	37.1833333	-108.4833333	outside_boundary_exact	Colorado, Montezuma County	Mesa Verde National Park, Spruce Tree Canyon, across from park headquarters	https://lichenportal.org/portal/collections/individual/index.php?occid=36748
36749	ASU	NA	T.H. Nash III	17945	68.11	119.11	Colorado	San Juan	37.1833333	-108.4833333	outside_boundary_exact	Colorado, Montezuma County	Mesa Verde National Park, Spruce Tree Canyon, across from park headquarters	https://lichenportal.org/portal/collections/individual/index.php?occid=36749
36750	ASU	NA	T.H. Nash III	17946	68.11	119.11	Colorado	San Juan	37.1833333	-108.4833333	outside_boundary_exact	Colorado, Montezuma County	Mesa Verde National Park, Spruce Tree Canyon, across from park headquarters	https://lichenportal.org/portal/collections/individual/index.php?occid=36750
36751	ASU	NA	T.H. Nash III	17947	68.11	119.11	Colorado	San Juan	37.1833333	-108.4833333	outside_boundary_exact	Colorado, Montezuma County	Mesa Verde National Park, Spruce Tree Canyon, across from park headquarters	https://lichenportal.org/portal/collections/individual/index.php?occid=36751
36752	ASU	NA	T.H. Nash III	17948	68.11	119.11	Colorado	San Juan	37.1833333	-108.4833333	outside_boundary_exact	Colorado, Montezuma County	Mesa Verde National Park, Spruce Tree Canyon, across from park headquarters	https://lichenportal.org/portal/collections/individual/index.php?occid=36752
36753	ASU	NA	T.H. Nash III	17949	68.11	119.11	Colorado	San Juan	37.1833333	-108.4833333	outside_boundary_exact	Colorado, Montezuma County	Mesa Verde National Park, Spruce Tree Canyon, across from park headquarters	https://lichenportal.org/portal/collections/individual/index.php?occid=36753
36754	ASU	NA	T.H. Nash III	17950	68.11	119.11	Colorado	San Juan	37.1833333	-108.4833333	outside_boundary_exact	Colorado, Montezuma County	Mesa Verde National Park, Spruce Tree Canyon, across from park headquarters	https://lichenportal.org/portal/collections/individual/index.php?occid=36754
36755	ASU	NA	T.H. Nash III	17951	68.11	119.11	Colorado	San Juan	37.1833333	-108.4833333	outside_boundary_exact	Colorado, Montezuma County	Mesa Verde National Park, Spruce Tree Canyon, across from park headquarters	https://lichenportal.org/portal/collections/individual/index.php?occid=36755
36756	ASU	NA	T.H. Nash III	17952	68.11	119.11	Colorado	San Juan	37.1833333	-108.4833333	outside_boundary_exact	Colorado, Montezuma County	Mesa Verde National Park, Spruce Tree Canyon, across from park headquarters	https://lichenportal.org/portal/collections/individual/index.php?occid=36756
36758	ASU	NA	T.H. Nash III	17953	68.11	119.11	Colorado	San Juan	37.1833333	-108.4833333	outside_boundary_exact	Colorado, Montezuma County	Mesa Verde National Park, Spruce Tree Canyon, across from park headquarters	https://lichenportal.org/portal/collections/individual/index.php?occid=36758
36759	ASU	NA	T.H. Nash III	17954	68.11	119.11	Colorado	San Juan	37.1833333	-108.4833333	outside_boundary_exact	Colorado, Montezuma County	Mesa Verde National Park, Spruce Tree Canyon, across from park headquarters	https://lichenportal.org/portal/collections/individual/index.php?occid=36759
36760	ASU	NA	T.H. Nash III	17955	68.11	119.11	Colorado	San Juan	37.1833333	-108.4833333	outside_boundary_exact	Colorado, Montezuma County	Mesa Verde National Park, Spruce Tree Canyon, across from park headquarters	https://lichenportal.org/portal/collections/individual/index.php?occid=36760
36761	ASU	NA	T.H. Nash III	17956	68.11	119.11	Colorado	San Juan	37.1833333	-108.4833333	outside_boundary_exact	Colorado, Montezuma County	Mesa Verde National Park, Spruce Tree Canyon, across from park headquarters	https://lichenportal.org/portal/collections/individual/index.php?occid=36761
36762	ASU	NA	T.H. Nash III	17957	68.11	119.11	Colorado	San Juan	37.1833333	-108.4833333	outside_boundary_exact	Colorado, Montezuma County	Mesa Verde National Park, Spruce Tree Canyon, across from park headquarters	https://lichenportal.org/portal/collections/individual/index.php?occid=36762
36763	ASU	ASUL048535	T.H. Nash III	17958	68.11	119.11	Colorado	San Juan	37.1833333	-108.4833333	outside_boundary_exact	Colorado, Montezuma County	Mesa Verde National Park, Spruce Tree Canyon, across from park headquarters	https://lichenportal.org/portal/collections/individual/index.php?occid=36763
36764	ASU	NA	T.H. Nash III	17959	68.11	119.11	Colorado	San Juan	37.1833333	-108.4833333	outside_boundary_exact	Colorado, Montezuma County	Mesa Verde National Park, Spruce Tree Canyon, across from park headquarters	https://lichenportal.org/portal/collections/individual/index.php?occid=36764
36765	ASU	NA	T.H. Nash III	17960	68.11	119.11	Colorado	San Juan	37.1833333	-108.4833333	outside_boundary_exact	Colorado, Montezuma County	Mesa Verde National Park, Spruce Tree Canyon, across from park headquarters	https://lichenportal.org/portal/collections/individual/index.php?occid=36765
36766	ASU	NA	T.H. Nash III	17961	68.11	119.11	Colorado	San Juan	37.1833333	-108.4833333	outside_boundary_exact	Colorado, Montezuma County	Mesa Verde National Park, Spruce Tree Canyon, across from park headquarters	https://lichenportal.org/portal/collections/individual/index.php?occid=36766
36767	ASU	NA	T.H. Nash III	17962	68.11	119.11	Colorado	San Juan	37.1833333	-108.4833333	outside_boundary_exact	Colorado, Montezuma County	Mesa Verde National Park, Spruce Tree Canyon, across from park headquarters	https://lichenportal.org/portal/collections/individual/index.php?occid=36767
36769	ASU	NA	T.H. Nash III	17963	68.11	119.11	Colorado	San Juan	37.1833333	-108.4833333	outside_boundary_exact	Colorado, Montezuma County	Mesa Verde National Park, Spruce Tree Canyon, across from park headquarters	https://lichenportal.org/portal/collections/individual/index.php?occid=36769
36770	ASU	NA	T.H. Nash III	17964	68.11	119.11	Colorado	San Juan	37.1833333	-108.4833333	outside_boundary_exact	Colorado, Montezuma County	Mesa Verde National Park, Spruce Tree Canyon, across from park headquarters	https://lichenportal.org/portal/collections/individual/index.php?occid=36770
36771	ASU	NA	T.H. Nash III	17965	68.11	119.11	Colorado	San Juan	37.1833333	-108.4833333	outside_boundary_exact	Colorado, Montezuma County	Mesa Verde National Park, Spruce Tree Canyon, across from park headquarters	https://lichenportal.org/portal/collections/individual/index.php?occid=36771
36772	ASU	NA	T.H. Nash III	17966	68.11	119.11	Colorado	San Juan	37.1833333	-108.4833333	outside_boundary_exact	Colorado, Montezuma County	Mesa Verde National Park, Spruce Tree Canyon, across from park headquarters	https://lichenportal.org/portal/collections/individual/index.php?occid=36772
36773	ASU	NA	T.H. Nash III	17967	68.11	119.11	Colorado	San Juan	37.1833333	-108.4833333	outside_boundary_exact	Colorado, Montezuma County	Mesa Verde National Park, Spruce Tree Canyon, across from park headquarters	https://lichenportal.org/portal/collections/individual/index.php?occid=36773
36774	ASU	NA	T.H. Nash III	17968	68.11	119.11	Colorado	San Juan	37.1833333	-108.4833333	outside_boundary_exact	Colorado, Montezuma County	Mesa Verde National Park, Spruce Tree Canyon, across from park headquarters	https://lichenportal.org/portal/collections/individual/index.php?occid=36774
36775	ASU	NA	T.H. Nash III	17969	68.11	119.11	Colorado	San Juan	37.1833333	-108.4833333	outside_boundary_exact	Colorado, Montezuma County	Mesa Verde National Park, Spruce Tree Canyon, across from park headquarters	https://lichenportal.org/portal/collections/individual/index.php?occid=36775
36776	ASU	NA	T.H. Nash III	17970	68.11	119.11	Colorado	San Juan	37.1833333	-108.4833333	outside_boundary_exact	Colorado, Montezuma County	Mesa Verde National Park, Spruce Tree Canyon, across from park headquarters	https://lichenportal.org/portal/collections/individual/index.php?occid=36776
36777	ASU	NA	T.H. Nash III	17971	68.11	119.11	Colorado	San Juan	37.1833333	-108.4833333	outside_boundary_exact	Colorado, Montezuma County	Mesa Verde National Park, Spruce Tree Canyon, across from park headquarters	https://lichenportal.org/portal/collections/individual/index.php?occid=36777
36778	ASU	NA	T.H. Nash III	17972	68.11	119.11	Colorado	San Juan	37.1833333	-108.4833333	outside_boundary_exact	Colorado, Montezuma County	Mesa Verde National Park, Spruce Tree Canyon, across from park headquarters	https://lichenportal.org/portal/collections/individual/index.php?occid=36778
36781	ASU	ASUL006908	T.H. Nash III	17973	68.11	119.11	Colorado	San Juan	37.1833333	-108.4833333	outside_boundary_exact	Colorado, Montezuma County	Mesa Verde National Park, Spruce Tree Canyon, across from park headquarters	https://lichenportal.org/portal/collections/individual/index.php?occid=36781
36782	ASU	NA	T.H. Nash III	17974	68.11	119.11	Colorado	San Juan	37.1833333	-108.4833333	outside_boundary_exact	Colorado, Montezuma County	Mesa Verde National Park, Spruce Tree Canyon, across from park headquarters	https://lichenportal.org/portal/collections/individual/index.php?occid=36782
36783	ASU	NA	T.H. Nash III	17975	68.11	119.11	Colorado	San Juan	37.1833333	-108.4833333	outside_boundary_exact	Colorado, Montezuma County	Mesa Verde National Park, Spruce Tree Canyon, across from park headquarters	https://lichenportal.org/portal/collections/individual/index.php?occid=36783
36784	ASU	NA	T.H. Nash III	17976	68.11	119.11	Colorado	San Juan	37.1833333	-108.4833333	outside_boundary_exact	Colorado, Montezuma County	Mesa Verde National Park, Spruce Tree Canyon, across from park headquarters	https://lichenportal.org/portal/collections/individual/index.php?occid=36784
36785	ASU	NA	T.H. Nash III	17977	68.11	119.11	Colorado	San Juan	37.1833333	-108.4833333	outside_boundary_exact	Colorado, Montezuma County	Mesa Verde National Park, Spruce Tree Canyon, across from park headquarters	https://lichenportal.org/portal/collections/individual/index.php?occid=36785
36786	ASU	NA	T.H. Nash III	17978	68.11	119.11	Colorado	San Juan	37.1833333	-108.4833333	outside_boundary_exact	Colorado, Montezuma County	Mesa Verde National Park, Spruce Tree Canyon, across from park headquarters	https://lichenportal.org/portal/collections/individual/index.php?occid=36786
36787	ASU	NA	T.H. Nash III	17979	68.11	119.11	Colorado	San Juan	37.1833333	-108.4833333	outside_boundary_exact	Colorado, Montezuma County	Mesa Verde National Park, Spruce Tree Canyon, across from park headquarters	https://lichenportal.org/portal/collections/individual/index.php?occid=36787
36788	ASU	NA	T.H. Nash III	17980	68.11	119.11	Colorado	San Juan	37.1833333	-108.4833333	outside_boundary_exact	Colorado, Montezuma County	Mesa Verde National Park, Spruce Tree Canyon, across from park headquarters	https://lichenportal.org/portal/collections/individual/index.php?occid=36788
36789	ASU	NA	T.H. Nash III	17981	68.11	119.11	Colorado	San Juan	37.1833333	-108.4833333	outside_boundary_exact	Colorado, Montezuma County	Mesa Verde National Park, Spruce Tree Canyon, across from park headquarters	https://lichenportal.org/portal/collections/individual/index.php?occid=36789
36790	ASU	NA	T.H. Nash III	17982	68.11	119.11	Colorado	San Juan	37.1833333	-108.4833333	outside_boundary_exact	Colorado, Montezuma County	Mesa Verde National Park, Spruce Tree Canyon, across from park headquarters	https://lichenportal.org/portal/collections/individual/index.php?occid=36790
36792	ASU	NA	T.H. Nash III	17983	68.11	119.11	Colorado	San Juan	37.1833333	-108.4833333	outside_boundary_exact	Colorado, Montezuma County	Mesa Verde National Park, Spruce Tree Canyon, across from park headquarters	https://lichenportal.org/portal/collections/individual/index.php?occid=36792
36793	ASU	NA	T.H. Nash III	17984	68.11	119.11	Colorado	San Juan	37.1833333	-108.4833333	outside_boundary_exact	Colorado, Montezuma County	Mesa Verde National Park, Spruce Tree Canyon, across from park headquarters	https://lichenportal.org/portal/collections/individual/index.php?occid=36793
36794	ASU	NA	T.H. Nash III	17985	68.11	119.11	Colorado	San Juan	37.1833333	-108.4833333	outside_boundary_exact	Colorado, Montezuma County	Mesa Verde National Park, Spruce Tree Canyon, across from park headquarters	https://lichenportal.org/portal/collections/individual/index.php?occid=36794
36795	ASU	NA	T.H. Nash III	17986	68.11	119.11	Colorado	San Juan	37.1833333	-108.4833333	outside_boundary_exact	Colorado, Montezuma County	Mesa Verde National Park, Spruce Tree Canyon, across from park headquarters	https://lichenportal.org/portal/collections/individual/index.php?occid=36795
36796	ASU	NA	T.H. Nash III	17987	68.11	119.11	Colorado	San Juan	37.1833333	-108.4833333	outside_boundary_exact	Colorado, Montezuma County	Mesa Verde National Park, Spruce Tree Canyon, across from park headquarters	https://lichenportal.org/portal/collections/individual/index.php?occid=36796
36797	ASU	NA	T.H. Nash III	17988	68.11	119.11	Colorado	San Juan	37.1833333	-108.4833333	outside_boundary_exact	Colorado, Montezuma County	Mesa Verde National Park, Spruce Tree Canyon, across from park headquarters	https://lichenportal.org/portal/collections/individual/index.php?occid=36797
36798	ASU	NA	T.H. Nash III	17989	68.11	119.11	Colorado	San Juan	37.1833333	-108.4833333	outside_boundary_exact	Colorado, Montezuma County	Mesa Verde National Park, Spruce Tree Canyon, across from park headquarters	https://lichenportal.org/portal/collections/individual/index.php?occid=36798
70061	ASU	ASUL008604	T.H. Nash III	17913	68.11	119.11	Colorado	San Juan	37.1833333	-108.4833333	outside_boundary_exact	Colorado, Montezuma County	Mesa Verde National Park, Spruce Tree Canyon, across from park headquarters	https://lichenportal.org/portal/collections/individual/index.php?occid=70061
78952	ASU	NA	T.H. Nash III	17936	68.11	119.11	Colorado	San Juan	37.1833333	-108.4833333	outside_boundary_exact	Colorado, Montezuma County	Mesa Verde National Park, Spruce Tree Canyon, across from park headquarters	https://lichenportal.org/portal/collections/individual/index.php?occid=78952
36799	ASU	NA	T.H. Nash III	17990	67.21	118.28	Colorado	San Juan	37.2	-108.4916667	outside_boundary_exact	Colorado, Montezuma County	Mesa Verde National Park, E side of Navajo Canyon to park maintenance area	https://lichenportal.org/portal/collections/individual/index.php?occid=36799
36800	ASU	ASUL017100	T.H. Nash III	17991	67.21	118.28	Colorado	San Juan	37.2	-108.4916667	outside_boundary_exact	Colorado, Montezuma County	Mesa Verde National Park, E side of Navajo Canyon to park maintenance area	https://lichenportal.org/portal/collections/individual/index.php?occid=36800
36801	ASU	ASUL008437	T.H. Nash III	17992	67.21	118.28	Colorado	San Juan	37.2	-108.4916667	outside_boundary_exact	Colorado, Montezuma County	Mesa Verde National Park, E side of Navajo Canyon to park maintenance area	https://lichenportal.org/portal/collections/individual/index.php?occid=36801
36803	ASU	ASUL014712	T.H. Nash III	17993	67.21	118.28	Colorado	San Juan	37.2	-108.4916667	outside_boundary_exact	Colorado, Montezuma County	Mesa Verde National Park, E side of Navajo Canyon to park maintenance area	https://lichenportal.org/portal/collections/individual/index.php?occid=36803
36804	ASU	ASUL005294	T.H. Nash III	17994	67.21	118.28	Colorado	San Juan	37.2	-108.4916667	outside_boundary_exact	Colorado, Montezuma County	Mesa Verde National Park, E side of Navajo Canyon to park maintenance area	https://lichenportal.org/portal/collections/individual/index.php?occid=36804
36805	ASU	ASUL005344	T.H. Nash III	17995	67.21	118.28	Colorado	San Juan	37.2	-108.4916667	outside_boundary_exact	Colorado, Montezuma County	Mesa Verde National Park, E side of Navajo Canyon to park maintenance area	https://lichenportal.org/portal/collections/individual/index.php?occid=36805
36806	ASU	ASUL030512	T.H. Nash III	17996	67.21	118.28	Colorado	San Juan	37.2	-108.4916667	outside_boundary_exact	Colorado, Montezuma County	Mesa Verde National Park, E side of Navajo Canyon to park maintenance area	https://lichenportal.org/portal/collections/individual/index.php?occid=36806
36807	ASU	ASUL001336	T.H. Nash III	17997	67.21	118.28	Colorado	San Juan	37.2	-108.4916667	outside_boundary_exact	Colorado, Montezuma County	Mesa Verde National Park, E side of Navajo Canyon to park maintenance area	https://lichenportal.org/portal/collections/individual/index.php?occid=36807
36808	ASU	ASUL001387	T.H. Nash III	17998	67.21	118.28	Colorado	San Juan	37.2	-108.4916667	outside_boundary_exact	Colorado, Montezuma County	Mesa Verde National Park, E side of Navajo Canyon to park maintenance area	https://lichenportal.org/portal/collections/individual/index.php?occid=36808
36809	ASU	ASUL030216	T.H. Nash III	17999	67.21	118.28	Colorado	San Juan	37.2	-108.4916667	outside_boundary_exact	Colorado, Montezuma County	Mesa Verde National Park, E side of Navajo Canyon to park maintenance area	https://lichenportal.org/portal/collections/individual/index.php?occid=36809
36810	ASU	ASUL001583	T.H. Nash III	18000	67.21	118.28	Colorado	San Juan	37.2	-108.4916667	outside_boundary_exact	Colorado, Montezuma County	Mesa Verde National Park, E side of Navajo Canyon to park maintenance area	https://lichenportal.org/portal/collections/individual/index.php?occid=36810
36811	ASU	ASUL020169	T.H. Nash III	18001	67.21	118.28	Colorado	San Juan	37.2	-108.4916667	outside_boundary_exact	Colorado, Montezuma County	Mesa Verde National Park, E side of Navajo Canyon to park maintenance area	https://lichenportal.org/portal/collections/individual/index.php?occid=36811
36812	ASU	ASUL020170	T.H. Nash III	18002	67.21	118.28	Colorado	San Juan	37.2	-108.4916667	outside_boundary_exact	Colorado, Montezuma County	Mesa Verde National Park, E side of Navajo Canyon to park maintenance area	https://lichenportal.org/portal/collections/individual/index.php?occid=36812
36814	ASU	ASUL032975	T.H. Nash III	18003	67.21	118.28	Colorado	San Juan	37.2	-108.4916667	outside_boundary_exact	Colorado, Montezuma County	Mesa Verde National Park, E side of Navajo Canyon to park maintenance area	https://lichenportal.org/portal/collections/individual/index.php?occid=36814
36815	ASU	ASUL035085	T.H. Nash III	18004	67.21	118.28	Colorado	San Juan	37.2	-108.4916667	outside_boundary_exact	Colorado, Montezuma County	Mesa Verde National Park, E side of Navajo Canyon to park maintenance area	https://lichenportal.org/portal/collections/individual/index.php?occid=36815
36816	ASU	ASUL034286	T.H. Nash III	18005	67.21	118.28	Colorado	San Juan	37.2	-108.4916667	outside_boundary_exact	Colorado, Montezuma County	Mesa Verde National Park, E side of Navajo Canyon to park maintenance area	https://lichenportal.org/portal/collections/individual/index.php?occid=36816
36817	ASU	ASUL031727	T.H. Nash III	18006	67.21	118.28	Colorado	San Juan	37.2	-108.4916667	outside_boundary_exact	Colorado, Montezuma County	Mesa Verde National Park, E side of Navajo Canyon to park maintenance area	https://lichenportal.org/portal/collections/individual/index.php?occid=36817
36818	ASU	ASUL009650	T.H. Nash III	18007a	67.21	118.28	Colorado	San Juan	37.2	-108.4916667	outside_boundary_exact	Colorado, Montezuma County	Mesa Verde National Park, E side of Navajo Canyon to park maintenance area	https://lichenportal.org/portal/collections/individual/index.php?occid=36818
36819	ASU	ASUL046927	T.H. Nash III	18008	67.21	118.28	Colorado	San Juan	37.2	-108.4916667	outside_boundary_exact	Colorado, Montezuma County	Mesa Verde National Park, E side of Navajo Canyon to park maintenance area	https://lichenportal.org/portal/collections/individual/index.php?occid=36819
36820	ASU	ASUL046926	T.H. Nash III	18009	67.21	118.28	Colorado	San Juan	37.2	-108.4916667	outside_boundary_exact	Colorado, Montezuma County	Mesa Verde National Park, E side of Navajo Canyon to park maintenance area	https://lichenportal.org/portal/collections/individual/index.php?occid=36820
36821	ASU	NA	T.H. Nash III	18010	67.21	118.28	Colorado	San Juan	37.2	-108.4916667	outside_boundary_exact	Colorado, Montezuma County	Mesa Verde National Park, E side of Navajo Canyon to park maintenance area	https://lichenportal.org/portal/collections/individual/index.php?occid=36821
36822	ASU	NA	T.H. Nash III	18011	67.21	118.28	Colorado	San Juan	37.2	-108.4916667	outside_boundary_exact	Colorado, Montezuma County	Mesa Verde National Park, E side of Navajo Canyon to park maintenance area	https://lichenportal.org/portal/collections/individual/index.php?occid=36822
36823	ASU	NA	T.H. Nash III	18012	67.21	118.28	Colorado	San Juan	37.2	-108.4916667	outside_boundary_exact	Colorado, Montezuma County	Mesa Verde National Park, E side of Navajo Canyon to park maintenance area	https://lichenportal.org/portal/collections/individual/index.php?occid=36823
36825	ASU	NA	T.H. Nash III	18013	67.21	118.28	Colorado	San Juan	37.2	-108.4916667	outside_boundary_exact	Colorado, Montezuma County	Mesa Verde National Park, E side of Navajo Canyon to park maintenance area	https://lichenportal.org/portal/collections/individual/index.php?occid=36825
36826	ASU	ASUL005389	T.H. Nash III	18014	67.21	118.28	Colorado	San Juan	37.2	-108.4916667	outside_boundary_exact	Colorado, Montezuma County	Mesa Verde National Park, E side of Navajo Canyon to park maintenance area	https://lichenportal.org/portal/collections/individual/index.php?occid=36826
36827	ASU	ASUL013401	T.H. Nash III	18015	67.21	118.28	Colorado	San Juan	37.2	-108.4916667	outside_boundary_exact	Colorado, Montezuma County	Mesa Verde National Park, E side of Navajo Canyon to park maintenance area	https://lichenportal.org/portal/collections/individual/index.php?occid=36827
36828	ASU	NA	T.H. Nash III	18016	67.21	118.28	Colorado	San Juan	37.2	-108.4916667	outside_boundary_exact	Colorado, Montezuma County	Mesa Verde National Park, E side of Navajo Canyon to park maintenance area	https://lichenportal.org/portal/collections/individual/index.php?occid=36828
36829	ASU	NA	T.H. Nash III	18017	67.21	118.28	Colorado	San Juan	37.2	-108.4916667	outside_boundary_exact	Colorado, Montezuma County	Mesa Verde National Park, E side of Navajo Canyon to park maintenance area	https://lichenportal.org/portal/collections/individual/index.php?occid=36829
36830	ASU	NA	T.H. Nash III	18018	67.21	118.28	Colorado	San Juan	37.2	-108.4916667	outside_boundary_exact	Colorado, Montezuma County	Mesa Verde National Park, E side of Navajo Canyon to park maintenance area	https://lichenportal.org/portal/collections/individual/index.php?occid=36830
36831	ASU	NA	T.H. Nash III	18019	67.21	118.28	Colorado	San Juan	37.2	-108.4916667	outside_boundary_exact	Colorado, Montezuma County	Mesa Verde National Park, E side of Navajo Canyon to park maintenance area	https://lichenportal.org/portal/collections/individual/index.php?occid=36831
36832	ASU	NA	T.H. Nash III	18020	67.21	118.28	Colorado	San Juan	37.2	-108.4916667	outside_boundary_exact	Colorado, Montezuma County	Mesa Verde National Park, E side of Navajo Canyon to park maintenance area	https://lichenportal.org/portal/collections/individual/index.php?occid=36832
36833	ASU	NA	T.H. Nash III	18021-a	67.21	118.28	Colorado	San Juan	37.2	-108.4916667	outside_boundary_exact	Colorado, Montezuma County	Mesa Verde National Park, E side of Navajo Canyon to park maintenance area	https://lichenportal.org/portal/collections/individual/index.php?occid=36833
36834	ASU	NA	T.H. Nash III	18022	67.21	118.28	Colorado	San Juan	37.2	-108.4916667	outside_boundary_exact	Colorado, Montezuma County	Mesa Verde National Park, E side of Navajo Canyon to park maintenance area	https://lichenportal.org/portal/collections/individual/index.php?occid=36834
36836	ASU	NA	T.H. Nash III	18023	67.21	118.28	Colorado	San Juan	37.2	-108.4916667	outside_boundary_exact	Colorado, Montezuma County	Mesa Verde National Park, E side of Navajo Canyon to park maintenance area	https://lichenportal.org/portal/collections/individual/index.php?occid=36836
36837	ASU	NA	T.H. Nash III	18024	67.21	118.28	Colorado	San Juan	37.2	-108.4916667	outside_boundary_exact	Colorado, Montezuma County	Mesa Verde National Park, E side of Navajo Canyon to park maintenance area	https://lichenportal.org/portal/collections/individual/index.php?occid=36837
36838	ASU	NA	T.H. Nash III	18025	67.21	118.28	Colorado	San Juan	37.2	-108.4916667	outside_boundary_exact	Colorado, Montezuma County	Mesa Verde National Park, E side of Navajo Canyon to park maintenance area	https://lichenportal.org/portal/collections/individual/index.php?occid=36838
36839	ASU	NA	T.H. Nash III	18026	67.21	118.28	Colorado	San Juan	37.2	-108.4916667	outside_boundary_exact	Colorado, Montezuma County	Mesa Verde National Park, E side of Navajo Canyon to park maintenance area	https://lichenportal.org/portal/collections/individual/index.php?occid=36839
36840	ASU	NA	T.H. Nash III	18027	67.21	118.28	Colorado	San Juan	37.2	-108.4916667	outside_boundary_exact	Colorado, Montezuma County	Mesa Verde National Park, E side of Navajo Canyon to park maintenance area	https://lichenportal.org/portal/collections/individual/index.php?occid=36840
36841	ASU	NA	T.H. Nash III	18028	67.21	118.28	Colorado	San Juan	37.2	-108.4916667	outside_boundary_exact	Colorado, Montezuma County	Mesa Verde National Park, E side of Navajo Canyon to park maintenance area	https://lichenportal.org/portal/collections/individual/index.php?occid=36841
36842	ASU	NA	T.H. Nash III	18029	67.21	118.28	Colorado	San Juan	37.2	-108.4916667	outside_boundary_exact	Colorado, Montezuma County	Mesa Verde National Park, E side of Navajo Canyon to park maintenance area	https://lichenportal.org/portal/collections/individual/index.php?occid=36842
36843	ASU	NA	T.H. Nash III	18030	67.21	118.28	Colorado	San Juan	37.2	-108.4916667	outside_boundary_exact	Colorado, Montezuma County	Mesa Verde National Park, E side of Navajo Canyon to park maintenance area	https://lichenportal.org/portal/collections/individual/index.php?occid=36843
36844	ASU	NA	T.H. Nash III	18031	67.21	118.28	Colorado	San Juan	37.2	-108.4916667	outside_boundary_exact	Colorado, Montezuma County	Mesa Verde National Park, E side of Navajo Canyon to park maintenance area	https://lichenportal.org/portal/collections/individual/index.php?occid=36844
36845	ASU	NA	T.H. Nash III	18032	67.21	118.28	Colorado	San Juan	37.2	-108.4916667	outside_boundary_exact	Colorado, Montezuma County	Mesa Verde National Park, E side of Navajo Canyon to park maintenance area	https://lichenportal.org/portal/collections/individual/index.php?occid=36845
36847	ASU	ASUL031710	T.H. Nash III	18033-a	67.21	118.28	Colorado	San Juan	37.2	-108.4916667	outside_boundary_exact	Colorado, Montezuma County	Mesa Verde National Park, E side of Navajo Canyon to park maintenance area	https://lichenportal.org/portal/collections/individual/index.php?occid=36847
36848	ASU	NA	T.H. Nash III	18034	67.21	118.28	Colorado	San Juan	37.2	-108.4916667	outside_boundary_exact	Colorado, Montezuma County	Mesa Verde National Park, E side of Navajo Canyon to park maintenance area	https://lichenportal.org/portal/collections/individual/index.php?occid=36848
36849	ASU	NA	T.H. Nash III	18035	67.21	118.28	Colorado	San Juan	37.2	-108.4916667	outside_boundary_exact	Colorado, Montezuma County	Mesa Verde National Park, E side of Navajo Canyon to park maintenance area	https://lichenportal.org/portal/collections/individual/index.php?occid=36849
36850	ASU	NA	T.H. Nash III	18036	67.21	118.28	Colorado	San Juan	37.2	-108.4916667	outside_boundary_exact	Colorado, Montezuma County	Mesa Verde National Park, E side of Navajo Canyon to park maintenance area	https://lichenportal.org/portal/collections/individual/index.php?occid=36850
36851	ASU	ASUL048827	T.H. Nash III	18037	67.21	118.28	Colorado	San Juan	37.2	-108.4916667	outside_boundary_exact	Colorado, Montezuma County	Mesa Verde National Park, E side of Navajo Canyon to park maintenance area	https://lichenportal.org/portal/collections/individual/index.php?occid=36851
36852	ASU	ASUL048538	T.H. Nash III	18038	67.21	118.28	Colorado	San Juan	37.2	-108.4916667	outside_boundary_exact	Colorado, Montezuma County	Mesa Verde National Park, E side of Navajo Canyon to park maintenance area	https://lichenportal.org/portal/collections/individual/index.php?occid=36852
36853	ASU	NA	T.H. Nash III	18039	67.21	118.28	Colorado	San Juan	37.2	-108.4916667	outside_boundary_exact	Colorado, Montezuma County	Mesa Verde National Park, E side of Navajo Canyon to park maintenance area	https://lichenportal.org/portal/collections/individual/index.php?occid=36853
36854	ASU	NA	T.H. Nash III	18040	67.21	118.28	Colorado	San Juan	37.2	-108.4916667	outside_boundary_exact	Colorado, Montezuma County	Mesa Verde National Park, E side of Navajo Canyon to park maintenance area	https://lichenportal.org/portal/collections/individual/index.php?occid=36854
36855	ASU	NA	T.H. Nash III	18041	67.21	118.28	Colorado	San Juan	37.2	-108.4916667	outside_boundary_exact	Colorado, Montezuma County	Mesa Verde National Park, E side of Navajo Canyon to park maintenance area	https://lichenportal.org/portal/collections/individual/index.php?occid=36855
36856	ASU	NA	T.H. Nash III	18042	67.21	118.28	Colorado	San Juan	37.2	-108.4916667	outside_boundary_exact	Colorado, Montezuma County	Mesa Verde National Park, E side of Navajo Canyon to park maintenance area	https://lichenportal.org/portal/collections/individual/index.php?occid=36856
36858	ASU	NA	T.H. Nash III	18043	67.21	118.28	Colorado	San Juan	37.2	-108.4916667	outside_boundary_exact	Colorado, Montezuma County	Mesa Verde National Park, E side of Navajo Canyon to park maintenance area	https://lichenportal.org/portal/collections/individual/index.php?occid=36858
36859	ASU	NA	T.H. Nash III	18044	67.21	118.28	Colorado	San Juan	37.2	-108.4916667	outside_boundary_exact	Colorado, Montezuma County	Mesa Verde National Park, E side of Navajo Canyon to park maintenance area	https://lichenportal.org/portal/collections/individual/index.php?occid=36859
36860	ASU	NA	T.H. Nash III	18045	67.21	118.28	Colorado	San Juan	37.2	-108.4916667	outside_boundary_exact	Colorado, Montezuma County	Mesa Verde National Park, E side of Navajo Canyon to park maintenance area	https://lichenportal.org/portal/collections/individual/index.php?occid=36860
36861	ASU	NA	T.H. Nash III	18046	67.21	118.28	Colorado	San Juan	37.2	-108.4916667	outside_boundary_exact	Colorado, Montezuma County	Mesa Verde National Park, E side of Navajo Canyon to park maintenance area	https://lichenportal.org/portal/collections/individual/index.php?occid=36861
36862	ASU	NA	T.H. Nash III	18047	67.21	118.28	Colorado	San Juan	37.2	-108.4916667	outside_boundary_exact	Colorado, Montezuma County	Mesa Verde National Park, E side of Navajo Canyon to park maintenance area	https://lichenportal.org/portal/collections/individual/index.php?occid=36862
36863	ASU	NA	T.H. Nash III	18048	67.21	118.28	Colorado	San Juan	37.2	-108.4916667	outside_boundary_exact	Colorado, Montezuma County	Mesa Verde National Park, E side of Navajo Canyon to park maintenance area	https://lichenportal.org/portal/collections/individual/index.php?occid=36863
36864	ASU	NA	T.H. Nash III	18049	67.21	118.28	Colorado	San Juan	37.2	-108.4916667	outside_boundary_exact	Colorado, Montezuma County	Mesa Verde National Park, E side of Navajo Canyon to park maintenance area	https://lichenportal.org/portal/collections/individual/index.php?occid=36864
36865	ASU	NA	T.H. Nash III	18050	67.21	118.28	Colorado	San Juan	37.2	-108.4916667	outside_boundary_exact	Colorado, Montezuma County	Mesa Verde National Park, E side of Navajo Canyon to park maintenance area	https://lichenportal.org/portal/collections/individual/index.php?occid=36865
36866	ASU	NA	T.H. Nash III	18051	67.21	118.28	Colorado	San Juan	37.2	-108.4916667	outside_boundary_exact	Colorado, Montezuma County	Mesa Verde National Park, E side of Navajo Canyon to park maintenance area	https://lichenportal.org/portal/collections/individual/index.php?occid=36866
36867	ASU	NA	T.H. Nash III	18052	67.21	118.28	Colorado	San Juan	37.2	-108.4916667	outside_boundary_exact	Colorado, Montezuma County	Mesa Verde National Park, E side of Navajo Canyon to park maintenance area	https://lichenportal.org/portal/collections/individual/index.php?occid=36867
36869	ASU	NA	T.H. Nash III	18053	67.21	118.28	Colorado	San Juan	37.2	-108.4916667	outside_boundary_exact	Colorado, Montezuma County	Mesa Verde National Park, E side of Navajo Canyon to park maintenance area	https://lichenportal.org/portal/collections/individual/index.php?occid=36869
36870	ASU	NA	T.H. Nash III	18054	67.21	118.28	Colorado	San Juan	37.2	-108.4916667	outside_boundary_exact	Colorado, Montezuma County	Mesa Verde National Park, E side of Navajo Canyon to park maintenance area	https://lichenportal.org/portal/collections/individual/index.php?occid=36870
36871	ASU	NA	T.H. Nash III	18055	67.21	118.28	Colorado	San Juan	37.2	-108.4916667	outside_boundary_exact	Colorado, Montezuma County	Mesa Verde National Park, E side of Navajo Canyon to park maintenance area	https://lichenportal.org/portal/collections/individual/index.php?occid=36871
36872	ASU	NA	T.H. Nash III	18056	67.21	118.28	Colorado	San Juan	37.2	-108.4916667	outside_boundary_exact	Colorado, Montezuma County	Mesa Verde National Park, E side of Navajo Canyon to park maintenance area	https://lichenportal.org/portal/collections/individual/index.php?occid=36872
36873	ASU	NA	T.H. Nash III	18057	67.21	118.28	Colorado	San Juan	37.2	-108.4916667	outside_boundary_exact	Colorado, Montezuma County	Mesa Verde National Park, E side of Navajo Canyon to park maintenance area	https://lichenportal.org/portal/collections/individual/index.php?occid=36873
36874	ASU	NA	T.H. Nash III	18058	67.21	118.28	Colorado	San Juan	37.2	-108.4916667	outside_boundary_exact	Colorado, Montezuma County	Mesa Verde National Park, E side of Navajo Canyon to park maintenance area	https://lichenportal.org/portal/collections/individual/index.php?occid=36874
36875	ASU	NA	T.H. Nash III	18059	67.21	118.28	Colorado	San Juan	37.2	-108.4916667	outside_boundary_exact	Colorado, Montezuma County	Mesa Verde National Park, E side of Navajo Canyon to park maintenance area	https://lichenportal.org/portal/collections/individual/index.php?occid=36875
36876	ASU	NA	T.H. Nash III	18060	67.21	118.28	Colorado	San Juan	37.2	-108.4916667	outside_boundary_exact	Colorado, Montezuma County	Mesa Verde National Park, E side of Navajo Canyon to park maintenance area	https://lichenportal.org/portal/collections/individual/index.php?occid=36876
78056	ASU	NA	T.H. Nash III	18021-b	67.21	118.28	Colorado	San Juan	37.2	-108.4916667	outside_boundary_exact	Colorado, Montezuma County	Mesa Verde National Park, E side of Navajo Canyon to park maintenance area	https://lichenportal.org/portal/collections/individual/index.php?occid=78056
78600	ASU	ASUL031711	T.H. Nash III	18033-b	67.21	118.28	Colorado	San Juan	37.2	-108.4916667	outside_boundary_exact	Colorado, Montezuma County	Mesa Verde National Park, E side of Navajo Canyon to park maintenance area	https://lichenportal.org/portal/collections/individual/index.php?occid=78600
78601	ASU	ASUL031712	T.H. Nash III	18033-c	67.21	118.28	Colorado	San Juan	37.2	-108.4916667	outside_boundary_exact	Colorado, Montezuma County	Mesa Verde National Park, E side of Navajo Canyon to park maintenance area	https://lichenportal.org/portal/collections/individual/index.php?occid=78601
78744	ASU	ASUL009651	T.H. Nash III	18007b	67.21	118.28	Colorado	San Juan	37.2	-108.4916667	outside_boundary_exact	Colorado, Montezuma County	Mesa Verde National Park, E side of Navajo Canyon to park maintenance area	https://lichenportal.org/portal/collections/individual/index.php?occid=78744
94614	ASU	NA	R.S. Egan	El--334	66.13	114.29	Colorado	Mineral	37.45	-107.8833333	outside_boundary_exact	Colorado, La Plata County	6 km W of Wolf Creek Pass	https://lichenportal.org/portal/collections/individual/index.php?occid=94614
36877	ASU	ASUL002556	T.H. Nash III	18061	64.39	115.55	Colorado	San Juan	37.2416667	-108.5	outside_boundary_exact	Colorado, Montezuma County	Mesa Verde National Park, Soda Canyon and Battleship Rock area	https://lichenportal.org/portal/collections/individual/index.php?occid=36877
36878	ASU	ASUL013000	T.H. Nash III	18062	64.39	115.55	Colorado	San Juan	37.2416667	-108.5	outside_boundary_exact	Colorado, Montezuma County	Mesa Verde National Park, Soda Canyon and Battleship Rock area	https://lichenportal.org/portal/collections/individual/index.php?occid=36878
36880	ASU	ASUL002857	T.H. Nash III	18063	64.39	115.55	Colorado	San Juan	37.2416667	-108.5	outside_boundary_exact	Colorado, Montezuma County	Mesa Verde National Park, Soda Canyon and Battleship Rock area	https://lichenportal.org/portal/collections/individual/index.php?occid=36880
36881	ASU	ASUL008429	T.H. Nash III	18064	64.39	115.55	Colorado	San Juan	37.2416667	-108.5	outside_boundary_exact	Colorado, Montezuma County	Mesa Verde National Park, Soda Canyon and Battleship Rock area	https://lichenportal.org/portal/collections/individual/index.php?occid=36881
36882	ASU	ASUL008602	T.H. Nash III	18065	64.39	115.55	Colorado	San Juan	37.2416667	-108.5	outside_boundary_exact	Colorado, Montezuma County	Mesa Verde National Park, Soda Canyon and Battleship Rock area	https://lichenportal.org/portal/collections/individual/index.php?occid=36882
36883	ASU	ASUL019410	T.H. Nash III	18066	64.39	115.55	Colorado	San Juan	37.2416667	-108.5	outside_boundary_exact	Colorado, Montezuma County	Mesa Verde National Park, Soda Canyon and Battleship Rock area	https://lichenportal.org/portal/collections/individual/index.php?occid=36883
36884	ASU	ASUL005343	T.H. Nash III	18067	64.39	115.55	Colorado	San Juan	37.2416667	-108.5	outside_boundary_exact	Colorado, Montezuma County	Mesa Verde National Park, Soda Canyon and Battleship Rock area	https://lichenportal.org/portal/collections/individual/index.php?occid=36884
36885	ASU	NA	T.H. Nash III	18068	64.39	115.55	Colorado	San Juan	37.2416667	-108.5	outside_boundary_exact	Colorado, Montezuma County	Mesa Verde National Park, Soda Canyon and Battleship Rock area	https://lichenportal.org/portal/collections/individual/index.php?occid=36885
36886	ASU	ASUL005544	T.H. Nash III	18069	64.39	115.55	Colorado	San Juan	37.2416667	-108.5	outside_boundary_exact	Colorado, Montezuma County	Mesa Verde National Park, Soda Canyon and Battleship Rock area	https://lichenportal.org/portal/collections/individual/index.php?occid=36886
36887	ASU	ASUL001335	T.H. Nash III	18070	64.39	115.55	Colorado	San Juan	37.2416667	-108.5	outside_boundary_exact	Colorado, Montezuma County	Mesa Verde National Park, Soda Canyon and Battleship Rock area	https://lichenportal.org/portal/collections/individual/index.php?occid=36887
36888	ASU	ASUL001391	T.H. Nash III	18071	64.39	115.55	Colorado	San Juan	37.2416667	-108.5	outside_boundary_exact	Colorado, Montezuma County	Mesa Verde National Park, Soda Canyon and Battleship Rock area	https://lichenportal.org/portal/collections/individual/index.php?occid=36888
36889	ASU	ASUL001578	T.H. Nash III	18072	64.39	115.55	Colorado	San Juan	37.2416667	-108.5	outside_boundary_exact	Colorado, Montezuma County	Mesa Verde National Park, Soda Canyon and Battleship Rock area	https://lichenportal.org/portal/collections/individual/index.php?occid=36889
36892	ASU	ASUL012033	T.H. Nash III	18073	64.39	115.55	Colorado	San Juan	37.2416667	-108.5	outside_boundary_exact	Colorado, Montezuma County	Mesa Verde National Park, Soda Canyon and Battleship Rock area	https://lichenportal.org/portal/collections/individual/index.php?occid=36892
36893	ASU	ASUL011693	T.H. Nash III	18074	64.39	115.55	Colorado	San Juan	37.2416667	-108.5	outside_boundary_exact	Colorado, Montezuma County	Mesa Verde National Park, Soda Canyon and Battleship Rock area	https://lichenportal.org/portal/collections/individual/index.php?occid=36893
36894	ASU	ASUL020173	T.H. Nash III	18075	64.39	115.55	Colorado	San Juan	37.2416667	-108.5	outside_boundary_exact	Colorado, Montezuma County	Mesa Verde National Park, Soda Canyon and Battleship Rock area	https://lichenportal.org/portal/collections/individual/index.php?occid=36894
36895	ASU	ASUL020493	T.H. Nash III	18076	64.39	115.55	Colorado	San Juan	37.2416667	-108.5	outside_boundary_exact	Colorado, Montezuma County	Mesa Verde National Park, Soda Canyon and Battleship Rock area	https://lichenportal.org/portal/collections/individual/index.php?occid=36895
36896	ASU	ASUL031731	T.H. Nash III	18077	64.39	115.55	Colorado	San Juan	37.2416667	-108.5	outside_boundary_exact	Colorado, Montezuma County	Mesa Verde National Park, Soda Canyon and Battleship Rock area	https://lichenportal.org/portal/collections/individual/index.php?occid=36896
36897	ASU	ASUL046952	T.H. Nash III	18078	64.39	115.55	Colorado	San Juan	37.2416667	-108.5	outside_boundary_exact	Colorado, Montezuma County	Mesa Verde National Park, Soda Canyon and Battleship Rock area	https://lichenportal.org/portal/collections/individual/index.php?occid=36897
36898	ASU	ASUL046928	T.H. Nash III	18079	64.39	115.55	Colorado	San Juan	37.2416667	-108.5	outside_boundary_exact	Colorado, Montezuma County	Mesa Verde National Park, Soda Canyon and Battleship Rock area	https://lichenportal.org/portal/collections/individual/index.php?occid=36898
36899	ASU	ASUL023013	T.H. Nash III	18080	64.39	115.55	Colorado	San Juan	37.2416667	-108.5	outside_boundary_exact	Colorado, Montezuma County	Mesa Verde National Park, Soda Canyon and Battleship Rock area	https://lichenportal.org/portal/collections/individual/index.php?occid=36899
36900	ASU	NA	T.H. Nash III	18081	64.39	115.55	Colorado	San Juan	37.2416667	-108.5	outside_boundary_exact	Colorado, Montezuma County	Mesa Verde National Park, Soda Canyon and Battleship Rock area	https://lichenportal.org/portal/collections/individual/index.php?occid=36900
36901	ASU	NA	T.H. Nash III	18082	64.39	115.55	Colorado	San Juan	37.2416667	-108.5	outside_boundary_exact	Colorado, Montezuma County	Mesa Verde National Park, Soda Canyon and Battleship Rock area	https://lichenportal.org/portal/collections/individual/index.php?occid=36901
36903	ASU	NA	T.H. Nash III	18083	64.39	115.55	Colorado	San Juan	37.2416667	-108.5	outside_boundary_exact	Colorado, Montezuma County	Mesa Verde National Park, Soda Canyon and Battleship Rock area	https://lichenportal.org/portal/collections/individual/index.php?occid=36903
36904	ASU	ASUL005386	T.H. Nash III	18085	64.39	115.55	Colorado	San Juan	37.2416667	-108.5	outside_boundary_exact	Colorado, Montezuma County	Mesa Verde National Park, Soda Canyon and Battleship Rock area	https://lichenportal.org/portal/collections/individual/index.php?occid=36904
36905	ASU	NA	T.H. Nash III	18086	64.39	115.55	Colorado	San Juan	37.2416667	-108.5	outside_boundary_exact	Colorado, Montezuma County	Mesa Verde National Park, Soda Canyon and Battleship Rock area	https://lichenportal.org/portal/collections/individual/index.php?occid=36905
36906	ASU	NA	T.H. Nash III	18087	64.39	115.55	Colorado	San Juan	37.2416667	-108.5	outside_boundary_exact	Colorado, Montezuma County	Mesa Verde National Park, Soda Canyon and Battleship Rock area	https://lichenportal.org/portal/collections/individual/index.php?occid=36906
36907	ASU	NA	T.H. Nash III	18088	64.39	115.55	Colorado	San Juan	37.2416667	-108.5	outside_boundary_exact	Colorado, Montezuma County	Mesa Verde National Park, Soda Canyon and Battleship Rock area	https://lichenportal.org/portal/collections/individual/index.php?occid=36907
36908	ASU	NA	T.H. Nash III	18089	64.39	115.55	Colorado	San Juan	37.2416667	-108.5	outside_boundary_exact	Colorado, Montezuma County	Mesa Verde National Park, Soda Canyon and Battleship Rock area	https://lichenportal.org/portal/collections/individual/index.php?occid=36908
36909	ASU	NA	T.H. Nash III	18090	64.39	115.55	Colorado	San Juan	37.2416667	-108.5	outside_boundary_exact	Colorado, Montezuma County	Mesa Verde National Park, Soda Canyon and Battleship Rock area	https://lichenportal.org/portal/collections/individual/index.php?occid=36909
36910	ASU	NA	T.H. Nash III	18091	64.39	115.55	Colorado	San Juan	37.2416667	-108.5	outside_boundary_exact	Colorado, Montezuma County	Mesa Verde National Park, Soda Canyon and Battleship Rock area	https://lichenportal.org/portal/collections/individual/index.php?occid=36910
36911	ASU	NA	T.H. Nash III	18092	64.39	115.55	Colorado	San Juan	37.2416667	-108.5	outside_boundary_exact	Colorado, Montezuma County	Mesa Verde National Park, Soda Canyon and Battleship Rock area	https://lichenportal.org/portal/collections/individual/index.php?occid=36911
36913	ASU	NA	T.H. Nash III	18093	64.39	115.55	Colorado	San Juan	37.2416667	-108.5	outside_boundary_exact	Colorado, Montezuma County	Mesa Verde National Park, Soda Canyon and Battleship Rock area	https://lichenportal.org/portal/collections/individual/index.php?occid=36913
36914	ASU	NA	T.H. Nash III	18094	64.39	115.55	Colorado	San Juan	37.2416667	-108.5	outside_boundary_exact	Colorado, Montezuma County	Mesa Verde National Park, Soda Canyon and Battleship Rock area	https://lichenportal.org/portal/collections/individual/index.php?occid=36914
36915	ASU	NA	T.H. Nash III	18095	64.39	115.55	Colorado	San Juan	37.2416667	-108.5	outside_boundary_exact	Colorado, Montezuma County	Mesa Verde National Park, Soda Canyon and Battleship Rock area	https://lichenportal.org/portal/collections/individual/index.php?occid=36915
36916	ASU	NA	T.H. Nash III	18096	64.39	115.55	Colorado	San Juan	37.2416667	-108.5	outside_boundary_exact	Colorado, Montezuma County	Mesa Verde National Park, Soda Canyon and Battleship Rock area	https://lichenportal.org/portal/collections/individual/index.php?occid=36916
36917	ASU	NA	T.H. Nash III	18097	64.39	115.55	Colorado	San Juan	37.2416667	-108.5	outside_boundary_exact	Colorado, Montezuma County	Mesa Verde National Park, Soda Canyon and Battleship Rock area	https://lichenportal.org/portal/collections/individual/index.php?occid=36917
36918	ASU	NA	T.H. Nash III	18098	64.39	115.55	Colorado	San Juan	37.2416667	-108.5	outside_boundary_exact	Colorado, Montezuma County	Mesa Verde National Park, Soda Canyon and Battleship Rock area	https://lichenportal.org/portal/collections/individual/index.php?occid=36918
36919	ASU	NA	T.H. Nash III	18099	64.39	115.55	Colorado	San Juan	37.2416667	-108.5	outside_boundary_exact	Colorado, Montezuma County	Mesa Verde National Park, Soda Canyon and Battleship Rock area	https://lichenportal.org/portal/collections/individual/index.php?occid=36919
36920	ASU	NA	T.H. Nash III	18100	64.39	115.55	Colorado	San Juan	37.2416667	-108.5	outside_boundary_exact	Colorado, Montezuma County	Mesa Verde National Park, Soda Canyon and Battleship Rock area	https://lichenportal.org/portal/collections/individual/index.php?occid=36920
36921	ASU	NA	T.H. Nash III	18101	64.39	115.55	Colorado	San Juan	37.2416667	-108.5	outside_boundary_exact	Colorado, Montezuma County	Mesa Verde National Park, Soda Canyon and Battleship Rock area	https://lichenportal.org/portal/collections/individual/index.php?occid=36921
36922	ASU	NA	T.H. Nash III	18102	64.39	115.55	Colorado	San Juan	37.2416667	-108.5	outside_boundary_exact	Colorado, Montezuma County	Mesa Verde National Park, Soda Canyon and Battleship Rock area	https://lichenportal.org/portal/collections/individual/index.php?occid=36922
36924	ASU	NA	T.H. Nash III	18103	64.39	115.55	Colorado	San Juan	37.2416667	-108.5	outside_boundary_exact	Colorado, Montezuma County	Mesa Verde National Park, Soda Canyon and Battleship Rock area	https://lichenportal.org/portal/collections/individual/index.php?occid=36924
36925	ASU	NA	T.H. Nash III	18104	64.39	115.55	Colorado	San Juan	37.2416667	-108.5	outside_boundary_exact	Colorado, Montezuma County	Mesa Verde National Park, Soda Canyon and Battleship Rock area	https://lichenportal.org/portal/collections/individual/index.php?occid=36925
36926	ASU	NA	T.H. Nash III	18105	64.39	115.55	Colorado	San Juan	37.2416667	-108.5	outside_boundary_exact	Colorado, Montezuma County	Mesa Verde National Park, Soda Canyon and Battleship Rock area	https://lichenportal.org/portal/collections/individual/index.php?occid=36926
36927	ASU	NA	T.H. Nash III	18106	64.39	115.55	Colorado	San Juan	37.2416667	-108.5	outside_boundary_exact	Colorado, Montezuma County	Mesa Verde National Park, Soda Canyon and Battleship Rock area	https://lichenportal.org/portal/collections/individual/index.php?occid=36927
36928	ASU	NA	T.H. Nash III	18107	64.39	115.55	Colorado	San Juan	37.2416667	-108.5	outside_boundary_exact	Colorado, Montezuma County	Mesa Verde National Park, Soda Canyon and Battleship Rock area	https://lichenportal.org/portal/collections/individual/index.php?occid=36928
36929	ASU	NA	T.H. Nash III	18108	64.39	115.55	Colorado	San Juan	37.2416667	-108.5	outside_boundary_exact	Colorado, Montezuma County	Mesa Verde National Park, Soda Canyon and Battleship Rock area	https://lichenportal.org/portal/collections/individual/index.php?occid=36929
36930	ASU	NA	T.H. Nash III	18109	64.39	115.55	Colorado	San Juan	37.2416667	-108.5	outside_boundary_exact	Colorado, Montezuma County	Mesa Verde National Park, Soda Canyon and Battleship Rock area	https://lichenportal.org/portal/collections/individual/index.php?occid=36930
36931	ASU	ASUL048537	T.H. Nash III	18110	64.39	115.55	Colorado	San Juan	37.2416667	-108.5	outside_boundary_exact	Colorado, Montezuma County	Mesa Verde National Park, Soda Canyon and Battleship Rock area	https://lichenportal.org/portal/collections/individual/index.php?occid=36931
36932	ASU	ASUL048845	T.H. Nash III	18111	64.39	115.55	Colorado	San Juan	37.2416667	-108.5	outside_boundary_exact	Colorado, Montezuma County	Mesa Verde National Park, Soda Canyon and Battleship Rock area	https://lichenportal.org/portal/collections/individual/index.php?occid=36932
36933	ASU	ASUL048474	T.H. Nash III	18112	64.39	115.55	Colorado	San Juan	37.2416667	-108.5	outside_boundary_exact	Colorado, Montezuma County	Mesa Verde National Park, Soda Canyon and Battleship Rock area	https://lichenportal.org/portal/collections/individual/index.php?occid=36933
36935	ASU	ASUL048396	T.H. Nash III	18113	64.39	115.55	Colorado	San Juan	37.2416667	-108.5	outside_boundary_exact	Colorado, Montezuma County	Mesa Verde National Park, Soda Canyon and Battleship Rock area	https://lichenportal.org/portal/collections/individual/index.php?occid=36935
36936	ASU	NA	T.H. Nash III	18114	64.39	115.55	Colorado	San Juan	37.2416667	-108.5	outside_boundary_exact	Colorado, Montezuma County	Mesa Verde National Park, Soda Canyon and Battleship Rock area	https://lichenportal.org/portal/collections/individual/index.php?occid=36936
36937	ASU	NA	T.H. Nash III	18115	64.39	115.55	Colorado	San Juan	37.2416667	-108.5	outside_boundary_exact	Colorado, Montezuma County	Mesa Verde National Park, Soda Canyon and Battleship Rock area	https://lichenportal.org/portal/collections/individual/index.php?occid=36937
36938	ASU	NA	T.H. Nash III	18116	64.39	115.55	Colorado	San Juan	37.2416667	-108.5	outside_boundary_exact	Colorado, Montezuma County	Mesa Verde National Park, Soda Canyon and Battleship Rock area	https://lichenportal.org/portal/collections/individual/index.php?occid=36938
36939	ASU	NA	T.H. Nash III	18117	64.39	115.55	Colorado	San Juan	37.2416667	-108.5	outside_boundary_exact	Colorado, Montezuma County	Mesa Verde National Park, Soda Canyon and Battleship Rock area	https://lichenportal.org/portal/collections/individual/index.php?occid=36939
36940	ASU	NA	T.H. Nash III	18118	64.39	115.55	Colorado	San Juan	37.2416667	-108.5	outside_boundary_exact	Colorado, Montezuma County	Mesa Verde National Park, Soda Canyon and Battleship Rock area	https://lichenportal.org/portal/collections/individual/index.php?occid=36940
36941	ASU	NA	T.H. Nash III	18119	64.39	115.55	Colorado	San Juan	37.2416667	-108.5	outside_boundary_exact	Colorado, Montezuma County	Mesa Verde National Park, Soda Canyon and Battleship Rock area	https://lichenportal.org/portal/collections/individual/index.php?occid=36941
36942	ASU	NA	T.H. Nash III	18120	64.39	115.55	Colorado	San Juan	37.2416667	-108.5	outside_boundary_exact	Colorado, Montezuma County	Mesa Verde National Park, Soda Canyon and Battleship Rock area	https://lichenportal.org/portal/collections/individual/index.php?occid=36942
36943	ASU	NA	T.H. Nash III	18121	64.39	115.55	Colorado	San Juan	37.2416667	-108.5	outside_boundary_exact	Colorado, Montezuma County	Mesa Verde National Park, Soda Canyon and Battleship Rock area	https://lichenportal.org/portal/collections/individual/index.php?occid=36943
36944	ASU	NA	T.H. Nash III	18122	64.39	115.55	Colorado	San Juan	37.2416667	-108.5	outside_boundary_exact	Colorado, Montezuma County	Mesa Verde National Park, Soda Canyon and Battleship Rock area	https://lichenportal.org/portal/collections/individual/index.php?occid=36944
36946	ASU	NA	T.H. Nash III	18123	64.39	115.55	Colorado	San Juan	37.2416667	-108.5	outside_boundary_exact	Colorado, Montezuma County	Mesa Verde National Park, Soda Canyon and Battleship Rock area	https://lichenportal.org/portal/collections/individual/index.php?occid=36946
36947	ASU	NA	T.H. Nash III	18124	64.39	115.55	Colorado	San Juan	37.2416667	-108.5	outside_boundary_exact	Colorado, Montezuma County	Mesa Verde National Park, Soda Canyon and Battleship Rock area	https://lichenportal.org/portal/collections/individual/index.php?occid=36947
36949	ASU	ASUL006909	T.H. Nash III	18127	64.39	115.55	Colorado	San Juan	37.2416667	-108.5	outside_boundary_exact	Colorado, Montezuma County	Mesa Verde National Park, Soda Canyon and Battleship Rock area	https://lichenportal.org/portal/collections/individual/index.php?occid=36949
36950	ASU	NA	T.H. Nash III	18128	64.39	115.55	Colorado	San Juan	37.2416667	-108.5	outside_boundary_exact	Colorado, Montezuma County	Mesa Verde National Park, Soda Canyon and Battleship Rock area	https://lichenportal.org/portal/collections/individual/index.php?occid=36950
36951	ASU	NA	T.H. Nash III	18129	64.39	115.55	Colorado	San Juan	37.2416667	-108.5	outside_boundary_exact	Colorado, Montezuma County	Mesa Verde National Park, Soda Canyon and Battleship Rock area	https://lichenportal.org/portal/collections/individual/index.php?occid=36951
36952	ASU	NA	T.H. Nash III	18130	64.39	115.55	Colorado	San Juan	37.2416667	-108.5	outside_boundary_exact	Colorado, Montezuma County	Mesa Verde National Park, Soda Canyon and Battleship Rock area	https://lichenportal.org/portal/collections/individual/index.php?occid=36952
36953	ASU	NA	T.H. Nash III	18131	64.39	115.55	Colorado	San Juan	37.2416667	-108.5	outside_boundary_exact	Colorado, Montezuma County	Mesa Verde National Park, Soda Canyon and Battleship Rock area	https://lichenportal.org/portal/collections/individual/index.php?occid=36953
36954	ASU	NA	T.H. Nash III	18132	64.39	115.55	Colorado	San Juan	37.2416667	-108.5	outside_boundary_exact	Colorado, Montezuma County	Mesa Verde National Park, Soda Canyon and Battleship Rock area	https://lichenportal.org/portal/collections/individual/index.php?occid=36954
36956	ASU	NA	T.H. Nash III	18133	64.39	115.55	Colorado	San Juan	37.2416667	-108.5	outside_boundary_exact	Colorado, Montezuma County	Mesa Verde National Park, Soda Canyon and Battleship Rock area	https://lichenportal.org/portal/collections/individual/index.php?occid=36956
36957	ASU	NA	T.H. Nash III	18134	64.39	115.55	Colorado	San Juan	37.2416667	-108.5	outside_boundary_exact	Colorado, Montezuma County	Mesa Verde National Park, Soda Canyon and Battleship Rock area	https://lichenportal.org/portal/collections/individual/index.php?occid=36957
36958	ASU	NA	T.H. Nash III	18135	64.39	115.55	Colorado	San Juan	37.2416667	-108.5	outside_boundary_exact	Colorado, Montezuma County	Mesa Verde National Park, Soda Canyon and Battleship Rock area	https://lichenportal.org/portal/collections/individual/index.php?occid=36958
79702	ASU	NA	T.H. Nash	18084	64.39	115.55	Colorado	San Juan	37.2416667	-108.5	outside_boundary_exact	Colorado, Montezuma County	Mesa Verde National Park, Soda Canyon and Battleship Rock area.	https://lichenportal.org/portal/collections/individual/index.php?occid=79702
1374912	ASU	ASU0069315	T.H. Nash III	18126	64.39	115.55	Colorado	San Juan	37.241667	-108.5	outside_boundary_exact	Colorado, Montezuma County	Mesa Verde National Park, Soda Canyon and Battleship Rock area.	https://lichenportal.org/portal/collections/individual/index.php?occid=1374912
36959	ASU	NA	T.H. Nash III	18136	59.37	110.55	Colorado	San Juan	37.2791667	-108.4666667	outside_boundary_exact	Colorado, Montezuma County	Mesa Verde National Park, Park Point lookout area	https://lichenportal.org/portal/collections/individual/index.php?occid=36959
36960	ASU	NA	T.H. Nash III	18137	59.37	110.55	Colorado	San Juan	37.2791667	-108.4666667	outside_boundary_exact	Colorado, Montezuma County	Mesa Verde National Park, Park Point lookout area	https://lichenportal.org/portal/collections/individual/index.php?occid=36960
36961	ASU	ASUL019383	T.H. Nash III	18138	59.37	110.55	Colorado	San Juan	37.2791667	-108.4666667	outside_boundary_exact	Colorado, Montezuma County	Mesa Verde National Park, Park Point lookout area	https://lichenportal.org/portal/collections/individual/index.php?occid=36961
36962	ASU	ASUL019430	T.H. Nash III	18139	59.37	110.55	Colorado	San Juan	37.2791667	-108.4666667	outside_boundary_exact	Colorado, Montezuma County	Mesa Verde National Park, Park Point lookout area	https://lichenportal.org/portal/collections/individual/index.php?occid=36962
36963	ASU	ASUL005345	T.H. Nash III	18140	59.37	110.55	Colorado	San Juan	37.2791667	-108.4666667	outside_boundary_exact	Colorado, Montezuma County	Mesa Verde National Park, Park Point lookout area	https://lichenportal.org/portal/collections/individual/index.php?occid=36963
36964	ASU	NA	T.H. Nash III	18141	59.37	110.55	Colorado	San Juan	37.2791667	-108.4666667	outside_boundary_exact	Colorado, Montezuma County	Mesa Verde National Park, Park Point lookout area	https://lichenportal.org/portal/collections/individual/index.php?occid=36964
36965	ASU	ASUL001552	T.H. Nash III	18142	59.37	110.55	Colorado	San Juan	37.2791667	-108.4666667	outside_boundary_exact	Colorado, Montezuma County	Mesa Verde National Park, Park Point lookout area	https://lichenportal.org/portal/collections/individual/index.php?occid=36965
36967	ASU	ASUL001675	T.H. Nash III	18143	59.37	110.55	Colorado	San Juan	37.2791667	-108.4666667	outside_boundary_exact	Colorado, Montezuma County	Mesa Verde National Park, Park Point lookout area	https://lichenportal.org/portal/collections/individual/index.php?occid=36967
36968	ASU	ASUL032991	T.H. Nash III	18144	59.37	110.55	Colorado	San Juan	37.2791667	-108.4666667	outside_boundary_exact	Colorado, Montezuma County	Mesa Verde National Park, Park Point lookout area	https://lichenportal.org/portal/collections/individual/index.php?occid=36968
36969	ASU	ASUL020174	T.H. Nash III	18145	59.37	110.55	Colorado	San Juan	37.2791667	-108.4666667	outside_boundary_exact	Colorado, Montezuma County	Mesa Verde National Park, Park Point lookout area	https://lichenportal.org/portal/collections/individual/index.php?occid=36969
36970	ASU	ASUL020488	T.H. Nash III	18146	59.37	110.55	Colorado	San Juan	37.2791667	-108.4666667	outside_boundary_exact	Colorado, Montezuma County	Mesa Verde National Park, Park Point lookout area	https://lichenportal.org/portal/collections/individual/index.php?occid=36970
36971	ASU	NA	T.H. Nash III	18147	59.37	110.55	Colorado	San Juan	37.2791667	-108.4666667	outside_boundary_exact	Colorado, Montezuma County	Mesa Verde National Park, Park Point lookout area	https://lichenportal.org/portal/collections/individual/index.php?occid=36971
36972	ASU	ASUL035086	T.H. Nash III	18148	59.37	110.55	Colorado	San Juan	37.2791667	-108.4666667	outside_boundary_exact	Colorado, Montezuma County	Mesa Verde National Park, Park Point lookout area	https://lichenportal.org/portal/collections/individual/index.php?occid=36972
36973	ASU	ASUL011506	T.H. Nash III	18149	59.37	110.55	Colorado	San Juan	37.2791667	-108.4666667	outside_boundary_exact	Colorado, Montezuma County	Mesa Verde National Park, Park Point lookout area	https://lichenportal.org/portal/collections/individual/index.php?occid=36973
36974	ASU	ASUL034284	T.H. Nash III	18150	59.37	110.55	Colorado	San Juan	37.2791667	-108.4666667	outside_boundary_exact	Colorado, Montezuma County	Mesa Verde National Park, Park Point lookout area	https://lichenportal.org/portal/collections/individual/index.php?occid=36974
36975	ASU	ASUL046970	T.H. Nash III	18151	59.37	110.55	Colorado	San Juan	37.2791667	-108.4666667	outside_boundary_exact	Colorado, Montezuma County	Mesa Verde National Park, Park Point lookout area	https://lichenportal.org/portal/collections/individual/index.php?occid=36975
36976	ASU	NA	T.H. Nash III	18152	59.37	110.55	Colorado	San Juan	37.2791667	-108.4666667	outside_boundary_exact	Colorado, Montezuma County	Mesa Verde National Park, Park Point lookout area	https://lichenportal.org/portal/collections/individual/index.php?occid=36976
36978	ASU	NA	T.H. Nash III	18153	59.37	110.55	Colorado	San Juan	37.2791667	-108.4666667	outside_boundary_exact	Colorado, Montezuma County	Mesa Verde National Park, Park Point lookout area	https://lichenportal.org/portal/collections/individual/index.php?occid=36978
36979	ASU	NA	T.H. Nash III	18154	59.37	110.55	Colorado	San Juan	37.2791667	-108.4666667	outside_boundary_exact	Colorado, Montezuma County	Mesa Verde National Park, Park Point lookout area	https://lichenportal.org/portal/collections/individual/index.php?occid=36979
36980	ASU	NA	T.H. Nash III	18155	59.37	110.55	Colorado	San Juan	37.2791667	-108.4666667	outside_boundary_exact	Colorado, Montezuma County	Mesa Verde National Park, Park Point lookout area	https://lichenportal.org/portal/collections/individual/index.php?occid=36980
36981	ASU	NA	T.H. Nash III	18156	59.37	110.55	Colorado	San Juan	37.2791667	-108.4666667	outside_boundary_exact	Colorado, Montezuma County	Mesa Verde National Park, Park Point lookout area	https://lichenportal.org/portal/collections/individual/index.php?occid=36981
36982	ASU	NA	T.H. Nash III	18157	59.37	110.55	Colorado	San Juan	37.2791667	-108.4666667	outside_boundary_exact	Colorado, Montezuma County	Mesa Verde National Park, Park Point lookout area	https://lichenportal.org/portal/collections/individual/index.php?occid=36982
36983	ASU	NA	T.H. Nash III	18158	59.37	110.55	Colorado	San Juan	37.2791667	-108.4666667	outside_boundary_exact	Colorado, Montezuma County	Mesa Verde National Park, Park Point lookout area	https://lichenportal.org/portal/collections/individual/index.php?occid=36983
36984	ASU	NA	T.H. Nash III	18159	59.37	110.55	Colorado	San Juan	37.2791667	-108.4666667	outside_boundary_exact	Colorado, Montezuma County	Mesa Verde National Park, Park Point lookout area	https://lichenportal.org/portal/collections/individual/index.php?occid=36984
36985	ASU	NA	T.H. Nash III	18160	59.37	110.55	Colorado	San Juan	37.2791667	-108.4666667	outside_boundary_exact	Colorado, Montezuma County	Mesa Verde National Park, Park Point lookout area	https://lichenportal.org/portal/collections/individual/index.php?occid=36985
36986	ASU	NA	T.H. Nash III	18161	59.37	110.55	Colorado	San Juan	37.2791667	-108.4666667	outside_boundary_exact	Colorado, Montezuma County	Mesa Verde National Park, Park Point lookout area	https://lichenportal.org/portal/collections/individual/index.php?occid=36986
36987	ASU	NA	T.H. Nash III	18162	59.37	110.55	Colorado	San Juan	37.2791667	-108.4666667	outside_boundary_exact	Colorado, Montezuma County	Mesa Verde National Park, Park Point lookout area	https://lichenportal.org/portal/collections/individual/index.php?occid=36987
36989	ASU	NA	T.H. Nash III	18163	59.37	110.55	Colorado	San Juan	37.2791667	-108.4666667	outside_boundary_exact	Colorado, Montezuma County	Mesa Verde National Park, Park Point lookout area	https://lichenportal.org/portal/collections/individual/index.php?occid=36989
36990	ASU	NA	T.H. Nash III	18164	59.37	110.55	Colorado	San Juan	37.2791667	-108.4666667	outside_boundary_exact	Colorado, Montezuma County	Mesa Verde National Park, Park Point lookout area	https://lichenportal.org/portal/collections/individual/index.php?occid=36990
36991	ASU	NA	T.H. Nash III	18165	59.37	110.55	Colorado	San Juan	37.2791667	-108.4666667	outside_boundary_exact	Colorado, Montezuma County	Mesa Verde National Park, Park Point lookout area	https://lichenportal.org/portal/collections/individual/index.php?occid=36991
36992	ASU	NA	T.H. Nash III	18166	59.37	110.55	Colorado	San Juan	37.2791667	-108.4666667	outside_boundary_exact	Colorado, Montezuma County	Mesa Verde National Park, Park Point lookout area	https://lichenportal.org/portal/collections/individual/index.php?occid=36992
36993	ASU	NA	T.H. Nash III	18167	59.37	110.55	Colorado	San Juan	37.2791667	-108.4666667	outside_boundary_exact	Colorado, Montezuma County	Mesa Verde National Park, Park Point lookout area	https://lichenportal.org/portal/collections/individual/index.php?occid=36993
50813	ASU	NA	T.H. Nash III	18168	59.37	110.55	Colorado	San Juan	37.2791667	-108.4666667	outside_boundary_exact	Colorado, Montezuma County	Mesa Verde National Park, Park Point lookout area	https://lichenportal.org/portal/collections/individual/index.php?occid=50813
50814	ASU	ASUL048542	T.H. Nash III	18169	59.37	110.55	Colorado	San Juan	37.2791667	-108.4666667	outside_boundary_exact	Colorado, Montezuma County	Mesa Verde National Park, Park Point lookout area	https://lichenportal.org/portal/collections/individual/index.php?occid=50814
50815	ASU	NA	T.H. Nash III	18170	59.37	110.55	Colorado	San Juan	37.2791667	-108.4666667	outside_boundary_exact	Colorado, Montezuma County	Mesa Verde National Park, Park Point lookout area	https://lichenportal.org/portal/collections/individual/index.php?occid=50815
50816	ASU	NA	T.H. Nash III	18171	59.37	110.55	Colorado	San Juan	37.2791667	-108.4666667	outside_boundary_exact	Colorado, Montezuma County	Mesa Verde National Park, Park Point lookout area	https://lichenportal.org/portal/collections/individual/index.php?occid=50816
50817	ASU	NA	T.H. Nash III	18172	59.37	110.55	Colorado	San Juan	37.2791667	-108.4666667	outside_boundary_exact	Colorado, Montezuma County	Mesa Verde National Park, Park Point lookout area	https://lichenportal.org/portal/collections/individual/index.php?occid=50817
50819	ASU	NA	T.H. Nash III	18173	59.37	110.55	Colorado	San Juan	37.2791667	-108.4666667	outside_boundary_exact	Colorado, Montezuma County	Mesa Verde National Park, Park Point lookout area	https://lichenportal.org/portal/collections/individual/index.php?occid=50819
50820	ASU	NA	T.H. Nash III	18174	59.37	110.55	Colorado	San Juan	37.2791667	-108.4666667	outside_boundary_exact	Colorado, Montezuma County	Mesa Verde National Park, Park Point lookout area	https://lichenportal.org/portal/collections/individual/index.php?occid=50820
50821	ASU	NA	T.H. Nash III	18175	59.37	110.55	Colorado	San Juan	37.2791667	-108.4666667	outside_boundary_exact	Colorado, Montezuma County	Mesa Verde National Park, Park Point lookout area	https://lichenportal.org/portal/collections/individual/index.php?occid=50821
50822	ASU	NA	T.H. Nash III	18176	59.37	110.55	Colorado	San Juan	37.2791667	-108.4666667	outside_boundary_exact	Colorado, Montezuma County	Mesa Verde National Park, Park Point lookout area	https://lichenportal.org/portal/collections/individual/index.php?occid=50822
50823	ASU	NA	T.H. Nash III	18177	59.37	110.55	Colorado	San Juan	37.2791667	-108.4666667	outside_boundary_exact	Colorado, Montezuma County	Mesa Verde National Park, Park Point lookout area	https://lichenportal.org/portal/collections/individual/index.php?occid=50823
50824	ASU	NA	T.H. Nash III	18178	59.37	110.55	Colorado	San Juan	37.2791667	-108.4666667	outside_boundary_exact	Colorado, Montezuma County	Mesa Verde National Park, Park Point lookout area	https://lichenportal.org/portal/collections/individual/index.php?occid=50824
50825	ASU	NA	T.H. Nash III	18179	59.37	110.55	Colorado	San Juan	37.2791667	-108.4666667	outside_boundary_exact	Colorado, Montezuma County	Mesa Verde National Park, Park Point lookout area	https://lichenportal.org/portal/collections/individual/index.php?occid=50825
50826	ASU	NA	T.H. Nash III	18180	59.37	110.55	Colorado	San Juan	37.2791667	-108.4666667	outside_boundary_exact	Colorado, Montezuma County	Mesa Verde National Park, Park Point lookout area	https://lichenportal.org/portal/collections/individual/index.php?occid=50826
50827	ASU	NA	T.H. Nash III	18181	59.37	110.55	Colorado	San Juan	37.2791667	-108.4666667	outside_boundary_exact	Colorado, Montezuma County	Mesa Verde National Park, Park Point lookout area	https://lichenportal.org/portal/collections/individual/index.php?occid=50827
93123	ASU	NA	C.K. Schmitt	7475	57.42	153.22	Colorado	El Paso	38.0111111	-104.0133333	outside_boundary_exact	Colorado, Otero County	just south of Colorado Springs on east facing slope of Cheyenne Mt., atend of Villegreen Drive near Broadmoor Bluffs blvd.	https://lichenportal.org/portal/collections/individual/index.php?occid=93123
71364	ASU	ASUL008494	D. Rankert	289	42.37	118.79	Colorado	La Plata	37.3	-108.7666667	outside_boundary_exact	Colorado, Montezuma County	S14 Sleeping Ute Mt.	https://lichenportal.org/portal/collections/individual/index.php?occid=71364
78062	ASU	NA	D. Rankert	280	42.37	118.79	Colorado	La Plata	37.3	-108.7666667	outside_boundary_exact	Colorado, Montezuma County	S14 Sleeping Ute Mt.	https://lichenportal.org/portal/collections/individual/index.php?occid=78062
102678	ASU	NA	J. Marsh	451	42.37	118.79	Colorado	La Plata	37.3	-108.7666667	outside_boundary_exact	Colorado, Montezuma County	S14 Sleeping Ute Mt.	https://lichenportal.org/portal/collections/individual/index.php?occid=102678
707137	ASU	ASUL032988	J. Marsh	NA	42.37	118.79	Colorado	La Plata	37.3	-108.76666666667	outside_boundary_exact	Colorado, Montezuma County	S14 Sleeping Ute Mt.	https://lichenportal.org/portal/collections/individual/index.php?occid=707137
70013	ASU	ASUL008436	B.D. Ryan	11894	33.33	84.46	Colorado	Chaffee	38.75	-106.8333333	outside_boundary_exact	Colorado, Gunnison County	along County road 307, 2.4 km S of US Hwy 24	https://lichenportal.org/portal/collections/individual/index.php?occid=70013
70074	ASU	ASUL008675	B.D. Ryan	11907	33.33	84.46	Colorado	Chaffee	38.75	-106.8333333	outside_boundary_exact	Colorado, Gunnison County	county road 307, 2.5 km S of US Hwy 24	https://lichenportal.org/portal/collections/individual/index.php?occid=70074
70323	ASU	ASUL008670	B.D. Ryan	11904	33.33	84.46	Colorado	Chaffee	38.75	-106.8333333	outside_boundary_exact	Colorado, Gunnison County	along County road 307, 2.4 km S of US Hwy 24	https://lichenportal.org/portal/collections/individual/index.php?occid=70323
78072	ASU	NA	B.D. Ryan	11885	33.33	84.46	Colorado	Chaffee	38.75	-106.8333333	outside_boundary_exact	Colorado, Gunnison County	county road 307, 2.5 km S of US Hwy 24	https://lichenportal.org/portal/collections/individual/index.php?occid=78072
78481	ASU	NA	B.D. Ryan	11890	33.33	84.46	Colorado	Chaffee	38.75	-106.8333333	outside_boundary_exact	Colorado, Gunnison County	county road 307, 2.5 km S of US Hwy 24	https://lichenportal.org/portal/collections/individual/index.php?occid=78481
78484	ASU	NA	B.D. Ryan	11909	33.33	84.46	Colorado	Chaffee	38.75	-106.8333333	outside_boundary_exact	Colorado, Gunnison County	county road 307, 2.5 km S of US Hwy 24	https://lichenportal.org/portal/collections/individual/index.php?occid=78484
79007	ASU	NA	B.D. Ryan	11906	33.33	84.46	Colorado	Chaffee	38.75	-106.8333333	outside_boundary_exact	Colorado, Gunnison County	county road 307, 2.5 km S of US Hwy 24	https://lichenportal.org/portal/collections/individual/index.php?occid=79007
79468	ASU	ASUL020172	B.D. Ryan	11896	33.33	84.46	Colorado	Chaffee	38.75	-106.8333333	outside_boundary_exact	Colorado, Gunnison County	along County road 307, 2.4 km S of US Hwy 24	https://lichenportal.org/portal/collections/individual/index.php?occid=79468
82492	ASU	NA	B.D. Ryan	11871	33.33	84.46	Colorado	Chaffee	38.75	-106.8333333	outside_boundary_exact	Colorado, Gunnison County	county road 307, 2.5 km S of US Hwy 24	https://lichenportal.org/portal/collections/individual/index.php?occid=82492
83241	ASU	NA	B.D. Ryan	11923	33.33	84.46	Colorado	Chaffee	38.75	-106.8333333	outside_boundary_exact	Colorado, Gunnison County	County road 307, 2 km S of US Hwy 24	https://lichenportal.org/portal/collections/individual/index.php?occid=83241
83605	ASU	NA	B.D. Ryan	11924	33.33	84.46	Colorado	Chaffee	38.75	-106.8333333	outside_boundary_exact	Colorado, Gunnison County	County road 307, 2 km S of US Hwy 24	https://lichenportal.org/portal/collections/individual/index.php?occid=83605
83613	ASU	NA	B.D. Ryan	11922	33.33	84.46	Colorado	Chaffee	38.75	-106.8333333	outside_boundary_exact	Colorado, Gunnison County	County road 307, 2 km S of US Hwy 24	https://lichenportal.org/portal/collections/individual/index.php?occid=83613
83637	ASU	NA	B.D. Ryan	11898	33.33	84.46	Colorado	Chaffee	38.75	-106.8333333	outside_boundary_exact	Colorado, Gunnison County	county road 307, 2.5 km S of US Hwy 24	https://lichenportal.org/portal/collections/individual/index.php?occid=83637
83865	ASU	NA	B.D. Ryan	11884	33.33	84.46	Colorado	Chaffee	38.75	-106.8333333	outside_boundary_exact	Colorado, Gunnison County	County road 307, 2 km S of US Hwy 24	https://lichenportal.org/portal/collections/individual/index.php?occid=83865
86047	ASU	NA	B.D. Ryan	11910	33.33	84.46	Colorado	Chaffee	38.75	-106.8333333	outside_boundary_exact	Colorado, Gunnison County	County road 307, 2 km S of US Hwy 24	https://lichenportal.org/portal/collections/individual/index.php?occid=86047
86787	ASU	NA	B.D. Ryan	11900	33.33	84.46	Colorado	Chaffee	38.75	-106.8333333	outside_boundary_exact	Colorado, Gunnison County	county road 307, 2.5 km S of US Hwy 24	https://lichenportal.org/portal/collections/individual/index.php?occid=86787
87301	ASU	NA	B.D. Ryan	11903	33.33	84.46	Colorado	Chaffee	38.75	-106.8333333	outside_boundary_exact	Colorado, Gunnison County	County road 307, 2 km S of US Hwy 24	https://lichenportal.org/portal/collections/individual/index.php?occid=87301
87302	ASU	NA	B.D. Ryan	11865	33.33	84.46	Colorado	Chaffee	38.75	-106.8333333	outside_boundary_exact	Colorado, Gunnison County	County road 307, 2 km S of US Hwy 24	https://lichenportal.org/portal/collections/individual/index.php?occid=87302
87419	ASU	NA	B.D. Ryan	11875	33.33	84.46	Colorado	Chaffee	38.75	-106.8333333	outside_boundary_exact	Colorado, Gunnison County	county road 307, 2.5 km S of US Hwy 24	https://lichenportal.org/portal/collections/individual/index.php?occid=87419
87516	ASU	NA	B.D. Ryan	11919	33.33	84.46	Colorado	Chaffee	38.75	-106.8333333	outside_boundary_exact	Colorado, Gunnison County	county road 307, 2.5 km S of US Hwy 24	https://lichenportal.org/portal/collections/individual/index.php?occid=87516
88121	ASU	NA	B.D. Ryan	11916	33.33	84.46	Colorado	Chaffee	38.75	-106.8333333	outside_boundary_exact	Colorado, Gunnison County	county road 307, 2.5 km S of US Hwy 24	https://lichenportal.org/portal/collections/individual/index.php?occid=88121
88273	ASU	NA	B.D. Ryan	11876	33.33	84.46	Colorado	Chaffee	38.75	-106.8333333	outside_boundary_exact	Colorado, Gunnison County	county road 307, 2.5 km S of US Hwy 24	https://lichenportal.org/portal/collections/individual/index.php?occid=88273
88746	ASU	ASUL007396	B.D. Ryan	11858	33.33	84.46	Colorado	Chaffee	38.75	-106.8333333	outside_boundary_exact	Colorado, Gunnison County	county road 307, 2.5 km S of US Hwy 24	https://lichenportal.org/portal/collections/individual/index.php?occid=88746
88961	ASU	NA	B.D. Ryan	11912	33.33	84.46	Colorado	Chaffee	38.75	-106.8333333	outside_boundary_exact	Colorado, Gunnison County	county road 307, 2.5 km S of US Hwy 24	https://lichenportal.org/portal/collections/individual/index.php?occid=88961
88966	ASU	NA	B.D. Ryan	11870	33.33	84.46	Colorado	Chaffee	38.75	-106.8333333	outside_boundary_exact	Colorado, Gunnison County	county road 307, 2.5 km S of US Hwy 24	https://lichenportal.org/portal/collections/individual/index.php?occid=88966
89650	ASU	NA	B.D. Ryan	11888	33.33	84.46	Colorado	Chaffee	38.75	-106.8333333	outside_boundary_exact	Colorado, Gunnison County	County road 307, 2 km S of US Hwy 24	https://lichenportal.org/portal/collections/individual/index.php?occid=89650
90622	ASU	NA	B.D. Ryan	11867	33.33	84.46	Colorado	Chaffee	38.75	-106.8333333	outside_boundary_exact	Colorado, Gunnison County	county road 307, 2.5 km S of US Hwy 24	https://lichenportal.org/portal/collections/individual/index.php?occid=90622
93138	ASU	NA	B.D. Ryan	NA	33.33	84.46	Colorado	Chaffee	38.75	-106.8333333	outside_boundary_exact	Colorado, Gunnison County	county road 307, 2.5 km S of US Hwy 24	https://lichenportal.org/portal/collections/individual/index.php?occid=93138
93142	ASU	NA	B.D. Ryan	11899	33.33	84.46	Colorado	Chaffee	38.75	-106.8333333	outside_boundary_exact	Colorado, Gunnison County	County road 307, 2 km S of US Hwy 24	https://lichenportal.org/portal/collections/individual/index.php?occid=93142
93265	ASU	NA	B.D. Ryan	11861	33.33	84.46	Colorado	Chaffee	38.75	-106.8333333	outside_boundary_exact	Colorado, Gunnison County	county road 307, 2.5 km S of US Hwy 24	https://lichenportal.org/portal/collections/individual/index.php?occid=93265
94551	ASU	NA	B.D. Ryan	11898--a	33.33	84.46	Colorado	Chaffee	38.75	-106.8333333	outside_boundary_exact	Colorado, Gunnison County	county road 307, 2.5 km S of US Hwy 24	https://lichenportal.org/portal/collections/individual/index.php?occid=94551
94623	ASU	NA	B.D. Ryan	11874	33.33	84.46	Colorado	Chaffee	38.75	-106.8333333	outside_boundary_exact	Colorado, Gunnison County	County road 307, 2 km S of US Hwy 24	https://lichenportal.org/portal/collections/individual/index.php?occid=94623
95025	ASU	NA	B.D. Ryan	11928	33.33	84.46	Colorado	Chaffee	38.75	-106.8333333	outside_boundary_exact	Colorado, Gunnison County	county road 307, 2.5 km S of US Hwy 24	https://lichenportal.org/portal/collections/individual/index.php?occid=95025
95541	ASU	NA	B.D. Ryan	11895	33.33	84.46	Colorado	Chaffee	38.75	-106.8333333	outside_boundary_exact	Colorado, Gunnison County	county road 307, 2.5 km S of US Hwy 24	https://lichenportal.org/portal/collections/individual/index.php?occid=95541
102042	ASU	NA	B.D. Ryan	11866	33.33	84.46	Colorado	Chaffee	38.75	-106.8333333	outside_boundary_exact	Colorado, Gunnison County	County road 307, 2 km S of US Hwy 24	https://lichenportal.org/portal/collections/individual/index.php?occid=102042
102580	ASU	NA	B.D. Ryan	11897	33.33	84.46	Colorado	Chaffee	38.75	-106.8333333	outside_boundary_exact	Colorado, Gunnison County	county road 307, 2.5 km S of US Hwy 24	https://lichenportal.org/portal/collections/individual/index.php?occid=102580
102583	ASU	NA	B.D. Ryan	11886	33.33	84.46	Colorado	Chaffee	38.75	-106.8333333	outside_boundary_exact	Colorado, Gunnison County	County road 307, 2 km S of US Hwy 24	https://lichenportal.org/portal/collections/individual/index.php?occid=102583
102960	ASU	NA	B.D. Ryan	11887	33.33	84.46	Colorado	Chaffee	38.75	-106.8333333	outside_boundary_exact	Colorado, Gunnison County	along county road 307, 1.5 miles S of US Hwy 24	https://lichenportal.org/portal/collections/individual/index.php?occid=102960
706924	ASU	ASUL001499	B.D. Ryan	11862	33.33	84.46	Colorado	Chaffee	38.75	-106.83333333333	outside_boundary_exact	Colorado, Gunnison County	Country road 307, 1.5 miles S of US Hwy 24	https://lichenportal.org/portal/collections/individual/index.php?occid=706924
2682859	ASU	NA	B.D. Ryan	11901	33.33	84.46	Colorado	Chaffee	38.75	-106.8333333	outside_boundary_exact	Colorado, Gunnison County	County road 307, 2.5 km S of US Hwy 24	https://lichenportal.org/portal/collections/individual/index.php?occid=2682859
2685739	ASU	NA	B.D. Ryan	11868	33.33	84.46	Colorado	Chaffee	38.75	-106.8333333	outside_boundary_exact	Colorado, Gunnison County	county road 307, 2.5 km S of US Hwy 24	https://lichenportal.org/portal/collections/individual/index.php?occid=2685739
2691516	ASU	NA	B.D. Ryan	11879	33.33	84.46	Colorado	Chaffee	38.75	-106.8333333	outside_boundary_exact	Colorado, Gunnison County	County road 307, 2.5 km S of US Hwy 24	https://lichenportal.org/portal/collections/individual/index.php?occid=2691516
2697515	ASU	NA	B.D. Ryan	11836	33.33	84.46	Colorado	Chaffee	38.75	-106.833333	outside_boundary_exact	Colorado, Gunnison County	County road 307, 2.5 km S of US Hwy 24	https://lichenportal.org/portal/collections/individual/index.php?occid=2697515
2697516	ASU	NA	B.D. Ryan	11869	33.33	84.46	Colorado	Chaffee	38.75	-106.8333333	outside_boundary_exact	Colorado, Gunnison County	county road 307, 2.5 km S of US Hwy 24	https://lichenportal.org/portal/collections/individual/index.php?occid=2697516
2697517	ASU	NA	B.D. Ryan	11880	33.33	84.46	Colorado	Chaffee	38.75	-106.8333333	outside_boundary_exact	Colorado, Gunnison County	county road 307, 2.5 km S of US Hwy 24	https://lichenportal.org/portal/collections/individual/index.php?occid=2697517
2697518	ASU	NA	B.D. Ryan	11915	33.33	84.46	Colorado	Chaffee	38.75	-106.8333333	outside_boundary_exact	Colorado, Gunnison County	county road 307, 2.5 km S of US Hwy 24	https://lichenportal.org/portal/collections/individual/index.php?occid=2697518
2697519	ASU	ASUL017134	B.D. Ryan	11925	33.33	84.46	Colorado	Chaffee	38.75	-106.8333333	outside_boundary_exact	Colorado, Gunnison County	County road 307, 2 km S of US Hwy 24	https://lichenportal.org/portal/collections/individual/index.php?occid=2697519
88904	ASU	NA	D.H. Vitt	15372	28.71	110.56	Colorado	Park	38.926	-104.9953	outside_boundary_exact	Colorado, El Paso County	Pike National Forest, 8 km E of entrance to Pike Forest on Hwy 425	https://lichenportal.org/portal/collections/individual/index.php?occid=88904
103033	ASU	NA	D.H. Vitt	15372	28.71	110.56	Colorado	Park	38.926	-104.9953	outside_boundary_exact	Colorado, El Paso County	Pike National Forest, 8 km E of entrance to Pike Forest on Hwy 425	https://lichenportal.org/portal/collections/individual/index.php?occid=103033
101126	ASU	NA	S.D. Sharnoff	1157-28	27.91	52.11	Colorado	Gilpin	39.65	-105.8833333	outside_boundary_exact	Colorado, Summit County	Loveland Pass, Arapaho National Forest, US 6, to N of road at top of pass	https://lichenportal.org/portal/collections/individual/index.php?occid=101126
101391	ASU	NA	S.D. Sharnoff	1161-38	27.91	52.11	Colorado	Gilpin	39.65	-105.8833333	outside_boundary_exact	Colorado, Summit County	Loveland Pass, Arapaho National Forest, US 6, to N of road at top of pass	https://lichenportal.org/portal/collections/individual/index.php?occid=101391
66942	ASU	NA	D. Rankert	315	16.88	101.65	Colorado	La Plata	37.188549	-108.488122	outside_boundary_exact	Colorado, Montezuma County	G5 Mesa Verde National Park, Spruce Canyon Trail	https://lichenportal.org/portal/collections/individual/index.php?occid=66942
70014	ASU	ASUL008435	D. Rankert	309	16.88	101.65	Colorado	La Plata	37.188549	-108.488122	outside_boundary_exact	Colorado, Montezuma County	G5 Mesa Verde National Park, Spruce Canyon Trail	https://lichenportal.org/portal/collections/individual/index.php?occid=70014
71074	ASU	NA	D. Rankert	337	16.88	101.65	Colorado	La Plata	37.188549	-108.488122	outside_boundary_exact	Colorado, Montezuma County	G5 Mesa Verde National Park, Spruce Canyon Trail	https://lichenportal.org/portal/collections/individual/index.php?occid=71074
71361	ASU	ASUL008497	D. Rankert	290	16.88	101.65	Colorado	La Plata	37.188549	-108.488122	outside_boundary_exact	Colorado, Montezuma County	G5 Mesa Verde National Park, Spruce Canyon Trail	https://lichenportal.org/portal/collections/individual/index.php?occid=71361
72084	ASU	ASUL001579	D. Rankert	441	16.88	101.65	Colorado	La Plata	37.188549	-108.488122	outside_boundary_exact	Colorado, Montezuma County	G5 Mesa Verde National Park, Spruce Canyon Trail	https://lichenportal.org/portal/collections/individual/index.php?occid=72084
78448	ASU	NA	D. Rankert	298	16.88	101.65	Colorado	La Plata	37.188549	-108.488122	outside_boundary_exact	Colorado, Montezuma County	G5 Mesa Verde National Park, Spruce Canyon Trail	https://lichenportal.org/portal/collections/individual/index.php?occid=78448
81894	ASU	NA	J. Marsh	369	16.88	101.65	Colorado	La Plata	37.188549	-108.488122	outside_boundary_exact	Colorado, Montezuma County	G5 Mesa Verde National Park, Spruce Canyon Trail	https://lichenportal.org/portal/collections/individual/index.php?occid=81894
83958	ASU	NA	J. Marsh	416	16.88	101.65	Colorado	La Plata	37.188549	-108.488122	outside_boundary_exact	Colorado, Montezuma County	G5 Mesa Verde National Park, Spruce Canyon Trail	https://lichenportal.org/portal/collections/individual/index.php?occid=83958
86140	ASU	NA	D. Rankert	53	16.88	101.65	Colorado	La Plata	37.188549	-108.488122	outside_boundary_exact	Colorado, Montezuma County	G5 Mesa Verde National Park, Spruce Canyon Trail	https://lichenportal.org/portal/collections/individual/index.php?occid=86140
88275	ASU	NA	J. Marsh	275	16.88	101.65	Colorado	La Plata	37.188549	-108.488122	outside_boundary_exact	Colorado, Montezuma County	G5 Mesa Verde National Park, Spruce Canyon Trail	https://lichenportal.org/portal/collections/individual/index.php?occid=88275
88829	ASU	NA	J. Marsh	39	16.88	101.65	Colorado	La Plata	37.188549	-108.488122	outside_boundary_exact	Colorado, Montezuma County	G5 Mesa Verde National Park, Spruce Canyon Trail	https://lichenportal.org/portal/collections/individual/index.php?occid=88829
88831	ASU	NA	J. Marsh	39	16.88	101.65	Colorado	La Plata	37.188549	-108.488122	outside_boundary_exact	Colorado, Montezuma County	G5 Mesa Verde National Park, Spruce Canyon Trail	https://lichenportal.org/portal/collections/individual/index.php?occid=88831
95407	ASU	NA	D. Rankert	226	16.88	101.65	Colorado	La Plata	37.188549	-108.488122	outside_boundary_exact	Colorado, Montezuma County	G5 Mesa Verde National Park, Spruce Canyon Trail	https://lichenportal.org/portal/collections/individual/index.php?occid=95407
95893	ASU	NA	J. Marsh	7	16.88	101.65	Colorado	La Plata	37.188549	-108.488122	outside_boundary_exact	Colorado, Montezuma County	G5 Mesa Verde National Park, Spruce Canyon Trail	https://lichenportal.org/portal/collections/individual/index.php?occid=95893
96088	ASU	NA	J. Marsh	219	16.88	101.65	Colorado	La Plata	37.188549	-108.488122	outside_boundary_exact	Colorado, Montezuma County	G6 Mesa verde National Park, Spruce Canyon Trail	https://lichenportal.org/portal/collections/individual/index.php?occid=96088
99245	ASU	NA	D. Rankert	14	16.88	101.65	Colorado	La Plata	37.188549	-108.488122	outside_boundary_exact	Colorado, Montezuma County	G5 Mesa Verde National Park, Spruce Canyon Trail	https://lichenportal.org/portal/collections/individual/index.php?occid=99245
99298	ASU	NA	D. Rankert	262	16.88	101.65	Colorado	La Plata	37.188549	-108.488122	outside_boundary_exact	Colorado, Montezuma County	G5 Mesa Verde National Park, Spruce Canyon Trail	https://lichenportal.org/portal/collections/individual/index.php?occid=99298
104144	ASU	NA	J. Marsh	228	16.88	101.65	Colorado	La Plata	37.188549	-108.488122	outside_boundary_exact	Colorado, Montezuma County	G5 Mesa Verde National Park, Spruce Canyon Trail	https://lichenportal.org/portal/collections/individual/index.php?occid=104144
104145	ASU	NA	J. Marsh	431	16.88	101.65	Colorado	La Plata	37.188549	-108.488122	outside_boundary_exact	Colorado, Montezuma County	G5 Mesa Verde National Park, Spruce Canyon Trail	https://lichenportal.org/portal/collections/individual/index.php?occid=104145
60420	ASU	NA	D. Rankert	355	16.75	101.95	Colorado	La Plata	37.183	-108.488	outside_boundary_exact	Colorado, Montezuma County	G5 Mesa Verde Nat. Park	https://lichenportal.org/portal/collections/individual/index.php?occid=60420
69009	ASU	NA	D. Rankert	303	16.75	101.95	Colorado	La Plata	37.183	-108.488	outside_boundary_exact	Colorado, Montezuma County	G5 Mesa Verde National Park, near museum	https://lichenportal.org/portal/collections/individual/index.php?occid=69009
69013	ASU	NA	D. Rankert	279	16.75	101.95	Colorado	La Plata	37.183	-108.488	outside_boundary_exact	Colorado, Montezuma County	G5 Mesa Verde National Park, Pit House area	https://lichenportal.org/portal/collections/individual/index.php?occid=69013
76391	ASU	ASUL031806	D. Rankert	24	16.75	101.95	Colorado	La Plata	37.183	-108.488	outside_boundary_exact	Colorado, Montezuma County	G5 Mesa Verde National Park, Pit House area	https://lichenportal.org/portal/collections/individual/index.php?occid=76391
79132	ASU	NA	D. Rankert	188	16.75	101.95	Colorado	La Plata	37.183	-108.488	outside_boundary_exact	Colorado, Montezuma County	Mesa Verde National Park, Cliff Palace	https://lichenportal.org/portal/collections/individual/index.php?occid=79132
85097	ASU	NA	D. Rankert	193	16.75	101.95	Colorado	La Plata	37.183	-108.488	outside_boundary_exact	Colorado, Montezuma County	Mesa Verde National Park	https://lichenportal.org/portal/collections/individual/index.php?occid=85097
90394	ASU	NA	J. Marsh	401	16.75	101.95	Colorado	La Plata	37.183	-108.488	outside_boundary_exact	Colorado, Montezuma County	G5 Mesa Verde National Park, Pit House	https://lichenportal.org/portal/collections/individual/index.php?occid=90394
94497	ASU	NA	D. Rankert	207	16.75	101.95	Colorado	La Plata	37.183	-108.488	outside_boundary_exact	Colorado, Montezuma County	G5 Mesa Verde National Park, Pit House	https://lichenportal.org/portal/collections/individual/index.php?occid=94497
95894	ASU	NA	D. Rankert	52	16.75	101.95	Colorado	La Plata	37.183	-108.488	outside_boundary_exact	Colorado, Montezuma County	G5 Mesa Verde National Park	https://lichenportal.org/portal/collections/individual/index.php?occid=95894
102041	ASU	NA	D. Rankert	244	16.75	101.95	Colorado	La Plata	37.183	-108.488	outside_boundary_exact	Colorado, Montezuma County	Mesa Verde National Park	https://lichenportal.org/portal/collections/individual/index.php?occid=102041
102701	ASU	NA	J. Marsh	345	16.75	101.95	Colorado	La Plata	37.183	-108.488	outside_boundary_exact	Colorado, Montezuma County	G5 Mesa Verde Nat. Park, Park Point	https://lichenportal.org/portal/collections/individual/index.php?occid=102701
63688	ASU	NA	B.D. Ryan	11843	16.29	78.16	Colorado	Chaffee	38.3916667	-106.4666667	outside_boundary_exact	Colorado, Saguache County	48 km E of Gunnison, N side of Hwy 50, across road from Tomichi Creek Picnic ground	https://lichenportal.org/portal/collections/individual/index.php?occid=63688
68175	ASU	ASUL002553	B.D. Ryan	11830	16.29	78.16	Colorado	Chaffee	38.3916667	-106.4666667	outside_boundary_exact	Colorado, Saguache County	N-side of US Hwy 50, 48 km [30 mi] E of Gunnison, across road from Tomichi Creek Picnic Ground	https://lichenportal.org/portal/collections/individual/index.php?occid=68175
77593	ASU	ASUL050175	B.D. Ryan	11845 A	16.29	78.16	Colorado	Chaffee	38.3916667	-106.4666667	outside_boundary_exact	Colorado, Saguache County	48 km [30 miles] E of Gunnison, N side of Hwy 50, across road from Tomichi Creek Picnic ground	https://lichenportal.org/portal/collections/individual/index.php?occid=77593
78069	ASU	NA	B.D. Ryan	11847	16.29	78.16	Colorado	Chaffee	38.3916667	-106.4666667	outside_boundary_exact	Colorado, Saguache County	48 km E of Gunnison, N side of Hwy 50, across road from Tomichi Creek Picnic ground	https://lichenportal.org/portal/collections/individual/index.php?occid=78069
79022	ASU	ASUL050176	B.D. Ryan	11845 B	16.29	78.16	Colorado	Chaffee	38.3916667	-106.4666667	outside_boundary_exact	Colorado, Saguache County	48 km [30 miles] E of Gunnison, N side of Hwy 50, across road from Tomichi Creek Picnic ground	https://lichenportal.org/portal/collections/individual/index.php?occid=79022
82495	ASU	NA	B.D. Ryan	11831	16.29	78.16	Colorado	Chaffee	38.3916667	-106.4666667	outside_boundary_exact	Colorado, Saguache County	48 km E of Gunnison, N side of Hwy 50, across road from Tomichi Creek Picnic ground	https://lichenportal.org/portal/collections/individual/index.php?occid=82495
83612	ASU	NA	B.D. Ryan	11832	16.29	78.16	Colorado	Chaffee	38.3916667	-106.4666667	outside_boundary_exact	Colorado, Saguache County	48 km E of Gunnison, N side of Hwy 50, across road from Tomichi Creek Picnic Ground	https://lichenportal.org/portal/collections/individual/index.php?occid=83612
86698	ASU	NA	B.D. Ryan	11841	16.29	78.16	Colorado	Chaffee	38.3916667	-106.4666667	outside_boundary_exact	Colorado, Saguache County	48 km E of Gunnison, N side of Hwy 50, across road from Tomichi Creek Picnic Ground	https://lichenportal.org/portal/collections/individual/index.php?occid=86698
87246	ASU	NA	B.D. Ryan	11848	16.29	78.16	Colorado	Chaffee	38.3916667	-106.4666667	outside_boundary_exact	Colorado, Saguache County	48 km E of Gunnison, N side of Hwy 50, across road from Tomichi Creek Picnic Ground	https://lichenportal.org/portal/collections/individual/index.php?occid=87246
87515	ASU	NA	B.D. Ryan	11846	16.29	78.16	Colorado	Chaffee	38.3916667	-106.4666667	outside_boundary_exact	Colorado, Saguache County	48 km E of Gunnison, N side of Hwy 50, across road from Tomichi Creek Picnic Ground	https://lichenportal.org/portal/collections/individual/index.php?occid=87515
88370	ASU	NA	B.D. Ryan	11824	16.29	78.16	Colorado	Chaffee	38.3916667	-106.4666667	outside_boundary_exact	Colorado, Saguache County	48 km E of Gunnison, N side of Hwy 50, across road from Tomichi Creek Picnic Ground	https://lichenportal.org/portal/collections/individual/index.php?occid=88370
89654	ASU	NA	B.D. Ryan	11842	16.29	78.16	Colorado	Chaffee	38.3916667	-106.4666667	outside_boundary_exact	Colorado, Saguache County	48 km E of Gunnison, N side of Hwy 50, across road from Tomichi Creek Picnic Ground	https://lichenportal.org/portal/collections/individual/index.php?occid=89654
90615	ASU	NA	B.D. Ryan	11837	16.29	78.16	Colorado	Chaffee	38.3916667	-106.4666667	outside_boundary_exact	Colorado, Saguache County	48 km E of Gunnison, N side of Hwy 50, across road from Tomichi Creek Picnic Ground	https://lichenportal.org/portal/collections/individual/index.php?occid=90615
93103	ASU	NA	B.D. Ryan	11839	16.29	78.16	Colorado	Chaffee	38.3916667	-106.4666667	outside_boundary_exact	Colorado, Saguache County	48 km E of Gunnison, N side of Hwy 50, across road from Tomichi Creek Picnic Ground	https://lichenportal.org/portal/collections/individual/index.php?occid=93103
93124	ASU	NA	B.D. Ryan	11834--a	16.29	78.16	Colorado	Chaffee	38.3916667	-106.4666667	outside_boundary_exact	Colorado, Saguache County	48 km E of Gunnison, N side of Hwy 50, across road from Tomichi Creek Picnic Ground	https://lichenportal.org/portal/collections/individual/index.php?occid=93124
93126	ASU	NA	B.D. Ryan	11847	16.29	78.16	Colorado	Chaffee	38.3916667	-106.4666667	outside_boundary_exact	Colorado, Saguache County	48 km E of Gunnison, N side of Hwy 50, across road from Tomichi Creek Picnic Ground	https://lichenportal.org/portal/collections/individual/index.php?occid=93126
93136	ASU	NA	B.D. Ryan	11838	16.29	78.16	Colorado	Chaffee	38.3916667	-106.4666667	outside_boundary_exact	Colorado, Saguache County	48 km E of Gunnison, N side of Hwy 50, across road from Tomichi Creek Picnic ground	https://lichenportal.org/portal/collections/individual/index.php?occid=93136
93143	ASU	NA	B.D. Ryan	11835	16.29	78.16	Colorado	Chaffee	38.3916667	-106.4666667	outside_boundary_exact	Colorado, Saguache County	48 km E of Gunnison, N side of Hwy 50, across road from Tomichi Creek Picnic ground	https://lichenportal.org/portal/collections/individual/index.php?occid=93143
94541	ASU	NA	B.D. Ryan	11834--b	16.29	78.16	Colorado	Chaffee	38.3916667	-106.4666667	outside_boundary_exact	Colorado, Saguache County	48 km E of Gunnison, N side of Hwy 50, across road from Tomichi Creek Picnic ground	https://lichenportal.org/portal/collections/individual/index.php?occid=94541
707088	ASU	ASUL032943	B.D. Ryan	11844	16.29	78.16	Colorado	Chaffee	38.391666666667	-106.46666666667	outside_boundary_exact	Colorado, Saguache County	48 km E of Gunnison, N side of Hwy 50, across road from Tomichi Creek Picnic ground	https://lichenportal.org/portal/collections/individual/index.php?occid=707088
71080	ASU	NA	D. Rankert	450	14.38	101.29	Colorado	La Plata	37.1666667	-108.4666667	outside_boundary_exact	Colorado, Montezuma County	G5 Mesa Verde National Park	https://lichenportal.org/portal/collections/individual/index.php?occid=71080
71202	ASU	ASUL019408	D. Rankert	36	14.38	101.29	Colorado	La Plata	37.1666667	-108.4666667	outside_boundary_exact	Colorado, Montezuma County	G5 Mesa Verde National Park	https://lichenportal.org/portal/collections/individual/index.php?occid=71202
71203	ASU	ASUL019407	D. Rankert	35	14.38	101.29	Colorado	La Plata	37.1666667	-108.4666667	outside_boundary_exact	Colorado, Montezuma County	G5 Mesa Verde National Park	https://lichenportal.org/portal/collections/individual/index.php?occid=71203
71822	ASU	ASUL005342	D. Rankert	44	14.38	101.29	Colorado	La Plata	37.1666667	-108.4666667	outside_boundary_exact	Colorado, Montezuma County	G5 Mesa Verde National Park	https://lichenportal.org/portal/collections/individual/index.php?occid=71822
94191	ASU	NA	J. Marsh	452	14.38	101.29	Colorado	La Plata	37.1666667	-108.4666667	outside_boundary_exact	Colorado, Montezuma County	G5 Mesa Verde Naitonal Park, Pit House	https://lichenportal.org/portal/collections/individual/index.php?occid=94191
70629	ASU	ASUL013257	B.D. Ryan	11817	12.17	102.65	Colorado	El Paso	38.6666667	-105.0833333	outside_boundary_exact	Colorado, Teller County	Pike's Peak	https://lichenportal.org/portal/collections/individual/index.php?occid=70629
73094	ASU	ASUL035629	B.D. Ryan	11803-a	12.17	102.65	Colorado	El Paso	38.6666667	-105.0833333	outside_boundary_exact	Colorado, Teller County	Pike's Peak	https://lichenportal.org/portal/collections/individual/index.php?occid=73094
73584	ASU	ASUL035739	B.D. Ryan	11803-b	12.17	102.65	Colorado	El Paso	38.6666667	-105.0833333	outside_boundary_exact	Colorado, Teller County	Pike's Peak	https://lichenportal.org/portal/collections/individual/index.php?occid=73584
79231	ASU	NA	B.D. Ryan	11801	12.17	102.65	Colorado	El Paso	38.6666667	-105.0833333	outside_boundary_exact	Colorado, Teller County	Pike's Peak	https://lichenportal.org/portal/collections/individual/index.php?occid=79231
79472	ASU	ASUL020187	B.D. Ryan	11798	12.17	102.65	Colorado	El Paso	38.6666667	-105.0833333	outside_boundary_exact	Colorado, Teller County	Pike's Peak	https://lichenportal.org/portal/collections/individual/index.php?occid=79472
80159	ASU	NA	B.D. Ryan	11812	12.17	102.65	Colorado	El Paso	38.6666667	-105.0833333	outside_boundary_exact	Colorado, Teller County	Pike's Peak	https://lichenportal.org/portal/collections/individual/index.php?occid=80159
81927	ASU	NA	B.D. Ryan	11808	12.17	102.65	Colorado	El Paso	38.6666667	-105.0833333	outside_boundary_exact	Colorado, Teller County	Pike's Peak	https://lichenportal.org/portal/collections/individual/index.php?occid=81927
83861	ASU	NA	B.D. Ryan	12415	12.17	102.65	Colorado	El Paso	38.6666667	-105.0833333	outside_boundary_exact	Colorado, Teller County	Pike's Peak	https://lichenportal.org/portal/collections/individual/index.php?occid=83861
83862	ASU	NA	B.D. Ryan	11792	12.17	102.65	Colorado	El Paso	38.6666667	-105.0833333	outside_boundary_exact	Colorado, Teller County	Pike's Peak	https://lichenportal.org/portal/collections/individual/index.php?occid=83862
83864	ASU	NA	B.D. Ryan	11813	12.17	102.65	Colorado	El Paso	38.6666667	-105.0833333	outside_boundary_exact	Colorado, Teller County	Pike's Peak	https://lichenportal.org/portal/collections/individual/index.php?occid=83864
83959	ASU	NA	B.D. Ryan	12405	12.17	102.65	Colorado	El Paso	38.6666667	-105.0833333	outside_boundary_exact	Colorado, Teller County	Pike's Peak	https://lichenportal.org/portal/collections/individual/index.php?occid=83959
83962	ASU	NA	B.D. Ryan	12477	12.17	102.65	Colorado	El Paso	38.6666667	-105.0833333	outside_boundary_exact	Colorado, Teller County	Pike's Peak	https://lichenportal.org/portal/collections/individual/index.php?occid=83962
84109	ASU	NA	B.D. Ryan	12474	12.17	102.65	Colorado	El Paso	38.6666667	-105.0833333	outside_boundary_exact	Colorado, Teller County	Pike's Peak	https://lichenportal.org/portal/collections/individual/index.php?occid=84109
85981	ASU	NA	B.D. Ryan	11805	12.17	102.65	Colorado	El Paso	38.6666667	-105.0833333	outside_boundary_exact	Colorado, Teller County	Pike's Peak	https://lichenportal.org/portal/collections/individual/index.php?occid=85981
86407	ASU	NA	B.D. Ryan	11809	12.17	102.65	Colorado	El Paso	38.6666667	-105.0833333	outside_boundary_exact	Colorado, Teller County	Pike's Peak	https://lichenportal.org/portal/collections/individual/index.php?occid=86407
89029	ASU	NA	B.D. Ryan	12404	12.17	102.65	Colorado	El Paso	38.6666667	-105.0833333	outside_boundary_exact	Colorado, Teller County	Pike's Peak	https://lichenportal.org/portal/collections/individual/index.php?occid=89029
90625	ASU	NA	B.D. Ryan	12402	12.17	102.65	Colorado	El Paso	38.6666667	-105.0833333	outside_boundary_exact	Colorado, Teller County	Pike's Peak	https://lichenportal.org/portal/collections/individual/index.php?occid=90625
93140	ASU	NA	B.D. Ryan	11815	12.17	102.65	Colorado	El Paso	38.6666667	-105.0833333	outside_boundary_exact	Colorado, Teller County	Pike's Peak	https://lichenportal.org/portal/collections/individual/index.php?occid=93140
95094	ASU	NA	B.D. Ryan	12412	12.17	102.65	Colorado	El Paso	38.6666667	-105.0833333	outside_boundary_exact	Colorado, Teller County	Pike's Peak	https://lichenportal.org/portal/collections/individual/index.php?occid=95094
95101	ASU	NA	B.D. Ryan	11807	12.17	102.65	Colorado	El Paso	38.6666667	-105.0833333	outside_boundary_exact	Colorado, Teller County	Pike's Peak	https://lichenportal.org/portal/collections/individual/index.php?occid=95101
96953	ASU	NA	B.D. Ryan	11800	12.17	102.65	Colorado	El Paso	38.6666667	-105.0833333	outside_boundary_exact	Colorado, Teller County	Pike's Peak	https://lichenportal.org/portal/collections/individual/index.php?occid=96953
97413	ASU	NA	B.D. Ryan	12476	12.17	102.65	Colorado	El Paso	38.6666667	-105.0833333	outside_boundary_exact	Colorado, Teller County	Pike's Peak	https://lichenportal.org/portal/collections/individual/index.php?occid=97413
97885	ASU	NA	B.D. Ryan	12407	12.17	102.65	Colorado	El Paso	38.6666667	-105.0833333	outside_boundary_exact	Colorado, Teller County	Pike's Peak	https://lichenportal.org/portal/collections/individual/index.php?occid=97885
98250	ASU	NA	B.D. Ryan	11791	12.17	102.65	Colorado	El Paso	38.6666667	-105.0833333	outside_boundary_exact	Colorado, Teller County	Pike's Peak	https://lichenportal.org/portal/collections/individual/index.php?occid=98250
98414	ASU	NA	B.D. Ryan	11806	12.17	102.65	Colorado	El Paso	38.6666667	-105.0833333	outside_boundary_exact	Colorado, Teller County	Pike's Peak	https://lichenportal.org/portal/collections/individual/index.php?occid=98414
99320	ASU	NA	B.D. Ryan	11796	12.17	102.65	Colorado	El Paso	38.6666667	-105.0833333	outside_boundary_exact	Colorado, Teller County	Pike's Peak	https://lichenportal.org/portal/collections/individual/index.php?occid=99320
102607	ASU	NA	B.D. Ryan	11814	12.17	102.65	Colorado	El Paso	38.6666667	-105.0833333	outside_boundary_exact	Colorado, Teller County	Pike's Peak	https://lichenportal.org/portal/collections/individual/index.php?occid=102607
103034	ASU	NA	B.D. Ryan	11804	12.17	102.65	Colorado	El Paso	38.6666667	-105.0833333	outside_boundary_exact	Colorado, Teller County	Pike's Peak	https://lichenportal.org/portal/collections/individual/index.php?occid=103034
1093045	ASU	NA	Bruce D. Ryan	11797	12.17	102.65	Colorado	El paso	38.666667	-105.083333	outside_boundary_exact	Colorado, Teller County	Pike's Peak.	https://lichenportal.org/portal/collections/individual/index.php?occid=1093045
2691515	ASU	NA	B.D. Ryan	11811	12.17	102.65	Colorado	El Paso	38.6666667	-105.0833333	outside_boundary_exact	Colorado, Teller County	Pike's Peak	https://lichenportal.org/portal/collections/individual/index.php?occid=2691515
2738917	ASU	NA	B.D. Ryan	12475	12.17	102.65	Colorado	El Paso	38.6666667	-105.0833333	outside_boundary_exact	Colorado, Teller County	Pike's Peak	https://lichenportal.org/portal/collections/individual/index.php?occid=2738917
77375	ASU	NA	S. Shushan	S-11398	7.67	106.99	Colorado	Montezuma	37.34762	-109.13315	outside_boundary_exact	Utah, San Juan County	48 km W of Cortez, vicinity of junction of Yellowjacket and McElmo Creeks	https://lichenportal.org/portal/collections/individual/index.php?occid=77375
100523	ASU	NA	H.A. Imshaug	11802	6.82	56.31	Colorado	Lake	38.996937	-106.561975	outside_boundary_exact	Colorado, Gunnison County	Lake Pass, Sawatch Mts.	https://lichenportal.org/portal/collections/individual/index.php?occid=100523
707389	ASU	NA	T.H. Nash III	10452	5.9	165.27	Colorado	Rio Blanco	39.59749	-108.80308	outside_boundary_exact	Colorado, Garfield County	along Colorado Route 13, 8 km N of Rio Blanco, above Douglas Pass	https://lichenportal.org/portal/collections/individual/index.php?occid=707389
90272	ASU	NA	R.S. Egan	E1--677	4.42	143.07	Colorado	Gunnison	38.3833333	-106.2458333	outside_boundary_exact	Colorado, Saguache County	1.6 km S of Marshall Pass, 13 km NW of Bonanza in Gunnison National Forest	https://lichenportal.org/portal/collections/individual/index.php?occid=90272
87416	ASU	NA	J.B. Benedict	NA	3.84	61.76	Colorado	Boulder	40.0019444	-105.0075	outside_boundary_exact	Colorado, Broomfield County	Sawtooth Springs Ranch, Level surface of Pinedale-age out wash terrace, S. St. Vrain Creek	https://lichenportal.org/portal/collections/individual/index.php?occid=87416
87417	ASU	NA	J.B. Benedict	NA	3.84	61.76	Colorado	Boulder	40.0019444	-105.0075	outside_boundary_exact	Colorado, Broomfield County	Sawtooth Springs Ranch, steep SW-facing slope,	https://lichenportal.org/portal/collections/individual/index.php?occid=87417
87418	ASU	NA	J.B. Benedict	NA	3.84	61.76	Colorado	Boulder	40.0019444	-105.0075	outside_boundary_exact	Colorado, Broomfield County	Sawtooth Springs Ranch, level surface of Pinedale-age outwash terrace, S. St. Vrain Creek,	https://lichenportal.org/portal/collections/individual/index.php?occid=87418
87432	ASU	NA	J.B. Benedict	NA	3.84	61.76	Colorado	Boulder	40.0019444	-105.0075	outside_boundary_exact	Colorado, Broomfield County	Sawtooth Springs Ranch, level surface of Pinedale-age outwash terrace, S. St. Vrain Creek	https://lichenportal.org/portal/collections/individual/index.php?occid=87432
104051	ASU	NA	J.B. Benedict	NA	3.84	61.76	Colorado	Boulder	40.0019444	-105.0075	outside_boundary_exact	Colorado, Broomfield County	Sawtooth Springs Ranch, level surface of Pinedale-age outwash terrace, S. St. Vrain Creek,	https://lichenportal.org/portal/collections/individual/index.php?occid=104051
83975	ASU	NA	D.E. Anderegg	2480	2.71	99.87	Colorado	Pueblo	37.8666667	-104.8333333	outside_boundary_exact	Colorado, Huerfano County	48 km S of Pueblo, Sec. 1, T32N, R67E	https://lichenportal.org/portal/collections/individual/index.php?occid=83975
83955	ASU	NA	H.A. Imshaug	10537	1.54	61.38	Colorado	Pitkin	39.0166667	-106.9833333	outside_boundary_exact	Colorado, Gunnison County	summit of Mt. Belleview, Elk Mts., N of Crested Butte	https://lichenportal.org/portal/collections/individual/index.php?occid=83955
2742543	ASU	NA	R.A. Darrow	4185	1.22	100.28	Colorado	Larimer	40.25	-105.6	outside_boundary_exact	Colorado, Boulder County	Long's Peak, Rocky Mountain National Park	https://lichenportal.org/portal/collections/individual/index.php?occid=2742543
2928972	ASU	NA	R.A. Darrow	4184	1.22	100.28	Colorado	Larimer	40.25	-105.6	outside_boundary_exact	Colorado, Boulder County	Long's Peak, Rocky Mountain National Park	https://lichenportal.org/portal/collections/individual/index.php?occid=2928972
74722	ASU	NA	R.A. Darrow	1260	0.97	62.72	Colorado	Ouray	37.8833333	-107.7	outside_boundary_exact	Colorado, San Juan County	Red Mountain Pass	https://lichenportal.org/portal/collections/individual/index.php?occid=74722
43153	ASU	NA	T.H. Nash III	10406	0.94	40.81	Colorado	San Juan	37.9166667	-107.6666667	outside_boundary_exact	Colorado, Ouray County	E of Red Mountain Pass, 3 km S of Red Mountain	https://lichenportal.org/portal/collections/individual/index.php?occid=43153
43154	ASU	NA	T.H. Nash III	10407	0.94	40.81	Colorado	San Juan	37.9166667	-107.6666667	outside_boundary_exact	Colorado, Ouray County	E of Red Mountain Pass, 3 km S of Red Mountain	https://lichenportal.org/portal/collections/individual/index.php?occid=43154
43156	ASU	NA	T.H. Nash III	10408	0.94	40.81	Colorado	San Juan	37.9166667	-107.6666667	outside_boundary_exact	Colorado, Ouray County	E of Red Mountain Pass, 3 km S of Red Mountain	https://lichenportal.org/portal/collections/individual/index.php?occid=43156
43157	ASU	ASUL013721	T.H. Nash III	10409	0.94	40.81	Colorado	San Juan	37.9166667	-107.6666667	outside_boundary_exact	Colorado, Ouray County	E of Red Mountain Pass, 3 km S of Red Mountain	https://lichenportal.org/portal/collections/individual/index.php?occid=43157
43158	ASU	NA	T.H. Nash III	10410	0.94	40.81	Colorado	San Juan	37.9166667	-107.6666667	outside_boundary_exact	Colorado, Ouray County	E of Red Mountain Pass, 3 km S of Red Mountain	https://lichenportal.org/portal/collections/individual/index.php?occid=43158
43159	ASU	ASUL034094	T.H. Nash III	10411	0.94	40.81	Colorado	San Juan	37.9166667	-107.6666667	outside_boundary_exact	Colorado, Ouray County	E of Red Mountain Pass, 3 km S of Red Mountain	https://lichenportal.org/portal/collections/individual/index.php?occid=43159
43160	ASU	NA	T.H. Nash III	10412	0.94	40.81	Colorado	San Juan	37.9166667	-107.6666667	outside_boundary_exact	Colorado, Ouray County	E of Red Mountain Pass, 3 km S of Red Mountain	https://lichenportal.org/portal/collections/individual/index.php?occid=43160
43161	ASU	ASUL019480	T.H. Nash III	10413	0.94	40.81	Colorado	San Juan	37.9166667	-107.6666667	outside_boundary_exact	Colorado, Ouray County	E of Red Mountain Pass, 3 km S of Red Mountain	https://lichenportal.org/portal/collections/individual/index.php?occid=43161
43162	ASU	NA	T.H. Nash III	10414	0.94	40.81	Colorado	San Juan	37.9166667	-107.6666667	outside_boundary_exact	Colorado, Ouray County	E of Red Mountain Pass, 3 km S of Red Mountain	https://lichenportal.org/portal/collections/individual/index.php?occid=43162
43163	ASU	NA	T.H. Nash III	10415	0.94	40.81	Colorado	San Juan	37.9166667	-107.6666667	outside_boundary_exact	Colorado, Ouray County	E of Red Mountain Pass, 3 km S of Red Mountain	https://lichenportal.org/portal/collections/individual/index.php?occid=43163
43164	ASU	NA	T.H. Nash III	10416	0.94	40.81	Colorado	San Juan	37.9166667	-107.6666667	outside_boundary_exact	Colorado, Ouray County	E of Red Mountain Pass, 3 km S of Red Mountain	https://lichenportal.org/portal/collections/individual/index.php?occid=43164
43165	ASU	NA	T.H. Nash III	10417	0.94	40.81	Colorado	San Juan	37.9166667	-107.6666667	outside_boundary_exact	Colorado, Ouray County	E of Red Mountain Pass, 3 km S of Red Mountain	https://lichenportal.org/portal/collections/individual/index.php?occid=43165
43167	ASU	NA	T.H. Nash III	10418	0.94	40.81	Colorado	San Juan	37.9166667	-107.6666667	outside_boundary_exact	Colorado, Ouray County	E of Red Mountain Pass, 3 km S of Red Mountain	https://lichenportal.org/portal/collections/individual/index.php?occid=43167
43168	ASU	ASUL035627	T.H. Nash III	10419	0.94	40.81	Colorado	San Juan	37.9166667	-107.6666667	outside_boundary_exact	Colorado, Ouray County	E of Red Mountain Pass, 3 km S of Red Mountain	https://lichenportal.org/portal/collections/individual/index.php?occid=43168
43169	ASU	NA	T.H. Nash III	10420	0.94	40.81	Colorado	San Juan	37.9166667	-107.6666667	outside_boundary_exact	Colorado, Ouray County	E of Red Mountain Pass, 3 km S of Red Mountain	https://lichenportal.org/portal/collections/individual/index.php?occid=43169
43170	ASU	NA	T.H. Nash III	10421	0.94	40.81	Colorado	San Juan	37.9166667	-107.6666667	outside_boundary_exact	Colorado, Ouray County	E of Red Mountain Pass, 3 km S of Red Mountain	https://lichenportal.org/portal/collections/individual/index.php?occid=43170
43171	ASU	ASUL034536	T.H. Nash III	10422	0.94	40.81	Colorado	San Juan	37.9166667	-107.6666667	outside_boundary_exact	Colorado, Ouray County	E of Red Mountain Pass, 3 km S of Red Mountain	https://lichenportal.org/portal/collections/individual/index.php?occid=43171
43172	ASU	NA	T.H. Nash III	10423	0.94	40.81	Colorado	San Juan	37.9166667	-107.6666667	outside_boundary_exact	Colorado, Ouray County	E of Red Mountain Pass, 3 km S of Red Mountain	https://lichenportal.org/portal/collections/individual/index.php?occid=43172
43173	ASU	ASUL034276	T.H. Nash III	10424	0.94	40.81	Colorado	San Juan	37.9166667	-107.6666667	outside_boundary_exact	Colorado, Ouray County	E of Red Mountain Pass, 3 km S of Red Mountain	https://lichenportal.org/portal/collections/individual/index.php?occid=43173
43174	ASU	NA	T.H. Nash III	10425	0.94	40.81	Colorado	San Juan	37.9166667	-107.6666667	outside_boundary_exact	Colorado, Ouray County	E of Red Mountain Pass, 3 km S of Red Mountain	https://lichenportal.org/portal/collections/individual/index.php?occid=43174
43175	ASU	NA	T.H. Nash III	10426	0.94	40.81	Colorado	San Juan	37.9166667	-107.6666667	outside_boundary_exact	Colorado, Ouray County	E of Red Mountain Pass, 3 km S of Red Mountain	https://lichenportal.org/portal/collections/individual/index.php?occid=43175
43176	ASU	ASUL013726	T.H. Nash III	10427	0.94	40.81	Colorado	San Juan	37.9166667	-107.6666667	outside_boundary_exact	Colorado, Ouray County	E of Red Mountain Pass, 3 km S of Red Mountain	https://lichenportal.org/portal/collections/individual/index.php?occid=43176
43178	ASU	NA	T.H. Nash III	10428	0.94	40.81	Colorado	San Juan	37.9166667	-107.6666667	outside_boundary_exact	Colorado, Ouray County	E of Red Mountain Pass, 3 km S of Red Mountain	https://lichenportal.org/portal/collections/individual/index.php?occid=43178
43179	ASU	NA	T.H. Nash III	10429	0.94	40.81	Colorado	San Juan	37.9166667	-107.6666667	outside_boundary_exact	Colorado, Ouray County	E of Red Mountain Pass, 3 km S of Red Mountain	https://lichenportal.org/portal/collections/individual/index.php?occid=43179
43180	ASU	NA	T.H. Nash III	10430	0.94	40.81	Colorado	San Juan	37.9166667	-107.6666667	outside_boundary_exact	Colorado, Ouray County	E of Red Mountain Pass, 3 km S of Red Mountain	https://lichenportal.org/portal/collections/individual/index.php?occid=43180
43181	ASU	NA	T.H. Nash III	10431	0.94	40.81	Colorado	San Juan	37.9166667	-107.6666667	outside_boundary_exact	Colorado, Ouray County	E of Red Mountain Pass, 3 km S of Red Mountain	https://lichenportal.org/portal/collections/individual/index.php?occid=43181
43182	ASU	NA	T.H. Nash III	10432	0.94	40.81	Colorado	San Juan	37.9166667	-107.6666667	outside_boundary_exact	Colorado, Ouray County	E of Red Mountain Pass, 3 km S of Red Mountain	https://lichenportal.org/portal/collections/individual/index.php?occid=43182
43183	ASU	NA	T.H. Nash III	10433	0.94	40.81	Colorado	San Juan	37.9166667	-107.6666667	outside_boundary_exact	Colorado, Ouray County	E of Red Mountain Pass, 3 km S of Red Mountain	https://lichenportal.org/portal/collections/individual/index.php?occid=43183
43184	ASU	NA	T.H. Nash III	10434	0.94	40.81	Colorado	San Juan	37.9166667	-107.6666667	outside_boundary_exact	Colorado, Ouray County	E of Red Mountain Pass, 3 km S of Red Mountain	https://lichenportal.org/portal/collections/individual/index.php?occid=43184
43185	ASU	NA	T.H. Nash III	10435	0.94	40.81	Colorado	San Juan	37.9166667	-107.6666667	outside_boundary_exact	Colorado, Ouray County	E of Red Mountain Pass, 3 km S of Red Mountain	https://lichenportal.org/portal/collections/individual/index.php?occid=43185
63825	ASU	NA	W.A. Weber	S-18991	0.72	50.43	Colorado	Boulder	39.90723	-105.283481	outside_boundary_exact	Colorado, Jefferson County	Bull Gulch, foothills of Front Range between Plainview and Eldorado Springs	https://lichenportal.org/portal/collections/individual/index.php?occid=63825
59738	ASU	NA	S. Shushan	Sl--1572	0.34	58.45	Colorado	Summit	39.65	-105.85	outside_boundary_exact	Colorado, Clear Creek County	NE of Loveland Pass; 32.2 km SW of Idaho Springs	https://lichenportal.org/portal/collections/individual/index.php?occid=59738
59739	ASU	NA	S. Shushan	Sl--1569	0.34	58.45	Colorado	Summit	39.65	-105.85	outside_boundary_exact	Colorado, Clear Creek County	NE of Loveland Pass; 32.2 km SW of Idaho Springs	https://lichenportal.org/portal/collections/individual/index.php?occid=59739
707281	ASU	NA	S. Shushan	sl 1578	0.34	58.45	Colorado	Summit	39.65	-105.85	outside_boundary_exact	Colorado, Clear Creek County	-Clear Creek Co. Northeast of Loveland Pass; 32 km WSW of Idaho Springs	https://lichenportal.org/portal/collections/individual/index.php?occid=707281
2748191	ASU	NA	S. Shushan	2083	0.32	84.14	Colorado	Park	38.95761	-105.3261	outside_boundary_exact	Colorado, Teller County	3 miles west of Florissant, just over Teller-Park county line	https://lichenportal.org/portal/collections/individual/index.php?occid=2748191
76780	ASU	ASUL034281	S. Shushan	sl--96	0.24	86.71	Colorado	Larimer	41	-105.3666667	outside_boundary_exact	Wyoming, Albany County	0.8 km S of Wyoming State Line, just N of Virginia Dale	https://lichenportal.org/portal/collections/individual/index.php?occid=76780
82606	ASU	NA	S. Shushan	sl--61	0.24	86.71	Colorado	Larimer	41	-105.3666667	outside_boundary_exact	Wyoming, Albany County	0.8 km S of Wyoming State Line, just N of Virginia Dale	https://lichenportal.org/portal/collections/individual/index.php?occid=82606
82643	ASU	NA	S. Shushan	sl--67	0.24	86.71	Colorado	Larimer	41	-105.3666667	outside_boundary_exact	Wyoming, Albany County	0.8 km south of Wyoming State line just north of Virginia Dale	https://lichenportal.org/portal/collections/individual/index.php?occid=82643
707262	ASU	ASUL002686	S. Shushan	sl 81	0.24	86.71	Colorado	Larimer	41	-105.36666666667	outside_boundary_exact	Wyoming, Albany County	ca. 0.8 km south of the Wyoming State line (just north of Virginia Dale)	https://lichenportal.org/portal/collections/individual/index.php?occid=707262
707280	ASU	NA	S. Shushan	sl 87	0.24	86.71	Colorado	Larimer	41	-105.36666666667	outside_boundary_exact	Wyoming, Albany County	ca. 0.8 km south of the Wyoming State line (just north of Virginia Dale)	https://lichenportal.org/portal/collections/individual/index.php?occid=707280
707283	ASU	NA	S. Shushan	sl 66 B	0.24	86.71	Colorado	Larimer	41	-105.36666666667	outside_boundary_exact	Wyoming, Albany County	ca. 0.8 km south of the Wyoming State line (just north of Virginia Dale)	https://lichenportal.org/portal/collections/individual/index.php?occid=707283
707301	ASU	NA	S. Shushan	sl 60	0.24	86.71	Colorado	Larimer	41	-105.36666666667	outside_boundary_exact	Wyoming, Albany County	ca. 0.8 km south of the Wyoming State line (just north of Virginia Dale)	https://lichenportal.org/portal/collections/individual/index.php?occid=707301
940859	ASU	NA	S. Shushan	sl-69	0.24	86.71	Colorado	Larimer	41	-105.3666667	outside_boundary_exact	Wyoming, Albany County	0.8 km S of Wyoming State Line, just N of Virginia Dale	https://lichenportal.org/portal/collections/individual/index.php?occid=940859
81930	ASU	NA	T.H. Nash III	22254	0.23	54.98	Colorado	Chaffee	38.825	-106.3916667	outside_boundary_exact	Colorado, Gunnison County	San Isabel National Forest; Cottonwood Pass	https://lichenportal.org/portal/collections/individual/index.php?occid=81930
124053	ASU	NA	T.H. Nash III	22221	0.23	54.98	Colorado	Chaffee	38.825	-106.3916667	outside_boundary_exact	Colorado, Gunnison County	San Isabel National Forest; Cottonwood Pass	https://lichenportal.org/portal/collections/individual/index.php?occid=124053
124064	ASU	NA	T.H. Nash III	22222	0.23	54.98	Colorado	Chaffee	38.825	-106.3916667	outside_boundary_exact	Colorado, Gunnison County	San Isabel National Forest; Cottonwood Pass	https://lichenportal.org/portal/collections/individual/index.php?occid=124064
124074	ASU	NA	T.H. Nash III	22223	0.23	54.98	Colorado	Chaffee	38.825	-106.3916667	outside_boundary_exact	Colorado, Gunnison County	San Isabel National Forest; Cottonwood Pass	https://lichenportal.org/portal/collections/individual/index.php?occid=124074
124085	ASU	NA	T.H. Nash III	22224	0.23	54.98	Colorado	Chaffee	38.825	-106.3916667	outside_boundary_exact	Colorado, Gunnison County	San Isabel National Forest; Cottonwood Pass	https://lichenportal.org/portal/collections/individual/index.php?occid=124085
124096	ASU	NA	T.H. Nash III	22225	0.23	54.98	Colorado	Chaffee	38.825	-106.3916667	outside_boundary_exact	Colorado, Gunnison County	San Isabel National Forest; Cottonwood Pass	https://lichenportal.org/portal/collections/individual/index.php?occid=124096
124107	ASU	ASUL030496	T.H. Nash III	22226	0.23	54.98	Colorado	Chaffee	38.825	-106.3916667	outside_boundary_exact	Colorado, Gunnison County	San Isabel National Forest; Cottonwood Pass	https://lichenportal.org/portal/collections/individual/index.php?occid=124107
124118	ASU	NA	T.H. Nash III	22227	0.23	54.98	Colorado	Chaffee	38.825	-106.3916667	outside_boundary_exact	Colorado, Gunnison County	San Isabel National Forest; Cottonwood Pass	https://lichenportal.org/portal/collections/individual/index.php?occid=124118
124130	ASU	NA	T.H. Nash III	22228	0.23	54.98	Colorado	Chaffee	38.825	-106.3916667	outside_boundary_exact	Colorado, Gunnison County	San Isabel National Forest; Cottonwood Pass	https://lichenportal.org/portal/collections/individual/index.php?occid=124130
124141	ASU	NA	T.H. Nash III	22229	0.23	54.98	Colorado	Chaffee	38.825	-106.3916667	outside_boundary_exact	Colorado, Gunnison County	San Isabel National Forest; Cottonwood Pass	https://lichenportal.org/portal/collections/individual/index.php?occid=124141
124152	ASU	NA	T.H. Nash III	22230	0.23	54.98	Colorado	Chaffee	38.825	-106.3916667	outside_boundary_exact	Colorado, Gunnison County	San Isabel National Forest; Cottonwood Pass	https://lichenportal.org/portal/collections/individual/index.php?occid=124152
124163	ASU	ASUL013395	T.H. Nash III	22231	0.23	54.98	Colorado	Chaffee	38.825	-106.3916667	outside_boundary_exact	Colorado, Gunnison County	San Isabel National Forest; Cottonwood Pass	https://lichenportal.org/portal/collections/individual/index.php?occid=124163
124174	ASU	NA	T.H. Nash III	22232	0.23	54.98	Colorado	Chaffee	38.825	-106.3916667	outside_boundary_exact	Colorado, Gunnison County	San Isabel National Forest; Cottonwood Pass	https://lichenportal.org/portal/collections/individual/index.php?occid=124174
124185	ASU	NA	T.H. Nash III	22233	0.23	54.98	Colorado	Chaffee	38.825	-106.3916667	outside_boundary_exact	Colorado, Gunnison County	San Isabel National Forest; Cottonwood Pass	https://lichenportal.org/portal/collections/individual/index.php?occid=124185
124196	ASU	ASUL020188	T.H. Nash III	22234	0.23	54.98	Colorado	Chaffee	38.825	-106.3916667	outside_boundary_exact	Colorado, Gunnison County	San Isabel National Forest; Cottonwood Pass	https://lichenportal.org/portal/collections/individual/index.php?occid=124196
124207	ASU	NA	T.H. Nash III	22235	0.23	54.98	Colorado	Chaffee	38.825	-106.3916667	outside_boundary_exact	Colorado, Gunnison County	San Isabel National Forest; Cottonwood Pass	https://lichenportal.org/portal/collections/individual/index.php?occid=124207
124218	ASU	NA	T.H. Nash III	22236	0.23	54.98	Colorado	Chaffee	38.825	-106.3916667	outside_boundary_exact	Colorado, Gunnison County	San Isabel National Forest; Cottonwood Pass	https://lichenportal.org/portal/collections/individual/index.php?occid=124218
124229	ASU	ASUL030494	T.H. Nash III	22237	0.23	54.98	Colorado	Chaffee	38.825	-106.3916667	outside_boundary_exact	Colorado, Gunnison County	San Isabel National Forest; Cottonwood Pass	https://lichenportal.org/portal/collections/individual/index.php?occid=124229
124242	ASU	ASUL001495	T.H. Nash III	22238	0.23	54.98	Colorado	Chaffee	38.825	-106.3916667	outside_boundary_exact	Colorado, Gunnison County	San Isabel National Forest; Cottonwood Pass	https://lichenportal.org/portal/collections/individual/index.php?occid=124242
124253	ASU	NA	T.H. Nash III	22239	0.23	54.98	Colorado	Chaffee	38.825	-106.3916667	outside_boundary_exact	Colorado, Gunnison County	San Isabel National Forest; Cottonwood Pass	https://lichenportal.org/portal/collections/individual/index.php?occid=124253
124264	ASU	NA	T.H. Nash III	22240	0.23	54.98	Colorado	Chaffee	38.825	-106.3916667	outside_boundary_exact	Colorado, Gunnison County	San Isabel National Forest; Cottonwood Pass	https://lichenportal.org/portal/collections/individual/index.php?occid=124264
124275	ASU	NA	T.H. Nash III	22241	0.23	54.98	Colorado	Chaffee	38.825	-106.3916667	outside_boundary_exact	Colorado, Gunnison County	San Isabel National Forest; Cottonwood Pass	https://lichenportal.org/portal/collections/individual/index.php?occid=124275
124286	ASU	NA	T.H. Nash III	22242	0.23	54.98	Colorado	Chaffee	38.825	-106.3916667	outside_boundary_exact	Colorado, Gunnison County	San Isabel National Forest; Cottonwood Pass	https://lichenportal.org/portal/collections/individual/index.php?occid=124286
124297	ASU	NA	T.H. Nash III	22243	0.23	54.98	Colorado	Chaffee	38.825	-106.3916667	outside_boundary_exact	Colorado, Gunnison County	San Isabel National Forest; Cottonwood Pass	https://lichenportal.org/portal/collections/individual/index.php?occid=124297
124308	ASU	NA	T.H. Nash III	22244	0.23	54.98	Colorado	Chaffee	38.825	-106.3916667	outside_boundary_exact	Colorado, Gunnison County	San Isabel National Forest; Cottonwood Pass	https://lichenportal.org/portal/collections/individual/index.php?occid=124308
124319	ASU	NA	T.H. Nash III	22245	0.23	54.98	Colorado	Chaffee	38.825	-106.3916667	outside_boundary_exact	Colorado, Gunnison County	San Isabel National Forest; Cottonwood Pass	https://lichenportal.org/portal/collections/individual/index.php?occid=124319
124330	ASU	NA	T.H. Nash III	22246	0.23	54.98	Colorado	Chaffee	38.825	-106.3916667	outside_boundary_exact	Colorado, Gunnison County	San Isabel National Forest; Cottonwood Pass	https://lichenportal.org/portal/collections/individual/index.php?occid=124330
124341	ASU	ASUL035632	T.H. Nash III	22247	0.23	54.98	Colorado	Chaffee	38.825	-106.3916667	outside_boundary_exact	Colorado, Gunnison County	San Isabel National Forest; Cottonwood Pass	https://lichenportal.org/portal/collections/individual/index.php?occid=124341
124352	ASU	ASUL032979	T.H. Nash III	22248	0.23	54.98	Colorado	Chaffee	38.825	-106.3916667	outside_boundary_exact	Colorado, Gunnison County	San Isabel National Forest; Cottonwood Pass	https://lichenportal.org/portal/collections/individual/index.php?occid=124352
124363	ASU	ASUL012020	T.H. Nash III	22249	0.23	54.98	Colorado	Chaffee	38.825	-106.3916667	outside_boundary_exact	Colorado, Gunnison County	San Isabel National Forest; Cottonwood Pass	https://lichenportal.org/portal/collections/individual/index.php?occid=124363
124374	ASU	ASUL029076	T.H. Nash III	22250	0.23	54.98	Colorado	Chaffee	38.825	-106.3916667	outside_boundary_exact	Colorado, Gunnison County	San Isabel National Forest; Cottonwood Pass	https://lichenportal.org/portal/collections/individual/index.php?occid=124374
124385	ASU	NA	T.H. Nash III	22251	0.23	54.98	Colorado	Chaffee	38.825	-106.3916667	outside_boundary_exact	Colorado, Gunnison County	San Isabel National Forest; Cottonwood Pass	https://lichenportal.org/portal/collections/individual/index.php?occid=124385
124396	ASU	ASUL035562	T.H. Nash III	22252	0.23	54.98	Colorado	Chaffee	38.825	-106.3916667	outside_boundary_exact	Colorado, Gunnison County	San Isabel National Forest; Cottonwood Pass	https://lichenportal.org/portal/collections/individual/index.php?occid=124396
124405	ASU	NA	T.H. Nash III	22253	0.23	54.98	Colorado	Chaffee	38.825	-106.3916667	outside_boundary_exact	Colorado, Gunnison County	San Isabel National Forest; Cottonwood Pass	https://lichenportal.org/portal/collections/individual/index.php?occid=124405
124415	ASU	NA	T.H. Nash III	22254	0.23	54.98	Colorado	Chaffee	38.825	-106.3916667	outside_boundary_exact	Colorado, Gunnison County	San Isabel National Forest; Cottonwood Pass	https://lichenportal.org/portal/collections/individual/index.php?occid=124415
124425	ASU	ASUL030498	T.H. Nash III	22255	0.23	54.98	Colorado	Chaffee	38.825	-106.3916667	outside_boundary_exact	Colorado, Gunnison County	San Isabel National Forest; Cottonwood Pass	https://lichenportal.org/portal/collections/individual/index.php?occid=124425
124434	ASU	ASUL030493	T.H. Nash III	22256	0.23	54.98	Colorado	Chaffee	38.825	-106.3916667	outside_boundary_exact	Colorado, Gunnison County	San Isabel National Forest; Cottonwood Pass	https://lichenportal.org/portal/collections/individual/index.php?occid=124434
124443	ASU	ASUL019476	T.H. Nash III	22257	0.23	54.98	Colorado	Chaffee	38.825	-106.3916667	outside_boundary_exact	Colorado, Gunnison County	San Isabel National Forest; Cottonwood Pass	https://lichenportal.org/portal/collections/individual/index.php?occid=124443
124455	ASU	NA	T.H. Nash III	22258	0.23	54.98	Colorado	Chaffee	38.825	-106.3916667	outside_boundary_exact	Colorado, Gunnison County	San Isabel National Forest; Cottonwood Pass	https://lichenportal.org/portal/collections/individual/index.php?occid=124455
124466	ASU	ASUL013022	T.H. Nash III	22259	0.23	54.98	Colorado	Chaffee	38.825	-106.3916667	outside_boundary_exact	Colorado, Gunnison County	San Isabel National Forest; Cottonwood Pass	https://lichenportal.org/portal/collections/individual/index.php?occid=124466
124476	ASU	NA	T.H. Nash III	22260	0.23	54.98	Colorado	Chaffee	38.825	-106.3916667	outside_boundary_exact	Colorado, Gunnison County	San Isabel National Forest; Cottonwood Pass	https://lichenportal.org/portal/collections/individual/index.php?occid=124476
124487	ASU	NA	T.H. Nash III	22261	0.23	54.98	Colorado	Chaffee	38.825	-106.3916667	outside_boundary_exact	Colorado, Gunnison County	San Isabel National Forest; Cottonwood Pass	https://lichenportal.org/portal/collections/individual/index.php?occid=124487
124498	ASU	NA	T.H. Nash III	22262	0.23	54.98	Colorado	Chaffee	38.825	-106.3916667	outside_boundary_exact	Colorado, Gunnison County	San Isabel National Forest; Cottonwood Pass	https://lichenportal.org/portal/collections/individual/index.php?occid=124498
124509	ASU	NA	T.H. Nash III	22263	0.23	54.98	Colorado	Chaffee	38.825	-106.3916667	outside_boundary_exact	Colorado, Gunnison County	San Isabel National Forest; Cottonwood Pass	https://lichenportal.org/portal/collections/individual/index.php?occid=124509
124520	ASU	NA	T.H. Nash III	22264	0.23	54.98	Colorado	Chaffee	38.825	-106.3916667	outside_boundary_exact	Colorado, Gunnison County	San Isabel National Forest; Cottonwood Pass	https://lichenportal.org/portal/collections/individual/index.php?occid=124520
124531	ASU	NA	T.H. Nash III	22265	0.23	54.98	Colorado	Chaffee	38.825	-106.3916667	outside_boundary_exact	Colorado, Gunnison County	San Isabel National Forest; Cottonwood Pass	https://lichenportal.org/portal/collections/individual/index.php?occid=124531
124542	ASU	ASUL021724	T.H. Nash III	22266	0.23	54.98	Colorado	Chaffee	38.825	-106.3916667	outside_boundary_exact	Colorado, Gunnison County	San Isabel National Forest; Cottonwood Pass	https://lichenportal.org/portal/collections/individual/index.php?occid=124542
124553	ASU	ASUL035190	T.H. Nash III	22282	0.23	54.98	Colorado	Chaffee	38.825	-106.3916667	outside_boundary_exact	Colorado, Gunnison County	San Isabel National Forest; Cottonwood Pass	https://lichenportal.org/portal/collections/individual/index.php?occid=124553
124565	ASU	NA	T.H. Nash III	22283	0.23	54.98	Colorado	Chaffee	38.825	-106.3916667	outside_boundary_exact	Colorado, Gunnison County	San Isabel National Forest; Cottonwood Pass	https://lichenportal.org/portal/collections/individual/index.php?occid=124565
124575	ASU	NA	T.H. Nash III	22284	0.23	54.98	Colorado	Chaffee	38.825	-106.3916667	outside_boundary_exact	Colorado, Gunnison County	San Isabel National Forest; Cottonwood Pass	https://lichenportal.org/portal/collections/individual/index.php?occid=124575
124586	ASU	NA	T.H. Nash III	22285	0.23	54.98	Colorado	Chaffee	38.825	-106.3916667	outside_boundary_exact	Colorado, Gunnison County	San Isabel National Forest; Cottonwood Pass	https://lichenportal.org/portal/collections/individual/index.php?occid=124586
2682160	ASU	NA	T.H. Nash III	22265-b	0.23	54.98	Colorado	Chaffee	38.825	-106.3916667	outside_boundary_exact	Colorado, Gunnison County	San Isabel National Forest; Cottonwood Pass	https://lichenportal.org/portal/collections/individual/index.php?occid=2682160
121793	ASU	NA	R.A. Darrow	4172	0.21	74.99	Colorado	Grand	40.35	-106.0833333	outside_boundary_exact	Colorado, Jackson County	Willow Creek Pass, N of Granby	https://lichenportal.org/portal/collections/individual/index.php?occid=121793
2738903	ASU	NA	Henry A. Imshaug	12030	0.04	74.9	Colorado	Huerfano	37.37557	-104.99361	outside_boundary_exact	Colorado, Las Animas County	Summit of West Spanish Peak, Sangre de Cristo Range.	https://lichenportal.org/portal/collections/individual/index.php?occid=2738903
83939	ASU	NA	H.A. Imshaug	12161	0.03	92.6	Colorado	Huerfano	37.289458	-105.165009	outside_boundary_exact	Colorado, Costilla County	summit of Trinchera Peak, Sangre de Cristo Range	https://lichenportal.org/portal/collections/individual/index.php?occid=83939
97029	ASU	NA	T.H. Nash III	3369	0.02	42.29	Colorado	Clear Creek	39.663598	-105.879178	outside_boundary_exact	Colorado, Summit County	Loveland Pass	https://lichenportal.org/portal/collections/individual/index.php?occid=97029
102582	ASU	NA	T.H. Nash III	3385	0.02	42.29	Colorado	Clear Creek	39.663598	-105.879178	outside_boundary_exact	Colorado, Summit County	Loveland Pass	https://lichenportal.org/portal/collections/individual/index.php?occid=102582
2745475	ASU	ASUL024069	R.A. Darrow	4165	0.02	75.17	Colorado	Grand	40.350539	-106.092244	outside_boundary_exact	Colorado, Jackson County	Willow Creek Pass, N of Granby	https://lichenportal.org/portal/collections/individual/index.php?occid=2745475
2880514	ASU	ASUL011239	R.A. Darrow	4167	0.02	75.17	Colorado	Grand	40.350539	-106.092244	outside_boundary_exact	Colorado, Jackson County	Willow Creek Pass, N of Granby	https://lichenportal.org/portal/collections/individual/index.php?occid=2880514
2928838	ASU	NA	W.A. Weber	2700	0.02	42.29	Colorado	Clear Creek	39.663598	-105.879178	outside_boundary_exact	Colorado, Summit County	Just north of summit of Loveland Pass	https://lichenportal.org/portal/collections/individual/index.php?occid=2928838
43142	ASU	ASUL001332	T.H. Nash III	10395	0.01	36.8	Colorado	San Juan	37.8988889	-107.7113889	outside_boundary_exact	Colorado, San Juan County	Red Mountain Pass along US 550	https://lichenportal.org/portal/collections/individual/index.php?occid=43142
43143	ASU	NA	T.H. Nash III	10396	0.01	36.8	Colorado	San Juan	37.8988889	-107.7113889	outside_boundary_exact	Colorado, San Juan County	Red Mountain Pass along US 550	https://lichenportal.org/portal/collections/individual/index.php?occid=43143
43144	ASU	NA	T.H. Nash III	10397	0.01	36.8	Colorado	San Juan	37.8988889	-107.7113889	outside_boundary_exact	Colorado, San Juan County	Red Mountain Pass along US 550	https://lichenportal.org/portal/collections/individual/index.php?occid=43144
43146	ASU	NA	T.H. Nash III	10398	0.01	36.8	Colorado	San Juan	37.8988889	-107.7113889	outside_boundary_exact	Colorado, San Juan County	Red Mountain Pass along US 550	https://lichenportal.org/portal/collections/individual/index.php?occid=43146
43147	ASU	NA	T.H. Nash III	10399	0.01	36.8	Colorado	San Juan	37.8988889	-107.7113889	outside_boundary_exact	Colorado, San Juan County	Red Mountain Pass along US 550	https://lichenportal.org/portal/collections/individual/index.php?occid=43147
43148	ASU	NA	T.H. Nash III	10400	0.01	36.8	Colorado	San Juan	37.8988889	-107.7113889	outside_boundary_exact	Colorado, San Juan County	Red Mountain Pass along US 550	https://lichenportal.org/portal/collections/individual/index.php?occid=43148
43149	ASU	NA	T.H. Nash III	10401	0.01	36.8	Colorado	San Juan	37.8988889	-107.7113889	outside_boundary_exact	Colorado, San Juan County	Red Mountain Pass along US 550	https://lichenportal.org/portal/collections/individual/index.php?occid=43149
43150	ASU	NA	T.H. Nash III	10402	0.01	36.8	Colorado	San Juan	37.8988889	-107.7113889	outside_boundary_exact	Colorado, San Juan County	Red Mountain Pass along US 550	https://lichenportal.org/portal/collections/individual/index.php?occid=43150
43151	ASU	NA	T.H. Nash III	10404	0.01	36.8	Colorado	San Juan	37.8988889	-107.7113889	outside_boundary_exact	Colorado, San Juan County	Red Mountain Pass along US 550	https://lichenportal.org/portal/collections/individual/index.php?occid=43151
43152	ASU	ASUL020175	T.H. Nash III	10405	0.01	36.8	Colorado	San Juan	37.8988889	-107.7113889	outside_boundary_exact	Colorado, San Juan County	Red Mountain Pass along US 550	https://lichenportal.org/portal/collections/individual/index.php?occid=43152
702807	ASU	NA	T.H. Nash III	10403	0.01	36.8	Colorado	San Juan	37.898888888889	-107.71138888889	outside_boundary_exact	Colorado, San Juan County	Red Mountain Pass along US 550	https://lichenportal.org/portal/collections/individual/index.php?occid=702807
2928971	ASU	NA	R. A. Darrow	4163	0.01	95.38	Colorado	Larimer	40.444706	-105.808621	outside_boundary_exact	Colorado, Grand County	Rocky Mountain National Park; Specimen Mountain	https://lichenportal.org/portal/collections/individual/index.php?occid=2928971
