id	institutionCode	catalogNumber	recordedBy	recordNumber	distance_km	distance_max_km	state	county	decimalLatitude	decimalLongitude	status	implied_location	locality	record_link
4997609	ASU	ASUL011087	I.M. Brodo	15236	8071.11	8202.42	Washington	Skagit	48.25	122.4	outside_boundary_exact	not_found_in_US	Mt. Erie, 8 miles south of Anacortes on Fildago Island	https://lichenportal.org/portal/collections/individual/index.php?occid=4997609
5854821	ASU	ASUL016594	Garry Neil	NA	3995.7	4111.89	Washington	Grays Harber	47.4779	-177.829453	outside_boundary_similarity_0.692	not_found_in_US	Near shore line of Quinault Lake, Olympic National Forest,	https://lichenportal.org/portal/collections/individual/index.php?occid=5854821
68871	ASU	ASUL025049	T.L. Esslinger	5336	398.56	449.66	Washington	Pend Oreille	47.931312	-122.843138	outside_boundary_exact	Washington, Jefferson County	vicinity of Brown's Lake, at the campground	https://lichenportal.org/portal/collections/individual/index.php?occid=68871
90091	ASU	NA	T.L. Esslinger	5329	398.56	449.66	Washington	Pend Oreille	47.931312	-122.843138	outside_boundary_exact	Washington, Jefferson County	vicinity of Brown's Lake, at the campground	https://lichenportal.org/portal/collections/individual/index.php?occid=90091
102035	ASU	NA	B.D. Ryan	16925	385.51	443.66	Washington	Asotin	43.3833333	-113.7166667	outside_boundary_exact	Idaho, Blaine County	along Hwy 12, 17.7 km W of Clarkston, E of Alpowa Summit	https://lichenportal.org/portal/collections/individual/index.php?occid=102035
5846291	ASU	ASUL016577	Garry Neil	NA	345.14	500.05	Washington	Lewis	46.44203	-127.84537	outside_boundary_exact	not_found_in_US	on the north side of the Cispus River; Gifford Pinchot National Forest	https://lichenportal.org/portal/collections/individual/index.php?occid=5846291
49992	ASU	ASUL035074	T.H. Nash III	2304	210.22	356.73	Washington	Clallam	48.0833333	-120.1	outside_boundary_exact	Washington, Okanogan County	2.5 km N of Sequin	https://lichenportal.org/portal/collections/individual/index.php?occid=49992
49994	ASU	NA	T.H. Nash III	2306	210.22	356.73	Washington	Clallam	48.0833333	-120.1	outside_boundary_exact	Washington, Okanogan County	2.5 km N of Sequin	https://lichenportal.org/portal/collections/individual/index.php?occid=49994
49995	ASU	NA	T.H. Nash III	2307	210.22	356.73	Washington	Clallam	48.0833333	-120.1	outside_boundary_exact	Washington, Okanogan County	2.5 km N of Sequin	https://lichenportal.org/portal/collections/individual/index.php?occid=49995
49996	ASU	NA	T.H. Nash III	2308	210.22	356.73	Washington	Clallam	48.0833333	-120.1	outside_boundary_exact	Washington, Okanogan County	2.5 km N of Sequin	https://lichenportal.org/portal/collections/individual/index.php?occid=49996
49997	ASU	ASUL032114	T.H. Nash III	2309-a	210.22	356.73	Washington	Clallam	48.0833333	-120.1	outside_boundary_exact	Washington, Okanogan County	2.5 km N of Sequin	https://lichenportal.org/portal/collections/individual/index.php?occid=49997
49998	ASU	ASUL035299	T.H. Nash III	2310	210.22	356.73	Washington	Clallam	48.0833333	-120.1	outside_boundary_exact	Washington, Okanogan County	2.5 km N of Sequin	https://lichenportal.org/portal/collections/individual/index.php?occid=49998
49999	ASU	ASUL005528	T.H. Nash III	2311	210.22	356.73	Washington	Clallam	48.0833333	-120.1	outside_boundary_exact	Washington, Okanogan County	2.5 km N of Sequin	https://lichenportal.org/portal/collections/individual/index.php?occid=49999
50000	ASU	ASUL003901	T.H. Nash III	2312	210.22	356.73	Washington	Clallam	48.0833333	-120.1	outside_boundary_exact	Washington, Okanogan County	2.5 km N of Sequin	https://lichenportal.org/portal/collections/individual/index.php?occid=50000
50001	ASU	NA	T.H. Nash III	2313	210.22	356.73	Washington	Clallam	48.0833333	-120.1	outside_boundary_exact	Washington, Okanogan County	2.5 km N of Sequin	https://lichenportal.org/portal/collections/individual/index.php?occid=50001
50002	ASU	NA	T.H. Nash III	2314	210.22	356.73	Washington	Clallam	48.0833333	-120.1	outside_boundary_exact	Washington, Okanogan County	2.5 km N of Sequin	https://lichenportal.org/portal/collections/individual/index.php?occid=50002
50003	ASU	NA	T.H. Nash III	2315	210.22	356.73	Washington	Clallam	48.0833333	-120.1	outside_boundary_exact	Washington, Okanogan County	2.5 km N of Sequin	https://lichenportal.org/portal/collections/individual/index.php?occid=50003
50005	ASU	NA	T.H. Nash III	2316	210.22	356.73	Washington	Clallam	48.0833333	-120.1	outside_boundary_exact	Washington, Okanogan County	2.5 km N of Sequin	https://lichenportal.org/portal/collections/individual/index.php?occid=50005
50006	ASU	NA	T.H. Nash III	2317	210.22	356.73	Washington	Clallam	48.0833333	-120.1	outside_boundary_exact	Washington, Okanogan County	2.5 km N of Sequin	https://lichenportal.org/portal/collections/individual/index.php?occid=50006
50007	ASU	NA	T.H. Nash III	2318	210.22	356.73	Washington	Clallam	48.0833333	-120.1	outside_boundary_exact	Washington, Okanogan County	2.5 km N of Sequin	https://lichenportal.org/portal/collections/individual/index.php?occid=50007
50008	ASU	ASUL046551	T.H. Nash III	2319	210.22	356.73	Washington	Clallam	48.0833333	-120.1	outside_boundary_exact	Washington, Okanogan County	2.5 km N of Sequin	https://lichenportal.org/portal/collections/individual/index.php?occid=50008
50009	ASU	NA	T.H. Nash III	2320	210.22	356.73	Washington	Clallam	48.0833333	-120.1	outside_boundary_exact	Washington, Okanogan County	2.5 km N of Sequin	https://lichenportal.org/portal/collections/individual/index.php?occid=50009
50010	ASU	NA	T.H. Nash III	2321	210.22	356.73	Washington	Clallam	48.0833333	-120.1	outside_boundary_exact	Washington, Okanogan County	2.5 km N of Sequin	https://lichenportal.org/portal/collections/individual/index.php?occid=50010
50011	ASU	NA	T.H. Nash III	2322	210.22	356.73	Washington	Clallam	48.0833333	-120.1	outside_boundary_exact	Washington, Okanogan County	2.5 km N of Sequin	https://lichenportal.org/portal/collections/individual/index.php?occid=50011
50012	ASU	NA	T.H. Nash III	2323	210.22	356.73	Washington	Clallam	48.0833333	-120.1	outside_boundary_exact	Washington, Okanogan County	2.5 km N of Sequin	https://lichenportal.org/portal/collections/individual/index.php?occid=50012
50804	ASU	ASUL032109	T.H. Nash III	2309-b	210.22	356.73	Washington	Clallam	48.0833333	-120.1	outside_boundary_exact	Washington, Okanogan County	2.5 km N of Sequin	https://lichenportal.org/portal/collections/individual/index.php?occid=50804
50805	ASU	NA	T.H. Nash III	2309-c	210.22	356.73	Washington	Clallam	48.0833333	-120.1	outside_boundary_exact	Washington, Okanogan County	2.5 km N of Sequin	https://lichenportal.org/portal/collections/individual/index.php?occid=50805
76438	ASU	ASUL033989	T.H. Nash III	3069	210.22	356.73	Washington	Clallam	48.0833333	-120.1	outside_boundary_exact	Washington, Okanogan County	2.5 km N of Sequin	https://lichenportal.org/portal/collections/individual/index.php?occid=76438
76535	ASU	NA	T.H. Nash III	3070	210.22	356.73	Washington	Clallam	48.0833333	-120.1	outside_boundary_exact	Washington, Okanogan County	2.5 km N of Sequin	https://lichenportal.org/portal/collections/individual/index.php?occid=76535
76631	ASU	ASUL035454	T.H. Nash III	3071	210.22	356.73	Washington	Clallam	48.0833333	-120.1	outside_boundary_exact	Washington, Okanogan County	2.5 km N of Sequin	https://lichenportal.org/portal/collections/individual/index.php?occid=76631
76732	ASU	NA	T.H. Nash III	3072	210.22	356.73	Washington	Clallam	48.0833333	-120.1	outside_boundary_exact	Washington, Okanogan County	2.5 km N of Sequin	https://lichenportal.org/portal/collections/individual/index.php?occid=76732
76833	ASU	NA	T.H. Nash III	3073	210.22	356.73	Washington	Clallam	48.0833333	-120.1	outside_boundary_exact	Washington, Okanogan County	2.5 km N of Sequin	https://lichenportal.org/portal/collections/individual/index.php?occid=76833
76934	ASU	ASUL011372	T.H. Nash III	3074	210.22	356.73	Washington	Clallam	48.0833333	-120.1	outside_boundary_exact	Washington, Okanogan County	2.5 km N of Sequin	https://lichenportal.org/portal/collections/individual/index.php?occid=76934
77033	ASU	NA	T.H. Nash III	3075	210.22	356.73	Washington	Clallam	48.0833333	-120.1	outside_boundary_exact	Washington, Okanogan County	2.5 km N of Sequin	https://lichenportal.org/portal/collections/individual/index.php?occid=77033
77234	ASU	NA	T.H. Nash III	3077	210.22	356.73	Washington	Clallam	48.0833333	-120.1	outside_boundary_exact	Washington, Okanogan County	2.5 km N of Sequin	https://lichenportal.org/portal/collections/individual/index.php?occid=77234
77334	ASU	NA	T.H. Nash III	3078	210.22	356.73	Washington	Clallam	48.0833333	-120.1	outside_boundary_exact	Washington, Okanogan County	2.5 km N of Sequin	https://lichenportal.org/portal/collections/individual/index.php?occid=77334
77430	ASU	ASUL031913	T.H. Nash III	3079	210.22	356.73	Washington	Clallam	48.0833333	-120.1	outside_boundary_exact	Washington, Okanogan County	2.5 km N of Sequin	https://lichenportal.org/portal/collections/individual/index.php?occid=77430
50611	ASU	NA	T.H. Nash III	2445	147.54	284.1	Washington	Clallam	46.648442	-122.158438	outside_boundary_exact	Washington, Lewis County	Olympic National park, Storm King Mountain	https://lichenportal.org/portal/collections/individual/index.php?occid=50611
77225	ASU	ASUL035293	B.D. Ryan	32392	143.29	199.7	Washington	Skagit	47	-121.8166667	outside_boundary_exact	Washington, Pierce County	Mt. Baker-Snoqualmie National Forest, Summit Lake area, plot 6893	https://lichenportal.org/portal/collections/individual/index.php?occid=77225
102851	ASU	NA	B.D. Ryan	32364	143.29	199.7	Washington	Skagit	47	-121.8166667	outside_boundary_exact	Washington, Pierce County	Mt. Baker-Snoqualmie National Forest, Summit Lake area, plot 6893	https://lichenportal.org/portal/collections/individual/index.php?occid=102851
68894	ASU	NA	B.D. Ryan	32331	139.59	196.58	Washington	Skagit	47.0333333	-121.825	outside_boundary_exact	Washington, Pierce County	Mt. Baker-Snoqualmie National Forest, Summit Lake area, plot 6895	https://lichenportal.org/portal/collections/individual/index.php?occid=68894
68895	ASU	NA	B.D. Ryan	32333-d	139.59	196.58	Washington	Skagit	47.0333333	-121.825	outside_boundary_exact	Washington, Pierce County	Mt. Baker-Snoqualmie National Forest, Summit Lake area, plot 6895	https://lichenportal.org/portal/collections/individual/index.php?occid=68895
95989	ASU	NA	B.D. Ryan	32317	139.59	196.58	Washington	Skagit	47.0333333	-121.825	outside_boundary_exact	Washington, Pierce County	Mt. Baker-Snoqualmie National Forest, Summit Lake area, plot 6895	https://lichenportal.org/portal/collections/individual/index.php?occid=95989
95990	ASU	NA	B.D. Ryan	32327	139.59	196.58	Washington	Skagit	47.0333333	-121.825	outside_boundary_exact	Washington, Pierce County	Mt. Baker-Snoqualmie National Forest, Summit Lake area, plot 6895	https://lichenportal.org/portal/collections/individual/index.php?occid=95990
77148	ASU	NA	B.D. Ryan	30709	127.11	183.94	Washington	Pierce	48.275	-121.2416667	outside_boundary_exact	Washington, Snohomish County	Mt. Baker-Snoqualmie National Forest, Green Mountain Trail	https://lichenportal.org/portal/collections/individual/index.php?occid=77148
1322376	ASU	NA	Elaine Greenfield	34	114.82	214.73	Washington	King	47.08509	-119.79492	outside_boundary_exact	Washington, Grant County	Redmond.	https://lichenportal.org/portal/collections/individual/index.php?occid=1322376
87194	ASU	NA	B.D. Ryan	1203	69.78	146.52	Washington	Whatcom	48.0113889	-122.0111111	outside_boundary_exact	Washington, Snohomish County	Lummi Island, near Legoe Bay (just S of Lummi Indian School of Aquaculture)	https://lichenportal.org/portal/collections/individual/index.php?occid=87194
87195	ASU	NA	B.D. Ryan	3296	69.75	146.64	Washington	Whatcom	48.0116667	-122.0083333	outside_boundary_exact	Washington, Snohomish County	NW side of Chuckanut Bay	https://lichenportal.org/portal/collections/individual/index.php?occid=87195
87187	ASU	NA	B.D. Ryan	1382	69.69	146.61	Washington	Whatcom	48.0122222	-122.0080556	outside_boundary_exact	Washington, Snohomish County	Sehome hill, Bellingham	https://lichenportal.org/portal/collections/individual/index.php?occid=87187
87189	ASU	NA	B.D. Ryan	1269	69.69	146.61	Washington	Whatcom	48.0122222	-122.0080556	outside_boundary_exact	Washington, Snohomish County	Sehome hill, Bellingham	https://lichenportal.org/portal/collections/individual/index.php?occid=87189
87192	ASU	NA	B.D. Ryan	1103	69.69	146.61	Washington	Whatcom	48.0122222	-122.0080556	outside_boundary_exact	Washington, Snohomish County	Sehome hill, Bellingham	https://lichenportal.org/portal/collections/individual/index.php?occid=87192
60111	ASU	NA	S.D. Sharnoff	1201-31	69.26	161.72	Washington	Clallam	48.95	-123.2333333	outside_boundary_exact	not_found_in_US	Deer Park area, DeerPark Road on ridge to E of campground	https://lichenportal.org/portal/collections/individual/index.php?occid=60111
100859	ASU	ASUL011400	S.D. Sharnoff	1205-17	69.26	161.72	Washington	Clallam	48.95	-123.2333333	outside_boundary_exact	not_found_in_US	Olympic National Park, Deer Park area, Deer Park Rd., on ridge to E of campground	https://lichenportal.org/portal/collections/individual/index.php?occid=100859
100932	ASU	NA	S.D. Sharnoff	1207-24	69.26	161.72	Washington	Clallam	48.95	-123.2333333	outside_boundary_exact	not_found_in_US	Olympic National Park, Deer Park area, Deer Park Rd., on ridge to E of campground	https://lichenportal.org/portal/collections/individual/index.php?occid=100932
101005	ASU	ASUL008658	S.D. Sharnoff	1207-28	69.26	161.72	Washington	Clallam	48.95	-123.2333333	outside_boundary_exact	not_found_in_US	Olympic National Park, Deer Park area, Deer Park Rd., on ridge to E of campground	https://lichenportal.org/portal/collections/individual/index.php?occid=101005
101018	ASU	ASUL035387	S.D. Sharnoff	1204-26	69.26	161.72	Washington	Clallam	48.95	-123.2333333	outside_boundary_exact	not_found_in_US	Olympic National Park, Deer Park area, Deer Park Rd., on ridge to E of campground	https://lichenportal.org/portal/collections/individual/index.php?occid=101018
101111	ASU	NA	S.D. Sharnoff	1203-31	69.26	161.72	Washington	Clallam	48.95	-123.2333333	outside_boundary_exact	not_found_in_US	Olympic National Park, Deer Park area, Deer Park Rd., on ridge to E of campground	https://lichenportal.org/portal/collections/individual/index.php?occid=101111
122000	ASU	NA	P.O. Schallert	19856	39.49	113.94	Washington	Douglas	47.130142	-119.278077	outside_boundary_exact	Washington, Grant County	Along Highway near Waterville	https://lichenportal.org/portal/collections/individual/index.php?occid=122000
71386	ASU	ASUL013265	F.A. Sharpe	NA	35.98	179.48	Washington	Clallam	47.552483	-122.823288	outside_boundary_exact	Washington, Kitsap County	Olympic National Park, summit of Green Mountain	https://lichenportal.org/portal/collections/individual/index.php?occid=71386
68849	ASU	ASUL027176	W.L. Culberson	22363	34.68	115.28	Washington	Kittitas	46.64425	-121.26297	outside_boundary_exact	Washington, Yakima County	near Rimrock Lake, 8 km W of Rimrock Retreat	https://lichenportal.org/portal/collections/individual/index.php?occid=68849
93181	ASU	NA	B.D. Ryan	16826	23.06	146.01	Washington	Yakima	45.8333333	-120.8	outside_boundary_exact	Washington, Klickitat County	US Hwy 97, 1.6 km N of Goldendale	https://lichenportal.org/portal/collections/individual/index.php?occid=93181
2689636	ASU	NA	B.D. Ryan	16827	23.06	146.01	Washington	Yakima	45.8333333	-120.8	outside_boundary_exact	Washington, Klickitat County	US Hwy 97, 1.6 km N of Goldendale	https://lichenportal.org/portal/collections/individual/index.php?occid=2689636
108004	ASU	NA	T.H. Nash III	25993	19.76	155.59	Washington	Yakima	46.4	-119.6166667	outside_boundary_exact	Washington, Benton County	Rattlesnake Mountain NW of Richland on the Hanford Site	https://lichenportal.org/portal/collections/individual/index.php?occid=108004
108015	ASU	NA	T.H. Nash III	25994	19.76	155.59	Washington	Yakima	46.4	-119.6166667	outside_boundary_exact	Washington, Benton County	Rattlesnake Mountain NW of Richland on the Hanford Site	https://lichenportal.org/portal/collections/individual/index.php?occid=108015
108025	ASU	NA	T.H. Nash III	25995	19.76	155.59	Washington	Yakima	46.4	-119.6166667	outside_boundary_exact	Washington, Benton County	Rattlesnake Mountain NW of Richland on the Hanford Site	https://lichenportal.org/portal/collections/individual/index.php?occid=108025
104039	ASU	NA	J. Riley	NA	15.29	143.61	Washington	Lewis	46.9219444	-121.6572222	outside_boundary_exact	Washington, Pierce County	Along Backbone Ridge Trail about 0.4 km above Backbone Lake Trail junction, Cowlitz Valley R.D., Gifford Pinchot N.F.	https://lichenportal.org/portal/collections/individual/index.php?occid=104039
84522	ASU	NA	R. Rosentreter	10613	13.95	124.42	Washington	King	47.5666667	-120.9333333	outside_boundary_exact	Washington, Chelan County	University of Washington Campus, downtown Seattle	https://lichenportal.org/portal/collections/individual/index.php?occid=84522
87366	ASU	NA	B.D. Ryan	8837	13.84	140.89	Washington	Yakima	45.9166667	-120.6666667	outside_boundary_exact	Washington, Klickitat County	Umptahnum Road along Umptahnum Creek, ca. 16 km SW of Ellensburg	https://lichenportal.org/portal/collections/individual/index.php?occid=87366
90833	ASU	NA	B.D. Ryan	8832	13.84	140.89	Washington	Yakima	45.9166667	-120.6666667	outside_boundary_exact	Washington, Klickitat County	Umptahnum Road along Umptahnum Creek, ca. 16 km SW of Ellensburg	https://lichenportal.org/portal/collections/individual/index.php?occid=90833
93415	ASU	NA	B.D. Ryan	8857	13.84	140.89	Washington	Yakima	45.9166667	-120.6666667	outside_boundary_exact	Washington, Klickitat County	Umptahnum Road along Umptahnum Creek, ca. 16 km SW of Ellensburg	https://lichenportal.org/portal/collections/individual/index.php?occid=93415
87193	ASU	NA	B.D. Ryan	1973	12.84	174.47	Washington	Whatcom	48.7	-123	outside_boundary_exact	not_found_in_US	Just S of Post Point	https://lichenportal.org/portal/collections/individual/index.php?occid=87193
89060	ASU	NA	B.D. Ryan	3047	12.84	174.47	Washington	Whatcom	48.7	-123	outside_boundary_exact	not_found_in_US	Just S of Post Point	https://lichenportal.org/portal/collections/individual/index.php?occid=89060
90049	ASU	NA	B.D. Ryan	3049	12.84	174.47	Washington	Whatcom	48.7	-123	outside_boundary_exact	not_found_in_US	seashore just S of Post Point	https://lichenportal.org/portal/collections/individual/index.php?occid=90049
104028	ASU	NA	J. Riley	NA	10.31	109.95	Washington	Skamania	46.4816667	-121.7725	outside_boundary_exact	Washington, Lewis County	Cowlitz Valley R.D., Gifford Pinchot N.F., along Spur Rd. off FS Rd. 5600-042	https://lichenportal.org/portal/collections/individual/index.php?occid=104028
104187	ASU	NA	S.A. Harris	3726	9.96	148.82	Washington	Chelan	47.2166667	-120.55	outside_boundary_exact	Washington, Kittitas County	Mile 158, Highway #97 to Wenatchee	https://lichenportal.org/portal/collections/individual/index.php?occid=104187
104209	ASU	NA	S.A. Harris	3801	9.96	148.82	Washington	Chelan	47.2166667	-120.55	outside_boundary_exact	Washington, Kittitas County	Mile 158, Highway #97 to Wenatchee	https://lichenportal.org/portal/collections/individual/index.php?occid=104209
104228	ASU	NA	S.A. Harris	3722	9.96	148.82	Washington	Chelan	47.2166667	-120.55	outside_boundary_exact	Washington, Kittitas County	Mile 158, Highway #97 to Wenatchee	https://lichenportal.org/portal/collections/individual/index.php?occid=104228
2928396	ASU	ASUL048605	Grace E. Howard	3512	8.95	69.16	Washington	Kitsap	47.444537	-123.080433	outside_boundary_exact	Washington, Mason County	Little DeWatto	https://lichenportal.org/portal/collections/individual/index.php?occid=2928396
116192	ASU	NA	T.H. Nash III	40915	8.45	142.24	Washington	Klickitat	45.7083333	-121.6333333	outside_boundary_exact	Washington, Skamania County	adjacent Rowland Lake W of Lyle along the Columbia River Gorge	https://lichenportal.org/portal/collections/individual/index.php?occid=116192
116598	ASU	ASUL032637	T.H. Nash III	40916	8.45	142.24	Washington	Klickitat	45.7083333	-121.6333333	outside_boundary_exact	Washington, Skamania County	adjacent Rowland Lake W of Lyle along the Columbia River Gorge	https://lichenportal.org/portal/collections/individual/index.php?occid=116598
116599	ASU	ASUL031911	T.H. Nash III	40917 A	8.45	142.24	Washington	Klickitat	45.7083333	-121.6333333	outside_boundary_exact	Washington, Skamania County	adjacent Rowland Lake W of Lyle along the Columbia River Gorge	https://lichenportal.org/portal/collections/individual/index.php?occid=116599
116600	ASU	ASUL007363	T.H. Nash III	40918	8.45	142.24	Washington	Klickitat	45.7083333	-121.6333333	outside_boundary_exact	Washington, Skamania County	adjacent Rowland Lake W of Lyle along the Columbia River Gorge	https://lichenportal.org/portal/collections/individual/index.php?occid=116600
116601	ASU	NA	T.H. Nash III	40919	8.45	142.24	Washington	Klickitat	45.7083333	-121.6333333	outside_boundary_exact	Washington, Skamania County	adjacent Rowland Lake W of Lyle along the Columbia River Gorge	https://lichenportal.org/portal/collections/individual/index.php?occid=116601
116602	ASU	NA	T.H. Nash III	40920	8.45	142.24	Washington	Klickitat	45.7083333	-121.6333333	outside_boundary_exact	Washington, Skamania County	adjacent Rowland Lake W of Lyle along the Columbia River Gorge	https://lichenportal.org/portal/collections/individual/index.php?occid=116602
116603	ASU	NA	T.H. Nash III	40921	8.45	142.24	Washington	Klickitat	45.7083333	-121.6333333	outside_boundary_exact	Washington, Skamania County	adjacent Rowland Lake W of Lyle along the Columbia River Gorge	https://lichenportal.org/portal/collections/individual/index.php?occid=116603
116604	ASU	NA	T.H. Nash III	40922	8.45	142.24	Washington	Klickitat	45.7083333	-121.6333333	outside_boundary_exact	Washington, Skamania County	adjacent Rowland Lake W of Lyle along the Columbia River Gorge	https://lichenportal.org/portal/collections/individual/index.php?occid=116604
116606	ASU	NA	T.H. Nash III	40923	8.45	142.24	Washington	Klickitat	45.7083333	-121.6333333	outside_boundary_exact	Washington, Skamania County	adjacent Rowland Lake W of Lyle along the Columbia River Gorge	https://lichenportal.org/portal/collections/individual/index.php?occid=116606
116607	ASU	NA	T.H. Nash III	40924	8.45	142.24	Washington	Klickitat	45.7083333	-121.6333333	outside_boundary_exact	Washington, Skamania County	adjacent Rowland Lake W of Lyle along the Columbia River Gorge	https://lichenportal.org/portal/collections/individual/index.php?occid=116607
116608	ASU	NA	T.H. Nash III	40925	8.45	142.24	Washington	Klickitat	45.7083333	-121.6333333	outside_boundary_exact	Washington, Skamania County	adjacent Rowland Lake W of Lyle along the Columbia River Gorge	https://lichenportal.org/portal/collections/individual/index.php?occid=116608
116609	ASU	NA	T.H. Nash III	40926	8.45	142.24	Washington	Klickitat	45.7083333	-121.6333333	outside_boundary_exact	Washington, Skamania County	adjacent Rowland Lake W of Lyle along the Columbia River Gorge	https://lichenportal.org/portal/collections/individual/index.php?occid=116609
116610	ASU	NA	T.H. Nash III	40927	8.45	142.24	Washington	Klickitat	45.7083333	-121.6333333	outside_boundary_exact	Washington, Skamania County	adjacent Rowland Lake W of Lyle along the Columbia River Gorge	https://lichenportal.org/portal/collections/individual/index.php?occid=116610
116611	ASU	NA	T.H. Nash III	40928	8.45	142.24	Washington	Klickitat	45.7083333	-121.6333333	outside_boundary_exact	Washington, Skamania County	adjacent Rowland Lake W of Lyle along the Columbia River Gorge	https://lichenportal.org/portal/collections/individual/index.php?occid=116611
116612	ASU	NA	T.H. Nash III	40929	8.45	142.24	Washington	Klickitat	45.7083333	-121.6333333	outside_boundary_exact	Washington, Skamania County	adjacent Rowland Lake W of Lyle along the Columbia River Gorge	https://lichenportal.org/portal/collections/individual/index.php?occid=116612
116613	ASU	NA	T.H. Nash III	40930	8.45	142.24	Washington	Klickitat	45.7083333	-121.6333333	outside_boundary_exact	Washington, Skamania County	adjacent Rowland Lake W of Lyle along the Columbia River Gorge	https://lichenportal.org/portal/collections/individual/index.php?occid=116613
116614	ASU	NA	T.H. Nash III	40931	8.45	142.24	Washington	Klickitat	45.7083333	-121.6333333	outside_boundary_exact	Washington, Skamania County	adjacent Rowland Lake W of Lyle along the Columbia River Gorge	https://lichenportal.org/portal/collections/individual/index.php?occid=116614
116615	ASU	ASUL009138	T.H. Nash III	40932	8.45	142.24	Washington	Klickitat	45.7083333	-121.6333333	outside_boundary_exact	Washington, Skamania County	adjacent Rowland Lake W of Lyle along the Columbia River Gorge	https://lichenportal.org/portal/collections/individual/index.php?occid=116615
116617	ASU	NA	T.H. Nash III	40933	8.45	142.24	Washington	Klickitat	45.7083333	-121.6333333	outside_boundary_exact	Washington, Skamania County	adjacent Rowland Lake W of Lyle along the Columbia River Gorge	https://lichenportal.org/portal/collections/individual/index.php?occid=116617
710470	ASU	NA	T.H. Nash III	40934	8.45	142.24	Washington	Klickitat	45.708333333333	-121.63333333333	outside_boundary_exact	Washington, Skamania County	adjacent Rowland Lake W of Lyle along the Columbia River Gorge	https://lichenportal.org/portal/collections/individual/index.php?occid=710470
5611237	ASU	ASUL048286	T.H. Nash III	40917 B	8.45	142.24	Washington	Klickitat	45.7083333	-121.6333333	outside_boundary_exact	Washington, Skamania County	adjacent Rowland Lake W of Lyle along the Columbia River Gorge	https://lichenportal.org/portal/collections/individual/index.php?occid=5611237
60288	ASU	NA	J. Riley	NA	6.59	106.52	Washington	Skamania	46.4480556	-121.77	outside_boundary_exact	Washington, Lewis County	Gifford Pinchot National Forest, Mt. Adams Wilderness, near the head of Lewis River on Mt. Adams	https://lichenportal.org/portal/collections/individual/index.php?occid=60288
82329	ASU	NA	T.H. Nash III	3131	6.23	97.93	Washington	Grays Harbor	47.574108	-123.573764	outside_boundary_exact	Washington, Jefferson County	Quinault River Valley, Grays Creek Campground	https://lichenportal.org/portal/collections/individual/index.php?occid=82329
76813	ASU	NA	B.D. Ryan	7028	6.1	119.83	Washington	Snohomish	48.25	-122.5	outside_boundary_exact	Washington, Island County	Hwy 530 east of Stanwood	https://lichenportal.org/portal/collections/individual/index.php?occid=76813
66851	ASU	NA	B.D. Ryan	30027	5.06	114.93	Washington	Skagit	48.25	-121.3166667	outside_boundary_exact	Washington, Snohomish County	Mt. Baker-Snoqualmie National Forest, small road S of FS Road 26, 26 km E of Buck Creek Campground	https://lichenportal.org/portal/collections/individual/index.php?occid=66851
68878	ASU	ASUL025055	B.D. Ryan	30011	5.06	114.93	Washington	Skagit	48.25	-121.3166667	outside_boundary_exact	Washington, Snohomish County	Mt. Baker-Snoqualmie National Forest, small road S of FS Road 26, 26 km E of Buck Creek Campground	https://lichenportal.org/portal/collections/individual/index.php?occid=68878
73661	ASU	ASUL046389	B.D. Ryan	30026	5.06	114.93	Washington	Skagit	48.25	-121.3166667	outside_boundary_exact	Washington, Snohomish County	Mt. Baker-Snoqualmie National Forest, small road S of FS Road 26, 26 km E of Buck Creek Campground	https://lichenportal.org/portal/collections/individual/index.php?occid=73661
75779	ASU	ASUL035002	B.D. Ryan	30023	5.06	114.93	Washington	Skagit	48.25	-121.3166667	outside_boundary_exact	Washington, Snohomish County	Mt. Baker-Snoqualmie National Forest, small road S of FS Road 26, 26 km E of Buck Creek Campground	https://lichenportal.org/portal/collections/individual/index.php?occid=75779
75918	ASU	ASUL034237	B.D. Ryan	30024	5.06	114.93	Washington	Skagit	48.25	-121.3166667	outside_boundary_exact	Washington, Snohomish County	Mt. Baker-Snoqualmie National Forest, small road S of FS Road 26, 26 km E of Buck Creek Campground	https://lichenportal.org/portal/collections/individual/index.php?occid=75918
89611	ASU	NA	B.D. Ryan	30028	5.06	114.93	Washington	Skagit	48.25	-121.3166667	outside_boundary_exact	Washington, Snohomish County	Mt. Baker-Snoqualmie National Forest, small road S of FS Road 26, 26 km E of Buck Creek Campground	https://lichenportal.org/portal/collections/individual/index.php?occid=89611
89612	ASU	NA	B.D. Ryan	30029	5.06	114.93	Washington	Skagit	48.25	-121.3166667	outside_boundary_exact	Washington, Snohomish County	Mt. Baker-Snoqualmie National Forest, small road S of FS Road 26, 26 km E of Buck Creek Campground	https://lichenportal.org/portal/collections/individual/index.php?occid=89612
74889	ASU	ASUL011399	J.W. Thomson	15410	4.32	131.96	Washington	Lewis	46.822747	-121.762395	outside_boundary_exact	Washington, Pierce County	S side of Mt. Rainier	https://lichenportal.org/portal/collections/individual/index.php?occid=74889
68879	ASU	ASUL025058	B.D. Ryan	30044 B	4.16	118.74	Washington	Skagit	48.2583333	-121.2583333	outside_boundary_exact	Washington, Snohomish County	Mt. Baker-Snoqualmie National Forest, wide pull-out near bottom of FS Road 2680	https://lichenportal.org/portal/collections/individual/index.php?occid=68879
71011	ASU	ASUL013955	B.D. Ryan	30037	4.16	118.74	Washington	Skagit	48.2583333	-121.2583333	outside_boundary_exact	Washington, Snohomish County	Mt. Baker-Snoqualmie National Forest, wide pull-out near bottom of FS Road 2680	https://lichenportal.org/portal/collections/individual/index.php?occid=71011
74587	ASU	ASUL024290	B.D. Ryan	30065-b	4.16	118.74	Washington	Skagit	48.2583333	-121.2583333	outside_boundary_exact	Washington, Snohomish County	Mt. Baker-Snoqualmie National Forest, wide pull-out near bottom of FS Road 2680	https://lichenportal.org/portal/collections/individual/index.php?occid=74587
76003	ASU	ASUL035068	B.D. Ryan	30065-a	4.16	118.74	Washington	Skagit	48.2583333	-121.2583333	outside_boundary_exact	Washington, Snohomish County	Mt. Baker-Snoqualmie National Forest, wide pull-out near bottom of FS Road 2680	https://lichenportal.org/portal/collections/individual/index.php?occid=76003
77045	ASU	ASUL034521	B.D. Ryan	30064	4.16	118.74	Washington	Skagit	48.2583333	-121.2583333	outside_boundary_exact	Washington, Snohomish County	Mt. Baker-Snoqualmie National Forest, wide pull-out near bottom of FS Road 2680	https://lichenportal.org/portal/collections/individual/index.php?occid=77045
78079	ASU	ASUL025057	B.D. Ryan	30044 A	4.16	118.74	Washington	Skagit	48.2583333	-121.2583333	outside_boundary_exact	Washington, Snohomish County	Mt. Baker-Snoqualmie National Forest, wide pull-out near bottom of FS Road 2680	https://lichenportal.org/portal/collections/individual/index.php?occid=78079
79650	ASU	NA	B.D. Ryan	30071	4.16	118.74	Washington	Skagit	48.2583333	-121.2583333	outside_boundary_exact	Washington, Snohomish County	Mt. Baker-Snoqualmie National Forest, wide pull-out near bottom of FS Road 2680	https://lichenportal.org/portal/collections/individual/index.php?occid=79650
80391	ASU	ASUL031896	B.D. Ryan	30072	4.16	118.74	Washington	Skagit	48.2583333	-121.2583333	outside_boundary_exact	Washington, Snohomish County	Mt. Baker-Snoqualmie National Forest, wide pull-out near bottom of FS Road 2680	https://lichenportal.org/portal/collections/individual/index.php?occid=80391
81134	ASU	NA	B.D. Ryan	30040	4.16	118.74	Washington	Skagit	48.2583333	-121.2583333	outside_boundary_exact	Washington, Snohomish County	Mt. Baker-Snoqualmie National Forest, wide pull-out near bottom of FS Road 2680	https://lichenportal.org/portal/collections/individual/index.php?occid=81134
81257	ASU	NA	B.D. Ryan	30036	4.16	118.74	Washington	Skagit	48.2583333	-121.2583333	outside_boundary_exact	Washington, Snohomish County	Mt. Baker-Snoqualmie National Forest, wide pull-out near bottom of FS Road 2680	https://lichenportal.org/portal/collections/individual/index.php?occid=81257
81258	ASU	NA	B.D. Ryan	30070	4.16	118.74	Washington	Skagit	48.2583333	-121.2583333	outside_boundary_exact	Washington, Snohomish County	Mt. Baker-Snoqualmie National Forest, wide pull-out near bottom of FS Road 2680	https://lichenportal.org/portal/collections/individual/index.php?occid=81258
81307	ASU	NA	B.D. Ryan	30039-a	4.16	118.74	Washington	Skagit	48.2583333	-121.2583333	outside_boundary_exact	Washington, Snohomish County	Mt. Baker-Snoqualmie National Forest, wide pull-out near bottom of FS Road 2680	https://lichenportal.org/portal/collections/individual/index.php?occid=81307
85580	ASU	NA	B.D. Ryan	30043--b	4.16	118.74	Washington	Skagit	48.2583333	-121.2583333	outside_boundary_exact	Washington, Snohomish County	Mt. Baker-Snoqualmie National Forest, wide pull-out near bottom of FS Road 2680	https://lichenportal.org/portal/collections/individual/index.php?occid=85580
90659	ASU	NA	B.D. Ryan	30067	4.16	118.74	Washington	Skagit	48.2583333	-121.2583333	outside_boundary_exact	Washington, Snohomish County	Mt. Baker-Snoqualmie National Forest, wide pull-out near bottom of FS Road 2680	https://lichenportal.org/portal/collections/individual/index.php?occid=90659
90891	ASU	NA	B.D. Ryan	30068	4.16	118.74	Washington	Skagit	48.2583333	-121.2583333	outside_boundary_exact	Washington, Snohomish County	Mt. Baker-Snoqualmie National Forest, wide pull-out near bottom of FS Road 2680	https://lichenportal.org/portal/collections/individual/index.php?occid=90891
96065	ASU	NA	B.D. Ryan	30043-a	4.16	118.74	Washington	Skagit	48.2583333	-121.2583333	outside_boundary_exact	Washington, Snohomish County	Mt. Baker-Snoqualmie National Forest, wide pull-out near bottom of FS Road 2680	https://lichenportal.org/portal/collections/individual/index.php?occid=96065
96381	ASU	NA	B.D. Ryan	30038	4.16	118.74	Washington	Skagit	48.2583333	-121.2583333	outside_boundary_exact	Washington, Snohomish County	Mt. Baker-Snoqualmie National Forest, wide pull-out near bottom of FS Road 2680	https://lichenportal.org/portal/collections/individual/index.php?occid=96381
97271	ASU	NA	B.D. Ryan	30041	4.16	118.74	Washington	Skagit	48.2583333	-121.2583333	outside_boundary_exact	Washington, Snohomish County	Mt. Baker-Snoqualmie National Forest, wide pull-out near bottom of FS Road 2680	https://lichenportal.org/portal/collections/individual/index.php?occid=97271
98507	ASU	NA	B.D. Ryan	30042	4.16	118.74	Washington	Skagit	48.2583333	-121.2583333	outside_boundary_exact	Washington, Snohomish County	Mt. Baker-Snoqualmie National Forest, wide pull-out near bottom of FS Road 2680	https://lichenportal.org/portal/collections/individual/index.php?occid=98507
98508	ASU	NA	B.D. Ryan	30075	4.16	118.74	Washington	Skagit	48.2583333	-121.2583333	outside_boundary_exact	Washington, Snohomish County	Mt. Baker-Snoqualmie National Forest, wide pull-out near bottom of FS Road 2680	https://lichenportal.org/portal/collections/individual/index.php?occid=98508
99027	ASU	NA	B.D. Ryan	30046	4.16	118.74	Washington	Skagit	48.2583333	-121.2583333	outside_boundary_exact	Washington, Snohomish County	Mt. Baker-Snoqualmie National Forest, wide pull-out near bottom of FS Road 2680	https://lichenportal.org/portal/collections/individual/index.php?occid=99027
99029	ASU	NA	B.D. Ryan	30039-b	4.16	118.74	Washington	Skagit	48.2583333	-121.2583333	outside_boundary_exact	Washington, Snohomish County	Mt. Baker-Snoqualmie National Forest, wide pull-out near bottom of FS Road 2680	https://lichenportal.org/portal/collections/individual/index.php?occid=99029
99760	ASU	NA	B.D. Ryan	30045	4.16	118.74	Washington	Skagit	48.2583333	-121.2583333	outside_boundary_exact	Washington, Snohomish County	Mt. Baker-Snoqualmie National Forest, wide pull-out near bottom of FS Road 2680	https://lichenportal.org/portal/collections/individual/index.php?occid=99760
99849	ASU	NA	B.D. Ryan	30069	4.16	118.74	Washington	Skagit	48.2583333	-121.2583333	outside_boundary_exact	Washington, Snohomish County	Mt. Baker-Snoqualmie National Forest, wide pull-out near bottom of FS Road 2680	https://lichenportal.org/portal/collections/individual/index.php?occid=99849
102842	ASU	NA	B.D. Ryan	30071	4.16	118.74	Washington	Skagit	48.2583333	-121.2583333	outside_boundary_exact	Washington, Snohomish County	Mt. Baker-Snoqualmie National Forest, wide pull-out near bottom of FS Road 2680	https://lichenportal.org/portal/collections/individual/index.php?occid=102842
68881	ASU	NA	B.D. Ryan	30234	4.15	116.97	Washington	Skagit	48.2583333	-121.2833333	outside_boundary_exact	Washington, Snohomish County	Mt. Baker-Snoqualmie National Forest, below plot 2, off Road 2680	https://lichenportal.org/portal/collections/individual/index.php?occid=68881
68889	ASU	NA	B.D. Ryan	30691-b	4.15	116.97	Washington	Skagit	48.2583333	-121.2833333	outside_boundary_exact	Washington, Snohomish County	Mt. Baker-Snoqualmie National Forest, along Road 2680	https://lichenportal.org/portal/collections/individual/index.php?occid=68889
70745	ASU	ASUL017852	B.D. Ryan	30684-b	4.15	116.97	Washington	Skagit	48.2583333	-121.2833333	outside_boundary_exact	Washington, Snohomish County	Mt. Baker-Snoqualmie National Forest, along Road 2680	https://lichenportal.org/portal/collections/individual/index.php?occid=70745
70771	ASU	ASUL017870	B.D. Ryan	30690	4.15	116.97	Washington	Skagit	48.2583333	-121.2833333	outside_boundary_exact	Washington, Snohomish County	Mt. Baker-Snoqualmie National Forest, along Road 2680	https://lichenportal.org/portal/collections/individual/index.php?occid=70771
70908	ASU	ASUL017693	B.D. Ryan	30451--b	4.15	116.97	Washington	Skagit	48.2583333	-121.2833333	outside_boundary_exact	Washington, Snohomish County	Mt. Baker-Snoqualmie National Forest, along Road 2680	https://lichenportal.org/portal/collections/individual/index.php?occid=70908
70909	ASU	ASUL017694	B.D. Ryan	30446--b	4.15	116.97	Washington	Skagit	48.2583333	-121.2833333	outside_boundary_exact	Washington, Snohomish County	Mt. Baker-Snoqualmie National Forest, below plot 2, off Road 2680	https://lichenportal.org/portal/collections/individual/index.php?occid=70909
70929	ASU	ASUL013411	B.D. Ryan	32476	4.15	116.97	Washington	Skagit	48.2583333	-121.2833333	outside_boundary_exact	Washington, Snohomish County	Mt. Baker-Snoqualmie National Forest, plot 2, off Road 2680	https://lichenportal.org/portal/collections/individual/index.php?occid=70929
71195	ASU	ASUL014086	B.D. Ryan	30691	4.15	116.97	Washington	Skagit	48.2583333	-121.2833333	outside_boundary_exact	Washington, Snohomish County	Mt. Baker-Snoqualmie National Forest, along Road 2680	https://lichenportal.org/portal/collections/individual/index.php?occid=71195
71368	ASU	NA	B.D. Ryan	32485	4.15	116.97	Washington	Skagit	48.2583333	-121.2833333	outside_boundary_exact	Washington, Snohomish County	Mt. Baker-Snoqualmie National Forest, plot 2, off Road 2680	https://lichenportal.org/portal/collections/individual/index.php?occid=71368
71513	ASU	ASUL018382	B.D. Ryan	30464	4.15	116.97	Washington	Skagit	48.2583333	-121.2833333	outside_boundary_exact	Washington, Snohomish County	Mt. Baker-Snoqualmie National Forest, below plot 2, off Road 2680	https://lichenportal.org/portal/collections/individual/index.php?occid=71513
76008	ASU	ASUL035075	B.D. Ryan	30198	4.15	116.97	Washington	Skagit	48.2583333	-121.2833333	outside_boundary_exact	Washington, Snohomish County	Mt. Baker-Snoqualmie National Forest, plot 2, off Road 2680	https://lichenportal.org/portal/collections/individual/index.php?occid=76008
77208	ASU	ASUL035289	B.D. Ryan	30199	4.15	116.97	Washington	Skagit	48.2583333	-121.2833333	outside_boundary_exact	Washington, Snohomish County	Mt. Baker-Snoqualmie National Forest, plot 2, off Road 2680	https://lichenportal.org/portal/collections/individual/index.php?occid=77208
78077	ASU	NA	B.D. Ryan	30206--b	4.15	116.97	Washington	Skagit	48.2583333	-121.2833333	outside_boundary_exact	Washington, Snohomish County	Mt. Baker-Snoqualmie National Forest, plot 2, off Road 2680	https://lichenportal.org/portal/collections/individual/index.php?occid=78077
78738	ASU	ASUL013915	B.D. Ryan	30684-a	4.15	116.97	Washington	Skagit	48.2583333	-121.2833333	outside_boundary_exact	Washington, Snohomish County	Mt. Baker-Snoqualmie National Forest, along Road 2680	https://lichenportal.org/portal/collections/individual/index.php?occid=78738
79628	ASU	NA	B.D. Ryan	30226	4.15	116.97	Washington	Skagit	48.2583333	-121.2833333	outside_boundary_exact	Washington, Snohomish County	Mt. Baker-Snoqualmie National Forest, plot 2, off Road 2680	https://lichenportal.org/portal/collections/individual/index.php?occid=79628
79629	ASU	NA	B.D. Ryan	32492	4.15	116.97	Washington	Skagit	48.2583333	-121.2833333	outside_boundary_exact	Washington, Snohomish County	Mt. Baker-Snoqualmie National Forest, plot 2, off Road 2680	https://lichenportal.org/portal/collections/individual/index.php?occid=79629
79896	ASU	NA	B.D. Ryan	30454-d	4.15	116.97	Washington	Skagit	48.2583333	-121.2833333	outside_boundary_exact	Washington, Snohomish County	Mt. Baker-Snoqualmie National Forest, plot 2, off Road 2680	https://lichenportal.org/portal/collections/individual/index.php?occid=79896
79898	ASU	NA	B.D. Ryan	30225-a	4.15	116.97	Washington	Skagit	48.2583333	-121.2833333	outside_boundary_exact	Washington, Snohomish County	Mt. Baker-Snoqualmie National Forest, plot 2, off Road 2680	https://lichenportal.org/portal/collections/individual/index.php?occid=79898
81129	ASU	NA	B.D. Ryan	30680-a	4.15	116.97	Washington	Skagit	48.2583333	-121.2833333	outside_boundary_exact	Washington, Snohomish County	Mt. Baker-Snoqualmie National Forest, along Road 2680	https://lichenportal.org/portal/collections/individual/index.php?occid=81129
81145	ASU	NA	B.D. Ryan	30688	4.15	116.97	Washington	Skagit	48.2583333	-121.2833333	outside_boundary_exact	Washington, Snohomish County	Mt. Baker-Snoqualmie National Forest, along Road 2680	https://lichenportal.org/portal/collections/individual/index.php?occid=81145
81243	ASU	NA	B.D. Ryan	30680-c	4.15	116.97	Washington	Skagit	48.2583333	-121.2833333	outside_boundary_exact	Washington, Snohomish County	Mt. Baker-Snoqualmie National Forest, along Road 2680	https://lichenportal.org/portal/collections/individual/index.php?occid=81243
81246	ASU	NA	B.D. Ryan	30681	4.15	116.97	Washington	Skagit	48.2583333	-121.2833333	outside_boundary_exact	Washington, Snohomish County	Mt. Baker-Snoqualmie National Forest, along Road 2680	https://lichenportal.org/portal/collections/individual/index.php?occid=81246
81249	ASU	NA	B.D. Ryan	30463-c	4.15	116.97	Washington	Skagit	48.2583333	-121.2833333	outside_boundary_exact	Washington, Snohomish County	Mt. Baker-Snoqualmie National Forest, plot 2, off Road 2680	https://lichenportal.org/portal/collections/individual/index.php?occid=81249
81256	ASU	NA	B.D. Ryan	30210	4.15	116.97	Washington	Skagit	48.2583333	-121.2833333	outside_boundary_exact	Washington, Snohomish County	Mt. Baker-Snoqualmie National Forest, plot 2, off Road 2680	https://lichenportal.org/portal/collections/individual/index.php?occid=81256
81410	ASU	NA	B.D. Ryan	30680-b	4.15	116.97	Washington	Skagit	48.2583333	-121.2833333	outside_boundary_exact	Washington, Snohomish County	Mt. Baker-Snoqualmie National Forest, along Road 2680	https://lichenportal.org/portal/collections/individual/index.php?occid=81410
81424	ASU	NA	B.D. Ryan	30207-b	4.15	116.97	Washington	Skagit	48.2583333	-121.2833333	outside_boundary_exact	Washington, Snohomish County	Mt. Baker-Snoqualmie National Forest, along Road 2680	https://lichenportal.org/portal/collections/individual/index.php?occid=81424
81425	ASU	NA	B.D. Ryan	30205	4.15	116.97	Washington	Skagit	48.2583333	-121.2833333	outside_boundary_exact	Washington, Snohomish County	Mt. Baker-Snoqualmie National Forest, along Road 2680	https://lichenportal.org/portal/collections/individual/index.php?occid=81425
81432	ASU	NA	B.D. Ryan	30463-a	4.15	116.97	Washington	Skagit	48.2583333	-121.2833333	outside_boundary_exact	Washington, Snohomish County	Mt. Baker-Snoqualmie National Forest, plot 2, off Road 2680	https://lichenportal.org/portal/collections/individual/index.php?occid=81432
81433	ASU	NA	B.D. Ryan	30442-a	4.15	116.97	Washington	Skagit	48.2583333	-121.2833333	outside_boundary_exact	Washington, Snohomish County	Mt. Baker-Snoqualmie National Forest, plot 2, off Road 2680	https://lichenportal.org/portal/collections/individual/index.php?occid=81433
82235	ASU	NA	B.D. Ryan	30214	4.15	116.97	Washington	Skagit	48.2583333	-121.2833333	outside_boundary_exact	Washington, Snohomish County	Mt. Baker-Snoqualmie National Forest, plot 2, off Road 2680	https://lichenportal.org/portal/collections/individual/index.php?occid=82235
84932	ASU	NA	B.D. Ryan	30221	4.15	116.97	Washington	Skagit	48.2583333	-121.2833333	outside_boundary_exact	Washington, Snohomish County	Mt. Baker-Snoqualmie National Forest, plot 2, off Road 2680	https://lichenportal.org/portal/collections/individual/index.php?occid=84932
85007	ASU	NA	B.D. Ryan	30459-d	4.15	116.97	Washington	Skagit	48.2583333	-121.2833333	outside_boundary_exact	Washington, Snohomish County	Mt. Baker-Snoqualmie National Forest, plot 2, off Road 2680	https://lichenportal.org/portal/collections/individual/index.php?occid=85007
85487	ASU	NA	B.D. Ryan	30450--a	4.15	116.97	Washington	Skagit	48.2583333	-121.2833333	outside_boundary_exact	Washington, Snohomish County	Mt. Baker-Snoqualmie National Forest, below plot 2, off Road 2680	https://lichenportal.org/portal/collections/individual/index.php?occid=85487
85491	ASU	NA	B.D. Ryan	30450--c	4.15	116.97	Washington	Skagit	48.2583333	-121.2833333	outside_boundary_exact	Washington, Snohomish County	Mt. Baker-Snoqualmie National Forest, below plot 2, off Road 2680	https://lichenportal.org/portal/collections/individual/index.php?occid=85491
85548	ASU	NA	B.D. Ryan	30447	4.15	116.97	Washington	Skagit	48.2583333	-121.2833333	outside_boundary_exact	Washington, Snohomish County	Mt. Baker-Snoqualmie National Forest, plot 2, off Road 2680	https://lichenportal.org/portal/collections/individual/index.php?occid=85548
85550	ASU	NA	B.D. Ryan	30547--g	4.15	116.97	Washington	Skagit	48.2583333	-121.2833333	outside_boundary_exact	Washington, Snohomish County	Mt. Baker-Snoqualmie National Forest, plot 2, off Road 2680	https://lichenportal.org/portal/collections/individual/index.php?occid=85550
85571	ASU	NA	B.D. Ryan	30458-a	4.15	116.97	Washington	Skagit	48.2583333	-121.2833333	outside_boundary_exact	Washington, Snohomish County	Mt. Baker-Snoqualmie National Forest, plot 2, off Road 2680	https://lichenportal.org/portal/collections/individual/index.php?occid=85571
85574	ASU	NA	B.D. Ryan	30448--c	4.15	116.97	Washington	Skagit	48.2583333	-121.2833333	outside_boundary_exact	Washington, Snohomish County	Mt. Baker-Snoqualmie National Forest, plot 2, off Road 2680	https://lichenportal.org/portal/collections/individual/index.php?occid=85574
85576	ASU	NA	B.D. Ryan	30223--b	4.15	116.97	Washington	Skagit	48.2583333	-121.2833333	outside_boundary_exact	Washington, Snohomish County	Mt. Baker-Snoqualmie National Forest, plot 2, off Road 2680	https://lichenportal.org/portal/collections/individual/index.php?occid=85576
85578	ASU	NA	B.D. Ryan	30220	4.15	116.97	Washington	Skagit	48.2583333	-121.2833333	outside_boundary_exact	Washington, Snohomish County	Mt. Baker-Snoqualmie National Forest, plot 2, off Road 2680	https://lichenportal.org/portal/collections/individual/index.php?occid=85578
85872	ASU	NA	B.D. Ryan	30692	4.15	116.97	Washington	Skagit	48.2583333	-121.2833333	outside_boundary_exact	Washington, Snohomish County	Mt. Baker-Snoqualmie National Forest, along Road 2680	https://lichenportal.org/portal/collections/individual/index.php?occid=85872
85918	ASU	NA	B.D. Ryan	30460-a	4.15	116.97	Washington	Skagit	48.2583333	-121.2833333	outside_boundary_exact	Washington, Snohomish County	Mt. Baker-Snoqualmie National Forest, plot 2, off Road 2680	https://lichenportal.org/portal/collections/individual/index.php?occid=85918
87009	ASU	NA	B.D. Ryan	30446	4.15	116.97	Washington	Skagit	48.2583333	-121.2833333	outside_boundary_exact	Washington, Snohomish County	Mt. Baker-Snoqualmie National Forest, below plot 2, off Road 2680	https://lichenportal.org/portal/collections/individual/index.php?occid=87009
88079	ASU	NA	B.D. Ryan	30	4.15	116.97	Washington	Skagit	48.2583333	-121.2833333	outside_boundary_exact	Washington, Snohomish County	Mt. Baker-Snoqualmie National Forest, plot 2, off Road 2680	https://lichenportal.org/portal/collections/individual/index.php?occid=88079
88081	ASU	NA	B.D. Ryan	30454-a	4.15	116.97	Washington	Skagit	48.2583333	-121.2833333	outside_boundary_exact	Washington, Snohomish County	Mt. Baker-Snoqualmie National Forest, plot 2, off Road 2680	https://lichenportal.org/portal/collections/individual/index.php?occid=88081
88453	ASU	NA	B.D. Ryan	30686	4.15	116.97	Washington	Skagit	48.2583333	-121.2833333	outside_boundary_exact	Washington, Snohomish County	Mt. Baker-Snoqualmie National Forest, along Road 2680	https://lichenportal.org/portal/collections/individual/index.php?occid=88453
88656	ASU	NA	B.D. Ryan	30468-e	4.15	116.97	Washington	Skagit	48.2583333	-121.2833333	outside_boundary_exact	Washington, Snohomish County	Mt. Baker-Snoqualmie National Forest, plot 2, off Road 2680	https://lichenportal.org/portal/collections/individual/index.php?occid=88656
89481	ASU	ASUL008482	B.D. Ryan	30449-e	4.15	116.97	Washington	Skagit	48.2583333	-121.2833333	outside_boundary_exact	Washington, Snohomish County	Mt. Baker-Snoqualmie National Forest, along Road 2680	https://lichenportal.org/portal/collections/individual/index.php?occid=89481
89616	ASU	NA	B.D. Ryan	30467-a	4.15	116.97	Washington	Skagit	48.2583333	-121.2833333	outside_boundary_exact	Washington, Snohomish County	Mt. Baker-Snoqualmie National Forest, plot 2, off Road 2680	https://lichenportal.org/portal/collections/individual/index.php?occid=89616
90102	ASU	NA	B.D. Ryan	30200	4.15	116.97	Washington	Skagit	48.2583333	-121.2833333	outside_boundary_exact	Washington, Snohomish County	Mt. Baker-Snoqualmie National Forest, plot 2, off Road 2680	https://lichenportal.org/portal/collections/individual/index.php?occid=90102
90106	ASU	NA	B.D. Ryan	30452	4.15	116.97	Washington	Skagit	48.2583333	-121.2833333	outside_boundary_exact	Washington, Snohomish County	Mt. Baker-Snoqualmie National Forest, plot 2, off Road 2680	https://lichenportal.org/portal/collections/individual/index.php?occid=90106
90108	ASU	NA	B.D. Ryan	30466	4.15	116.97	Washington	Skagit	48.2583333	-121.2833333	outside_boundary_exact	Washington, Snohomish County	Mt. Baker-Snoqualmie National Forest, plot 2, off Road 2680	https://lichenportal.org/portal/collections/individual/index.php?occid=90108
90109	ASU	NA	B.D. Ryan	30467-b	4.15	116.97	Washington	Skagit	48.2583333	-121.2833333	outside_boundary_exact	Washington, Snohomish County	Mt. Baker-Snoqualmie National Forest, below plot 2, off Road 2680	https://lichenportal.org/portal/collections/individual/index.php?occid=90109
90312	ASU	NA	B.D. Ryan	30673	4.15	116.97	Washington	Skagit	48.2583333	-121.2833333	outside_boundary_exact	Washington, Snohomish County	Mt. Baker-Snoqualmie National Forest, along Road 2680	https://lichenportal.org/portal/collections/individual/index.php?occid=90312
90619	ASU	NA	B.D. Ryan	30233	4.15	116.97	Washington	Skagit	48.2583333	-121.2833333	outside_boundary_exact	Washington, Snohomish County	Mt. Baker-Snoqualmie National Forest, below plot 2, off Road 2680	https://lichenportal.org/portal/collections/individual/index.php?occid=90619
90716	ASU	NA	B.D. Ryan	32472	4.15	116.97	Washington	Skagit	48.2583333	-121.2833333	outside_boundary_exact	Washington, Snohomish County	Mt. Baker-Snoqualmie National Forest, plot 2, off Road 2680	https://lichenportal.org/portal/collections/individual/index.php?occid=90716
90721	ASU	NA	B.D. Ryan	30447	4.15	116.97	Washington	Skagit	48.2583333	-121.2833333	outside_boundary_exact	Washington, Snohomish County	Mt. Baker-Snoqualmie National Forest, below plot 2, off Road 2680	https://lichenportal.org/portal/collections/individual/index.php?occid=90721
93789	ASU	NA	B.D. Ryan	30449-b	4.15	116.97	Washington	Skagit	48.2583333	-121.2833333	outside_boundary_exact	Washington, Snohomish County	Mt. Baker-Snoqualmie National Forest, plot 2, off Road 2680	https://lichenportal.org/portal/collections/individual/index.php?occid=93789
93790	ASU	NA	B.D. Ryan	30450-d	4.15	116.97	Washington	Skagit	48.2583333	-121.2833333	outside_boundary_exact	Washington, Snohomish County	Mt. Baker-Snoqualmie National Forest, plot 2, off Road 2680	https://lichenportal.org/portal/collections/individual/index.php?occid=93790
93792	ASU	NA	B.D. Ryan	32475	4.15	116.97	Washington	Skagit	48.2583333	-121.2833333	outside_boundary_exact	Washington, Snohomish County	Mt. Baker-Snoqualmie National Forest, plot 2, off Road 2680	https://lichenportal.org/portal/collections/individual/index.php?occid=93792
95384	ASU	NA	B.D. Ryan	30219	4.15	116.97	Washington	Skagit	48.2583333	-121.2833333	outside_boundary_exact	Washington, Snohomish County	Mt. Baker-Snoqualmie National Forest, plot 2, off Road 2680	https://lichenportal.org/portal/collections/individual/index.php?occid=95384
95385	ASU	NA	B.D. Ryan	30223-a	4.15	116.97	Washington	Skagit	48.2583333	-121.2833333	outside_boundary_exact	Washington, Snohomish County	Mt. Baker-Snoqualmie National Forest, plot 2, off Road 2680	https://lichenportal.org/portal/collections/individual/index.php?occid=95385
95387	ASU	NA	B.D. Ryan	30458	4.15	116.97	Washington	Skagit	48.2583333	-121.2833333	outside_boundary_exact	Washington, Snohomish County	Mt. Baker-Snoqualmie National Forest, plot 2, off Road 2680	https://lichenportal.org/portal/collections/individual/index.php?occid=95387
95988	ASU	NA	B.D. Ryan	30230	4.15	116.97	Washington	Skagit	48.2583333	-121.2833333	outside_boundary_exact	Washington, Snohomish County	Mt. Baker-Snoqualmie National Forest, plot 2, off Road 2680	https://lichenportal.org/portal/collections/individual/index.php?occid=95988
95994	ASU	NA	B.D. Ryan	30228	4.15	116.97	Washington	Skagit	48.2583333	-121.2833333	outside_boundary_exact	Washington, Snohomish County	Mt. Baker-Snoqualmie National Forest, plot 2, off Road 2680	https://lichenportal.org/portal/collections/individual/index.php?occid=95994
96068	ASU	NA	B.D. Ryan	30215	4.15	116.97	Washington	Skagit	48.2583333	-121.2833333	outside_boundary_exact	Washington, Snohomish County	Mt. Baker-Snoqualmie National Forest, plot 2, off Road 2680	https://lichenportal.org/portal/collections/individual/index.php?occid=96068
96073	ASU	NA	B.D. Ryan	30446-a	4.15	116.97	Washington	Skagit	48.2583333	-121.2833333	outside_boundary_exact	Washington, Snohomish County	Mt. Baker-Snoqualmie National Forest, plot 2, off Road 2680	https://lichenportal.org/portal/collections/individual/index.php?occid=96073
96074	ASU	NA	B.D. Ryan	30459-a	4.15	116.97	Washington	Skagit	48.2583333	-121.2833333	outside_boundary_exact	Washington, Snohomish County	Mt. Baker-Snoqualmie National Forest, plot 2, off Road 2680	https://lichenportal.org/portal/collections/individual/index.php?occid=96074
96078	ASU	NA	B.D. Ryan	30685	4.15	116.97	Washington	Skagit	48.2583333	-121.2833333	outside_boundary_exact	Washington, Snohomish County	Mt. Baker-Snoqualmie National Forest, along Road 2680	https://lichenportal.org/portal/collections/individual/index.php?occid=96078
96233	ASU	NA	B.D. Ryan	30450-b	4.15	116.97	Washington	Skagit	48.2583333	-121.2833333	outside_boundary_exact	Washington, Snohomish County	Mt. Baker-Snoqualmie National Forest, below plot 2, off Road 2680	https://lichenportal.org/portal/collections/individual/index.php?occid=96233
96234	ASU	NA	B.D. Ryan	30455-b	4.15	116.97	Washington	Skagit	48.2583333	-121.2833333	outside_boundary_exact	Washington, Snohomish County	Mt. Baker-Snoqualmie National Forest, plot 2, off Road 2680	https://lichenportal.org/portal/collections/individual/index.php?occid=96234
96235	ASU	NA	B.D. Ryan	30458-b	4.15	116.97	Washington	Skagit	48.2583333	-121.2833333	outside_boundary_exact	Washington, Snohomish County	Mt. Baker-Snoqualmie National Forest, plot 2, off Road 2680	https://lichenportal.org/portal/collections/individual/index.php?occid=96235
96465	ASU	NA	B.D. Ryan	30203	4.15	116.97	Washington	Skagit	48.2583333	-121.2833333	outside_boundary_exact	Washington, Snohomish County	Mt. Baker-Snoqualmie National Forest, plot 2, off Road 2680	https://lichenportal.org/portal/collections/individual/index.php?occid=96465
96468	ASU	NA	B.D. Ryan	30454	4.15	116.97	Washington	Skagit	48.2583333	-121.2833333	outside_boundary_exact	Washington, Snohomish County	Mt. Baker-Snoqualmie National Forest, plot 2, off Road 2680	https://lichenportal.org/portal/collections/individual/index.php?occid=96468
97237	ASU	NA	B.D. Ryan	30691	4.15	116.97	Washington	Skagit	48.2583333	-121.2833333	outside_boundary_exact	Washington, Snohomish County	Mt. Baker-Snoqualmie National Forest, along Road 2680	https://lichenportal.org/portal/collections/individual/index.php?occid=97237
97269	ASU	NA	B.D. Ryan	30208	4.15	116.97	Washington	Skagit	48.2583333	-121.2833333	outside_boundary_exact	Washington, Snohomish County	Mt. Baker-Snoqualmie National Forest, plot 2, off Road 2680	https://lichenportal.org/portal/collections/individual/index.php?occid=97269
98516	ASU	NA	B.D. Ryan	30202	4.15	116.97	Washington	Skagit	48.2583333	-121.2833333	outside_boundary_exact	Washington, Snohomish County	Mt. Baker-Snoqualmie National Forest, plot 2, off Road 2680	https://lichenportal.org/portal/collections/individual/index.php?occid=98516
98524	ASU	NA	B.D. Ryan	30689	4.15	116.97	Washington	Skagit	48.2583333	-121.2833333	outside_boundary_exact	Washington, Snohomish County	Mt. Baker-Snoqualmie National Forest, along Road 2680	https://lichenportal.org/portal/collections/individual/index.php?occid=98524
98543	ASU	NA	B.D. Ryan	30448	4.15	116.97	Washington	Skagit	48.2583333	-121.2833333	outside_boundary_exact	Washington, Snohomish County	Mt. Baker-Snoqualmie National Forest, below plot 2, off Road 2680	https://lichenportal.org/portal/collections/individual/index.php?occid=98543
99031	ASU	NA	B.D. Ryan	30445	4.15	116.97	Washington	Skagit	48.2583333	-121.2833333	outside_boundary_exact	Washington, Snohomish County	Mt. Baker-Snoqualmie National Forest, below plot 2, off Road 2680	https://lichenportal.org/portal/collections/individual/index.php?occid=99031
99032	ASU	NA	B.D. Ryan	30461-b	4.15	116.97	Washington	Skagit	48.2583333	-121.2833333	outside_boundary_exact	Washington, Snohomish County	Mt. Baker-Snoqualmie National Forest, plot 2, off Road 2680	https://lichenportal.org/portal/collections/individual/index.php?occid=99032
99036	ASU	NA	B.D. Ryan	30683	4.15	116.97	Washington	Skagit	48.2583333	-121.2833333	outside_boundary_exact	Washington, Snohomish County	Mt. Baker-Snoqualmie National Forest, along Road 2680	https://lichenportal.org/portal/collections/individual/index.php?occid=99036
99759	ASU	NA	B.D. Ryan	30464-a	4.15	116.97	Washington	Skagit	48.2583333	-121.2833333	outside_boundary_exact	Washington, Snohomish County	Mt. Baker-Snoqualmie National Forest, plot 2, off Road 2680	https://lichenportal.org/portal/collections/individual/index.php?occid=99759
99762	ASU	NA	B.D. Ryan	30209	4.15	116.97	Washington	Skagit	48.2583333	-121.2833333	outside_boundary_exact	Washington, Snohomish County	Mt. Baker-Snoqualmie National Forest, plot 2, off Road 2680	https://lichenportal.org/portal/collections/individual/index.php?occid=99762
99837	ASU	NA	B.D. Ryan	30707-f	4.15	116.97	Washington	Skagit	48.2583333	-121.2833333	outside_boundary_exact	Washington, Snohomish County	Mt. Baker-Snoqualmie National Forest, along Road 2680	https://lichenportal.org/portal/collections/individual/index.php?occid=99837
99850	ASU	NA	B.D. Ryan	30232-b	4.15	116.97	Washington	Skagit	48.2583333	-121.2833333	outside_boundary_exact	Washington, Snohomish County	Mt. Baker-Snoqualmie National Forest, below plot 2, off Road 2680	https://lichenportal.org/portal/collections/individual/index.php?occid=99850
102843	ASU	NA	B.D. Ryan	30449	4.15	116.97	Washington	Skagit	48.2583333	-121.2833333	outside_boundary_exact	Washington, Snohomish County	Mt. Baker-Snoqualmie National Forest, below plot 2, off Road 2680	https://lichenportal.org/portal/collections/individual/index.php?occid=102843
102846	ASU	NA	B.D. Ryan	30458	4.15	116.97	Washington	Skagit	48.2583333	-121.2833333	outside_boundary_exact	Washington, Snohomish County	Mt. Baker-Snoqualmie National Forest, plot 2, off Road 2680	https://lichenportal.org/portal/collections/individual/index.php?occid=102846
102941	ASU	NA	B.D. Ryan	30232-a	4.15	116.97	Washington	Skagit	48.2583333	-121.2833333	outside_boundary_exact	Washington, Snohomish County	Mt. Baker-Snoqualmie National Forest, below plot 2, off Road 2680	https://lichenportal.org/portal/collections/individual/index.php?occid=102941
706923	ASU	ASUL005506	B.D. Ryan	32473	4.15	116.97	Washington	Skagit	48.258333333333	-121.28333333333	outside_boundary_exact	Washington, Snohomish County	Plot 2 (2000 ft), off Rd 2680	https://lichenportal.org/portal/collections/individual/index.php?occid=706923
2698510	ASU	NA	B.D. Ryan	32494	4.15	116.97	Washington	Skagit	48.2583333	-121.2833333	outside_boundary_exact	Washington, Snohomish County	Mt. Baker-Snoqualmie National Forest, plot 2, off Road 2680	https://lichenportal.org/portal/collections/individual/index.php?occid=2698510
2745118	ASU	ASUL005412	B.D. Ryan	30438-b	4.15	116.97	Washington	Skagit	48.2583333	-121.2833333	outside_boundary_exact	Washington, Snohomish County	Mt. Baker-Snoqualmie National Forest, below plot 2, off Road 2680	https://lichenportal.org/portal/collections/individual/index.php?occid=2745118
77042	ASU	ASUL034520	B.D. Ryan	30025	4.14	114.62	Washington	Skagit	48.2583333	-121.3166667	outside_boundary_exact	Washington, Snohomish County	Mt. Baker-Snoqualmie National Forest, small road S of FS Road 26, mile 16-17, E of Buck Creek Campground	https://lichenportal.org/portal/collections/individual/index.php?occid=77042
81124	ASU	NA	B.D. Ryan	30008	4.14	114.62	Washington	Skagit	48.2583333	-121.3166667	outside_boundary_exact	Washington, Snohomish County	Mt. Baker-Snoqualmie National Forest, small road S of FS Road 26, mile 16-17, E of Buck Creek Campground	https://lichenportal.org/portal/collections/individual/index.php?occid=81124
82521	ASU	NA	B.D. Ryan	30032-b	4.14	114.62	Washington	Skagit	48.2583333	-121.3166667	outside_boundary_exact	Washington, Snohomish County	Mt. Baker-Snoqualmie National Forest, small road S of FS Road 26, mile 16-17, E of Buck Creek Campground	https://lichenportal.org/portal/collections/individual/index.php?occid=82521
84684	ASU	NA	B.D. Ryan	30017	4.14	114.62	Washington	Skagit	48.2583333	-121.3166667	outside_boundary_exact	Washington, Snohomish County	Mt. Baker-Snoqualmie National Forest, small road S of FS Road 26, mile 16-17, E of Buck Creek Campground	https://lichenportal.org/portal/collections/individual/index.php?occid=84684
90096	ASU	NA	B.D. Ryan	30032-a	4.14	114.62	Washington	Skagit	48.2583333	-121.3166667	outside_boundary_exact	Washington, Snohomish County	Mt. Baker-Snoqualmie National Forest, small road S of FS Road 26, mile 16-17, E of Buck Creek Campground	https://lichenportal.org/portal/collections/individual/index.php?occid=90096
90236	ASU	NA	B.D. Ryan	30030	4.14	114.62	Washington	Skagit	48.2583333	-121.3166667	outside_boundary_exact	Washington, Snohomish County	Mt. Baker-Snoqualmie National Forest, small road S of FS Road 26, mile 16-17, E of Buck Creek Campground	https://lichenportal.org/portal/collections/individual/index.php?occid=90236
90237	ASU	NA	B.D. Ryan	30034-b	4.14	114.62	Washington	Skagit	48.2583333	-121.3166667	outside_boundary_exact	Washington, Snohomish County	Mt. Baker-Snoqualmie National Forest, small road S of FS Road 26, mile 16-17, E of Buck Creek Campground	https://lichenportal.org/portal/collections/individual/index.php?occid=90237
90307	ASU	NA	B.D. Ryan	30013	4.14	114.62	Washington	Skagit	48.2583333	-121.3166667	outside_boundary_exact	Washington, Snohomish County	Mt. Baker-Snoqualmie National Forest, small road S of FS Road 26, mile 16-17, E of Buck Creek Campground	https://lichenportal.org/portal/collections/individual/index.php?occid=90307
90662	ASU	NA	B.D. Ryan	30034-a	4.14	114.62	Washington	Skagit	48.2583333	-121.3166667	outside_boundary_exact	Washington, Snohomish County	Mt. Baker-Snoqualmie National Forest, small road S of FS Road 26, mile 16-17, E of Buck Creek Campground	https://lichenportal.org/portal/collections/individual/index.php?occid=90662
90664	ASU	NA	B.D. Ryan	30031	4.14	114.62	Washington	Skagit	48.2583333	-121.3166667	outside_boundary_exact	Washington, Snohomish County	Mt. Baker-Snoqualmie National Forest, small road S of FS Road 26, mile 16-17, E of Buck Creek Campground	https://lichenportal.org/portal/collections/individual/index.php?occid=90664
90665	ASU	NA	B.D. Ryan	30033	4.14	114.62	Washington	Skagit	48.2583333	-121.3166667	outside_boundary_exact	Washington, Snohomish County	Mt. Baker-Snoqualmie National Forest, small road S of FS Road 26, mile 16-17, E of Buck Creek Campground	https://lichenportal.org/portal/collections/individual/index.php?occid=90665
90704	ASU	NA	B.D. Ryan	30012	4.14	114.62	Washington	Skagit	48.2583333	-121.3166667	outside_boundary_exact	Washington, Snohomish County	Mt. Baker-Snoqualmie National Forest, small road S of FS Road 26, mile 16-17, E of Buck Creek Campground	https://lichenportal.org/portal/collections/individual/index.php?occid=90704
92785	ASU	NA	B.D. Ryan	30023	4.14	114.62	Washington	Skagit	48.2583333	-121.3166667	outside_boundary_exact	Washington, Snohomish County	Mt. Baker-Snoqualmie National Forest, small road S of FS Road 26, mile 16-17, E of Buck Creek Campground	https://lichenportal.org/portal/collections/individual/index.php?occid=92785
92974	ASU	NA	B.D. Ryan	30022	4.14	114.62	Washington	Skagit	48.2583333	-121.3166667	outside_boundary_exact	Washington, Snohomish County	Mt. Baker-Snoqualmie National Forest, small road S of FS Road 26, mile 16-17, E of Buck Creek Campground	https://lichenportal.org/portal/collections/individual/index.php?occid=92974
96378	ASU	NA	B.D. Ryan	30015	4.14	114.62	Washington	Skagit	48.2583333	-121.3166667	outside_boundary_exact	Washington, Snohomish County	Mt. Baker-Snoqualmie National Forest, small road S of FS Road 26, mile 16-17, E of Buck Creek Campground	https://lichenportal.org/portal/collections/individual/index.php?occid=96378
96379	ASU	NA	B.D. Ryan	30019	4.14	114.62	Washington	Skagit	48.2583333	-121.3166667	outside_boundary_exact	Washington, Snohomish County	Mt. Baker-Snoqualmie National Forest, small road S of FS Road 26, mile 16-17, E of Buck Creek Campground	https://lichenportal.org/portal/collections/individual/index.php?occid=96379
97242	ASU	NA	B.D. Ryan	30014	4.14	114.62	Washington	Skagit	48.2583333	-121.3166667	outside_boundary_exact	Washington, Snohomish County	Mt. Baker-Snoqualmie National Forest, small road S of FS Road 26, mile 16-17, E of Buck Creek Campground	https://lichenportal.org/portal/collections/individual/index.php?occid=97242
98506	ASU	NA	B.D. Ryan	30010	4.14	114.62	Washington	Skagit	48.2583333	-121.3166667	outside_boundary_exact	Washington, Snohomish County	Mt. Baker-Snoqualmie National Forest, small road S of FS Road 26, mile 16-17, E of Buck Creek Campground	https://lichenportal.org/portal/collections/individual/index.php?occid=98506
99030	ASU	NA	B.D. Ryan	30007	4.14	114.62	Washington	Skagit	48.2583333	-121.3166667	outside_boundary_exact	Washington, Snohomish County	Mt. Baker-Snoqualmie National Forest, small road S of FS Road 26, mile 16-17, E of Buck Creek Campground	https://lichenportal.org/portal/collections/individual/index.php?occid=99030
99848	ASU	NA	B.D. Ryan	30032-b	4.14	114.62	Washington	Skagit	48.2583333	-121.3166667	outside_boundary_exact	Washington, Snohomish County	Mt. Baker-Snoqualmie National Forest, small road S of FS Road 26, mile 16-17, E of Buck Creek Campground	https://lichenportal.org/portal/collections/individual/index.php?occid=99848
99852	ASU	NA	B.D. Ryan	30018	4.14	114.62	Washington	Skagit	48.2583333	-121.3166667	outside_boundary_exact	Washington, Snohomish County	Mt. Baker-Snoqualmie National Forest, small road S of FS Road 26, mile 16-17, E of Buck Creek Campground	https://lichenportal.org/portal/collections/individual/index.php?occid=99852
100214	ASU	ASUL015980	B.D. Ryan	30009	4.14	114.62	Washington	Skagit	48.2583333	-121.3166667	outside_boundary_exact	Washington, Snohomish County	Mt. Baker-Snoqualmie National Forest, small road S of FS Road 26, mile 16-17, E of Buck Creek Campground	https://lichenportal.org/portal/collections/individual/index.php?occid=100214
2244261	ASU	NA	B.D. Ryan	16657-b	3.53	161.21	Washington	Yakima	46.94886	-121.50158	outside_boundary_exact	Washington, Pierce County	W side of Crystal Peak, on E boundary of Mt. Rainier National Park, 4 km N of Chinook Pass	https://lichenportal.org/portal/collections/individual/index.php?occid=2244261
64625	ASU	NA	B.D. Ryan	30568-a	3.24	118.44	Washington	Skagit	48.2666667	-121.2583333	outside_boundary_exact	Washington, Snohomish County	Mt. Baker-Snoqualmie National Forest, plot 3, off road 2680	https://lichenportal.org/portal/collections/individual/index.php?occid=64625
68880	ASU	ASUL025056	B.D. Ryan	30053	3.24	119.03	Washington	Skagit	48.2666667	-121.25	outside_boundary_exact	Washington, Snohomish County	Mt. Baker-Snoqualmie National Forest, wide pull-out on FS Road 2680	https://lichenportal.org/portal/collections/individual/index.php?occid=68880
68887	ASU	NA	B.D. Ryan	30667-b	3.24	118.44	Washington	Skagit	48.2666667	-121.2583333	outside_boundary_exact	Washington, Snohomish County	Mt. Baker-Snoqualmie National Forest, along Road 2680	https://lichenportal.org/portal/collections/individual/index.php?occid=68887
68888	ASU	NA	B.D. Ryan	30678	3.24	118.44	Washington	Skagit	48.2666667	-121.2583333	outside_boundary_exact	Washington, Snohomish County	Mt. Baker-Snoqualmie National Forest, plot 3, off road 2680	https://lichenportal.org/portal/collections/individual/index.php?occid=68888
68892	ASU	NA	B.D. Ryan	30719	3.24	118.44	Washington	Skagit	48.2666667	-121.2583333	outside_boundary_exact	Washington, Snohomish County	Mt. Baker-Snoqualmie National Forest, along Road 2680	https://lichenportal.org/portal/collections/individual/index.php?occid=68892
68898	ASU	NA	B.D. Ryan	30549-a	3.24	118.44	Washington	Skagit	48.2666667	-121.2583333	outside_boundary_exact	Washington, Snohomish County	Mt. Baker-Snoqualmie National Forest, plot 3, off road 2680	https://lichenportal.org/portal/collections/individual/index.php?occid=68898
69738	ASU	ASUL013128	B.D. Ryan	30054-b	3.24	119.03	Washington	Skagit	48.2666667	-121.25	outside_boundary_exact	Washington, Snohomish County	Mt. Baker-Snoqualmie National Forest, wide pull-out on FS Road 2680	https://lichenportal.org/portal/collections/individual/index.php?occid=69738
69739	ASU	ASUL013129	B.D. Ryan	32497	3.24	118.44	Washington	Skagit	48.2666667	-121.2583333	outside_boundary_exact	Washington, Snohomish County	Mt. Baker-Snoqualmie National Forest, plot 3, off road 2680	https://lichenportal.org/portal/collections/individual/index.php?occid=69739
70677	ASU	ASUL017929	B.D. Ryan	30056	3.24	118.44	Washington	Skagit	48.2666667	-121.2583333	outside_boundary_exact	Washington, Snohomish County	Mt. Baker-Snoqualmie National Forest, along road 2680	https://lichenportal.org/portal/collections/individual/index.php?occid=70677
70746	ASU	ASUL017853	B.D. Ryan	30552	3.24	118.44	Washington	Skagit	48.2666667	-121.2583333	outside_boundary_exact	Washington, Snohomish County	Mt. Baker-Snoqualmie National Forest, plot 3, off Road 2680	https://lichenportal.org/portal/collections/individual/index.php?occid=70746
70750	ASU	ASUL017855	B.D. Ryan	30050	3.24	119.03	Washington	Skagit	48.2666667	-121.25	outside_boundary_exact	Washington, Snohomish County	Mt. Baker-Snoqualmie National Forest, wide pull-out on FS Road 2680	https://lichenportal.org/portal/collections/individual/index.php?occid=70750
70755	ASU	ASUL017860	B.D. Ryan	30667-a	3.24	118.44	Washington	Skagit	48.2666667	-121.2583333	outside_boundary_exact	Washington, Snohomish County	Mt. Baker-Snoqualmie National Forest, along Road 2680	https://lichenportal.org/portal/collections/individual/index.php?occid=70755
70757	ASU	ASUL017862	B.D. Ryan	30056-a	3.24	119.03	Washington	Skagit	48.2666667	-121.25	outside_boundary_exact	Washington, Snohomish County	Mt. Baker-Snoqualmie National Forest, wide pull-out on FS Road 2680	https://lichenportal.org/portal/collections/individual/index.php?occid=70757
71013	ASU	ASUL013957	B.D. Ryan	30054--F	3.24	119.03	Washington	Skagit	48.2666667	-121.25	outside_boundary_exact	Washington, Snohomish County	Mt. Baker-Snoqualmie National Forest, wide pull-out on FS Road 2680	https://lichenportal.org/portal/collections/individual/index.php?occid=71013
71014	ASU	ASUL013958	B.D. Ryan	30056-c	3.24	119.03	Washington	Skagit	48.2666667	-121.25	outside_boundary_exact	Washington, Snohomish County	Mt. Baker-Snoqualmie National Forest, wide pull-out on FS Road 2680	https://lichenportal.org/portal/collections/individual/index.php?occid=71014
71019	ASU	ASUL013966	B.D. Ryan	30667--b	3.24	118.44	Washington	Skagit	48.2666667	-121.2583333	outside_boundary_exact	Washington, Snohomish County	Mt. Baker-Snoqualmie National Forest, along Road 2680	https://lichenportal.org/portal/collections/individual/index.php?occid=71019
71183	ASU	ASUL014098	B.D. Ryan	30056--b	3.24	119.03	Washington	Skagit	48.2666667	-121.25	outside_boundary_exact	Washington, Snohomish County	Mt. Baker-Snoqualmie National Forest, wide pull-out on FS Road 2680	https://lichenportal.org/portal/collections/individual/index.php?occid=71183
71367	ASU	NA	B.D. Ryan	30547-a	3.24	118.44	Washington	Skagit	48.2666667	-121.2583333	outside_boundary_exact	Washington, Snohomish County	Mt. Baker-Snoqualmie National Forest, plot 3, off road 2680	https://lichenportal.org/portal/collections/individual/index.php?occid=71367
73258	ASU	ASUL046002	B.D. Ryan	30557-b	3.24	118.44	Washington	Skagit	48.2666667	-121.2583333	outside_boundary_exact	Washington, Snohomish County	Mt. Baker-Snoqualmie National Forest, along Road 2680	https://lichenportal.org/portal/collections/individual/index.php?occid=73258
73884	ASU	ASUL035078	B.D. Ryan	30060-a	3.24	119.03	Washington	Skagit	48.2666667	-121.25	outside_boundary_exact	Washington, Snohomish County	Mt. Baker-Snoqualmie National Forest, wide pull-out on FS Road 2680	https://lichenportal.org/portal/collections/individual/index.php?occid=73884
73886	ASU	ASUL035080	B.D. Ryan	30582-a	3.24	118.44	Washington	Skagit	48.2666667	-121.2583333	outside_boundary_exact	Washington, Snohomish County	Mt. Baker-Snoqualmie National Forest, along Road 2680	https://lichenportal.org/portal/collections/individual/index.php?occid=73886
74589	ASU	ASUL024293	B.D. Ryan	30257	3.24	118.44	Washington	Skagit	48.2666667	-121.2583333	outside_boundary_exact	Washington, Snohomish County	Mt. Baker-Snoqualmie National Forest, plot 3, off Road 2680	https://lichenportal.org/portal/collections/individual/index.php?occid=74589
74923	ASU	ASUL024491	B.D. Ryan	30660-a	3.24	118.44	Washington	Skagit	48.2666667	-121.2583333	outside_boundary_exact	Washington, Snohomish County	Mt. Baker-Snoqualmie National Forest, along Road 2680	https://lichenportal.org/portal/collections/individual/index.php?occid=74923
75683	ASU	ASUL011539	B.D. Ryan	30656	3.24	118.44	Washington	Skagit	48.2666667	-121.2583333	outside_boundary_exact	Washington, Snohomish County	Mt. Baker-Snoqualmie National Forest, along Road 2680	https://lichenportal.org/portal/collections/individual/index.php?occid=75683
76009	ASU	ASUL035076	B.D. Ryan	30583-b	3.24	118.44	Washington	Skagit	48.2666667	-121.2583333	outside_boundary_exact	Washington, Snohomish County	Mt. Baker-Snoqualmie National Forest, plot 3, off Road 2680	https://lichenportal.org/portal/collections/individual/index.php?occid=76009
76010	ASU	ASUL035073	B.D. Ryan	30597-a	3.24	118.44	Washington	Skagit	48.2666667	-121.2583333	outside_boundary_exact	Washington, Snohomish County	Mt. Baker-Snoqualmie National Forest, plot 3, off Road 2680	https://lichenportal.org/portal/collections/individual/index.php?occid=76010
77041	ASU	ASUL034519	B.D. Ryan	30060-b	3.24	119.03	Washington	Skagit	48.2666667	-121.25	outside_boundary_exact	Washington, Snohomish County	Mt. Baker-Snoqualmie National Forest, wide pull-out on FS Road 2680	https://lichenportal.org/portal/collections/individual/index.php?occid=77041
77095	ASU	NA	B.D. Ryan	30668	3.24	118.44	Washington	Skagit	48.2666667	-121.2583333	outside_boundary_exact	Washington, Snohomish County	Mt. Baker-Snoqualmie National Forest, along Road 2680	https://lichenportal.org/portal/collections/individual/index.php?occid=77095
77200	ASU	ASUL035300	B.D. Ryan	30062	3.24	119.03	Washington	Skagit	48.2666667	-121.25	outside_boundary_exact	Washington, Snohomish County	Mt. Baker-Snoqualmie National Forest, wide pull-out on FS Road 2680	https://lichenportal.org/portal/collections/individual/index.php?occid=77200
77203	ASU	ASUL035306	B.D. Ryan	30597-b	3.24	118.44	Washington	Skagit	48.2666667	-121.2583333	outside_boundary_exact	Washington, Snohomish County	Mt. Baker-Snoqualmie National Forest, plot 3, off Road 2680	https://lichenportal.org/portal/collections/individual/index.php?occid=77203
77223	ASU	ASUL035291	B.D. Ryan	30583-a	3.24	118.44	Washington	Skagit	48.2666667	-121.2583333	outside_boundary_exact	Washington, Snohomish County	Mt. Baker-Snoqualmie National Forest, plot 3, off Road 2680	https://lichenportal.org/portal/collections/individual/index.php?occid=77223
77224	ASU	ASUL035292	B.D. Ryan	30654-a	3.24	118.44	Washington	Skagit	48.2666667	-121.2583333	outside_boundary_exact	Washington, Snohomish County	Mt. Baker-Snoqualmie National Forest, along Road 2680	https://lichenportal.org/portal/collections/individual/index.php?occid=77224
77420	ASU	ASUL011062	B.D. Ryan	30661	3.24	118.44	Washington	Skagit	48.2666667	-121.2583333	outside_boundary_exact	Washington, Snohomish County	Mt. Baker-Snoqualmie National Forest, along Road 2680	https://lichenportal.org/portal/collections/individual/index.php?occid=77420
79756	ASU	NA	B.D. Ryan	30063	3.24	119.03	Washington	Skagit	48.2666667	-121.25	outside_boundary_exact	Washington, Snohomish County	Mt. Baker-Snoqualmie National Forest, wide pull-out on FS Road 2680	https://lichenportal.org/portal/collections/individual/index.php?occid=79756
79759	ASU	NA	B.D. Ryan	30663	3.24	118.44	Washington	Skagit	48.2666667	-121.2583333	outside_boundary_exact	Washington, Snohomish County	Mt. Baker-Snoqualmie National Forest, along Road 2680	https://lichenportal.org/portal/collections/individual/index.php?occid=79759
79897	ASU	NA	B.D. Ryan	30675-d	3.24	118.44	Washington	Skagit	48.2666667	-121.2583333	outside_boundary_exact	Washington, Snohomish County	Mt. Baker-Snoqualmie National Forest, along Road 2680	https://lichenportal.org/portal/collections/individual/index.php?occid=79897
80955	ASU	NA	B.D. Ryan	30578-a	3.24	118.44	Washington	Skagit	48.2666667	-121.2583333	outside_boundary_exact	Washington, Snohomish County	Mt. Baker-Snoqualmie National Forest, plot 3, off Road 2680	https://lichenportal.org/portal/collections/individual/index.php?occid=80955
81102	ASU	NA	B.D. Ryan	30237-c	3.24	118.44	Washington	Skagit	48.2666667	-121.2583333	outside_boundary_exact	Washington, Snohomish County	Mt. Baker-Snoqualmie National Forest, plot 3, off road 2680	https://lichenportal.org/portal/collections/individual/index.php?occid=81102
81139	ASU	NA	B.D. Ryan	30666-b	3.24	118.44	Washington	Skagit	48.2666667	-121.2583333	outside_boundary_exact	Washington, Snohomish County	Mt. Baker-Snoqualmie National Forest, along Road 2680	https://lichenportal.org/portal/collections/individual/index.php?occid=81139
81245	ASU	NA	B.D. Ryan	30561-d	3.24	118.44	Washington	Skagit	48.2666667	-121.2583333	outside_boundary_exact	Washington, Snohomish County	Mt. Baker-Snoqualmie National Forest, plot 3, off Road 2680	https://lichenportal.org/portal/collections/individual/index.php?occid=81245
81269	ASU	NA	B.D. Ryan	30666-a	3.24	118.44	Washington	Skagit	48.2666667	-121.2583333	outside_boundary_exact	Washington, Snohomish County	Mt. Baker-Snoqualmie National Forest, along Road 2680	https://lichenportal.org/portal/collections/individual/index.php?occid=81269
81292	ASU	NA	B.D. Ryan	30667-e	3.24	118.44	Washington	Skagit	48.2666667	-121.2583333	outside_boundary_exact	Washington, Snohomish County	Mt. Baker-Snoqualmie National Forest, along Road 2680	https://lichenportal.org/portal/collections/individual/index.php?occid=81292
81412	ASU	NA	B.D. Ryan	30664	3.24	118.44	Washington	Skagit	48.2666667	-121.2583333	outside_boundary_exact	Washington, Snohomish County	Mt. Baker-Snoqualmie National Forest, along Road 2680	https://lichenportal.org/portal/collections/individual/index.php?occid=81412
81430	ASU	NA	B.D. Ryan	30241	3.24	118.44	Washington	Skagit	48.2666667	-121.2583333	outside_boundary_exact	Washington, Snohomish County	Mt. Baker-Snoqualmie National Forest, plot 3, off Road 2680	https://lichenportal.org/portal/collections/individual/index.php?occid=81430
81435	ASU	NA	B.D. Ryan	30675-c	3.24	118.44	Washington	Skagit	48.2666667	-121.2583333	outside_boundary_exact	Washington, Snohomish County	Mt. Baker-Snoqualmie National Forest, along Road 2680	https://lichenportal.org/portal/collections/individual/index.php?occid=81435
81436	ASU	NA	B.D. Ryan	30055	3.24	119.03	Washington	Skagit	48.2666667	-121.25	outside_boundary_exact	Washington, Snohomish County	Mt. Baker-Snoqualmie National Forest, wide pull-out on FS Road 2680	https://lichenportal.org/portal/collections/individual/index.php?occid=81436
81454	ASU	NA	B.D. Ryan	30242-c	3.24	118.44	Washington	Skagit	48.2666667	-121.2583333	outside_boundary_exact	Washington, Snohomish County	Mt. Baker-Snoqualmie National Forest, plot 3, off Road 2680	https://lichenportal.org/portal/collections/individual/index.php?occid=81454
82230	ASU	NA	B.D. Ryan	30581	3.24	118.44	Washington	Skagit	48.2666667	-121.2583333	outside_boundary_exact	Washington, Snohomish County	Mt. Baker-Snoqualmie National Forest, plot 3, off Road 2680	https://lichenportal.org/portal/collections/individual/index.php?occid=82230
82238	ASU	NA	B.D. Ryan	30255-b	3.24	118.44	Washington	Skagit	48.2666667	-121.2583333	outside_boundary_exact	Washington, Snohomish County	Mt. Baker-Snoqualmie National Forest, plot 3, off Road 2680	https://lichenportal.org/portal/collections/individual/index.php?occid=82238
82239	ASU	NA	B.D. Ryan	30578-c	3.24	118.44	Washington	Skagit	48.2666667	-121.2583333	outside_boundary_exact	Washington, Snohomish County	Mt. Baker-Snoqualmie National Forest. Below plot 3, off road 2680.	https://lichenportal.org/portal/collections/individual/index.php?occid=82239
82241	ASU	NA	B.D. Ryan	30568-b	3.24	118.44	Washington	Skagit	48.2666667	-121.2583333	outside_boundary_exact	Washington, Snohomish County	Mt. Baker-Snoqualmie National Forest, plot 3, off road 2680	https://lichenportal.org/portal/collections/individual/index.php?occid=82241
84029	ASU	NA	B.D. Ryan	30561-c	3.24	118.44	Washington	Skagit	48.2666667	-121.2583333	outside_boundary_exact	Washington, Snohomish County	Mt. Baker-Snoqualmie National Forest, plot 3, off Road 2680	https://lichenportal.org/portal/collections/individual/index.php?occid=84029
84928	ASU	NA	B.D. Ryan	30250-a	3.24	118.44	Washington	Skagit	48.2666667	-121.2583333	outside_boundary_exact	Washington, Snohomish County	Mt. Baker-Snoqualmie National Forest, plot 3, off Road 2680	https://lichenportal.org/portal/collections/individual/index.php?occid=84928
84933	ASU	NA	B.D. Ryan	30553	3.24	118.44	Washington	Skagit	48.2666667	-121.2583333	outside_boundary_exact	Washington, Snohomish County	Mt. Baker-Snoqualmie National Forest, plot 3, off Road 2680	https://lichenportal.org/portal/collections/individual/index.php?occid=84933
84936	ASU	NA	B.D. Ryan	30604-a	3.24	118.44	Washington	Skagit	48.2666667	-121.2583333	outside_boundary_exact	Washington, Snohomish County	Mt. Baker-Snoqualmie National Forest, below plot 3, off road 2680	https://lichenportal.org/portal/collections/individual/index.php?occid=84936
85002	ASU	NA	B.D. Ryan	30236	3.24	118.44	Washington	Skagit	48.2666667	-121.2583333	outside_boundary_exact	Washington, Snohomish County	Mt. Baker-Snoqualmie National Forest, plot 3, off Road 2680	https://lichenportal.org/portal/collections/individual/index.php?occid=85002
85003	ASU	NA	B.D. Ryan	30565	3.24	118.44	Washington	Skagit	48.2666667	-121.2583333	outside_boundary_exact	Washington, Snohomish County	Mt. Baker-Snoqualmie National Forest, plot 3, off Road 2680	https://lichenportal.org/portal/collections/individual/index.php?occid=85003
85005	ASU	NA	B.D. Ryan	30353	3.24	118.44	Washington	Skagit	48.2666667	-121.2583333	outside_boundary_exact	Washington, Snohomish County	Mt. Baker-Snoqualmie National Forest, plot 3, off Road 2680	https://lichenportal.org/portal/collections/individual/index.php?occid=85005
85009	ASU	NA	B.D. Ryan	30250-a	3.24	118.44	Washington	Skagit	48.2666667	-121.2583333	outside_boundary_exact	Washington, Snohomish County	Mt. Baker-Snoqualmie National Forest, plot 3, off Road 2680	https://lichenportal.org/portal/collections/individual/index.php?occid=85009
85477	ASU	NA	B.D. Ryan	30562--b	3.24	118.44	Washington	Skagit	48.2666667	-121.2583333	outside_boundary_exact	Washington, Snohomish County	Mt. Baker-Snoqualmie National Forest, plot 3, off Road 2680	https://lichenportal.org/portal/collections/individual/index.php?occid=85477
85478	ASU	NA	B.D. Ryan	30563--b	3.24	118.44	Washington	Skagit	48.2666667	-121.2583333	outside_boundary_exact	Washington, Snohomish County	Mt. Baker-Snoqualmie National Forest, plot 3, off Road 2680	https://lichenportal.org/portal/collections/individual/index.php?occid=85478
85532	ASU	NA	B.D. Ryan	30560	3.24	118.44	Washington	Skagit	48.2666667	-121.2583333	outside_boundary_exact	Washington, Snohomish County	Mt. Baker-Snoqualmie National Forest, plot 3, off Road 2680	https://lichenportal.org/portal/collections/individual/index.php?occid=85532
85533	ASU	NA	B.D. Ryan	30563-c	3.24	118.44	Washington	Skagit	48.2666667	-121.2583333	outside_boundary_exact	Washington, Snohomish County	Mt. Baker-Snoqualmie National Forest, plot 3, off Road 2680	https://lichenportal.org/portal/collections/individual/index.php?occid=85533
85547	ASU	NA	B.D. Ryan	30546--a	3.24	118.44	Washington	Skagit	48.2666667	-121.2583333	outside_boundary_exact	Washington, Snohomish County	Mt. Baker-Snoqualmie National Forest, plot 3, off Road 2680	https://lichenportal.org/portal/collections/individual/index.php?occid=85547
85549	ASU	NA	B.D. Ryan	30603--b	3.24	118.44	Washington	Skagit	48.2666667	-121.2583333	outside_boundary_exact	Washington, Snohomish County	Mt. Baker-Snoqualmie National Forest, below plot 3, off road 2680	https://lichenportal.org/portal/collections/individual/index.php?occid=85549
85573	ASU	NA	B.D. Ryan	30563--a	3.24	118.44	Washington	Skagit	48.2666667	-121.2583333	outside_boundary_exact	Washington, Snohomish County	Mt. Baker-Snoqualmie National Forest, plot 3, off Road 2680	https://lichenportal.org/portal/collections/individual/index.php?occid=85573
85575	ASU	NA	B.D. Ryan	30246	3.24	118.44	Washington	Skagit	48.2666667	-121.2583333	outside_boundary_exact	Washington, Snohomish County	Mt. Baker-Snoqualmie National Forest, plot 3, off Road 2680	https://lichenportal.org/portal/collections/individual/index.php?occid=85575
85577	ASU	NA	B.D. Ryan	30054--a	3.24	119.03	Washington	Skagit	48.2666667	-121.25	outside_boundary_exact	Washington, Snohomish County	Mt. Baker-Snoqualmie National Forest, wide pull-out on FS Road 2680	https://lichenportal.org/portal/collections/individual/index.php?occid=85577
85579	ASU	NA	B.D. Ryan	30674	3.24	118.44	Washington	Skagit	48.2666667	-121.2583333	outside_boundary_exact	Washington, Snohomish County	Mt. Baker-Snoqualmie National Forest, along Road 2680	https://lichenportal.org/portal/collections/individual/index.php?occid=85579
85685	ASU	NA	B.D. Ryan	30052	3.24	119.03	Washington	Skagit	48.2666667	-121.25	outside_boundary_exact	Washington, Snohomish County	Mt. Baker-Snoqualmie National Forest, wide pull-out on FS Road 2680	https://lichenportal.org/portal/collections/individual/index.php?occid=85685
86232	ASU	NA	B.D. Ryan	30248-a	3.24	118.44	Washington	Skagit	48.2666667	-121.2583333	outside_boundary_exact	Washington, Snohomish County	Mt. Baker-Snoqualmie National Forest, plot 3, off Road 2680	https://lichenportal.org/portal/collections/individual/index.php?occid=86232
86234	ASU	NA	B.D. Ryan	30567-b	3.24	118.44	Washington	Skagit	48.2666667	-121.2583333	outside_boundary_exact	Washington, Snohomish County	Mt. Baker-Snoqualmie National Forest, plot 3, off Road 2680	https://lichenportal.org/portal/collections/individual/index.php?occid=86234
87010	ASU	NA	B.D. Ryan	30600	3.24	118.44	Washington	Skagit	48.2666667	-121.2583333	outside_boundary_exact	Washington, Snohomish County	Mt. Baker-Snoqualmie National Forest, below plot 3, off road 2680	https://lichenportal.org/portal/collections/individual/index.php?occid=87010
87012	ASU	NA	B.D. Ryan	30671-b	3.24	118.44	Washington	Skagit	48.2666667	-121.2583333	outside_boundary_exact	Washington, Snohomish County	Mt. Baker-Snoqualmie National Forest, along Road 2680	https://lichenportal.org/portal/collections/individual/index.php?occid=87012
88080	ASU	NA	B.D. Ryan	30601-c	3.24	118.44	Washington	Skagit	48.2666667	-121.2583333	outside_boundary_exact	Washington, Snohomish County	Mt. Baker-Snoqualmie National Forest, below plot 3, off road 2680	https://lichenportal.org/portal/collections/individual/index.php?occid=88080
88650	ASU	NA	B.D. Ryan	30556	3.24	118.44	Washington	Skagit	48.2666667	-121.2583333	outside_boundary_exact	Washington, Snohomish County	Mt. Baker-Snoqualmie National Forest, plot 3, off Road 2680	https://lichenportal.org/portal/collections/individual/index.php?occid=88650
88653	ASU	NA	B.D. Ryan	30671-a	3.24	118.44	Washington	Skagit	48.2666667	-121.2583333	outside_boundary_exact	Washington, Snohomish County	Mt. Baker-Snoqualmie National Forest, along Road 2680	https://lichenportal.org/portal/collections/individual/index.php?occid=88653
88657	ASU	NA	B.D. Ryan	30237--b	3.24	118.44	Washington	Skagit	48.2666667	-121.2583333	outside_boundary_exact	Washington, Snohomish County	Mt. Baker-Snoqualmie National Forest, plot 3, off Road 2680	https://lichenportal.org/portal/collections/individual/index.php?occid=88657
89342	ASU	NA	B.D. Ryan	30061	3.24	119.03	Washington	Skagit	48.2666667	-121.25	outside_boundary_exact	Washington, Snohomish County	Mt. Baker-Snoqualmie National Forest, wide pull-out on FS Road 2680	https://lichenportal.org/portal/collections/individual/index.php?occid=89342
90104	ASU	NA	B.D. Ryan	30258	3.24	118.44	Washington	Skagit	48.2666667	-121.2583333	outside_boundary_exact	Washington, Snohomish County	Mt. Baker-Snoqualmie National Forest, plot 3, off Road 2680	https://lichenportal.org/portal/collections/individual/index.php?occid=90104
90105	ASU	NA	B.D. Ryan	30259	3.24	118.44	Washington	Skagit	48.2666667	-121.2583333	outside_boundary_exact	Washington, Snohomish County	Mt. Baker-Snoqualmie National Forest, plot 3, off Road 2680	https://lichenportal.org/portal/collections/individual/index.php?occid=90105
90111	ASU	NA	B.D. Ryan	30584	3.24	118.44	Washington	Skagit	48.2666667	-121.2583333	outside_boundary_exact	Washington, Snohomish County	Mt. Baker-Snoqualmie National Forest, plot 3, off Road 2680	https://lichenportal.org/portal/collections/individual/index.php?occid=90111
90112	ASU	NA	B.D. Ryan	30596	3.24	118.44	Washington	Skagit	48.2666667	-121.2583333	outside_boundary_exact	Washington, Snohomish County	Mt. Baker-Snoqualmie National Forest, below plot 3, off road 2680	https://lichenportal.org/portal/collections/individual/index.php?occid=90112
90117	ASU	NA	B.D. Ryan	30652	3.24	118.44	Washington	Skagit	48.2666667	-121.2583333	outside_boundary_exact	Washington, Snohomish County	Mt. Baker-Snoqualmie National Forest, along Road 2680	https://lichenportal.org/portal/collections/individual/index.php?occid=90117
90118	ASU	NA	B.D. Ryan	30658	3.24	118.44	Washington	Skagit	48.2666667	-121.2583333	outside_boundary_exact	Washington, Snohomish County	Mt. Baker-Snoqualmie National Forest, along Road 2680	https://lichenportal.org/portal/collections/individual/index.php?occid=90118
90243	ASU	NA	B.D. Ryan	30651	3.24	118.44	Washington	Skagit	48.2666667	-121.2583333	outside_boundary_exact	Washington, Snohomish County	Mt. Baker-Snoqualmie National Forest, along road 2680	https://lichenportal.org/portal/collections/individual/index.php?occid=90243
90306	ASU	NA	B.D. Ryan	30602	3.24	118.44	Washington	Skagit	48.2666667	-121.2583333	outside_boundary_exact	Washington, Snohomish County	Mt. Baker-Snoqualmie National Forest, below plot 3, off road 2680	https://lichenportal.org/portal/collections/individual/index.php?occid=90306
90723	ASU	NA	B.D. Ryan	30676	3.24	118.44	Washington	Skagit	48.2666667	-121.2583333	outside_boundary_exact	Washington, Snohomish County	Mt. Baker-Snoqualmie National Forest, along Road 2680	https://lichenportal.org/portal/collections/individual/index.php?occid=90723
90893	ASU	NA	B.D. Ryan	30655	3.24	118.44	Washington	Skagit	48.2666667	-121.2583333	outside_boundary_exact	Washington, Snohomish County	Mt. Baker-Snoqualmie National Forest, along Road 2680	https://lichenportal.org/portal/collections/individual/index.php?occid=90893
92786	ASU	NA	B.D. Ryan	30598-a	3.24	118.44	Washington	Skagit	48.2666667	-121.2583333	outside_boundary_exact	Washington, Snohomish County	Mt. Baker-Snoqualmie National Forest, below plot 3, off road 2680	https://lichenportal.org/portal/collections/individual/index.php?occid=92786
94293	ASU	NA	B.D. Ryan	30057	3.24	119.03	Washington	Skagit	48.2666667	-121.25	outside_boundary_exact	Washington, Snohomish County	Mt. Baker-Snoqualmie National Forest, wide pull-out on FS Road 2680	https://lichenportal.org/portal/collections/individual/index.php?occid=94293
94296	ASU	NA	B.D. Ryan	30558	3.24	118.44	Washington	Skagit	48.2666667	-121.2583333	outside_boundary_exact	Washington, Snohomish County	Mt. Baker-Snoqualmie National Forest, plot 3, off road 2680	https://lichenportal.org/portal/collections/individual/index.php?occid=94296
94366	ASU	NA	B.D. Ryan	30054-b	3.24	119.03	Washington	Skagit	48.2666667	-121.25	outside_boundary_exact	Washington, Snohomish County	Mt. Baker-Snoqualmie National Forest, wide pull-out on FS Road 2680	https://lichenportal.org/portal/collections/individual/index.php?occid=94366
94370	ASU	NA	B.D. Ryan	30243	3.24	118.44	Washington	Skagit	48.2666667	-121.2583333	outside_boundary_exact	Washington, Snohomish County	Mt. Baker-Snoqualmie National Forest, plot 3, off Road 2680	https://lichenportal.org/portal/collections/individual/index.php?occid=94370
94372	ASU	NA	B.D. Ryan	30267	3.24	118.44	Washington	Skagit	48.2666667	-121.2583333	outside_boundary_exact	Washington, Snohomish County	Mt. Baker-Snoqualmie National Forest, plot 3, off Road 2680	https://lichenportal.org/portal/collections/individual/index.php?occid=94372
94381	ASU	NA	B.D. Ryan	30599	3.24	118.44	Washington	Skagit	48.2666667	-121.2583333	outside_boundary_exact	Washington, Snohomish County	Mt. Baker-Snoqualmie National Forest, below plot 3, off road 2680	https://lichenportal.org/portal/collections/individual/index.php?occid=94381
95388	ASU	NA	B.D. Ryan	30562	3.24	118.44	Washington	Skagit	48.2666667	-121.2583333	outside_boundary_exact	Washington, Snohomish County	Mt. Baker-Snoqualmie National Forest, plot 3, off Road 2680	https://lichenportal.org/portal/collections/individual/index.php?occid=95388
95987	ASU	NA	B.D. Ryan	30051	3.24	119.03	Washington	Skagit	48.2666667	-121.25	outside_boundary_exact	Washington, Snohomish County	Mt. Baker-Snoqualmie National Forest, wide pull-out on FS Road 2680	https://lichenportal.org/portal/collections/individual/index.php?occid=95987
95995	ASU	NA	B.D. Ryan	30249-b	3.24	118.44	Washington	Skagit	48.2666667	-121.2583333	outside_boundary_exact	Washington, Snohomish County	Mt. Baker-Snoqualmie National Forest, plot 3, off Road 2680	https://lichenportal.org/portal/collections/individual/index.php?occid=95995
95998	ASU	NA	B.D. Ryan	30054-d	3.24	119.03	Washington	Skagit	48.2666667	-121.25	outside_boundary_exact	Washington, Snohomish County	Mt. Baker-Snoqualmie National Forest, wide pull-out on FS Road 2680	https://lichenportal.org/portal/collections/individual/index.php?occid=95998
96067	ASU	NA	B.D. Ryan	30051	3.24	119.03	Washington	Skagit	48.2666667	-121.25	outside_boundary_exact	Washington, Snohomish County	Mt. Baker-Snoqualmie National Forest, wide pull-out on FS Road 2680	https://lichenportal.org/portal/collections/individual/index.php?occid=96067
96069	ASU	NA	B.D. Ryan	30249-a	3.24	118.44	Washington	Skagit	48.2666667	-121.2583333	outside_boundary_exact	Washington, Snohomish County	Mt. Baker-Snoqualmie National Forest, plot 3, off Road 2680	https://lichenportal.org/portal/collections/individual/index.php?occid=96069
96070	ASU	NA	B.D. Ryan	30251-a	3.24	118.44	Washington	Skagit	48.2666667	-121.2583333	outside_boundary_exact	Washington, Snohomish County	Mt. Baker-Snoqualmie National Forest, plot 3, off Road 2680	https://lichenportal.org/portal/collections/individual/index.php?occid=96070
96076	ASU	NA	B.D. Ryan	30575-a	3.24	118.44	Washington	Skagit	48.2666667	-121.2583333	outside_boundary_exact	Washington, Snohomish County	Mt. Baker-Snoqualmie National Forest, plot 3, off Road 2680	https://lichenportal.org/portal/collections/individual/index.php?occid=96076
96077	ASU	NA	B.D. Ryan	30594	3.24	118.44	Washington	Skagit	48.2666667	-121.2583333	outside_boundary_exact	Washington, Snohomish County	Mt. Baker-Snoqualmie National Forest, below plot 3, off road 2680	https://lichenportal.org/portal/collections/individual/index.php?occid=96077
96464	ASU	NA	B.D. Ryan	30049	3.24	119.03	Washington	Skagit	48.2666667	-121.25	outside_boundary_exact	Washington, Snohomish County	Mt. Baker-Snoqualmie National Forest, wide pull-out on FS Road 2680	https://lichenportal.org/portal/collections/individual/index.php?occid=96464
96466	ASU	NA	B.D. Ryan	30244	3.24	118.44	Washington	Skagit	48.2666667	-121.2583333	outside_boundary_exact	Washington, Snohomish County	Mt. Baker-Snoqualmie National Forest, plot 3, off Road 2680	https://lichenportal.org/portal/collections/individual/index.php?occid=96466
96470	ASU	NA	B.D. Ryan	30665-b	3.24	118.44	Washington	Skagit	48.2666667	-121.2583333	outside_boundary_exact	Washington, Snohomish County	Mt. Baker-Snoqualmie National Forest, along Road 2680	https://lichenportal.org/portal/collections/individual/index.php?occid=96470
97244	ASU	NA	B.D. Ryan	30059	3.24	119.03	Washington	Skagit	48.2666667	-121.25	outside_boundary_exact	Washington, Snohomish County	Mt. Baker-Snoqualmie National Forest, wide pull-out on FS Road 2680	https://lichenportal.org/portal/collections/individual/index.php?occid=97244
97245	ASU	NA	B.D. Ryan	30669	3.24	118.44	Washington	Skagit	48.2666667	-121.2583333	outside_boundary_exact	Washington, Snohomish County	Mt. Baker-Snoqualmie National Forest, along Road 2680	https://lichenportal.org/portal/collections/individual/index.php?occid=97245
97257	ASU	NA	B.D. Ryan	30240	3.24	118.44	Washington	Skagit	48.2666667	-121.2583333	outside_boundary_exact	Washington, Snohomish County	Mt. Baker-Snoqualmie National Forest, plot 3, off Road 2680	https://lichenportal.org/portal/collections/individual/index.php?occid=97257
98294	ASU	NA	B.D. Ryan	30648-b	3.24	118.44	Washington	Skagit	48.2666667	-121.2583333	outside_boundary_exact	Washington, Snohomish County	Mt. Baker-Snoqualmie National Forest, along Road 2680	https://lichenportal.org/portal/collections/individual/index.php?occid=98294
98452	ASU	NA	B.D. Ryan	30650	3.24	118.44	Washington	Skagit	48.2666667	-121.2583333	outside_boundary_exact	Washington, Snohomish County	Mt. Baker-Snoqualmie National Forest, along Road 2680	https://lichenportal.org/portal/collections/individual/index.php?occid=98452
98517	ASU	NA	B.D. Ryan	30237-a	3.24	118.44	Washington	Skagit	48.2666667	-121.2583333	outside_boundary_exact	Washington, Snohomish County	Mt. Baker-Snoqualmie National Forest, plot 3, off Road 2680	https://lichenportal.org/portal/collections/individual/index.php?occid=98517
98522	ASU	NA	B.D. Ryan	30665-a	3.24	118.44	Washington	Skagit	48.2666667	-121.2583333	outside_boundary_exact	Washington, Snohomish County	Mt. Baker-Snoqualmie National Forest, along Road 2680	https://lichenportal.org/portal/collections/individual/index.php?occid=98522
98523	ASU	NA	B.D. Ryan	30049-b	3.24	119.03	Washington	Skagit	48.2666667	-121.25	outside_boundary_exact	Washington, Snohomish County	Mt. Baker-Snoqualmie National Forest, wide pull-out on FS Road 2680	https://lichenportal.org/portal/collections/individual/index.php?occid=98523
98565	ASU	NA	B.D. Ryan	30672-b	3.24	118.44	Washington	Skagit	48.2666667	-121.2583333	outside_boundary_exact	Washington, Snohomish County	Mt. Baker-Snoqualmie National Forest, along Road 2680	https://lichenportal.org/portal/collections/individual/index.php?occid=98565
98992	ASU	NA	B.D. Ryan	30646	3.24	118.44	Washington	Skagit	48.2666667	-121.2583333	outside_boundary_exact	Washington, Snohomish County	Mt. Baker-Snoqualmie National Forest, plot 3, off Road 2680	https://lichenportal.org/portal/collections/individual/index.php?occid=98992
99034	ASU	NA	B.D. Ryan	30679	3.24	118.44	Washington	Skagit	48.2666667	-121.2583333	outside_boundary_exact	Washington, Snohomish County	Mt. Baker-Snoqualmie National Forest, plot 3, off Road 2680	https://lichenportal.org/portal/collections/individual/index.php?occid=99034
99037	ASU	NA	B.D. Ryan	30718	3.24	118.44	Washington	Skagit	48.2666667	-121.2583333	outside_boundary_exact	Washington, Snohomish County	Mt. Baker-Snoqualmie National Forest, along Road 2680	https://lichenportal.org/portal/collections/individual/index.php?occid=99037
99039	ASU	NA	B.D. Ryan	30058	3.24	119.03	Washington	Skagit	48.2666667	-121.25	outside_boundary_exact	Washington, Snohomish County	Mt. Baker-Snoqualmie National Forest, wide pull-out on FS Road 2680	https://lichenportal.org/portal/collections/individual/index.php?occid=99039
99155	ASU	NA	B.D. Ryan	30675-e	3.24	118.44	Washington	Skagit	48.2666667	-121.2583333	outside_boundary_exact	Washington, Snohomish County	Mt. Baker-Snoqualmie National Forest, along Road 2680	https://lichenportal.org/portal/collections/individual/index.php?occid=99155
99156	ASU	NA	B.D. Ryan	30054-b	3.24	119.03	Washington	Skagit	48.2666667	-121.25	outside_boundary_exact	Washington, Snohomish County	Mt. Baker-Snoqualmie National Forest, wide pull-out on FS Road 2680	https://lichenportal.org/portal/collections/individual/index.php?occid=99156
99158	ASU	NA	B.D. Ryan	30235-b	3.24	118.44	Washington	Skagit	48.2666667	-121.2583333	outside_boundary_exact	Washington, Snohomish County	Mt. Baker-Snoqualmie National Forest, plot 3, off Road 2680	https://lichenportal.org/portal/collections/individual/index.php?occid=99158
99159	ASU	NA	B.D. Ryan	30548	3.24	118.44	Washington	Skagit	48.2666667	-121.2583333	outside_boundary_exact	Washington, Snohomish County	Mt. Baker-Snoqualmie National Forest, plot 3, off Road 2680	https://lichenportal.org/portal/collections/individual/index.php?occid=99159
99160	ASU	NA	B.D. Ryan	30579	3.24	118.44	Washington	Skagit	48.2666667	-121.2583333	outside_boundary_exact	Washington, Snohomish County	Mt. Baker-Snoqualmie National Forest, plot 3, off Road 2680	https://lichenportal.org/portal/collections/individual/index.php?occid=99160
99493	ASU	NA	B.D. Ryan	30657	3.24	118.44	Washington	Skagit	48.2666667	-121.2583333	outside_boundary_exact	Washington, Snohomish County	Mt. Baker-Snoqualmie National Forest, along Road 2680	https://lichenportal.org/portal/collections/individual/index.php?occid=99493
99838	ASU	NA	B.D. Ryan	30677	3.24	118.44	Washington	Skagit	48.2666667	-121.2583333	outside_boundary_exact	Washington, Snohomish County	Mt. Baker-Snoqualmie National Forest, along Road 2680	https://lichenportal.org/portal/collections/individual/index.php?occid=99838
99840	ASU	NA	B.D. Ryan	30670	3.24	118.44	Washington	Skagit	48.2666667	-121.2583333	outside_boundary_exact	Washington, Snohomish County	Mt. Baker-Snoqualmie National Forest, along Road 2680	https://lichenportal.org/portal/collections/individual/index.php?occid=99840
99854	ASU	NA	B.D. Ryan	30047	3.24	119.03	Washington	Skagit	48.2666667	-121.25	outside_boundary_exact	Washington, Snohomish County	Mt. Baker-Snoqualmie National Forest, wide pull-out on FS Road 2680	https://lichenportal.org/portal/collections/individual/index.php?occid=99854
99878	ASU	NA	B.D. Ryan	30675-b	3.24	118.44	Washington	Skagit	48.2666667	-121.2583333	outside_boundary_exact	Washington, Snohomish County	Mt. Baker-Snoqualmie National Forest, along Road 2680	https://lichenportal.org/portal/collections/individual/index.php?occid=99878
102844	ASU	NA	B.D. Ryan	30603	3.24	118.44	Washington	Skagit	48.2666667	-121.2583333	outside_boundary_exact	Washington, Snohomish County	Mt. Baker-Snoqualmie National Forest, below plot 3, off road 2680	https://lichenportal.org/portal/collections/individual/index.php?occid=102844
105591	ASU	NA	B.D. Ryan	30579-b	3.24	118.44	Washington	Skagit	48.2666667	-121.2583333	outside_boundary_exact	Washington, Snohomish County	Mt. Baker-Snoqualmie National Forest, Plot 3 (3000 ft), off Road 2680	https://lichenportal.org/portal/collections/individual/index.php?occid=105591
105592	ASU	NA	B.D. Ryan	30604-b	3.24	118.44	Washington	Skagit	48.2666667	-121.2583333	outside_boundary_exact	Washington, Snohomish County	Mt. Baker-Snoqualmie National Forest, below plot 3, off road 2680	https://lichenportal.org/portal/collections/individual/index.php?occid=105592
105593	ASU	NA	B.D. Ryan	30557-a	3.24	118.44	Washington	Skagit	48.2666667	-121.2583333	outside_boundary_exact	Washington, Snohomish County	Mt. Baker-Snoqualmie National Forest, below plot 3, off road 2680	https://lichenportal.org/portal/collections/individual/index.php?occid=105593
2745096	ASU	NA	B.D. Ryan	30253-a	3.24	118.44	Washington	Skagit	48.2666667	-121.2583333	outside_boundary_exact	Washington, Snohomish County	Mt. Baker-Snoqualmie National Forest, plot 3, off Road 2680	https://lichenportal.org/portal/collections/individual/index.php?occid=2745096
2745105	ASU	NA	B.D. Ryan	30235-a	3.24	118.44	Washington	Skagit	48.2666667	-121.2583333	outside_boundary_exact	Washington, Snohomish County	Mt. Baker-Snoqualmie National Forest, plot 3, off Road 2680	https://lichenportal.org/portal/collections/individual/index.php?occid=2745105
2745135	ASU	ASUL035303	B.D. Ryan	30654-b	3.24	118.44	Washington	Skagit	48.2666667	-121.2583333	outside_boundary_exact	Washington, Snohomish County	Mt. Baker-Snoqualmie National Forest, along Road 2680	https://lichenportal.org/portal/collections/individual/index.php?occid=2745135
2745137	ASU	NA	B.D. Ryan	30667-a	3.24	118.44	Washington	Skagit	48.2666667	-121.2583333	outside_boundary_exact	Washington, Snohomish County	Mt. Baker-Snoqualmie National Forest, plot 3, off Road 2680	https://lichenportal.org/portal/collections/individual/index.php?occid=2745137
3573612	ASU	ASUL007562	B.D. Ryan	30555-c	3.24	118.44	Washington	Skagit	48.2666667	-121.2583333	outside_boundary_exact	Washington, Snohomish County	Mt. Baker-Snoqualmie National Forest, plot 3, off road 2680	https://lichenportal.org/portal/collections/individual/index.php?occid=3573612
70887	ASU	ASUL017662	B.D. Ryan	30182-a	3.23	111.37	Washington	Skagit	48.2666667	-121.3583333	outside_boundary_exact	Washington, Snohomish County	Mt. Baker-Snoqualmie National Forest, near start of Huckleberry Mountain Trail, off Rd 26	https://lichenportal.org/portal/collections/individual/index.php?occid=70887
71290	ASU	ASUL008479	B.D. Ryan	32471	3.23	111.37	Washington	Skagit	48.2666667	-121.3583333	outside_boundary_exact	Washington, Snohomish County	Mt. Baker-Snoqualmie National Forest, plot 1, near Huckleberry Mountain Trail, off Rd. 26	https://lichenportal.org/portal/collections/individual/index.php?occid=71290
71725	ASU	ASUL005414	B.D. Ryan	30456-e	3.23	111.37	Washington	Skagit	48.2666667	-121.3583333	outside_boundary_exact	Washington, Snohomish County	Mt. Baker-Snoqualmie National Forest, plot 1, near Huckleberry Mountain Trail, off Rd. 26	https://lichenportal.org/portal/collections/individual/index.php?occid=71725
76007	ASU	ASUL035072	B.D. Ryan	30141	3.23	111.37	Washington	Skagit	48.2666667	-121.3583333	outside_boundary_exact	Washington, Snohomish County	Mt. Baker-Snoqualmie National Forest, near start of Huckleberry Mountain Trail, off Rd 26	https://lichenportal.org/portal/collections/individual/index.php?occid=76007
77206	ASU	ASUL035287	B.D. Ryan	30170	3.23	111.37	Washington	Skagit	48.2666667	-121.3583333	outside_boundary_exact	Washington, Snohomish County	Mt. Baker-Snoqualmie National Forest, near start of Huckleberry Mountain Trail, off Rd 26	https://lichenportal.org/portal/collections/individual/index.php?occid=77206
77207	ASU	ASUL035288	B.D. Ryan	30183	3.23	111.37	Washington	Skagit	48.2666667	-121.3583333	outside_boundary_exact	Washington, Snohomish County	Mt. Baker-Snoqualmie National Forest, across Road 26 from Huckleberry Mountain Trail	https://lichenportal.org/portal/collections/individual/index.php?occid=77207
79822	ASU	NA	B.D. Ryan	30171	3.23	111.37	Washington	Skagit	48.2666667	-121.3583333	outside_boundary_exact	Washington, Snohomish County	Mt. Baker-Snoqualmie National Forest, near start of Huckleberry Mountain Trail, off Rd 26	https://lichenportal.org/portal/collections/individual/index.php?occid=79822
79823	ASU	NA	B.D. Ryan	30173	3.23	111.37	Washington	Skagit	48.2666667	-121.3583333	outside_boundary_exact	Washington, Snohomish County	Mt. Baker-Snoqualmie National Forest, near start of Huckleberry Mountain Trail, off Rd 26	https://lichenportal.org/portal/collections/individual/index.php?occid=79823
81104	ASU	NA	B.D. Ryan	30172	3.23	111.37	Washington	Skagit	48.2666667	-121.3583333	outside_boundary_exact	Washington, Snohomish County	Mt. Baker-Snoqualmie National Forest, near start of Huckleberry Mountain Trail, off Rd 26	https://lichenportal.org/portal/collections/individual/index.php?occid=81104
81106	ASU	NA	B.D. Ryan	30134	3.23	111.37	Washington	Skagit	48.2666667	-121.3583333	outside_boundary_exact	Washington, Snohomish County	Mt. Baker-Snoqualmie National Forest, near start of Huckleberry Mountain Trail, off Rd 26	https://lichenportal.org/portal/collections/individual/index.php?occid=81106
81144	ASU	NA	B.D. Ryan	30162	3.23	111.37	Washington	Skagit	48.2666667	-121.3583333	outside_boundary_exact	Washington, Snohomish County	Mt. Baker-Snoqualmie National Forest, near start of Huckleberry Mountain Trail, off Rd 26	https://lichenportal.org/portal/collections/individual/index.php?occid=81144
81259	ASU	NA	B.D. Ryan	30175	3.23	111.37	Washington	Skagit	48.2666667	-121.3583333	outside_boundary_exact	Washington, Snohomish County	Mt. Baker-Snoqualmie National Forest, near start of Huckleberry Mountain Trail, off Rd 26	https://lichenportal.org/portal/collections/individual/index.php?occid=81259
81439	ASU	NA	B.D. Ryan	30176	3.23	111.37	Washington	Skagit	48.2666667	-121.3583333	outside_boundary_exact	Washington, Snohomish County	Mt. Baker-Snoqualmie National Forest, near start of Huckleberry Mountain Trail, off Rd 26	https://lichenportal.org/portal/collections/individual/index.php?occid=81439
83773	ASU	NA	B.D. Ryan	30147-b	3.23	111.37	Washington	Skagit	48.2666667	-121.3583333	outside_boundary_exact	Washington, Snohomish County	Mt. Baker-Snoqualmie National Forest, near start of Huckleberry Mountain Trail, off Rd 26	https://lichenportal.org/portal/collections/individual/index.php?occid=83773
84683	ASU	NA	B.D. Ryan	30147-a	3.23	111.37	Washington	Skagit	48.2666667	-121.3583333	outside_boundary_exact	Washington, Snohomish County	Mt. Baker-Snoqualmie National Forest, near start of Huckleberry Mountain Trail, off Rd 26	https://lichenportal.org/portal/collections/individual/index.php?occid=84683
84710	ASU	NA	B.D. Ryan	30140	3.23	111.37	Washington	Skagit	48.2666667	-121.3583333	outside_boundary_exact	Washington, Snohomish County	Mt. Baker-Snoqualmie National Forest, near start of Huckleberry Mountain Trail, off Rd 26	https://lichenportal.org/portal/collections/individual/index.php?occid=84710
85083	ASU	NA	B.D. Ryan	30592	3.23	111.37	Washington	Skagit	48.2666667	-121.3583333	outside_boundary_exact	Washington, Snohomish County	Mt. Baker-Snoqualmie National Forest, below plot 1, along road 26	https://lichenportal.org/portal/collections/individual/index.php?occid=85083
85917	ASU	NA	B.D. Ryan	30478-a	3.23	111.37	Washington	Skagit	48.2666667	-121.3583333	outside_boundary_exact	Washington, Snohomish County	Mt. Baker-Snoqualmie National Forest, near start of Huckleberry Mountain Trail, off Rd 26	https://lichenportal.org/portal/collections/individual/index.php?occid=85917
87000	ASU	NA	B.D. Ryan	30137	3.23	111.37	Washington	Skagit	48.2666667	-121.3583333	outside_boundary_exact	Washington, Snohomish County	Mt. Baker-Snoqualmie National Forest, near start of Huckleberry Mountain Trail, off Rd 26	https://lichenportal.org/portal/collections/individual/index.php?occid=87000
87008	ASU	NA	B.D. Ryan	30163	3.23	111.37	Washington	Skagit	48.2666667	-121.3583333	outside_boundary_exact	Washington, Snohomish County	Mt. Baker-Snoqualmie National Forest, near start of Huckleberry Mountain Trail, off Rd 26	https://lichenportal.org/portal/collections/individual/index.php?occid=87008
89485	ASU	ASUL008501	B.D. Ryan	30182-b	3.23	111.37	Washington	Skagit	48.2666667	-121.3583333	outside_boundary_exact	Washington, Snohomish County	Mt. Baker-Snoqualmie National Forest, near start of Huckleberry Mountain Trail, off Rd 26	https://lichenportal.org/portal/collections/individual/index.php?occid=89485
90098	ASU	NA	B.D. Ryan	30167	3.23	111.37	Washington	Skagit	48.2666667	-121.3583333	outside_boundary_exact	Washington, Snohomish County	Mt. Baker-Snoqualmie National Forest, near start of Huckleberry Mountain Trail, off Rd 26	https://lichenportal.org/portal/collections/individual/index.php?occid=90098
90099	ASU	NA	B.D. Ryan	30169	3.23	111.37	Washington	Skagit	48.2666667	-121.3583333	outside_boundary_exact	Washington, Snohomish County	Mt. Baker-Snoqualmie National Forest, near start of Huckleberry Mountain Trail, off Rd 26	https://lichenportal.org/portal/collections/individual/index.php?occid=90099
90101	ASU	NA	B.D. Ryan	30196	3.23	111.37	Washington	Skagit	48.2666667	-121.3583333	outside_boundary_exact	Washington, Snohomish County	Mt. Baker-Snoqualimie National Forest, plot 1, off Road 26	https://lichenportal.org/portal/collections/individual/index.php?occid=90101
90310	ASU	NA	B.D. Ryan	30160	3.23	111.37	Washington	Skagit	48.2666667	-121.3583333	outside_boundary_exact	Washington, Snohomish County	Mt. Baker-Snoqualmie National Forest, near start of Huckleberry Mountain Trail, off Rd 26	https://lichenportal.org/portal/collections/individual/index.php?occid=90310
90612	ASU	NA	B.D. Ryan	30184	3.23	111.37	Washington	Skagit	48.2666667	-121.3583333	outside_boundary_exact	Washington, Snohomish County	Mt. Baker-Snoqualmie National Forest, across Road 26 from Huckleberry Mountain Trail	https://lichenportal.org/portal/collections/individual/index.php?occid=90612
90613	ASU	NA	B.D. Ryan	30157	3.23	111.37	Washington	Skagit	48.2666667	-121.3583333	outside_boundary_exact	Washington, Snohomish County	Mt. Baker-Snoqualmie National Forest, near start of Huckleberry Mountain Trail, off Rd 26	https://lichenportal.org/portal/collections/individual/index.php?occid=90613
90653	ASU	NA	B.D. Ryan	30138	3.23	111.37	Washington	Skagit	48.2666667	-121.3583333	outside_boundary_exact	Washington, Snohomish County	Mt. Baker-Snoqualmie National Forest, near start of Huckleberry Mountain Trail, off Rd 26	https://lichenportal.org/portal/collections/individual/index.php?occid=90653
90678	ASU	NA	B.D. Ryan	30169	3.23	111.37	Washington	Skagit	48.2666667	-121.3583333	outside_boundary_exact	Washington, Snohomish County	Mt. Baker-Snoqualmie National Forest, near start of Huckleberry Mountain Trail, off Rd 26	https://lichenportal.org/portal/collections/individual/index.php?occid=90678
90712	ASU	NA	B.D. Ryan	30178--a	3.23	111.37	Washington	Skagit	48.2666667	-121.3583333	outside_boundary_exact	Washington, Snohomish County	Mt. Baker-Snoqualmie National Forest, near start of Huckleberry Mountain Trail, off Rd 26	https://lichenportal.org/portal/collections/individual/index.php?occid=90712
90725	ASU	NA	B.D. Ryan	30591	3.23	111.37	Washington	Skagit	48.2666667	-121.3583333	outside_boundary_exact	Washington, Snohomish County	Mt. Baker-Snoqualmie National Forest, below plot 1, along road 26	https://lichenportal.org/portal/collections/individual/index.php?occid=90725
90728	ASU	NA	B.D. Ryan	30152	3.23	111.37	Washington	Skagit	48.2666667	-121.3583333	outside_boundary_exact	Washington, Snohomish County	Mt. Baker-Snoqualmie National Forest, near start of Huckleberry Mountain Trail, off Rd 26	https://lichenportal.org/portal/collections/individual/index.php?occid=90728
90734	ASU	NA	B.D. Ryan	30146	3.23	111.37	Washington	Skagit	48.2666667	-121.3583333	outside_boundary_exact	Washington, Snohomish County	Mt. Baker-Snoqualmie National Forest, near start of Huckleberry Mountain Trail, off Rd 26	https://lichenportal.org/portal/collections/individual/index.php?occid=90734
91002	ASU	NA	B.D. Ryan	30136	3.23	111.37	Washington	Skagit	48.2666667	-121.3583333	outside_boundary_exact	Washington, Snohomish County	Mt. Baker-Snoqualmie National Forest, near start of Huckleberry Mountain Trail, off Rd 26	https://lichenportal.org/portal/collections/individual/index.php?occid=91002
93697	ASU	NA	B.D. Ryan	30179	3.23	111.37	Washington	Skagit	48.2666667	-121.3583333	outside_boundary_exact	Washington, Snohomish County	Mt. Baker-Snoqualmie National Forest, near start of Huckleberry Mountain Trail, off Rd 26	https://lichenportal.org/portal/collections/individual/index.php?occid=93697
93777	ASU	NA	B.D. Ryan	30135-a	3.23	111.37	Washington	Skagit	48.2666667	-121.3583333	outside_boundary_exact	Washington, Snohomish County	Mt. Baker-Snoqualmie National Forest, near start of Huckleberry Mountain Trail, off Rd 26	https://lichenportal.org/portal/collections/individual/index.php?occid=93777
93787	ASU	NA	B.D. Ryan	30435-d	3.23	111.37	Washington	Skagit	48.2666667	-121.3583333	outside_boundary_exact	Washington, Snohomish County	Mt. Baker-Snoqualmie National Forest, plot 1, near Huckleberry Mountain Trail, off Rd. 26	https://lichenportal.org/portal/collections/individual/index.php?occid=93787
94369	ASU	NA	B.D. Ryan	30156-b	3.23	111.37	Washington	Skagit	48.2666667	-121.3583333	outside_boundary_exact	Washington, Snohomish County	Mt. Baker-Snoqualmie National Forest, near start of Huckleberry Mountain Trail, off Rd 26	https://lichenportal.org/portal/collections/individual/index.php?occid=94369
95382	ASU	NA	B.D. Ryan	30156	3.23	111.37	Washington	Skagit	48.2666667	-121.3583333	outside_boundary_exact	Washington, Snohomish County	Mt. Baker-Snoqualmie National Forest, near start of Huckleberry Mountain Trail, off Rd 26	https://lichenportal.org/portal/collections/individual/index.php?occid=95382
95383	ASU	NA	B.D. Ryan	30165	3.23	111.37	Washington	Skagit	48.2666667	-121.3583333	outside_boundary_exact	Washington, Snohomish County	Mt. Baker-Snoqualmie National Forest, near start of Huckleberry Mountain Trail, off Rd 26	https://lichenportal.org/portal/collections/individual/index.php?occid=95383
96232	ASU	NA	B.D. Ryan	30435-C	3.23	111.37	Washington	Skagit	48.2666667	-121.3583333	outside_boundary_exact	Washington, Snohomish County	Mt. Baker-Snoqualmie National Forest, plot 1, near Huckleberry Mountain Trail, off Rd. 26	https://lichenportal.org/portal/collections/individual/index.php?occid=96232
97247	ASU	NA	B.D. Ryan	30191	3.23	111.37	Washington	Skagit	48.2666667	-121.3583333	outside_boundary_exact	Washington, Snohomish County	Mt. Baker-Snoqualmie National Forest, plot 1, near Huckleberry Mountain Trail, off Rd. 26	https://lichenportal.org/portal/collections/individual/index.php?occid=97247
97266	ASU	NA	B.D. Ryan	30177	3.23	111.37	Washington	Skagit	48.2666667	-121.3583333	outside_boundary_exact	Washington, Snohomish County	Mt. Baker-Snoqualmie National Forest, near start of Huckleberry Mountain Trail, off Rd 26	https://lichenportal.org/portal/collections/individual/index.php?occid=97266
97267	ASU	NA	B.D. Ryan	30154	3.23	111.37	Washington	Skagit	48.2666667	-121.3583333	outside_boundary_exact	Washington, Snohomish County	Mt. Baker-Snoqualmie National Forest, near start of Huckleberry Mountain Trail, off Rd 26	https://lichenportal.org/portal/collections/individual/index.php?occid=97267
98496	ASU	NA	B.D. Ryan	30153	3.23	111.37	Washington	Skagit	48.2666667	-121.3583333	outside_boundary_exact	Washington, Snohomish County	Mt. Baker-Snoqualmie National Forest, near start of Huckleberry Mountain Trail, off Rd 26	https://lichenportal.org/portal/collections/individual/index.php?occid=98496
98515	ASU	NA	B.D. Ryan	30174	3.23	111.37	Washington	Skagit	48.2666667	-121.3583333	outside_boundary_exact	Washington, Snohomish County	Mt. Baker-Snoqualmie National Forest, near start of Huckleberry Mountain Trail, off Rd 26	https://lichenportal.org/portal/collections/individual/index.php?occid=98515
99853	ASU	NA	B.D. Ryan	30139-a	3.23	111.37	Washington	Skagit	48.2666667	-121.3583333	outside_boundary_exact	Washington, Snohomish County	Mt. Baker-Snoqualmie National Forest, near start of Huckleberry Mountain Trail, off Rd 26	https://lichenportal.org/portal/collections/individual/index.php?occid=99853
100217	ASU	ASUL015981	B.D. Ryan	30155	3.23	111.37	Washington	Skagit	48.2666667	-121.3583333	outside_boundary_exact	Washington, Snohomish County	Mt. Baker-Snoqualmie National Forest, near start of Huckleberry Mountain Trail, off Rd 26	https://lichenportal.org/portal/collections/individual/index.php?occid=100217
102841	ASU	NA	B.D. Ryan	30180	3.23	111.37	Washington	Skagit	48.2666667	-121.3583333	outside_boundary_exact	Washington, Snohomish County	Mt. Baker-Snoqualmie National Forest, near start of Huckleberry Mountain Trail, off Rd 26	https://lichenportal.org/portal/collections/individual/index.php?occid=102841
2687158	ASU	NA	B.D. Ryan	30185-a	3.23	111.37	Washington	Skagit	48.2666667	-121.3583333	outside_boundary_exact	Washington, Snohomish County	Mt. Baker-Snoqualmie National Forest, across Road 26 from Huckleberry Mountain Trail	https://lichenportal.org/portal/collections/individual/index.php?occid=2687158
2745102	ASU	NA	B.D. Ryan	30158	3.23	111.37	Washington	Skagit	48.2666667	-121.3583333	outside_boundary_exact	Washington, Snohomish County	Mt. Baker-Snoqualmie National Forest, near start of Huckleberry Mountain Trail, off Rd 26	https://lichenportal.org/portal/collections/individual/index.php?occid=2745102
2745103	ASU	NA	B.D. Ryan	30186	3.23	111.37	Washington	Skagit	48.266667	-121.358333	outside_boundary_exact	Washington, Snohomish County	Mt. Baker-Snoqualmie National Forest, plot 1, near Huckleberry Mountain Trail, off Rd. 26	https://lichenportal.org/portal/collections/individual/index.php?occid=2745103
2745104	ASU	NA	B.D. Ryan	30190	3.23	111.37	Washington	Skagit	48.266667	-121.358333	outside_boundary_exact	Washington, Snohomish County	Mt. Baker-Snoqualmie National Forest, plot 1, [near Huckleberry Mountain Trail] off Rd. 26	https://lichenportal.org/portal/collections/individual/index.php?occid=2745104
2745134	ASU	NA	B.D. Ryan	30593	3.23	111.37	Washington	Skagit	48.2666667	-121.3583333	outside_boundary_exact	Washington, Snohomish County	Mt. Baker-Snoqualmie National Forest, below plot 1, along road 26	https://lichenportal.org/portal/collections/individual/index.php?occid=2745134
93414	ASU	NA	B.D. Ryan	p-225	3.01	159.01	Washington	Yakima	46.0138889	-120.0083333	outside_boundary_exact	Washington, Klickitat County	Ellensbur canyon between Ellensburg and Yakima	https://lichenportal.org/portal/collections/individual/index.php?occid=93414
77722	ASU	NA	F.A. Sharpe	NA	2.79	137.36	Washington	Clallam	47.841566	-123.210153	outside_boundary_exact	Washington, Jefferson County	Olympic National Park, Royal Basin	https://lichenportal.org/portal/collections/individual/index.php?occid=77722
68872	ASU	NA	B.D. Ryan	30497-c	2.78	119.48	Washington	Skagit	48.2708333	-121.2416667	outside_boundary_exact	Washington, Snohomish County	Mt. Baker-Snoqualmie National Forest, Green Mountain Trail	https://lichenportal.org/portal/collections/individual/index.php?occid=68872
71012	ASU	ASUL013956	B.D. Ryan	30497-a	2.78	119.48	Washington	Skagit	48.2708333	-121.2416667	outside_boundary_exact	Washington, Snohomish County	Mt. Baker-Snoqualmie National Forest, Green Mountain Trail	https://lichenportal.org/portal/collections/individual/index.php?occid=71012
71193	ASU	ASUL014088	B.D. Ryan	30497--b	2.78	119.48	Washington	Skagit	48.2708333	-121.2416667	outside_boundary_exact	Washington, Snohomish County	Mt. Baker-Snoqualmie National Forest, Green Mountain Trail	https://lichenportal.org/portal/collections/individual/index.php?occid=71193
73900	ASU	ASUL024622	B.D. Ryan	30473	2.78	119.48	Washington	Skagit	48.2708333	-121.2416667	outside_boundary_exact	Washington, Snohomish County	Mt. Baker-Snoqualmie National Forest, start of Green Mountain Trail	https://lichenportal.org/portal/collections/individual/index.php?occid=73900
76305	ASU	ASUL034072	B.D. Ryan	30489	2.78	119.48	Washington	Skagit	48.2708333	-121.2416667	outside_boundary_exact	Washington, Snohomish County	Mt. Baker-Snoqualmie National Forest, Green Mountain Trail	https://lichenportal.org/portal/collections/individual/index.php?occid=76305
77222	ASU	ASUL035290	B.D. Ryan	30470	2.78	119.48	Washington	Skagit	48.2708333	-121.2416667	outside_boundary_exact	Washington, Snohomish County	Mt. Baker-Snoqualmie National Forest, Green Mountain Trail	https://lichenportal.org/portal/collections/individual/index.php?occid=77222
77418	ASU	ASUL011061	B.D. Ryan	30490	2.78	119.48	Washington	Skagit	48.2708333	-121.2416667	outside_boundary_exact	Washington, Snohomish County	Mt. Baker-Snoqualmie National Forest, Green Mountain Trail	https://lichenportal.org/portal/collections/individual/index.php?occid=77418
85953	ASU	NA	B.D. Ryan	30480	2.78	119.48	Washington	Skagit	48.2708333	-121.2416667	outside_boundary_exact	Washington, Snohomish County	Mt. Baker-Snoqualmie National Forest, Green Mountain Trail	https://lichenportal.org/portal/collections/individual/index.php?occid=85953
85956	ASU	NA	B.D. Ryan	30486	2.78	119.48	Washington	Skagit	48.2708333	-121.2416667	outside_boundary_exact	Washington, Snohomish County	Mt. Baker-Snoqualmie National Forest, Green Mountain Trail	https://lichenportal.org/portal/collections/individual/index.php?occid=85956
89617	ASU	NA	B.D. Ryan	30481	2.78	119.48	Washington	Skagit	48.2708333	-121.2416667	outside_boundary_exact	Washington, Snohomish County	Mt. Baker-Snoqualmie National Forest, Green Mountain Trail	https://lichenportal.org/portal/collections/individual/index.php?occid=89617
89620	ASU	NA	B.D. Ryan	30484	2.78	119.48	Washington	Skagit	48.2708333	-121.2416667	outside_boundary_exact	Washington, Snohomish County	Mt. Baker-Snoqualmie National Forest, Green Mountain Trail	https://lichenportal.org/portal/collections/individual/index.php?occid=89620
90239	ASU	NA	B.D. Ryan	30482	2.78	119.48	Washington	Skagit	48.2708333	-121.2416667	outside_boundary_exact	Washington, Snohomish County	Mt. Baker-Snoqualmie National Forest, Green Mountain Trail	https://lichenportal.org/portal/collections/individual/index.php?occid=90239
90240	ASU	NA	B.D. Ryan	30483	2.78	119.48	Washington	Skagit	48.2708333	-121.2416667	outside_boundary_exact	Washington, Snohomish County	Mt. Baker-Snoqualmie National Forest, Green Mountain Trail	https://lichenportal.org/portal/collections/individual/index.php?occid=90240
92973	ASU	NA	B.D. Ryan	30494	2.78	119.48	Washington	Skagit	48.2708333	-121.2416667	outside_boundary_exact	Washington, Snohomish County	Mt. Baker-Snoqualmie National Forest, Green Mountain Trail	https://lichenportal.org/portal/collections/individual/index.php?occid=92973
92980	ASU	NA	B.D. Ryan	30477	2.78	119.48	Washington	Skagit	48.2708333	-121.2416667	outside_boundary_exact	Washington, Snohomish County	Mt. Baker-Snoqualmie National Forest, Green Mountain Trail	https://lichenportal.org/portal/collections/individual/index.php?occid=92980
96075	ASU	NA	B.D. Ryan	30496	2.78	119.48	Washington	Skagit	48.2708333	-121.2416667	outside_boundary_exact	Washington, Snohomish County	Mt. Baker-Snoqualmie National Forest, Green Mountain Trail	https://lichenportal.org/portal/collections/individual/index.php?occid=96075
98453	ASU	NA	B.D. Ryan	30492	2.78	119.48	Washington	Skagit	48.2708333	-121.2416667	outside_boundary_exact	Washington, Snohomish County	Mt. Baker-Snoqualmie National Forest, Green Mountain Trail	https://lichenportal.org/portal/collections/individual/index.php?occid=98453
98994	ASU	NA	B.D. Ryan	30475	2.78	119.48	Washington	Skagit	48.2708333	-121.2416667	outside_boundary_exact	Washington, Snohomish County	Mt. Baker-Snoqualmie National Forest, Green Mountain Trail	https://lichenportal.org/portal/collections/individual/index.php?occid=98994
99490	ASU	NA	B.D. Ryan	30491	2.78	119.48	Washington	Skagit	48.2708333	-121.2416667	outside_boundary_exact	Washington, Snohomish County	Mt. Baker-Snoqualmie National Forest, Green Mountain Trail	https://lichenportal.org/portal/collections/individual/index.php?occid=99490
99495	ASU	NA	B.D. Ryan	30471	2.78	119.48	Washington	Skagit	48.2708333	-121.2416667	outside_boundary_exact	Washington, Snohomish County	Mt. Baker-Snoqualmie National Forest, start of Green Mountain Trail	https://lichenportal.org/portal/collections/individual/index.php?occid=99495
101077	ASU	NA	B.D. Ryan	30485	2.78	119.48	Washington	Skagit	48.2708333	-121.2416667	outside_boundary_exact	Washington, Snohomish County	Mt. Baker-Snoqualmie National Forest, Green Mountain Trail	https://lichenportal.org/portal/collections/individual/index.php?occid=101077
1804316	ASU	NA	B.D. Ryan	30478-b	2.78	119.48	Washington	Skagit	48.270833	-121.241667	outside_boundary_exact	Washington, Snohomish County	Mt. Baker-Snoqualmie National Forest, Green Mountain Trail	https://lichenportal.org/portal/collections/individual/index.php?occid=1804316
2691773	ASU	NA	B.D. Ryan	30488-b	2.78	119.48	Washington	Skagit	48.2708333	-121.2416667	outside_boundary_exact	Washington, Snohomish County	Mt. Baker-Snoqualmie National Forest, Green Mountain Trail	https://lichenportal.org/portal/collections/individual/index.php?occid=2691773
2745120	ASU	ASUL035302	B.D. Ryan	30469	2.78	119.48	Washington	Skagit	48.270833	-121.241667	outside_boundary_exact	Washington, Snohomish County	Mt. Baker-Snoqualmie National Forest, Green Mountain Trail	https://lichenportal.org/portal/collections/individual/index.php?occid=2745120
2745121	ASU	ASUL047828	B.D. Ryan	30474	2.78	119.48	Washington	Skagit	48.2708333	-121.2416667	outside_boundary_exact	Washington, Snohomish County	Mt. Baker-Snoqualmie National Forest, start of Green Mountain Trail	https://lichenportal.org/portal/collections/individual/index.php?occid=2745121
2745122	ASU	NA	B.D. Ryan	30479	2.78	119.48	Washington	Skagit	48.270833	-121.241667	outside_boundary_exact	Washington, Snohomish County	Mt. Baker-Snoqualmie National Forest, Green Mountain Trail	https://lichenportal.org/portal/collections/individual/index.php?occid=2745122
2745123	ASU	NA	B.D. Ryan	30495	2.78	119.48	Washington	Skagit	48.2708333	-121.2416667	outside_boundary_exact	Washington, Snohomish County	Mt. Baker-Snoqualmie National Forest, Green Mountain Trail	https://lichenportal.org/portal/collections/individual/index.php?occid=2745123
68882	ASU	ASUL025059	B.D. Ryan	30262	2.32	119.34	Washington	Skagit	48.275	-121.2416667	outside_boundary_exact	Washington, Snohomish County	Mt. Baker-Snoqualmie National Forest, plot 4, off Green Mountain Trail	https://lichenportal.org/portal/collections/individual/index.php?occid=68882
68883	ASU	ASUL025060	B.D. Ryan	30297 A	2.32	119.34	Washington	Skagit	48.275	-121.2416667	outside_boundary_exact	Washington, Snohomish County	Mt. Baker-Snoqualmie National Forest, plot 4, off Green Mountain Trail	https://lichenportal.org/portal/collections/individual/index.php?occid=68883
68884	ASU	ASUL025061	B.D. Ryan	30297 B	2.32	119.34	Washington	Skagit	48.275	-121.2416667	outside_boundary_exact	Washington, Snohomish County	Mt. Baker-Snoqualmie National Forest, plot 4, off Green Mountain Trail	https://lichenportal.org/portal/collections/individual/index.php?occid=68884
68891	ASU	NA	B.D. Ryan	30717	2.32	119.34	Washington	Skagit	48.275	-121.2416667	outside_boundary_exact	Washington, Snohomish County	Mt. Baker-Snoqualmie National Forest, along Green Mountain Trail	https://lichenportal.org/portal/collections/individual/index.php?occid=68891
70673	ASU	ASUL017922	B.D. Ryan	30717-c	2.32	119.34	Washington	Skagit	48.275	-121.2416667	outside_boundary_exact	Washington, Snohomish County	Mt. Baker-Snoqualmie National Forest, along Green Mountain Trail	https://lichenportal.org/portal/collections/individual/index.php?occid=70673
70773	ASU	ASUL017871	B.D. Ryan	30710-a	2.32	119.34	Washington	Skagit	48.275	-121.2416667	outside_boundary_exact	Washington, Snohomish County	Mt. Baker-Snoqualmie National Forest, plot 4, off Green Mountain Trail	https://lichenportal.org/portal/collections/individual/index.php?occid=70773
71017	ASU	ASUL013961	B.D. Ryan	30303-a	2.32	119.34	Washington	Skagit	48.275	-121.2416667	outside_boundary_exact	Washington, Snohomish County	Mt. Baker-Snoqualmie National Forest, plot 4, off Green Mountain Trail	https://lichenportal.org/portal/collections/individual/index.php?occid=71017
71184	ASU	ASUL014097	B.D. Ryan	30263	2.32	119.34	Washington	Skagit	48.275	-121.2416667	outside_boundary_exact	Washington, Snohomish County	Mt. Baker-Snoqualmie National Forest, plot 4, off Green Mountain Trail	https://lichenportal.org/portal/collections/individual/index.php?occid=71184
71185	ASU	ASUL014096	B.D. Ryan	30268	2.32	119.34	Washington	Skagit	48.275	-121.2416667	outside_boundary_exact	Washington, Snohomish County	Mt. Baker-Snoqualmie National Forest, plot 4, off Green Mountain Trail	https://lichenportal.org/portal/collections/individual/index.php?occid=71185
71186	ASU	ASUL014095	B.D. Ryan	30288--a	2.32	119.34	Washington	Skagit	48.275	-121.2416667	outside_boundary_exact	Washington, Snohomish County	Mt. Baker-Snoqualmie National Forest, plot 4, off Green Mountain Trail	https://lichenportal.org/portal/collections/individual/index.php?occid=71186
71190	ASU	ASUL014091	B.D. Ryan	30297 C	2.32	119.34	Washington	Skagit	48.275	-121.2416667	outside_boundary_exact	Washington, Snohomish County	Mt. Baker-Snoqualmie National Forest, plot 4, off Green Mountain Trail	https://lichenportal.org/portal/collections/individual/index.php?occid=71190
71191	ASU	ASUL014090	B.D. Ryan	30303--c	2.32	119.34	Washington	Skagit	48.275	-121.2416667	outside_boundary_exact	Washington, Snohomish County	Mt. Baker-Snoqualmie National Forest, plot 4, off Green Mountain Trail	https://lichenportal.org/portal/collections/individual/index.php?occid=71191
71192	ASU	ASUL014089	B.D. Ryan	30341--a	2.32	119.34	Washington	Skagit	48.275	-121.2416667	outside_boundary_exact	Washington, Snohomish County	Mt. Baker-Snoqualmie National Forest, plot 4, off Green Mountain Trail	https://lichenportal.org/portal/collections/individual/index.php?occid=71192
74588	ASU	ASUL024291	B.D. Ryan	30307	2.32	119.34	Washington	Skagit	48.275	-121.2416667	outside_boundary_exact	Washington, Snohomish County	Mt. Baker-Snoqualmie National Forest, plot 4, off Green Mountain Trail	https://lichenportal.org/portal/collections/individual/index.php?occid=74588
78385	ASU	NA	B.D. Ryan	30280-a	2.32	119.34	Washington	Skagit	48.275	-121.2416667	outside_boundary_exact	Washington, Snohomish County	Mt. Baker-Snoqualmie National Forest, plot 4, off Green Mountain Trail	https://lichenportal.org/portal/collections/individual/index.php?occid=78385
79757	ASU	NA	B.D. Ryan	30314	2.32	119.34	Washington	Skagit	48.275	-121.2416667	outside_boundary_exact	Washington, Snohomish County	Mt. Baker-Snoqualmie National Forest, plot 4, off Green Mountain Trail	https://lichenportal.org/portal/collections/individual/index.php?occid=79757
80954	ASU	NA	B.D. Ryan	30342	2.32	119.34	Washington	Skagit	48.275	-121.2416667	outside_boundary_exact	Washington, Snohomish County	Mt. Baker-Snoqualmie National Forest, plot 4, off Green Mountain Trail	https://lichenportal.org/portal/collections/individual/index.php?occid=80954
81007	ASU	NA	B.D. Ryan	30298-a	2.32	119.34	Washington	Skagit	48.275	-121.2416667	outside_boundary_exact	Washington, Snohomish County	Mt. Baker-Snoqualmie National Forest, plot 4, off Green Mountain Trail	https://lichenportal.org/portal/collections/individual/index.php?occid=81007
81009	ASU	NA	B.D. Ryan	30260-a	2.32	119.34	Washington	Skagit	48.275	-121.2416667	outside_boundary_exact	Washington, Snohomish County	Mt. Baker-Snoqualmie National Forest, plot 4, off Green Mountain Trail	https://lichenportal.org/portal/collections/individual/index.php?occid=81009
81101	ASU	NA	B.D. Ryan	30301	2.32	119.34	Washington	Skagit	48.275	-121.2416667	outside_boundary_exact	Washington, Snohomish County	Mt. Baker-Snoqualmie National Forest, plot 4, off Green Mountain Trail	https://lichenportal.org/portal/collections/individual/index.php?occid=81101
81141	ASU	NA	B.D. Ryan	30346	2.32	119.34	Washington	Skagit	48.275	-121.2416667	outside_boundary_exact	Washington, Snohomish County	Mt. Baker-Snoqualmie National Forest, plot 4, off Green Mountain Trail	https://lichenportal.org/portal/collections/individual/index.php?occid=81141
81288	ASU	NA	B.D. Ryan	30715	2.32	119.34	Washington	Skagit	48.275	-121.2416667	outside_boundary_exact	Washington, Snohomish County	Glacier Peak Wilderness, along Green Mountain Trail	https://lichenportal.org/portal/collections/individual/index.php?occid=81288
81309	ASU	NA	B.D. Ryan	30298-a	2.32	119.34	Washington	Skagit	48.275	-121.2416667	outside_boundary_exact	Washington, Snohomish County	Mt. Baker-Snoqualmie National Forest, plot 4, off Green Mountain Trail	https://lichenportal.org/portal/collections/individual/index.php?occid=81309
81434	ASU	NA	B.D. Ryan	30712	2.32	119.34	Washington	Skagit	48.275	-121.2416667	outside_boundary_exact	Washington, Snohomish County	Mt. Baker-Snoqualmie National Forest, along Green Mountain Trail	https://lichenportal.org/portal/collections/individual/index.php?occid=81434
81453	ASU	NA	B.D. Ryan	30260-b	2.32	119.34	Washington	Skagit	48.275	-121.2416667	outside_boundary_exact	Washington, Snohomish County	Mt. Baker-Snoqualmie National Forest, plot 4, off Green Mountain Trail	https://lichenportal.org/portal/collections/individual/index.php?occid=81453
82234	ASU	NA	B.D. Ryan	30310	2.32	119.34	Washington	Skagit	48.275	-121.2416667	outside_boundary_exact	Washington, Snohomish County	Mt. Baker-Snoqualmie National Forest, plot 4, off Green Mountain Trail	https://lichenportal.org/portal/collections/individual/index.php?occid=82234
82236	ASU	NA	B.D. Ryan	30344	2.32	119.34	Washington	Skagit	48.275	-121.2416667	outside_boundary_exact	Washington, Snohomish County	Mt. Baker-Snoqualmie National Forest, plot 4, off Green Mountain Trail	https://lichenportal.org/portal/collections/individual/index.php?occid=82236
82240	ASU	NA	B.D. Ryan	32514	2.32	119.34	Washington	Skagit	48.275	-121.2416667	outside_boundary_exact	Washington, Snohomish County	Mt. Baker-Snoqualmie National Forest, plot 4, off Green Mountain Trail	https://lichenportal.org/portal/collections/individual/index.php?occid=82240
83828	ASU	NA	B.D. Ryan	30358-c	2.32	119.34	Washington	Skagit	48.275	-121.2416667	outside_boundary_exact	Washington, Snohomish County	Mt. Baker-Snoqualmie National Forest, along Green Mountain Trail	https://lichenportal.org/portal/collections/individual/index.php?occid=83828
83927	ASU	NA	B.D. Ryan	30277-b	2.32	119.34	Washington	Skagit	48.275	-121.2416667	outside_boundary_exact	Washington, Snohomish County	Mt. Baker-Snoqualmie National Forest, plot 4, off Green Mountain Trail	https://lichenportal.org/portal/collections/individual/index.php?occid=83927
84934	ASU	NA	B.D. Ryan	30305-a	2.32	119.34	Washington	Skagit	48.275	-121.2416667	outside_boundary_exact	Washington, Snohomish County	Mt. Baker-Snoqualmie National Forest, plot 4, off Green Mountain Trail	https://lichenportal.org/portal/collections/individual/index.php?occid=84934
84935	ASU	NA	B.D. Ryan	30305-b	2.32	119.34	Washington	Skagit	48.275	-121.2416667	outside_boundary_exact	Washington, Snohomish County	Mt. Baker-Snoqualmie National Forest, plot 4, off Green Mountain Trail	https://lichenportal.org/portal/collections/individual/index.php?occid=84935
85004	ASU	NA	B.D. Ryan	30348	2.32	119.34	Washington	Skagit	48.275	-121.2416667	outside_boundary_exact	Washington, Snohomish County	Mt. Baker-Snoqualmie National Forest, plot 4, off Green Mountain Trail	https://lichenportal.org/portal/collections/individual/index.php?occid=85004
85008	ASU	NA	B.D. Ryan	30339	2.32	119.34	Washington	Skagit	48.275	-121.2416667	outside_boundary_exact	Washington, Snohomish County	Mt. Baker-Snoqualmie National Forest, plot 4, off Green Mountain Trail	https://lichenportal.org/portal/collections/individual/index.php?occid=85008
85010	ASU	NA	B.D. Ryan	30285	2.32	119.34	Washington	Skagit	48.275	-121.2416667	outside_boundary_exact	Washington, Snohomish County	Mt. Baker-Snoqualmie National Forest, plot 4, off Green Mountain Trail	https://lichenportal.org/portal/collections/individual/index.php?occid=85010
85475	ASU	NA	B.D. Ryan	30299	2.32	119.34	Washington	Skagit	48.275	-121.2416667	outside_boundary_exact	Washington, Snohomish County	Mt. Baker-Snoqualmie National Forest, plot 4, off Green Mountain Trail	https://lichenportal.org/portal/collections/individual/index.php?occid=85475
85476	ASU	NA	B.D. Ryan	30265	2.32	119.34	Washington	Skagit	48.275	-121.2416667	outside_boundary_exact	Washington, Snohomish County	Mt. Baker-Snoqualmie National Forest, plot 4, off Green Mountain Trail	https://lichenportal.org/portal/collections/individual/index.php?occid=85476
85480	ASU	NA	B.D. Ryan	30273--b	2.32	119.34	Washington	Skagit	48.275	-121.2416667	outside_boundary_exact	Washington, Snohomish County	Mt. Baker-Snoqualmie National Forest, plot 4, off Green Mountain Trail	https://lichenportal.org/portal/collections/individual/index.php?occid=85480
85481	ASU	NA	B.D. Ryan	30349	2.32	119.34	Washington	Skagit	48.275	-121.2416667	outside_boundary_exact	Washington, Snohomish County	Mt. Baker-Snoqualmie National Forest, plot 4, off Green Mountain Trail	https://lichenportal.org/portal/collections/individual/index.php?occid=85481
85919	ASU	NA	B.D. Ryan	30319-b	2.32	119.34	Washington	Skagit	48.275	-121.2416667	outside_boundary_exact	Washington, Snohomish County	Mt. Baker-Snoqualmie National Forest, plot 4, off Green Mountain Trail	https://lichenportal.org/portal/collections/individual/index.php?occid=85919
85955	ASU	NA	B.D. Ryan	30358--b	2.32	119.34	Washington	Skagit	48.275	-121.2416667	outside_boundary_exact	Washington, Snohomish County	Mt. Baker-Snoqualmie National Forest, off Green Mountain Trail	https://lichenportal.org/portal/collections/individual/index.php?occid=85955
88646	ASU	NA	B.D. Ryan	30283	2.32	119.34	Washington	Skagit	48.275	-121.2416667	outside_boundary_exact	Washington, Snohomish County	Mt. Baker-Snoqualmie National Forest, plot 4, off Green Mountain Trail	https://lichenportal.org/portal/collections/individual/index.php?occid=88646
88647	ASU	NA	B.D. Ryan	30335	2.32	119.34	Washington	Skagit	48.275	-121.2416667	outside_boundary_exact	Washington, Snohomish County	Mt. Baker-Snoqualmie National Forest, plot 4, off Green Mountain Trail	https://lichenportal.org/portal/collections/individual/index.php?occid=88647
88648	ASU	NA	B.D. Ryan	30351	2.32	119.34	Washington	Skagit	48.275	-121.2416667	outside_boundary_exact	Washington, Snohomish County	Mt. Baker-Snoqualmie National Forest, plot 4, off Green Mountain Trail	https://lichenportal.org/portal/collections/individual/index.php?occid=88648
88654	ASU	NA	B.D. Ryan	30714	2.32	119.34	Washington	Skagit	48.275	-121.2416667	outside_boundary_exact	Washington, Snohomish County	Mt. Baker-Snoqualmie National Forest, along Green Mountain Trail	https://lichenportal.org/portal/collections/individual/index.php?occid=88654
89614	ASU	NA	B.D. Ryan	30357-a	2.32	119.34	Washington	Skagit	48.275	-121.2416667	outside_boundary_exact	Washington, Snohomish County	Mt. Baker-Snoqualmie National Forest, plot 4, off Green Mountain Trail	https://lichenportal.org/portal/collections/individual/index.php?occid=89614
94059	ASU	ASUL000586	B.D. Ryan	30315-b	2.32	119.34	Washington	Skagit	48.275	-121.2416667	outside_boundary_exact	Washington, Snohomish County	Mt. Baker-Snoqualmie National Forest, plot 4, off Green Mountain Trail	https://lichenportal.org/portal/collections/individual/index.php?occid=94059
94301	ASU	NA	B.D. Ryan	30713-b	2.32	119.34	Washington	Skagit	48.275	-121.2416667	outside_boundary_exact	Washington, Snohomish County	Mt. Baker-Snoqualmie National Forest, along Green Mountain Trail	https://lichenportal.org/portal/collections/individual/index.php?occid=94301
94375	ASU	NA	B.D. Ryan	30269-b	2.32	119.34	Washington	Skagit	48.275	-121.2416667	outside_boundary_exact	Washington, Snohomish County	Mt. Baker-Snoqualmie National Forest, off Green Mountain Trail	https://lichenportal.org/portal/collections/individual/index.php?occid=94375
94377	ASU	NA	B.D. Ryan	30281-b	2.32	119.34	Washington	Skagit	48.275	-121.2416667	outside_boundary_exact	Washington, Snohomish County	Mt. Baker-Snoqualmie National Forest, off Green Mountain Trail	https://lichenportal.org/portal/collections/individual/index.php?occid=94377
94378	ASU	NA	B.D. Ryan	30352	2.32	119.34	Washington	Skagit	48.275	-121.2416667	outside_boundary_exact	Washington, Snohomish County	Mt. Baker-Snoqualmie National Forest, off Green Mountain Trail	https://lichenportal.org/portal/collections/individual/index.php?occid=94378
94380	ASU	NA	B.D. Ryan	30355	2.32	119.34	Washington	Skagit	48.275	-121.2416667	outside_boundary_exact	Washington, Snohomish County	Mt. Baker-Snoqualmie National Forest, off Green Mountain Trail	https://lichenportal.org/portal/collections/individual/index.php?occid=94380
95386	ASU	NA	B.D. Ryan	30306-a	2.32	119.34	Washington	Skagit	48.275	-121.2416667	outside_boundary_exact	Washington, Snohomish County	Mt. Baker-Snoqualmie National Forest, plot 4, off Green Mountain Trail	https://lichenportal.org/portal/collections/individual/index.php?occid=95386
95986	ASU	NA	B.D. Ryan	30	2.32	119.34	Washington	Skagit	48.275	-121.2416667	outside_boundary_exact	Washington, Snohomish County	Mt. Baker-Snoqualmie National Forest, along Green Mountain Trail	https://lichenportal.org/portal/collections/individual/index.php?occid=95986
95997	ASU	NA	B.D. Ryan	30296	2.32	119.34	Washington	Skagit	48.275	-121.2416667	outside_boundary_exact	Washington, Snohomish County	Mt. Baker-Snoqualmie National Forest, plot 4, off Green Mountain Trail	https://lichenportal.org/portal/collections/individual/index.php?occid=95997
95999	ASU	NA	B.D. Ryan	30711	2.32	119.34	Washington	Skagit	48.275	-121.2416667	outside_boundary_exact	Washington, Snohomish County	Mt. Baker-Snoqualmie National Forest, along Green Mountain Trail	https://lichenportal.org/portal/collections/individual/index.php?occid=95999
96001	ASU	NA	B.D. Ryan	30331	2.32	119.34	Washington	Skagit	48.275	-121.2416667	outside_boundary_exact	Washington, Snohomish County	Mt. Baker-Snoqualmie National Forest, plot 4, off Green Mountain Trail	https://lichenportal.org/portal/collections/individual/index.php?occid=96001
96002	ASU	NA	B.D. Ryan	30355-b	2.32	119.34	Washington	Skagit	48.275	-121.2416667	outside_boundary_exact	Washington, Snohomish County	Mt. Baker-Snoqualmie National Forest, off Green Mountain Trail	https://lichenportal.org/portal/collections/individual/index.php?occid=96002
96063	ASU	NA	B.D. Ryan	30281-a	2.32	119.34	Washington	Skagit	48.275	-121.2416667	outside_boundary_exact	Washington, Snohomish County	Mt. Baker-Snoqualmie National Forest, plot 4, off Green Mountain Trail	https://lichenportal.org/portal/collections/individual/index.php?occid=96063
96066	ASU	NA	B.D. Ryan	30711	2.32	119.34	Washington	Skagit	48.275	-121.2416667	outside_boundary_exact	Washington, Snohomish County	Mt. Baker-Snoqualmie National Forest, along Green Mountain Trail	https://lichenportal.org/portal/collections/individual/index.php?occid=96066
96071	ASU	NA	B.D. Ryan	30289	2.32	119.34	Washington	Skagit	48.275	-121.2416667	outside_boundary_exact	Washington, Snohomish County	Mt. Baker-Snoqualmie National Forest, plot 4, off Green Mountain Trail	https://lichenportal.org/portal/collections/individual/index.php?occid=96071
96072	ASU	NA	B.D. Ryan	30353	2.32	119.34	Washington	Skagit	48.275	-121.2416667	outside_boundary_exact	Washington, Snohomish County	Mt. Baker-Snoqualmie National Forest, plot 4, off Green Mountain Trail	https://lichenportal.org/portal/collections/individual/index.php?occid=96072
97262	ASU	NA	B.D. Ryan	30287	2.32	119.34	Washington	Skagit	48.275	-121.2416667	outside_boundary_exact	Washington, Snohomish County	Mt. Baker-Snoqualmie National Forest, plot 4, off Green Mountain Trail	https://lichenportal.org/portal/collections/individual/index.php?occid=97262
98497	ASU	NA	B.D. Ryan	30336	2.32	119.34	Washington	Skagit	48.275	-121.2416667	outside_boundary_exact	Washington, Snohomish County	Mt. Baker-Snoqualmie National Forest, plot 4, off Green Mountain Trail	https://lichenportal.org/portal/collections/individual/index.php?occid=98497
98518	ASU	NA	B.D. Ryan	30261	2.32	119.34	Washington	Skagit	48.275	-121.2416667	outside_boundary_exact	Washington, Snohomish County	Mt. Baker-Snoqualmie National Forest, plot 4, off Green Mountain Trail	https://lichenportal.org/portal/collections/individual/index.php?occid=98518
98525	ASU	NA	B.D. Ryan	30292	2.32	119.34	Washington	Skagit	48.275	-121.2416667	outside_boundary_exact	Washington, Snohomish County	Mt. Baker-Snoqualmie National Forest, plot 4, off Green Mountain Trail	https://lichenportal.org/portal/collections/individual/index.php?occid=98525
98536	ASU	NA	B.D. Ryan	30347	2.32	119.34	Washington	Skagit	48.275	-121.2416667	outside_boundary_exact	Washington, Snohomish County	Mt. Baker-Snoqualmie National Forest, plot 4, off Green Mountain Trail	https://lichenportal.org/portal/collections/individual/index.php?occid=98536
98567	ASU	NA	B.D. Ryan	30708	2.32	119.34	Washington	Skagit	48.275	-121.2416667	outside_boundary_exact	Washington, Snohomish County	Mt. Baker-Snoqualmie National Forest, along Green Mountain Trail	https://lichenportal.org/portal/collections/individual/index.php?occid=98567
98568	ASU	NA	B.D. Ryan	30710	2.32	119.34	Washington	Skagit	48.275	-121.2416667	outside_boundary_exact	Washington, Snohomish County	Mt. Baker-Snoqualmie National Forest, along Green Mountain Trail	https://lichenportal.org/portal/collections/individual/index.php?occid=98568
98997	ASU	NA	B.D. Ryan	32516	2.32	119.34	Washington	Skagit	48.275	-121.2416667	outside_boundary_exact	Washington, Snohomish County	Mt. Baker-Snoqualmie National Forest, plot 4, off Green Mountain Trail	https://lichenportal.org/portal/collections/individual/index.php?occid=98997
99491	ASU	NA	B.D. Ryan	30324	2.32	119.34	Washington	Skagit	48.275	-121.2416667	outside_boundary_exact	Washington, Snohomish County	Mt. Baker-Snoqualmie National Forest, plot 4, off Green Mountain Trail	https://lichenportal.org/portal/collections/individual/index.php?occid=99491
101076	ASU	NA	B.D. Ryan	30358-a	2.32	119.34	Washington	Skagit	48.275	-121.2416667	outside_boundary_exact	Washington, Snohomish County	Mt. Baker-Snoqualmie National Forest, off Green Mountain Trail	https://lichenportal.org/portal/collections/individual/index.php?occid=101076
101975	ASU	NA	B.D. Ryan	32515	2.32	119.34	Washington	Skagit	48.275	-121.2416667	outside_boundary_exact	Washington, Snohomish County	Mt. Baker-Snoqualmie National Forest, plot 4, off Green Mountain Trail	https://lichenportal.org/portal/collections/individual/index.php?occid=101975
102593	ASU	ASUL020384	B.D. Ryan	30320	2.32	119.34	Washington	Skagit	48.275	-121.2416667	outside_boundary_exact	Washington, Snohomish County	Mt. Baker-Snoqualmie National Forest, plot 4, off Green Mountain Trail	https://lichenportal.org/portal/collections/individual/index.php?occid=102593
105594	ASU	NA	B.D. Ryan	30356	2.32	119.34	Washington	Skagit	48.275	-121.2416667	outside_boundary_exact	Washington, Snohomish County	Mt. Baker-Snoqualmie National Forest.  Plot 4 (4000 ft), off Green Mountain Trail.	https://lichenportal.org/portal/collections/individual/index.php?occid=105594
1070434	ASU	NA	Bruce D. Ryan	30279-C	2.32	119.34	Washington	Skagit	48.275	-121.241667	outside_boundary_exact	Washington, Snohomish County	Mountain Baker-snoqualmie National Forest, off Green Mountain Trail.	https://lichenportal.org/portal/collections/individual/index.php?occid=1070434
2687056	ASU	NA	B.D. Ryan	32501	2.32	119.34	Washington	Skagit	48.275	-121.2416667	outside_boundary_exact	Washington, Snohomish County	Mt. Baker-Snoqualmie National Forest, plot 4, off Green Mountain Trail	https://lichenportal.org/portal/collections/individual/index.php?occid=2687056
2691771	ASU	NA	B.D. Ryan	30327-b	2.32	119.34	Washington	Skagit	48.275	-121.2416667	outside_boundary_exact	Washington, Snohomish County	Mt. Baker-Snoqualmie National Forest, plot 4, off Green Mountain Trail	https://lichenportal.org/portal/collections/individual/index.php?occid=2691771
2745107	ASU	NA	B.D. Ryan	30306-b	2.32	119.34	Washington	Skagit	48.275	-121.2416667	outside_boundary_exact	Washington, Snohomish County	Mt. Baker-Snoqualmie National Forest, plot 4, off Green Mountain Trail	https://lichenportal.org/portal/collections/individual/index.php?occid=2745107
2745108	ASU	NA	B.D. Ryan	30328	2.32	119.34	Washington	Skagit	48.275	-121.2416667	outside_boundary_exact	Washington, Snohomish County	Mt. Baker-Snoqualmie National Forest, plot 4, off Green Mountain Trail	https://lichenportal.org/portal/collections/individual/index.php?occid=2745108
2745109	ASU	NA	B.D. Ryan	30360	2.32	119.34	Washington	Skagit	48.275	-121.2416667	outside_boundary_exact	Washington, Snohomish County	Mt. Baker-Snoqualmie National Forest, off Green Mountain Trail	https://lichenportal.org/portal/collections/individual/index.php?occid=2745109
76330	ASU	ASUL007364	B.D. Ryan	30004-b	2.31	109.3	Washington	Skagit	48.275	-121.3833333	outside_boundary_exact	Washington, Snohomish County	Mt. Baker-Snoqualmie National Forest, FS Road 26, 4 km E of forest boundary, near Suiattle River	https://lichenportal.org/portal/collections/individual/index.php?occid=76330
79819	ASU	NA	B.D. Ryan	30003	2.31	109.3	Washington	Skagit	48.275	-121.3833333	outside_boundary_exact	Washington, Snohomish County	Mt. Baker-Snoqualmie National Forest, FS Road 26, 4 km E of forest boundary, near Suiattle River	https://lichenportal.org/portal/collections/individual/index.php?occid=79819
79820	ASU	NA	B.D. Ryan	30002	2.31	109.3	Washington	Skagit	48.275	-121.3833333	outside_boundary_exact	Washington, Snohomish County	Mt. Baker-Snoqualmie National Forest, FS Road 26, 4 km E of forest boundary, near Suiattle River	https://lichenportal.org/portal/collections/individual/index.php?occid=79820
84682	ASU	NA	B.D. Ryan	30005-a	2.31	109.3	Washington	Skagit	48.275	-121.3833333	outside_boundary_exact	Washington, Snohomish County	Mt. Baker-Snoqualmie National Forest, FS Road 26, 4 km E of forest boundary, near Suiattle River	https://lichenportal.org/portal/collections/individual/index.php?occid=84682
85082	ASU	NA	B.D. Ryan	30005	2.31	109.3	Washington	Skagit	48.275	-121.3833333	outside_boundary_exact	Washington, Snohomish County	Mt. Baker-Snoqualmie National Forest, FS Road 26, 4 km E of forest boundary, near Suiattle River	https://lichenportal.org/portal/collections/individual/index.php?occid=85082
90095	ASU	NA	B.D. Ryan	30000	2.31	109.3	Washington	Skagit	48.275	-121.3833333	outside_boundary_exact	Washington, Snohomish County	Mt. Baker-Snoqualmie National Forest, FS Road 26, 4 km E of forest boundary, near Suiattle River	https://lichenportal.org/portal/collections/individual/index.php?occid=90095
90620	ASU	NA	B.D. Ryan	30005-c	2.31	109.3	Washington	Skagit	48.275	-121.3833333	outside_boundary_exact	Washington, Snohomish County	Mt. Baker-Snoqualmie National Forest, FS Road 26, 4 km E of forest boundary, near Suiattle River	https://lichenportal.org/portal/collections/individual/index.php?occid=90620
90719	ASU	NA	B.D. Ryan	30001	2.31	109.3	Washington	Skagit	48.275	-121.3833333	outside_boundary_exact	Washington, Snohomish County	Mt. Baker-Snoqualmie National Forest, FS Road 26, 4 km E of forest boundary, near Suiattle River	https://lichenportal.org/portal/collections/individual/index.php?occid=90719
2411513	ASU	ASUL013425	B.D. Ryan	30004-d	2.31	109.3	Washington	Skagit	48.275	-121.3833333	outside_boundary_exact	Washington, Snohomish County	Mt. Baker-Snoqualmie National Forest, FS Road 26, 4 km E of forest boundary, near Suiattle River	https://lichenportal.org/portal/collections/individual/index.php?occid=2411513
119842	ASU	ASUL025054	T.H. Nash III	29913	2.25	69.88	Washington	Skamania	45.9541667	-121.5833333	outside_boundary_exact	Washington, Klickitat County	adjacent Natural Bridges on Cave Creek in Gifford Pinchot National Forest	https://lichenportal.org/portal/collections/individual/index.php?occid=119842
71015	ASU	ASUL013959	B.D. Ryan	30499-b	1.86	119.2	Washington	Skagit	48.2791667	-121.2416667	outside_boundary_exact	Washington, Snohomish County	Mt. Baker-Snoqualmie National Forest, Green Mountain Trail	https://lichenportal.org/portal/collections/individual/index.php?occid=71015
78739	ASU	ASUL013914	B.D. Ryan	30499-a	1.86	119.2	Washington	Skagit	48.2791667	-121.2416667	outside_boundary_exact	Washington, Snohomish County	Mt. Baker-Snoqualmie National Forest, Green Mountain Trail	https://lichenportal.org/portal/collections/individual/index.php?occid=78739
90775	ASU	NA	B.D. Ryan	30498	1.86	119.2	Washington	Skagit	48.2791667	-121.2416667	outside_boundary_exact	Washington, Snohomish County	Mt. Baker-Snoqualmie National Forest, Green Mountain Trail	https://lichenportal.org/portal/collections/individual/index.php?occid=90775
90944	ASU	NA	B.D. Ryan	30500	1.86	119.2	Washington	Skagit	48.2791667	-121.2416667	outside_boundary_exact	Washington, Snohomish County	Mt. Baker-Snoqualmie National Forest, Green Mountain Trail	https://lichenportal.org/portal/collections/individual/index.php?occid=90944
99882	ASU	NA	B.D. Ryan	30501	1.86	119.2	Washington	Skagit	48.2791667	-121.2416667	outside_boundary_exact	Washington, Snohomish County	Mt. Baker-Snoqualmie National Forest, Green Mountain Trail	https://lichenportal.org/portal/collections/individual/index.php?occid=99882
68885	ASU	ASUL025062	B.D. Ryan	30391	1.41	119.06	Washington	Skagit	48.2833333	-121.2416667	outside_boundary_exact	Washington, Snohomish County	Glacier Peak Wilderness, plot 5, off Green Mountain Trail	https://lichenportal.org/portal/collections/individual/index.php?occid=68885
68886	ASU	NA	B.D. Ryan	30369	1.41	119.06	Washington	Skagit	48.2833333	-121.2416667	outside_boundary_exact	Washington, Snohomish County	Glacier Peak Wilderness, plot 5, off Green Mountain Trail	https://lichenportal.org/portal/collections/individual/index.php?occid=68886
68890	ASU	NA	B.D. Ryan	30701	1.41	119.06	Washington	Skagit	48.2833333	-121.2416667	outside_boundary_exact	Washington, Snohomish County	Glacier Peak Wilderness, along Green Mountain Trail	https://lichenportal.org/portal/collections/individual/index.php?occid=68890
68984	ASU	ASUL019168	B.D. Ryan	30415-b	1.41	119.06	Washington	Skagit	48.2833333	-121.2416667	outside_boundary_exact	Washington, Snohomish County	Glacier Peak Wilderness, plot 5, off Green Mountain Trail	https://lichenportal.org/portal/collections/individual/index.php?occid=68984
70742	ASU	ASUL017849	B.D. Ryan	30707-a	1.41	119.06	Washington	Skagit	48.2833333	-121.2416667	outside_boundary_exact	Washington, Snohomish County	Glacier Peak Wilderness, along Green Mountain Trail	https://lichenportal.org/portal/collections/individual/index.php?occid=70742
70743	ASU	ASUL017850	B.D. Ryan	30388	1.41	119.06	Washington	Skagit	48.2833333	-121.2416667	outside_boundary_exact	Washington, Snohomish County	Glacier Peak Wilderness, plot 5, off Green Mountain Trail	https://lichenportal.org/portal/collections/individual/index.php?occid=70743
70744	ASU	ASUL017851	B.D. Ryan	30705-a	1.41	119.06	Washington	Skagit	48.2833333	-121.2416667	outside_boundary_exact	Washington, Snohomish County	Glacier Peak Wilderness, plot 5, off Green Mountain Trail	https://lichenportal.org/portal/collections/individual/index.php?occid=70744
70749	ASU	ASUL017854	B.D. Ryan	30399-a	1.41	119.06	Washington	Skagit	48.2833333	-121.2416667	outside_boundary_exact	Washington, Snohomish County	Glacier Peak Wilderness, plot 5, off Green Mountain Trail	https://lichenportal.org/portal/collections/individual/index.php?occid=70749
70751	ASU	ASUL017856	B.D. Ryan	30367	1.41	119.06	Washington	Skagit	48.2833333	-121.2416667	outside_boundary_exact	Washington, Snohomish County	Glacier Peak Wilderness, plot 5, off Green Mountain Trail	https://lichenportal.org/portal/collections/individual/index.php?occid=70751
70752	ASU	ASUL017857	B.D. Ryan	30392-a	1.41	119.06	Washington	Skagit	48.2833333	-121.2416667	outside_boundary_exact	Washington, Snohomish County	Glacier Peak Wilderness, plot 5, off Green Mountain Trail	https://lichenportal.org/portal/collections/individual/index.php?occid=70752
70753	ASU	ASUL017858	B.D. Ryan	30396	1.41	119.06	Washington	Skagit	48.2833333	-121.2416667	outside_boundary_exact	Washington, Snohomish County	Glacier Peak Wilderness, plot 5, off Green Mountain Trail	https://lichenportal.org/portal/collections/individual/index.php?occid=70753
70754	ASU	ASUL017859	B.D. Ryan	30515-b	1.41	119.06	Washington	Skagit	48.2833333	-121.2416667	outside_boundary_exact	Washington, Snohomish County	Mt. Baker-Snoqualmie National Forest, Green Mountain Trail	https://lichenportal.org/portal/collections/individual/index.php?occid=70754
70759	ASU	ASUL017865	B.D. Ryan	30706	1.41	119.06	Washington	Skagit	48.2833333	-121.2416667	outside_boundary_exact	Washington, Snohomish County	Glacier Peak Wilderness, along Green Mountain Trail	https://lichenportal.org/portal/collections/individual/index.php?occid=70759
70760	ASU	ASUL017867	B.D. Ryan	30516-c	1.41	119.06	Washington	Skagit	48.2833333	-121.2416667	outside_boundary_exact	Washington, Snohomish County	Mt. Baker-Snoqualmie National Forest, near boundary of Glacier Peak Wilderness Green Mountain Trail	https://lichenportal.org/portal/collections/individual/index.php?occid=70760
70761	ASU	ASUL017868	B.D. Ryan	30695-a	1.41	119.06	Washington	Skagit	48.2833333	-121.2416667	outside_boundary_exact	Washington, Snohomish County	Glacier Peak Wilderness, along Green Mountain Trail	https://lichenportal.org/portal/collections/individual/index.php?occid=70761
70762	ASU	ASUL017869	B.D. Ryan	30695-b	1.41	119.06	Washington	Skagit	48.2833333	-121.2416667	outside_boundary_exact	Washington, Snohomish County	Glacier Peak Wilderness, along Green Mountain Trail	https://lichenportal.org/portal/collections/individual/index.php?occid=70762
70772	ASU	ASUL017872	B.D. Ryan	30705-c	1.41	119.06	Washington	Skagit	48.2833333	-121.2416667	outside_boundary_exact	Washington, Snohomish County	Glacier Peak Wilderness, along Green Mountain Trail	https://lichenportal.org/portal/collections/individual/index.php?occid=70772
71016	ASU	ASUL013960	B.D. Ryan	30696--b	1.41	119.06	Washington	Skagit	48.2833333	-121.2416667	outside_boundary_exact	Washington, Snohomish County	Glacier Peak Wilderness, along Green Mountain Trail	https://lichenportal.org/portal/collections/individual/index.php?occid=71016
71021	ASU	ASUL013968	B.D. Ryan	30399--c	1.41	119.06	Washington	Skagit	48.2833333	-121.2416667	outside_boundary_exact	Washington, Snohomish County	Glacier Peak Wilderness, along Green Mountain Trail	https://lichenportal.org/portal/collections/individual/index.php?occid=71021
71099	ASU	ASUL014008	B.D. Ryan	30707-c	1.41	119.06	Washington	Skagit	48.2833333	-121.2416667	outside_boundary_exact	Washington, Snohomish County	Glacier Peak Wilderness, along Green Mountain Trail	https://lichenportal.org/portal/collections/individual/index.php?occid=71099
71194	ASU	ASUL014087	B.D. Ryan	30516--a	1.41	119.06	Washington	Skagit	48.2833333	-121.2416667	outside_boundary_exact	Washington, Snohomish County	Mt. Baker-Snoqualmie National Forest, near boundary of Glacier Peak Wilderness Green Mountain Trail	https://lichenportal.org/portal/collections/individual/index.php?occid=71194
71196	ASU	ASUL014085	B.D. Ryan	30696-c	1.41	119.06	Washington	Skagit	48.2833333	-121.2416667	outside_boundary_exact	Washington, Snohomish County	Glacier Peak Wilderness, along Green Mountain Trail	https://lichenportal.org/portal/collections/individual/index.php?occid=71196
71197	ASU	ASUL014083	B.D. Ryan	30705-b	1.41	119.06	Washington	Skagit	48.2833333	-121.2416667	outside_boundary_exact	Washington, Snohomish County	Glacier Peak Wilderness, plot 5, off Green Mountain Trail	https://lichenportal.org/portal/collections/individual/index.php?occid=71197
71256	ASU	ASUL008451	B.D. Ryan	30385-a	1.41	119.06	Washington	Skagit	48.2833333	-121.2416667	outside_boundary_exact	Washington, Snohomish County	Glacier Peak Wilderness, plot 5, off Green Mountain Trail	https://lichenportal.org/portal/collections/individual/index.php?occid=71256
71273	ASU	ASUL013824	B.D. Ryan	30428	1.41	119.06	Washington	Skagit	48.2833333	-121.2416667	outside_boundary_exact	Washington, Snohomish County	Glacier Peak Wilderness, plot 5, off Green Mountain Trail	https://lichenportal.org/portal/collections/individual/index.php?occid=71273
71301	ASU	ASUL019032	B.D. Ryan	30704-f	1.41	119.06	Washington	Skagit	48.2833333	-121.2416667	outside_boundary_exact	Washington, Snohomish County	Glacier Peak Wilderness, along Green Mountain Trail	https://lichenportal.org/portal/collections/individual/index.php?occid=71301
71302	ASU	ASUL019031	B.D. Ryan	30387 D	1.41	119.06	Washington	Skagit	48.2833333	-121.2416667	outside_boundary_exact	Washington, Snohomish County	Glacier Peak Wilderness, plot 5, off Green Mountain Trail	https://lichenportal.org/portal/collections/individual/index.php?occid=71302
71343	ASU	ASUL008457	B.D. Ryan	32526	1.41	119.06	Washington	Skagit	48.2833333	-121.2416667	outside_boundary_exact	Washington, Snohomish County	Glacier Peak Wilderness, plot 5, off Green Mountain Trail	https://lichenportal.org/portal/collections/individual/index.php?occid=71343
71347	ASU	ASUL008454	B.D. Ryan	30704	1.41	119.06	Washington	Skagit	48.2833333	-121.2416667	outside_boundary_exact	Washington, Snohomish County	Glacier Peak Wilderness, along Green Mountain Trail	https://lichenportal.org/portal/collections/individual/index.php?occid=71347
71348	ASU	ASUL008458	B.D. Ryan	30542-a	1.41	119.06	Washington	Skagit	48.2833333	-121.2416667	outside_boundary_exact	Washington, Snohomish County	Glacier Peak Wilderness, plot 5, off Green Mountain Trail	https://lichenportal.org/portal/collections/individual/index.php?occid=71348
71354	ASU	ASUL008500	B.D. Ryan	32571	1.41	119.06	Washington	Skagit	48.2833333	-121.2416667	outside_boundary_exact	Washington, Snohomish County	Glacier Peak Wilderness, plot 5, off Green Mountain Trail	https://lichenportal.org/portal/collections/individual/index.php?occid=71354
71365	ASU	ASUL019167	B.D. Ryan	30408--b	1.41	119.06	Washington	Skagit	48.2833333	-121.2416667	outside_boundary_exact	Washington, Snohomish County	Glacier Peak Wilderness, plot 5, off Green Mountain Trail	https://lichenportal.org/portal/collections/individual/index.php?occid=71365
73305	ASU	ASUL034971	B.D. Ryan	30409--b	1.41	119.06	Washington	Skagit	48.2833333	-121.2416667	outside_boundary_exact	Washington, Snohomish County	Glacier Peak Wilderness, plot 5, off Green Mountain Trail	https://lichenportal.org/portal/collections/individual/index.php?occid=73305
74156	ASU	ASUL024625	B.D. Ryan	30533-a	1.41	119.06	Washington	Skagit	48.2833333	-121.2416667	outside_boundary_exact	Washington, Snohomish County	Glacier Peak Wilderness, Green Mountain Trail	https://lichenportal.org/portal/collections/individual/index.php?occid=74156
74505	ASU	ASUL024164	B.D. Ryan	30519	1.41	119.06	Washington	Skagit	48.2833333	-121.2416667	outside_boundary_exact	Washington, Snohomish County	Glacier Peak Wilderness, along Green Mountain Trail	https://lichenportal.org/portal/collections/individual/index.php?occid=74505
74506	ASU	ASUL024168	B.D. Ryan	30419	1.41	119.06	Washington	Skagit	48.2833333	-121.2416667	outside_boundary_exact	Washington, Snohomish County	Glacier Peak Wilderness, along Green Mountain Trail	https://lichenportal.org/portal/collections/individual/index.php?occid=74506
74508	ASU	ASUL024244	B.D. Ryan	30420	1.41	119.06	Washington	Skagit	48.2833333	-121.2416667	outside_boundary_exact	Washington, Snohomish County	Glacier Peak Wilderness, along Green Mountain Trail	https://lichenportal.org/portal/collections/individual/index.php?occid=74508
74839	ASU	ASUL024661	B.D. Ryan	30417-b	1.41	119.06	Washington	Skagit	48.2833333	-121.2416667	outside_boundary_exact	Washington, Snohomish County	Glacier Peak Wilderness, plot 5, off Green Mountain Trail	https://lichenportal.org/portal/collections/individual/index.php?occid=74839
74884	ASU	ASUL011387	B.D. Ryan	30531	1.41	119.06	Washington	Skagit	48.2833333	-121.2416667	outside_boundary_exact	Washington, Snohomish County	Glacier Peak Wilderness, Green Mountain Trail	https://lichenportal.org/portal/collections/individual/index.php?occid=74884
74887	ASU	ASUL011395	B.D. Ryan	30533-b	1.41	119.06	Washington	Skagit	48.2833333	-121.2416667	outside_boundary_exact	Washington, Snohomish County	Glacier Peak Wilderness, Green Mountain Trail	https://lichenportal.org/portal/collections/individual/index.php?occid=74887
74888	ASU	ASUL011396	B.D. Ryan	30535-b	1.41	119.06	Washington	Skagit	48.2833333	-121.2416667	outside_boundary_exact	Washington, Snohomish County	Glacier Peak Wilderness, Green Mountain Trail	https://lichenportal.org/portal/collections/individual/index.php?occid=74888
75680	ASU	ASUL011536	B.D. Ryan	30514	1.41	119.06	Washington	Skagit	48.2833333	-121.2416667	outside_boundary_exact	Washington, Snohomish County	Mt. Baker-Snoqualmie National Forest, Green Mountain Trail	https://lichenportal.org/portal/collections/individual/index.php?occid=75680
75682	ASU	ASUL011538	B.D. Ryan	30539-b	1.41	119.06	Washington	Skagit	48.2833333	-121.2416667	outside_boundary_exact	Washington, Snohomish County	Glacier Peak Wilderness, plot 5, off Green Mountain Trail	https://lichenportal.org/portal/collections/individual/index.php?occid=75682
76331	ASU	NA	B.D. Ryan	30373-a	1.41	119.06	Washington	Skagit	48.2833333	-121.2416667	outside_boundary_exact	Washington, Snohomish County	Glacier Peak Wilderness, plot 5, off Green Mountain Trail	https://lichenportal.org/portal/collections/individual/index.php?occid=76331
76860	ASU	NA	B.D. Ryan	30436-b	1.41	119.06	Washington	Skagit	48.2833333	-121.2416667	outside_boundary_exact	Washington, Snohomish County	Glacier Peak Wilderness, plot 5, off Green Mountain Trail	https://lichenportal.org/portal/collections/individual/index.php?occid=76860
76861	ASU	NA	B.D. Ryan	30440	1.41	119.06	Washington	Skagit	48.2833333	-121.2416667	outside_boundary_exact	Washington, Snohomish County	Glacier Peak Wilderness, plot 5, off Green Mountain Trail	https://lichenportal.org/portal/collections/individual/index.php?occid=76861
77172	ASU	NA	B.D. Ryan	30407	1.41	119.06	Washington	Skagit	48.2833333	-121.2416667	outside_boundary_exact	Washington, Snohomish County	Glacier Peak Wilderness, plot 5, off Green Mountain Trail	https://lichenportal.org/portal/collections/individual/index.php?occid=77172
79210	ASU	NA	B.D. Ryan	32547	1.41	119.06	Washington	Skagit	48.2833333	-121.2416667	outside_boundary_exact	Washington, Snohomish County	Glacier Peak Wilderness, plot 5, off Green Mountain Trail	https://lichenportal.org/portal/collections/individual/index.php?occid=79210
81006	ASU	NA	B.D. Ryan	30699-a	1.41	119.06	Washington	Skagit	48.2833333	-121.2416667	outside_boundary_exact	Washington, Snohomish County	Glacier Peak Wilderness, along Green Mountain Trail	https://lichenportal.org/portal/collections/individual/index.php?occid=81006
81133	ASU	NA	B.D. Ryan	30699-b	1.41	119.06	Washington	Skagit	48.2833333	-121.2416667	outside_boundary_exact	Washington, Snohomish County	Glacier Peak Wilderness, along Green Mountain Trail	https://lichenportal.org/portal/collections/individual/index.php?occid=81133
81146	ASU	NA	B.D. Ryan	30395	1.41	119.06	Washington	Skagit	48.2833333	-121.2416667	outside_boundary_exact	Washington, Snohomish County	Glacier Peak Wilderness, plot 5, off Green Mountain Trail	https://lichenportal.org/portal/collections/individual/index.php?occid=81146
81241	ASU	NA	B.D. Ryan	30529	1.41	119.06	Washington	Skagit	48.2833333	-121.2416667	outside_boundary_exact	Washington, Snohomish County	Glacier Peak Wilderness, Green Mountain Trail	https://lichenportal.org/portal/collections/individual/index.php?occid=81241
81247	ASU	NA	B.D. Ryan	30370	1.41	119.06	Washington	Skagit	48.2833333	-121.2416667	outside_boundary_exact	Washington, Snohomish County	Glacier Peak Wilderness, plot 5, off Green Mountain Trail	https://lichenportal.org/portal/collections/individual/index.php?occid=81247
81248	ASU	NA	B.D. Ryan	30368	1.41	119.06	Washington	Skagit	48.2833333	-121.2416667	outside_boundary_exact	Washington, Snohomish County	Glacier Peak Wilderness, plot 5, off Green Mountain Trail	https://lichenportal.org/portal/collections/individual/index.php?occid=81248
81250	ASU	NA	B.D. Ryan	30390-a	1.41	119.06	Washington	Skagit	48.2833333	-121.2416667	outside_boundary_exact	Washington, Snohomish County	Glacier Peak Wilderness, plot 5, off Green Mountain Trail	https://lichenportal.org/portal/collections/individual/index.php?occid=81250
81286	ASU	NA	B.D. Ryan	30700	1.41	119.06	Washington	Skagit	48.2833333	-121.2416667	outside_boundary_exact	Washington, Snohomish County	Glacier Peak Wilderness, along Green Mountain Trail	https://lichenportal.org/portal/collections/individual/index.php?occid=81286
81293	ASU	NA	B.D. Ryan	30393	1.41	119.06	Washington	Skagit	48.2833333	-121.2416667	outside_boundary_exact	Washington, Snohomish County	Glacier Peak Wilderness, plot 5, off Green Mountain Trail	https://lichenportal.org/portal/collections/individual/index.php?occid=81293
81296	ASU	NA	B.D. Ryan	30390-b	1.41	119.06	Washington	Skagit	48.2833333	-121.2416667	outside_boundary_exact	Washington, Snohomish County	Glacier Peak Wilderness, plot 5, off Green Mountain Trail	https://lichenportal.org/portal/collections/individual/index.php?occid=81296
81306	ASU	NA	B.D. Ryan	32533	1.41	119.06	Washington	Skagit	48.2833333	-121.2416667	outside_boundary_exact	Washington, Snohomish County	Glacier Peak Wilderness, plot 5, off Green Mountain Trail	https://lichenportal.org/portal/collections/individual/index.php?occid=81306
81308	ASU	NA	B.D. Ryan	30526	1.41	119.06	Washington	Skagit	48.2833333	-121.2416667	outside_boundary_exact	Washington, Snohomish County	Glacier Peak Wilderness, plot 5, off Green Mountain Trail	https://lichenportal.org/portal/collections/individual/index.php?occid=81308
81437	ASU	NA	B.D. Ryan	32572	1.41	119.06	Washington	Skagit	48.2833333	-121.2416667	outside_boundary_exact	Washington, Snohomish County	Glacier Peak Wilderness, plot 5, off Green Mountain Trail	https://lichenportal.org/portal/collections/individual/index.php?occid=81437
82515	ASU	NA	B.D. Ryan	30504-d	1.41	119.06	Washington	Skagit	48.2833333	-121.2416667	outside_boundary_exact	Washington, Snohomish County	Mt. Baker-Snoqualmie National Forest, Green Mountain Trail	https://lichenportal.org/portal/collections/individual/index.php?occid=82515
82811	ASU	NA	B.D. Ryan	30385	1.41	119.06	Washington	Skagit	48.2833333	-121.2416667	outside_boundary_exact	Washington, Snohomish County	Glacier Peak Wilderness, plot 5, off Green Mountain Trail	https://lichenportal.org/portal/collections/individual/index.php?occid=82811
83772	ASU	NA	B.D. Ryan	32567-b	1.41	119.06	Washington	Skagit	48.2833333	-121.2416667	outside_boundary_exact	Washington, Snohomish County	Glacier Peak Wilderness, along Green Mountain Trail	https://lichenportal.org/portal/collections/individual/index.php?occid=83772
83827	ASU	NA	B.D. Ryan	30422-b	1.41	119.06	Washington	Skagit	48.2833333	-121.2416667	outside_boundary_exact	Washington, Snohomish County	Glacier Peak Wilderness, plot 5, off Green Mountain Trail	https://lichenportal.org/portal/collections/individual/index.php?occid=83827
83829	ASU	NA	B.D. Ryan	30504-a	1.41	119.06	Washington	Skagit	48.2833333	-121.2416667	outside_boundary_exact	Washington, Snohomish County	Mt. Baker-Snoqualmie National Forest, Green Mountain Trail	https://lichenportal.org/portal/collections/individual/index.php?occid=83829
83830	ASU	NA	B.D. Ryan	30408-a	1.41	119.06	Washington	Skagit	48.2833333	-121.2416667	outside_boundary_exact	Washington, Snohomish County	Glacier Peak Wilderness, plot 5, off Green Mountain Trail	https://lichenportal.org/portal/collections/individual/index.php?occid=83830
83832	ASU	NA	B.D. Ryan	30415-a	1.41	119.06	Washington	Skagit	48.2833333	-121.2416667	outside_boundary_exact	Washington, Snohomish County	Glacier Peak Wilderness, plot 5, off Green Mountain Trail	https://lichenportal.org/portal/collections/individual/index.php?occid=83832
84148	ASU	NA	B.D. Ryan	30698-b	1.41	119.06	Washington	Skagit	48.2833333	-121.2416667	outside_boundary_exact	Washington, Snohomish County	Glacier Peak Wilderness, along Green Mountain Trail	https://lichenportal.org/portal/collections/individual/index.php?occid=84148
84456	ASU	NA	B.D. Ryan	30402-b	1.41	119.06	Washington	Skagit	48.2833333	-121.2416667	outside_boundary_exact	Washington, Snohomish County	Glacier Peak Wilderness, plot 5, off Green Mountain Trail	https://lichenportal.org/portal/collections/individual/index.php?occid=84456
84666	ASU	NA	B.D. Ryan	30521-a	1.41	119.06	Washington	Skagit	48.2833333	-121.2416667	outside_boundary_exact	Washington, Snohomish County	Glacier Peak Wilderness, plot 5, off Green Mountain Trail	https://lichenportal.org/portal/collections/individual/index.php?occid=84666
84714	ASU	NA	B.D. Ryan	30402-a	1.41	119.06	Washington	Skagit	48.2833333	-121.2416667	outside_boundary_exact	Washington, Snohomish County	Glacier Peak Wilderness, plot 5, off Green Mountain Trail	https://lichenportal.org/portal/collections/individual/index.php?occid=84714
84717	ASU	ASUL050045	B.D. Ryan	30387 B	1.41	119.06	Washington	Skagit	48.2833333	-121.2416667	outside_boundary_exact	Washington, Snohomish County	Glacier Peak Wilderness, plot 5, off Green Mountain Trail	https://lichenportal.org/portal/collections/individual/index.php?occid=84717
84863	ASU	NA	B.D. Ryan	30441-a	1.41	119.06	Washington	Skagit	48.2833333	-121.2416667	outside_boundary_exact	Washington, Snohomish County	Glacier Peak Wilderness, plot 5, off Green Mountain Trail	https://lichenportal.org/portal/collections/individual/index.php?occid=84863
84998	ASU	NA	B.D. Ryan	30503	1.41	119.06	Washington	Skagit	48.2833333	-121.2416667	outside_boundary_exact	Washington, Snohomish County	Mt. Baker-Snoqualmie National Forest, Green Mountain Trail	https://lichenportal.org/portal/collections/individual/index.php?occid=84998
84999	ASU	NA	B.D. Ryan	32542	1.41	119.06	Washington	Skagit	48.2833333	-121.2416667	outside_boundary_exact	Washington, Snohomish County	Glacier Peak Wilderness, plot 5, off Green Mountain Trail	https://lichenportal.org/portal/collections/individual/index.php?occid=84999
85367	ASU	NA	B.D. Ryan	30523	1.41	119.06	Washington	Skagit	48.2833333	-121.2416667	outside_boundary_exact	Washington, Snohomish County	Glacier Peak Wilderness, plot 5, off Green Mountain Trail	https://lichenportal.org/portal/collections/individual/index.php?occid=85367
85369	ASU	NA	B.D. Ryan	30434-a	1.41	119.06	Washington	Skagit	48.2833333	-121.2416667	outside_boundary_exact	Washington, Snohomish County	Glacier Peak Wilderness, plot 5, off Green Mountain Trail	https://lichenportal.org/portal/collections/individual/index.php?occid=85369
85921	ASU	NA	B.D. Ryan	30382-a	1.41	119.06	Washington	Skagit	48.2833333	-121.2416667	outside_boundary_exact	Washington, Snohomish County	Glacier Peak Wilderness, plot 5, off Green Mountain Trail	https://lichenportal.org/portal/collections/individual/index.php?occid=85921
87709	ASU	NA	B.D. Ryan	30378	1.41	119.06	Washington	Skagit	48.2833333	-121.2416667	outside_boundary_exact	Washington, Snohomish County	Glacier Peak Wilderness, plot 5, off Green Mountain Trail	https://lichenportal.org/portal/collections/individual/index.php?occid=87709
88082	ASU	NA	B.D. Ryan	30403-b	1.41	119.06	Washington	Skagit	48.2833333	-121.2416667	outside_boundary_exact	Washington, Snohomish County	Glacier Peak Wilderness, plot 5, off Green Mountain Trail	https://lichenportal.org/portal/collections/individual/index.php?occid=88082
88449	ASU	NA	B.D. Ryan	30405-b	1.41	119.06	Washington	Skagit	48.2833333	-121.2416667	outside_boundary_exact	Washington, Snohomish County	Glacier Peak Wilderness, plot 5, off Green Mountain Trail	https://lichenportal.org/portal/collections/individual/index.php?occid=88449
88452	ASU	NA	B.D. Ryan	30384-b	1.41	119.06	Washington	Skagit	48.2833333	-121.2416667	outside_boundary_exact	Washington, Snohomish County	Glacier Peak Wilderness, plot 5, off Green Mountain Trail	https://lichenportal.org/portal/collections/individual/index.php?occid=88452
88454	ASU	NA	B.D. Ryan	30400-a	1.41	119.06	Washington	Skagit	48.2833333	-121.2416667	outside_boundary_exact	Washington, Snohomish County	Glacier Peak Wilderness, plot 5, off Green Mountain Trail	https://lichenportal.org/portal/collections/individual/index.php?occid=88454
88643	ASU	NA	B.D. Ryan	30528	1.41	119.06	Washington	Skagit	48.2833333	-121.2416667	outside_boundary_exact	Washington, Snohomish County	Glacier Peak Wilderness, Green Mountain Trail	https://lichenportal.org/portal/collections/individual/index.php?occid=88643
88649	ASU	NA	B.D. Ryan	30384-a	1.41	119.06	Washington	Skagit	48.2833333	-121.2416667	outside_boundary_exact	Washington, Snohomish County	Glacier Peak Wilderness, plot 5, off Green Mountain Trail	https://lichenportal.org/portal/collections/individual/index.php?occid=88649
88652	ASU	NA	B.D. Ryan	30405-a	1.41	119.06	Washington	Skagit	48.2833333	-121.2416667	outside_boundary_exact	Washington, Snohomish County	Glacier Peak Wilderness, plot 5, off Green Mountain Trail	https://lichenportal.org/portal/collections/individual/index.php?occid=88652
89161	ASU	NA	B.D. Ryan	30430	1.41	119.06	Washington	Skagit	48.2833333	-121.2416667	outside_boundary_exact	Washington, Snohomish County	Glacier Peak Wilderness, plot 5, off Green Mountain Trail	https://lichenportal.org/portal/collections/individual/index.php?occid=89161
89165	ASU	NA	B.D. Ryan	30524-a	1.41	119.06	Washington	Skagit	48.2833333	-121.2416667	outside_boundary_exact	Washington, Snohomish County	Glacier Peak Wilderness, plot 5, off Green Mountain Trail	https://lichenportal.org/portal/collections/individual/index.php?occid=89165
89482	ASU	ASUL008504	B.D. Ryan	32577	1.41	119.06	Washington	Skagit	48.2833333	-121.2416667	outside_boundary_exact	Washington, Snohomish County	Glacier Peak Wilderness, plot 5, off Green Mountain Trail	https://lichenportal.org/portal/collections/individual/index.php?occid=89482
89484	ASU	ASUL008503	B.D. Ryan	30373-d	1.41	119.06	Washington	Skagit	48.2833333	-121.2416667	outside_boundary_exact	Washington, Snohomish County	Glacier Peak Wilderness, plot 5, off Green Mountain Trail	https://lichenportal.org/portal/collections/individual/index.php?occid=89484
89824	ASU	NA	B.D. Ryan	3	1.41	119.06	Washington	Skagit	48.2833333	-121.2416667	outside_boundary_exact	Washington, Snohomish County	Glacier Peak Wilderness, plot 5, off Green Mountain Trail	https://lichenportal.org/portal/collections/individual/index.php?occid=89824
89878	ASU	NA	B.D. Ryan	32540	1.41	119.06	Washington	Skagit	48.2833333	-121.2416667	outside_boundary_exact	Washington, Snohomish County	Glacier Peak Wilderness, plot 5, off Green Mountain Trail	https://lichenportal.org/portal/collections/individual/index.php?occid=89878
90110	ASU	NA	B.D. Ryan	30513	1.41	119.06	Washington	Skagit	48.2833333	-121.2416667	outside_boundary_exact	Washington, Snohomish County	Mt. Baker-Snoqualmie National Forest, Green Mountain Trail	https://lichenportal.org/portal/collections/individual/index.php?occid=90110
90245	ASU	NA	B.D. Ryan	32564	1.41	119.06	Washington	Skagit	48.2833333	-121.2416667	outside_boundary_exact	Washington, Snohomish County	Glacier Peak Wilderness, plot 5, off Green Mountain Trail	https://lichenportal.org/portal/collections/individual/index.php?occid=90245
90481	ASU	NA	B.D. Ryan	32541	1.41	119.06	Washington	Skagit	48.2833333	-121.2416667	outside_boundary_exact	Washington, Snohomish County	Glacier Peak Wilderness, plot 5, off Green Mountain Trail	https://lichenportal.org/portal/collections/individual/index.php?occid=90481
90669	ASU	NA	B.D. Ryan	30421	1.41	119.06	Washington	Skagit	48.2833333	-121.2416667	outside_boundary_exact	Washington, Snohomish County	Glacier Peak Wilderness, plot 5, off Green Mountain Trail	https://lichenportal.org/portal/collections/individual/index.php?occid=90669
90943	ASU	NA	B.D. Ryan	30421	1.41	119.06	Washington	Skagit	48.2833333	-121.2416667	outside_boundary_exact	Washington, Snohomish County	Glacier Peak Wilderness, plot 5, off Green Mountain Trail	https://lichenportal.org/portal/collections/individual/index.php?occid=90943
90945	ASU	NA	B.D. Ryan	30413	1.41	119.06	Washington	Skagit	48.2833333	-121.2416667	outside_boundary_exact	Washington, Snohomish County	Glacier Peak Wilderness, plot 5, off Green Mountain Trail	https://lichenportal.org/portal/collections/individual/index.php?occid=90945
92774	ASU	NA	B.D. Ryan	30372-a	1.41	119.06	Washington	Skagit	48.2833333	-121.2416667	outside_boundary_exact	Washington, Snohomish County	Glacier Peak Wilderness, plot 5, off Green Mountain Trail	https://lichenportal.org/portal/collections/individual/index.php?occid=92774
92775	ASU	NA	B.D. Ryan	30372-c	1.41	119.06	Washington	Skagit	48.2833333	-121.2416667	outside_boundary_exact	Washington, Snohomish County	Glacier Peak Wilderness, plot 5, off Green Mountain Trail	https://lichenportal.org/portal/collections/individual/index.php?occid=92775
92777	ASU	NA	B.D. Ryan	30371-a	1.41	119.06	Washington	Skagit	48.2833333	-121.2416667	outside_boundary_exact	Washington, Snohomish County	Glacier Peak Wilderness, plot 5, off Green Mountain Trail	https://lichenportal.org/portal/collections/individual/index.php?occid=92777
92779	ASU	NA	B.D. Ryan	30704-g	1.41	119.06	Washington	Skagit	48.2833333	-121.2416667	outside_boundary_exact	Washington, Snohomish County	Glacier Peak Wilderness, along Green Mountain Trail	https://lichenportal.org/portal/collections/individual/index.php?occid=92779
92780	ASU	NA	B.D. Ryan	30704-e	1.41	119.06	Washington	Skagit	48.2833333	-121.2416667	outside_boundary_exact	Washington, Snohomish County	Glacier Peak Wilderness, along Green Mountain Trail	https://lichenportal.org/portal/collections/individual/index.php?occid=92780
92781	ASU	NA	B.D. Ryan	30386-a	1.41	119.06	Washington	Skagit	48.2833333	-121.2416667	outside_boundary_exact	Washington, Snohomish County	Glacier Peak Wilderness, plot 5, off Green Mountain Trail	https://lichenportal.org/portal/collections/individual/index.php?occid=92781
92782	ASU	NA	B.D. Ryan	30542-b	1.41	119.06	Washington	Skagit	48.2833333	-121.2416667	outside_boundary_exact	Washington, Snohomish County	Glacier Peak Wilderness, plot 5, off Green Mountain Trail	https://lichenportal.org/portal/collections/individual/index.php?occid=92782
92784	ASU	NA	B.D. Ryan	30527-b	1.41	119.06	Washington	Skagit	48.2833333	-121.2416667	outside_boundary_exact	Washington, Snohomish County	Glacier Peak Wilderness, Green Mountain Trail	https://lichenportal.org/portal/collections/individual/index.php?occid=92784
92787	ASU	NA	B.D. Ryan	30506	1.41	119.06	Washington	Skagit	48.2833333	-121.2416667	outside_boundary_exact	Washington, Snohomish County	Mt. Baker-Snoqualmie National Forest, Green Mountain Trail	https://lichenportal.org/portal/collections/individual/index.php?occid=92787
92792	ASU	NA	B.D. Ryan	30402-c	1.41	119.06	Washington	Skagit	48.2833333	-121.2416667	outside_boundary_exact	Washington, Snohomish County	Glacier Peak Wilderness, plot 5, off Green Mountain Trail	https://lichenportal.org/portal/collections/individual/index.php?occid=92792
96611	ASU	NA	B.D. Ryan	30510	1.41	119.06	Washington	Skagit	48.2833333	-121.2416667	outside_boundary_exact	Washington, Snohomish County	Mt. Baker-Snoqualmie National Forest, Green Mountain Trail	https://lichenportal.org/portal/collections/individual/index.php?occid=96611
97478	ASU	NA	B.D. Ryan	30431	1.41	119.06	Washington	Skagit	48.2833333	-121.2416667	outside_boundary_exact	Washington, Snohomish County	Glacier Peak Wilderness, plot 5, off Green Mountain Trail	https://lichenportal.org/portal/collections/individual/index.php?occid=97478
97480	ASU	NA	B.D. Ryan	30505-a	1.41	119.06	Washington	Skagit	48.2833333	-121.2416667	outside_boundary_exact	Washington, Snohomish County	Mt. Baker-Snoqualmie National Forest, Green Mountain Trail	https://lichenportal.org/portal/collections/individual/index.php?occid=97480
98076	ASU	NA	B.D. Ryan	30502-a	1.41	119.06	Washington	Skagit	48.2833333	-121.2416667	outside_boundary_exact	Washington, Snohomish County	Mt. Baker-Snoqualmie National Forest, Green Mountain Trail	https://lichenportal.org/portal/collections/individual/index.php?occid=98076
98187	ASU	NA	B.D. Ryan	30502-b	1.41	119.06	Washington	Skagit	48.2833333	-121.2416667	outside_boundary_exact	Washington, Snohomish County	Mt. Baker-Snoqualmie National Forest, Green Mountain Trail	https://lichenportal.org/portal/collections/individual/index.php?occid=98187
98504	ASU	NA	B.D. Ryan	30703	1.41	119.06	Washington	Skagit	48.2833333	-121.2416667	outside_boundary_exact	Washington, Snohomish County	Glacier Peak Wilderness, along Green Mountain Trail	https://lichenportal.org/portal/collections/individual/index.php?occid=98504
98514	ASU	NA	B.D. Ryan	30366	1.41	119.06	Washington	Skagit	48.2833333	-121.2416667	outside_boundary_exact	Washington, Snohomish County	Glacier Peak Wilderness, plot 5, off Green Mountain Trail	https://lichenportal.org/portal/collections/individual/index.php?occid=98514
98521	ASU	NA	B.D. Ryan	30698-a	1.41	119.06	Washington	Skagit	48.2833333	-121.2416667	outside_boundary_exact	Washington, Snohomish County	Glacier Peak Wilderness, along Green Mountain Trail	https://lichenportal.org/portal/collections/individual/index.php?occid=98521
98537	ASU	NA	B.D. Ryan	30376	1.41	119.06	Washington	Skagit	48.2833333	-121.2416667	outside_boundary_exact	Washington, Snohomish County	Glacier Peak Wilderness, plot 5, off Green Mountain Trail	https://lichenportal.org/portal/collections/individual/index.php?occid=98537
98538	ASU	NA	B.D. Ryan	30381	1.41	119.06	Washington	Skagit	48.2833333	-121.2416667	outside_boundary_exact	Washington, Snohomish County	Glacier Peak Wilderness, plot 5, off Green Mountain Trail	https://lichenportal.org/portal/collections/individual/index.php?occid=98538
98539	ASU	NA	B.D. Ryan	30397	1.41	119.06	Washington	Skagit	48.2833333	-121.2416667	outside_boundary_exact	Washington, Snohomish County	Glacier Peak Wilderness, plot 5, off Green Mountain Trail	https://lichenportal.org/portal/collections/individual/index.php?occid=98539
98544	ASU	NA	B.D. Ryan	30530	1.41	119.06	Washington	Skagit	48.2833333	-121.2416667	outside_boundary_exact	Washington, Snohomish County	Glacier Peak Wilderness, Green Mountain Trail	https://lichenportal.org/portal/collections/individual/index.php?occid=98544
99489	ASU	NA	B.D. Ryan	30538	1.41	119.06	Washington	Skagit	48.2833333	-121.2416667	outside_boundary_exact	Washington, Snohomish County	Glacier Peak Wilderness, Green Mountain Trail	https://lichenportal.org/portal/collections/individual/index.php?occid=99489
99492	ASU	NA	B.D. Ryan	30532	1.41	119.06	Washington	Skagit	48.2833333	-121.2416667	outside_boundary_exact	Washington, Snohomish County	Glacier Peak Wilderness, Green Mountain Trail	https://lichenportal.org/portal/collections/individual/index.php?occid=99492
99494	ASU	NA	B.D. Ryan	30518	1.41	119.06	Washington	Skagit	48.2833333	-121.2416667	outside_boundary_exact	Washington, Snohomish County	Glacier Peak Wilderness, plot 5, off Green Mountain Trail	https://lichenportal.org/portal/collections/individual/index.php?occid=99494
99839	ASU	NA	B.D. Ryan	30364	1.41	119.06	Washington	Skagit	48.2833333	-121.2416667	outside_boundary_exact	Washington, Snohomish County	Glacier Peak Wilderness, plot 5, off Green Mountain Trail	https://lichenportal.org/portal/collections/individual/index.php?occid=99839
99876	ASU	NA	B.D. Ryan	30702	1.41	119.06	Washington	Skagit	48.2833333	-121.2416667	outside_boundary_exact	Washington, Snohomish County	Glacier Peak Wilderness, along Green Mountain Trail	https://lichenportal.org/portal/collections/individual/index.php?occid=99876
99877	ASU	NA	B.D. Ryan	30406	1.41	119.06	Washington	Skagit	48.2833333	-121.2416667	outside_boundary_exact	Washington, Snohomish County	Glacier Peak Wilderness, along Green Mountain Trail	https://lichenportal.org/portal/collections/individual/index.php?occid=99877
99918	ASU	NA	B.D. Ryan	30528-b	1.41	119.06	Washington	Skagit	48.2833333	-121.2416667	outside_boundary_exact	Washington, Snohomish County	Glacier Peak Wilderness, Green Mountain Trail	https://lichenportal.org/portal/collections/individual/index.php?occid=99918
101973	ASU	NA	B.D. Ryan	30525	1.41	119.06	Washington	Skagit	48.2833333	-121.2416667	outside_boundary_exact	Washington, Snohomish County	Glacier Peak Wilderness, plot 5, off Green Mountain Trail	https://lichenportal.org/portal/collections/individual/index.php?occid=101973
101976	ASU	NA	B.D. Ryan	30423	1.41	119.06	Washington	Skagit	48.2833333	-121.2416667	outside_boundary_exact	Washington, Snohomish County	Glacier Peak Wilderness, plot 5, off Green Mountain Trail	https://lichenportal.org/portal/collections/individual/index.php?occid=101976
101977	ASU	NA	B.D. Ryan	30432-b	1.41	119.06	Washington	Skagit	48.2833333	-121.2416667	outside_boundary_exact	Washington, Snohomish County	Glacier Peak Wilderness, plot 5, off Green Mountain Trail	https://lichenportal.org/portal/collections/individual/index.php?occid=101977
102325	ASU	NA	B.D. Ryan	30439	1.41	119.06	Washington	Skagit	48.2833333	-121.2416667	outside_boundary_exact	Washington, Snohomish County	Glacier Peak Wilderness, plot 5, off Green Mountain Trail	https://lichenportal.org/portal/collections/individual/index.php?occid=102325
102338	ASU	NA	B.D. Ryan	32544	1.41	119.06	Washington	Skagit	48.2833333	-121.2416667	outside_boundary_exact	Washington, Snohomish County	Glacier Peak Wilderness, plot 5, off Green Mountain Trail	https://lichenportal.org/portal/collections/individual/index.php?occid=102338
102422	ASU	NA	B.D. Ryan	30435--a	1.41	119.06	Washington	Skagit	48.2833333	-121.2416667	outside_boundary_exact	Washington, Snohomish County	Glacier Peak Wilderness, plot 5, off Green Mountain Trail	https://lichenportal.org/portal/collections/individual/index.php?occid=102422
102424	ASU	NA	B.D. Ryan	30425	1.41	119.06	Washington	Skagit	48.2833333	-121.2416667	outside_boundary_exact	Washington, Snohomish County	Glacier Peak Wilderness, plot 5, off Green Mountain Trail	https://lichenportal.org/portal/collections/individual/index.php?occid=102424
102481	ASU	NA	B.D. Ryan	30441--b	1.41	119.06	Washington	Skagit	48.2833333	-121.2416667	outside_boundary_exact	Washington, Snohomish County	Glacier Peak Wilderness, plot 5, off Green Mountain Trail	https://lichenportal.org/portal/collections/individual/index.php?occid=102481
102482	ASU	NA	B.D. Ryan	30438	1.41	119.06	Washington	Skagit	48.2833333	-121.2416667	outside_boundary_exact	Washington, Snohomish County	Glacier Peak Wilderness, plot 5, off Green Mountain Trail	https://lichenportal.org/portal/collections/individual/index.php?occid=102482
102499	ASU	NA	B.D. Ryan	30521-a	1.41	119.06	Washington	Skagit	48.2833333	-121.2416667	outside_boundary_exact	Washington, Snohomish County	Glacier Peak Wilderness, plot 5, off Green Mountain Trail	https://lichenportal.org/portal/collections/individual/index.php?occid=102499
102501	ASU	NA	B.D. Ryan	30522	1.41	119.06	Washington	Skagit	48.2833333	-121.2416667	outside_boundary_exact	Washington, Snohomish County	Glacier Peak Wilderness, plot 5, off Green Mountain Trail	https://lichenportal.org/portal/collections/individual/index.php?occid=102501
105577	ASU	NA	B.D. Ryan	30509	1.41	119.06	Washington	Skagit	48.2833333	-121.2416667	outside_boundary_exact	Washington, Snohomish County	Mt. Baker-Snoqualmie National Forest.  Green Mountain Trail.	https://lichenportal.org/portal/collections/individual/index.php?occid=105577
1099207	ASU	NA	Bruce D. Ryan	30422-a	1.41	119.06	Washington	Skagit	48.283333	-121.241667	outside_boundary_exact	Washington, Snohomish County	Glacier Peak Wilderness; along Green Mountain Trail.	https://lichenportal.org/portal/collections/individual/index.php?occid=1099207
2415616	ASU	NA	B.D. Ryan	30365-b	1.41	119.06	Washington	Skagit	48.2833333	-121.2416667	outside_boundary_exact	Washington, Snohomish County	Glacier Peak Wilderness, plot 5, off Green Mountain Trail, ca 1500 meters.	https://lichenportal.org/portal/collections/individual/index.php?occid=2415616
2415620	ASU	NA	B.D. Ryan	30362-b	1.41	119.06	Washington	Skagit	48.283333	-121.241667	outside_boundary_exact	Washington, Snohomish County	Glacier Peak Wilderness, plot 5, off Green Mountain Trail, ca 1500 meters.	https://lichenportal.org/portal/collections/individual/index.php?occid=2415620
2689680	ASU	NA	B.D. Ryan	30508	1.41	119.06	Washington	Skagit	48.2833333	-121.2416667	outside_boundary_exact	Washington, Snohomish County	Mt. Baker-Snoqualmie National Forest. Green Mountain Trail.	https://lichenportal.org/portal/collections/individual/index.php?occid=2689680
2691772	ASU	NA	B.D. Ryan	30403-a	1.41	119.06	Washington	Skagit	48.2833333	-121.2416667	outside_boundary_exact	Washington, Snohomish County	Glacier Peak Wilderness, plot 5, off Green Mountain Trail	https://lichenportal.org/portal/collections/individual/index.php?occid=2691772
2691774	ASU	NA	B.D. Ryan	30543-b	1.41	119.06	Washington	Skagit	48.2833333	-121.2416667	outside_boundary_exact	Washington, Snohomish County	Glacier Peak Wilderness, plot 5, off Green Mountain Trail	https://lichenportal.org/portal/collections/individual/index.php?occid=2691774
2691794	ASU	NA	B.D. Ryan	30373-b	1.41	119.06	Washington	Skagit	48.2833333	-121.2416667	outside_boundary_exact	Washington, Snohomish County	Glacier Peak Wilderness, plot 5, off Green Mountain Trail	https://lichenportal.org/portal/collections/individual/index.php?occid=2691794
2698511	ASU	NA	B.D. Ryan	32552	1.41	119.06	Washington	Skagit	48.2833333	-121.2416667	outside_boundary_exact	Washington, Snohomish County	Glacier Peak Wilderness, plot 5, off Green Mountain Trail	https://lichenportal.org/portal/collections/individual/index.php?occid=2698511
2698513	ASU	NA	B.D. Ryan	32558	1.41	119.06	Washington	Skagit	48.2833333	-121.2416667	outside_boundary_exact	Washington, Snohomish County	Glacier Peak Wilderness, plot 5, off Green Mountain Trail	https://lichenportal.org/portal/collections/individual/index.php?occid=2698513
2698514	ASU	NA	B.D. Ryan	32576	1.41	119.06	Washington	Skagit	48.2833333	-121.2416667	outside_boundary_exact	Washington, Snohomish County	Glacier Peak Wilderness, plot 5, off Green Mountain Trail	https://lichenportal.org/portal/collections/individual/index.php?occid=2698514
2745111	ASU	ASUL050041	B.D. Ryan	30387 A	1.41	119.06	Washington	Skagit	48.2833333	-121.2416667	outside_boundary_exact	Washington, Snohomish County	Glacier Peak Wilderness, plot 5, off Green Mountain Trail	https://lichenportal.org/portal/collections/individual/index.php?occid=2745111
2745112	ASU	ASUL047635	B.D. Ryan	30387 C	1.41	119.06	Washington	Skagit	48.283333	-121.241667	outside_boundary_exact	Washington, Snohomish County	Glacier Peak Wilderness, plot 5, off Green Mountain Trail	https://lichenportal.org/portal/collections/individual/index.php?occid=2745112
2745113	ASU	NA	B.D. Ryan	30411	1.41	119.06	Washington	Skagit	48.2833333	-121.2416667	outside_boundary_exact	Washington, Snohomish County	Glacier Peak Wilderness, plot 5, off Green Mountain Trail	https://lichenportal.org/portal/collections/individual/index.php?occid=2745113
2745114	ASU	NA	B.D. Ryan	30422-a	1.41	119.06	Washington	Skagit	48.2833333	-121.2416667	outside_boundary_exact	Washington, Snohomish County	Glacier Peak Wilderness, plot 5, off Green Mountain Trail	https://lichenportal.org/portal/collections/individual/index.php?occid=2745114
2745115	ASU	NA	B.D. Ryan	30429	1.41	119.06	Washington	Skagit	48.2833333	-121.2416667	outside_boundary_exact	Washington, Snohomish County	Glacier Peak Wilderness, plot 5, off Green Mountain Trail	https://lichenportal.org/portal/collections/individual/index.php?occid=2745115
2745116	ASU	ASUL017308	B.D. Ryan	30432-a	1.41	119.06	Washington	Skagit	48.2833333	-121.2416667	outside_boundary_exact	Washington, Snohomish County	Glacier Peak Wilderness, plot 5, off Green Mountain Trail	https://lichenportal.org/portal/collections/individual/index.php?occid=2745116
2745117	ASU	NA	B.D. Ryan	30433-b	1.41	119.06	Washington	Skagit	48.2833333	-121.2416667	outside_boundary_exact	Washington, Snohomish County	Glacier Peak Wilderness, plot 5, off Green Mountain Trail	https://lichenportal.org/portal/collections/individual/index.php?occid=2745117
2745125	ASU	NA	B.D. Ryan	30505-c	1.41	119.06	Washington	Skagit	48.2833333	-121.2416667	outside_boundary_exact	Washington, Snohomish County	Mt. Baker-Snoqualmie National Forest, Green Mountain Trail	https://lichenportal.org/portal/collections/individual/index.php?occid=2745125
2745126	ASU	NA	B.D. Ryan	30505-e	1.41	119.06	Washington	Skagit	48.2833333	-121.2416667	outside_boundary_exact	Washington, Snohomish County	Mt. Baker-Snoqualmie National Forest, Green Mountain Trail	https://lichenportal.org/portal/collections/individual/index.php?occid=2745126
2745127	ASU	NA	B.D. Ryan	30507	1.41	119.06	Washington	Skagit	48.2833333	-121.2416667	outside_boundary_exact	Washington, Snohomish County	Mt. Baker-Snoqualmie National Forest. Green Mountain Trail.	https://lichenportal.org/portal/collections/individual/index.php?occid=2745127
2745128	ASU	NA	B.D. Ryan	30512	1.41	119.06	Washington	Skagit	48.2833333	-121.2416667	outside_boundary_exact	Washington, Snohomish County	Mt. Baker-Snoqualmie National Forest, Green Mountain Trail	https://lichenportal.org/portal/collections/individual/index.php?occid=2745128
2745129	ASU	NA	B.D. Ryan	30527-a	1.41	119.06	Washington	Skagit	48.2833333	-121.2416667	outside_boundary_exact	Washington, Snohomish County	Glacier Peak Wilderness, Green Mountain Trail	https://lichenportal.org/portal/collections/individual/index.php?occid=2745129
2745130	ASU	NA	B.D. Ryan	30528-a	1.41	119.06	Washington	Skagit	48.2833333	-121.2416667	outside_boundary_exact	Washington, Snohomish County	Glacier Peak Wilderness, Green Mountain Trail	https://lichenportal.org/portal/collections/individual/index.php?occid=2745130
2745131	ASU	NA	B.D. Ryan	30537	1.41	119.06	Washington	Skagit	48.2833333	-121.2416667	outside_boundary_exact	Washington, Snohomish County	Glacier Peak Wilderness, Green Mountain Trail	https://lichenportal.org/portal/collections/individual/index.php?occid=2745131
2745132	ASU	NA	B.D. Ryan	30543-d	1.41	119.06	Washington	Skagit	48.2833333	-121.2416667	outside_boundary_exact	Washington, Snohomish County	Glacier Peak Wilderness, plot 5, off Green Mountain Trail	https://lichenportal.org/portal/collections/individual/index.php?occid=2745132
2745138	ASU	NA	B.D. Ryan	30706-a	1.41	119.06	Washington	Skagit	48.2833333	-121.2416667	outside_boundary_exact	Washington, Snohomish County	Glacier Peak Wilderness, plot 5, off Green Mountain Trail	https://lichenportal.org/portal/collections/individual/index.php?occid=2745138
4642777	ASU	ASUL050046	B. D. Ryan	30387 E	1.41	119.06	Washington	Skagit	48.283333	-121.241667	outside_boundary_exact	Washington, Snohomish County	Glacier Peak Wilderness, plot 5, off Green Mountain Trail	https://lichenportal.org/portal/collections/individual/index.php?occid=4642777
5985687	ASU	ASUL029505	B.D. Ryan	30128	1.41	119.06	Washington	Skagit	48.283333	-121.241667	outside_boundary_exact	Washington, Snohomish County	Mt. Baker-Snoqualmie National Forest, near where FS Road 26 crosses Downey Creek	https://lichenportal.org/portal/collections/individual/index.php?occid=5985687
72395	ASU	ASUL030207	B.D. Ryan	16432	1.34	97.68	Washington	Whitman	46.7833333	-118.1166667	outside_boundary_exact	Washington, Adams County	along Hwy 26, 3 km E of Hooper (17.7 km E of Washtucna)	https://lichenportal.org/portal/collections/individual/index.php?occid=72395
84421	ASU	NA	B.D. Ryan	22146	1.34	97.68	Washington	Whitman	46.7833333	-118.1166667	outside_boundary_exact	Washington, Adams County	along Hwy 26, 3 km E of Hooper (17.7 km E of Washtucna)	https://lichenportal.org/portal/collections/individual/index.php?occid=84421
87160	ASU	NA	B.D. Ryan	16435	1.34	97.68	Washington	Whitman	46.7833333	-118.1166667	outside_boundary_exact	Washington, Adams County	along Hwy 26, 3 km E of Hooper (17.7 km E of Washtucna)	https://lichenportal.org/portal/collections/individual/index.php?occid=87160
89521	ASU	NA	B.D. Ryan	16445	1.34	97.68	Washington	Whitman	46.7833333	-118.1166667	outside_boundary_exact	Washington, Adams County	along Hwy 26, 3 km E of Hooper (17.7 km E of Washtucna)	https://lichenportal.org/portal/collections/individual/index.php?occid=89521
90050	ASU	NA	B.D. Ryan	16437	1.34	97.68	Washington	Whitman	46.7833333	-118.1166667	outside_boundary_exact	Washington, Adams County	along Hwy 26, 3 km E of Hooper (17.7 km E of Washtucna)	https://lichenportal.org/portal/collections/individual/index.php?occid=90050
94872	ASU	NA	B.D. Ryan	16955	1.34	97.68	Washington	Whitman	46.7833333	-118.1166667	outside_boundary_exact	Washington, Adams County	along Hwy 26, 3 km E of Hooper (17.7 km E of Washtucna)	https://lichenportal.org/portal/collections/individual/index.php?occid=94872
2686125	ASU	NA	B.D. Ryan	16431	1.34	97.68	Washington	Whitman	46.7833333	-118.1166667	outside_boundary_exact	Washington, Adams County	along Hwy 26, 3 km E of Hooper (17.7 km E of Washtucna)	https://lichenportal.org/portal/collections/individual/index.php?occid=2686125
49384	ASU	NA	T.H. Nash III	1678	1	107.4	Washington	Clallam	47.872032	-123.667968	outside_boundary_exact	Washington, Jefferson County	Olympic Mountains	https://lichenportal.org/portal/collections/individual/index.php?occid=49384
87372	ASU	NA	B.D. Ryan	8891	0.92	125.32	Washington	Chelan	47.4833333	-120.3	outside_boundary_exact	Washington, Douglas County	Below Ohme Gardens, Wenatchee.	https://lichenportal.org/portal/collections/individual/index.php?occid=87372
95124	ASU	NA	B.D. Ryan	8892	0.92	125.32	Washington	Chelan	47.4833333	-120.3	outside_boundary_exact	Washington, Douglas County	Below Ohme Gardens, Wenatchee.	https://lichenportal.org/portal/collections/individual/index.php?occid=95124
86162	ASU	NA	B.D. Ryan	8761	0.87	115.2	Washington	Yakima	46.8333333	-120.55	outside_boundary_exact	Washington, Kittitas County	Lt. Murray Wildlife Refuge, ca. 24 km S of Ellensburg	https://lichenportal.org/portal/collections/individual/index.php?occid=86162
86166	ASU	NA	B.D. Ryan	8786	0.87	115.2	Washington	Yakima	46.8333333	-120.55	outside_boundary_exact	Washington, Kittitas County	Lt. Murray Wildlife Refuge, ca. 24 km S of Ellensburg	https://lichenportal.org/portal/collections/individual/index.php?occid=86166
2686419	ASU	NA	B.D. Ryan	10212	0.87	115.2	Washington	Yakima	46.833333	-120.55	outside_boundary_exact	Washington, Kittitas County	L.T. Murray Wildlife Refuge, about 15 miles south of Ellensburg.	https://lichenportal.org/portal/collections/individual/index.php?occid=2686419
117010	ASU	ASUL011086	T.H. Nash III	40516	0.77	185.87	Washington	Whatcom	48.65	-120.875	outside_boundary_exact	Washington, Skagit County	Okanogan National Forest, East Creek Trail 756	https://lichenportal.org/portal/collections/individual/index.php?occid=117010
117011	ASU	ASUL011377	T.H. Nash III	40517	0.77	185.87	Washington	Whatcom	48.65	-120.875	outside_boundary_exact	Washington, Skagit County	Okanogan National Forest, East Creek Trail 756	https://lichenportal.org/portal/collections/individual/index.php?occid=117011
117012	ASU	ASUL011359	T.H. Nash III	40518	0.77	185.87	Washington	Whatcom	48.65	-120.875	outside_boundary_exact	Washington, Skagit County	Okanogan National Forest, East Creek Trail 756	https://lichenportal.org/portal/collections/individual/index.php?occid=117012
117013	ASU	ASUL011376	T.H. Nash III	40519	0.77	185.87	Washington	Whatcom	48.65	-120.875	outside_boundary_exact	Washington, Skagit County	Okanogan National Forest, East Creek Trail 756	https://lichenportal.org/portal/collections/individual/index.php?occid=117013
117014	ASU	ASUL011369	T.H. Nash III	40520	0.77	185.87	Washington	Whatcom	48.65	-120.875	outside_boundary_exact	Washington, Skagit County	Okanogan National Forest, East Creek Trail 756	https://lichenportal.org/portal/collections/individual/index.php?occid=117014
117015	ASU	NA	T.H. Nash III	40521	0.77	185.87	Washington	Whatcom	48.65	-120.875	outside_boundary_exact	Washington, Skagit County	Okanogan National Forest, East Creek Trail 756	https://lichenportal.org/portal/collections/individual/index.php?occid=117015
117016	ASU	NA	T.H. Nash III	40522	0.77	185.87	Washington	Whatcom	48.65	-120.875	outside_boundary_exact	Washington, Skagit County	Okanogan National Forest, East Creek Trail 756	https://lichenportal.org/portal/collections/individual/index.php?occid=117016
117017	ASU	NA	T.H. Nash III	40523	0.77	185.87	Washington	Whatcom	48.65	-120.875	outside_boundary_exact	Washington, Skagit County	Okanogan National Forest, East Creek Trail 756	https://lichenportal.org/portal/collections/individual/index.php?occid=117017
117018	ASU	NA	T.H. Nash III	40524	0.77	185.87	Washington	Whatcom	48.65	-120.875	outside_boundary_exact	Washington, Skagit County	Okanogan National Forest, East Creek Trail 756	https://lichenportal.org/portal/collections/individual/index.php?occid=117018
117020	ASU	NA	T.H. Nash III	40525	0.77	185.87	Washington	Whatcom	48.65	-120.875	outside_boundary_exact	Washington, Skagit County	Okanogan National Forest, East Creek Trail 756	https://lichenportal.org/portal/collections/individual/index.php?occid=117020
68711	ASU	ASUL003952	B.D. Ryan	32579	0.49	118.19	Washington	Skagit	48.2916667	-121.25	outside_boundary_exact	Washington, Snohomish County	Mt. Baker-Snoqualmie National Forest, plot 6, off Green Mountain Trail	https://lichenportal.org/portal/collections/individual/index.php?occid=68711
68756	ASU	NA	B.D. Ryan	32619	0.49	118.19	Washington	Skagit	48.2916667	-121.25	outside_boundary_exact	Washington, Snohomish County	Mt. Baker-Snoqualmie National Forest, plot 6, off Green Mountain Trail	https://lichenportal.org/portal/collections/individual/index.php?occid=68756
68899	ASU	NA	B.D. Ryan	32633	0.49	118.19	Washington	Skagit	48.2916667	-121.25	outside_boundary_exact	Washington, Snohomish County	Mt. Baker-Snoqualmie National Forest, just below plot 6, off Green Mountain Trail	https://lichenportal.org/portal/collections/individual/index.php?occid=68899
70670	ASU	ASUL017918	B.D. Ryan	32594	0.49	118.19	Washington	Skagit	48.2916667	-121.25	outside_boundary_exact	Washington, Snohomish County	Mt. Baker-Snoqualmie National Forest, just below plot 6, off Green Mountain Trail	https://lichenportal.org/portal/collections/individual/index.php?occid=70670
70671	ASU	ASUL017920	B.D. Ryan	32590	0.49	118.19	Washington	Skagit	48.2916667	-121.25	outside_boundary_exact	Washington, Snohomish County	Mt. Baker-Snoqualmie National Forest, just below plot 6, off Green Mountain Trail	https://lichenportal.org/portal/collections/individual/index.php?occid=70671
71020	ASU	ASUL013967	B.D. Ryan	32587	0.49	118.19	Washington	Skagit	48.2916667	-121.25	outside_boundary_exact	Washington, Snohomish County	Mt. Baker-Snoqualmie National Forest, just below plot 6, off Green Mountain Trail	https://lichenportal.org/portal/collections/individual/index.php?occid=71020
71255	ASU	ASUL008450	B.D. Ryan	32625-b	0.49	118.19	Washington	Skagit	48.2916667	-121.25	outside_boundary_exact	Washington, Snohomish County	Mt. Baker-Snoqualmie National Forest, plot 6, off Green Mountain Trail	https://lichenportal.org/portal/collections/individual/index.php?occid=71255
71289	ASU	ASUL008478	B.D. Ryan	32614	0.49	118.19	Washington	Skagit	48.2916667	-121.25	outside_boundary_exact	Washington, Snohomish County	Mt. Baker-Snoqualmie National Forest, plot 6, off Green Mountain Trail	https://lichenportal.org/portal/collections/individual/index.php?occid=71289
71344	ASU	ASUL008455	B.D. Ryan	32600	0.49	118.19	Washington	Skagit	48.2916667	-121.25	outside_boundary_exact	Washington, Snohomish County	Mt. Baker-Snoqualmie National Forest, plot 6, off Green Mountain Trail	https://lichenportal.org/portal/collections/individual/index.php?occid=71344
71345	ASU	ASUL008452	B.D. Ryan	32601	0.49	118.19	Washington	Skagit	48.2916667	-121.25	outside_boundary_exact	Washington, Snohomish County	Mt. Baker-Snoqualmie National Forest, plot 6, off Green Mountain Trail	https://lichenportal.org/portal/collections/individual/index.php?occid=71345
78754	ASU	NA	B.D. Ryan	32620	0.49	118.19	Washington	Skagit	48.2916667	-121.25	outside_boundary_exact	Washington, Snohomish County	Mt. Baker-Snoqualmie National Forest, plot 6, off Green Mountain Trail	https://lichenportal.org/portal/collections/individual/index.php?occid=78754
85292	ASU	NA	B.D. Ryan	32628	0.49	118.19	Washington	Skagit	48.2916667	-121.25	outside_boundary_exact	Washington, Snohomish County	Mt. Baker-Snoqualmie National Forest, plot 6, off Green Mountain Trail	https://lichenportal.org/portal/collections/individual/index.php?occid=85292
85920	ASU	NA	B.D. Ryan	32604	0.49	118.19	Washington	Skagit	48.2916667	-121.25	outside_boundary_exact	Washington, Snohomish County	Mt. Baker-Snoqualmie National Forest, plot 6, off Green Mountain Trail	https://lichenportal.org/portal/collections/individual/index.php?occid=85920
88645	ASU	NA	B.D. Ryan	32581	0.49	118.19	Washington	Skagit	48.2916667	-121.25	outside_boundary_exact	Washington, Snohomish County	Mt. Baker-Snoqualmie National Forest, plot 6, off Green Mountain Trail	https://lichenportal.org/portal/collections/individual/index.php?occid=88645
88691	ASU	NA	B.D. Ryan	32635	0.49	118.19	Washington	Skagit	48.2916667	-121.25	outside_boundary_exact	Washington, Snohomish County	Mt. Baker-Snoqualmie National Forest, just below plot 6, off Green Mountain Trail	https://lichenportal.org/portal/collections/individual/index.php?occid=88691
98502	ASU	NA	B.D. Ryan	32629	0.49	118.19	Washington	Skagit	48.2916667	-121.25	outside_boundary_exact	Washington, Snohomish County	Mt. Baker-Snoqualmie National Forest, just below plot 6, off Green Mountain Trail	https://lichenportal.org/portal/collections/individual/index.php?occid=98502
98503	ASU	NA	B.D. Ryan	32596	0.49	118.19	Washington	Skagit	48.2916667	-121.25	outside_boundary_exact	Washington, Snohomish County	Mt. Baker-Snoqualmie National Forest, plot 6, off Green Mountain Trail	https://lichenportal.org/portal/collections/individual/index.php?occid=98503
2698726	ASU	NA	B.D. Ryan	32621	0.49	118.19	Washington	Skagit	48.2916667	-121.25	outside_boundary_exact	Washington, Snohomish County	Mt. Baker-Snoqualmie National Forest, plot 6, off Green Mountain Trail	https://lichenportal.org/portal/collections/individual/index.php?occid=2698726
68893	ASU	ASUL025052	B.D. Ryan	30721	0.48	106.33	Washington	Skagit	48.2916667	-121.4166667	outside_boundary_exact	Washington, Snohomish County	Mt. Baker-Snoqualmie National Forest, along road 2600-012, S of Road 26, mile 11-12	https://lichenportal.org/portal/collections/individual/index.php?occid=68893
70756	ASU	ASUL017861	B.D. Ryan	30696-a	0.48	106.33	Washington	Skagit	48.2916667	-121.4166667	outside_boundary_exact	Washington, Snohomish County	Mt. Baker-Snoqualmie National Forest, along road 2600-012, S of Road 26, mile 11-12	https://lichenportal.org/portal/collections/individual/index.php?occid=70756
71767	ASU	NA	B.D. Ryan	30634-a	0.48	106.33	Washington	Skagit	48.2916667	-121.4166667	outside_boundary_exact	Washington, Snohomish County	Mt. Baker-Snoqualmie National Forest, along road 2600-012, S of Road 26, mile 11-12	https://lichenportal.org/portal/collections/individual/index.php?occid=71767
71768	ASU	NA	B.D. Ryan	39625	0.48	106.33	Washington	Skagit	48.2916667	-121.4166667	outside_boundary_exact	Washington, Snohomish County	Mt. Baker-Snoqualmie National Forest, along road 2600-012, S of Road 26, mile 11-12	https://lichenportal.org/portal/collections/individual/index.php?occid=71768
71769	ASU	NA	B.D. Ryan	30637	0.48	106.33	Washington	Skagit	48.2916667	-121.4166667	outside_boundary_exact	Washington, Snohomish County	Mt. Baker-Snoqualmie National Forest, along road 2600-012, S of Road 26, mile 11-12	https://lichenportal.org/portal/collections/individual/index.php?occid=71769
71770	ASU	NA	B.D. Ryan	30636	0.48	106.33	Washington	Skagit	48.2916667	-121.4166667	outside_boundary_exact	Washington, Snohomish County	Mt. Baker-Snoqualmie National Forest, along road 2600-012, S of Road 26, mile 11-12	https://lichenportal.org/portal/collections/individual/index.php?occid=71770
71781	ASU	NA	B.D. Ryan	30635	0.48	106.33	Washington	Skagit	48.2916667	-121.4166667	outside_boundary_exact	Washington, Snohomish County	Mt. Baker-Snoqualmie National Forest, along road 2600-012, S of Road 26, mile 11-12	https://lichenportal.org/portal/collections/individual/index.php?occid=71781
71783	ASU	NA	B.D. Ryan	30647-a	0.48	106.33	Washington	Skagit	48.2916667	-121.4166667	outside_boundary_exact	Washington, Snohomish County	Mt. Baker-Snoqualmie National Forest, along road 2600-012, S of Road 26, mile 11-12	https://lichenportal.org/portal/collections/individual/index.php?occid=71783
73407	ASU	ASUL035516	B.D. Ryan	30643-c	0.48	106.33	Washington	Skagit	48.2916667	-121.4166667	outside_boundary_exact	Washington, Snohomish County	Mt. Baker-Snoqualmie National Forest, along road 2600-012, S of Road 26, mile 11-12	https://lichenportal.org/portal/collections/individual/index.php?occid=73407
73662	ASU	ASUL046390	B.D. Ryan	30645-a	0.48	106.33	Washington	Skagit	48.2916667	-121.4166667	outside_boundary_exact	Washington, Snohomish County	Mt. Baker-Snoqualmie National Forest, along road 2600-012, S of Road 26, mile 11-12	https://lichenportal.org/portal/collections/individual/index.php?occid=73662
78918	ASU	NA	B.D. Ryan	30638--b	0.48	106.33	Washington	Skagit	48.2916667	-121.4166667	outside_boundary_exact	Washington, Snohomish County	Mt. Baker-Snoqualmie National Forest, along road 2600-012, S of Road 26, mile 11-12	https://lichenportal.org/portal/collections/individual/index.php?occid=78918
81264	ASU	NA	B.D. Ryan	30634-b	0.48	106.33	Washington	Skagit	48.2916667	-121.4166667	outside_boundary_exact	Washington, Snohomish County	Mt. Baker-Snoqualmie National Forest, along road 2600-012, S of Road 26, mile 11-12	https://lichenportal.org/portal/collections/individual/index.php?occid=81264
82520	ASU	NA	B.D. Ryan	30641-a	0.48	106.33	Washington	Skagit	48.2916667	-121.4166667	outside_boundary_exact	Washington, Snohomish County	Mt. Baker-Snoqualmie National Forest, along road 2600-012, S of Road 26, mile 11-12	https://lichenportal.org/portal/collections/individual/index.php?occid=82520
82592	ASU	NA	B.D. Ryan	30640	0.48	106.33	Washington	Skagit	48.2916667	-121.4166667	outside_boundary_exact	Washington, Snohomish County	Mt. Baker-Snoqualmie National Forest, along road 2600-012, S of Road 26, mile 11-12	https://lichenportal.org/portal/collections/individual/index.php?occid=82592
82594	ASU	NA	B.D. Ryan	30643	0.48	106.33	Washington	Skagit	48.2916667	-121.4166667	outside_boundary_exact	Washington, Snohomish County	Mt. Baker-Snoqualmie National Forest, along road 2600-012, S of Road 26, mile 11-12	https://lichenportal.org/portal/collections/individual/index.php?occid=82594
84616	ASU	NA	B.D. Ryan	30625	0.48	106.33	Washington	Skagit	48.2916667	-121.4166667	outside_boundary_exact	Washington, Snohomish County	Mt. Baker-Snoqualmie National Forest, along road 2600-012, S of Road 26, mile 11-12	https://lichenportal.org/portal/collections/individual/index.php?occid=84616
84680	ASU	NA	B.D. Ryan	30625-b	0.48	106.33	Washington	Skagit	48.2916667	-121.4166667	outside_boundary_exact	Washington, Snohomish County	Mt. Baker-Snoqualmie National Forest, along road 2600-012, S of Road 26, mile 11-12	https://lichenportal.org/portal/collections/individual/index.php?occid=84680
84686	ASU	NA	B.D. Ryan	30625-a	0.48	106.33	Washington	Skagit	48.2916667	-121.4166667	outside_boundary_exact	Washington, Snohomish County	Mt. Baker-Snoqualmie National Forest, along road 2600-012, S of Road 26, mile 11-12	https://lichenportal.org/portal/collections/individual/index.php?occid=84686
85000	ASU	NA	B.D. Ryan	30625-d	0.48	106.33	Washington	Skagit	48.2916667	-121.4166667	outside_boundary_exact	Washington, Snohomish County	Mt. Baker-Snoqualmie National Forest, along road 2600-012, S of Road 26, mile 11-12	https://lichenportal.org/portal/collections/individual/index.php?occid=85000
85084	ASU	NA	B.D. Ryan	30625-e	0.48	106.33	Washington	Skagit	48.2916667	-121.4166667	outside_boundary_exact	Washington, Snohomish County	Mt. Baker-Snoqualmie National Forest, along road 2600-012, S of Road 26, mile 11-12	https://lichenportal.org/portal/collections/individual/index.php?occid=85084
85488	ASU	NA	B.D. Ryan	30627--a	0.48	106.33	Washington	Skagit	48.2916667	-121.4166667	outside_boundary_exact	Washington, Snohomish County	Mt. Baker-Snoqualmie National Forest, along road 2600-012, S of Road 26, mile 11-12	https://lichenportal.org/portal/collections/individual/index.php?occid=85488
85493	ASU	NA	B.D. Ryan	30624--c	0.48	106.33	Washington	Skagit	48.2916667	-121.4166667	outside_boundary_exact	Washington, Snohomish County	Mt. Baker-Snoqualmie National Forest, along road 2600-012, S of Road 26, mile 11-12	https://lichenportal.org/portal/collections/individual/index.php?occid=85493
85534	ASU	NA	B.D. Ryan	30624-b	0.48	106.33	Washington	Skagit	48.2916667	-121.4166667	outside_boundary_exact	Washington, Snohomish County	Mt. Baker-Snoqualmie National Forest, along road 2600-012, S of Road 26, mile 11-12	https://lichenportal.org/portal/collections/individual/index.php?occid=85534
89309	ASU	NA	B.D. Ryan	30641-b	0.48	106.33	Washington	Skagit	48.2916667	-121.4166667	outside_boundary_exact	Washington, Snohomish County	Mt. Baker-Snoqualmie National Forest, along road 2600-012, S of Road 26, mile 11-12	https://lichenportal.org/portal/collections/individual/index.php?occid=89309
89343	ASU	NA	B.D. Ryan	30646-a	0.48	106.33	Washington	Skagit	48.2916667	-121.4166667	outside_boundary_exact	Washington, Snohomish County	Mt. Baker-Snoqualmie National Forest, along road 2600-012, S of Road 26, mile 11-12	https://lichenportal.org/portal/collections/individual/index.php?occid=89343
90116	ASU	NA	B.D. Ryan	30644-a	0.48	106.33	Washington	Skagit	48.2916667	-121.4166667	outside_boundary_exact	Washington, Snohomish County	Mt. Baker-Snoqualmie National Forest, along road 2600-012, S of Road 26, mile 11-12	https://lichenportal.org/portal/collections/individual/index.php?occid=90116
90242	ASU	NA	B.D. Ryan	30648-a	0.48	106.33	Washington	Skagit	48.2916667	-121.4166667	outside_boundary_exact	Washington, Snohomish County	Mt. Baker-Snoqualmie National Forest, along road 2600-012, S of Road 26, mile 11-12	https://lichenportal.org/portal/collections/individual/index.php?occid=90242
90308	ASU	NA	B.D. Ryan	30642-b	0.48	106.33	Washington	Skagit	48.2916667	-121.4166667	outside_boundary_exact	Washington, Snohomish County	Mt. Baker-Snoqualmie National Forest, along road 2600-012, S of Road 26, mile 11-12	https://lichenportal.org/portal/collections/individual/index.php?occid=90308
90377	ASU	NA	B.D. Ryan	30644-a	0.48	106.33	Washington	Skagit	48.2916667	-121.4166667	outside_boundary_exact	Washington, Snohomish County	Mt. Baker-Snoqualmie National Forest, along road 2600-012, S of Road 26, mile 11-12	https://lichenportal.org/portal/collections/individual/index.php?occid=90377
90710	ASU	NA	B.D. Ryan	30642	0.48	106.33	Washington	Skagit	48.2916667	-121.4166667	outside_boundary_exact	Washington, Snohomish County	Mt. Baker-Snoqualmie National Forest, along road 2600-012, S of Road 26, mile 11-12	https://lichenportal.org/portal/collections/individual/index.php?occid=90710
90892	ASU	NA	B.D. Ryan	30648	0.48	106.33	Washington	Skagit	48.2916667	-121.4166667	outside_boundary_exact	Washington, Snohomish County	Mt. Baker-Snoqualmie National Forest, along road 2600-012, S of Road 26, mile 11-12	https://lichenportal.org/portal/collections/individual/index.php?occid=90892
93696	ASU	NA	B.D. Ryan	30643-b	0.48	106.33	Washington	Skagit	48.2916667	-121.4166667	outside_boundary_exact	Washington, Snohomish County	Mt. Baker-Snoqualmie National Forest, along road 2600-012, S of Road 26, mile 11-12	https://lichenportal.org/portal/collections/individual/index.php?occid=93696
94299	ASU	NA	B.D. Ryan	30630-b	0.48	106.33	Washington	Skagit	48.2916667	-121.4166667	outside_boundary_exact	Washington, Snohomish County	Mt. Baker-Snoqualmie National Forest, along road 2600-012, S of Road 26, mile 11-12	https://lichenportal.org/portal/collections/individual/index.php?occid=94299
94300	ASU	NA	B.D. Ryan	30641-b	0.48	106.33	Washington	Skagit	48.2916667	-121.4166667	outside_boundary_exact	Washington, Snohomish County	Mt. Baker-Snoqualmie National Forest, along road 2600-012, S of Road 26, mile 11-12	https://lichenportal.org/portal/collections/individual/index.php?occid=94300
94384	ASU	NA	B.D. Ryan	30630-a	0.48	106.33	Washington	Skagit	48.2916667	-121.4166667	outside_boundary_exact	Washington, Snohomish County	Mt. Baker-Snoqualmie National Forest, along road 2600-012, S of Road 26, mile 11-12	https://lichenportal.org/portal/collections/individual/index.php?occid=94384
95389	ASU	NA	B.D. Ryan	30630-c	0.48	106.33	Washington	Skagit	48.2916667	-121.4166667	outside_boundary_exact	Washington, Snohomish County	Mt. Baker-Snoqualmie National Forest, along road 2600-012, S of Road 26, mile 11-12	https://lichenportal.org/portal/collections/individual/index.php?occid=95389
96064	ASU	NA	B.D. Ryan	30633	0.48	106.33	Washington	Skagit	48.2916667	-121.4166667	outside_boundary_exact	Washington, Snohomish County	Mt. Baker-Snoqualmie National Forest, along road 2600-012, S of Road 26, mile 11-12	https://lichenportal.org/portal/collections/individual/index.php?occid=96064
96469	ASU	NA	B.D. Ryan	30639	0.48	106.33	Washington	Skagit	48.2916667	-121.4166667	outside_boundary_exact	Washington, Snohomish County	Mt. Baker-Snoqualmie National Forest, along road 2600-012, S of Road 26, mile 11-12	https://lichenportal.org/portal/collections/individual/index.php?occid=96469
97255	ASU	NA	B.D. Ryan	30635	0.48	106.33	Washington	Skagit	48.2916667	-121.4166667	outside_boundary_exact	Washington, Snohomish County	Mt. Baker-Snoqualmie National Forest, along road 2600-012, S of Road 26, mile 11-12	https://lichenportal.org/portal/collections/individual/index.php?occid=97255
98519	ASU	NA	B.D. Ryan	30637	0.48	106.33	Washington	Skagit	48.2916667	-121.4166667	outside_boundary_exact	Washington, Snohomish County	Mt. Baker-Snoqualmie National Forest, along road 2600-012, S of Road 26, mile 11-12	https://lichenportal.org/portal/collections/individual/index.php?occid=98519
99033	ASU	NA	B.D. Ryan	30636	0.48	106.33	Washington	Skagit	48.2916667	-121.4166667	outside_boundary_exact	Washington, Snohomish County	Mt. Baker-Snoqualmie National Forest, along road 2600-012, S of Road 26, mile 11-12	https://lichenportal.org/portal/collections/individual/index.php?occid=99033
100210	ASU	ASUL015978	B.D. Ryan	30626-b	0.48	106.33	Washington	Skagit	48.2916667	-121.4166667	outside_boundary_exact	Washington, Snohomish County	Mt. Baker-Snoqualmie National Forest, along road 2600-012, S of Road 26, mile 11-12	https://lichenportal.org/portal/collections/individual/index.php?occid=100210
102840	ASU	NA	B.D. Ryan	30631	0.48	106.33	Washington	Skagit	48.2916667	-121.4166667	outside_boundary_exact	Washington, Snohomish County	Mt. Baker-Snoqualmie National Forest, along road 2600-012, S of Road 26, mile 11-12	https://lichenportal.org/portal/collections/individual/index.php?occid=102840
102850	ASU	NA	B.D. Ryan	30628	0.48	106.33	Washington	Skagit	48.2916667	-121.4166667	outside_boundary_exact	Washington, Snohomish County	Mt. Baker-Snoqualmie National Forest, along road 2600-012, S of Road 26, mile 11-12	https://lichenportal.org/portal/collections/individual/index.php?occid=102850
2686358	ASU	NA	B.D. Ryan	30636	0.48	106.33	Washington	Skagit	48.2916667	-121.4166667	outside_boundary_exact	Washington, Snohomish County	Mt. Baker-Snoqualmie National Forest, along road 2600-012, S of Road 26, mile 11-12	https://lichenportal.org/portal/collections/individual/index.php?occid=2686358
2686360	ASU	NA	B.D. Ryan	30634-a	0.48	106.33	Washington	Skagit	48.2916667	-121.4166667	outside_boundary_exact	Washington, Snohomish County	Mt. Baker-Snoqualmie National Forest, along road 2600-012, S of Road 26, mile 11-12	https://lichenportal.org/portal/collections/individual/index.php?occid=2686360
2687920	ASU	NA	B.D. Ryan	30647-a	0.48	106.33	Washington	Skagit	48.2916667	-121.4166667	outside_boundary_exact	Washington, Snohomish County	Mt. Baker-Snoqualmie National Forest, along road 2600-012, S of Road 26, mile 11-12	https://lichenportal.org/portal/collections/individual/index.php?occid=2687920
2687922	ASU	NA	B.D. Ryan	30635	0.48	106.33	Washington	Skagit	48.2916667	-121.4166667	outside_boundary_exact	Washington, Snohomish County	Mt. Baker-Snoqualmie National Forest, along road 2600-012, S of Road 26, mile 11-12	https://lichenportal.org/portal/collections/individual/index.php?occid=2687922
2687963	ASU	NA	B.D. Ryan	30637	0.48	106.33	Washington	Skagit	48.2916667	-121.4166667	outside_boundary_exact	Washington, Snohomish County	Mt. Baker-Snoqualmie National Forest, along road 2600-012, S of Road 26, mile 11-12	https://lichenportal.org/portal/collections/individual/index.php?occid=2687963
2687965	ASU	NA	B.D. Ryan	30625	0.48	106.33	Washington	Skagit	48.2916667	-121.4166667	outside_boundary_exact	Washington, Snohomish County	Mt. Baker-Snoqualmie National Forest, along road 2600-012, S of Road 26, mile 11-12	https://lichenportal.org/portal/collections/individual/index.php?occid=2687965
2931632	ASU	ASUL020389	B.D. Ryan	30629	0.48	106.33	Washington	Skagit	48.2916667	-121.4166667	outside_boundary_exact	Washington, Snohomish County	Mt. Baker-Snoqualmie National Forest, along road 2600-012, S of Road 26, mile 11-12	https://lichenportal.org/portal/collections/individual/index.php?occid=2931632
69006	ASU	NA	B. McCune	24743	0.44	96.45	Washington	Skamania	46.25	-121.5166667	outside_boundary_exact	Washington, Yakima County	Killen Creek trail, Gilford-Pinchot National Forest	https://lichenportal.org/portal/collections/individual/index.php?occid=69006
69018	ASU	NA	B. McCune	24724	0.44	96.45	Washington	Skamania	46.25	-121.5166667	outside_boundary_exact	Washington, Yakima County	Killen Creek trail, Gilford-Pinchot National Forest	https://lichenportal.org/portal/collections/individual/index.php?occid=69018
69021	ASU	NA	B. McCune	24744	0.44	96.45	Washington	Skamania	46.25	-121.5166667	outside_boundary_exact	Washington, Yakima County	Killen Creek trail, Gilford-Pinchot National Forest	https://lichenportal.org/portal/collections/individual/index.php?occid=69021
70584	ASU	ASUL013747	H.A. Imshaug	464	0.4	156.7	Washington	Yakima	46.8666667	-121.5166667	outside_boundary_exact	Washington, Pierce County	Mt. Rainier National Park, summit of Yakima Peak	https://lichenportal.org/portal/collections/individual/index.php?occid=70584
70522	ASU	NA	H.T. Lumbsch	NA	0.37	148.21	Washington	Skagit	48.401276	-122.655552	outside_boundary_exact	Washington, Island County	Whidbey Island, Deception Pass State Park, West Beach	https://lichenportal.org/portal/collections/individual/index.php?occid=70522
87185	ASU	NA	B.D. Ryan	3401	0.37	105.36	Washington	Whatcom	48.6416667	-122.0080556	outside_boundary_exact	Washington, Skagit County	Rocky seashore between Wildcat Cove and Clayton Beach, S of Bellingham	https://lichenportal.org/portal/collections/individual/index.php?occid=87185
86329	ASU	NA	B.D. Ryan	8903	0.32	125.08	Washington	Chelan	47.4833333	-120.3083333	outside_boundary_exact	Washington, Douglas County	Wenatchee, below Ohme Gardens	https://lichenportal.org/portal/collections/individual/index.php?occid=86329
2686155	ASU	NA	B.D. Ryan	16886	0.29	88.32	Washington	Kittitas	46.94136	-121.06238	outside_boundary_exact	Washington, Yakima County	N side of Hwy 410, across from Whistling Jack's resort, Cliffdell	https://lichenportal.org/portal/collections/individual/index.php?occid=2686155
89243	ASU	ASUL018854	E. Burnette	L--506	0.28	78.01	Washington	Kittitas	47.3116667	-120.565	outside_boundary_exact	Washington, Chelan County	Wenatchee National Forest, bluff area of Diamond Head, T21N, R18E, Sec. 15	https://lichenportal.org/portal/collections/individual/index.php?occid=89243
93907	ASU	ASUL008537	B. McCune	23522	0.25	94.56	Washington	Spokane	47.3783333	-117.8266667	outside_boundary_exact	Washington, Lincoln County	BLM land between Hog Lake and I-90 near Fishtrap exit 20 km SW of Cheney	https://lichenportal.org/portal/collections/individual/index.php?occid=93907
2747667	ASU	ASUL020336	Grace E. Howard	1587	0.24	115.04	Washington	Whitman	47.262021	-117.069737	outside_boundary_exact	Washington, Spokane County	Tekoa Mountain	https://lichenportal.org/portal/collections/individual/index.php?occid=2747667
68684	ASU	ASUL003934	B.D. Ryan	16425	0.22	95.15	Washington	Kittitas	47.0083333	-121.1333333	outside_boundary_exact	Washington, Yakima County	road alongside Little Naches River, ca. 5 km [3 mi] NW of Hwy 410, ca. 11 km [7 mi] NW of Cliffdell	https://lichenportal.org/portal/collections/individual/index.php?occid=68684
71100	ASU	ASUL014010	B.D. Ryan	16422	0.22	95.15	Washington	Kittitas	47.0083333	-121.1333333	outside_boundary_exact	Washington, Yakima County	road alongside Little Naches River, ca. 5 km NW of Hwy 410, ca. 11 km NW of Cliffdell	https://lichenportal.org/portal/collections/individual/index.php?occid=71100
76871	ASU	NA	B.D. Ryan	16426	0.22	95.15	Washington	Kittitas	47.0083333	-121.1333333	outside_boundary_exact	Washington, Yakima County	road alongside Little Naches River, ca. 5 km NW of Hwy 410, ca. 11 km NW of Cliffdell	https://lichenportal.org/portal/collections/individual/index.php?occid=76871
84240	ASU	NA	B.D. Ryan	16427	0.22	95.15	Washington	Kittitas	47.0083333	-121.1333333	outside_boundary_exact	Washington, Yakima County	road alongside Little Naches River, ca. 5 km NW of Hwy 410, ca. 11 km NW of Cliffdell	https://lichenportal.org/portal/collections/individual/index.php?occid=84240
85282	ASU	NA	B.D. Ryan	16423	0.22	95.15	Washington	Kittitas	47.0083333	-121.1333333	outside_boundary_exact	Washington, Yakima County	road alongside Little Naches River, ca. 5 km NW of Hwy 410, ca. 11 km NW of Cliffdell	https://lichenportal.org/portal/collections/individual/index.php?occid=85282
96697	ASU	NA	B.D. Ryan	16424	0.22	95.15	Washington	Kittitas	47.0083333	-121.1333333	outside_boundary_exact	Washington, Yakima County	road alongside Little Naches River, ca. 5 km NW of Hwy 410, ca. 11 km NW of Cliffdell	https://lichenportal.org/portal/collections/individual/index.php?occid=96697
100751	ASU	NA	B.D. Ryan	16421	0.22	95.15	Washington	Kittitas	47.0083333	-121.1333333	outside_boundary_exact	Washington, Yakima County	road alongside Little Naches River, ca. 5 km NW of Hwy 410, ca. 11 km NW of Cliffdell	https://lichenportal.org/portal/collections/individual/index.php?occid=100751
69019	ASU	NA	B. McCune	24793	0.19	154.06	Washington	Skagit	48.55	-120.7	outside_boundary_exact	Washington, Okanogan County	Cutthroat Pass, North Cascades, Okanogan National Forest	https://lichenportal.org/portal/collections/individual/index.php?occid=69019
2244262	ASU	NA	B.D. Ryan	16878	0.1	87.27	Washington	Kittitas	46.93215	-121.0508	outside_boundary_exact	Washington, Yakima County	Spring Creek Road, N side of Hwy 410, town of Cliffdell	https://lichenportal.org/portal/collections/individual/index.php?occid=2244262
2698729	ASU	NA	Bruce D. Ryan	32660	0.1	114.53	Washington	Pierce	46.95	-121.45	outside_boundary_exact	Washington, Yakima County	Mountain Baker-Snoqualmie National Forest; Crystal Mountain Ski Resort, bottom of Lower Northway Run, along Forest Trail 1163 and Silver Creek	https://lichenportal.org/portal/collections/individual/index.php?occid=2698729
2698730	ASU	NA	Bruce D. Ryan	32661	0.1	114.53	Washington	Pierce	46.95	-121.45	outside_boundary_exact	Washington, Yakima County	Mountain Baker-Snoqualmie National Forest; Crystal Mountain Ski Resort, bottom of Lower Northway Run, along Forest Trail 1163 and Silver Creek	https://lichenportal.org/portal/collections/individual/index.php?occid=2698730
69164	ASU	NA	S. Hammer	3708	0.09	146.23	Washington	Yakima	47.019609	-121.14031	outside_boundary_exact	Washington, Kittitas County	Little Naches Road, Wenatchee National Forest	https://lichenportal.org/portal/collections/individual/index.php?occid=69164
80883	ASU	NA	M. Arnot	L-1089	0.07	147.74	Washington	Skagit	48.4054	-122.65	outside_boundary_exact	not_found_in_US	Bowman Hill, ca. 9 km S of Anacortes, near trail to old prison site, T34N, R1E,S26,ne1/4	https://lichenportal.org/portal/collections/individual/index.php?occid=80883
104696	ASU	NA	W.J. Eyerdam	1834	0.07	114.33	Washington	Pierce	46.8717	-121.515483	outside_boundary_exact	Washington, Yakima County	Chinook Pass, Mount Rainer	https://lichenportal.org/portal/collections/individual/index.php?occid=104696
75903	ASU	ASUL001473	B.D. Ryan	16966	0.06	54.76	Washington	Asotin	46.425	-117.125	outside_boundary_exact	Washington, Whitman County	along Hwy 12, 5.5 km W of Clarkston	https://lichenportal.org/portal/collections/individual/index.php?occid=75903
79248	ASU	NA	B.D. Ryan	16972	0.06	54.76	Washington	Asotin	46.425	-117.125	outside_boundary_exact	Washington, Whitman County	along Hwy 12, 5.5 km W of Clarkston	https://lichenportal.org/portal/collections/individual/index.php?occid=79248
83156	ASU	NA	B.D. Ryan	16964	0.06	54.76	Washington	Asotin	46.425	-117.125	outside_boundary_exact	Washington, Whitman County	along Hwy 12, 5.5 km W of Clarkston	https://lichenportal.org/portal/collections/individual/index.php?occid=83156
85686	ASU	NA	B.D. Ryan	16969	0.06	54.76	Washington	Asotin	46.425	-117.125	outside_boundary_exact	Washington, Whitman County	along Hwy 12, 5.5 km W of Clarkston	https://lichenportal.org/portal/collections/individual/index.php?occid=85686
85689	ASU	NA	B.D. Ryan	16970	0.06	54.76	Washington	Asotin	46.425	-117.125	outside_boundary_exact	Washington, Whitman County	along Hwy 12, 5.5 km W of Clarkston	https://lichenportal.org/portal/collections/individual/index.php?occid=85689
88988	ASU	NA	B.D. Ryan	16965	0.06	54.76	Washington	Asotin	46.425	-117.125	outside_boundary_exact	Washington, Whitman County	along Hwy 12, 5.5 km W of Clarkston	https://lichenportal.org/portal/collections/individual/index.php?occid=88988
90029	ASU	NA	B.D. Ryan	16971	0.06	54.76	Washington	Asotin	46.425	-117.125	outside_boundary_exact	Washington, Whitman County	along Hwy 12, 5.5 km W of Clarkston	https://lichenportal.org/portal/collections/individual/index.php?occid=90029
102920	ASU	NA	B.D. Ryan	16967	0.06	54.76	Washington	Asotin	46.425	-117.125	outside_boundary_exact	Washington, Whitman County	along Hwy 12, 5.5 km W of Clarkston	https://lichenportal.org/portal/collections/individual/index.php?occid=102920
54386	ASU	NA	B.D. Ryan	16919	0.01	88.02	Washington	Kittitas	46.9416667	-121.0583333	outside_boundary_exact	Washington, Yakima County	Spring Creek Road, N side of Hwy 410, town of Cliffdell	https://lichenportal.org/portal/collections/individual/index.php?occid=54386
79068	ASU	NA	B.D. Ryan	16904	0.01	88.02	Washington	Kittitas	46.9416667	-121.0583333	outside_boundary_exact	Washington, Yakima County	Spring Creek Road, N side of Hwy 410, town of Cliffdell	https://lichenportal.org/portal/collections/individual/index.php?occid=79068
79416	ASU	NA	B.D. Ryan	16879	0.01	88.02	Washington	Kittitas	46.9416667	-121.0583333	outside_boundary_exact	Washington, Yakima County	Spring Creek Road, N side of Hwy 410, town of Cliffdell	https://lichenportal.org/portal/collections/individual/index.php?occid=79416
82976	ASU	NA	B.D. Ryan	16895	0.01	88.02	Washington	Kittitas	46.9416667	-121.0583333	outside_boundary_exact	Washington, Yakima County	Spring Creek Road, N side of Hwy 410, town of Cliffdell	https://lichenportal.org/portal/collections/individual/index.php?occid=82976
83666	ASU	NA	B.D. Ryan	16871	0.01	88.02	Washington	Kittitas	46.9416667	-121.0583333	outside_boundary_exact	Washington, Yakima County	Spring Creek Road, N side of Hwy 410, town of Cliffdell	https://lichenportal.org/portal/collections/individual/index.php?occid=83666
83731	ASU	NA	B.D. Ryan	16842	0.01	88.02	Washington	Kittitas	46.9416667	-121.0583333	outside_boundary_exact	Washington, Yakima County	Spring Creek Road, N side of Hwy 410, town of Cliffdell	https://lichenportal.org/portal/collections/individual/index.php?occid=83731
83831	ASU	NA	B.D. Ryan	16849	0.01	88.02	Washington	Kittitas	46.9416667	-121.0583333	outside_boundary_exact	Washington, Yakima County	Spring Creek Road, N side of Hwy 410, town of Cliffdell	https://lichenportal.org/portal/collections/individual/index.php?occid=83831
83971	ASU	NA	B.D. Ryan	16855	0.01	88.02	Washington	Kittitas	46.9416667	-121.0583333	outside_boundary_exact	Washington, Yakima County	Spring Creek Road, N side of Hwy 410, town of Cliffdell	https://lichenportal.org/portal/collections/individual/index.php?occid=83971
85688	ASU	NA	B.D. Ryan	16857	0.01	88.02	Washington	Kittitas	46.9416667	-121.0583333	outside_boundary_exact	Washington, Yakima County	Spring Creek Road, N side of Hwy 410, town of Cliffdell	https://lichenportal.org/portal/collections/individual/index.php?occid=85688
85985	ASU	NA	B.D. Ryan	16918	0.01	88.02	Washington	Kittitas	46.9416667	-121.0583333	outside_boundary_exact	Washington, Yakima County	Spring Creek Road, N side of Hwy 410, town of Cliffdell	https://lichenportal.org/portal/collections/individual/index.php?occid=85985
87415	ASU	ASUL019083	B.D. Ryan	16838	0.01	88.02	Washington	Kittitas	46.9416667	-121.0583333	outside_boundary_exact	Washington, Yakima County	Spring Creek Road, N side of Hwy 410, town of Cliffdell	https://lichenportal.org/portal/collections/individual/index.php?occid=87415
87731	ASU	NA	B.D. Ryan	16837	0.01	88.02	Washington	Kittitas	46.9416667	-121.0583333	outside_boundary_exact	Washington, Yakima County	Spring Creek Road, N side of Hwy 410, town of Cliffdell	https://lichenportal.org/portal/collections/individual/index.php?occid=87731
87734	ASU	NA	B.D. Ryan	16883	0.01	88.02	Washington	Kittitas	46.9416667	-121.0583333	outside_boundary_exact	Washington, Yakima County	Spring Creek Road, N side of Hwy 410, town of Cliffdell	https://lichenportal.org/portal/collections/individual/index.php?occid=87734
88888	ASU	NA	B.D. Ryan	16841	0.01	88.02	Washington	Kittitas	46.9416667	-121.0583333	outside_boundary_exact	Washington, Yakima County	Spring Creek Road, N side of Hwy 410, town of Cliffdell	https://lichenportal.org/portal/collections/individual/index.php?occid=88888
90034	ASU	NA	B.D. Ryan	16850	0.01	88.02	Washington	Kittitas	46.9416667	-121.0583333	outside_boundary_exact	Washington, Yakima County	Spring Creek Road, N side of Hwy 410, town of Cliffdell	https://lichenportal.org/portal/collections/individual/index.php?occid=90034
93184	ASU	NA	B.D. Ryan	16870	0.01	88.02	Washington	Kittitas	46.9416667	-121.0583333	outside_boundary_exact	Washington, Yakima County	Spring Creek Road, N side of Hwy 410, town of Cliffdell	https://lichenportal.org/portal/collections/individual/index.php?occid=93184
93185	ASU	NA	B.D. Ryan	16900	0.01	88.02	Washington	Kittitas	46.9416667	-121.0583333	outside_boundary_exact	Washington, Yakima County	Spring Creek Road, N side of Hwy 410, town of Cliffdell	https://lichenportal.org/portal/collections/individual/index.php?occid=93185
94805	ASU	NA	B.D. Ryan	16912	0.01	88.02	Washington	Kittitas	46.9416667	-121.0583333	outside_boundary_exact	Washington, Yakima County	Spring Creek Road, N side of Hwy 410, town of Cliffdell	https://lichenportal.org/portal/collections/individual/index.php?occid=94805
94871	ASU	NA	B.D. Ryan	16915	0.01	88.02	Washington	Kittitas	46.9416667	-121.0583333	outside_boundary_exact	Washington, Yakima County	Spring Creek Road, N side of Hwy 410, town of Cliffdell	https://lichenportal.org/portal/collections/individual/index.php?occid=94871
100748	ASU	NA	B.D. Ryan	16880	0.01	88.02	Washington	Kittitas	46.9416667	-121.0583333	outside_boundary_exact	Washington, Yakima County	Spring Creek Road, N side of Hwy 410, town of Cliffdell	https://lichenportal.org/portal/collections/individual/index.php?occid=100748
2642538	ASU	ASUL005407	B.D. Ryan	16866	0.01	88.02	Washington	Kittitas	46.941667	-121.058333	outside_boundary_exact	Washington, Yakima County	Spring Creek Road, N side of US Hwy 410, town of Cliffdell	https://lichenportal.org/portal/collections/individual/index.php?occid=2642538
2686429	ASU	NA	B. D. Ryan	32957	0.01	88.02	Washington	Kittitas	46.941667	-121.058333	outside_boundary_exact	Washington, Yakima County	North side of Spring Creek Road, North of Highway 410, Cliffdale [Cliffdell].	https://lichenportal.org/portal/collections/individual/index.php?occid=2686429
2689637	ASU	NA	B.D. Ryan	16863	0.01	88.02	Washington	Kittitas	46.9416667	-121.0583333	outside_boundary_exact	Washington, Yakima County	Spring Creek Road, N side of Hwy 410, town of Cliffdell	https://lichenportal.org/portal/collections/individual/index.php?occid=2689637
2689652	ASU	NA	B.D. Ryan	16891	0.01	88.02	Washington	Kittitas	46.9416667	-121.0583333	outside_boundary_exact	Washington, Yakima County	Spring Creek Road, N-side of Hwy 410, town of Cliffdell	https://lichenportal.org/portal/collections/individual/index.php?occid=2689652
2689659	ASU	NA	B. D. Ryan	32956	0.01	88.02	Washington	Kittitas	46.941667	-121.058333	outside_boundary_exact	Washington, Yakima County	North side of Spring Creek Road, North of Highway 410, Cliffdale [Cliffdell].	https://lichenportal.org/portal/collections/individual/index.php?occid=2689659
2690425	ASU	ASUL034928	B.D. Ryan	16839	0.01	88.02	Washington	Kittitas	46.941667	-121.058333	outside_boundary_exact	Washington, Yakima County	Spring Creek Road, N side of US Hwy 410, town of Cliffdell	https://lichenportal.org/portal/collections/individual/index.php?occid=2690425
2700262	ASU	NA	B.D. Ryan	16835	0.01	88.02	Washington	Kittitas	46.9416667	-121.0583333	outside_boundary_exact	Washington, Yakima County	Spring Creek Road, N side of Hwy 410, town of Cliffdell	https://lichenportal.org/portal/collections/individual/index.php?occid=2700262
2700263	ASU	NA	B.D. Ryan	16868	0.01	88.02	Washington	Kittitas	46.941667	-121.058333	outside_boundary_exact	Washington, Yakima County	Spring Creek Road, N side of US Hwy 410, town of Cliffdell	https://lichenportal.org/portal/collections/individual/index.php?occid=2700263
2700264	ASU	NA	B.D. Ryan	16899	0.01	88.02	Washington	Kittitas	46.9416667	-121.0583333	outside_boundary_exact	Washington, Yakima County	Spring Creek Road, N side of Hwy 410, town of Cliffdell	https://lichenportal.org/portal/collections/individual/index.php?occid=2700264
2700265	ASU	NA	B.D. Ryan	16906	0.01	88.02	Washington	Kittitas	46.9416667	-121.0583333	outside_boundary_exact	Washington, Yakima County	Spring Creek Road, N side of Hwy 410, town of Cliffdell	https://lichenportal.org/portal/collections/individual/index.php?occid=2700265
2700266	ASU	NA	B.D. Ryan	16914	0.01	88.02	Washington	Kittitas	46.9416667	-121.0583333	outside_boundary_exact	Washington, Yakima County	Spring Creek Road, N side of Hwy 410, town of Cliffdell	https://lichenportal.org/portal/collections/individual/index.php?occid=2700266
