id	institutionCode	catalogNumber	recordedBy	recordNumber	distance_km	distance_max_km	state	county	decimalLatitude	decimalLongitude	status	implied_location	locality	record_link
97866	ASU	ASUL050565	B.D. Ryan	24812	3809.07	4002.95	California	Siskiyou	41.07065	-75.007904	outside_boundary_exact	Pennsylvania, Monroe County	Weed Airport Road, parallel to and N of Hwy I-5, NW of town of Weed	https://lichenportal.org/portal/collections/individual/index.php?occid=97866
4640953	ASU	ASUL005786	B.D. Ryan	31370 A	2688.93	2880.37	California	Santa Barbara	59.75	-120.05	outside_boundary_exact	not_found_in_US	Santa Rosa Island, South Point, upper part of Cherry Canyon	https://lichenportal.org/portal/collections/individual/index.php?occid=4640953
5822205	ASU	ASUL008206	B.D. Ryan	31370 B	2688.93	2880.37	California	Santa Barbara	59.75	-120.05	outside_boundary_exact	not_found_in_US	Santa Rosa Island, South Point, upper part of Cherry Canyon	https://lichenportal.org/portal/collections/individual/index.php?occid=5822205
5992931	ASU	ASUL029499	B.D. Ryan	31530 C	671.79	809.93	California	Santa Barbara	34.823	-111.802444	outside_boundary_exact	Arizona, Yavapai County	Cañada del Puerto ca. 3 km SW of Prisoner's Harbor along road to Stanton Ranch	https://lichenportal.org/portal/collections/individual/index.php?occid=5992931
5992933	ASU	ASUL050619	F. Bungartz	1914	671.79	809.93	California	Santa Barbara	34.823	-111.802444	outside_boundary_exact	Arizona, Yavapai County	Channel Islands, St. Cruz Island, dirt road along the mountain ridge at the West end	https://lichenportal.org/portal/collections/individual/index.php?occid=5992933
58551	ASU	ASUL001612	B.D. Ryan	31222	627.99	795.56	California	Santa Barbara	33.676236	-112.153131	outside_boundary_exact	Arizona, Maricopa County	Santa Rosa Island, South Point	https://lichenportal.org/portal/collections/individual/index.php?occid=58551
122151	ASU	NA	H.E. Parks	5104	577.41	656.54	California	Marin	34.068621	-118.027567	outside_boundary_exact	California, Los Angeles County	El Monte	https://lichenportal.org/portal/collections/individual/index.php?occid=122151
1819531	ASU	NA	H.E. Parks	3953-L106	577.41	656.54	California	Marin	34.068621	-118.027567	outside_boundary_exact	California, Los Angeles County	El Monte	https://lichenportal.org/portal/collections/individual/index.php?occid=1819531
73252	ASU	ASUL024991	B.D. Ryan	22229	533.42	676.78	California	Mendocino	34	-123.25	outside_boundary_exact	not_found_in_US	ABLS Stop 3, Demonstration Redwood Forest, on road of Hwy 128, N of Cloverdale	https://lichenportal.org/portal/collections/individual/index.php?occid=73252
83488	ASU	NA	B.D. Ryan	22226	533.42	676.78	California	Mendocino	34	-123.25	outside_boundary_exact	not_found_in_US	ABLS Stop 2, Hwy 128, N of Cloverdale	https://lichenportal.org/portal/collections/individual/index.php?occid=83488
88950	ASU	NA	B.D. Ryan	22224	533.42	676.78	California	Mendocino	34	-123.25	outside_boundary_exact	not_found_in_US	ABLS Stop 2, Hwy 128, N of Cloverdale	https://lichenportal.org/portal/collections/individual/index.php?occid=88950
89536	ASU	NA	B.D. Ryan	22223	533.42	676.78	California	Mendocino	34	-123.25	outside_boundary_exact	not_found_in_US	Hwy 128, N of Cloverdale, ABLS Stop 2	https://lichenportal.org/portal/collections/individual/index.php?occid=89536
96282	ASU	NA	B.D. Ryan	22225	533.42	676.78	California	Mendocino	34	-123.25	outside_boundary_exact	not_found_in_US	ABLS Stop 2, Hwy 128, N of Cloverdale	https://lichenportal.org/portal/collections/individual/index.php?occid=96282
101757	ASU	NA	B.D. Ryan	22228	533.42	676.78	California	Mendocino	34	-123.25	outside_boundary_exact	not_found_in_US	ABLS Stop 2, Hwy 128, N of Cloverdale	https://lichenportal.org/portal/collections/individual/index.php?occid=101757
57600	ASU	NA	B.D. Ryan	26826	353.43	553.48	California	Monterey	34	-117	outside_boundary_exact	California, Riverside County	Foothills Road, WNW of Soledad, 1.6 km N of Mission Union School (Colony Road), 4 km W of junction with Paraiso Road	https://lichenportal.org/portal/collections/individual/index.php?occid=57600
57609	ASU	ASUL034384	B.D. Ryan	26837	353.43	553.48	California	Monterey	34	-117	outside_boundary_exact	California, Riverside County	Foothills Road, WNW of Soledad, 1.6 km N of Mission Union School (Colony Road), 4 km W of junction with Paraiso Road	https://lichenportal.org/portal/collections/individual/index.php?occid=57609
57610	ASU	NA	B.D. Ryan	26840	353.43	553.48	California	Monterey	34	-117	outside_boundary_exact	California, Riverside County	Foothills Road, WNW of Soledad, 1.6 km N of Mission Union School (Colony Road), 4 km W of junction with Paraiso Road	https://lichenportal.org/portal/collections/individual/index.php?occid=57610
57613	ASU	ASUL032573	B.D. Ryan	26845	353.43	553.48	California	Monterey	34	-117	outside_boundary_exact	California, Riverside County	Foothills Road, WNW of Soledad, 1.6 km N of Mission Union School (Colony Road), 4 km W of junction with Paraiso Road	https://lichenportal.org/portal/collections/individual/index.php?occid=57613
57614	ASU	NA	B.D. Ryan	26846	353.43	553.48	California	Monterey	34	-117	outside_boundary_exact	California, Riverside County	Foothills Road, WNW of Soledad, 1.6 km N of Mission Union School (Colony Road), 4 km W of junction with Paraiso Road	https://lichenportal.org/portal/collections/individual/index.php?occid=57614
57616	ASU	NA	B.D. Ryan	26848	353.43	553.48	California	Monterey	34	-117	outside_boundary_exact	California, Riverside County	Foothills Road, WNW of Soledad, 1.6 km N of Mission Union School (Colony Road), 4 km W of junction with Paraiso Road	https://lichenportal.org/portal/collections/individual/index.php?occid=57616
57617	ASU	ASUL020453	B.D. Ryan	26849	353.43	553.48	California	Monterey	34	-117	outside_boundary_exact	California, Riverside County	Foothills Road, WNW of Soledad, 1.6 km N of Mission Union School (Colony Road), 4 km W of junction with Paraiso Road	https://lichenportal.org/portal/collections/individual/index.php?occid=57617
57618	ASU	NA	B.D. Ryan	26850	353.43	553.48	California	Monterey	34	-117	outside_boundary_exact	California, Riverside County	Foothills Road, WNW of Soledad, 1.6 km N of Mission Union School (Colony Road), 4 km W of junction with Paraiso Road	https://lichenportal.org/portal/collections/individual/index.php?occid=57618
57619	ASU	NA	B.D. Ryan	26851	353.43	553.48	California	Monterey	34	-117	outside_boundary_exact	California, Riverside County	Foothills Road, WNW of Soledad, 1.6 km N of Mission Union School (Colony Road), 4 km W of junction with Paraiso Road	https://lichenportal.org/portal/collections/individual/index.php?occid=57619
57620	ASU	NA	B.D. Ryan	26853	353.43	553.48	California	Monterey	34	-117	outside_boundary_exact	California, Riverside County	Foothills Road, WNW of Soledad, 1.6 km N of Mission Union School (Colony Road), 4 km W of junction with Paraiso Road	https://lichenportal.org/portal/collections/individual/index.php?occid=57620
57621	ASU	NA	B.D. Ryan	26854	353.43	553.48	California	Monterey	34	-117	outside_boundary_exact	California, Riverside County	Foothills Road, WNW of Soledad, 1.6 km N of Mission Union School (Colony Road), 4 km W of junction with Paraiso Road	https://lichenportal.org/portal/collections/individual/index.php?occid=57621
57622	ASU	NA	B.D. Ryan	26855	353.43	553.48	California	Monterey	34	-117	outside_boundary_exact	California, Riverside County	Foothills Road, WNW of Soledad, 1.6 km N of Mission Union School (Colony Road), 4 km W of junction with Paraiso Road	https://lichenportal.org/portal/collections/individual/index.php?occid=57622
57624	ASU	NA	B.D. Ryan	26858	353.43	553.48	California	Monterey	34	-117	outside_boundary_exact	California, Riverside County	Foothills Road, WNW of Soledad, 1.6 km N of Mission Union School (Colony Road), 4 km W of junction with Paraiso Road	https://lichenportal.org/portal/collections/individual/index.php?occid=57624
57626	ASU	NA	B.D. Ryan	26861	353.43	553.48	California	Monterey	34	-117	outside_boundary_exact	California, Riverside County	Foothills Road, WNW of Soledad, 1.6 km N of Mission Union School (Colony Road), 4 km W of junction with Paraiso Road	https://lichenportal.org/portal/collections/individual/index.php?occid=57626
57628	ASU	NA	B.D. Ryan	26863	353.43	553.48	California	Monterey	34	-117	outside_boundary_exact	California, Riverside County	Foothills Road, WNW of Soledad, 1.6 km N of Mission Union School (Colony Road), 4 km W of junction with Paraiso Road	https://lichenportal.org/portal/collections/individual/index.php?occid=57628
57630	ASU	NA	B.D. Ryan	26865	353.43	553.48	California	Monterey	34	-117	outside_boundary_exact	California, Riverside County	Foothills Road, WNW of Soledad, 1.6 km N of Mission Union School (Colony Road), 4 km W of junction with Paraiso Road	https://lichenportal.org/portal/collections/individual/index.php?occid=57630
57635	ASU	ASUL046513	B.D. Ryan	26870	353.43	553.48	California	Monterey	34	-117	outside_boundary_exact	California, Riverside County	Foothills Road, WNW of Soledad, 1.6 km N of Mission Union School (Colony Road), 4 km W of junction with Paraiso Road	https://lichenportal.org/portal/collections/individual/index.php?occid=57635
57636	ASU	ASUL032606	B.D. Ryan	26871	353.43	553.48	California	Monterey	34	-117	outside_boundary_exact	California, Riverside County	Foothills Road, WNW of Soledad, 1.6 km N of Mission Union School (Colony Road), 4 km W of junction with Paraiso Road	https://lichenportal.org/portal/collections/individual/index.php?occid=57636
57637	ASU	NA	B.D. Ryan	26872	353.43	553.48	California	Monterey	34	-117	outside_boundary_exact	California, Riverside County	Foothills Road, WNW of Soledad, 1.6 km N of Mission Union School (Colony Road), 4 km W of junction with Paraiso Road	https://lichenportal.org/portal/collections/individual/index.php?occid=57637
57639	ASU	NA	B.D. Ryan	26874	353.43	553.48	California	Monterey	34	-117	outside_boundary_exact	California, Riverside County	Foothills Road, WNW of Soledad, 1.6 km N of Mission Union School (Colony Road), 4 km W of junction with Paraiso Road	https://lichenportal.org/portal/collections/individual/index.php?occid=57639
57640	ASU	NA	B.D. Ryan	26875	353.43	553.48	California	Monterey	34	-117	outside_boundary_exact	California, Riverside County	Foothills Road, WNW of Soledad, 1.6 km N of Mission Union School (Colony Road), 4 km W of junction with Paraiso Road	https://lichenportal.org/portal/collections/individual/index.php?occid=57640
57641	ASU	NA	B.D. Ryan	26876	353.43	553.48	California	Monterey	34	-117	outside_boundary_exact	California, Riverside County	Foothills Road, WNW of Soledad, 1.6 km N of Mission Union School (Colony Road), 4 km W of junction with Paraiso Road	https://lichenportal.org/portal/collections/individual/index.php?occid=57641
57643	ASU	NA	B.D. Ryan	26879	353.43	553.48	California	Monterey	34	-117	outside_boundary_exact	California, Riverside County	Foothills Road, WNW of Soledad, 1.6 km N of Mission Union School (Colony Road), 4 km W of junction with Paraiso Road	https://lichenportal.org/portal/collections/individual/index.php?occid=57643
57644	ASU	NA	B.D. Ryan	26880	353.43	553.48	California	Monterey	34	-117	outside_boundary_exact	California, Riverside County	Foothills Road, WNW of Soledad, 1.6 km N of Mission Union School (Colony Road), 4 km W of junction with Paraiso Road	https://lichenportal.org/portal/collections/individual/index.php?occid=57644
57648	ASU	NA	B.D. Ryan	26885	353.43	553.48	California	Monterey	34	-117	outside_boundary_exact	California, Riverside County	Foothills Road, WNW of Soledad, 1.6 km N of Mission Union School (Colony Road), 4 km W of junction with Paraiso Road	https://lichenportal.org/portal/collections/individual/index.php?occid=57648
57701	ASU	NA	B.D. Ryan	27003	349.16	549.11	California	Monterey	34.0666667	-117	outside_boundary_exact	California, San Bernardino County	NA	https://lichenportal.org/portal/collections/individual/index.php?occid=57701
57702	ASU	NA	B.D. Ryan	27005	349.16	549.11	California	Monterey	34.0666667	-117	outside_boundary_exact	California, San Bernardino County	NA	https://lichenportal.org/portal/collections/individual/index.php?occid=57702
57441	ASU	NA	B.D. Ryan	26732	342.95	419.92	California	Merced	34.9666667	-117.4	outside_boundary_exact	California, San Bernardino County	N side of Hwy 152, c. 32 km NNE of Hollister	https://lichenportal.org/portal/collections/individual/index.php?occid=57441
57442	ASU	NA	B.D. Ryan	26733	342.95	419.92	California	Merced	34.9666667	-117.4	outside_boundary_exact	California, San Bernardino County	N side of Hwy 152, c. 32 km NNE of Hollister	https://lichenportal.org/portal/collections/individual/index.php?occid=57442
57443	ASU	NA	B.D. Ryan	26734	342.95	419.92	California	Merced	34.9666667	-117.4	outside_boundary_exact	California, San Bernardino County	N side of Hwy 152, c. 32 km NNE of Hollister	https://lichenportal.org/portal/collections/individual/index.php?occid=57443
57444	ASU	NA	B.D. Ryan	26735	342.95	419.92	California	Merced	34.9666667	-117.4	outside_boundary_exact	California, San Bernardino County	N side of Hwy 152, c. 32 km NNE of Hollister	https://lichenportal.org/portal/collections/individual/index.php?occid=57444
57445	ASU	NA	B.D. Ryan	26736	342.95	419.92	California	Merced	34.9666667	-117.4	outside_boundary_exact	California, San Bernardino County	N side of Hwy 152, c. 32 km NNE of Hollister	https://lichenportal.org/portal/collections/individual/index.php?occid=57445
57447	ASU	ASUL001731	B.D. Ryan	26738	342.95	419.92	California	Merced	34.9666667	-117.4	outside_boundary_exact	California, San Bernardino County	N side of Hwy 152, c. 32 km NNE of Hollister	https://lichenportal.org/portal/collections/individual/index.php?occid=57447
57448	ASU	NA	B.D. Ryan	26739	342.95	419.92	California	Merced	34.9666667	-117.4	outside_boundary_exact	California, San Bernardino County	N side of Hwy 152, c. 32 km NNE of Hollister	https://lichenportal.org/portal/collections/individual/index.php?occid=57448
57449	ASU	NA	B.D. Ryan	26740	342.95	419.92	California	Merced	34.9666667	-117.4	outside_boundary_exact	California, San Bernardino County	N side of Hwy 152, c. 32 km NNE of Hollister	https://lichenportal.org/portal/collections/individual/index.php?occid=57449
57450	ASU	NA	B.D. Ryan	26741	342.95	419.92	California	Merced	34.9666667	-117.4	outside_boundary_exact	California, San Bernardino County	N side of Hwy 152, c. 32 km NNE of Hollister	https://lichenportal.org/portal/collections/individual/index.php?occid=57450
57451	ASU	NA	B.D. Ryan	26742	342.95	419.92	California	Merced	34.9666667	-117.4	outside_boundary_exact	California, San Bernardino County	N side of Hwy 152, c. 32 km NNE of Hollister	https://lichenportal.org/portal/collections/individual/index.php?occid=57451
57452	ASU	NA	B.D. Ryan	26744	342.95	419.92	California	Merced	34.9666667	-117.4	outside_boundary_exact	California, San Bernardino County	N side of Hwy 152, c. 32 km NNE of Hollister	https://lichenportal.org/portal/collections/individual/index.php?occid=57452
57454	ASU	ASUL030323	B.D. Ryan	26746	342.95	419.92	California	Merced	34.9666667	-117.4	outside_boundary_exact	California, San Bernardino County	N side of Hwy 152, c. 32 km NNE of Hollister	https://lichenportal.org/portal/collections/individual/index.php?occid=57454
57456	ASU	NA	B.D. Ryan	26751	342.95	419.92	California	Merced	34.9666667	-117.4	outside_boundary_exact	California, San Bernardino County	N side of Hwy 152, c. 32 km NNE of Hollister	https://lichenportal.org/portal/collections/individual/index.php?occid=57456
57457	ASU	NA	B.D. Ryan	26752	342.95	419.92	California	Merced	34.9666667	-117.4	outside_boundary_exact	California, San Bernardino County	N side of Hwy 152, c. 32 km NNE of Hollister	https://lichenportal.org/portal/collections/individual/index.php?occid=57457
57458	ASU	ASUL030275	B.D. Ryan	26754	342.95	419.92	California	Merced	34.9666667	-117.4	outside_boundary_exact	California, San Bernardino County	N side of Hwy 152, c. 32 km NNE of Hollister	https://lichenportal.org/portal/collections/individual/index.php?occid=57458
57459	ASU	NA	B.D. Ryan	26756	342.95	419.92	California	Merced	34.9666667	-117.4	outside_boundary_exact	California, San Bernardino County	N side of Hwy 152, c. 32 km NNE of Hollister	https://lichenportal.org/portal/collections/individual/index.php?occid=57459
57460	ASU	ASUL046519	B.D. Ryan	26757	342.95	419.92	California	Merced	34.9666667	-117.4	outside_boundary_exact	California, San Bernardino County	N side of Hwy 152, c. 32 km NNE of Hollister	https://lichenportal.org/portal/collections/individual/index.php?occid=57460
57461	ASU	NA	B.D. Ryan	26758	342.95	419.92	California	Merced	34.9666667	-117.4	outside_boundary_exact	California, San Bernardino County	N side of Hwy 152, c. 32 km NNE of Hollister	https://lichenportal.org/portal/collections/individual/index.php?occid=57461
57462	ASU	NA	B.D. Ryan	26759	342.95	419.92	California	Merced	34.9666667	-117.4	outside_boundary_exact	California, San Bernardino County	N side of Hwy 152, c. 32 km NNE of Hollister	https://lichenportal.org/portal/collections/individual/index.php?occid=57462
57463	ASU	NA	B.D. Ryan	26760	342.95	419.92	California	Merced	34.9666667	-117.4	outside_boundary_exact	California, San Bernardino County	N side of Hwy 152, c. 32 km NNE of Hollister	https://lichenportal.org/portal/collections/individual/index.php?occid=57463
57464	ASU	NA	B.D. Ryan	26760	342.95	419.92	California	Merced	34.9666667	-117.4	outside_boundary_exact	California, San Bernardino County	N side of Hwy 152, c. 32 km NNE of Hollister	https://lichenportal.org/portal/collections/individual/index.php?occid=57464
57465	ASU	ASUL031881	B.D. Ryan	26761	342.95	419.92	California	Merced	34.9666667	-117.4	outside_boundary_exact	California, San Bernardino County	N side of Hwy 152, c. 32 km NNE of Hollister	https://lichenportal.org/portal/collections/individual/index.php?occid=57465
57467	ASU	NA	B.D. Ryan	26763	342.95	419.92	California	Merced	34.9666667	-117.4	outside_boundary_exact	California, San Bernardino County	N side of Hwy 152, c. 32 km NNE of Hollister	https://lichenportal.org/portal/collections/individual/index.php?occid=57467
57468	ASU	NA	B.D. Ryan	26764	342.95	419.92	California	Merced	34.9666667	-117.4	outside_boundary_exact	California, San Bernardino County	N side of Hwy 152, c. 32 km NNE of Hollister	https://lichenportal.org/portal/collections/individual/index.php?occid=57468
57469	ASU	NA	B.D. Ryan	26765	342.95	419.92	California	Merced	34.9666667	-117.4	outside_boundary_exact	California, San Bernardino County	N side of Hwy 152, c. 32 km NNE of Hollister	https://lichenportal.org/portal/collections/individual/index.php?occid=57469
57470	ASU	NA	B.D. Ryan	26766	342.95	419.92	California	Merced	34.9666667	-117.4	outside_boundary_exact	California, San Bernardino County	N side of Hwy 152, c. 32 km NNE of Hollister	https://lichenportal.org/portal/collections/individual/index.php?occid=57470
57471	ASU	NA	B.D. Ryan	26767	342.95	419.92	California	Merced	34.9666667	-117.4	outside_boundary_exact	California, San Bernardino County	N side of Hwy 152, c. 32 km NNE of Hollister	https://lichenportal.org/portal/collections/individual/index.php?occid=57471
57472	ASU	NA	B.D. Ryan	26768	342.95	419.92	California	Merced	34.9666667	-117.4	outside_boundary_exact	California, San Bernardino County	N side of Hwy 152, c. 32 km NNE of Hollister	https://lichenportal.org/portal/collections/individual/index.php?occid=57472
703662	ASU	NA	B.D. Ryan	26750	342.95	419.92	California	Merced	34.966666666667	-117.4	outside_boundary_exact	California, San Bernardino County	N side of Hwy 152, c. 32 km NNE of Hollister	https://lichenportal.org/portal/collections/individual/index.php?occid=703662
105570	ASU	NA	S. Tucker	34187	333.61	437.73	California	San Luis Obispo	38.76666667	-120.1833333	outside_boundary_exact	California, El Dorado County	Los Padres National Forest, Panza Range (or north end of Sierra Madre Range), about 1 mile N on unmarked Forest Sevice Rd at ranch entrance on State Hwy 166, 25 mi E of junction of 188 and US Hwy 101	https://lichenportal.org/portal/collections/individual/index.php?occid=105570
104667	ASU	NA	C.C. Bratt	12551-A	332.14	526.34	California	Ventura	37.86667	-119.46667	outside_boundary_exact	California, Tuolumne County	Beyond campground, before corrals.  Ballinger Canyon, off Rte. 33, S of Rte. 166, LPNF	https://lichenportal.org/portal/collections/individual/index.php?occid=104667
57653	ASU	NA	B.D. Ryan	26887	302.27	502.39	California	Monterey	34.2333333	-117.4833333	outside_boundary_exact	California, San Bernardino County	Los Padres National Forest, Arroyo Seco Canyon Campground	https://lichenportal.org/portal/collections/individual/index.php?occid=57653
57790	ASU	NA	B.D. Ryan	27120	287.72	487.73	California	Monterey	34.3625	-117.5666667	outside_boundary_exact	California, San Bernardino County	NA	https://lichenportal.org/portal/collections/individual/index.php?occid=57790
57793	ASU	NA	B.D. Ryan	27123	287.72	487.73	California	Monterey	34.3625	-117.5666667	outside_boundary_exact	California, San Bernardino County	NA	https://lichenportal.org/portal/collections/individual/index.php?occid=57793
57802	ASU	NA	B.D. Ryan	27132	287.72	487.73	California	Monterey	34.3625	-117.5666667	outside_boundary_exact	California, San Bernardino County	NA	https://lichenportal.org/portal/collections/individual/index.php?occid=57802
57804	ASU	NA	B.D. Ryan	27134	287.72	487.73	California	Monterey	34.3625	-117.5666667	outside_boundary_exact	California, San Bernardino County	NA	https://lichenportal.org/portal/collections/individual/index.php?occid=57804
57809	ASU	NA	B.D. Ryan	27140	287.72	487.73	California	Monterey	34.3625	-117.5666667	outside_boundary_exact	California, San Bernardino County	NA	https://lichenportal.org/portal/collections/individual/index.php?occid=57809
57773	ASU	NA	B.D. Ryan	27100	287.67	487.61	California	Monterey	34.3833333	-117.55	outside_boundary_exact	California, San Bernardino County	NA	https://lichenportal.org/portal/collections/individual/index.php?occid=57773
57776	ASU	NA	B.D. Ryan	27103	287.67	487.61	California	Monterey	34.3833333	-117.55	outside_boundary_exact	California, San Bernardino County	NA	https://lichenportal.org/portal/collections/individual/index.php?occid=57776
57707	ASU	NA	B.D. Ryan	27020	287.15	487.15	California	Monterey	34.3666667	-117.5708333	outside_boundary_exact	California, San Bernardino County	NA	https://lichenportal.org/portal/collections/individual/index.php?occid=57707
57708	ASU	NA	B.D. Ryan	27021	287.15	487.15	California	Monterey	34.3666667	-117.5708333	outside_boundary_exact	California, San Bernardino County	NA	https://lichenportal.org/portal/collections/individual/index.php?occid=57708
57720	ASU	NA	B.D. Ryan	27035	287.15	487.15	California	Monterey	34.3666667	-117.5708333	outside_boundary_exact	California, San Bernardino County	NA	https://lichenportal.org/portal/collections/individual/index.php?occid=57720
57721	ASU	NA	B.D. Ryan	27036	287.15	487.15	California	Monterey	34.3666667	-117.5708333	outside_boundary_exact	California, San Bernardino County	NA	https://lichenportal.org/portal/collections/individual/index.php?occid=57721
57722	ASU	NA	B.D. Ryan	27037	287.15	487.15	California	Monterey	34.3666667	-117.5708333	outside_boundary_exact	California, San Bernardino County	NA	https://lichenportal.org/portal/collections/individual/index.php?occid=57722
57727	ASU	NA	B.D. Ryan	27045	287.15	487.15	California	Monterey	34.3666667	-117.5708333	outside_boundary_exact	California, San Bernardino County	NA	https://lichenportal.org/portal/collections/individual/index.php?occid=57727
57729	ASU	NA	B.D. Ryan	27047	287.15	487.15	California	Monterey	34.3666667	-117.5708333	outside_boundary_exact	California, San Bernardino County	NA	https://lichenportal.org/portal/collections/individual/index.php?occid=57729
57730	ASU	NA	B.D. Ryan	27048	287.15	487.15	California	Monterey	34.3666667	-117.5708333	outside_boundary_exact	California, San Bernardino County	NA	https://lichenportal.org/portal/collections/individual/index.php?occid=57730
57731	ASU	NA	B.D. Ryan	27049	287.15	487.15	California	Monterey	34.3666667	-117.5708333	outside_boundary_exact	California, San Bernardino County	NA	https://lichenportal.org/portal/collections/individual/index.php?occid=57731
57732	ASU	NA	B.D. Ryan	27050	287.15	487.15	California	Monterey	34.3666667	-117.5708333	outside_boundary_exact	California, San Bernardino County	NA	https://lichenportal.org/portal/collections/individual/index.php?occid=57732
57734	ASU	ASUL001375	B.D. Ryan	27052	287.15	487.15	California	Monterey	34.3666667	-117.5708333	outside_boundary_exact	California, San Bernardino County	NA	https://lichenportal.org/portal/collections/individual/index.php?occid=57734
57737	ASU	NA	B.D. Ryan	27055	287.15	487.15	California	Monterey	34.3666667	-117.5708333	outside_boundary_exact	California, San Bernardino County	NA	https://lichenportal.org/portal/collections/individual/index.php?occid=57737
57742	ASU	NA	B.D. Ryan	27060	287.15	487.15	California	Monterey	34.3666667	-117.5708333	outside_boundary_exact	California, San Bernardino County	NA	https://lichenportal.org/portal/collections/individual/index.php?occid=57742
57747	ASU	NA	B.D. Ryan	27065	287.15	487.15	California	Monterey	34.3666667	-117.5708333	outside_boundary_exact	California, San Bernardino County	NA	https://lichenportal.org/portal/collections/individual/index.php?occid=57747
57752	ASU	NA	B.D. Ryan	27071	287.15	487.15	California	Monterey	34.3666667	-117.5708333	outside_boundary_exact	California, San Bernardino County	NA	https://lichenportal.org/portal/collections/individual/index.php?occid=57752
57757	ASU	NA	B.D. Ryan	27076	287.15	487.15	California	Monterey	34.3666667	-117.5708333	outside_boundary_exact	California, San Bernardino County	NA	https://lichenportal.org/portal/collections/individual/index.php?occid=57757
57759	ASU	ASUL050648	B.D. Ryan	27080	287.15	487.15	California	Monterey	34.3666667	-117.5708333	outside_boundary_exact	California, San Bernardino County	Hastings Ecological Preserve, vicinity of Robertson House	https://lichenportal.org/portal/collections/individual/index.php?occid=57759
57761	ASU	NA	B.D. Ryan	27084	287.15	487.15	California	Monterey	34.3666667	-117.5708333	outside_boundary_exact	California, San Bernardino County	NA	https://lichenportal.org/portal/collections/individual/index.php?occid=57761
57767	ASU	NA	B.D. Ryan	27090	287.15	487.07	California	Monterey	34.3916667	-117.55	outside_boundary_exact	California, San Bernardino County	NA	https://lichenportal.org/portal/collections/individual/index.php?occid=57767
57771	ASU	NA	B.D. Ryan	27094	287.15	487.07	California	Monterey	34.3916667	-117.55	outside_boundary_exact	California, San Bernardino County	NA	https://lichenportal.org/portal/collections/individual/index.php?occid=57771
57779	ASU	NA	B.D. Ryan	27108	286.73	486.68	California	Monterey	34.3833333	-117.5625	outside_boundary_exact	California, San Bernardino County	NA	https://lichenportal.org/portal/collections/individual/index.php?occid=57779
57780	ASU	NA	B.D. Ryan	27109	286.73	486.68	California	Monterey	34.3833333	-117.5625	outside_boundary_exact	California, San Bernardino County	NA	https://lichenportal.org/portal/collections/individual/index.php?occid=57780
57782	ASU	NA	B.D. Ryan	27111	286.73	486.68	California	Monterey	34.3833333	-117.5625	outside_boundary_exact	California, San Bernardino County	NA	https://lichenportal.org/portal/collections/individual/index.php?occid=57782
56317	ASU	ASUL000421	B.D. Ryan	15661	280.69	617.58	California	San Bernardino	34.708278	-111.097389	outside_boundary_exact	Arizona, Coconino County	4 mi WSW of Big Bear Lake Village	https://lichenportal.org/portal/collections/individual/index.php?occid=56317
5858248	ASU	ASUL050466	Björn Owe-Larsson	9161	279.77	573.82	California	Riverside	33.518278	-111.4575	outside_boundary_exact	Arizona, Maricopa County	San Jacinto Mt., South Ridge	https://lichenportal.org/portal/collections/individual/index.php?occid=5858248
5995525	ASU	ASUL050704	Björn Owe-Larsson	9095	279.77	573.82	California	Riverside	33.518278	-111.4575	outside_boundary_exact	Arizona, Maricopa County	Tenaja Canyon	https://lichenportal.org/portal/collections/individual/index.php?occid=5995525
64662	ASU	NA	M.E. Hale	NA	252.92	581.12	California	San Bernardino	34.498041	-120.494609	outside_boundary_exact	California, Santa Barbara County	Jalama Beach Road, 9.7 km W of junction Hwy 1	https://lichenportal.org/portal/collections/individual/index.php?occid=64662
93382	ASU	NA	T.H. Nash III	11432	171.29	315.9	California	Mendocino	37.2333333	-123.7666667	outside_boundary_exact	not_found_in_US	Seaside cliffs near Albion along Route 1	https://lichenportal.org/portal/collections/individual/index.php?occid=93382
93383	ASU	NA	T.H. Nash III	11433	171.29	315.9	California	Mendocino	37.2333333	-123.7666667	outside_boundary_exact	not_found_in_US	Seaside cliffs near Albion along Route 1	https://lichenportal.org/portal/collections/individual/index.php?occid=93383
103921	ASU	ASUL005326	K. Knudsen	4091	144.37	377.97	California	Los Angeles	36.1077778	-118.9025	outside_boundary_exact	California, Tulare County	Transverse Range: Santa Monica Mountains: Party Rock above Carlisle Valley, Triunfo Pass	https://lichenportal.org/portal/collections/individual/index.php?occid=103921
103580	ASU	ASUL002841	Kerry Knudsen	3602	138.93	266.13	California	Los Angeles	33.93	-116.188611	outside_boundary_exact	California, Riverside County	Mojave Desert, Little San Bernardino Mountains, Joshua Tree National Park, Key's View, mountain side, Key's View Quad	https://lichenportal.org/portal/collections/individual/index.php?occid=103580
96696	ASU	NA	A.C. Herre	266	136.65	179.55	California	San Francisco	36.517962	-121.943917	outside_boundary_exact	California, Monterey County	Santa Cruz Mountains, Point Lobos	https://lichenportal.org/portal/collections/individual/index.php?occid=96696
947361	ASU	NA	Clifford M. Wetmore	73645	117.52	251.28	California	Los Angeles	34.0041667	-120.2333333	outside_boundary_exact	California, Santa Barbara County	Sandy Point on west end of island	https://lichenportal.org/portal/collections/individual/index.php?occid=947361
2435197	ASU	NA	Clifford M. Wetmore	73644	117.52	251.28	California	Los Angeles	34.0041667	-120.2333333	outside_boundary_exact	California, Santa Barbara County	Sandy Point on west end of island	https://lichenportal.org/portal/collections/individual/index.php?occid=2435197
940422	ASU	NA	P.V.D. Bloom	25172	109.85	244.11	California	Los Angeles	33.7	-116.6	outside_boundary_exact	California, Riverside County	E of Los Angeles, Bernardino National Forest, Idyllwild, entrance of Humber Park, at end of Fern Valley	https://lichenportal.org/portal/collections/individual/index.php?occid=940422
104315	ASU	ASUL013604	Clifford M. Wetmore	73895	107.77	246.54	California	Los Angeles	33.9	-120.1208333	outside_boundary_exact	California, Santa Barbara County	South Point	https://lichenportal.org/portal/collections/individual/index.php?occid=104315
104295	ASU	ASUL030255	Clifford M. Wetmore	73937	98.42	234.07	California	Los Angeles	33.9958333	-120.025	outside_boundary_exact	not_found_in_US	Upper part of Cherry Canyon	https://lichenportal.org/portal/collections/individual/index.php?occid=104295
57440	ASU	NA	B.D. Ryan	26731	96.65	207.06	California	Merced	35.9666667	-121.4	outside_boundary_exact	California, Monterey County	N side of Hwy 152, c. 32 km NNE of Hollister	https://lichenportal.org/portal/collections/individual/index.php?occid=57440
57148	ASU	NA	B.D. Ryan	26773	86.92	195.95	California	Madera	36.0666667	-119.7666667	outside_boundary_exact	California, Kings County	Hwy 41 S of Oakhurst, 26 km S of Coarsegold, ca. 40 km N of Fresno	https://lichenportal.org/portal/collections/individual/index.php?occid=57148
57149	ASU	ASUL011638	B.D. Ryan	26774	86.92	195.95	California	Madera	36.0666667	-119.7666667	outside_boundary_exact	California, Kings County	Hwy 41 S of Oakhurst, 26 km S of Coarsegold, ca. 40 km N of Fresno	https://lichenportal.org/portal/collections/individual/index.php?occid=57149
57150	ASU	NA	B.D. Ryan	26775	86.92	195.95	California	Madera	36.0666667	-119.7666667	outside_boundary_exact	California, Kings County	Hwy 41 S of Oakhurst, 26 km S of Coarsegold, ca. 40 km N of Fresno	https://lichenportal.org/portal/collections/individual/index.php?occid=57150
57157	ASU	NA	B.D. Ryan	26784	86.92	195.95	California	Madera	36.0666667	-119.7666667	outside_boundary_exact	California, Kings County	Hwy 41 S of Oakhurst, 26 km S of Coarsegold, ca. 40 km N of Fresno	https://lichenportal.org/portal/collections/individual/index.php?occid=57157
57159	ASU	NA	B.D. Ryan	26786	86.92	195.95	California	Madera	36.0666667	-119.7666667	outside_boundary_exact	California, Kings County	Hwy 41 S of Oakhurst, 26 km S of Coarsegold, ca. 40 km N of Fresno	https://lichenportal.org/portal/collections/individual/index.php?occid=57159
57160	ASU	NA	B.D. Ryan	26787	86.92	195.95	California	Madera	36.0666667	-119.7666667	outside_boundary_exact	California, Kings County	Hwy 41 S of Oakhurst, 26 km S of Coarsegold, ca. 40 km N of Fresno	https://lichenportal.org/portal/collections/individual/index.php?occid=57160
57161	ASU	NA	B.D. Ryan	26788	86.92	195.95	California	Madera	36.0666667	-119.7666667	outside_boundary_exact	California, Kings County	Hwy 41 S of Oakhurst, 26 km S of Coarsegold, ca. 40 km N of Fresno	https://lichenportal.org/portal/collections/individual/index.php?occid=57161
57162	ASU	NA	B.D. Ryan	26789	86.92	195.95	California	Madera	36.0666667	-119.7666667	outside_boundary_exact	California, Kings County	Hwy 41 S of Oakhurst, 26 km S of Coarsegold, ca. 40 km N of Fresno	https://lichenportal.org/portal/collections/individual/index.php?occid=57162
57163	ASU	ASUL034908	B.D. Ryan	26791-a	86.92	195.95	California	Madera	36.0666667	-119.7666667	outside_boundary_exact	California, Kings County	Hwy 41 S of Oakhurst, 26 km S of Coarsegold, ca. 40 km N of Fresno	https://lichenportal.org/portal/collections/individual/index.php?occid=57163
57164	ASU	NA	B.D. Ryan	26792	86.92	195.95	California	Madera	36.0666667	-119.7666667	outside_boundary_exact	California, Kings County	Hwy 41 S of Oakhurst, 26 km S of Coarsegold, ca. 40 km N of Fresno	https://lichenportal.org/portal/collections/individual/index.php?occid=57164
57165	ASU	NA	B.D. Ryan	26793	86.92	195.95	California	Madera	36.0666667	-119.7666667	outside_boundary_exact	California, Kings County	Hwy 41 S of Oakhurst, 26 km S of Coarsegold, ca. 40 km N of Fresno	https://lichenportal.org/portal/collections/individual/index.php?occid=57165
57166	ASU	NA	B.D. Ryan	26797-b	86.92	195.95	California	Madera	36.0666667	-119.7666667	outside_boundary_exact	California, Kings County	Hwy 41 S of Oakhurst, 26 km S of Coarsegold, ca. 40 km N of Fresno	https://lichenportal.org/portal/collections/individual/index.php?occid=57166
57167	ASU	NA	B.D. Ryan	26800	86.92	195.95	California	Madera	36.0666667	-119.7666667	outside_boundary_exact	California, Kings County	Hwy 41 S of Oakhurst, 26 km S of Coarsegold, ca. 40 km N of Fresno	https://lichenportal.org/portal/collections/individual/index.php?occid=57167
57168	ASU	NA	B.D. Ryan	26801	86.92	195.95	California	Madera	36.0666667	-119.7666667	outside_boundary_exact	California, Kings County	Hwy 41, 26 km S of Coarsegold	https://lichenportal.org/portal/collections/individual/index.php?occid=57168
57169	ASU	NA	B.D. Ryan	26802	86.92	195.95	California	Madera	36.0666667	-119.7666667	outside_boundary_exact	California, Kings County	Hwy 41 S of Oakhurst, 26 km S of Coarsegold, ca. 40 km N of Fresno	https://lichenportal.org/portal/collections/individual/index.php?occid=57169
57170	ASU	ASUL032618	B.D. Ryan	26803	86.92	195.95	California	Madera	36.0666667	-119.7666667	outside_boundary_exact	California, Kings County	Hwy 41 S of Oakhurst, 26 km S of Coarsegold, ca. 40 km N of Fresno	https://lichenportal.org/portal/collections/individual/index.php?occid=57170
57172	ASU	NA	B.D. Ryan	26807- a	86.92	195.95	California	Madera	36.0666667	-119.7666667	outside_boundary_exact	California, Kings County	Hwy 41 S of Oakhurst, 26 km S of Coarsegold, ca. 40 km N of Fresno	https://lichenportal.org/portal/collections/individual/index.php?occid=57172
57173	ASU	NA	B.D. Ryan	26808	86.92	195.95	California	Madera	36.0666667	-119.7666667	outside_boundary_exact	California, Kings County	Hwy 41 S of Oakhurst, 26 km S of Coarsegold, ca. 40 km N of Fresno	https://lichenportal.org/portal/collections/individual/index.php?occid=57173
57174	ASU	NA	B.D. Ryan	26809	86.92	195.95	California	Madera	36.0666667	-119.7666667	outside_boundary_exact	California, Kings County	Hwy 41 S of Oakhurst, 26 km S of Coarsegold, ca. 40 km N of Fresno	https://lichenportal.org/portal/collections/individual/index.php?occid=57174
57175	ASU	NA	B.D. Ryan	26810	86.92	195.95	California	Madera	36.0666667	-119.7666667	outside_boundary_exact	California, Kings County	Hwy 41 S of Oakhurst, 26 km S of Coarsegold, ca. 40 km N of Fresno	https://lichenportal.org/portal/collections/individual/index.php?occid=57175
57176	ASU	NA	B.D. Ryan	26812	86.92	195.95	California	Madera	36.0666667	-119.7666667	outside_boundary_exact	California, Kings County	Hwy 41, 26 km S of Coarsegold	https://lichenportal.org/portal/collections/individual/index.php?occid=57176
57177	ASU	ASUL011649	B.D. Ryan	26815	86.92	195.95	California	Madera	36.0666667	-119.7666667	outside_boundary_exact	California, Kings County	Hwy 41 S of Oakhurst, 26 km S of Coarsegold, ca. 40 km N of Fresno	https://lichenportal.org/portal/collections/individual/index.php?occid=57177
57178	ASU	NA	B.D. Ryan	26816	86.92	195.95	California	Madera	36.0666667	-119.7666667	outside_boundary_exact	California, Kings County	Hwy 41 S of Oakhurst, 26 km S of Coarsegold, ca. 40 km N of Fresno	https://lichenportal.org/portal/collections/individual/index.php?occid=57178
57179	ASU	NA	B.D. Ryan	26817	86.92	195.95	California	Madera	36.0666667	-119.7666667	outside_boundary_exact	California, Kings County	Hwy 41 S of Oakhurst, 26 km S of Coarsegold, ca. 40 km N of Fresno	https://lichenportal.org/portal/collections/individual/index.php?occid=57179
57180	ASU	NA	B.D. Ryan	26818	86.92	195.95	California	Madera	36.0666667	-119.7666667	outside_boundary_exact	California, Kings County	Hwy 41 S of Oakhurst, 26 km S of Coarsegold, ca. 40 km N of Fresno	https://lichenportal.org/portal/collections/individual/index.php?occid=57180
57181	ASU	NA	B.D. Ryan	26819	86.92	195.95	California	Madera	36.0666667	-119.7666667	outside_boundary_exact	California, Kings County	Hwy 41 S of Oakhurst, 26 km S of Coarsegold, ca. 40 km N of Fresno	https://lichenportal.org/portal/collections/individual/index.php?occid=57181
57182	ASU	ASUL001717	B.D. Ryan	26820	86.92	195.95	California	Madera	36.0666667	-119.7666667	outside_boundary_exact	California, Kings County	Hwy 41 S of Oakhurst, 26 km S of Coarsegold, ca. 40 km N of Fresno	https://lichenportal.org/portal/collections/individual/index.php?occid=57182
57183	ASU	ASUL002773	B.D. Ryan	26821	86.92	195.95	California	Madera	36.0666667	-119.7666667	outside_boundary_exact	California, Kings County	Hwy 41 S of Oakhurst, 26 km [16 mi] S of Coarsegold, ca. 40 km N of Fresno	https://lichenportal.org/portal/collections/individual/index.php?occid=57183
57185	ASU	NA	B.D. Ryan	26823	86.92	195.95	California	Madera	36.0666667	-119.7666667	outside_boundary_exact	California, Kings County	Hwy 41 S of Oakhurst, 26 km S of Coarsegold, ca. 40 km N of Fresno	https://lichenportal.org/portal/collections/individual/index.php?occid=57185
57186	ASU	NA	B.D. Ryan	26824	86.92	195.95	California	Madera	36.0666667	-119.7666667	outside_boundary_exact	California, Kings County	Hwy 41 S of Oakhurst, 26 km S of Coarsegold, ca. 40 km N of Fresno	https://lichenportal.org/portal/collections/individual/index.php?occid=57186
69908	ASU	NA	B.D. Ryan	26797-a	86.92	195.95	California	Madera	36.0666667	-119.7666667	outside_boundary_exact	California, Kings County	Hwy 41, 26 km S of Coarsegold	https://lichenportal.org/portal/collections/individual/index.php?occid=69908
96172	ASU	NA	B.D. Ryan	26810-b	86.92	195.95	California	Madera	36.0666667	-119.7666667	outside_boundary_exact	California, Kings County	Hwy 41, 26 km S of Coarsegold	https://lichenportal.org/portal/collections/individual/index.php?occid=96172
98019	ASU	NA	B.D. Ryan	27817	86.92	195.95	California	Madera	36.0666667	-119.7666667	outside_boundary_exact	California, Kings County	Hwy 41, 26 km S of Coarsegold	https://lichenportal.org/portal/collections/individual/index.php?occid=98019
102755	ASU	NA	B.D. Ryan	26813	86.92	195.95	California	Madera	36.0666667	-119.7666667	outside_boundary_exact	California, Kings County	Hwy 41, 26 km S of Coarsegold	https://lichenportal.org/portal/collections/individual/index.php?occid=102755
703630	ASU	ASUL002003	B.D. Ryan	26790	86.92	195.95	California	Madera	36.066666666667	-119.76666666667	outside_boundary_exact	California, Kings County	Hwy 41 S of Oakhurst, 26 km [16 mi] S of Coarsegold, ca. 40 km N of Fresno	https://lichenportal.org/portal/collections/individual/index.php?occid=703630
703632	ASU	ASUL013322	B.D. Ryan	26795	86.92	195.95	California	Madera	36.066666666667	-119.76666666667	outside_boundary_exact	California, Kings County	Hwy 41 S of Oakhurst, 26 km S of Coarsegold, ca. 40 km N of Fresno	https://lichenportal.org/portal/collections/individual/index.php?occid=703632
703633	ASU	ASUL013320	B.D. Ryan	26796	86.92	195.95	California	Madera	36.066666666667	-119.76666666667	outside_boundary_exact	California, Kings County	Hwy 41 S of Oakhurst, 26 km S of Coarsegold, ca. 40 km N of Fresno	https://lichenportal.org/portal/collections/individual/index.php?occid=703633
703634	ASU	ASUL013321	B.D. Ryan	26798	86.92	195.95	California	Madera	36.066666666667	-119.76666666667	outside_boundary_exact	California, Kings County	Hwy 41 S of Oakhurst, 26 km S of Coarsegold, ca. 40 km N of Fresno	https://lichenportal.org/portal/collections/individual/index.php?occid=703634
703635	ASU	NA	B.D. Ryan	26799	86.92	195.95	California	Madera	36.066666666667	-119.76666666667	outside_boundary_exact	California, Kings County	Hwy 41 S of Oakhurst, 26 km S of Coarsegold, ca. 40 km N of Fresno	https://lichenportal.org/portal/collections/individual/index.php?occid=703635
706972	ASU	ASUL015264	B.D. Ryan	26823	86.92	195.95	California	Madera	36.066666666667	-119.76666666667	outside_boundary_exact	California, Kings County	Hwy 41 S of Oakhurst, 26 km S of Coarsegold, ca. 40 km N of Fresno	https://lichenportal.org/portal/collections/individual/index.php?occid=706972
1070448	ASU	ASUL001716	Bruce D. Ryan	26779	86.92	195.95	California	Madera	36.066667	-119.766667	outside_boundary_exact	California, Kings County	Highway 41, 16 miles south of Coarsegold.	https://lichenportal.org/portal/collections/individual/index.php?occid=1070448
2695704	ASU	ASUL013353	B.D. Ryan	26791-b	86.92	195.95	California	Madera	36.0666667	-119.7666667	outside_boundary_exact	California, Kings County	Hwy 41 S of Oakhurst, 26 km S of Coarsegold, ca. 40 km N of Fresno	https://lichenportal.org/portal/collections/individual/index.php?occid=2695704
93090	ASU	NA	J.R. Shevock	12384	86.81	218.71	California	Tulare	35.0133333	-118	outside_boundary_exact	California, Kern County	along Pacific Crest Trail just N of the Kern-Tulare county line, Kern Plateau, BLM Wilderness area, T24S, R37E, S32	https://lichenportal.org/portal/collections/individual/index.php?occid=93090
102573	ASU	NA	J.R. Shevock	12382	86.81	218.71	California	Tulare	35.0133333	-118	outside_boundary_exact	California, Kern County	along Pacific Crest Trail just N of the Kern-Tulare county line, Kern Plateau, BLM Wilderness area, T24S, R37E, S32	https://lichenportal.org/portal/collections/individual/index.php?occid=102573
72422	ASU	ASUL030280	Clifford M. Wetmore	14675	83.79	244.85	California	Riverside	34.7833333	-116.7333333	outside_boundary_exact	California, San Bernardino County	San Bernardino National Forest; San Bernarndino National Forest at Fuller Mill Creek Campground in San Jacinto Mts	https://lichenportal.org/portal/collections/individual/index.php?occid=72422
57397	ASU	NA	B.D. Ryan	21962-a	82.02	144.21	California	Marin	37.0833333	-122.5833333	outside_boundary_exact	not_found_in_US	8 km SE of Stinson Beach	https://lichenportal.org/portal/collections/individual/index.php?occid=57397
57399	ASU	ASUL019357	B.D. Ryan	21965a	82.02	144.21	California	Marin	37.0833333	-122.5833333	outside_boundary_exact	not_found_in_US	8 km SE of Stinson Beach	https://lichenportal.org/portal/collections/individual/index.php?occid=57399
57400	ASU	NA	B.D. Ryan	21966	82.02	144.21	California	Marin	37.0833333	-122.5833333	outside_boundary_exact	not_found_in_US	8 km SE of Stinson Beach	https://lichenportal.org/portal/collections/individual/index.php?occid=57400
57401	ASU	NA	B.D. Ryan	21967	82.02	144.21	California	Marin	37.0833333	-122.5833333	outside_boundary_exact	not_found_in_US	8 km SE of Stinson Beach	https://lichenportal.org/portal/collections/individual/index.php?occid=57401
80284	ASU	NA	B.D. Ryan	21962-b	82.02	144.21	California	Marin	37.0833333	-122.5833333	outside_boundary_exact	not_found_in_US	8 km SE of Stinson Beach	https://lichenportal.org/portal/collections/individual/index.php?occid=80284
59691	ASU	NA	B.D. Ryan	22006	78.47	129.44	California	Marin	37.1666667	-122.95	outside_boundary_exact	not_found_in_US	N end of Pt. Reyes, 0.8 km E of Kehoe Beach	https://lichenportal.org/portal/collections/individual/index.php?occid=59691
60398	ASU	NA	B.D. Ryan	22009	78.47	129.44	California	Marin	37.1666667	-122.95	outside_boundary_exact	not_found_in_US	North End of Pt. Reyes, 0.8 km east of Kehoe Beach	https://lichenportal.org/portal/collections/individual/index.php?occid=60398
79122	ASU	NA	B.D. Ryan	22002	78.47	129.44	California	Marin	37.1666667	-122.95	outside_boundary_exact	not_found_in_US	N end of Pt. Reyes, 0.8 km E of Kehoe Beach	https://lichenportal.org/portal/collections/individual/index.php?occid=79122
80311	ASU	NA	B.D. Ryan	22017	78.47	129.44	California	Marin	37.1666667	-122.95	outside_boundary_exact	not_found_in_US	N end of Pt. Reyes, 0.8 km E of Kehoe Beach	https://lichenportal.org/portal/collections/individual/index.php?occid=80311
80313	ASU	NA	B.D. Ryan	22016	78.47	129.44	California	Marin	37.1666667	-122.95	outside_boundary_exact	not_found_in_US	N end of Pt. Reyes, 0.8 km E of Kehoe Beach	https://lichenportal.org/portal/collections/individual/index.php?occid=80313
83703	ASU	NA	B.D. Ryan	22010	78.47	129.44	California	Marin	37.1666667	-122.95	outside_boundary_exact	not_found_in_US	N end of Pt. Reyes, 0.8 km E of Kehoe Beach	https://lichenportal.org/portal/collections/individual/index.php?occid=83703
83945	ASU	NA	B.D. Ryan	22023	78.47	129.44	California	Marin	37.1666667	-122.95	outside_boundary_exact	not_found_in_US	N end of Pt. Reyes, 0.8 km E of Kehoe Beach	https://lichenportal.org/portal/collections/individual/index.php?occid=83945
85694	ASU	ASUL001063	B.D. Ryan	22011	78.47	129.44	California	Marin	37.1666667	-122.95	outside_boundary_exact	not_found_in_US	N end of Pt. Reyes, 0.8 km E of Kehoe Beach	https://lichenportal.org/portal/collections/individual/index.php?occid=85694
86400	ASU	NA	B.D. Ryan	22014	78.47	129.44	California	Marin	37.1666667	-122.95	outside_boundary_exact	not_found_in_US	North end of Pt. Reyes, 0.8 km east of Kehoe Beach	https://lichenportal.org/portal/collections/individual/index.php?occid=86400
88515	ASU	NA	B.D. Ryan	21999	78.47	129.44	California	Marin	37.1666667	-122.95	outside_boundary_exact	not_found_in_US	North end of Pt. Reyes, 0.8 km east of Kehoe Beach	https://lichenportal.org/portal/collections/individual/index.php?occid=88515
88516	ASU	NA	B.D. Ryan	22000	78.47	129.44	California	Marin	37.1666667	-122.95	outside_boundary_exact	not_found_in_US	North end of Pt. Reyes, 0.8 km east of Kehoe Beach	https://lichenportal.org/portal/collections/individual/index.php?occid=88516
88517	ASU	NA	B.D. Ryan	22001	78.47	129.44	California	Marin	37.1666667	-122.95	outside_boundary_exact	not_found_in_US	North end of Pt. Reyes, 0.8 km east of Kehoe Beach	https://lichenportal.org/portal/collections/individual/index.php?occid=88517
88518	ASU	NA	B.D. Ryan	21998	78.47	129.44	California	Marin	37.1666667	-122.95	outside_boundary_exact	not_found_in_US	North end of Pt. Reyes, 0.8 km east of Kehoe Beach	https://lichenportal.org/portal/collections/individual/index.php?occid=88518
88522	ASU	NA	B.D. Ryan	22025	78.47	129.44	California	Marin	37.1666667	-122.95	outside_boundary_exact	not_found_in_US	North end of Pt. Reyes, 0.8 km east of Kehoe Beach	https://lichenportal.org/portal/collections/individual/index.php?occid=88522
88708	ASU	NA	B.D. Ryan	22012	78.47	129.44	California	Marin	37.1666667	-122.95	outside_boundary_exact	not_found_in_US	N end of Pt. Reyes, 0.8 km E of Kehoe Beach	https://lichenportal.org/portal/collections/individual/index.php?occid=88708
89104	ASU	NA	B.D. Ryan	22018	78.47	129.44	California	Marin	37.1666667	-122.95	outside_boundary_exact	not_found_in_US	N end of Pt. Reyes, 0.8 km E of Kehoe Beach	https://lichenportal.org/portal/collections/individual/index.php?occid=89104
94250	ASU	NA	B.D. Ryan	22021	78.47	129.44	California	Marin	37.1666667	-122.95	outside_boundary_exact	not_found_in_US	North End of Pt. Reyes, 0.8 km east of Kehoe Beach	https://lichenportal.org/portal/collections/individual/index.php?occid=94250
94418	ASU	NA	B.D. Ryan	22019	78.47	129.44	California	Marin	37.1666667	-122.95	outside_boundary_exact	not_found_in_US	N end of Pt. Reyes, 0.8 km E of Kehoe Beach	https://lichenportal.org/portal/collections/individual/index.php?occid=94418
2687067	ASU	NA	B.D. Ryan	22008	78.47	129.44	California	Marin	37.1666667	-122.95	outside_boundary_exact	not_found_in_US	North End of Pt. Reyes, 0.8 km east of Kehoe Beach	https://lichenportal.org/portal/collections/individual/index.php?occid=2687067
2930712	ASU	ASUL020002	B.D. Ryan	22005	78.47	129.44	California	Marin	37.1666667	-122.95	outside_boundary_exact	not_found_in_US	North End of Pt. Reyes, 0.8 km east of Kehoe Beach	https://lichenportal.org/portal/collections/individual/index.php?occid=2930712
59659	ASU	NA	W. Crayton	1002	77.43	313.33	California	Santa Barbara	32.9166667	-118.4166667	outside_boundary_exact	not_found_in_US	Santa Barbara Island, N side of island	https://lichenportal.org/portal/collections/individual/index.php?occid=59659
77784	ASU	NA	W. Crayton	NA	77.43	313.33	California	Santa Barbara	32.9166667	-118.4166667	outside_boundary_exact	not_found_in_US	Santa Barbara Island, N side of island	https://lichenportal.org/portal/collections/individual/index.php?occid=77784
80798	ASU	ASUL014767	W. Crayton	NA	77.43	313.33	California	Santa Barbara	32.9166667	-118.4166667	outside_boundary_exact	not_found_in_US	Santa Barbara Island, N side of island	https://lichenportal.org/portal/collections/individual/index.php?occid=80798
119533	ASU	ASUL030099	W. Crayton	NA	77.43	313.33	California	Santa Barbara	32.9166667	-118.4166667	outside_boundary_exact	not_found_in_US	Santa Barbara Island, N side of island	https://lichenportal.org/portal/collections/individual/index.php?occid=119533
2642536	ASU	ASUL030428	W. Crayton	s.n.	77.43	313.33	California	Santa Barbara	32.9166667	-118.4166667	outside_boundary_exact	not_found_in_US	Santa Barbara Island, N side of island	https://lichenportal.org/portal/collections/individual/index.php?occid=2642536
66373	ASU	ASUL049269	B.T. Gittins	NA	73.73	251.68	California	Riverside	32.7666667	-116.65	outside_boundary_exact	California, San Diego County	Cleveland National Forest; Denker Canyon below the El Cariso Ranger Station	https://lichenportal.org/portal/collections/individual/index.php?occid=66373
52356	ASU	NA	T.H. Nash III	19587	70.27	192.18	California	San Luis Obispo	34.2833333	-120.4333333	outside_boundary_exact	not_found_in_US	16 km E of San Luis Obispo and 3 km ESE of Pozo	https://lichenportal.org/portal/collections/individual/index.php?occid=52356
52357	ASU	NA	T.H. Nash III	19588	70.27	192.18	California	San Luis Obispo	34.2833333	-120.4333333	outside_boundary_exact	not_found_in_US	16 km E of San Luis Obispo and 3 km ESE of Pozo	https://lichenportal.org/portal/collections/individual/index.php?occid=52357
52358	ASU	NA	T.H. Nash III	19589	70.27	192.18	California	San Luis Obispo	34.2833333	-120.4333333	outside_boundary_exact	not_found_in_US	16 km E of San Luis Obispo and 3 km ESE of Pozo	https://lichenportal.org/portal/collections/individual/index.php?occid=52358
52359	ASU	NA	T.H. Nash III	19590	70.27	192.18	California	San Luis Obispo	34.2833333	-120.4333333	outside_boundary_exact	not_found_in_US	16 km E of San Luis Obispo and 3 km ESE of Pozo	https://lichenportal.org/portal/collections/individual/index.php?occid=52359
79768	ASU	NA	L. Ross	235-b	70.27	192.18	California	San Luis Obispo	34.2833333	-120.4333333	outside_boundary_exact	not_found_in_US	16 km E of San Luis Obispo and 3 km ESE of Pozo	https://lichenportal.org/portal/collections/individual/index.php?occid=79768
103334	ASU	NA	L. Ross	240-b	70.27	192.18	California	San Luis Obispo	34.2833333	-120.4333333	outside_boundary_exact	not_found_in_US	16 km E of San Luis Obispo and 3 km ESE of Pozo	https://lichenportal.org/portal/collections/individual/index.php?occid=103334
123575	ASU	NA	L. Ross	213	70.27	192.18	California	San Luis Obispo	34.2833333	-120.4333333	outside_boundary_exact	not_found_in_US	16 km E of San Luis Obispo and 3 km ESE of Pozo	https://lichenportal.org/portal/collections/individual/index.php?occid=123575
123576	ASU	NA	L. Ross	214	70.27	192.18	California	San Luis Obispo	34.2833333	-120.4333333	outside_boundary_exact	not_found_in_US	16 km E of San Luis Obispo and 3 km ESE of Pozo	https://lichenportal.org/portal/collections/individual/index.php?occid=123576
123577	ASU	NA	L. Ross	215	70.27	192.18	California	San Luis Obispo	34.2833333	-120.4333333	outside_boundary_exact	not_found_in_US	16 km E of San Luis Obispo and 3 km ESE of Pozo	https://lichenportal.org/portal/collections/individual/index.php?occid=123577
123578	ASU	NA	L. Ross	216	70.27	192.18	California	San Luis Obispo	34.2833333	-120.4333333	outside_boundary_exact	not_found_in_US	16 km E of San Luis Obispo and 3 km ESE of Pozo	https://lichenportal.org/portal/collections/individual/index.php?occid=123578
123579	ASU	NA	L. Ross	217	70.27	192.18	California	San Luis Obispo	34.2833333	-120.4333333	outside_boundary_exact	not_found_in_US	16 km E of San Luis Obispo and 3 km ESE of Pozo	https://lichenportal.org/portal/collections/individual/index.php?occid=123579
123580	ASU	NA	L. Ross	218	70.27	192.18	California	San Luis Obispo	34.2833333	-120.4333333	outside_boundary_exact	not_found_in_US	16 km E of San Luis Obispo and 3 km ESE of Pozo	https://lichenportal.org/portal/collections/individual/index.php?occid=123580
123581	ASU	ASUL030412	L. Ross	219	70.27	192.18	California	San Luis Obispo	34.2833333	-120.4333333	outside_boundary_exact	not_found_in_US	16 km E of San Luis Obispo and 3 km ESE of Pozo	https://lichenportal.org/portal/collections/individual/index.php?occid=123581
123582	ASU	ASUL031944	L. Ross	220	70.27	192.18	California	San Luis Obispo	34.2833333	-120.4333333	outside_boundary_exact	not_found_in_US	16 km E of San Luis Obispo and 3 km ESE of Pozo	https://lichenportal.org/portal/collections/individual/index.php?occid=123582
123584	ASU	NA	L. Ross	221	70.27	192.18	California	San Luis Obispo	34.2833333	-120.4333333	outside_boundary_exact	not_found_in_US	16 km E of San Luis Obispo and 3 km ESE of Pozo	https://lichenportal.org/portal/collections/individual/index.php?occid=123584
123585	ASU	NA	L. Ross	222	70.27	192.18	California	San Luis Obispo	34.2833333	-120.4333333	outside_boundary_exact	not_found_in_US	16 km E of San Luis Obispo and 3 km ESE of Pozo	https://lichenportal.org/portal/collections/individual/index.php?occid=123585
123586	ASU	NA	L. Ross	223	70.27	192.18	California	San Luis Obispo	34.2833333	-120.4333333	outside_boundary_exact	not_found_in_US	16 km E of San Luis Obispo and 3 km ESE of Pozo	https://lichenportal.org/portal/collections/individual/index.php?occid=123586
123587	ASU	ASUL001036	L. Ross	224	70.27	192.18	California	San Luis Obispo	34.2833333	-120.4333333	outside_boundary_exact	not_found_in_US	16 km E of San Luis Obispo and 3 km ESE of Pozo	https://lichenportal.org/portal/collections/individual/index.php?occid=123587
123588	ASU	NA	L. Ross	225	70.27	192.18	California	San Luis Obispo	34.2833333	-120.4333333	outside_boundary_exact	not_found_in_US	16 km E of San Luis Obispo and 3 km ESE of Pozo	https://lichenportal.org/portal/collections/individual/index.php?occid=123588
123589	ASU	ASUL030387	L. Ross	226	70.27	192.18	California	San Luis Obispo	34.2833333	-120.4333333	outside_boundary_exact	not_found_in_US	16 km E of San Luis Obispo and 3 km ESE of Pozo	https://lichenportal.org/portal/collections/individual/index.php?occid=123589
123590	ASU	NA	L. Ross	227	70.27	192.18	California	San Luis Obispo	34.2833333	-120.4333333	outside_boundary_exact	not_found_in_US	16 km E of San Luis Obispo and 3 km ESE of Pozo	https://lichenportal.org/portal/collections/individual/index.php?occid=123590
123591	ASU	NA	L. Ross	228	70.27	192.18	California	San Luis Obispo	34.2833333	-120.4333333	outside_boundary_exact	not_found_in_US	16 km E of San Luis Obispo and 3 km ESE of Pozo	https://lichenportal.org/portal/collections/individual/index.php?occid=123591
123592	ASU	NA	L. Ross	229	70.27	192.18	California	San Luis Obispo	34.2833333	-120.4333333	outside_boundary_exact	not_found_in_US	16 km E of San Luis Obispo and 3 km ESE of Pozo	https://lichenportal.org/portal/collections/individual/index.php?occid=123592
123593	ASU	NA	L. Ross	230	70.27	192.18	California	San Luis Obispo	34.2833333	-120.4333333	outside_boundary_exact	not_found_in_US	16 km E of San Luis Obispo and 3 km ESE of Pozo	https://lichenportal.org/portal/collections/individual/index.php?occid=123593
123595	ASU	NA	L. Ross	231	70.27	192.18	California	San Luis Obispo	34.2833333	-120.4333333	outside_boundary_exact	not_found_in_US	16 km E of San Luis Obispo and 3 km ESE of Pozo	https://lichenportal.org/portal/collections/individual/index.php?occid=123595
123596	ASU	ASUL007356	L. Ross	232	70.27	192.18	California	San Luis Obispo	34.2833333	-120.4333333	outside_boundary_exact	not_found_in_US	16 km E of San Luis Obispo and 3 km ESE of Pozo	https://lichenportal.org/portal/collections/individual/index.php?occid=123596
123597	ASU	ASUL030445	L. Ross	233	70.27	192.18	California	San Luis Obispo	34.2833333	-120.4333333	outside_boundary_exact	not_found_in_US	16 km E of San Luis Obispo and 3 km ESE of Pozo	https://lichenportal.org/portal/collections/individual/index.php?occid=123597
123598	ASU	NA	L. Ross	234	70.27	192.18	California	San Luis Obispo	34.2833333	-120.4333333	outside_boundary_exact	not_found_in_US	16 km E of San Luis Obispo and 3 km ESE of Pozo	https://lichenportal.org/portal/collections/individual/index.php?occid=123598
123599	ASU	NA	L. Ross	235-a	70.27	192.18	California	San Luis Obispo	34.2833333	-120.4333333	outside_boundary_exact	not_found_in_US	16 km E of San Luis Obispo and 3 km ESE of Pozo	https://lichenportal.org/portal/collections/individual/index.php?occid=123599
123600	ASU	ASUL031943	L. Ross	236 A	70.27	192.18	California	San Luis Obispo	34.2833333	-120.4333333	outside_boundary_exact	not_found_in_US	16 km E of San Luis Obispo and 3 km ESE of Pozo	https://lichenportal.org/portal/collections/individual/index.php?occid=123600
123601	ASU	NA	L. Ross	237	70.27	192.18	California	San Luis Obispo	34.2833333	-120.4333333	outside_boundary_exact	not_found_in_US	16 km E of San Luis Obispo and 3 km ESE of Pozo	https://lichenportal.org/portal/collections/individual/index.php?occid=123601
123602	ASU	NA	L. Ross	238	70.27	192.18	California	San Luis Obispo	34.2833333	-120.4333333	outside_boundary_exact	not_found_in_US	16 km E of San Luis Obispo and 3 km ESE of Pozo	https://lichenportal.org/portal/collections/individual/index.php?occid=123602
123603	ASU	ASUL001049	L. Ross	239	70.27	192.18	California	San Luis Obispo	34.2833333	-120.4333333	outside_boundary_exact	not_found_in_US	16 km E of San Luis Obispo and 3 km ESE of Pozo	https://lichenportal.org/portal/collections/individual/index.php?occid=123603
123604	ASU	NA	L. Ross	240-a	70.27	192.18	California	San Luis Obispo	34.2833333	-120.4333333	outside_boundary_exact	not_found_in_US	16 km E of San Luis Obispo and 3 km ESE of Pozo	https://lichenportal.org/portal/collections/individual/index.php?occid=123604
123606	ASU	NA	L. Ross	241	70.27	192.18	California	San Luis Obispo	34.2833333	-120.4333333	outside_boundary_exact	not_found_in_US	16 km E of San Luis Obispo and 3 km ESE of Pozo	https://lichenportal.org/portal/collections/individual/index.php?occid=123606
5611321	ASU	ASUL048298	L. Ross	236 B	70.27	192.18	California	San Luis Obispo	34.2833333	-120.4333333	outside_boundary_exact	not_found_in_US	16 km E of San Luis Obispo and 3 km ESE of Pozo	https://lichenportal.org/portal/collections/individual/index.php?occid=5611321
70000	ASU	NA	M. Neel	SG-155	64.73	195.52	California	Los Angeles	34	-117	outside_boundary_exact	California, Riverside County	San Gabriel Wilderness, Lower Highway 2, Waterman Mountain Quad. T2N R11W Section 1	https://lichenportal.org/portal/collections/individual/index.php?occid=70000
78648	ASU	NA	M. Neel	SG-151	64.73	195.52	California	Los Angeles	34	-117	outside_boundary_exact	California, Riverside County	San Gabriel Wilderness, Lower Highway 2, Waterman Mountain Quad. T2N R11W Section 1	https://lichenportal.org/portal/collections/individual/index.php?occid=78648
78649	ASU	NA	M. Neel	SG-153	64.73	195.52	California	Los Angeles	34	-117	outside_boundary_exact	California, Riverside County	San Gabriel Wilderness, Lower Highway 2, Waterman Mountain Quad. T2N R11W Section 1	https://lichenportal.org/portal/collections/individual/index.php?occid=78649
78652	ASU	NA	M. Neel	SG-142	64.73	195.52	California	Los Angeles	34	-117	outside_boundary_exact	California, Riverside County	San Gabriel Wilderness, Lower highway 2, Waterman Mountain Quad. T2N R11W Sec.1	https://lichenportal.org/portal/collections/individual/index.php?occid=78652
84631	ASU	NA	M. Neel	SG-150	64.73	195.52	California	Los Angeles	34	-117	outside_boundary_exact	California, Riverside County	San Gabriel Wilderness, Lower highway 2, Waterman Mountain Quad. T2N R11W Sec.1	https://lichenportal.org/portal/collections/individual/index.php?occid=84631
86917	ASU	NA	M. Neel	SG-140	64.73	195.52	California	Los Angeles	34	-117	outside_boundary_exact	California, Riverside County	San Gabriel Wilderness, Lower highway 2, Waterman Mountain Quad. T2N R11W Sec.1	https://lichenportal.org/portal/collections/individual/index.php?occid=86917
87426	ASU	NA	M. Neel	SG-149	64.73	195.52	California	Los Angeles	34	-117	outside_boundary_exact	California, Riverside County	San Gabriel Wilderness, Lower Highway 2, Waterman Mountain Quad. T2N R11W Section 1	https://lichenportal.org/portal/collections/individual/index.php?occid=87426
88005	ASU	NA	M. Neel	SG-137	64.73	195.52	California	Los Angeles	34	-117	outside_boundary_exact	California, Riverside County	San Gabriel Wilderness, Lower Highway 2, Waterman Mountain Quad. T2N R11W Section 1	https://lichenportal.org/portal/collections/individual/index.php?occid=88005
88341	ASU	NA	M. Neel	SG-147	64.73	195.52	California	Los Angeles	34	-117	outside_boundary_exact	California, Riverside County	San Gabriel Wilderness, Lower highway 2, Waterman Mountain Quad. T2N R11W Sec.1	https://lichenportal.org/portal/collections/individual/index.php?occid=88341
95257	ASU	NA	M. Neal	SG-141	64.73	195.52	California	Los Angeles	34	-117	outside_boundary_exact	California, Riverside County	San Gabriel Wilderness, Lower highway 2, Waterman Mountain Quad. T2N R11W Sec.1	https://lichenportal.org/portal/collections/individual/index.php?occid=95257
97976	ASU	NA	M. Neel	SG-152	64.73	195.52	California	Los Angeles	34	-117	outside_boundary_exact	California, Riverside County	San Gabriel Wilderness, Lower highway 2, Waterman Mountain Quad. T2N R11W Sec.1	https://lichenportal.org/portal/collections/individual/index.php?occid=97976
97979	ASU	NA	M. Neel	SG-148	64.73	195.52	California	Los Angeles	34	-117	outside_boundary_exact	California, Riverside County	San Gabriel Wilderness, Lower Highway 2, Waterman Mountain Quad. T2N R11W Section 1	https://lichenportal.org/portal/collections/individual/index.php?occid=97979
94524	ASU	NA	B.D. Ryan	14787	64.35	128.61	California	Alpine	38.0125	-119.0163889	outside_boundary_exact	California, Mono County	SE of Hope Valley W of Monitor Pass	https://lichenportal.org/portal/collections/individual/index.php?occid=94524
62478	ASU	ASUL049449	J. Marsh	6656	61.62	286.99	California	Santa Barbara	33.3333333	-118.3166667	outside_boundary_exact	California, Los Angeles County	Santa Rosa Island, Beecher's Bay	https://lichenportal.org/portal/collections/individual/index.php?occid=62478
62479	ASU	NA	J. Marsh	6657	61.62	286.99	California	Santa Barbara	33.3333333	-118.3166667	outside_boundary_exact	California, Los Angeles County	Santa Rosa Island, Beechers Bay	https://lichenportal.org/portal/collections/individual/index.php?occid=62479
62480	ASU	NA	J. Marsh	6658	61.62	286.99	California	Santa Barbara	33.3333333	-118.3166667	outside_boundary_exact	California, Los Angeles County	Santa Rosa Island, Beechers Bay	https://lichenportal.org/portal/collections/individual/index.php?occid=62480
62481	ASU	NA	J. Marsh	6659	61.62	286.99	California	Santa Barbara	33.3333333	-118.3166667	outside_boundary_exact	California, Los Angeles County	Santa Rosa Island, Beechers Bay	https://lichenportal.org/portal/collections/individual/index.php?occid=62481
62482	ASU	NA	J. Marsh	6660	61.62	286.99	California	Santa Barbara	33.3333333	-118.3166667	outside_boundary_exact	California, Los Angeles County	Santa Rosa Island, Beechers Bay	https://lichenportal.org/portal/collections/individual/index.php?occid=62482
62483	ASU	NA	J. Marsh	6661	61.62	286.99	California	Santa Barbara	33.3333333	-118.3166667	outside_boundary_exact	California, Los Angeles County	Santa Rosa Island, Beechers Bay	https://lichenportal.org/portal/collections/individual/index.php?occid=62483
62484	ASU	ASUL009291	J. Marsh	6662	61.62	286.99	California	Santa Barbara	33.3333333	-118.3166667	outside_boundary_exact	California, Los Angeles County	Santa Rosa Island, Beecher's Bay	https://lichenportal.org/portal/collections/individual/index.php?occid=62484
103870	ASU	NA	K. Knudsen	2477	57.37	290.32	California	Riverside	32.9180556	-117.25	outside_boundary_exact	California, San Diego County	South Coast: Torrey Pines State Park	https://lichenportal.org/portal/collections/individual/index.php?occid=103870
103873	ASU	NA	K. Knudsen	2552	56.85	291.05	California	Riverside	32.9230556	-117.2619444	outside_boundary_exact	not_found_in_US	South Coast: Torrey Pines State Park, Del Mar	https://lichenportal.org/portal/collections/individual/index.php?occid=103873
104720	ASU	ASUL019196	K. Knudsen	7768	55.9	265.42	California	Santa Barbara	35.6136111	-120.1091667	outside_boundary_exact	California, San Luis Obispo County	Santa Rosa Island: Soledad Grove: southeast of Main Road.	https://lichenportal.org/portal/collections/individual/index.php?occid=104720
57092	ASU	NA	B.D. Ryan	24731	42.16	174.2	California	Madera	37.3833333	-118.6166667	outside_boundary_exact	California, Inyo County	Hwy 41, 31 km NW of Coarsegold (70 km S of Coulterville and Hwy 132)	https://lichenportal.org/portal/collections/individual/index.php?occid=57092
57093	ASU	ASUL013377	B.D. Ryan	24732	42.16	174.2	California	Madera	37.3833333	-118.6166667	outside_boundary_exact	California, Inyo County	Hwy 41, 31 km NW of Coarsegold (70 km S of Coulterville and Hwy 132)	https://lichenportal.org/portal/collections/individual/index.php?occid=57093
57094	ASU	NA	B.D. Ryan	24733	42.16	174.2	California	Madera	37.3833333	-118.6166667	outside_boundary_exact	California, Inyo County	Hwy 41, 31 km NW of Coarsegold (70 km S of Coulterville and Hwy 132)	https://lichenportal.org/portal/collections/individual/index.php?occid=57094
57095	ASU	NA	B.D. Ryan	24734	42.16	174.2	California	Madera	37.3833333	-118.6166667	outside_boundary_exact	California, Inyo County	Hwy 41, 31 km NW of Coarsegold (70 km S of Coulterville and Hwy 132)	https://lichenportal.org/portal/collections/individual/index.php?occid=57095
57096	ASU	ASUL001720	B.D. Ryan	24735	42.16	174.2	California	Madera	37.3833333	-118.6166667	outside_boundary_exact	California, Inyo County	Hwy 41, 31 km NW of Coarsegold (70 km S of Coulterville and Hwy 132)	https://lichenportal.org/portal/collections/individual/index.php?occid=57096
57097	ASU	NA	B.D. Ryan	24736	42.16	174.2	California	Madera	37.3833333	-118.6166667	outside_boundary_exact	California, Inyo County	Hwy 41, 31 km NW of Coarsegold (70 km S of Coulterville and Hwy 132)	https://lichenportal.org/portal/collections/individual/index.php?occid=57097
57098	ASU	NA	B.D. Ryan	24737	42.16	174.2	California	Madera	37.3833333	-118.6166667	outside_boundary_exact	California, Inyo County	Hwy 41, 31 km NW of Coarsegold (70 km S of Coulterville and Hwy 132)	https://lichenportal.org/portal/collections/individual/index.php?occid=57098
57099	ASU	NA	B.D. Ryan	24738	42.16	174.2	California	Madera	37.3833333	-118.6166667	outside_boundary_exact	California, Inyo County	Hwy 41, 31 km NW of Coarsegold (70 km S of Coulterville and Hwy 132)	https://lichenportal.org/portal/collections/individual/index.php?occid=57099
57100	ASU	ASUL013330	B.D. Ryan	24739	42.16	174.2	California	Madera	37.3833333	-118.6166667	outside_boundary_exact	California, Inyo County	Hwy 41, 31 km NW of Coarsegold (70 km S of Coulterville and Hwy 132)	https://lichenportal.org/portal/collections/individual/index.php?occid=57100
57101	ASU	NA	B.D. Ryan	24741-a	42.16	174.2	California	Madera	37.3833333	-118.6166667	outside_boundary_exact	California, Inyo County	Hwy 41, 31 km NW of Coarsegold (70 km S of Coulterville and Hwy 132)	https://lichenportal.org/portal/collections/individual/index.php?occid=57101
57102	ASU	ASUL032623	B.D. Ryan	24742	42.16	174.2	California	Madera	37.3833333	-118.6166667	outside_boundary_exact	California, Inyo County	Hwy 41, 31 km NW of Coarsegold (70 km S of Coulterville and Hwy 132)	https://lichenportal.org/portal/collections/individual/index.php?occid=57102
57103	ASU	NA	B.D. Ryan	24743	42.16	174.2	California	Madera	37.3833333	-118.6166667	outside_boundary_exact	California, Inyo County	Hwy 41, 31 km NW of Coarsegold (70 km S of Coulterville and Hwy 132)	https://lichenportal.org/portal/collections/individual/index.php?occid=57103
57104	ASU	NA	B.D. Ryan	24744	42.16	174.2	California	Madera	37.3833333	-118.6166667	outside_boundary_exact	California, Inyo County	Hwy 41, 31 km NW of Coarsegold	https://lichenportal.org/portal/collections/individual/index.php?occid=57104
57105	ASU	NA	B.D. Ryan	24745	42.16	174.2	California	Madera	37.3833333	-118.6166667	outside_boundary_exact	California, Inyo County	Hwy 41, 31 km NW of Coarsegold (70 km S of Coulterville and Hwy 132)	https://lichenportal.org/portal/collections/individual/index.php?occid=57105
57106	ASU	NA	B.D. Ryan	24746	42.16	174.2	California	Madera	37.3833333	-118.6166667	outside_boundary_exact	California, Inyo County	Hwy 41, 31 km NW of Coarsegold (70 km S of Coulterville and Hwy 132)	https://lichenportal.org/portal/collections/individual/index.php?occid=57106
57107	ASU	NA	B.D. Ryan	24747	42.16	174.2	California	Madera	37.3833333	-118.6166667	outside_boundary_exact	California, Inyo County	Hwy 41, 31 km NW of Coarsegold (70 km S of Coulterville and Hwy 132)	https://lichenportal.org/portal/collections/individual/index.php?occid=57107
57108	ASU	NA	B.D. Ryan	24748	42.16	174.2	California	Madera	37.3833333	-118.6166667	outside_boundary_exact	California, Inyo County	Hwy 41, 31 km NW of Coarsegold (70 km S of Coulterville and Hwy 132)	https://lichenportal.org/portal/collections/individual/index.php?occid=57108
57109	ASU	NA	B.D. Ryan	24750	42.16	174.2	California	Madera	37.3833333	-118.6166667	outside_boundary_exact	California, Inyo County	Hwy 41, 31 km NW of Coarsegold	https://lichenportal.org/portal/collections/individual/index.php?occid=57109
57110	ASU	NA	B.D. Ryan	24751	42.16	174.2	California	Madera	37.3833333	-118.6166667	outside_boundary_exact	California, Inyo County	Hwy 41, 31 km NW of Coarsegold (70 km S of Coulterville and Hwy 132)	https://lichenportal.org/portal/collections/individual/index.php?occid=57110
57111	ASU	NA	B.D. Ryan	24752	42.16	174.2	California	Madera	37.3833333	-118.6166667	outside_boundary_exact	California, Inyo County	Hwy 41, 31 km NW of Coarsegold (70 km S of Coulterville and Hwy 132)	https://lichenportal.org/portal/collections/individual/index.php?occid=57111
57112	ASU	NA	B.D. Ryan	24753	42.16	174.2	California	Madera	37.3833333	-118.6166667	outside_boundary_exact	California, Inyo County	Hwy 41, 31 km NW of Coarsegold (70 km S of Coulterville and Hwy 132)	https://lichenportal.org/portal/collections/individual/index.php?occid=57112
57113	ASU	NA	B.D. Ryan	24754	42.16	174.2	California	Madera	37.3833333	-118.6166667	outside_boundary_exact	California, Inyo County	Hwy 41, 31 km NW of Coarsegold	https://lichenportal.org/portal/collections/individual/index.php?occid=57113
57114	ASU	ASUL047750	B.D. Ryan	24755	42.16	174.2	California	Madera	37.3833333	-118.6166667	outside_boundary_exact	California, Inyo County	Hwy 41, 31 km NW of Coarsegold (70 km S of Coulterville and Hwy 132)	https://lichenportal.org/portal/collections/individual/index.php?occid=57114
57171	ASU	NA	B.D. Ryan	26804	42.16	174.2	California	Madera	37.3833333	-118.6166667	outside_boundary_exact	California, Inyo County	Hwy 41, 31 km NW of Coarsegold	https://lichenportal.org/portal/collections/individual/index.php?occid=57171
74674	ASU	NA	B.D. Ryan	24749	42.16	174.2	California	Madera	37.3833333	-118.6166667	outside_boundary_exact	California, Inyo County	Hwy 41, 31 km NW of Coarsegold	https://lichenportal.org/portal/collections/individual/index.php?occid=74674
78059	ASU	NA	B.D. Ryan	24741-b	42.16	174.2	California	Madera	37.3833333	-118.6166667	outside_boundary_exact	California, Inyo County	Hwy 41, 31 km NW of Coarsegold (70 km S of Coulterville and Hwy 132)	https://lichenportal.org/portal/collections/individual/index.php?occid=78059
95508	ASU	NA	B.D. Ryan	24737	42.16	174.2	California	Madera	37.3833333	-118.6166667	outside_boundary_exact	California, Inyo County	Hwy 41, 31 km NW of Coarsegold	https://lichenportal.org/portal/collections/individual/index.php?occid=95508
1100235	ASU	NA	Bruce D. Ryan	24738	42.16	174.2	California	Madera	37.383333	-118.616667	outside_boundary_exact	California, Inyo County	Highway 41, 19 miles northwest of Coarsegold.	https://lichenportal.org/portal/collections/individual/index.php?occid=1100235
57115	ASU	NA	B.D. Ryan	24757	38.89	97.22	California	Madera	37.6166667	-120.1333333	outside_boundary_exact	California, Mariposa County	E side of Hwy 49, 15 km S of Coulterville, ca. 1.6 km N of Merced River, between Mariposa and Sonora	https://lichenportal.org/portal/collections/individual/index.php?occid=57115
57116	ASU	NA	B.D. Ryan	24758- b	38.89	97.22	California	Madera	37.6166667	-120.1333333	outside_boundary_exact	California, Mariposa County	E side of Hwy 49, 15 km S of Coulterville, ca. 1.6 km N of Merced River, between Mariposa and Sonora	https://lichenportal.org/portal/collections/individual/index.php?occid=57116
57117	ASU	NA	B.D. Ryan	24759	38.89	97.22	California	Madera	37.6166667	-120.1333333	outside_boundary_exact	California, Mariposa County	E side of Hwy 49, 15 km S of Coulterville, ca. 1.6 km N of Merced River, between Mariposa and Sonora	https://lichenportal.org/portal/collections/individual/index.php?occid=57117
57118	ASU	NA	B.D. Ryan	24760-b	38.89	97.22	California	Madera	37.6166667	-120.1333333	outside_boundary_exact	California, Mariposa County	E side of Hwy 49, 15 km S of Coulterville, ca. 1.6 km N of Merced River, between Mariposa and Sonora	https://lichenportal.org/portal/collections/individual/index.php?occid=57118
57119	ASU	NA	B.D. Ryan	24761	38.89	97.22	California	Madera	37.6166667	-120.1333333	outside_boundary_exact	California, Mariposa County	E side of Hwy 49, 15 km S of Coulterville, ca. 1.6 km N of Merced River, between Mariposa and Sonora	https://lichenportal.org/portal/collections/individual/index.php?occid=57119
57120	ASU	NA	B.D. Ryan	24762	38.89	97.22	California	Madera	37.6166667	-120.1333333	outside_boundary_exact	California, Mariposa County	E side of Hwy 49, 15 km S of Coulterville, ca. 1.6 km N of Merced River, between Mariposa and Sonora	https://lichenportal.org/portal/collections/individual/index.php?occid=57120
57121	ASU	NA	B.D. Ryan	24763	38.89	97.22	California	Madera	37.6166667	-120.1333333	outside_boundary_exact	California, Mariposa County	E side of Hwy 49, 15 km S of Coulterville, ca. 1.6 km N of Merced River, between Mariposa and Sonora	https://lichenportal.org/portal/collections/individual/index.php?occid=57121
57122	ASU	NA	B.D. Ryan	24764	38.89	97.22	California	Madera	37.6166667	-120.1333333	outside_boundary_exact	California, Mariposa County	E side of Hwy 49, 15 km S of Coulterville, ca. 1.6 km N of Merced River, between Mariposa and Sonora	https://lichenportal.org/portal/collections/individual/index.php?occid=57122
57123	ASU	NA	B.D. Ryan	24766	38.89	97.22	California	Madera	37.6166667	-120.1333333	outside_boundary_exact	California, Mariposa County	E side of Hwy 49, 15 km S of Coulterville, ca. 1.6 km N of Merced River, between Mariposa and Sonora	https://lichenportal.org/portal/collections/individual/index.php?occid=57123
57124	ASU	NA	B.D. Ryan	24767	38.89	97.22	California	Madera	37.6166667	-120.1333333	outside_boundary_exact	California, Mariposa County	E side of Hwy 49, 15 km S of Coulterville, ca. 1.6 km N of Merced River, between Mariposa and Sonora	https://lichenportal.org/portal/collections/individual/index.php?occid=57124
57125	ASU	NA	B.D. Ryan	24768	38.89	97.22	California	Madera	37.6166667	-120.1333333	outside_boundary_exact	California, Mariposa County	E side of Hwy 49, 15 km S of Coulterville, ca. 1.6 km N of Merced River, between Mariposa and Sonora	https://lichenportal.org/portal/collections/individual/index.php?occid=57125
57126	ASU	NA	B.D. Ryan	24770	38.89	97.22	California	Madera	37.6166667	-120.1333333	outside_boundary_exact	California, Mariposa County	E side of Hwy 49, 15 km S of Coulterville, ca. 1.6 km N of Merced River, between Mariposa and Sonora	https://lichenportal.org/portal/collections/individual/index.php?occid=57126
57127	ASU	NA	B.D. Ryan	24771	38.89	97.22	California	Madera	37.6166667	-120.1333333	outside_boundary_exact	California, Mariposa County	E side of Hwy 49, 15 km S of Coulterville, ca. 1.6 km N of Merced River, between Mariposa and Sonora	https://lichenportal.org/portal/collections/individual/index.php?occid=57127
57128	ASU	NA	B.D. Ryan	24772	38.89	97.22	California	Madera	37.6166667	-120.1333333	outside_boundary_exact	California, Mariposa County	E side of Hwy 49, 15 km S of Coulterville, ca. 1.6 km N of Merced River, between Mariposa and Sonora	https://lichenportal.org/portal/collections/individual/index.php?occid=57128
57129	ASU	NA	B.D. Ryan	24773	38.89	97.22	California	Madera	37.6166667	-120.1333333	outside_boundary_exact	California, Mariposa County	E side of Hwy 49, 15 km S of Coulterville, ca. 1.6 km N of Merced River	https://lichenportal.org/portal/collections/individual/index.php?occid=57129
57130	ASU	NA	B.D. Ryan	24774	38.89	97.22	California	Madera	37.6166667	-120.1333333	outside_boundary_exact	California, Mariposa County	E side of Hwy 49, 15 km S of Coulterville, ca. 1.6 km N of Merced River, between Mariposa and Sonora	https://lichenportal.org/portal/collections/individual/index.php?occid=57130
57131	ASU	ASUL008163	B.D. Ryan	24775	38.89	97.22	California	Madera	37.6166667	-120.1333333	outside_boundary_exact	California, Mariposa County	E side of Hwy 49, 15 km S of Coulterville, ca. 1.6 km N of Merced River, between Mariposa and Sonora	https://lichenportal.org/portal/collections/individual/index.php?occid=57131
57132	ASU	NA	B.D. Ryan	24776	38.89	97.22	California	Madera	37.6166667	-120.1333333	outside_boundary_exact	California, Mariposa County	E side of Hwy 49, 15 km S of Coulterville, ca. 1.6 km N of Merced River, between Mariposa and Sonora	https://lichenportal.org/portal/collections/individual/index.php?occid=57132
57133	ASU	NA	B.D. Ryan	24777	38.89	97.22	California	Madera	37.6166667	-120.1333333	outside_boundary_exact	California, Mariposa County	E side of Hwy 49, 15 km S of Coulterville, ca. 1.6 km N of Merced River, between Mariposa and Sonora	https://lichenportal.org/portal/collections/individual/index.php?occid=57133
57134	ASU	ASUL024031	B.D. Ryan	24778	38.89	97.22	California	Madera	37.6166667	-120.1333333	outside_boundary_exact	California, Mariposa County	E side of Hwy 49, 15 km S of Coulterville, ca. 1.6 km N of Merced River, between Mariposa and Sonora	https://lichenportal.org/portal/collections/individual/index.php?occid=57134
57135	ASU	NA	B.D. Ryan	24779	38.89	97.22	California	Madera	37.6166667	-120.1333333	outside_boundary_exact	California, Mariposa County	E side of Hwy 49, 15 km S of Coulterville, ca. 1.6 km N of Merced River, between Mariposa and Sonora	https://lichenportal.org/portal/collections/individual/index.php?occid=57135
57136	ASU	NA	B.D. Ryan	24780	38.89	97.22	California	Madera	37.6166667	-120.1333333	outside_boundary_exact	California, Mariposa County	E side of Hwy 49, 15 km S of Coulterville, ca. 1.6 km N of Merced River, between Mariposa and Sonora	https://lichenportal.org/portal/collections/individual/index.php?occid=57136
57137	ASU	ASUL011644	B.D. Ryan	24783	38.89	97.22	California	Madera	37.6166667	-120.1333333	outside_boundary_exact	California, Mariposa County	E side of Hwy 49, 15 km S of Coulterville, ca. 1.6 km N of Merced River, between Mariposa and Sonora	https://lichenportal.org/portal/collections/individual/index.php?occid=57137
57138	ASU	NA	B.D. Ryan	24784	38.89	97.22	California	Madera	37.6166667	-120.1333333	outside_boundary_exact	California, Mariposa County	E side of Hwy 49, 15 km S of Coulterville, ca. 1.6 km N of Merced River, between Mariposa and Sonora	https://lichenportal.org/portal/collections/individual/index.php?occid=57138
57139	ASU	ASUL050670	B.D. Ryan	24785	38.89	97.22	California	Madera	37.6166667	-120.1333333	outside_boundary_exact	California, Mariposa County	E side of Hwy 49, 15 km [9.6 mi] S of Coulterville, ca. 1.6 km [1mi] N of Merced River	https://lichenportal.org/portal/collections/individual/index.php?occid=57139
57140	ASU	NA	B.D. Ryan	24787	38.89	97.22	California	Madera	37.6166667	-120.1333333	outside_boundary_exact	California, Mariposa County	E side of Hwy 49, 15 km S of Coulterville, ca. 1.6 km N of Merced River, between Mariposa and Sonora	https://lichenportal.org/portal/collections/individual/index.php?occid=57140
57141	ASU	NA	B.D. Ryan	24788	38.89	97.22	California	Madera	37.6166667	-120.1333333	outside_boundary_exact	California, Mariposa County	E side of Hwy 49, 15 km S of Coulterville, ca. 1.6 km N of Merced River, between Mariposa and Sonora	https://lichenportal.org/portal/collections/individual/index.php?occid=57141
57142	ASU	NA	B.D. Ryan	24792	38.89	97.22	California	Madera	37.6166667	-120.1333333	outside_boundary_exact	California, Mariposa County	E side of Hwy 49, 15 km S of Coulterville, ca. 1.6 km N of Merced River, between Mariposa and Sonora	https://lichenportal.org/portal/collections/individual/index.php?occid=57142
57143	ASU	NA	B.D. Ryan	24793	38.89	97.22	California	Madera	37.6166667	-120.1333333	outside_boundary_exact	California, Mariposa County	E side of Hwy 49, 15 km S of Coulterville, ca. 1.6 km N of Merced River, between Mariposa and Sonora	https://lichenportal.org/portal/collections/individual/index.php?occid=57143
86247	ASU	NA	B.D. Ryan	24679	38.89	97.22	California	Madera	37.6166667	-120.1333333	outside_boundary_exact	California, Mariposa County	E side of Hwy 49, 15 km S of Coulterville, ca. 1.6 km N of Merced River	https://lichenportal.org/portal/collections/individual/index.php?occid=86247
89767	ASU	NA	B.D. Ryan	24767-b	38.89	97.22	California	Madera	37.6166667	-120.1333333	outside_boundary_exact	California, Mariposa County	E side of Hwy 49, 15 km S of Coulterville, ca. 1.6 km N of Merced River, between Mariposa and Sonora	https://lichenportal.org/portal/collections/individual/index.php?occid=89767
703616	ASU	NA	B.D. Ryan	24769	38.89	97.22	California	Madera	37.616666666667	-120.13333333333	outside_boundary_exact	California, Mariposa County	E side of Hwy 49, 15 km S of Coulterville, ca. 1.6 km N of Merced River, between Mariposa and Sonora	https://lichenportal.org/portal/collections/individual/index.php?occid=703616
703619	ASU	ASUL013389	B.D. Ryan	24782	38.89	97.22	California	Madera	37.616666666667	-120.13333333333	outside_boundary_exact	California, Mariposa County	E side of Hwy 49, 15 km S of Coulterville, ca. 1.6 km N of Merced River, between Mariposa and Sonora	https://lichenportal.org/portal/collections/individual/index.php?occid=703619
1070449	ASU	ASUL030464	Bruce D. Ryan	24766	38.89	97.22	California	Madera	37.616667	-120.133333	outside_boundary_exact	California, Mariposa County	East side of Highway 49, 9.6 miles south of Coulterville, ca. 1 mile north of Merced River.	https://lichenportal.org/portal/collections/individual/index.php?occid=1070449
2696986	ASU	NA	B.D. Ryan	24758	38.89	97.22	California	Madera	37.616667	-120.133333	outside_boundary_exact	California, Mariposa County	E side of Hwy 49, 15 km S of Coulterville, ca. 1.6 km N of Merced River, between Mariposa and Sonora	https://lichenportal.org/portal/collections/individual/index.php?occid=2696986
77697	ASU	NA	J.R. Shevock	17704	37.89	148.69	California	Tulare	35.4513889	-118.6166667	outside_boundary_exact	California, Kern County	along lower portion of Cold Springs Campground above East Fork Kaweah River less than 0.4 km S of Mineral King Ranger Station, R31E, T17S, Sec. 16	https://lichenportal.org/portal/collections/individual/index.php?occid=77697
75377	ASU	NA	C.C. Bratt	3659	37.2	162.95	California	Santa Barbara	34.4666667	-119.0333333	outside_boundary_exact	California, Ventura County	Cliff Canyon	https://lichenportal.org/portal/collections/individual/index.php?occid=75377
119415	ASU	NA	J.R. Shevlock	17632	36.83	147.58	California	Tulare	35.4611111	-118.7347222	outside_boundary_exact	California, Kern County	slopes above Oriole Lake paralleling streamlet which flows into lake.  Above county road 372	https://lichenportal.org/portal/collections/individual/index.php?occid=119415
82541	ASU	NA	L. Sigal	123	34.84	180.69	California	Mendocino	40.288951	-122.96657	outside_boundary_exact	California, Tehama County	Little Red Mountain.	https://lichenportal.org/portal/collections/individual/index.php?occid=82541
58079	ASU	NA	B.D. Ryan	25796	31.9	191.53	California	San Diego	33.3875	-117.95	outside_boundary_exact	not_found_in_US	Agua Tibia Wilderness, along Magee Palomar Trail, in vicinity of Eagle Crag	https://lichenportal.org/portal/collections/individual/index.php?occid=58079
89339	ASU	NA	J.R. Shevock	12665	30.94	256.98	California	Fresno	36.8125	-118.0138889	outside_boundary_exact	California, Inyo County	Redwood Creek above California Hw. 180, Monarch Wildernes. R29E, T13S, section 9.	https://lichenportal.org/portal/collections/individual/index.php?occid=89339
1374893	ASU	ASU0069288	K. Knudsen	3331-B	30.37	210.23	California	Riverside	34.305	-116.623889	outside_boundary_exact	California, San Bernardino County	San Bernardino Mountains. Cactus Flats; base of drainage between two mountain summits E of Smarts Ranch Road, Bighorn Canyon.	https://lichenportal.org/portal/collections/individual/index.php?occid=1374893
69999	ASU	NA	L. Sigal	NA	29.32	174.53	California	Mendocino	40.239749	-123.001392	outside_boundary_exact	California, Trinity County	Little Red Mountain	https://lichenportal.org/portal/collections/individual/index.php?occid=69999
72426	ASU	ASUL030236	L. Sigal	NA	29.32	174.53	California	Mendocino	40.239749	-123.001392	outside_boundary_exact	California, Trinity County	Little Red Mountain	https://lichenportal.org/portal/collections/individual/index.php?occid=72426
87501	ASU	NA	L. Sigal	115	29.32	174.53	California	Mendocino	40.239749	-123.001392	outside_boundary_exact	California, Trinity County	Little Red Mountain	https://lichenportal.org/portal/collections/individual/index.php?occid=87501
69921	ASU	NA	B.D. Ryan	24929	26.46	218.38	California	Siskiyou	41.425	-123.975	outside_boundary_exact	California, Humboldt County	Pacific Crest Trail at Etna Summit	https://lichenportal.org/portal/collections/individual/index.php?occid=69921
72827	ASU	ASUL011645	B.D. Ryan	24944	26.46	218.38	California	Siskiyou	41.425	-123.975	outside_boundary_exact	California, Humboldt County	Pacific Crest Trail at Etna Summit	https://lichenportal.org/portal/collections/individual/index.php?occid=72827
73013	ASU	ASUL020441	B.D. Ryan	24928	26.46	218.38	California	Siskiyou	41.425	-123.975	outside_boundary_exact	California, Humboldt County	Pacific Crest Trail at Etna Summit	https://lichenportal.org/portal/collections/individual/index.php?occid=73013
79406	ASU	ASUL010061	B.D. Ryan	24961	26.46	218.38	California	Siskiyou	41.425	-123.975	outside_boundary_exact	California, Humboldt County	Pacific Crest Trail at Etna Summit	https://lichenportal.org/portal/collections/individual/index.php?occid=79406
80179	ASU	NA	B.D. Ryan	24937	26.46	218.38	California	Siskiyou	41.425	-123.975	outside_boundary_exact	California, Humboldt County	Pacific Crest Trail at Etna Summit	https://lichenportal.org/portal/collections/individual/index.php?occid=80179
80963	ASU	NA	B.D. Ryan	24969-a	26.46	218.38	California	Siskiyou	41.425	-123.975	outside_boundary_exact	California, Humboldt County	Pacific Crest Trail at Etna Summit	https://lichenportal.org/portal/collections/individual/index.php?occid=80963
80976	ASU	ASUL003878	B.D. Ryan	24970	26.46	218.38	California	Siskiyou	41.425	-123.975	outside_boundary_exact	California, Humboldt County	Pacific Crest Trail at Etna Summit	https://lichenportal.org/portal/collections/individual/index.php?occid=80976
81201	ASU	NA	B.D. Ryan	24965	26.46	218.38	California	Siskiyou	41.425	-123.975	outside_boundary_exact	California, Humboldt County	Pacific Crest Trail at Etna Summit	https://lichenportal.org/portal/collections/individual/index.php?occid=81201
82971	ASU	NA	B.D. Ryan	24963-b	26.46	218.38	California	Siskiyou	41.425	-123.975	outside_boundary_exact	California, Humboldt County	Pacific Crest Trail at Etna Summit	https://lichenportal.org/portal/collections/individual/index.php?occid=82971
83069	ASU	NA	B.D. Ryan	24943-b	26.46	218.38	California	Siskiyou	41.425	-123.975	outside_boundary_exact	California, Humboldt County	Pacific Crest Trail at Etna Summit	https://lichenportal.org/portal/collections/individual/index.php?occid=83069
83070	ASU	NA	B.D. Ryan	24956	26.46	218.38	California	Siskiyou	41.425	-123.975	outside_boundary_exact	California, Humboldt County	Pacific Crest Trail at Etna Summit	https://lichenportal.org/portal/collections/individual/index.php?occid=83070
83678	ASU	NA	B.D. Ryan	24942	26.46	218.38	California	Siskiyou	41.425	-123.975	outside_boundary_exact	California, Humboldt County	Pacific Crest Trail at Etna Summit	https://lichenportal.org/portal/collections/individual/index.php?occid=83678
83793	ASU	NA	B.D. Ryan	249	26.46	218.38	California	Siskiyou	41.425	-123.975	outside_boundary_exact	California, Humboldt County	Pacific Crest Trail at Etna Summit	https://lichenportal.org/portal/collections/individual/index.php?occid=83793
83905	ASU	NA	B.D. Ryan	24957-a	26.46	218.38	California	Siskiyou	41.425	-123.975	outside_boundary_exact	California, Humboldt County	Pacific Crest Trail at Etna Summit	https://lichenportal.org/portal/collections/individual/index.php?occid=83905
83916	ASU	NA	B.D. Ryan	24950	26.46	218.38	California	Siskiyou	41.425	-123.975	outside_boundary_exact	California, Humboldt County	Pacific Crest Trail at Etna Summit	https://lichenportal.org/portal/collections/individual/index.php?occid=83916
84322	ASU	NA	B.D. Ryan	24957	26.46	218.38	California	Siskiyou	41.425	-123.975	outside_boundary_exact	California, Humboldt County	Pacific Crest Trail at Etna Summit	https://lichenportal.org/portal/collections/individual/index.php?occid=84322
84369	ASU	NA	B.D. Ryan	24969-b	26.46	218.38	California	Siskiyou	41.425	-123.975	outside_boundary_exact	California, Humboldt County	Pacific Crest Trail at Etna Summit	https://lichenportal.org/portal/collections/individual/index.php?occid=84369
84641	ASU	NA	B.D. Ryan	24930-b	26.46	218.38	California	Siskiyou	41.425	-123.975	outside_boundary_exact	California, Humboldt County	Pacific Crest Trail at Etna Summit	https://lichenportal.org/portal/collections/individual/index.php?occid=84641
85190	ASU	NA	B.D. Ryan	24967	26.46	218.38	California	Siskiyou	41.425	-123.975	outside_boundary_exact	California, Humboldt County	Pacific Crest Trail at Etna Summit	https://lichenportal.org/portal/collections/individual/index.php?occid=85190
85216	ASU	NA	B.D. Ryan	24971	26.46	218.38	California	Siskiyou	41.425	-123.975	outside_boundary_exact	California, Humboldt County	Pacific Crest Trail at Etna Summit	https://lichenportal.org/portal/collections/individual/index.php?occid=85216
85229	ASU	NA	B.D. Ryan	24968	26.46	218.38	California	Siskiyou	41.425	-123.975	outside_boundary_exact	California, Humboldt County	Pacific Crest Trail at Etna Summit	https://lichenportal.org/portal/collections/individual/index.php?occid=85229
86686	ASU	NA	B.D. Ryan	24955	26.46	218.38	California	Siskiyou	41.425	-123.975	outside_boundary_exact	California, Humboldt County	Pacific Crest Trail at Etna Summit	https://lichenportal.org/portal/collections/individual/index.php?occid=86686
87486	ASU	NA	B.D. Ryan	24910	26.46	218.38	California	Siskiyou	41.425	-123.975	outside_boundary_exact	California, Humboldt County	Pacific Crest Trail at Etna Summit	https://lichenportal.org/portal/collections/individual/index.php?occid=87486
87494	ASU	NA	B.D. Ryan	24906	26.46	218.38	California	Siskiyou	41.425	-123.975	outside_boundary_exact	California, Humboldt County	Pacific Crest Trail at Etna Summit	https://lichenportal.org/portal/collections/individual/index.php?occid=87494
87829	ASU	NA	B.D. Ryan	24920	26.46	218.38	California	Siskiyou	41.425	-123.975	outside_boundary_exact	California, Humboldt County	Pacific Crest Trail at Etna Summit	https://lichenportal.org/portal/collections/individual/index.php?occid=87829
88038	ASU	NA	B.D. Ryan	24967	26.46	218.38	California	Siskiyou	41.425	-123.975	outside_boundary_exact	California, Humboldt County	Pacific Crest Trail at Etna Summit	https://lichenportal.org/portal/collections/individual/index.php?occid=88038
88258	ASU	NA	B.D. Ryan	24936	26.46	218.38	California	Siskiyou	41.425	-123.975	outside_boundary_exact	California, Humboldt County	Pacific Crest Trail at Etna Summit	https://lichenportal.org/portal/collections/individual/index.php?occid=88258
88268	ASU	NA	B.D. Ryan	24938	26.46	218.38	California	Siskiyou	41.425	-123.975	outside_boundary_exact	California, Humboldt County	Pacific Crest Trail at Etna Summit	https://lichenportal.org/portal/collections/individual/index.php?occid=88268
88319	ASU	NA	B.D. Ryan	24907	26.46	218.38	California	Siskiyou	41.425	-123.975	outside_boundary_exact	California, Humboldt County	Pacific Crest Trail at Etna Summit	https://lichenportal.org/portal/collections/individual/index.php?occid=88319
88320	ASU	NA	B.D. Ryan	24935	26.46	218.38	California	Siskiyou	41.425	-123.975	outside_boundary_exact	California, Humboldt County	Pacific Crest Trail at Etna Summit	https://lichenportal.org/portal/collections/individual/index.php?occid=88320
88410	ASU	NA	B.D. Ryan	24915	26.46	218.38	California	Siskiyou	41.425	-123.975	outside_boundary_exact	California, Humboldt County	Pacific Crest Trail at Etna Summit	https://lichenportal.org/portal/collections/individual/index.php?occid=88410
89561	ASU	NA	B.D. Ryan	24951	26.46	218.38	California	Siskiyou	41.425	-123.975	outside_boundary_exact	California, Humboldt County	Pacific Crest Trail at Etna Summit	https://lichenportal.org/portal/collections/individual/index.php?occid=89561
89783	ASU	NA	B.D. Ryan	24918	26.46	218.38	California	Siskiyou	41.425	-123.975	outside_boundary_exact	California, Humboldt County	Pacific Crest Trail at Etna Summit	https://lichenportal.org/portal/collections/individual/index.php?occid=89783
90991	ASU	NA	B.D. Ryan	24960	26.46	218.38	California	Siskiyou	41.425	-123.975	outside_boundary_exact	California, Humboldt County	Pacific Crest Trail at Etna Summit	https://lichenportal.org/portal/collections/individual/index.php?occid=90991
93043	ASU	NA	B.D. Ryan	24917	26.46	218.38	California	Siskiyou	41.425	-123.975	outside_boundary_exact	California, Humboldt County	Pacific Crest Trail at Etna Summit	https://lichenportal.org/portal/collections/individual/index.php?occid=93043
93638	ASU	NA	B.D. Ryan	24925	26.46	218.38	California	Siskiyou	41.425	-123.975	outside_boundary_exact	California, Humboldt County	Pacific Crest Trail at Etna Summit	https://lichenportal.org/portal/collections/individual/index.php?occid=93638
94350	ASU	NA	B.D. Ryan	24908	26.46	218.38	California	Siskiyou	41.425	-123.975	outside_boundary_exact	California, Humboldt County	Pacific Crest Trail at Etna Summit	https://lichenportal.org/portal/collections/individual/index.php?occid=94350
95879	ASU	NA	B.D. Ryan	24940	26.46	218.38	California	Siskiyou	41.425	-123.975	outside_boundary_exact	California, Humboldt County	Pacific Crest Trail at Etna Summit	https://lichenportal.org/portal/collections/individual/index.php?occid=95879
97755	ASU	NA	B.D. Ryan	24900	26.46	218.38	California	Siskiyou	41.425	-123.975	outside_boundary_exact	California, Humboldt County	Pacific Crest Trail at Etna Summit	https://lichenportal.org/portal/collections/individual/index.php?occid=97755
97802	ASU	NA	B.D. Ryan	24914	26.46	218.38	California	Siskiyou	41.425	-123.975	outside_boundary_exact	California, Humboldt County	Pacific Crest Trail at Etna Summit	https://lichenportal.org/portal/collections/individual/index.php?occid=97802
97803	ASU	NA	B.D. Ryan	24946	26.46	218.38	California	Siskiyou	41.425	-123.975	outside_boundary_exact	California, Humboldt County	Pacific Crest Trail at Etna Summit	https://lichenportal.org/portal/collections/individual/index.php?occid=97803
98007	ASU	NA	B.D. Ryan	24939	26.46	218.38	California	Siskiyou	41.425	-123.975	outside_boundary_exact	California, Humboldt County	Pacific Crest Trail at Etna Summit	https://lichenportal.org/portal/collections/individual/index.php?occid=98007
98023	ASU	NA	B.D. Ryan	24922	26.46	218.38	California	Siskiyou	41.425	-123.975	outside_boundary_exact	California, Humboldt County	Pacific Crest Trail at Etna Summit	https://lichenportal.org/portal/collections/individual/index.php?occid=98023
98029	ASU	NA	B.D. Ryan	24932	26.46	218.38	California	Siskiyou	41.425	-123.975	outside_boundary_exact	California, Humboldt County	Pacific Crest Trail at Etna Summit	https://lichenportal.org/portal/collections/individual/index.php?occid=98029
98070	ASU	NA	B.D. Ryan	24949	26.46	218.38	California	Siskiyou	41.425	-123.975	outside_boundary_exact	California, Humboldt County	Pacific Crest Trail at Etna Summit	https://lichenportal.org/portal/collections/individual/index.php?occid=98070
98914	ASU	NA	B.D. Ryan	24970	26.46	218.38	California	Siskiyou	41.425	-123.975	outside_boundary_exact	California, Humboldt County	Pacific Crest Trail at Etna Summit	https://lichenportal.org/portal/collections/individual/index.php?occid=98914
99274	ASU	NA	B.D. Ryan	24946	26.46	218.38	California	Siskiyou	41.425	-123.975	outside_boundary_exact	California, Humboldt County	Pacific Crest Trail at Etna Summit	https://lichenportal.org/portal/collections/individual/index.php?occid=99274
99339	ASU	NA	B.D. Ryan	24902	26.46	218.38	California	Siskiyou	41.425	-123.975	outside_boundary_exact	California, Humboldt County	Pacific Crest Trail at Etna Summit	https://lichenportal.org/portal/collections/individual/index.php?occid=99339
99825	ASU	NA	B.D. Ryan	24972	26.46	218.38	California	Siskiyou	41.425	-123.975	outside_boundary_exact	California, Humboldt County	Pacific Crest Trail at Etna Summit	https://lichenportal.org/portal/collections/individual/index.php?occid=99825
100144	ASU	NA	B.D. Ryan	24964	26.46	218.38	California	Siskiyou	41.425	-123.975	outside_boundary_exact	California, Humboldt County	Pacific Crest Trail at Etna Summit	https://lichenportal.org/portal/collections/individual/index.php?occid=100144
101945	ASU	NA	B.D. Ryan	24947	26.46	218.38	California	Siskiyou	41.425	-123.975	outside_boundary_exact	California, Humboldt County	Pacific Crest Trail at Etna Summit	https://lichenportal.org/portal/collections/individual/index.php?occid=101945
102157	ASU	NA	B.D. Ryan	24903	26.46	218.38	California	Siskiyou	41.425	-123.975	outside_boundary_exact	California, Humboldt County	Pacific Crest Trail at Etna Summit	https://lichenportal.org/portal/collections/individual/index.php?occid=102157
102160	ASU	NA	B.D. Ryan	24953	26.46	218.38	California	Siskiyou	41.425	-123.975	outside_boundary_exact	California, Humboldt County	Pacific Crest Trail at Etna Summit	https://lichenportal.org/portal/collections/individual/index.php?occid=102160
102208	ASU	NA	B.D. Ryan	24943-a	26.46	218.38	California	Siskiyou	41.425	-123.975	outside_boundary_exact	California, Humboldt County	Pacific Crest Trail at Etna Summit	https://lichenportal.org/portal/collections/individual/index.php?occid=102208
102277	ASU	NA	B.D. Ryan	24912	26.46	218.38	California	Siskiyou	41.425	-123.975	outside_boundary_exact	California, Humboldt County	Pacific Crest Trail at Etna Summit	https://lichenportal.org/portal/collections/individual/index.php?occid=102277
102418	ASU	NA	B.D. Ryan	249	26.46	218.38	California	Siskiyou	41.425	-123.975	outside_boundary_exact	California, Humboldt County	Pacific Crest Trail at Etna Summit	https://lichenportal.org/portal/collections/individual/index.php?occid=102418
102434	ASU	NA	B.D. Ryan	24901	26.46	218.38	California	Siskiyou	41.425	-123.975	outside_boundary_exact	California, Humboldt County	Pacific Crest Trail at Etna Summit	https://lichenportal.org/portal/collections/individual/index.php?occid=102434
1100241	ASU	NA	Bruce D. Ryan	24952	26.46	218.38	California	Siskiyou	41.425	-123.975	outside_boundary_exact	California, Humboldt County	Pacific Crest Trail at Etna Summit.	https://lichenportal.org/portal/collections/individual/index.php?occid=1100241
2696998	ASU	NA	B.D. Ryan	24904	26.46	218.38	California	Siskiyou	41.425	-123.975	outside_boundary_exact	California, Humboldt County	Pacific Crest Trail at Etna Summit	https://lichenportal.org/portal/collections/individual/index.php?occid=2696998
2696999	ASU	ASUL013331	B.D. Ryan	24913	26.46	218.38	California	Siskiyou	41.425	-123.975	outside_boundary_exact	California, Humboldt County	Pacific Crest Trail at Etna Summit	https://lichenportal.org/portal/collections/individual/index.php?occid=2696999
2697000	ASU	NA	B.D. Ryan	24916	26.46	218.38	California	Siskiyou	41.425	-123.975	outside_boundary_exact	California, Humboldt County	Pacific Crest Trail at Etna Summit	https://lichenportal.org/portal/collections/individual/index.php?occid=2697000
2697001	ASU	NA	B.D. Ryan	24919	26.46	218.38	California	Siskiyou	41.425	-123.975	outside_boundary_exact	California, Humboldt County	Pacific Crest Trail at Etna Summit	https://lichenportal.org/portal/collections/individual/index.php?occid=2697001
2697002	ASU	NA	B.D. Ryan	24924	26.46	218.38	California	Siskiyou	41.425	-123.975	outside_boundary_exact	California, Humboldt County	Pacific Crest Trail at Etna Summit	https://lichenportal.org/portal/collections/individual/index.php?occid=2697002
2697003	ASU	NA	B.D. Ryan	24927	26.46	218.38	California	Siskiyou	41.425	-123.975	outside_boundary_exact	California, Humboldt County	Pacific Crest Trail at Etna Summit	https://lichenportal.org/portal/collections/individual/index.php?occid=2697003
2697004	ASU	ASUL013359	B.D. Ryan	24929	26.46	218.38	California	Siskiyou	41.425	-123.975	outside_boundary_exact	California, Humboldt County	Pacific Crest Trail at Etna Summit	https://lichenportal.org/portal/collections/individual/index.php?occid=2697004
2697005	ASU	ASUL013392	B.D. Ryan	24945	26.46	218.38	California	Siskiyou	41.425	-123.975	outside_boundary_exact	California, Humboldt County	Pacific Crest Trail at Etna Summit	https://lichenportal.org/portal/collections/individual/index.php?occid=2697005
2697006	ASU	NA	B.D. Ryan	24954	26.46	218.38	California	Siskiyou	41.425	-123.975	outside_boundary_exact	California, Humboldt County	Pacific Crest Trail at Etna Summit	https://lichenportal.org/portal/collections/individual/index.php?occid=2697006
2697007	ASU	NA	B.D. Ryan	24958	26.46	218.38	California	Siskiyou	41.425	-123.975	outside_boundary_exact	California, Humboldt County	Pacific Crest Trail at Etna Summit	https://lichenportal.org/portal/collections/individual/index.php?occid=2697007
122169	ASU	NA	W.A. Weber	S-3497	26.28	99.68	California	Santa Clara	37.35	-121.0666667	outside_boundary_exact	California, Stanislaus County	below Smith Creek, NW side of Mt. Hamilton	https://lichenportal.org/portal/collections/individual/index.php?occid=122169
82096	ASU	NA	H.A. Imshaug	18196	25.79	148.03	California	Tuolumne	37.649474	-118.97377	outside_boundary_exact	California, Mono County	summit of Mammoth Park, Sierra Nevada	https://lichenportal.org/portal/collections/individual/index.php?occid=82096
103746	ASU	NA	K. Knudsen	3629	24.02	211.12	California	Riverside	33.2119444	-116.4716667	outside_boundary_exact	California, San Diego County	Anza Borrego State park: north of S22 Tubbs Canyon.	https://lichenportal.org/portal/collections/individual/index.php?occid=103746
103932	ASU	ASUL019216	K. Knudsen	1580b	23.4	181.51	California	Los Angeles	34.2977778	-119.0041667	outside_boundary_exact	California, Ventura County	Santa Monica Mountains: Latigo Canyon	https://lichenportal.org/portal/collections/individual/index.php?occid=103932
64691	ASU	NA	C.C. Bratt	10458-B	23.23	184.81	California	Santa Barbara	34.0666667	-120.8333333	outside_boundary_exact	not_found_in_US	San Miguel Island, Lester Point	https://lichenportal.org/portal/collections/individual/index.php?occid=64691
80701	ASU	NA	T.H. Nash III	41137-b	23.23	184.81	California	Santa Barbara	34.0666667	-120.8333333	outside_boundary_exact	not_found_in_US	San Miguel Island, Lester Point	https://lichenportal.org/portal/collections/individual/index.php?occid=80701
116208	ASU	ASUL014741	T.H. Nash III	41134	23.23	184.81	California	Santa Barbara	34.0666667	-120.8333333	outside_boundary_exact	not_found_in_US	San Miguel Island, Lester Point	https://lichenportal.org/portal/collections/individual/index.php?occid=116208
116210	ASU	ASUL005440	T.H. Nash III	41135	23.23	184.81	California	Santa Barbara	34.0666667	-120.8333333	outside_boundary_exact	not_found_in_US	San Miguel Island, Lester Point	https://lichenportal.org/portal/collections/individual/index.php?occid=116210
116211	ASU	NA	T.H. Nash III	41136	23.23	184.81	California	Santa Barbara	34.0666667	-120.8333333	outside_boundary_exact	not_found_in_US	San Miguel Island, Lester Point	https://lichenportal.org/portal/collections/individual/index.php?occid=116211
116212	ASU	NA	T.H. Nash III	41137-a	23.23	184.81	California	Santa Barbara	34.0666667	-120.8333333	outside_boundary_exact	not_found_in_US	San Miguel Island, Lester Point	https://lichenportal.org/portal/collections/individual/index.php?occid=116212
116213	ASU	NA	T.H. Nash III	41138	23.23	184.81	California	Santa Barbara	34.0666667	-120.8333333	outside_boundary_exact	not_found_in_US	San Miguel Island, Lester Point	https://lichenportal.org/portal/collections/individual/index.php?occid=116213
116214	ASU	NA	T.H. Nash III	41139	23.23	184.81	California	Santa Barbara	34.0666667	-120.8333333	outside_boundary_exact	not_found_in_US	San Miguel Island, Lester Point	https://lichenportal.org/portal/collections/individual/index.php?occid=116214
116215	ASU	NA	T.H. Nash III	41140	23.23	184.81	California	Santa Barbara	34.0666667	-120.8333333	outside_boundary_exact	not_found_in_US	San Miguel Island, Lester Point	https://lichenportal.org/portal/collections/individual/index.php?occid=116215
116216	ASU	NA	T.H. Nash III	41141	23.23	184.81	California	Santa Barbara	34.0666667	-120.8333333	outside_boundary_exact	not_found_in_US	San Miguel Island, Lester Point	https://lichenportal.org/portal/collections/individual/index.php?occid=116216
116217	ASU	NA	T.H. Nash III	41142	23.23	184.81	California	Santa Barbara	34.0666667	-120.8333333	outside_boundary_exact	not_found_in_US	San Miguel Island, Lester Point	https://lichenportal.org/portal/collections/individual/index.php?occid=116217
116218	ASU	NA	T.H. Nash III	41143	23.23	184.81	California	Santa Barbara	34.0666667	-120.8333333	outside_boundary_exact	not_found_in_US	San Miguel Island, Lester Point	https://lichenportal.org/portal/collections/individual/index.php?occid=116218
116219	ASU	NA	T.H. Nash III	41144	23.23	184.81	California	Santa Barbara	34.0666667	-120.8333333	outside_boundary_exact	not_found_in_US	San Miguel Island, Lester Point	https://lichenportal.org/portal/collections/individual/index.php?occid=116219
116221	ASU	NA	T.H. Nash III	41145	23.23	184.81	California	Santa Barbara	34.0666667	-120.8333333	outside_boundary_exact	not_found_in_US	San Miguel Island, Lester Point	https://lichenportal.org/portal/collections/individual/index.php?occid=116221
116222	ASU	NA	T.H. Nash III	41146	23.23	184.81	California	Santa Barbara	34.0666667	-120.8333333	outside_boundary_exact	not_found_in_US	San Miguel Island, Lester Point	https://lichenportal.org/portal/collections/individual/index.php?occid=116222
116223	ASU	NA	T.H. Nash III	41147	23.23	184.81	California	Santa Barbara	34.0666667	-120.8333333	outside_boundary_exact	not_found_in_US	San Miguel Island, Lester Point	https://lichenportal.org/portal/collections/individual/index.php?occid=116223
116224	ASU	NA	T.H. Nash III	41148	23.23	184.81	California	Santa Barbara	34.0666667	-120.8333333	outside_boundary_exact	not_found_in_US	San Miguel Island, Lester Point	https://lichenportal.org/portal/collections/individual/index.php?occid=116224
116225	ASU	NA	T.H. Nash III	41149	23.23	184.81	California	Santa Barbara	34.0666667	-120.8333333	outside_boundary_exact	not_found_in_US	San Miguel Island, Lester Point	https://lichenportal.org/portal/collections/individual/index.php?occid=116225
116226	ASU	NA	T.H. Nash III	41150	23.23	184.81	California	Santa Barbara	34.0666667	-120.8333333	outside_boundary_exact	not_found_in_US	San Miguel Island, Lester Point	https://lichenportal.org/portal/collections/individual/index.php?occid=116226
116227	ASU	NA	T.H. Nash III	41151	23.23	184.81	California	Santa Barbara	34.0666667	-120.8333333	outside_boundary_exact	not_found_in_US	San Miguel Island, Lester Point	https://lichenportal.org/portal/collections/individual/index.php?occid=116227
116228	ASU	NA	T.H. Nash III	41152	23.23	184.81	California	Santa Barbara	34.0666667	-120.8333333	outside_boundary_exact	not_found_in_US	San Miguel Island, Lester Point	https://lichenportal.org/portal/collections/individual/index.php?occid=116228
116229	ASU	NA	T.H. Nash III	41153	23.23	184.81	California	Santa Barbara	34.0666667	-120.8333333	outside_boundary_exact	not_found_in_US	San Miguel Island, Lester Point	https://lichenportal.org/portal/collections/individual/index.php?occid=116229
116230	ASU	NA	T.H. Nash III	41154	23.23	184.81	California	Santa Barbara	34.0666667	-120.8333333	outside_boundary_exact	not_found_in_US	San Miguel Island, Lester Point	https://lichenportal.org/portal/collections/individual/index.php?occid=116230
64168	ASU	NA	B.D. Ryan	24392	22.79	141.41	California	Tuolumne	38.1333333	-119.075	outside_boundary_exact	California, Mono County	Winter sports area, N of Hwy 108, 5 km SW of Fraser Flat Campground	https://lichenportal.org/portal/collections/individual/index.php?occid=64168
69895	ASU	NA	B.D. Ryan	24362	22.79	141.41	California	Tuolumne	38.1333333	-119.075	outside_boundary_exact	California, Mono County	Winter sports area, N of Hwy 108, 5 km SW of Fraser Flat Campground	https://lichenportal.org/portal/collections/individual/index.php?occid=69895
69897	ASU	NA	B.D. Ryan	24391	22.79	141.41	California	Tuolumne	38.1333333	-119.075	outside_boundary_exact	California, Mono County	Winter sports area, N of Hwy 108, 5 km SW of Fraser Flat Campground	https://lichenportal.org/portal/collections/individual/index.php?occid=69897
70937	ASU	NA	B.D. Ryan	24350	22.79	141.41	California	Tuolumne	38.1333333	-119.075	outside_boundary_exact	California, Mono County	Stanislaus National Forest, 5 km SW of Fraser Flat Campground on N-side of highway 108	https://lichenportal.org/portal/collections/individual/index.php?occid=70937
71489	ASU	ASUL018384	B.D. Ryan	24443	22.79	141.41	California	Tuolumne	38.1333333	-119.075	outside_boundary_exact	California, Mono County	Winter sports area, N of Hwy 108, 5 km SW of Fraser Flat Campground	https://lichenportal.org/portal/collections/individual/index.php?occid=71489
72829	ASU	ASUL011642	B.D. Ryan	24397	22.79	141.41	California	Tuolumne	38.1333333	-119.075	outside_boundary_exact	California, Mono County	Winter sports area, N of Hwy 108, 5 km SW of Fraser Flat Campground	https://lichenportal.org/portal/collections/individual/index.php?occid=72829
72927	ASU	ASUL030468	Bruce D. Ryan	24370	22.79	141.41	California	Tuolumne	38.1333333	-119.075	outside_boundary_exact	California, Mono County	Winter sports area, north of Highway 108, 5 km southwest of Fraser Flat Campground.	https://lichenportal.org/portal/collections/individual/index.php?occid=72927
74652	ASU	NA	B.D. Ryan	24426	22.79	141.41	California	Tuolumne	38.1333333	-119.075	outside_boundary_exact	California, Mono County	Winter sports area, N of Hwy 108, 5 km SW of Fraser Flat Campground	https://lichenportal.org/portal/collections/individual/index.php?occid=74652
74653	ASU	NA	B.D. Ryan	24427	22.79	141.41	California	Tuolumne	38.1333333	-119.075	outside_boundary_exact	California, Mono County	Winter sports area, N of Hwy 108, 5 km SW of Fraser Flat Campground	https://lichenportal.org/portal/collections/individual/index.php?occid=74653
74664	ASU	NA	B.D. Ryan	24428	22.79	141.41	California	Tuolumne	38.1333333	-119.075	outside_boundary_exact	California, Mono County	Winter sports area, N of Hwy 108, 5 km SW of Fraser Flat Campground	https://lichenportal.org/portal/collections/individual/index.php?occid=74664
74665	ASU	NA	B.D. Ryan	24429 A	22.79	141.41	California	Tuolumne	38.1333333	-119.075	outside_boundary_exact	California, Mono County	Winter sports area, N of Hwy 108, 5 km SW of Fraser Flat Campground	https://lichenportal.org/portal/collections/individual/index.php?occid=74665
74666	ASU	NA	B.D. Ryan	24434	22.79	141.41	California	Tuolumne	38.1333333	-119.075	outside_boundary_exact	California, Mono County	Winter sports area, N of Hwy 108, 5 km SW of Fraser Flat Campground	https://lichenportal.org/portal/collections/individual/index.php?occid=74666
74667	ASU	NA	B.D. Ryan	24435	22.79	141.41	California	Tuolumne	38.1333333	-119.075	outside_boundary_exact	California, Mono County	Winter sports area, N of Hwy 108, 5 km SW of Fraser Flat Campground	https://lichenportal.org/portal/collections/individual/index.php?occid=74667
74668	ASU	NA	B.D. Ryan	24445	22.79	141.41	California	Tuolumne	38.1333333	-119.075	outside_boundary_exact	California, Mono County	Winter sports area, N of Hwy 108, 5 km SW of Fraser Flat Campground	https://lichenportal.org/portal/collections/individual/index.php?occid=74668
77590	ASU	NA	B.D. Ryan	24366	22.79	141.41	California	Tuolumne	38.1333333	-119.075	outside_boundary_exact	California, Mono County	Winter sports area, N of Hwy 108, 5 km SW of Fraser Flat Campground	https://lichenportal.org/portal/collections/individual/index.php?occid=77590
81167	ASU	NA	B.D. Ryan	24432	22.79	141.41	California	Tuolumne	38.1333333	-119.075	outside_boundary_exact	California, Mono County	Winter sports area, N of Hwy 108, 5 km SW of Fraser Flat Campground	https://lichenportal.org/portal/collections/individual/index.php?occid=81167
81968	ASU	NA	B.D. Ryan	24358	22.79	141.41	California	Tuolumne	38.1333333	-119.075	outside_boundary_exact	California, Mono County	Winter sports area, N of Hwy 108, 5 km SW of Fraser Flat Campground	https://lichenportal.org/portal/collections/individual/index.php?occid=81968
81981	ASU	NA	B.D. Ryan	24379	22.79	141.41	California	Tuolumne	38.1333333	-119.075	outside_boundary_exact	California, Mono County	Winter sports area, N of Hwy 108, 5 km SW of Fraser Flat Campground	https://lichenportal.org/portal/collections/individual/index.php?occid=81981
81982	ASU	NA	B.D. Ryan	24354-a	22.79	141.41	California	Tuolumne	38.1333333	-119.075	outside_boundary_exact	California, Mono County	Winter sports area, N of Hwy 108, 5 km SW of Fraser Flat Campground	https://lichenportal.org/portal/collections/individual/index.php?occid=81982
81989	ASU	NA	B.D. Ryan	24383	22.79	141.41	California	Tuolumne	38.1333333	-119.075	outside_boundary_exact	California, Mono County	Winter sports area, N of Hwy 108, 5 km SW of Fraser Flat Campground	https://lichenportal.org/portal/collections/individual/index.php?occid=81989
81990	ASU	NA	B.D. Ryan	24356	22.79	141.41	California	Tuolumne	38.1333333	-119.075	outside_boundary_exact	California, Mono County	Winter sports area, N of Hwy 108, 5 km SW of Fraser Flat Campground	https://lichenportal.org/portal/collections/individual/index.php?occid=81990
82090	ASU	NA	B.D. Ryan	24355-a	22.79	141.41	California	Tuolumne	38.1333333	-119.075	outside_boundary_exact	California, Mono County	Winter sports area, N of Hwy 108, 5 km SW of Fraser Flat Campground	https://lichenportal.org/portal/collections/individual/index.php?occid=82090
82092	ASU	NA	B.D. Ryan	24355-b	22.79	141.41	California	Tuolumne	38.1333333	-119.075	outside_boundary_exact	California, Mono County	Winter sports area, N of Hwy 108, 5 km SW of Fraser Flat Campground	https://lichenportal.org/portal/collections/individual/index.php?occid=82092
82093	ASU	NA	B.D. Ryan	24352	22.79	141.41	California	Tuolumne	38.1333333	-119.075	outside_boundary_exact	California, Mono County	Winter sports area, N of Hwy 108, 5 km SW of Fraser Flat Campground	https://lichenportal.org/portal/collections/individual/index.php?occid=82093
82094	ASU	NA	B.D. Ryan	24371	22.79	141.41	California	Tuolumne	38.1333333	-119.075	outside_boundary_exact	California, Mono County	Winter sports area, N of Hwy 108, 5 km SW of Fraser Flat Campground	https://lichenportal.org/portal/collections/individual/index.php?occid=82094
82259	ASU	NA	B.D. Ryan	24413	22.79	141.41	California	Tuolumne	38.1333333	-119.075	outside_boundary_exact	California, Mono County	Winter sports area, N of Hwy 108, 5 km SW of Fraser Flat Campground	https://lichenportal.org/portal/collections/individual/index.php?occid=82259
85182	ASU	NA	B.D. Ryan	24438	22.79	141.41	California	Tuolumne	38.1333333	-119.075	outside_boundary_exact	California, Mono County	Winter sports area, N of Hwy 108, 5 km SW of Fraser Flat Campground	https://lichenportal.org/portal/collections/individual/index.php?occid=85182
85247	ASU	NA	B.D. Ryan	24453	22.79	141.41	California	Tuolumne	38.1333333	-119.075	outside_boundary_exact	California, Mono County	Winter sports area, N of Hwy 108, 5 km SW of Fraser Flat Campground	https://lichenportal.org/portal/collections/individual/index.php?occid=85247
85355	ASU	NA	B.D. Ryan	24417	22.79	141.41	California	Tuolumne	38.1333333	-119.075	outside_boundary_exact	California, Mono County	Winter sports area, N of Hwy 108, 5 km SW of Fraser Flat Campground	https://lichenportal.org/portal/collections/individual/index.php?occid=85355
87824	ASU	NA	B.D. Ryan	24351	22.79	141.41	California	Tuolumne	38.1333333	-119.075	outside_boundary_exact	California, Mono County	Winter sports area, N of Hwy 108, 5 km SW of Fraser Flat Campground	https://lichenportal.org/portal/collections/individual/index.php?occid=87824
88016	ASU	NA	B.D. Ryan	24454	22.79	141.41	California	Tuolumne	38.1333333	-119.075	outside_boundary_exact	California, Mono County	Winter sports area, N of Hwy 108, 5 km SW of Fraser Flat Campground	https://lichenportal.org/portal/collections/individual/index.php?occid=88016
88195	ASU	NA	B.D. Ryan	24448	22.79	141.41	California	Tuolumne	38.1333333	-119.075	outside_boundary_exact	California, Mono County	Winter sports area, N of Hwy 108, 5 km SW of Fraser Flat Campground	https://lichenportal.org/portal/collections/individual/index.php?occid=88195
88269	ASU	NA	B.D. Ryan	24382	22.79	141.41	California	Tuolumne	38.1333333	-119.075	outside_boundary_exact	California, Mono County	Winter sports area, N of Hwy 108, 5 km SW of Fraser Flat Campground	https://lichenportal.org/portal/collections/individual/index.php?occid=88269
88301	ASU	NA	B.D. Ryan	24374	22.79	141.41	California	Tuolumne	38.1333333	-119.075	outside_boundary_exact	California, Mono County	Winter sports area, N of Hwy 108, 5 km SW of Fraser Flat Campground	https://lichenportal.org/portal/collections/individual/index.php?occid=88301
88306	ASU	NA	B.D. Ryan	24411	22.79	141.41	California	Tuolumne	38.1333333	-119.075	outside_boundary_exact	California, Mono County	Winter sports area, N of Hwy 108, 5 km SW of Fraser Flat Campground	https://lichenportal.org/portal/collections/individual/index.php?occid=88306
88307	ASU	NA	B.D. Ryan	24389	22.79	141.41	California	Tuolumne	38.1333333	-119.075	outside_boundary_exact	California, Mono County	Winter sports area, N of Hwy 108, 5 km SW of Fraser Flat Campground	https://lichenportal.org/portal/collections/individual/index.php?occid=88307
88607	ASU	NA	B.D. Ryan	24419	22.79	141.41	California	Tuolumne	38.1333333	-119.075	outside_boundary_exact	California, Mono County	Winter sports area, N of Hwy 108, 5 km SW of Fraser Flat Campground	https://lichenportal.org/portal/collections/individual/index.php?occid=88607
89703	ASU	NA	B.D. Ryan	24354-b	22.79	141.41	California	Tuolumne	38.1333333	-119.075	outside_boundary_exact	California, Mono County	Winter sports area, N of Hwy 108, 5 km SW of Fraser Flat Campground	https://lichenportal.org/portal/collections/individual/index.php?occid=89703
89704	ASU	NA	B.D. Ryan	24408	22.79	141.41	California	Tuolumne	38.1333333	-119.075	outside_boundary_exact	California, Mono County	Winter sports area, N of Hwy 108, 5 km SW of Fraser Flat Campground	https://lichenportal.org/portal/collections/individual/index.php?occid=89704
89709	ASU	NA	B.D. Ryan	24403	22.79	141.41	California	Tuolumne	38.1333333	-119.075	outside_boundary_exact	California, Mono County	Winter sports area, N of Hwy 108, 5 km SW of Fraser Flat Campground	https://lichenportal.org/portal/collections/individual/index.php?occid=89709
89712	ASU	NA	B.D. Ryan	24404	22.79	141.41	California	Tuolumne	38.1333333	-119.075	outside_boundary_exact	California, Mono County	Winter sports area, N of Hwy 108, 5 km SW of Fraser Flat Campground	https://lichenportal.org/portal/collections/individual/index.php?occid=89712
90354	ASU	NA	B.D. Ryan	24407	22.79	141.41	California	Tuolumne	38.1333333	-119.075	outside_boundary_exact	California, Mono County	Winter sports area, N of Hwy 108, 5 km SW of Fraser Flat Campground	https://lichenportal.org/portal/collections/individual/index.php?occid=90354
90355	ASU	ASUL029481	B.D. Ryan	24406	22.79	141.41	California	Tuolumne	38.1333333	-119.075	outside_boundary_exact	California, Mono County	Winter sports area, N of Hwy 108, 5 km SW of Fraser Flat Campground	https://lichenportal.org/portal/collections/individual/index.php?occid=90355
90633	ASU	NA	B.D. Ryan	24405	22.79	141.41	California	Tuolumne	38.1333333	-119.075	outside_boundary_exact	California, Mono County	Winter sports area, N of Hwy 108, 5 km SW of Fraser Flat Campground	https://lichenportal.org/portal/collections/individual/index.php?occid=90633
90640	ASU	NA	B.D. Ryan	24402	22.79	141.41	California	Tuolumne	38.1333333	-119.075	outside_boundary_exact	California, Mono County	Winter sports area, N of Hwy 108, 5 km SW of Fraser Flat Campground	https://lichenportal.org/portal/collections/individual/index.php?occid=90640
90641	ASU	NA	B.D. Ryan	24409	22.79	141.41	California	Tuolumne	38.1333333	-119.075	outside_boundary_exact	California, Mono County	Winter sports area, N of Hwy 108, 5 km SW of Fraser Flat Campground	https://lichenportal.org/portal/collections/individual/index.php?occid=90641
90989	ASU	NA	B.D. Ryan	24416	22.79	141.41	California	Tuolumne	38.1333333	-119.075	outside_boundary_exact	California, Mono County	Winter sports area, N of Hwy 108, 5 km SW of Fraser Flat Campground	https://lichenportal.org/portal/collections/individual/index.php?occid=90989
93444	ASU	NA	B.D. Ryan	24433	22.79	141.41	California	Tuolumne	38.1333333	-119.075	outside_boundary_exact	California, Mono County	Winter sports area, N of Hwy 108, 5 km SW of Fraser Flat Campground	https://lichenportal.org/portal/collections/individual/index.php?occid=93444
93720	ASU	ASUL029183	B.D. Ryan	24390	22.79	141.41	California	Tuolumne	38.1333333	-119.075	outside_boundary_exact	California, Mono County	winter sports area, N of Hwy 108, 5 km SW of Fraser Flat Campground	https://lichenportal.org/portal/collections/individual/index.php?occid=93720
93838	ASU	NA	B.D. Ryan	24421-a	22.79	141.41	California	Tuolumne	38.1333333	-119.075	outside_boundary_exact	California, Mono County	Winter sports area, N of Hwy 108, 5 km SW of Fraser Flat Campground	https://lichenportal.org/portal/collections/individual/index.php?occid=93838
93839	ASU	NA	B.D. Ryan	24441	22.79	141.41	California	Tuolumne	38.1333333	-119.075	outside_boundary_exact	California, Mono County	Winter sports area, N of Hwy 108, 5 km SW of Fraser Flat Campground	https://lichenportal.org/portal/collections/individual/index.php?occid=93839
94346	ASU	NA	B.D. Ryan	24360	22.79	141.41	California	Tuolumne	38.1333333	-119.075	outside_boundary_exact	California, Mono County	Winter sports area, N of Hwy 108, 5 km SW of Fraser Flat Campground	https://lichenportal.org/portal/collections/individual/index.php?occid=94346
94517	ASU	NA	B.D. Ryan	24355-b	22.79	141.41	California	Tuolumne	38.1333333	-119.075	outside_boundary_exact	California, Mono County	Winter sports area, N of Hwy 108, 5 km SW of Fraser Flat Campground	https://lichenportal.org/portal/collections/individual/index.php?occid=94517
94578	ASU	NA	B.D. Ryan	24394	22.79	141.41	California	Tuolumne	38.1333333	-119.075	outside_boundary_exact	California, Mono County	Winter sports area, N of Hwy 108, 5 km SW of Fraser Flat Campground	https://lichenportal.org/portal/collections/individual/index.php?occid=94578
94604	ASU	NA	B.D. Ryan	24363	22.79	141.41	California	Tuolumne	38.1333333	-119.075	outside_boundary_exact	California, Mono County	Winter sports area, N of Hwy 108, 5 km SW of Fraser Flat Campground	https://lichenportal.org/portal/collections/individual/index.php?occid=94604
96008	ASU	NA	B.D. Ryan	24385	22.79	141.41	California	Tuolumne	38.1333333	-119.075	outside_boundary_exact	California, Mono County	Winter sports area, N of Hwy 108, 5 km SW of Fraser Flat Campground	https://lichenportal.org/portal/collections/individual/index.php?occid=96008
96087	ASU	NA	B.D. Ryan	24421-b	22.79	141.41	California	Tuolumne	38.1333333	-119.075	outside_boundary_exact	California, Mono County	Winter sports area, N of Hwy 108, 5 km SW of Fraser Flat Campground	https://lichenportal.org/portal/collections/individual/index.php?occid=96087
97663	ASU	NA	B.D. Ryan	24368	22.79	141.41	California	Tuolumne	38.1333333	-119.075	outside_boundary_exact	California, Mono County	Winter sports area, N of Hwy 108, 5 km SW of Fraser Flat Campground	https://lichenportal.org/portal/collections/individual/index.php?occid=97663
98015	ASU	NA	B.D. Ryan	24364	22.79	141.41	California	Tuolumne	38.1333333	-119.075	outside_boundary_exact	California, Mono County	Winter sports area, N of Hwy 108, 5 km SW of Fraser Flat Campground	https://lichenportal.org/portal/collections/individual/index.php?occid=98015
98017	ASU	NA	B.D. Ryan	24353	22.79	141.41	California	Tuolumne	38.1333333	-119.075	outside_boundary_exact	California, Mono County	Winter sports area, N of Hwy 108, 5 km SW of Fraser Flat Campground	https://lichenportal.org/portal/collections/individual/index.php?occid=98017
99268	ASU	NA	B.D. Ryan	24410	22.79	141.41	California	Tuolumne	38.1333333	-119.075	outside_boundary_exact	California, Mono County	Winter sports area, N of Hwy 108, 5 km SW of Fraser Flat Campground	https://lichenportal.org/portal/collections/individual/index.php?occid=99268
102647	ASU	NA	B.D. Ryan	24437	22.79	141.41	California	Tuolumne	38.1333333	-119.075	outside_boundary_exact	California, Mono County	Winter sports area, N of Hwy 108, 5 km SW of Fraser Flat Campground	https://lichenportal.org/portal/collections/individual/index.php?occid=102647
103054	ASU	NA	B.D. Ryan	24375	22.79	141.41	California	Tuolumne	38.1333333	-119.075	outside_boundary_exact	California, Mono County	Winter sports area, N of Hwy 108, 5 km SW of Fraser Flat Campground	https://lichenportal.org/portal/collections/individual/index.php?occid=103054
707090	ASU	ASUL032587	B.D. Ryan	24422	22.79	141.41	California	Tuolumne	38.133333333333	-119.075	outside_boundary_exact	California, Mono County	Winter sports area, N of Hwy 108, 5 km SW of Fraser Flat Campground	https://lichenportal.org/portal/collections/individual/index.php?occid=707090
2244319	ASU	ASUL000456	B.D. Ryan	24372	22.79	141.41	California	Tuolumne	38.1333333	-119.075	outside_boundary_exact	California, Mono County	winter sports area, N of Hwy 108, 5 km SW of Fraser Flat Campground	https://lichenportal.org/portal/collections/individual/index.php?occid=2244319
2687174	ASU	ASUL050127	B.D. Ryan	24350	22.79	141.41	California	Tuolumne	38.1333333	-119.075	outside_boundary_exact	California, Mono County	Stanislaus National Forest, 5 km SW of Fraser Flat Campground on N-side of highway 108	https://lichenportal.org/portal/collections/individual/index.php?occid=2687174
2691230	ASU	NA	B.D. Ryan	24440	22.79	141.41	California	Tuolumne	38.1333333	-119.075	outside_boundary_exact	California, Mono County	Winter sports area, N of Hwy 108, 5 km SW of Fraser Flat Campground	https://lichenportal.org/portal/collections/individual/index.php?occid=2691230
2691763	ASU	NA	B.D. Ryan	24428-b	22.79	141.41	California	Tuolumne	38.1333333	-119.075	outside_boundary_exact	California, Mono County	Winter sports area, N of Hwy 108, 5 km SW of Fraser Flat Campground	https://lichenportal.org/portal/collections/individual/index.php?occid=2691763
2696963	ASU	ASUL013316	B.D. Ryan	24367	22.79	141.41	California	Tuolumne	38.1333333	-119.075	outside_boundary_exact	California, Mono County	Winter sports area, N of Hwy 108, 5 km SW of Fraser Flat Campground	https://lichenportal.org/portal/collections/individual/index.php?occid=2696963
2696964	ASU	NA	B.D. Ryan	24376	22.79	141.41	California	Tuolumne	38.1333333	-119.075	outside_boundary_exact	California, Mono County	Winter sports area, N of Hwy 108, 5 km SW of Fraser Flat Campground	https://lichenportal.org/portal/collections/individual/index.php?occid=2696964
2696965	ASU	NA	B.D. Ryan	24377	22.79	141.41	California	Tuolumne	38.1333333	-119.075	outside_boundary_exact	California, Mono County	Winter sports area, N of Hwy 108, 5 km SW of Fraser Flat Campground	https://lichenportal.org/portal/collections/individual/index.php?occid=2696965
2696966	ASU	ASUL013366	B.D. Ryan	24380	22.79	141.41	California	Tuolumne	38.1333333	-119.075	outside_boundary_exact	California, Mono County	Winter sports area, N of Hwy 108, 5 km SW of Fraser Flat Campground	https://lichenportal.org/portal/collections/individual/index.php?occid=2696966
2696967	ASU	NA	B.D. Ryan	24396	22.79	141.41	California	Tuolumne	38.1333333	-119.075	outside_boundary_exact	California, Mono County	Winter sports area, N of Hwy 108, 5 km SW of Fraser Flat Campground	https://lichenportal.org/portal/collections/individual/index.php?occid=2696967
2696968	ASU	NA	B.D. Ryan	24398	22.79	141.41	California	Tuolumne	38.1333333	-119.075	outside_boundary_exact	California, Mono County	Winter sports area, N of Hwy 108, 5 km SW of Fraser Flat Campground	https://lichenportal.org/portal/collections/individual/index.php?occid=2696968
2696969	ASU	ASUL013340	B.D. Ryan	24400	22.79	141.41	California	Tuolumne	38.1333333	-119.075	outside_boundary_exact	California, Mono County	Winter sports area, N of Hwy 108, 5 km SW of Fraser Flat Campground	https://lichenportal.org/portal/collections/individual/index.php?occid=2696969
2746396	ASU	ASUL030424	B.D. Ryan	24444	22.79	141.41	California	Tuolumne	38.1333333	-119.075	outside_boundary_exact	California, Mono County	Winter sports area, N of Hwy 108, 5 km SW of Fraser Flat Campground	https://lichenportal.org/portal/collections/individual/index.php?occid=2746396
3569689	ASU	ASUL007222	B.D. Ryan	24414	22.79	141.41	California	Tuolumne	38.1333333	-119.075	outside_boundary_exact	California, Mono County	Winter sports area, N of Hwy 108, 5 km SW of Fraser Flat Campground	https://lichenportal.org/portal/collections/individual/index.php?occid=3569689
5655027	ASU	ASUL048698	B.D. Ryan	24429 B	22.79	141.41	California	Tuolumne	38.1333333	-119.075	outside_boundary_exact	California, Mono County	Winter sports area, N of Hwy 108, 5 km SW of Fraser Flat Campground	https://lichenportal.org/portal/collections/individual/index.php?occid=5655027
68243	ASU	ASUL002612	B.D. Ryan	24889	22.39	214.44	California	Siskiyou	41.425	-123.925	outside_boundary_exact	California, Humboldt County	Road to Etna Summit, 4 km [2.5 mi] SW of city limits of Etna	https://lichenportal.org/portal/collections/individual/index.php?occid=68243
71722	ASU	ASUL005409	B.D. Ryan	24869-a	22.39	214.44	California	Siskiyou	41.425	-123.925	outside_boundary_exact	California, Humboldt County	Road to Etna Summit, 4 km SW of city limits of Etna	https://lichenportal.org/portal/collections/individual/index.php?occid=71722
72710	ASU	ASUL032579	B.D. Ryan	24835	22.39	214.44	California	Siskiyou	41.425	-123.925	outside_boundary_exact	California, Humboldt County	Road to Etna Summit, 4 km SW of city limits of Etna	https://lichenportal.org/portal/collections/individual/index.php?occid=72710
76379	ASU	NA	B.D. Ryan	24862-a	22.39	214.44	California	Siskiyou	41.425	-123.925	outside_boundary_exact	California, Humboldt County	road to Etna Summit, 4 km SW of city limits of Etna	https://lichenportal.org/portal/collections/individual/index.php?occid=76379
76380	ASU	NA	B.D. Ryan	24862-b	22.39	214.44	California	Siskiyou	41.425	-123.925	outside_boundary_exact	California, Humboldt County	road to Etna Summit, 4 km SW of city limits of Etna	https://lichenportal.org/portal/collections/individual/index.php?occid=76380
76381	ASU	NA	B.D. Ryan	24862-c	22.39	214.44	California	Siskiyou	41.425	-123.925	outside_boundary_exact	California, Humboldt County	road to Etna Summit, 4 km SW of city limits of Etna	https://lichenportal.org/portal/collections/individual/index.php?occid=76381
76406	ASU	ASUL046939	B.D. Ryan	24856	22.39	214.44	California	Siskiyou	41.425	-123.925	outside_boundary_exact	California, Humboldt County	road to Etna Summit, 4 km SW of city limits of Etna	https://lichenportal.org/portal/collections/individual/index.php?occid=76406
78142	ASU	NA	B.D. Ryan	24847	22.39	214.44	California	Siskiyou	41.425	-123.925	outside_boundary_exact	California, Humboldt County	road to Etna Summit, 4 km SW of city limits of Etna	https://lichenportal.org/portal/collections/individual/index.php?occid=78142
78143	ASU	NA	B.D. Ryan	24855	22.39	214.44	California	Siskiyou	41.425	-123.925	outside_boundary_exact	California, Humboldt County	road to Etna Summit, 4 km SW of city limits of Etna	https://lichenportal.org/portal/collections/individual/index.php?occid=78143
79120	ASU	NA	B.D. Ryan	24888	22.39	214.44	California	Siskiyou	41.425	-123.925	outside_boundary_exact	California, Humboldt County	Road to Etna Summit, 4 km SW of city limits of Etna	https://lichenportal.org/portal/collections/individual/index.php?occid=79120
79634	ASU	NA	B.D. Ryan	24832-b	22.39	214.44	California	Siskiyou	41.425	-123.925	outside_boundary_exact	California, Humboldt County	Road to Etna Summit, 4 km SW of city limits of Etna	https://lichenportal.org/portal/collections/individual/index.php?occid=79634
79917	ASU	NA	B.D. Ryan	24851	22.39	214.44	California	Siskiyou	41.425	-123.925	outside_boundary_exact	California, Humboldt County	Road to Etna Summit, 4 km SW of city limits of Etna	https://lichenportal.org/portal/collections/individual/index.php?occid=79917
80136	ASU	NA	B.D. Ryan	24868-a	22.39	214.44	California	Siskiyou	41.425	-123.925	outside_boundary_exact	California, Humboldt County	road to Etna Summit, 4 km SW of city limits of Etna	https://lichenportal.org/portal/collections/individual/index.php?occid=80136
80166	ASU	NA	B.D. Ryan	24869-b	22.39	214.44	California	Siskiyou	41.425	-123.925	outside_boundary_exact	California, Humboldt County	Road to Etna Summit, 4 km SW of city limits of Etna	https://lichenportal.org/portal/collections/individual/index.php?occid=80166
80167	ASU	NA	B.D. Ryan	24874-b	22.39	214.44	California	Siskiyou	41.425	-123.925	outside_boundary_exact	California, Humboldt County	road to Etna Summit, 4 km SW of city limits of Etna	https://lichenportal.org/portal/collections/individual/index.php?occid=80167
80168	ASU	NA	B.D. Ryan	24874-a	22.39	214.44	California	Siskiyou	41.425	-123.925	outside_boundary_exact	California, Humboldt County	road to Etna Summit, 4 km SW of city limits of Etna	https://lichenportal.org/portal/collections/individual/index.php?occid=80168
80374	ASU	ASUL031863	B.D. Ryan	24854	22.39	214.44	California	Siskiyou	41.425	-123.925	outside_boundary_exact	California, Humboldt County	Road to Etna Summit, 4 km SW of city limits of Etna	https://lichenportal.org/portal/collections/individual/index.php?occid=80374
80377	ASU	ASUL031860	B.D. Ryan	24827	22.39	214.44	California	Siskiyou	41.425	-123.925	outside_boundary_exact	California, Humboldt County	Road to Etna Summit, 4 km SW of city limits of Etna	https://lichenportal.org/portal/collections/individual/index.php?occid=80377
81161	ASU	NA	B.D. Ryan	24842	22.39	214.44	California	Siskiyou	41.425	-123.925	outside_boundary_exact	California, Humboldt County	Road to Etna Summit, 4 km SW of city limits of Etna	https://lichenportal.org/portal/collections/individual/index.php?occid=81161
81199	ASU	NA	B.D. Ryan	24825	22.39	214.44	California	Siskiyou	41.425	-123.925	outside_boundary_exact	California, Humboldt County	Road to Etna Summit, 4 km SW of city limits of Etna	https://lichenportal.org/portal/collections/individual/index.php?occid=81199
81226	ASU	NA	B.D. Ryan	24840	22.39	214.44	California	Siskiyou	41.425	-123.925	outside_boundary_exact	California, Humboldt County	Road to Etna Summit, 4 km SW of city limits of Etna	https://lichenportal.org/portal/collections/individual/index.php?occid=81226
82546	ASU	NA	Bruce D. Ryan	24858	22.39	214.44	California	Siskiyou	41.425	-123.925	outside_boundary_exact	California, Humboldt County	Road to Etna Summit, 2.5 miles (4 km) southwest of city limits of Etna.	https://lichenportal.org/portal/collections/individual/index.php?occid=82546
82612	ASU	NA	Bruce D. Ryan	24862	22.39	214.44	California	Siskiyou	41.425	-123.925	outside_boundary_exact	California, Humboldt County	Road to Etna Summit, 2.5 miles (4 km) southwest of city limits of Etna.	https://lichenportal.org/portal/collections/individual/index.php?occid=82612
82618	ASU	NA	Bruce D. Ryan	24885	22.39	214.44	California	Siskiyou	41.425	-123.925	outside_boundary_exact	California, Humboldt County	Road to Etna Summit, 2.5 miles (4 km) southwest of city limits of Etna.	https://lichenportal.org/portal/collections/individual/index.php?occid=82618
82619	ASU	NA	Bruce D. Ryan	24867-a	22.39	214.44	California	Siskiyou	41.425	-123.925	outside_boundary_exact	California, Humboldt County	Road to Etna Summit, 2.5 miles (4 km) southwest of city limits of Etna.	https://lichenportal.org/portal/collections/individual/index.php?occid=82619
82961	ASU	NA	B.D. Ryan	24879-a	22.39	214.44	California	Siskiyou	41.425	-123.925	outside_boundary_exact	California, Humboldt County	road to Etna Summit, 4 km SW of city limits of Etna	https://lichenportal.org/portal/collections/individual/index.php?occid=82961
82963	ASU	NA	B.D. Ryan	24867-b	22.39	214.44	California	Siskiyou	41.425	-123.925	outside_boundary_exact	California, Humboldt County	road to Etna Summit, 4 km SW of city limits of Etna	https://lichenportal.org/portal/collections/individual/index.php?occid=82963
82967	ASU	NA	B.D. Ryan	24878	22.39	214.44	California	Siskiyou	41.425	-123.925	outside_boundary_exact	California, Humboldt County	road to Etna Summit, 4 km SW of city limits of Etna	https://lichenportal.org/portal/collections/individual/index.php?occid=82967
84230	ASU	ASUL048697	B.D. Ryan	24829 B	22.39	214.44	California	Siskiyou	41.425	-123.925	outside_boundary_exact	California, Humboldt County	road to Etna Summit, 4 km [2.5 mi] SW of city limits of Etna	https://lichenportal.org/portal/collections/individual/index.php?occid=84230
84373	ASU	NA	B.D. Ryan	24848	22.39	214.44	California	Siskiyou	41.425	-123.925	outside_boundary_exact	California, Humboldt County	Road to Etna Summit, 4 km SW of city limits of Etna	https://lichenportal.org/portal/collections/individual/index.php?occid=84373
84380	ASU	NA	B.D. Ryan	24871	22.39	214.44	California	Siskiyou	41.425	-123.925	outside_boundary_exact	California, Humboldt County	Road to Etna Summit, 4 km SW of city limits of Etna	https://lichenportal.org/portal/collections/individual/index.php?occid=84380
84711	ASU	NA	B.D. Ryan	24841	22.39	214.44	California	Siskiyou	41.425	-123.925	outside_boundary_exact	California, Humboldt County	Road to Etna Summit, 4 km SW of city limits of Etna	https://lichenportal.org/portal/collections/individual/index.php?occid=84711
85195	ASU	NA	B.D. Ryan	24839	22.39	214.44	California	Siskiyou	41.425	-123.925	outside_boundary_exact	California, Humboldt County	Road to Etna Summit, 4 km SW of city limits of Etna	https://lichenportal.org/portal/collections/individual/index.php?occid=85195
85232	ASU	NA	B.D. Ryan	24828	22.39	214.44	California	Siskiyou	41.425	-123.925	outside_boundary_exact	California, Humboldt County	road to Etna Summit, 4 km SW of city limits of Etna	https://lichenportal.org/portal/collections/individual/index.php?occid=85232
85585	ASU	NA	B.D. Ryan	24860	22.39	214.44	California	Siskiyou	41.425	-123.925	outside_boundary_exact	California, Humboldt County	Road to Etna Summit, 4 km SW of city limits of Etna	https://lichenportal.org/portal/collections/individual/index.php?occid=85585
85668	ASU	NA	B.D. Ryan	24860	22.39	214.44	California	Siskiyou	41.425	-123.925	outside_boundary_exact	California, Humboldt County	Road to Etna Summit, 4 km SW of city limits of Etna	https://lichenportal.org/portal/collections/individual/index.php?occid=85668
85905	ASU	ASUL019172	B.D. Ryan	24838	22.39	214.44	California	Siskiyou	41.425	-123.925	outside_boundary_exact	California, Humboldt County	road to Etna Summit, 4 km SW of city limits of Etna	https://lichenportal.org/portal/collections/individual/index.php?occid=85905
86178	ASU	NA	B.D. Ryan	24830	22.39	214.44	California	Siskiyou	41.425	-123.925	outside_boundary_exact	California, Humboldt County	Road to Etna Summit, 4 km SW of city limits of Etna	https://lichenportal.org/portal/collections/individual/index.php?occid=86178
86225	ASU	NA	B.D. Ryan	24865	22.39	214.44	California	Siskiyou	41.425	-123.925	outside_boundary_exact	California, Humboldt County	road to Etna Summit, 4 km SW of city limits of Etna	https://lichenportal.org/portal/collections/individual/index.php?occid=86225
87949	ASU	NA	B.D. Ryan	24876	22.39	214.44	California	Siskiyou	41.425	-123.925	outside_boundary_exact	California, Humboldt County	Road to Etna Summit, 4 km SW of city limits of Etna	https://lichenportal.org/portal/collections/individual/index.php?occid=87949
88031	ASU	NA	B.D. Ryan	24846	22.39	214.44	California	Siskiyou	41.425	-123.925	outside_boundary_exact	California, Humboldt County	Road to Etna Summit, 4 km SW of city limits of Etna	https://lichenportal.org/portal/collections/individual/index.php?occid=88031
88051	ASU	NA	B.D. Ryan	24873	22.39	214.44	California	Siskiyou	41.425	-123.925	outside_boundary_exact	California, Humboldt County	Road to Etna Summit, 4 km SW of city limits of Etna	https://lichenportal.org/portal/collections/individual/index.php?occid=88051
88075	ASU	NA	B.D. Ryan	24833	22.39	214.44	California	Siskiyou	41.425	-123.925	outside_boundary_exact	California, Humboldt County	Road to Etna Summit, 4 km SW of city limits of Etna	https://lichenportal.org/portal/collections/individual/index.php?occid=88075
88267	ASU	NA	B.D. Ryan	24884	22.39	214.44	California	Siskiyou	41.425	-123.925	outside_boundary_exact	California, Humboldt County	Road to Etna Summit, 4 km SW of city limits of Etna	https://lichenportal.org/portal/collections/individual/index.php?occid=88267
88308	ASU	NA	B.D. Ryan	24883	22.39	214.44	California	Siskiyou	41.425	-123.925	outside_boundary_exact	California, Humboldt County	Road to Etna Summit, 4 km SW of city limits of Etna	https://lichenportal.org/portal/collections/individual/index.php?occid=88308
90575	ASU	NA	B.D. Ryan	24857	22.39	214.44	California	Siskiyou	41.425	-123.925	outside_boundary_exact	California, Humboldt County	Road to Etna Summit, 4 km SW of city limits of Etna	https://lichenportal.org/portal/collections/individual/index.php?occid=90575
90990	ASU	NA	B.D. Ryan	24882-b	22.39	214.44	California	Siskiyou	41.425	-123.925	outside_boundary_exact	California, Humboldt County	road to Etna Summit, 4 km SW of city limits of Etna	https://lichenportal.org/portal/collections/individual/index.php?occid=90990
96084	ASU	NA	B.D. Ryan	24831-a	22.39	214.44	California	Siskiyou	41.425	-123.925	outside_boundary_exact	California, Humboldt County	Road to Etna Summit, 4 km SW of city limits of Etna	https://lichenportal.org/portal/collections/individual/index.php?occid=96084
96174	ASU	NA	B.D. Ryan	24866-b	22.39	214.44	California	Siskiyou	41.425	-123.925	outside_boundary_exact	California, Humboldt County	Road to Etna Summit, 4 km SW of city limits of Etna	https://lichenportal.org/portal/collections/individual/index.php?occid=96174
96178	ASU	NA	B.D. Ryan	24866	22.39	214.44	California	Siskiyou	41.425	-123.925	outside_boundary_exact	California, Humboldt County	Road to Etna Summit, 4 km SW of city limits of Etna	https://lichenportal.org/portal/collections/individual/index.php?occid=96178
98915	ASU	NA	B.D. Ryan	24887	22.39	214.44	California	Siskiyou	41.425	-123.925	outside_boundary_exact	California, Humboldt County	road to Etna Summit, 4 km SW of city limits of Etna	https://lichenportal.org/portal/collections/individual/index.php?occid=98915
99816	ASU	NA	B.D. Ryan	24850	22.39	214.44	California	Siskiyou	41.425	-123.925	outside_boundary_exact	California, Humboldt County	road to Etna Summit, 4 km SW of city limits of Etna	https://lichenportal.org/portal/collections/individual/index.php?occid=99816
100140	ASU	NA	B.D. Ryan	24852	22.39	214.44	California	Siskiyou	41.425	-123.925	outside_boundary_exact	California, Humboldt County	Road to Etna Summit, 4 km SW of city limits of Etna	https://lichenportal.org/portal/collections/individual/index.php?occid=100140
100141	ASU	NA	B.D. Ryan	24853	22.39	214.44	California	Siskiyou	41.425	-123.925	outside_boundary_exact	California, Humboldt County	Road to Etna Summit, 4 km SW of city limits of Etna	https://lichenportal.org/portal/collections/individual/index.php?occid=100141
100142	ASU	NA	B.D. Ryan	24870	22.39	214.44	California	Siskiyou	41.425	-123.925	outside_boundary_exact	California, Humboldt County	Road to Etna Summit, 4 km SW of city limits of Etna	https://lichenportal.org/portal/collections/individual/index.php?occid=100142
100143	ASU	NA	B.D. Ryan	24881	22.39	214.44	California	Siskiyou	41.425	-123.925	outside_boundary_exact	California, Humboldt County	Road to Etna Summit, 4 km SW of city limits of Etna	https://lichenportal.org/portal/collections/individual/index.php?occid=100143
102803	ASU	ASUL050507	B.D. Ryan	24861	22.39	214.44	California	Siskiyou	41.425	-123.925	outside_boundary_exact	California, Humboldt County	road to Etna Summit, 4 km [2.5 mi] SW of city limits of Etna	https://lichenportal.org/portal/collections/individual/index.php?occid=102803
103333	ASU	NA	B.D. Ryan	24868-b	22.39	214.44	California	Siskiyou	41.425	-123.925	outside_boundary_exact	California, Humboldt County	road to Etna Summit, 4 km SW of city limits of Etna	https://lichenportal.org/portal/collections/individual/index.php?occid=103333
106437	ASU	ASUL005504	B.D. Ryan	24872	22.39	214.44	California	Siskiyou	41.425	-123.925	outside_boundary_exact	California, Humboldt County	Road to Etna summit, 2.5 mi SW of city limits of Etna	https://lichenportal.org/portal/collections/individual/index.php?occid=106437
106440	ASU	ASUL005503	B.D. Ryan	24863	22.39	214.44	California	Siskiyou	41.425	-123.925	outside_boundary_exact	California, Humboldt County	Road to Etna summit, 2.5 mi SW of city limits of Etna	https://lichenportal.org/portal/collections/individual/index.php?occid=106440
106441	ASU	ASUL005502	B.D. Ryan	24843	22.39	214.44	California	Siskiyou	41.425	-123.925	outside_boundary_exact	California, Humboldt County	Road to Etna summit, 2.5 mi SW of city limits of Etna	https://lichenportal.org/portal/collections/individual/index.php?occid=106441
106442	ASU	ASUL005501	B.D. Ryan	24836	22.39	214.44	California	Siskiyou	41.425	-123.925	outside_boundary_exact	California, Humboldt County	Road to Etna summit, 2.5 mi SW of city limits of Etna	https://lichenportal.org/portal/collections/individual/index.php?occid=106442
1374911	ASU	ASU0069314	B.D. Ryan	24832-A	22.39	214.44	California	Siskiyou	41.425	-123.925	outside_boundary_exact	California, Humboldt County	Road to Etna Summit, 4 km SW of city limits of Etna.	https://lichenportal.org/portal/collections/individual/index.php?occid=1374911
2008160	ASU	NA	B.D. Ryan	24859	22.39	214.44	California	Siskiyou	41.425	-123.925	outside_boundary_exact	California, Humboldt County	road to Etna Summit, 4 km SW of city limits of Etna	https://lichenportal.org/portal/collections/individual/index.php?occid=2008160
2696993	ASU	NA	B.D. Ryan	24841-b	22.39	214.44	California	Siskiyou	41.425	-123.925	outside_boundary_exact	California, Humboldt County	Road to Etna Summit, 4 km SW of city limits of Etna	https://lichenportal.org/portal/collections/individual/index.php?occid=2696993
2696994	ASU	ASUL023031	B.D. Ryan	24886	22.39	214.44	California	Siskiyou	41.425	-123.925	outside_boundary_exact	California, Humboldt County	road to Etna Summit, 4 km SW of city limits of Etna	https://lichenportal.org/portal/collections/individual/index.php?occid=2696994
2696995	ASU	ASUL006951	B.D. Ryan	24890	22.39	214.44	California	Siskiyou	41.425	-123.925	outside_boundary_exact	California, Humboldt County	Road to Etna Summit, 4 km SW of city limits of Etna	https://lichenportal.org/portal/collections/individual/index.php?occid=2696995
2696996	ASU	ASUL013329	B.D. Ryan	24895	22.39	214.44	California	Siskiyou	41.425	-123.925	outside_boundary_exact	California, Humboldt County	Road to Etna Summit, 4 km SW of city limits of Etna	https://lichenportal.org/portal/collections/individual/index.php?occid=2696996
2696997	ASU	ASUL013388	B.D. Ryan	24897	22.39	214.44	California	Siskiyou	41.425	-123.925	outside_boundary_exact	California, Humboldt County	Road to Etna Summit, 4 km SW of city limits of Etna	https://lichenportal.org/portal/collections/individual/index.php?occid=2696997
3573607	ASU	ASUL007545	B.D. Ryan	24849	22.39	214.44	California	Siskiyou	41.425	-123.925	outside_boundary_exact	California, Humboldt County	Road to Etna Summit, 4 km SW of city limits of Etna	https://lichenportal.org/portal/collections/individual/index.php?occid=3573607
5655026	ASU	ASUL048699	B.D. Ryan	24829 A	22.39	214.44	California	Siskiyou	41.425	-123.925	outside_boundary_exact	California, Humboldt County	road to Etna Summit, 4 km [2.5 mi] SW of city limits of Etna	https://lichenportal.org/portal/collections/individual/index.php?occid=5655026
103747	ASU	ASUL009723	K. Knudsen	3682	21.97	209.94	California	Riverside	33.2302778	-116.4688889	outside_boundary_exact	California, San Diego County	Anza Orrego State Park: Pena Spring. Tubb Canyon.	https://lichenportal.org/portal/collections/individual/index.php?occid=103747
94341	ASU	NA	B.D. Ryan	12491	21.57	156.49	California	Lassen	40.0094444	-121.0097222	outside_boundary_exact	California, Plumas County	Clark campground, Lassen Volcanic National Park	https://lichenportal.org/portal/collections/individual/index.php?occid=94341
104698	ASU	NA	C.C. Bratt	12553	21.01	210.08	California	Ventura	35	-119	outside_boundary_exact	California, Kern County	Beyond campground, road 45 degrees from corrals, top of elevation. Ballinger Canyon, off Rte. 33, S of Rte. 166, LPNF	https://lichenportal.org/portal/collections/individual/index.php?occid=104698
107876	ASU	ASUL019067	T.H. Nash III	38689	16.89	123.07	California	Ventura	33.8333333	-119.55	outside_boundary_exact	not_found_in_US	San Nicolas Island, west end	https://lichenportal.org/portal/collections/individual/index.php?occid=107876
107877	ASU	ASUL019404	T.H. Nash III	38690	16.89	123.07	California	Ventura	33.8333333	-119.55	outside_boundary_exact	not_found_in_US	San Nicolas Island, west end	https://lichenportal.org/portal/collections/individual/index.php?occid=107877
107878	ASU	NA	T.H. Nash III	38693	16.89	123.07	California	Ventura	33.8333333	-119.55	outside_boundary_exact	not_found_in_US	San Nicolas Island, west end	https://lichenportal.org/portal/collections/individual/index.php?occid=107878
107879	ASU	NA	T.H. Nash III	38694	16.89	123.07	California	Ventura	33.8333333	-119.55	outside_boundary_exact	not_found_in_US	San Nicolas Island, west end	https://lichenportal.org/portal/collections/individual/index.php?occid=107879
107881	ASU	NA	T.H. Nash III	38695	16.89	123.07	California	Ventura	33.8333333	-119.55	outside_boundary_exact	not_found_in_US	San Nicolas Island, west end	https://lichenportal.org/portal/collections/individual/index.php?occid=107881
107882	ASU	NA	T.H. Nash III	38696	16.89	123.07	California	Ventura	33.8333333	-119.55	outside_boundary_exact	not_found_in_US	San Nicolas Island, west end	https://lichenportal.org/portal/collections/individual/index.php?occid=107882
107883	ASU	NA	T.H. Nash III	38697	16.89	123.07	California	Ventura	33.8333333	-119.55	outside_boundary_exact	not_found_in_US	San Nicolas Island, west end	https://lichenportal.org/portal/collections/individual/index.php?occid=107883
107884	ASU	NA	T.H. Nash III	38699	16.89	123.07	California	Ventura	33.8333333	-119.55	outside_boundary_exact	not_found_in_US	San Nicolas Island, west end	https://lichenportal.org/portal/collections/individual/index.php?occid=107884
107885	ASU	ASUL010390	T.H. Nash III	38700	16.89	123.07	California	Ventura	33.8333333	-119.55	outside_boundary_exact	not_found_in_US	San Nicolas Island, west end	https://lichenportal.org/portal/collections/individual/index.php?occid=107885
107887	ASU	NA	T.H. Nash III	38702	16.89	123.07	California	Ventura	33.8333333	-119.55	outside_boundary_exact	not_found_in_US	San Nicolas Island, west end	https://lichenportal.org/portal/collections/individual/index.php?occid=107887
107889	ASU	ASUL030075	T.H. Nash III	38704	16.89	123.07	California	Ventura	33.8333333	-119.55	outside_boundary_exact	not_found_in_US	San Nicolas Island, west end	https://lichenportal.org/portal/collections/individual/index.php?occid=107889
107891	ASU	NA	T.H. Nash III	38705	16.89	123.07	California	Ventura	33.8333333	-119.55	outside_boundary_exact	not_found_in_US	San Nicolas Island, west end	https://lichenportal.org/portal/collections/individual/index.php?occid=107891
107892	ASU	NA	T.H. Nash III	38706	16.89	123.07	California	Ventura	33.8333333	-119.55	outside_boundary_exact	not_found_in_US	San Nicolas Island, west end	https://lichenportal.org/portal/collections/individual/index.php?occid=107892
107893	ASU	ASUL019474	T.H. Nash III	38707	16.89	123.07	California	Ventura	33.8333333	-119.55	outside_boundary_exact	not_found_in_US	San Nicolas Island, west end	https://lichenportal.org/portal/collections/individual/index.php?occid=107893
107894	ASU	ASUL019231	T.H. Nash III	38708	16.89	123.07	California	Ventura	33.8333333	-119.55	outside_boundary_exact	not_found_in_US	San Nicolas Island, west end	https://lichenportal.org/portal/collections/individual/index.php?occid=107894
107895	ASU	ASUL030254	T.H. Nash III	38709	16.89	123.07	California	Ventura	33.8333333	-119.55	outside_boundary_exact	not_found_in_US	San Nicolas Island, west end	https://lichenportal.org/portal/collections/individual/index.php?occid=107895
107896	ASU	NA	T.H. Nash III	38710	16.89	123.07	California	Ventura	33.8333333	-119.55	outside_boundary_exact	not_found_in_US	San Nicolas Island, west end	https://lichenportal.org/portal/collections/individual/index.php?occid=107896
107897	ASU	NA	T.H. Nash	38711	16.89	123.07	California	Ventura	33.8333333	-119.55	outside_boundary_exact	not_found_in_US	San Nicolas Island, west end.	https://lichenportal.org/portal/collections/individual/index.php?occid=107897
107898	ASU	ASUL030298	T.H. Nash III	38712	16.89	123.07	California	Ventura	33.8333333	-119.55	outside_boundary_exact	not_found_in_US	San Nicolas Island, west end	https://lichenportal.org/portal/collections/individual/index.php?occid=107898
107899	ASU	ASUL030082	T.H. Nash III	38713	16.89	123.07	California	Ventura	33.8333333	-119.55	outside_boundary_exact	not_found_in_US	San Nicolas Island, west end	https://lichenportal.org/portal/collections/individual/index.php?occid=107899
107901	ASU	NA	T.H. Nash III	38715	16.89	123.07	California	Ventura	33.8333333	-119.55	outside_boundary_exact	not_found_in_US	San Nicolas Island, west end	https://lichenportal.org/portal/collections/individual/index.php?occid=107901
107902	ASU	NA	T.H. Nash III	38716	16.89	123.07	California	Ventura	33.8333333	-119.55	outside_boundary_exact	not_found_in_US	San Nicolas Island, west end	https://lichenportal.org/portal/collections/individual/index.php?occid=107902
107904	ASU	NA	T.H. Nash III	38718	16.89	123.07	California	Ventura	33.8333333	-119.55	outside_boundary_exact	not_found_in_US	San Nicolas Island, west end	https://lichenportal.org/portal/collections/individual/index.php?occid=107904
120680	ASU	NA	T.H. Nash III	NA	16.89	123.07	California	Ventura	33.8333333	-119.55	outside_boundary_exact	not_found_in_US	San Nicolas Island, west end	https://lichenportal.org/portal/collections/individual/index.php?occid=120680
1374738	ASU	ASU0069090	T.H. Nash III	38717	16.89	123.07	California	Ventura	33.833333	-119.55	outside_boundary_exact	not_found_in_US	San Nicolas Island, west end.	https://lichenportal.org/portal/collections/individual/index.php?occid=1374738
70554	ASU	ASUL013712	H.D. Thiers	34440	15.66	67.41	California	Sierra	39.323488	-120.593317	outside_boundary_exact	California, Nevada County	Yuba Pass summit	https://lichenportal.org/portal/collections/individual/index.php?occid=70554
87129	ASU	NA	H.D. Thiers	HDT-13460	14.62	59.01	California	Alameda	37.882568	-121.909933	outside_boundary_exact	California, Contra Costa County	Mt Diablo State Park	https://lichenportal.org/portal/collections/individual/index.php?occid=87129
89781	ASU	NA	P. Kroneberg	10174	13.94	108.22	California	Santa Clara	37.0666667	-121.05	outside_boundary_exact	California, Merced County	Pacheco Pass, near San Luis Reservoir, Hwy 152	https://lichenportal.org/portal/collections/individual/index.php?occid=89781
57416	ASU	NA	B.D. Ryan	26646	13.69	121.17	California	Merced	36.9666667	-121.4	outside_boundary_exact	California, Santa Clara County	Hwy 152, 32 km NNE of Hollister	https://lichenportal.org/portal/collections/individual/index.php?occid=57416
57417	ASU	NA	B.D. Ryan	26647	13.69	121.17	California	Merced	36.9666667	-121.4	outside_boundary_exact	California, Santa Clara County	Hwy 152, 32 km NNE of Hollister	https://lichenportal.org/portal/collections/individual/index.php?occid=57417
57418	ASU	ASUL046514	B.D. Ryan	26648	13.69	121.17	California	Merced	36.9666667	-121.4	outside_boundary_exact	California, Santa Clara County	Hwy 152, 32 km NNE of Hollister	https://lichenportal.org/portal/collections/individual/index.php?occid=57418
57419	ASU	NA	B.D. Ryan	26649	13.69	121.17	California	Merced	36.9666667	-121.4	outside_boundary_exact	California, Santa Clara County	Hwy 152, 32 km NNE of Hollister	https://lichenportal.org/portal/collections/individual/index.php?occid=57419
57420	ASU	NA	B.D. Ryan	26650	13.69	121.17	California	Merced	36.9666667	-121.4	outside_boundary_exact	California, Santa Clara County	Hwy 152, 32 km NNE of Hollister	https://lichenportal.org/portal/collections/individual/index.php?occid=57420
57421	ASU	NA	B.D. Ryan	26651	13.69	121.17	California	Merced	36.9666667	-121.4	outside_boundary_exact	California, Santa Clara County	Hwy 152, 32 km NNE of Hollister	https://lichenportal.org/portal/collections/individual/index.php?occid=57421
57422	ASU	NA	B.D. Ryan	26652	13.69	121.17	California	Merced	36.9666667	-121.4	outside_boundary_exact	California, Santa Clara County	Hwy 152, 32 km NNE of Hollister	https://lichenportal.org/portal/collections/individual/index.php?occid=57422
57423	ASU	NA	B.D. Ryan	26653	13.69	121.17	California	Merced	36.9666667	-121.4	outside_boundary_exact	California, Santa Clara County	Hwy 152, 32 km NNE of Hollister	https://lichenportal.org/portal/collections/individual/index.php?occid=57423
57424	ASU	NA	B.D. Ryan	26654	13.69	121.17	California	Merced	36.9666667	-121.4	outside_boundary_exact	California, Santa Clara County	Hwy 152, 32 km NNE of Hollister	https://lichenportal.org/portal/collections/individual/index.php?occid=57424
57426	ASU	NA	B.D. Ryan	26656-a	13.69	121.17	California	Merced	36.9666667	-121.4	outside_boundary_exact	California, Santa Clara County	Hwy 152, 32 km NNE of Hollister	https://lichenportal.org/portal/collections/individual/index.php?occid=57426
57427	ASU	NA	B.D. Ryan	26657	13.69	121.17	California	Merced	36.9666667	-121.4	outside_boundary_exact	California, Santa Clara County	Hwy 152, 32 km NNE of Hollister	https://lichenportal.org/portal/collections/individual/index.php?occid=57427
57428	ASU	NA	B.D. Ryan	26658	13.69	121.17	California	Merced	36.9666667	-121.4	outside_boundary_exact	California, Santa Clara County	Hwy 152, 32 km NNE of Hollister	https://lichenportal.org/portal/collections/individual/index.php?occid=57428
57429	ASU	NA	B.D. Ryan	26660	13.69	121.17	California	Merced	36.9666667	-121.4	outside_boundary_exact	California, Santa Clara County	Hwy 152, 32 km NNE of Hollister	https://lichenportal.org/portal/collections/individual/index.php?occid=57429
57430	ASU	ASUL035455	B.D. Ryan	26661	13.69	121.17	California	Merced	36.9666667	-121.4	outside_boundary_exact	California, Santa Clara County	Hwy 152, 32 km NNE of Hollister	https://lichenportal.org/portal/collections/individual/index.php?occid=57430
57431	ASU	NA	B.D. Ryan	26662	13.69	121.17	California	Merced	36.9666667	-121.4	outside_boundary_exact	California, Santa Clara County	Hwy 152, 32 km NNE of Hollister	https://lichenportal.org/portal/collections/individual/index.php?occid=57431
57432	ASU	NA	B.D. Ryan	26663	13.69	121.17	California	Merced	36.9666667	-121.4	outside_boundary_exact	California, Santa Clara County	Hwy 152, 32 km NNE of Hollister	https://lichenportal.org/portal/collections/individual/index.php?occid=57432
57433	ASU	NA	B.D. Ryan	26664	13.69	121.17	California	Merced	36.9666667	-121.4	outside_boundary_exact	California, Santa Clara County	Hwy 152, 32 km NNE of Hollister	https://lichenportal.org/portal/collections/individual/index.php?occid=57433
57436	ASU	ASUL031925	B.D. Ryan	26670	13.69	121.17	California	Merced	36.9666667	-121.4	outside_boundary_exact	California, Santa Clara County	Hwy 152, 32 km NNE of Hollister	https://lichenportal.org/portal/collections/individual/index.php?occid=57436
57437	ASU	NA	B.D. Ryan	26671	13.69	121.17	California	Merced	36.9666667	-121.4	outside_boundary_exact	California, Santa Clara County	Hwy 152, 32 km NNE of Hollister	https://lichenportal.org/portal/collections/individual/index.php?occid=57437
57438	ASU	NA	B.D. Ryan	26672	13.69	121.17	California	Merced	36.9666667	-121.4	outside_boundary_exact	California, Santa Clara County	Hwy 152, 32 km NNE of Hollister	https://lichenportal.org/portal/collections/individual/index.php?occid=57438
57439	ASU	NA	B.D. Ryan	26673	13.69	121.17	California	Merced	36.9666667	-121.4	outside_boundary_exact	California, Santa Clara County	Hwy 152, 32 km NNE of Hollister	https://lichenportal.org/portal/collections/individual/index.php?occid=57439
57446	ASU	NA	B.D. Ryan	26737	13.69	121.17	California	Merced	36.9666667	-121.4	outside_boundary_exact	California, Santa Clara County	Hwy 152, 32 km NNE of Hollister	https://lichenportal.org/portal/collections/individual/index.php?occid=57446
57455	ASU	NA	B.D. Ryan	26747	13.69	121.17	California	Merced	36.9666667	-121.4	outside_boundary_exact	California, Santa Clara County	Hwy 152, 32 km NNE of Hollister	https://lichenportal.org/portal/collections/individual/index.php?occid=57455
57466	ASU	ASUL032602	B.D. Ryan	26762	13.69	121.17	California	Merced	36.9666667	-121.4	outside_boundary_exact	California, Santa Clara County	Hwy 152, 32 km NNE of Hollister	https://lichenportal.org/portal/collections/individual/index.php?occid=57466
76441	ASU	NA	B.D. Ryan	26656-b	13.69	121.17	California	Merced	36.9666667	-121.4	outside_boundary_exact	California, Santa Clara County	Hwy 152, 32 km NNE of Hollister	https://lichenportal.org/portal/collections/individual/index.php?occid=76441
84059	ASU	NA	B.D. Ryan	26657	13.69	121.17	California	Merced	36.9666667	-121.4	outside_boundary_exact	California, Santa Clara County	Hwy 152, 32 km NNE of Hollister	https://lichenportal.org/portal/collections/individual/index.php?occid=84059
85610	ASU	NA	B.D. Ryan	26732	13.69	121.17	California	Merced	36.9666667	-121.4	outside_boundary_exact	California, Santa Clara County	Hwy 152, 32 km NNE of Hollister	https://lichenportal.org/portal/collections/individual/index.php?occid=85610
85672	ASU	NA	B.D. Ryan	26652	13.69	121.17	California	Merced	36.9666667	-121.4	outside_boundary_exact	California, Santa Clara County	Hwy 152, 32 km NNE of Hollister	https://lichenportal.org/portal/collections/individual/index.php?occid=85672
89777	ASU	NA	B.D. Ryan	26736	13.69	121.17	California	Merced	36.9666667	-121.4	outside_boundary_exact	California, Santa Clara County	Hwy 152, 32 km NNE of Hollister	https://lichenportal.org/portal/collections/individual/index.php?occid=89777
94469	ASU	NA	B.D. Ryan	26741	13.69	121.17	California	Merced	36.9666667	-121.4	outside_boundary_exact	California, Santa Clara County	Hwy 152, 32 km NNE of Hollister	https://lichenportal.org/portal/collections/individual/index.php?occid=94469
94841	ASU	NA	B.D. Ryan	26747	13.69	121.17	California	Merced	36.9666667	-121.4	outside_boundary_exact	California, Santa Clara County	Hwy 152, 32 km NNE of Hollister	https://lichenportal.org/portal/collections/individual/index.php?occid=94841
101253	ASU	ASUL001022	B.D. Ryan	26745	13.69	121.17	California	Merced	36.9666667	-121.4	outside_boundary_exact	California, Santa Clara County	Hwy 152, 32 km [20 mi] NNE of Hollister	https://lichenportal.org/portal/collections/individual/index.php?occid=101253
103930	ASU	NA	K. Knudsen	4309	13.5	170.04	California	Los Angeles	34.1894444	-119.0002778	outside_boundary_exact	California, Ventura County	Transverse Range: Santa Monica Mountains: Conejo Mountains: Long Grade Valley, N-slope above Conejo Creek, Newbury Park	https://lichenportal.org/portal/collections/individual/index.php?occid=103930
103940	ASU	NA	K. Knudsen	4033	13.48	170.01	California	Los Angeles	34.1891667	-119.0002778	outside_boundary_exact	California, Ventura County	Santa Monica Mountains: Long Grade Valley, above Conejo Creek, edge of Conejo Mountains, Newbury Park	https://lichenportal.org/portal/collections/individual/index.php?occid=103940
56693	ASU	NA	B.D. Ryan	26371	13.41	173.4	California	Los Angeles	34.25	-118.9	outside_boundary_exact	California, Ventura County	San Gabriel Wilderness, Survey 17, along West Fork Road (San Gabriel River)	https://lichenportal.org/portal/collections/individual/index.php?occid=56693
56702	ASU	ASUL046923	B.D. Ryan	26378	13.41	173.4	California	Los Angeles	34.25	-118.9	outside_boundary_exact	California, Ventura County	San Gabriel Wilderness, Survey 17, along West Fork Road (San Gabriel River)	https://lichenportal.org/portal/collections/individual/index.php?occid=56702
59370	ASU	ASUL033942	B.D. Ryan	26369-c	13.41	173.4	California	Los Angeles	34.25	-118.9	outside_boundary_exact	California, Ventura County	San Gabriel Wilderness, Survey 17, along West Fork Road (San Gabriel River)	https://lichenportal.org/portal/collections/individual/index.php?occid=59370
77559	ASU	ASUL011217	B.D. Ryan	26372	13.41	173.4	California	Los Angeles	34.25	-118.9	outside_boundary_exact	California, Ventura County	San Gabriel Wilderness, Survey 17, along West Fork Road (San Gabriel River)	https://lichenportal.org/portal/collections/individual/index.php?occid=77559
99093	ASU	NA	B.D. Ryan	26373	13.41	173.4	California	Los Angeles	34.25	-118.9	outside_boundary_exact	California, Ventura County	San Gabriel Wilderness: Survey 18, Along West Fork (San Gabriel River) Road	https://lichenportal.org/portal/collections/individual/index.php?occid=99093
56670	ASU	ASUL002684	B.D. Ryan	26348	12.5	172.95	California	Los Angeles	34.25	-118.8833333	outside_boundary_exact	California, Ventura County	Angeles National Forest; Survey 13; West Fork (San Gabriel River) Road, from Hwy 39 to Bear Creek Bridge	https://lichenportal.org/portal/collections/individual/index.php?occid=56670
93288	ASU	NA	B.D. Ryan	26350	12.5	172.95	California	Los Angeles	34.25	-118.8833333	outside_boundary_exact	California, Ventura County	Angeles National Forest; Survey 13; West Fork (San Gabriel River) Road, from Hwy 39 to Bear Creek Bridge	https://lichenportal.org/portal/collections/individual/index.php?occid=93288
1070443	ASU	ASUL030470	Bruce D. Ryan	26351	12.5	172.95	California	Los Angeles	34.25	-118.883333	outside_boundary_exact	California, Ventura County	Angeles National Forest, West Fork (San Gabriel River) Road, from Highway 39 to Bear Creek Bridge.	https://lichenportal.org/portal/collections/individual/index.php?occid=1070443
59032	ASU	ASUL000886	B.D. Ryan	11191	12.33	88.09	California	Tuolumne	37.6666667	-120.0083333	outside_boundary_exact	California, Mariposa County	Yosemite National Park, Tuolumne Giant Tree Trail	https://lichenportal.org/portal/collections/individual/index.php?occid=59032
96246	ASU	NA	K. Knudsen	1185	12.33	229.47	California	Riverside	33.3166667	-116.75	outside_boundary_exact	California, San Diego County	San Jacinto Mountains, top of Black Mountain	https://lichenportal.org/portal/collections/individual/index.php?occid=96246
97047	ASU	ASUL049450	G.C. Bratt	11464	12.28	140.98	California	Santa Barbara	34.2994444	-120.0911111	outside_boundary_exact	not_found_in_US	W end wave terrace	https://lichenportal.org/portal/collections/individual/index.php?occid=97047
703659	ASU	ASUL013360	B.D. Ryan	26743	12.25	119.72	California	Merced	36.97019	-121.38416	outside_boundary_exact	California, Santa Clara County	Hwy 152, 20 miles [32 km] NNE of Hollister	https://lichenportal.org/portal/collections/individual/index.php?occid=703659
104434	ASU	ASUL015734	Mikki McGee	MM-621	12.13	70.55	California	San Francisco	37.6	-122.4	outside_boundary_exact	California, San Mateo County	NA	https://lichenportal.org/portal/collections/individual/index.php?occid=104434
59041	ASU	ASUL050966	B.D. Ryan	11270	12.02	87.88	California	Tuolumne	37.6666667	-120	outside_boundary_exact	California, Mariposa County	Yosemite National Park, Tuolumne Giant Tree Trail	https://lichenportal.org/portal/collections/individual/index.php?occid=59041
84318	ASU	NA	B.D. Ryan	11192	12.02	87.88	California	Tuolumne	37.6666667	-120	outside_boundary_exact	California, Mariposa County	Yosemite National Park	https://lichenportal.org/portal/collections/individual/index.php?occid=84318
2273824	ASU	ASUL002757	H.D. Thiers	HDT 27219	11.31	103.23	California	San Joaquin	37.41871	-121.37026	outside_boundary_exact	California, Stanislaus County	Frank Raines County Park	https://lichenportal.org/portal/collections/individual/index.php?occid=2273824
58918	ASU	NA	B.D. Ryan	31623	9.7	123.92	California	Santa Barbara	34.25	-119.7	outside_boundary_exact	not_found_in_US	Santa Cruz Island, Cañada del Puerto along road to Stanton Ranch	https://lichenportal.org/portal/collections/individual/index.php?occid=58918
58919	ASU	NA	B.D. Ryan	31624	9.7	123.92	California	Santa Barbara	34.25	-119.7	outside_boundary_exact	not_found_in_US	Santa Cruz Island, Cañada del Puerto along road to Stanton Ranch	https://lichenportal.org/portal/collections/individual/index.php?occid=58919
58920	ASU	NA	B.D. Ryan	31625	9.7	123.92	California	Santa Barbara	34.25	-119.7	outside_boundary_exact	not_found_in_US	Santa Cruz Island, Cañada del Puerto along road to Stanton Ranch	https://lichenportal.org/portal/collections/individual/index.php?occid=58920
58921	ASU	NA	B.D. Ryan	31626	9.7	123.92	California	Santa Barbara	34.25	-119.7	outside_boundary_exact	not_found_in_US	Santa Cruz Island, Cañada del Puerto along road to Stanton Ranch	https://lichenportal.org/portal/collections/individual/index.php?occid=58921
58922	ASU	NA	B.D. Ryan	31627	9.7	123.92	California	Santa Barbara	34.25	-119.7	outside_boundary_exact	not_found_in_US	Santa Cruz Island, Cañada del Puerto along road to Stanton Ranch	https://lichenportal.org/portal/collections/individual/index.php?occid=58922
58923	ASU	NA	B.D. Ryan	31628-b	9.7	123.92	California	Santa Barbara	34.25	-119.7	outside_boundary_exact	not_found_in_US	Santa Cruz Island, Cañada del Puerto along road to Stanton Ranch	https://lichenportal.org/portal/collections/individual/index.php?occid=58923
58924	ASU	ASUL031777	B.D. Ryan	31629	9.7	123.92	California	Santa Barbara	34.25	-119.7	outside_boundary_exact	not_found_in_US	Santa Cruz Island, Cañada del Puerto along road to Stanton Ranch	https://lichenportal.org/portal/collections/individual/index.php?occid=58924
58925	ASU	NA	B.D. Ryan	31630	9.7	123.92	California	Santa Barbara	34.25	-119.7	outside_boundary_exact	not_found_in_US	Santa Cruz Island, Cañada del Puerto along road to Stanton Ranch	https://lichenportal.org/portal/collections/individual/index.php?occid=58925
77668	ASU	NA	B.D. Ryan	31526-a	9.7	123.92	California	Santa Barbara	34.25	-119.7	outside_boundary_exact	not_found_in_US	Santa Cruz Island, Cañada del Puerto ca. 3 km SW of Prisoner's Harbor, along road to Stanton Ranch	https://lichenportal.org/portal/collections/individual/index.php?occid=77668
78562	ASU	NA	B.D. Ryan	31527	9.7	123.92	California	Santa Barbara	34.25	-119.7	outside_boundary_exact	not_found_in_US	Santa Cruz Island, Cañada del Puerto ca. 3 km SW of Prisoner's Harbor, along road to Stanton Ranch	https://lichenportal.org/portal/collections/individual/index.php?occid=78562
103928	ASU	ASUL034378	K. Knudsen	4231	7.57	281.14	California	Riverside	33.4225	-117.3858333	outside_boundary_exact	California, San Diego County	Peninsular Range; Santa Ana Mtns: Santa Margarita Mtns., Camp Pendleton, ca. 2.4 km S of Margarita Peak, Margarita Peak 7.5' Q	https://lichenportal.org/portal/collections/individual/index.php?occid=103928
103925	ASU	ASUL000441	Kerry Knudsen	4222	7.42	281.3	California	Riverside	33.4247222	-117.3883333	outside_boundary_exact	California, San Diego County	Peninsular Range; Santa Ana Mtns: Santa Margarita Mtns., Camp Pendleton, ca. 2.4 km [1.5 mi.] S of Margarita Peak, Margarita Peak 7.5' Q	https://lichenportal.org/portal/collections/individual/index.php?occid=103925
103933	ASU	NA	K. Knudsen	4243	7.37	281.43	California	Riverside	33.4258333	-117.3902778	outside_boundary_exact	California, San Diego County	Peninsular Range; Santa Ana Mtns: Santa Margarita Mtns., Camp Pendleton, ca. 2.4 km S of Margarita Peak, Baseline 89; shrub 1, Margarita Peak 7.5' Q	https://lichenportal.org/portal/collections/individual/index.php?occid=103933
56429	ASU	NA	B.D. Ryan	11271	6.87	165.02	California	Los Angeles	34.1666667	-118.9166667	outside_boundary_exact	California, Ventura County	Santa Monica Mountains, Espanoza Canyon	https://lichenportal.org/portal/collections/individual/index.php?occid=56429
56430	ASU	ASUL033943	B.D. Ryan	11272	6.87	165.02	California	Los Angeles	34.1666667	-118.9166667	outside_boundary_exact	California, Ventura County	Santa Monica Mountains, Espanoza Canyon	https://lichenportal.org/portal/collections/individual/index.php?occid=56430
56431	ASU	ASUL001000	B.D. Ryan	11273	6.87	165.02	California	Los Angeles	34.1666667	-118.9166667	outside_boundary_exact	California, Ventura County	Santa Monica Mountains, Espanoza Canyon	https://lichenportal.org/portal/collections/individual/index.php?occid=56431
56432	ASU	NA	B.D. Ryan	11274	6.87	165.02	California	Los Angeles	34.1666667	-118.9166667	outside_boundary_exact	California, Ventura County	Santa Monica Mountains, Espanoza Canyon	https://lichenportal.org/portal/collections/individual/index.php?occid=56432
56433	ASU	NA	Bruce D. Ryan	11275	6.87	165.02	California	Los Angeles	34.1666667	-118.9166667	outside_boundary_exact	California, Ventura County	Santa Monica Mountains, Espanoza Canyon.	https://lichenportal.org/portal/collections/individual/index.php?occid=56433
56434	ASU	ASUL031885	B.D. Ryan	11276 A	6.87	165.02	California	Los Angeles	34.1666667	-118.9166667	outside_boundary_exact	California, Ventura County	Santa Monica Mountains, Espanoza Canyon	https://lichenportal.org/portal/collections/individual/index.php?occid=56434
56435	ASU	NA	B.D. Ryan	11277	6.87	165.02	California	Los Angeles	34.1666667	-118.9166667	outside_boundary_exact	California, Ventura County	Santa Monica Mountains, Espanoza Canyon	https://lichenportal.org/portal/collections/individual/index.php?occid=56435
56436	ASU	NA	B.D. Ryan	11278	6.87	165.02	California	Los Angeles	34.1666667	-118.9166667	outside_boundary_exact	California, Ventura County	Santa Monica Mountains, Espanoza Canyon	https://lichenportal.org/portal/collections/individual/index.php?occid=56436
5611186	ASU	ASUL048269	B.D. Ryan	11276 B	6.87	165.02	California	Los Angeles	34.1666667	-118.9166667	outside_boundary_exact	California, Ventura County	Santa Monica Mountains, Espanoza Canyon	https://lichenportal.org/portal/collections/individual/index.php?occid=5611186
104697	ASU	NA	C.C. Bratt	12485	6.69	157.23	California	San Luis Obispo	35	-120	outside_boundary_exact	California, Santa Barbara County	Big Rocks, N of Rte 166 25.6 mi. E of Rte 101.  Cuyama Valley	https://lichenportal.org/portal/collections/individual/index.php?occid=104697
1374721	ASU	ASU0068198	M.E. Hale	57768	6.69	157.23	California	San Luis Obispo	35	-120	outside_boundary_exact	California, Santa Barbara County	Los Osos Oak Reserve, near Los Osos.	https://lichenportal.org/portal/collections/individual/index.php?occid=1374721
94207	ASU	NA	D. Toren	1718	6.28	108.93	California	Lake	39.536441	-123.122796	outside_boundary_exact	California, Mendocino County	Mt. Sanhedrin Road near Lake Pillsbury	https://lichenportal.org/portal/collections/individual/index.php?occid=94207
99578	ASU	ASUL008667	T.H. Nash III	44010	5.85	149	California	San Diego	32.5416667	-116.4069444	outside_boundary_exact	not_found_in_US	NA	https://lichenportal.org/portal/collections/individual/index.php?occid=99578
57557	ASU	NA	B.D. Ryan	22180	5.21	182	California	Mono	37.65	-118	outside_boundary_exact	Nevada, Esmeralda County	1.6 km along Sawmill Road, 4.8 km E of town of Mammoth Lake, W of Hwy 395	https://lichenportal.org/portal/collections/individual/index.php?occid=57557
57558	ASU	NA	B.D. Ryan	22181	5.21	182	California	Mono	37.65	-118	outside_boundary_exact	Nevada, Esmeralda County	1.6 km along Sawmill Road, 4.8 km E of town of Mammoth Lake, W of Hwy 395	https://lichenportal.org/portal/collections/individual/index.php?occid=57558
42645	ASU	NA	T.H. Nash III	22781	5.05	135.8	California	Monterey	35.75	-121.3333333	outside_boundary_exact	not_found_in_US	along Nacimiento Road ca. 1.5 km E of Pacific Ocean on west side of the Santa Lucia Range	https://lichenportal.org/portal/collections/individual/index.php?occid=42645
42667	ASU	NA	T.H. Nash III	22783	5.05	135.8	California	Monterey	35.75	-121.3333333	outside_boundary_exact	not_found_in_US	along Nacimiento Road ca. 1.5 km E of Pacific Ocean on west side of the Santa Lucia Range	https://lichenportal.org/portal/collections/individual/index.php?occid=42667
57583	ASU	NA	B.D. Ryan	11216	5.05	135.8	California	Monterey	35.75	-121.3333333	outside_boundary_exact	not_found_in_US	Naciemento Road, W side of Santa Lucia Range, 1.5 km from ocean	https://lichenportal.org/portal/collections/individual/index.php?occid=57583
57584	ASU	NA	B.D. Ryan	11217	5.05	135.8	California	Monterey	35.75	-121.3333333	outside_boundary_exact	not_found_in_US	Naciemento Road, W side of Santa Lucia Range, 1.5 km from ocean	https://lichenportal.org/portal/collections/individual/index.php?occid=57584
57585	ASU	NA	B.D. Ryan	11218	5.05	135.8	California	Monterey	35.75	-121.3333333	outside_boundary_exact	not_found_in_US	Naciemento Road, W side of Santa Lucia Range, 1.5 km from ocean	https://lichenportal.org/portal/collections/individual/index.php?occid=57585
57587	ASU	NA	B.D. Ryan	11220	5.05	135.8	California	Monterey	35.75	-121.3333333	outside_boundary_exact	not_found_in_US	Naciemento Road, W side of Santa Lucia Range, 1.5 km from ocean	https://lichenportal.org/portal/collections/individual/index.php?occid=57587
57588	ASU	NA	B.D. Ryan	11221	5.05	135.8	California	Monterey	35.75	-121.3333333	outside_boundary_exact	not_found_in_US	Naciemento Road, W side of Santa Lucia Range, 1.5 km from ocean	https://lichenportal.org/portal/collections/individual/index.php?occid=57588
57590	ASU	NA	B.D. Ryan	11223	5.05	135.8	California	Monterey	35.75	-121.3333333	outside_boundary_exact	not_found_in_US	Naciemento Road, W side of Santa Lucia Range, 1.5 km from ocean	https://lichenportal.org/portal/collections/individual/index.php?occid=57590
57591	ASU	NA	B.D. Ryan	11224	5.05	135.8	California	Monterey	35.75	-121.3333333	outside_boundary_exact	not_found_in_US	1.5 km E of Pacific Ocean, on W side of Santa Lucia Range, along Naciemento Road	https://lichenportal.org/portal/collections/individual/index.php?occid=57591
59602	ASU	NA	B.D. Ryan	11231	5.05	135.8	California	Monterey	35.75	-121.3333333	outside_boundary_exact	not_found_in_US	1.5 km E of Pacific Ocean, on W side of Santa Lucia Range, along Naciemento Road	https://lichenportal.org/portal/collections/individual/index.php?occid=59602
85300	ASU	NA	B.D. Ryan	11231--b	5.05	135.8	California	Monterey	35.75	-121.3333333	outside_boundary_exact	not_found_in_US	1.5 km E of Pacific Ocean, on W side of Santa Lucia Range, along Naciemento Road	https://lichenportal.org/portal/collections/individual/index.php?occid=85300
94206	ASU	NA	L. Sigal	NA	5.05	112.51	California	Tehama	40.465386	-121.944	outside_boundary_exact	California, Shasta County	road between Mineral and Redding	https://lichenportal.org/portal/collections/individual/index.php?occid=94206
96171	ASU	NA	B.D. Ryan	11219	5.05	135.8	California	Monterey	35.75	-121.3333333	outside_boundary_exact	not_found_in_US	1.5 km E of Pacific Ocean, on W side of Santa Lucia Range, along Naciemento Road	https://lichenportal.org/portal/collections/individual/index.php?occid=96171
67741	ASU	NA	E. Timdal	7096	4.91	76.25	California	Mariposa	37.4	-119.6	outside_boundary_exact	California, Madera County	Yosemite National Park, Mariposa Grove	https://lichenportal.org/portal/collections/individual/index.php?occid=67741
104706	ASU	NA	K. Knudsen	6112	4.78	302.59	California	Riverside	33.8388889	-117.7208333	outside_boundary_exact	California, Orange County	Peninsular Range:  Santa Ana Mountains:  Weir Canyon: N/S of Windy Ridge Road above the toll way, on hill top	https://lichenportal.org/portal/collections/individual/index.php?occid=104706
1319158	ASU	NA	L. Sigal	s.n.	4.39	66.82	California	San Mateo	37.23908	-122.10205	outside_boundary_exact	California, Santa Clara County	San Francisco Watershed.	https://lichenportal.org/portal/collections/individual/index.php?occid=1319158
57398	ASU	NA	B.D. Ryan	21963	3.89	71.43	California	San Mateo	37.6833333	-122.2083333	outside_boundary_exact	not_found_in_US	San Bruno Mountain, just SE of San Francisco	https://lichenportal.org/portal/collections/individual/index.php?occid=57398
58322	ASU	NA	B.D. Ryan	21970	3.89	71.43	California	San Mateo	37.6833333	-122.2083333	outside_boundary_exact	not_found_in_US	San Bruno Mountain, just SE of San Francisco	https://lichenportal.org/portal/collections/individual/index.php?occid=58322
58323	ASU	NA	B.D. Ryan	21972	3.89	71.43	California	San Mateo	37.6833333	-122.2083333	outside_boundary_exact	not_found_in_US	San Bruno Mountain, just SE of San Francisco	https://lichenportal.org/portal/collections/individual/index.php?occid=58323
58324	ASU	ASUL019359	B.D. Ryan	21975-a	3.89	71.43	California	San Mateo	37.6833333	-122.2083333	outside_boundary_exact	not_found_in_US	San Bruno Mountain, just SE of San Francisco	https://lichenportal.org/portal/collections/individual/index.php?occid=58324
58325	ASU	NA	B.D. Ryan	21976	3.89	71.43	California	San Mateo	37.6833333	-122.2083333	outside_boundary_exact	not_found_in_US	San Bruno Mountain, just SE of San Francisco	https://lichenportal.org/portal/collections/individual/index.php?occid=58325
58326	ASU	NA	B.D. Ryan	21977	3.89	71.43	California	San Mateo	37.6833333	-122.2083333	outside_boundary_exact	not_found_in_US	San Bruno Mountain, just SE of San Francisco	https://lichenportal.org/portal/collections/individual/index.php?occid=58326
58327	ASU	NA	B.D. Ryan	21978	3.89	71.43	California	San Mateo	37.6833333	-122.2083333	outside_boundary_exact	not_found_in_US	San Bruno Mountain, just SE of San Francisco	https://lichenportal.org/portal/collections/individual/index.php?occid=58327
58328	ASU	NA	B.D. Ryan	21979	3.89	71.43	California	San Mateo	37.6833333	-122.2083333	outside_boundary_exact	not_found_in_US	San Bruno Mountain, just SE of San Francisco	https://lichenportal.org/portal/collections/individual/index.php?occid=58328
58329	ASU	NA	B.D. Ryan	21980	3.89	71.43	California	San Mateo	37.6833333	-122.2083333	outside_boundary_exact	not_found_in_US	San Bruno Mountain, just SE of San Francisco	https://lichenportal.org/portal/collections/individual/index.php?occid=58329
58330	ASU	NA	B.D. Ryan	21981	3.89	71.43	California	San Mateo	37.6833333	-122.2083333	outside_boundary_exact	not_found_in_US	San Bruno Mountain, just SE of San Francisco	https://lichenportal.org/portal/collections/individual/index.php?occid=58330
58331	ASU	NA	B.D. Ryan	21982	3.89	71.43	California	San Mateo	37.6833333	-122.2083333	outside_boundary_exact	not_found_in_US	San Bruno Mountain, just SE of San Francisco	https://lichenportal.org/portal/collections/individual/index.php?occid=58331
58332	ASU	NA	B.D. Ryan	21984-a	3.89	71.43	California	San Mateo	37.6833333	-122.2083333	outside_boundary_exact	not_found_in_US	San Bruno Mountain, just SE of San Francisco	https://lichenportal.org/portal/collections/individual/index.php?occid=58332
58333	ASU	NA	B.D. Ryan	21985	3.89	71.43	California	San Mateo	37.6833333	-122.2083333	outside_boundary_exact	not_found_in_US	San Bruno Mountain, just SE of San Francisco	https://lichenportal.org/portal/collections/individual/index.php?occid=58333
58334	ASU	NA	Bruce D. Ryan	21986	3.89	71.43	California	San Mateo	37.6833333	-122.2083333	outside_boundary_exact	not_found_in_US	San Bruno Mountain, just southeast of San Francisco.	https://lichenportal.org/portal/collections/individual/index.php?occid=58334
58336	ASU	ASUL007111	B.D. Ryan	21988 A	3.89	71.43	California	San Mateo	37.6833333	-122.2083333	outside_boundary_exact	not_found_in_US	San Bruno Mountain, just SE of San Francisco	https://lichenportal.org/portal/collections/individual/index.php?occid=58336
58337	ASU	NA	B.D. Ryan	21989	3.89	71.43	California	San Mateo	37.6833333	-122.2083333	outside_boundary_exact	not_found_in_US	San Bruno Mountain, just SE of San Francisco	https://lichenportal.org/portal/collections/individual/index.php?occid=58337
58338	ASU	NA	B.D. Ryan	21990	3.89	71.43	California	San Mateo	37.6833333	-122.2083333	outside_boundary_exact	not_found_in_US	San Bruno Mountain, just SE of San Francisco	https://lichenportal.org/portal/collections/individual/index.php?occid=58338
58339	ASU	NA	B.D. Ryan	21991	3.89	71.43	California	San Mateo	37.6833333	-122.2083333	outside_boundary_exact	not_found_in_US	San Bruno Mountain, just SE of San Francisco	https://lichenportal.org/portal/collections/individual/index.php?occid=58339
58340	ASU	NA	B.D. Ryan	21992	3.89	71.43	California	San Mateo	37.6833333	-122.2083333	outside_boundary_exact	not_found_in_US	San Bruno Mountain, just SE of San Francisco	https://lichenportal.org/portal/collections/individual/index.php?occid=58340
58341	ASU	ASUL024042	B.D. Ryan	21993	3.89	71.43	California	San Mateo	37.6833333	-122.2083333	outside_boundary_exact	not_found_in_US	San Bruno Mountain, just SE of San Francisco	https://lichenportal.org/portal/collections/individual/index.php?occid=58341
58342	ASU	ASUL035960	B.D. Ryan	21994	3.89	71.43	California	San Mateo	37.6833333	-122.2083333	outside_boundary_exact	not_found_in_US	San Bruno Mountain, just SE of San Francisco	https://lichenportal.org/portal/collections/individual/index.php?occid=58342
58343	ASU	ASUL034464	B.D. Ryan	21995	3.89	71.43	California	San Mateo	37.6833333	-122.2083333	outside_boundary_exact	not_found_in_US	San Bruno Mountain, just SE of San Francisco	https://lichenportal.org/portal/collections/individual/index.php?occid=58343
58344	ASU	NA	B.D. Ryan	21996	3.89	71.43	California	San Mateo	37.6833333	-122.2083333	outside_boundary_exact	not_found_in_US	San Bruno Mountain, just SE of San Francisco	https://lichenportal.org/portal/collections/individual/index.php?occid=58344
71038	ASU	ASUL025005	B.D. Ryan	21988 B	3.89	71.43	California	San Mateo	37.6833333	-122.2083333	outside_boundary_exact	not_found_in_US	San Bruno Mountain, just SE of San Francisco	https://lichenportal.org/portal/collections/individual/index.php?occid=71038
72245	ASU	ASUL015248	B.D. Ryan	21964	3.89	71.43	California	San Mateo	37.6833333	-122.2083333	outside_boundary_exact	not_found_in_US	San Bruno Mountain, just SE of San Francisco	https://lichenportal.org/portal/collections/individual/index.php?occid=72245
76777	ASU	ASUL034088	B.D. Ryan	21960	3.89	71.43	California	San Mateo	37.6833333	-122.2083333	outside_boundary_exact	not_found_in_US	San Bruno Mountain, just SE of San Francisco	https://lichenportal.org/portal/collections/individual/index.php?occid=76777
81634	ASU	NA	B.D. Ryan	21984-b	3.89	71.43	California	San Mateo	37.6833333	-122.2083333	outside_boundary_exact	not_found_in_US	San Bruno Mountain, just SE of San Francisco	https://lichenportal.org/portal/collections/individual/index.php?occid=81634
84260	ASU	ASUL019305	B.D. Ryan	21975-b	3.89	71.43	California	San Mateo	37.6833333	-122.2083333	outside_boundary_exact	not_found_in_US	San Bruno Mountain, just SE of San Francisco	https://lichenportal.org/portal/collections/individual/index.php?occid=84260
101310	ASU	NA	L. Sigal	358	3.89	71.43	California	San Mateo	37.6833333	-122.2083333	outside_boundary_exact	not_found_in_US	San Bruno Mountain, just SE of San Francisco	https://lichenportal.org/portal/collections/individual/index.php?occid=101310
101343	ASU	ASUL001021	D. Toren	1759	3.89	71.43	California	San Mateo	37.6833333	-122.2083333	outside_boundary_exact	not_found_in_US	San Bruno Mountain, just SE of San Francisco	https://lichenportal.org/portal/collections/individual/index.php?occid=101343
122215	ASU	NA	R.A. Darrow	693	3.85	249.72	California	San Bernardino	34	-116	outside_boundary_exact	California, Riverside County	Valley View	https://lichenportal.org/portal/collections/individual/index.php?occid=122215
52360	ASU	NA	T.H. Nash III	19591	3.83	158.27	California	San Luis Obispo	35.35	-119.7666667	outside_boundary_exact	California, Kern County	Cuesta Pass along US 101, 8 km NNE of San Luis Obispo	https://lichenportal.org/portal/collections/individual/index.php?occid=52360
103576	ASU	ASUL002443	Kerry Knudsen	3607	3.57	249.53	California	San Bernardino	34.0025	-115.9994444	outside_boundary_exact	California, Riverside County	Joshua Tree National Monument; Belle Mountain; 29 Palm Mountain.	https://lichenportal.org/portal/collections/individual/index.php?occid=103576
103872	ASU	NA	K. Knudsen	2487	3.32	160.26	California	Los Angeles	34.1166667	-118.9333333	outside_boundary_exact	California, Ventura County	Santa Monica Mountains: Sandstone Peak, Triunfo Pass	https://lichenportal.org/portal/collections/individual/index.php?occid=103872
80751	ASU	NA	C.K. Schmitt	6740	2.84	161.43	California	Mendocino	38.827286	-123.040648	outside_boundary_exact	California, Sonoma County	3 km NW of Cloverdale along Rte. 128	https://lichenportal.org/portal/collections/individual/index.php?occid=80751
84343	ASU	ASUL000443	K. Knudsen	361	2.47	281.12	California	Riverside	33.6508333	-117.4513889	outside_boundary_exact	California, Orange County	Santa Ana Mountains, along San Juan Loop	https://lichenportal.org/portal/collections/individual/index.php?occid=84343
59638	ASU	NA	L. Sigal	1001	1.75	71.56	California	Marin	37.8	-122.6166667	outside_boundary_exact	not_found_in_US	Carson Ridge Fire Road	https://lichenportal.org/portal/collections/individual/index.php?occid=59638
123622	ASU	NA	L. Ross	330	1.69	118.23	California	Monterey	36.4875	-121.2083333	outside_boundary_exact	California, San Benito County	West side of Pinnacles National Monument	https://lichenportal.org/portal/collections/individual/index.php?occid=123622
123623	ASU	NA	L. Ross	331	1.69	118.23	California	Monterey	36.4875	-121.2083333	outside_boundary_exact	California, San Benito County	West side of Pinnacles National Monument	https://lichenportal.org/portal/collections/individual/index.php?occid=123623
123624	ASU	NA	L. Ross	332	1.69	118.23	California	Monterey	36.4875	-121.2083333	outside_boundary_exact	California, San Benito County	West side of Pinnacles National Monument	https://lichenportal.org/portal/collections/individual/index.php?occid=123624
123625	ASU	NA	L. Ross	333	1.69	118.23	California	Monterey	36.4875	-121.2083333	outside_boundary_exact	California, San Benito County	West side of Pinnacles National Monument	https://lichenportal.org/portal/collections/individual/index.php?occid=123625
123668	ASU	NA	L. Ross	334	1.69	118.23	California	Monterey	36.4875	-121.2083333	outside_boundary_exact	California, San Benito County	West side of Pinnacles National Monument	https://lichenportal.org/portal/collections/individual/index.php?occid=123668
123670	ASU	NA	L. Ross	335	1.69	118.23	California	Monterey	36.4875	-121.2083333	outside_boundary_exact	California, San Benito County	West side of Pinnacles National Monument	https://lichenportal.org/portal/collections/individual/index.php?occid=123670
64363	ASU	ASUL050142	E. Barreno	104143	1.38	296.7	California	Riverside	33.9333333	-117.6666667	outside_boundary_exact	California, San Bernardino County	Sycamore Canyon	https://lichenportal.org/portal/collections/individual/index.php?occid=64363
64379	ASU	ASUL007071	D. Toren	NA	1.31	115.72	California	Mendocino	39.388674	-123.039871	outside_boundary_exact	California, Lake County	Potter Valley, near saw mill, road to Lake Pillsbury	https://lichenportal.org/portal/collections/individual/index.php?occid=64379
96248	ASU	NA	K. Knudsen	1207	1.13	287.59	California	Riverside	33.7	-117.5333333	outside_boundary_exact	California, Orange County	Santa Ana Mountains, south slope of Santiago Peak	https://lichenportal.org/portal/collections/individual/index.php?occid=96248
58970	ASU	NA	B.D. Ryan	11132	1.08	150.41	California	Tulare	36	-118	outside_boundary_exact	California, Inyo County	Sequoia National Park, Park Service Campsite	https://lichenportal.org/portal/collections/individual/index.php?occid=58970
58971	ASU	NA	B.D. Ryan	11133	1.08	150.41	California	Tulare	36	-118	outside_boundary_exact	California, Inyo County	Sequoia National Park, Park Service Campsite	https://lichenportal.org/portal/collections/individual/index.php?occid=58971
58972	ASU	ASUL050471	B.D. Ryan	11134	1.08	150.41	California	Tulare	36	-118	outside_boundary_exact	California, Inyo County	Sequoia National Park, Park Service Campsite	https://lichenportal.org/portal/collections/individual/index.php?occid=58972
58974	ASU	ASUL014104	B.D. Ryan	11136	1.08	150.41	California	Tulare	36	-118	outside_boundary_exact	California, Inyo County	Sequoia National Park, Park Service Campsite	https://lichenportal.org/portal/collections/individual/index.php?occid=58974
58975	ASU	NA	B.D. Ryan	11137	1.08	150.41	California	Tulare	36	-118	outside_boundary_exact	California, Inyo County	Sequoia National Park, Park Service Campsite	https://lichenportal.org/portal/collections/individual/index.php?occid=58975
58977	ASU	NA	B.D. Ryan	11140	1.08	150.41	California	Tulare	36	-118	outside_boundary_exact	California, Inyo County	Sequoia National Park, Park Service Campsite	https://lichenportal.org/portal/collections/individual/index.php?occid=58977
60525	ASU	NA	W.A. Weber	NA	0.98	187.32	California	Santa Barbara	34.9833333	-119.7333333	outside_boundary_exact	California, San Luis Obispo County	Santa Cruz Island, upper end of Islay Canyon, a few miles SW of the Univ. of California Research Station	https://lichenportal.org/portal/collections/individual/index.php?occid=60525
61753	ASU	NA	J. Marsh	5775	0.98	187.32	California	Santa Barbara	34.9833333	-119.7333333	outside_boundary_exact	California, San Luis Obispo County	Santa Cruz Island, above Islay Canyon grassland and rocky cliffs near s	https://lichenportal.org/portal/collections/individual/index.php?occid=61753
69998	ASU	NA	C.C. Bratt	NA	0.98	187.32	California	Santa Barbara	34.9833333	-119.7333333	outside_boundary_exact	California, San Luis Obispo County	Santa Cruz Island, upper Islay Canyon Road	https://lichenportal.org/portal/collections/individual/index.php?occid=69998
1374934	ASU	ASU0069530	W.A. Weber	NA	0.98	187.32	California	Santa Barbara	34.9833333	-119.7333333	outside_boundary_exact	California, San Luis Obispo County	Channel Islands. Santa Cruz Island. Upper end of Islay Canyon, a few miles southwest of the University of California Research Station.	https://lichenportal.org/portal/collections/individual/index.php?occid=1374934
96255	ASU	ASUL002640	Kerry Knudsen	1202	0.89	286.08	California	Riverside	33.7	-117.5166667	outside_boundary_exact	California, Orange County	Santa Ana Mountains, top of Santiago Peak	https://lichenportal.org/portal/collections/individual/index.php?occid=96255
2690500	ASU	NA	L. Sigal	LS-56	0.84	60.25	California	Nevada	39.30063	-120.66791	outside_boundary_exact	California, Placer County	Emigrant Gap at junction of highways 80 and 20	https://lichenportal.org/portal/collections/individual/index.php?occid=2690500
60426	ASU	ASUL001736	B.D. Ryan	12494	0.71	102.51	California	Shasta	40.4166667	-122	outside_boundary_exact	California, Tehama County	along Hwy 44, 27 km W of Redding (16 km W of Shingletown)	https://lichenportal.org/portal/collections/individual/index.php?occid=60426
71994	ASU	ASUL030278	B.D. Ryan	11118	0.71	102.51	California	Shasta	40.4166667	-122	outside_boundary_exact	California, Tehama County	along Hwy 44, 27 km W of Redding (16 km W of Shingletown)	https://lichenportal.org/portal/collections/individual/index.php?occid=71994
72009	ASU	ASUL001469	B.D. Ryan	11103	0.71	102.51	California	Shasta	40.4166667	-122	outside_boundary_exact	California, Tehama County	along Hwy 44, 27 km W of Redding (16 km W of Shingletown)	https://lichenportal.org/portal/collections/individual/index.php?occid=72009
72151	ASU	ASUL001661	B.D. Ryan	11106	0.71	102.51	California	Shasta	40.4166667	-122	outside_boundary_exact	California, Tehama County	along Hwy 44, 27 km W of Redding (16 km W of Shingletown)	https://lichenportal.org/portal/collections/individual/index.php?occid=72151
72189	ASU	ASUL001727	B.D. Ryan	11115	0.71	102.51	California	Shasta	40.4166667	-122	outside_boundary_exact	California, Tehama County	along Hwy 44, 27 km W of Redding (16 km W of Shingletown)	https://lichenportal.org/portal/collections/individual/index.php?occid=72189
72191	ASU	ASUL001724	B.D. Ryan	12493	0.71	102.51	California	Shasta	40.4166667	-122	outside_boundary_exact	California, Tehama County	along Hwy 44, 27 km W of Redding (16 km W of Shingletown)	https://lichenportal.org/portal/collections/individual/index.php?occid=72191
72192	ASU	ASUL001738	B.D. Ryan	11119	0.71	102.51	California	Shasta	40.4166667	-122	outside_boundary_exact	California, Tehama County	along Hwy 44, 27 km W of Redding (16 km W of Shingletown)	https://lichenportal.org/portal/collections/individual/index.php?occid=72192
72420	ASU	NA	B.D. Ryan	11118	0.71	102.51	California	Shasta	40.4166667	-122	outside_boundary_exact	California, Tehama County	along Hwy 44, 27 km W of Redding (16 km W of Shingletown)	https://lichenportal.org/portal/collections/individual/index.php?occid=72420
80153	ASU	NA	B.D. Ryan	11102-a	0.71	102.51	California	Shasta	40.4166667	-122	outside_boundary_exact	California, Tehama County	along Hwy 44, 27 km W of Redding (16 km W of Shingletown)	https://lichenportal.org/portal/collections/individual/index.php?occid=80153
80154	ASU	NA	B.D. Ryan	11102-b	0.71	102.51	California	Shasta	40.4166667	-122	outside_boundary_exact	California, Tehama County	along Hwy 44, 27 km W of Redding (16 km W of Shingletown)	https://lichenportal.org/portal/collections/individual/index.php?occid=80154
83425	ASU	NA	B.D. Ryan	11120	0.71	102.51	California	Shasta	40.4166667	-122	outside_boundary_exact	California, Tehama County	along Hwy 44, 27 km W of Redding (16 km W of Shingletown)	https://lichenportal.org/portal/collections/individual/index.php?occid=83425
86033	ASU	ASUL001048	B.D. Ryan	11107	0.71	102.51	California	Shasta	40.4166667	-122	outside_boundary_exact	California, Tehama County	along Hwy 44, 27 km W of Redding (16 km W of Shingletown)	https://lichenportal.org/portal/collections/individual/index.php?occid=86033
87495	ASU	NA	B.D. Ryan	12495	0.71	102.51	California	Shasta	40.4166667	-122	outside_boundary_exact	California, Tehama County	along Hwy 44, 27 km W of Redding (16 km W of Shingletown)	https://lichenportal.org/portal/collections/individual/index.php?occid=87495
88300	ASU	NA	B.D. Ryan	11110	0.71	102.51	California	Shasta	40.4166667	-122	outside_boundary_exact	California, Tehama County	along Hwy 44, 27 km W of Redding (16 km W of Shingletown)	https://lichenportal.org/portal/collections/individual/index.php?occid=88300
88326	ASU	NA	B.D. Ryan	11105	0.71	102.51	California	Shasta	40.4166667	-122	outside_boundary_exact	California, Tehama County	along Hwy 44, 27 km W of Redding (16 km W of Shingletown)	https://lichenportal.org/portal/collections/individual/index.php?occid=88326
88328	ASU	NA	B.D. Ryan	12496	0.71	102.51	California	Shasta	40.4166667	-122	outside_boundary_exact	California, Tehama County	along Hwy 44, 27 km W of Redding (16 km W of Shingletown)	https://lichenportal.org/portal/collections/individual/index.php?occid=88328
89782	ASU	NA	B.D. Ryan	11111	0.71	102.51	California	Shasta	40.4166667	-122	outside_boundary_exact	California, Tehama County	along Hwy 44, 27 km W of Redding (16 km W of Shingletown)	https://lichenportal.org/portal/collections/individual/index.php?occid=89782
89826	ASU	NA	B.D. Ryan	11116	0.71	102.51	California	Shasta	40.4166667	-122	outside_boundary_exact	California, Tehama County	along Hwy 44, 27 km W of Redding (16 km W of Shingletown)	https://lichenportal.org/portal/collections/individual/index.php?occid=89826
92926	ASU	NA	B.D. Ryan	11112-b	0.71	102.51	California	Shasta	40.4166667	-122	outside_boundary_exact	California, Tehama County	along Hwy 44, 27 km W of Redding (16 km W of Shingletown)	https://lichenportal.org/portal/collections/individual/index.php?occid=92926
93744	ASU	NA	B.D. Ryan	11112	0.71	102.51	California	Shasta	40.4166667	-122	outside_boundary_exact	California, Tehama County	along Hwy 44, 27 km W of Redding (16 km W of Shingletown)	https://lichenportal.org/portal/collections/individual/index.php?occid=93744
99534	ASU	ASUL020478	B.D. Ryan	11104	0.71	102.51	California	Shasta	40.4166667	-122	outside_boundary_exact	California, Tehama County	Hwy 44, 27.4 km W of Redding (16 km [10 mi] W of Shingletown)	https://lichenportal.org/portal/collections/individual/index.php?occid=99534
102928	ASU	NA	B.D. Ryan	11113	0.71	102.51	California	Shasta	40.4166667	-122	outside_boundary_exact	California, Tehama County	along hwy 44, 17 miles W of Redding (10 miles W of Shingletown)	https://lichenportal.org/portal/collections/individual/index.php?occid=102928
106584	ASU	ASUL029714	B.D. Ryan	12497	0.71	102.51	California	Shasta	40.4166667	-122	outside_boundary_exact	California, Tehama County	along Hwy 44, 27 km [17 mi] W of Redding (16 km [10 mi] W of Shingletown)	https://lichenportal.org/portal/collections/individual/index.php?occid=106584
2273820	ASU	ASUL002767	B.D. Ryan	11114	0.71	102.51	California	Shasta	40.4166667	-122	outside_boundary_exact	California, Tehama County	along Hwy 44, 27 km [17 mi] W of Redding (16 km [10 mi] W of Shingletown)	https://lichenportal.org/portal/collections/individual/index.php?occid=2273820
2419955	ASU	ASUL019468	B.D. Ryan	11108	0.71	102.51	California	Shasta	40.4166667	-122	outside_boundary_exact	California, Tehama County	along Hwy 44, 27 km W of Redding (16 km W of Shingletown)	https://lichenportal.org/portal/collections/individual/index.php?occid=2419955
2738919	ASU	ASUL018355	B.D. Ryan	12492	0.71	102.51	California	Shasta	40.4166667	-122	outside_boundary_exact	California, Tehama County	along Hwy 44, 27 km W of Redding (16 km W of Shingletown)	https://lichenportal.org/portal/collections/individual/index.php?occid=2738919
59088	ASU	NA	B.D. Ryan	11188	0.68	125.88	California	Ventura	34.1333333	-118.8333333	outside_boundary_exact	California, Los Angeles County	near Commencias Ranch, off Hidden Valley Road, 5 mi SW of 1000 Oaks, NW side of Santa Monica Mountains	https://lichenportal.org/portal/collections/individual/index.php?occid=59088
59089	ASU	NA	B.D. Ryan	11189	0.68	125.88	California	Ventura	34.1333333	-118.8333333	outside_boundary_exact	California, Los Angeles County	near Commencias Ranch, off Hidden Valley Road, 5 mi SW of 1000 Oaks, NW side of Santa Monica Mountains	https://lichenportal.org/portal/collections/individual/index.php?occid=59089
59090	ASU	NA	B.D. Ryan	11190	0.68	125.88	California	Ventura	34.1333333	-118.8333333	outside_boundary_exact	California, Los Angeles County	near Commencias Ranch, off Hidden Valley Road, 5 mi SW of 1000 Oaks, NW side of Santa Monica Mountains	https://lichenportal.org/portal/collections/individual/index.php?occid=59090
65865	ASU	NA	J. Marsh	7798	0.68	125.88	California	Ventura	34.1333333	-118.8333333	outside_boundary_exact	California, Los Angeles County	near Commencias Ranch, off Hidden Valley Road, 5 mi SW of 1000 Oaks, NW side of Santa Monica Mountains	https://lichenportal.org/portal/collections/individual/index.php?occid=65865
119417	ASU	NA	J.R. Shevlock	12383	0.67	160.09	California	Tulare	35.8	-118	outside_boundary_exact	California, Inyo County	Along the Pacific Crest Trail E of Lamont Meadow and just N of the Kern-Tulare County line, BLM Owens Peak Wilderness, Kern Plateau, R37E, T24S, Sec 32	https://lichenportal.org/portal/collections/individual/index.php?occid=119417
65852	ASU	NA	L. Sigal	NA	0.6	72.67	California	San Mateo	37.7	-122.2666667	outside_boundary_exact	not_found_in_US	San Francisco Watershed	https://lichenportal.org/portal/collections/individual/index.php?occid=65852
75552	ASU	ASUL031779	L. Sigal	NA	0.6	72.67	California	San Mateo	37.7	-122.2666667	outside_boundary_exact	not_found_in_US	San Francisco Watershed	https://lichenportal.org/portal/collections/individual/index.php?occid=75552
76360	ASU	NA	L. Sigal	NA	0.6	72.67	California	San Mateo	37.7	-122.2666667	outside_boundary_exact	not_found_in_US	San Francisco Watershed	https://lichenportal.org/portal/collections/individual/index.php?occid=76360
102933	ASU	NA	L. Sigal	NA	0.6	72.67	California	San Mateo	37.7	-122.2666667	outside_boundary_exact	not_found_in_US	San Francisco Watershed	https://lichenportal.org/portal/collections/individual/index.php?occid=102933
56961	ASU	ASUL050518	B.D. Ryan	26936 B	0.59	233.6	California	Los Angeles	34.8083333	-118.8666667	outside_boundary_exact	California, Kern County	Frazier Flat, E of I-5, start of Frazier Mt. road, 1.6 km [1 mi] W of Gorman	https://lichenportal.org/portal/collections/individual/index.php?occid=56961
56962	ASU	NA	B.D. Ryan	26937-a	0.59	233.6	California	Los Angeles	34.8083333	-118.8666667	outside_boundary_exact	California, Kern County	Frazier Flat, E of I-5, start of Frazier Mt. road, 1.6 km W of Gorman	https://lichenportal.org/portal/collections/individual/index.php?occid=56962
56963	ASU	NA	B.D. Ryan	26937-b	0.59	233.6	California	Los Angeles	34.8083333	-118.8666667	outside_boundary_exact	California, Kern County	Frazier Flat, E of I-5, start of Frazier Mt. road, 1.6 km W of Gorman	https://lichenportal.org/portal/collections/individual/index.php?occid=56963
56964	ASU	NA	B.D. Ryan	26938	0.59	233.6	California	Los Angeles	34.8083333	-118.8666667	outside_boundary_exact	California, Kern County	Frazier Flat, E of I-5, start of Frazier Mt. road, 1.6 km W of Gorman	https://lichenportal.org/portal/collections/individual/index.php?occid=56964
56965	ASU	NA	B.D. Ryan	26939	0.59	233.6	California	Los Angeles	34.8083333	-118.8666667	outside_boundary_exact	California, Kern County	Frazier Flat, E of I-5, start of Frazier Mt. road, 1.6 km W of Gorman	https://lichenportal.org/portal/collections/individual/index.php?occid=56965
56966	ASU	ASUL001669	B.D. Ryan	26940	0.59	233.6	California	Los Angeles	34.8083333	-118.8666667	outside_boundary_exact	California, Kern County	Frazier Flat, E of I-5, start of Frazier Mt. road, 1.6 km W of Gorman	https://lichenportal.org/portal/collections/individual/index.php?occid=56966
56967	ASU	ASUL029502	B.D. Ryan	26941	0.59	233.6	California	Los Angeles	34.8083333	-118.8666667	outside_boundary_exact	California, Kern County	Frazier Flat, E of I-5, start of Frazier Mt. road, 1.6 km [1 mi] W of Gorman	https://lichenportal.org/portal/collections/individual/index.php?occid=56967
56968	ASU	NA	B.D. Ryan	26942	0.59	233.6	California	Los Angeles	34.8083333	-118.8666667	outside_boundary_exact	California, Kern County	Frazier Flat, E of I-5, start of Frazier Mt. road, 1.6 km W of Gorman	https://lichenportal.org/portal/collections/individual/index.php?occid=56968
56971	ASU	NA	Bruce D. Ryan	26943	0.59	233.6	California	Los Angeles	34.8083333	-118.8666667	outside_boundary_exact	California, Kern County	Frazier Flat, east of I-5, start of Frazier Mountain road, 1.6 km west of Gorman.	https://lichenportal.org/portal/collections/individual/index.php?occid=56971
56972	ASU	NA	B.D. Ryan	26943-b	0.59	233.6	California	Los Angeles	34.8083333	-118.8666667	outside_boundary_exact	California, Kern County	Frazier Flat, E of I-5, start of Frazier Mt. road, 1.6 km W of Gorman	https://lichenportal.org/portal/collections/individual/index.php?occid=56972
56973	ASU	NA	B.D. Ryan	26945	0.59	233.6	California	Los Angeles	34.8083333	-118.8666667	outside_boundary_exact	California, Kern County	Frazier Flat, E of Hwy I-5, 1.6 km W of Gorman	https://lichenportal.org/portal/collections/individual/index.php?occid=56973
56974	ASU	NA	B.D. Ryan	26946	0.59	233.6	California	Los Angeles	34.8083333	-118.8666667	outside_boundary_exact	California, Kern County	Frazier Flat, E of I-5, start of Frazier Mt. road, 1.6 km W of Gorman	https://lichenportal.org/portal/collections/individual/index.php?occid=56974
56975	ASU	NA	B.D. Ryan	26947	0.59	233.6	California	Los Angeles	34.8083333	-118.8666667	outside_boundary_exact	California, Kern County	Frazier Flat, E of I-5, start of Frazier Mt. road, 1.6 km W of Gorman	https://lichenportal.org/portal/collections/individual/index.php?occid=56975
56976	ASU	NA	B.D. Ryan	26948	0.59	233.6	California	Los Angeles	34.8083333	-118.8666667	outside_boundary_exact	California, Kern County	Frazier Flat, E of I-5, start of Frazier Mt. road, 1.6 km W of Gorman	https://lichenportal.org/portal/collections/individual/index.php?occid=56976
56977	ASU	NA	B.D. Ryan	26949	0.59	233.6	California	Los Angeles	34.8083333	-118.8666667	outside_boundary_exact	California, Kern County	Frazier Flat, E of Hwy I-5, 1.6 km W of Gorman	https://lichenportal.org/portal/collections/individual/index.php?occid=56977
56979	ASU	NA	B.D. Ryan	26951	0.59	233.6	California	Los Angeles	34.8083333	-118.8666667	outside_boundary_exact	California, Kern County	Frazier Flat, E of I-5, start of Frazier Mt. road, 1.6 km W of Gorman	https://lichenportal.org/portal/collections/individual/index.php?occid=56979
56980	ASU	ASUL032595	B.D. Ryan	26952	0.59	233.6	California	Los Angeles	34.8083333	-118.8666667	outside_boundary_exact	California, Kern County	Frazier Flat, E of I-5, start of Frazier Mt. road, 1.6 km W of Gorman	https://lichenportal.org/portal/collections/individual/index.php?occid=56980
56981	ASU	NA	B.D. Ryan	26953	0.59	233.6	California	Los Angeles	34.8083333	-118.86667	outside_boundary_exact	California, Kern County	Frazier Flat, E of I-5, start of Frazier Mt. road, 1.6 km W of Gorman	https://lichenportal.org/portal/collections/individual/index.php?occid=56981
1070406	ASU	ASUL030441	Bruce D. Ryan	26950	0.59	233.6	California	Los Angeles	34.808333	-118.866667	outside_boundary_exact	California, Kern County	Frazier Flat, east of Highway I-5, 1 mile west of Gorman.	https://lichenportal.org/portal/collections/individual/index.php?occid=1070406
82478	ASU	NA	L. Sigal	NA	0.45	145.89	California	Mendocino	39.981949	-123.049861	outside_boundary_exact	California, Trinity County	near Lily Lake, Mendocino Woodlands Camp	https://lichenportal.org/portal/collections/individual/index.php?occid=82478
90933	ASU	NA	L. Sigal	NA	0.45	145.89	California	Mendocino	39.981949	-123.049861	outside_boundary_exact	California, Trinity County	near Lily Lake, Mendocino Woodlands Camp	https://lichenportal.org/portal/collections/individual/index.php?occid=90933
1374790	ASU	ASUL029216	Kerry Knudsen	2700	0.45	128.81	California	San Diego	32.916111	-117.332222	outside_boundary_exact	not_found_in_US	South Coast. Torrey Pines State Park.	https://lichenportal.org/portal/collections/individual/index.php?occid=1374790
100759	ASU	NA	S.D. Sharnoff	1311-22	0.42	131.17	California	Mendocino	39.8	-122.9333333	outside_boundary_exact	California, Tehama County	Mendocino pass area, Mendocino National Forest, CA 162 just N of Pass	https://lichenportal.org/portal/collections/individual/index.php?occid=100759
70562	ASU	ASUL013704	D. Toren	17094	0.37	104.48	California	Tuolumne	38.327877	-119.635188	outside_boundary_exact	California, Mono County	Sonora Pass	https://lichenportal.org/portal/collections/individual/index.php?occid=70562
89748	ASU	NA	T.H. Nash III	8094-b	0.37	104.48	California	Tuolumne	38.327877	-119.635188	outside_boundary_exact	California, Mono County	along state route 108, Sonora Pass	https://lichenportal.org/portal/collections/individual/index.php?occid=89748
102352	ASU	NA	L. Sigal	NA	0.37	104.48	California	Tuolumne	38.327877	-119.635188	outside_boundary_exact	California, Mono County	Hwy 10, near Sonora Pass	https://lichenportal.org/portal/collections/individual/index.php?occid=102352
112917	ASU	NA	T.H. Nash III	8094-a	0.37	104.48	California	Tuolumne	38.327877	-119.635188	outside_boundary_exact	California, Mono County	along state route 108, Sonora Pass	https://lichenportal.org/portal/collections/individual/index.php?occid=112917
112918	ASU	NA	T.H. Nash III	8095	0.37	104.48	California	Tuolumne	38.327877	-119.635188	outside_boundary_exact	California, Mono County	along state route 108, Sonora Pass	https://lichenportal.org/portal/collections/individual/index.php?occid=112918
112919	ASU	NA	T.H. Nash III	8096	0.37	104.48	California	Tuolumne	38.327877	-119.635188	outside_boundary_exact	California, Mono County	along state route 108, Sonora Pass	https://lichenportal.org/portal/collections/individual/index.php?occid=112919
112921	ASU	ASUL011643	T.H. Nash III	8097	0.37	104.48	California	Tuolumne	38.327877	-119.635188	outside_boundary_exact	California, Mono County	along state route 108, Sonora Pass	https://lichenportal.org/portal/collections/individual/index.php?occid=112921
710362	ASU	NA	T.H. Nash III	8098	0.37	104.48	California	Tuolumne	38.327877	-119.635188	outside_boundary_exact	California, Mono County	along state route 108, Sonora Pass	https://lichenportal.org/portal/collections/individual/index.php?occid=710362
72852	ASU	ASUL011647	B.D. Ryan	13606	0.31	47.64	California	Alpine	38.6666667	-119.6	outside_boundary_exact	California, Mono County	1.6 km E of Monitor Pass, along Calif. Hwy 89, 25.7 km E of Markleeville	https://lichenportal.org/portal/collections/individual/index.php?occid=72852
81778	ASU	NA	B.D. Ryan	13587	0.31	47.64	California	Alpine	38.6666667	-119.6	outside_boundary_exact	California, Mono County	1.6 km E of Monitor Pass, along Calif. Hwy 89, 25.7 km E of Markleeville	https://lichenportal.org/portal/collections/individual/index.php?occid=81778
81780	ASU	NA	B.D. Ryan	13617	0.31	47.64	California	Alpine	38.6666667	-119.6	outside_boundary_exact	California, Mono County	1.6 km E of Monitor Pass, along Calif. Hwy 89, 25.7 km E of Markleeville	https://lichenportal.org/portal/collections/individual/index.php?occid=81780
81781	ASU	NA	B.D. Ryan	13619	0.31	47.64	California	Alpine	38.6666667	-119.6	outside_boundary_exact	California, Mono County	1.6 km E of Monitor Pass, along Calif. Hwy 89, 25.7 km E of Markleeville	https://lichenportal.org/portal/collections/individual/index.php?occid=81781
81782	ASU	NA	B.D. Ryan	13591	0.31	47.64	California	Alpine	38.6666667	-119.6	outside_boundary_exact	California, Mono County	1.6 km E of Monitor Pass, along Calif. Hwy 89, 25.7 km E of Markleeville	https://lichenportal.org/portal/collections/individual/index.php?occid=81782
81797	ASU	NA	B.D. Ryan	13594	0.31	47.64	California	Alpine	38.6666667	-119.6	outside_boundary_exact	California, Mono County	1.6 km E of Monitor Pass, along Calif. Hwy 89, 25.7 km E of Markleeville	https://lichenportal.org/portal/collections/individual/index.php?occid=81797
84006	ASU	NA	B.D. Ryan	13620	0.31	47.64	California	Alpine	38.6666667	-119.6	outside_boundary_exact	California, Mono County	1.6 km E of Monitor Pass, along Calif. Hwy 89, 25.7 km E of Markleeville	https://lichenportal.org/portal/collections/individual/index.php?occid=84006
87444	ASU	ASUL007394	B.D. Ryan	13601	0.31	47.64	California	Alpine	38.6666667	-119.6	outside_boundary_exact	California, Mono County	1.6 km E of Monitor Pass, along Calif. Hwy 89, 25.7 km E of Markleeville	https://lichenportal.org/portal/collections/individual/index.php?occid=87444
89729	ASU	NA	B.D. Ryan	13611	0.31	47.64	California	Alpine	38.6666667	-119.6	outside_boundary_exact	California, Mono County	1.6 km E of Monitor Pass, along Calif. Hwy 89, 25.7 km E of Markleeville	https://lichenportal.org/portal/collections/individual/index.php?occid=89729
89731	ASU	NA	B.D. Ryan	13583	0.31	47.64	California	Alpine	38.6666667	-119.6	outside_boundary_exact	California, Mono County	1.6 km E of Monitor Pass, along Calif. Hwy 89, 25.7 km E of Markleeville	https://lichenportal.org/portal/collections/individual/index.php?occid=89731
89732	ASU	NA	B.D. Ryan	13613	0.31	47.64	California	Alpine	38.6666667	-119.6	outside_boundary_exact	California, Mono County	1.6 km E of Monitor Pass, along Calif. Hwy 89, 25.7 km E of Markleeville	https://lichenportal.org/portal/collections/individual/index.php?occid=89732
89733	ASU	NA	B.D. Ryan	13609	0.31	47.64	California	Alpine	38.6666667	-119.6	outside_boundary_exact	California, Mono County	1.6 km E of Monitor Pass, along Calif. Hwy 89, 25.7 km E of Markleeville	https://lichenportal.org/portal/collections/individual/index.php?occid=89733
89734	ASU	NA	B.D. Ryan	13595	0.31	47.64	California	Alpine	38.6666667	-119.6	outside_boundary_exact	California, Mono County	1.6 km E of Monitor Pass, along Calif. Hwy 89, 25.7 km E of Markleeville	https://lichenportal.org/portal/collections/individual/index.php?occid=89734
89735	ASU	NA	B.D. Ryan	13604	0.31	47.64	California	Alpine	38.6666667	-119.6	outside_boundary_exact	California, Mono County	1.6 km E of Monitor Pass, along Calif. Hwy 89, 25.7 km E of Markleeville	https://lichenportal.org/portal/collections/individual/index.php?occid=89735
89741	ASU	NA	B.D. Ryan	13588-a	0.31	47.64	California	Alpine	38.6666667	-119.6	outside_boundary_exact	California, Mono County	1.6 km E of Monitor Pass, along Calif. Hwy 89, 25.7 km E of Markleeville	https://lichenportal.org/portal/collections/individual/index.php?occid=89741
89743	ASU	NA	B.D. Ryan	13588-b	0.31	47.64	California	Alpine	38.6666667	-119.6	outside_boundary_exact	California, Mono County	1.6 km E of Monitor Pass, along Calif. Hwy 89, 25.7 km E of Markleeville	https://lichenportal.org/portal/collections/individual/index.php?occid=89743
89747	ASU	NA	B.D. Ryan	13622	0.31	47.64	California	Alpine	38.6666667	-119.6	outside_boundary_exact	California, Mono County	1.6 km E of Monitor Pass, along Calif. Hwy 89, 25.7 km E of Markleeville	https://lichenportal.org/portal/collections/individual/index.php?occid=89747
92730	ASU	NA	B.D. Ryan	13590	0.31	47.64	California	Alpine	38.6666667	-119.6	outside_boundary_exact	California, Mono County	1.6 km E of Monitor Pass, along Calif. Hwy 89, 25.7 km E of Markleeville	https://lichenportal.org/portal/collections/individual/index.php?occid=92730
92731	ASU	NA	B.D. Ryan	13597	0.31	47.64	California	Alpine	38.6666667	-119.6	outside_boundary_exact	California, Mono County	1.6 km E of Monitor Pass, along Calif. Hwy 89, 25.7 km E of Markleeville	https://lichenportal.org/portal/collections/individual/index.php?occid=92731
92943	ASU	NA	B.D. Ryan	13621	0.31	47.64	California	Alpine	38.6666667	-119.6	outside_boundary_exact	California, Mono County	1.6 km E of Monitor Pass, along Calif. Hwy 89, 25.7 km E of Markleeville	https://lichenportal.org/portal/collections/individual/index.php?occid=92943
93101	ASU	NA	B.D. Ryan	13610-b	0.31	47.64	California	Alpine	38.6666667	-119.6	outside_boundary_exact	California, Mono County	1.6 km E of Monitor Pass, along Calif. Hwy 89, 25.7 km E of Markleeville	https://lichenportal.org/portal/collections/individual/index.php?occid=93101
94362	ASU	NA	B.D. Ryan	13592	0.31	47.64	California	Alpine	38.6666667	-119.6	outside_boundary_exact	California, Mono County	1.6 km E of Monitor Pass, along Calif. Hwy 89, 25.7 km E of Markleeville	https://lichenportal.org/portal/collections/individual/index.php?occid=94362
94525	ASU	NA	B.D. Ryan	13615	0.31	47.64	California	Alpine	38.6666667	-119.6	outside_boundary_exact	California, Mono County	1.6 km E of Monitor Pass, along Calif. Hwy 89, 25.7 km E of Markleeville	https://lichenportal.org/portal/collections/individual/index.php?occid=94525
1805681	ASU	NA	B.D. Ryan	13610-a	0.31	47.64	California	Alpine	38.6666667	-119.6	outside_boundary_exact	California, Mono County	1.6 km E of Monitor Pass, along Calif. Hwy 89, 25.7 km E of Markleeville	https://lichenportal.org/portal/collections/individual/index.php?occid=1805681
2691751	ASU	NA	B.D. Ryan	13603	0.31	47.64	California	Alpine	38.6666667	-119.6	outside_boundary_exact	California, Mono County	1.6 km E of Monitor Pass, along Calif. Hwy 89, 25.7 km E of Markleeville	https://lichenportal.org/portal/collections/individual/index.php?occid=2691751
2738791	ASU	ASUL013374	B.D. Ryan	13596	0.31	47.64	California	Alpine	38.6666667	-119.6	outside_boundary_exact	California, Mono County	1.6 km E of Monitor Pass, along Calif. Hwy 89, 25.7 km E of Markleeville	https://lichenportal.org/portal/collections/individual/index.php?occid=2738791
2738792	ASU	NA	B.D. Ryan	13602	0.31	47.64	California	Alpine	38.6666667	-119.6	outside_boundary_exact	California, Mono County	1.6 km E of Monitor Pass, along Calif. Hwy 89, 25.7 km E of Markleeville	https://lichenportal.org/portal/collections/individual/index.php?occid=2738792
77968	ASU	NA	R.E. Riefner	02--995	0.27	281.73	California	Riverside	33.6166667	-117.45	outside_boundary_exact	California, Orange County	Cleveland National Forest; Santa Ana Mountains, Ortega Oaks, between Upper San Juan Campground and San Juan Loop Trail along Hwy. 74, USGS Quad: Sitton Peak, UTM: NAD 27; 11S, 0460491, 3719477	https://lichenportal.org/portal/collections/individual/index.php?occid=77968
98206	ASU	NA	D. Toren	NA	0.2	80.97	California	Lake	39.381272	-122.772772	outside_boundary_exact	California, Colusa County	Snow Mountain Trail	https://lichenportal.org/portal/collections/individual/index.php?occid=98206
2687597	ASU	NA	L. Sigal	s.n.	0.2	80.97	California	Lake	39.381272	-122.772772	outside_boundary_exact	California, Colusa County	Snow Mountain Trail	https://lichenportal.org/portal/collections/individual/index.php?occid=2687597
66871	ASU	NA	B.D. Ryan	23676	0.14	95.2	California	El Dorado	39.0416667	-120.1666667	outside_boundary_exact	California, Placer County	trail through Sugar Pine State Park, before Lost Lake Trail	https://lichenportal.org/portal/collections/individual/index.php?occid=66871
72837	ASU	ASUL020582	B.D. Ryan	23673	0.14	95.2	California	El Dorado	39.0416667	-120.1666667	outside_boundary_exact	California, Placer County	trail through Sugar Pine State Park, before Lost Lake Trail	https://lichenportal.org/portal/collections/individual/index.php?occid=72837
81157	ASU	NA	B.D. Ryan	23662	0.14	95.2	California	El Dorado	39.0416667	-120.1666667	outside_boundary_exact	California, Placer County	trail through Sugar Pine State Park, before Lost Lake Trail	https://lichenportal.org/portal/collections/individual/index.php?occid=81157
81163	ASU	NA	B.D. Ryan	23665	0.14	95.2	California	El Dorado	39.0416667	-120.1666667	outside_boundary_exact	California, Placer County	trail through Sugar Pine State Park, before Lost Lake Trail	https://lichenportal.org/portal/collections/individual/index.php?occid=81163
81165	ASU	NA	B.D. Ryan	23667	0.14	95.2	California	El Dorado	39.0416667	-120.1666667	outside_boundary_exact	California, Placer County	trail through Sugar Pine State Park, before Lost Lake Trail	https://lichenportal.org/portal/collections/individual/index.php?occid=81165
81171	ASU	NA	B.D. Ryan	23661	0.14	95.2	California	El Dorado	39.0416667	-120.1666667	outside_boundary_exact	California, Placer County	trail through Sugar Pine State Park, before Lost Lake Trail	https://lichenportal.org/portal/collections/individual/index.php?occid=81171
81178	ASU	NA	B.D. Ryan	23668	0.14	95.2	California	El Dorado	39.0416667	-120.1666667	outside_boundary_exact	California, Placer County	trail through Sugar Pine State Park, before Lost Lake Trail	https://lichenportal.org/portal/collections/individual/index.php?occid=81178
85175	ASU	NA	B.D. Ryan	23671	0.14	95.2	California	El Dorado	39.0416667	-120.1666667	outside_boundary_exact	California, Placer County	trail through Sugar Pine State Park, before Lost Lake Trail	https://lichenportal.org/portal/collections/individual/index.php?occid=85175
85237	ASU	NA	B.D. Ryan	23664	0.14	95.2	California	El Dorado	39.0416667	-120.1666667	outside_boundary_exact	California, Placer County	trail through Sugar Pine State Park, before Lost Lake Trail	https://lichenportal.org/portal/collections/individual/index.php?occid=85237
85242	ASU	NA	B.D. Ryan	23675	0.14	95.2	California	El Dorado	39.0416667	-120.1666667	outside_boundary_exact	California, Placer County	trail through Sugar Pine State Park, before Lost Lake Trail	https://lichenportal.org/portal/collections/individual/index.php?occid=85242
86975	ASU	NA	B.D. Ryan	23670	0.14	95.2	California	El Dorado	39.0416667	-120.1666667	outside_boundary_exact	California, Placer County	trail through Sugar Pine State Park, before Lost Lake Trail	https://lichenportal.org/portal/collections/individual/index.php?occid=86975
88609	ASU	NA	B.D. Ryan	23672	0.14	95.2	California	El Dorado	39.0416667	-120.1666667	outside_boundary_exact	California, Placer County	trail through Sugar Pine State Park, before Lost Lake Trail	https://lichenportal.org/portal/collections/individual/index.php?occid=88609
94520	ASU	NA	H.A. Imshaug	18228	0.14	126.22	California	Tuolumne	37.83854	-119.205426	outside_boundary_exact	California, Mono County	ridge aboe Parker Pass, Sierra Nevada	https://lichenportal.org/portal/collections/individual/index.php?occid=94520
99620	ASU	NA	B.D. Ryan	236	0.14	95.2	California	El Dorado	39.0416667	-120.1666667	outside_boundary_exact	California, Placer County	trail through Sugar Pine State Park, before Lost Lake Trail	https://lichenportal.org/portal/collections/individual/index.php?occid=99620
99866	ASU	NA	B.D. Ryan	23663	0.14	95.2	California	El Dorado	39.0416667	-120.1666667	outside_boundary_exact	California, Placer County	trail through Sugar Pine State Park, before Lost Lake Trail	https://lichenportal.org/portal/collections/individual/index.php?occid=99866
96257	ASU	NA	K. Knudsen	1213	0.13	280.35	California	Riverside	33.6833333	-117.45	outside_boundary_exact	California, Orange County	Santa Ana Mountains, ridge above Horse Thief Creek	https://lichenportal.org/portal/collections/individual/index.php?occid=96257
104900	ASU	NA	R.S. Egan	13503	0.08	157.39	California	Mendocino	38.85171	-123.077093	outside_boundary_exact	California, Sonoma County	7 miles ESE of Yorkville along California Route 128	https://lichenportal.org/portal/collections/individual/index.php?occid=104900
2273825	ASU	ASUL002754	H.D. Thiers	33617	0.07	124.74	California	Ventura	34.13	-118.85	outside_boundary_exact	California, Los Angeles County	Decker Canyon Road	https://lichenportal.org/portal/collections/individual/index.php?occid=2273825
69888	ASU	NA	B.D. Ryan	24630	0.05	59.42	California	Alpine	38.4166667	-119.75	outside_boundary_exact	California, Tuolumne County	edge of Carson-Iceberg Wilderness, end of Clark Fork Road, on N side of road	https://lichenportal.org/portal/collections/individual/index.php?occid=69888
69946	ASU	NA	B.D. Ryan	24634	0.05	59.42	California	Alpine	38.4166667	-119.75	outside_boundary_exact	California, Tuolumne County	edge of Carson-Iceberg Wilderness, end of Clark Fork Road, on N side of road	https://lichenportal.org/portal/collections/individual/index.php?occid=69946
69949	ASU	NA	B.D. Ryan	24648-a	0.05	59.42	California	Alpine	38.4166667	-119.75	outside_boundary_exact	California, Tuolumne County	edge of Carson-Iceberg Wilderness, end of Clark Fork Road, on N side of road	https://lichenportal.org/portal/collections/individual/index.php?occid=69949
69956	ASU	NA	B.D. Ryan	24631	0.05	59.42	California	Alpine	38.4166667	-119.75	outside_boundary_exact	California, Tuolumne County	edge of Carson-Iceberg Wilderness, end of Clark Fork Road, on N side of road	https://lichenportal.org/portal/collections/individual/index.php?occid=69956
69976	ASU	NA	B.D. Ryan	24662	0.05	59.42	California	Alpine	38.4166667	-119.75	outside_boundary_exact	California, Tuolumne County	edge of Carson-Iceberg Wilderness, end of Clark Fork Road, on N side of road	https://lichenportal.org/portal/collections/individual/index.php?occid=69976
71235	ASU	ASUL013836	B.D. Ryan	24642	0.05	59.42	California	Alpine	38.4166667	-119.75	outside_boundary_exact	California, Tuolumne County	edge of Carson-Iceberg Wilderness, end of Clark Fork Road, on N side of road	https://lichenportal.org/portal/collections/individual/index.php?occid=71235
71672	ASU	ASUL005358	B.D. Ryan	24659-a	0.05	59.42	California	Alpine	38.4166667	-119.75	outside_boundary_exact	California, Tuolumne County	edge of Carson-Iceberg Wilderness, end of Clark Fork Road, on N side of road	https://lichenportal.org/portal/collections/individual/index.php?occid=71672
72058	ASU	ASUL001489	B.D. Ryan	24659--b	0.05	59.42	California	Alpine	38.4166667	-119.75	outside_boundary_exact	California, Tuolumne County	edge of Carson-Iceberg Wilderness, end of Clark Fork Road, on N side of road	https://lichenportal.org/portal/collections/individual/index.php?occid=72058
73730	ASU	NA	B.D. Ryan	24635	0.05	59.42	California	Alpine	38.4166667	-119.75	outside_boundary_exact	California, Tuolumne County	edge of Carson-Iceberg Wilderness, end of Clark Fork Road, on N side of road	https://lichenportal.org/portal/collections/individual/index.php?occid=73730
74454	ASU	NA	B.D. Ryan	24643	0.05	59.42	California	Alpine	38.4166667	-119.75	outside_boundary_exact	California, Tuolumne County	edge of Carson-Iceberg Wilderness, end of Clark Fork Road, on N side of road	https://lichenportal.org/portal/collections/individual/index.php?occid=74454
74459	ASU	NA	B.D. Ryan	24649	0.05	59.42	California	Alpine	38.4166667	-119.75	outside_boundary_exact	California, Tuolumne County	edge of Carson-Iceberg Wilderness, end of Clark Fork Road, on N side of road	https://lichenportal.org/portal/collections/individual/index.php?occid=74459
79009	ASU	NA	B.D. Ryan	24666-a	0.05	59.42	California	Alpine	38.4166667	-119.75	outside_boundary_exact	California, Tuolumne County	edge of Carson-Iceberg Wilderness, end of Clark Fork Road, on N side of road	https://lichenportal.org/portal/collections/individual/index.php?occid=79009
79649	ASU	NA	B.D. Ryan	24648-b	0.05	59.42	California	Alpine	38.4166667	-119.75	outside_boundary_exact	California, Tuolumne County	edge of Carson-Iceberg Wilderness, end of Clark Fork Road, on N side of road	https://lichenportal.org/portal/collections/individual/index.php?occid=79649
80116	ASU	NA	B.D. Ryan	24639	0.05	59.42	California	Alpine	38.4166667	-119.75	outside_boundary_exact	California, Tuolumne County	edge of Carson-Iceberg Wilderness, end of Clark Fork Road, on N side of road	https://lichenportal.org/portal/collections/individual/index.php?occid=80116
83374	ASU	NA	B.D. Ryan	24657	0.05	59.42	California	Alpine	38.4166667	-119.75	outside_boundary_exact	California, Tuolumne County	edge of Carson-Iceberg Wilderness, end of Clark Fork Road, on N side of road	https://lichenportal.org/portal/collections/individual/index.php?occid=83374
83899	ASU	NA	B.D. Ryan	24637	0.05	59.42	California	Alpine	38.4166667	-119.75	outside_boundary_exact	California, Tuolumne County	edge of Carson-Iceberg Wilderness, end of Clark Fork Road, on N side of road	https://lichenportal.org/portal/collections/individual/index.php?occid=83899
84642	ASU	NA	B.D. Ryan	24666-b	0.05	59.42	California	Alpine	38.4166667	-119.75	outside_boundary_exact	California, Tuolumne County	edge of Carson-Iceberg Wilderness, end of Clark Fork Road, on N side of road	https://lichenportal.org/portal/collections/individual/index.php?occid=84642
90560	ASU	NA	B.D. Ryan	24672	0.05	59.42	California	Alpine	38.4166667	-119.75	outside_boundary_exact	California, Tuolumne County	edge of Carson-Iceberg Wilderness, end of Clark Fork Road, on N side of road	https://lichenportal.org/portal/collections/individual/index.php?occid=90560
94247	ASU	NA	B.D. Ryan	24669	0.05	59.42	California	Alpine	38.4166667	-119.75	outside_boundary_exact	California, Tuolumne County	edge of Carson-Iceberg Wilderness, end of Clark Fork Road, on N side of road	https://lichenportal.org/portal/collections/individual/index.php?occid=94247
94594	ASU	NA	B.D. Ryan	24632-a	0.05	59.42	California	Alpine	38.4166667	-119.75	outside_boundary_exact	California, Tuolumne County	edge of Carson-Iceberg Wilderness, end of Clark Fork Road, on N side of road	https://lichenportal.org/portal/collections/individual/index.php?occid=94594
94602	ASU	NA	B.D. Ryan	24632	0.05	59.42	California	Alpine	38.4166667	-119.75	outside_boundary_exact	California, Tuolumne County	edge of Carson-Iceberg Wilderness, end of Clark Fork Road, on N side of road	https://lichenportal.org/portal/collections/individual/index.php?occid=94602
94840	ASU	NA	B.D. Ryan	24651	0.05	59.42	California	Alpine	38.4166667	-119.75	outside_boundary_exact	California, Tuolumne County	edge of Carson-Iceberg Wilderness, end of Clark Fork Road, on N side of road	https://lichenportal.org/portal/collections/individual/index.php?occid=94840
94882	ASU	NA	B.D. Ryan	24640	0.05	59.42	California	Alpine	38.4166667	-119.75	outside_boundary_exact	California, Tuolumne County	edge of Carson-Iceberg Wilderness, end of Clark Fork Road, on N side of road	https://lichenportal.org/portal/collections/individual/index.php?occid=94882
95326	ASU	NA	B.D. Ryan	24655	0.05	59.42	California	Alpine	38.4166667	-119.75	outside_boundary_exact	California, Tuolumne County	edge of Carson-Iceberg Wilderness, end of Clark Fork Road, on N side of road	https://lichenportal.org/portal/collections/individual/index.php?occid=95326
95330	ASU	NA	B.D. Ryan	24632-b	0.05	59.42	California	Alpine	38.4166667	-119.75	outside_boundary_exact	California, Tuolumne County	edge of Carson-Iceberg Wilderness, end of Clark Fork Road, on N side of road	https://lichenportal.org/portal/collections/individual/index.php?occid=95330
95546	ASU	NA	B.D. Ryan	24658	0.05	59.42	California	Alpine	38.4166667	-119.75	outside_boundary_exact	California, Tuolumne County	edge of Carson-Iceberg Wilderness, end of Clark Fork Road, on N side of road	https://lichenportal.org/portal/collections/individual/index.php?occid=95546
100697	ASU	NA	B.D. Ryan	24671	0.05	59.42	California	Alpine	38.4166667	-119.75	outside_boundary_exact	California, Tuolumne County	edge of Carson-Iceberg Wilderness, end of Clark Fork Road, on N side of road	https://lichenportal.org/portal/collections/individual/index.php?occid=100697
101959	ASU	NA	B.D. Ryan	24642-b	0.05	59.42	California	Alpine	38.4166667	-119.75	outside_boundary_exact	California, Tuolumne County	edge of Carson-Iceberg Wilderness, end of Clark Fork Road, on N side of road	https://lichenportal.org/portal/collections/individual/index.php?occid=101959
707444	ASU	NA	B.D. Ryan	24663	0.05	59.42	California	Alpine	38.416666666667	-119.75	outside_boundary_exact	California, Tuolumne County	edge of Carson-Iceberg Wilderness, end of Clark Fork Road, on N side of road	https://lichenportal.org/portal/collections/individual/index.php?occid=707444
1098582	ASU	NA	Bruce D. Ryan	24641	0.05	59.42	California	Alpine	38.416667	-119.75	outside_boundary_exact	California, Tuolumne County	Edge of Carson-Iceberg Wilderness; End of Clark Fork Road, on north side of road.	https://lichenportal.org/portal/collections/individual/index.php?occid=1098582
1098586	ASU	NA	Bruce D. Ryan	24642-a	0.05	59.42	California	Alpine	38.416667	-119.75	outside_boundary_exact	California, Tuolumne County	Edge of Carson-Iceberg Wilderness; End of Clark Fork Road, on north side of road.	https://lichenportal.org/portal/collections/individual/index.php?occid=1098586
2696979	ASU	NA	B.D. Ryan	24642-c	0.05	59.42	California	Alpine	38.4166667	-119.75	outside_boundary_exact	California, Tuolumne County	edge of Carson-Iceberg Wilderness, end of Clark Fork Road, on N side of road	https://lichenportal.org/portal/collections/individual/index.php?occid=2696979
2696980	ASU	NA	B.D. Ryan	24644	0.05	59.42	California	Alpine	38.4166667	-119.75	outside_boundary_exact	California, Tuolumne County	edge of Carson-Iceberg Wilderness, end of Clark Fork Road, on N side of road	https://lichenportal.org/portal/collections/individual/index.php?occid=2696980
2696981	ASU	NA	B.D. Ryan	24645	0.05	59.42	California	Alpine	38.4166667	-119.75	outside_boundary_exact	California, Tuolumne County	edge of Carson-Iceberg Wilderness, end of Clark Fork Road, on N side of road	https://lichenportal.org/portal/collections/individual/index.php?occid=2696981
2696982	ASU	NA	B.D. Ryan	24646	0.05	59.42	California	Alpine	38.4166667	-119.75	outside_boundary_exact	California, Tuolumne County	edge of Carson-Iceberg Wilderness, end of Clark Fork Road, on N side of road	https://lichenportal.org/portal/collections/individual/index.php?occid=2696982
2696983	ASU	ASUL013387	B.D. Ryan	24650	0.05	59.42	California	Alpine	38.4166667	-119.75	outside_boundary_exact	California, Tuolumne County	edge of Carson-Iceberg Wilderness, end of Clark Fork Road, on N side of road	https://lichenportal.org/portal/collections/individual/index.php?occid=2696983
2696984	ASU	ASUL009066	B.D. Ryan	24656	0.05	59.42	California	Alpine	38.4166667	-119.75	outside_boundary_exact	California, Tuolumne County	edge of Carson-Iceberg Wilderness, end of Clark Fork Road, on N side of road	https://lichenportal.org/portal/collections/individual/index.php?occid=2696984
2696985	ASU	NA	B.D. Ryan	24665	0.05	59.42	California	Alpine	38.4166667	-119.75	outside_boundary_exact	California, Tuolumne County	edge of Carson-Iceberg Wilderness, end of Clark Fork Road, on N side of road	https://lichenportal.org/portal/collections/individual/index.php?occid=2696985
4818155	ASU	ASUL009870	Bruce D. Ryan	24661	0.05	59.42	California	Alpine	38.4166667	-119.75	outside_boundary_exact	California, Tuolumne County	Edge of Carson-Iceberg Wilderness, end of Clark Fork Road, on N side of road	https://lichenportal.org/portal/collections/individual/index.php?occid=4818155
4818156	ASU	ASUL009871	Bruce D. Ryan	24660	0.05	59.42	California	Alpine	38.4166667	-119.75	outside_boundary_exact	California, Tuolumne County	Edge of Carson-Iceberg Wilderness, end of Clark Fork Road, on N side of road	https://lichenportal.org/portal/collections/individual/index.php?occid=4818156
4818157	ASU	ASUL009872	Bruce D. Ryan	24664	0.05	59.42	California	Alpine	38.4166667	-119.75	outside_boundary_exact	California, Tuolumne County	Edge of Carson-Iceberg Wilderness, end of Clark Fork Road, on N side of road	https://lichenportal.org/portal/collections/individual/index.php?occid=4818157
68593	ASU	ASUL000429	James R. Shevock	12379	0.04	158.76	California	Tulare	35.8125	-118.0083333	outside_boundary_exact	California, Inyo County	along the Pacific Crest Trail E of Lamont Meadow, BLM Owens Peak Wilderness, Kern Plateau, R37E,T24S, Sec. 29	https://lichenportal.org/portal/collections/individual/index.php?occid=68593
81193	ASU	NA	J.R. Shevock	12375	0.04	158.76	California	Tulare	35.8125	-118.0083333	outside_boundary_exact	California, Inyo County	along the Pacific Crest Trail E of Lamont Meadow, BLM Owens Peak Wilderness, Kern Plateau, R37E,T24S, Sec. 29	https://lichenportal.org/portal/collections/individual/index.php?occid=81193
86452	ASU	NA	J.R. Shevock	12378	0.04	158.76	California	Tulare	35.8125	-118.0083333	outside_boundary_exact	California, Inyo County	southern Sierra Nevada, along the Pacific Crest Trail, E of Lamont Meadow, Kern Plateau, BLM Wilderness area, T24S, R37E, S29	https://lichenportal.org/portal/collections/individual/index.php?occid=86452
94531	ASU	NA	J.R. Shevock	12377	0.04	158.76	California	Tulare	35.8125	-118.0083333	outside_boundary_exact	California, Inyo County	Pacific Crest Trail E of Lamont Meadow, Kern Plateau, BLM Wilderness area, T24S, R37E, S29	https://lichenportal.org/portal/collections/individual/index.php?occid=94531
72417	ASU	ASUL007057	L. Sigal	NA	0.03	186.78	California	Lassen	39.791572	-120.108814	outside_boundary_exact	California, Plumas County	Beckwourth Pass	https://lichenportal.org/portal/collections/individual/index.php?occid=72417
94534	ASU	NA	L. Sigal	NA	0.03	186.78	California	Lassen	39.791572	-120.108814	outside_boundary_exact	California, Plumas County	Beckwourth Pass	https://lichenportal.org/portal/collections/individual/index.php?occid=94534
81965	ASU	NA	H.A. Imshaug	18017	0.02	224.9	California	Fresno	36.772602	-118.376248	outside_boundary_exact	California, Inyo County	Fresno/Inyo Co., Kearsarge Pass, Sierra Nevada	https://lichenportal.org/portal/collections/individual/index.php?occid=81965
92732	ASU	NA	H.A. Imshaug	18014	0.02	224.9	California	Fresno	36.772602	-118.376248	outside_boundary_exact	California, Inyo County	Fresno/Inyo Co., Kearsarge Pass, Sierra Nevada	https://lichenportal.org/portal/collections/individual/index.php?occid=92732
5615106	ASU	ASUL048322	Bungartz, F.	5442	NA	NA	California	n/a	40.187222	-121.530555	county_not_matched_multi_county_insufficient	county_not_matched	Potato Campground, Deer Creek, along Ca Hwy 32	https://lichenportal.org/portal/collections/individual/index.php?occid=5615106
