id	institutionCode	catalogNumber	recordedBy	recordNumber	distance_km	distance_max_km	state	county	decimalLatitude	decimalLongitude	status	implied_location	locality	record_link
1444673	SRP	SRP-L-0008551	B. D. Ryan	32953	942.13	1041.09	Idaho	Twin Falls	34.05	-118.6	outside_boundary_exact	California, Los Angeles County	East side of U.S. Hwy. 30, 6.8 km South of Bliss	https://lichenportal.org/portal/collections/individual/index.php?occid=1444673
3352575	SRP	NA	Roger Rosentreter	11194	456.56	531.57	Idaho	Boise	48.333333	-116.85	outside_boundary_exact	Idaho, Bonner County	Near Priest River Experimental Forest Headquarters.	https://lichenportal.org/portal/collections/individual/index.php?occid=3352575
1130015	SRP	SRP-L-0000937	Roger Rosentreter	187	425.16	536.22	Idaho	Cassia	39.400002	-109.300003	outside_boundary_exact	Utah, Grand County	City of Rocks National Monument.	https://lichenportal.org/portal/collections/individual/index.php?occid=1130015
1209485	SRP	SRP-L-0007086	K. Dillman	181	425.16	536.22	Idaho	Cassia	39.400002	-109.300003	outside_boundary_exact	Utah, Grand County	City of Rocks National Monument.	https://lichenportal.org/portal/collections/individual/index.php?occid=1209485
1124989	SRP	SRP-L-0000246	Roger Rosentreter	4905	423.42	514.68	Idaho	Blaine	45.91	-109.139999	outside_boundary_exact	Montana, Stillwater County	Just north of the junction of the north and south fors of Muldoon Creek, north of Carey.	https://lichenportal.org/portal/collections/individual/index.php?occid=1124989
1577497	SRP	SRP-L-0011000	R. Jones, Mabel and Christian Jones	RJ# 3287	294.95	338.99	Idaho	Benewah	44.374444	-116.749444	outside_boundary_exact	Idaho, Washington County	St. Joe River levees.	https://lichenportal.org/portal/collections/individual/index.php?occid=1577497
1444756	SRP	SRP-L-0008607	A. Debolt	735	293.73	427.76	Idaho	Lemhi	42.1	-115.8	outside_boundary_exact	Idaho, Owyhee County	South Mountain Exhange trip. Coyote Hole Quad. Approx. 120 air miles from Boise.	https://lichenportal.org/portal/collections/individual/index.php?occid=1444756
1105631	SRP	SRP-L-0003282	Darcy Sharp	2	231.55	309.08	Idaho	Washington	42.079601	-116.948998	outside_boundary_exact	Idaho, Owyhee County	Rebecca Sand Hill, 6.5 miles E of Weiser, ID. N of the Weiser River.	https://lichenportal.org/portal/collections/individual/index.php?occid=1105631
1209018	SRP	SRP-L-0005994	Darcy Sharp	8	231.55	309.08	Idaho	Washington	42.079601	-116.948998	outside_boundary_exact	Idaho, Owyhee County	Rebecca Sand Hill, 6.5 miles E of Weiser, ID. N of the Weiser River.	https://lichenportal.org/portal/collections/individual/index.php?occid=1209018
1446841	SRP	SRP-L-0009557	D. Sharp	18	231.55	309.08	Idaho	Washington	42.079601	-116.948998	outside_boundary_exact	Idaho, Owyhee County	Rebecca Sand Hill, 6.5 miles E of Weiser, ID. N of the Weiser River.	https://lichenportal.org/portal/collections/individual/index.php?occid=1446841
1446842	SRP	SRP-L-0009558	D. Sharp	6	231.55	309.08	Idaho	Washington	42.079601	-116.948998	outside_boundary_exact	Idaho, Owyhee County	Rebecca Sand Hill, 6.5 miles E of Weiser, ID. N of the Weiser River.	https://lichenportal.org/portal/collections/individual/index.php?occid=1446842
1129503	SRP	SRP-L-0004118	Roger Rosentreter	8281b	225.48	275.64	Idaho	Gem	44.259998	-113.32	outside_boundary_exact	Idaho, Lemhi County	On Dudley's property. 14 mi north of Ola, Idaho.	https://lichenportal.org/portal/collections/individual/index.php?occid=1129503
1129504	SRP	SRP-L-0004117	Roger Rosentreter	8280	225.48	275.64	Idaho	Gem	44.259998	-113.32	outside_boundary_exact	Idaho, Lemhi County	On Dudley's property. 14 mi north of Ola, Idaho.	https://lichenportal.org/portal/collections/individual/index.php?occid=1129504
1129670	SRP	SRP-L-0003951	Roger Rosentreter	8278b	225.48	275.64	Idaho	Gem	44.259998	-113.32	outside_boundary_exact	Idaho, Lemhi County	On Dudley's property. 14 mi north of Ola, Idaho.	https://lichenportal.org/portal/collections/individual/index.php?occid=1129670
1134454	SRP	SRP-L-0004874	Roger Rosentreter	8278c	225.48	275.64	Idaho	Gem	44.259998	-113.32	outside_boundary_exact	Idaho, Lemhi County	On Dudley's property. 14 mi north of Ola, Idaho.	https://lichenportal.org/portal/collections/individual/index.php?occid=1134454
1203936	SRP	SRP-L-0005327	Roger Rosentreter	8278	225.48	275.64	Idaho	Gem	44.259998	-113.32	outside_boundary_exact	Idaho, Lemhi County	On Dudley's property. 14 mi north of Ola, Idaho.	https://lichenportal.org/portal/collections/individual/index.php?occid=1203936
1443685	SRP	SRP-L-0008750	Roger Rosentreter	8282	225.48	275.64	Idaho	Gem	44.259998	-113.32	outside_boundary_exact	Idaho, Lemhi County	On Dudley's property. 14 mi north of Ola, Idaho.	https://lichenportal.org/portal/collections/individual/index.php?occid=1443685
1444706	SRP	SRP-L-0008653	Roger Rosentreter	8281	225.48	275.64	Idaho	Gem	44.259998	-113.32	outside_boundary_exact	Idaho, Lemhi County	On Dudley's property. 14 mi north of Ola, Idaho.	https://lichenportal.org/portal/collections/individual/index.php?occid=1444706
1444720	SRP	SRP-L-0008667	R. Rosentreter	8281	225.48	275.64	Idaho	Gem	44.26	-113.32	outside_boundary_exact	Idaho, Lemhi County	On Dudley\\'s property. 14 miles N of Ola	https://lichenportal.org/portal/collections/individual/index.php?occid=1444720
1445273	SRP	SRP-L-0001660	Roger Rosentreter	8279	225.48	275.64	Idaho	Gem	44.259998	-113.32	outside_boundary_exact	Idaho, Lemhi County	On Dudley's property. 14 mi north of Ola, Idaho.	https://lichenportal.org/portal/collections/individual/index.php?occid=1445273
1445572	SRP	SRP-L-0001246	Roger Rosentreter	8281c	225.48	275.64	Idaho	Gem	44.259998	-113.32	outside_boundary_exact	Idaho, Lemhi County	On Dudley's property. 14 mi north of Ola, Idaho.	https://lichenportal.org/portal/collections/individual/index.php?occid=1445572
3350809	SRP	SRP-L-0012406	Roger Rosentreter	8280b	225.48	275.64	Idaho	Gem	44.259998	-113.32	outside_boundary_exact	Idaho, Lemhi County	On Dudley's property. 14 mi north of Ola, Idaho.	https://lichenportal.org/portal/collections/individual/index.php?occid=3350809
1209616	SRP	SRP-L-0007213	Roger Rosentreter	ID-50	205.84	282.99	Idaho	Latah	45.150002	-114.730003	outside_boundary_exact	Idaho, Lemhi County	Middle Fork of the Salmon River, Idaho.	https://lichenportal.org/portal/collections/individual/index.php?occid=1209616
1444061	SRP	SRP-L-0007887	Roger Rosentreter	ID-51	205.84	282.99	Idaho	Latah	45.150002	-114.730003	outside_boundary_exact	Idaho, Lemhi County	Middle Fork of the Salmon River, Idaho.	https://lichenportal.org/portal/collections/individual/index.php?occid=1444061
1128352	SRP	SRP-L-0006708	B. McCune	28352	201.11	365.97	Idaho	Idaho	43.3926	-114.7393	outside_boundary_exact	Idaho, Camas County	above campsite near Upper Wind Lake, southwest of Grave Park, Bitterroot Mountains	https://lichenportal.org/portal/collections/individual/index.php?occid=1128352
1126055	SRP	SRP-L-0002609	Kathryn Gusick	42	186.66	261.62	Idaho	Boise	45.933334	-116.133331	outside_boundary_exact	Idaho, Idaho County	T19N R3E S31.	https://lichenportal.org/portal/collections/individual/index.php?occid=1126055
1106536	SRP	SRP-L-0002193	Roger Rosentreter	2347	186.26	343.91	Idaho	Idaho	48.09	-116.32	outside_boundary_exact	Idaho, Bonner County	Near Clark Fork, Idaho.	https://lichenportal.org/portal/collections/individual/index.php?occid=1106536
1106560	SRP	SRP-L-0002162	Roger Rosentreter	2339	186.26	343.91	Idaho	Idaho	48.09	-116.32	outside_boundary_exact	Idaho, Bonner County	Near Clark Fork, Idaho.	https://lichenportal.org/portal/collections/individual/index.php?occid=1106560
1125279	SRP	SRP-L-0003595	Roger Rosentreter	2343	186.26	343.91	Idaho	Idaho	48.09	-116.32	outside_boundary_exact	Idaho, Bonner County	Near Clark Fork, Idaho.	https://lichenportal.org/portal/collections/individual/index.php?occid=1125279
1134619	SRP	SRP-L-0004955	Roger Rosentreter	2349	186.26	343.91	Idaho	Idaho	48.09	-116.32	outside_boundary_exact	Idaho, Bonner County	Near Clark Fork, Idaho.	https://lichenportal.org/portal/collections/individual/index.php?occid=1134619
1443657	SRP	SRP-L-0008722	Roger Rosentreter	2355	186.26	343.91	Idaho	Idaho	48.09	-116.32	outside_boundary_exact	Idaho, Bonner County	Near Clark Fork, Idaho.	https://lichenportal.org/portal/collections/individual/index.php?occid=1443657
1444002	SRP	SRP-L-0007829	Roger Rosentreter	2345	186.26	343.91	Idaho	Idaho	48.09	-116.32	outside_boundary_exact	Idaho, Bonner County	Near Clark Fork, Idaho.	https://lichenportal.org/portal/collections/individual/index.php?occid=1444002
1444003	SRP	SRP-L-0007830	Roger Rosentreter	2356	186.26	343.91	Idaho	Idaho	48.09	-116.32	outside_boundary_exact	Idaho, Bonner County	Near Clark Fork, Idaho.	https://lichenportal.org/portal/collections/individual/index.php?occid=1444003
1444022	SRP	SRP-L-0007849	R. Rosentreter	2345	186.26	343.91	Idaho	Idaho	48.09	-116.32	outside_boundary_exact	Idaho, Bonner County	Near Clark Fork, Idaho.	https://lichenportal.org/portal/collections/individual/index.php?occid=1444022
1444059	SRP	SRP-L-0007880	Roger Rosentreter	2336a	186.26	343.91	Idaho	Idaho	48.09	-116.32	outside_boundary_exact	Idaho, Bonner County	Near Clark Fork, Idaho.	https://lichenportal.org/portal/collections/individual/index.php?occid=1444059
1444060	SRP	SRP-L-0007881	Roger Rosentreter	2336b	186.26	343.91	Idaho	Idaho	48.09	-116.32	outside_boundary_exact	Idaho, Bonner County	Near Clark Fork, Idaho.	https://lichenportal.org/portal/collections/individual/index.php?occid=1444060
1445601	SRP	SRP-L-0001849	Roger Rosentreter	2346	186.26	343.91	Idaho	Idaho	48.09	-116.32	outside_boundary_exact	Idaho, Bonner County	Near Clark Fork, Idaho.	https://lichenportal.org/portal/collections/individual/index.php?occid=1445601
1446394	SRP	SRP-L-0009479	Roger Rosentreter	2351	186.26	343.91	Idaho	Idaho	48.09	-116.32	outside_boundary_exact	Idaho, Bonner County	Near Clark Fork, Idaho.	https://lichenportal.org/portal/collections/individual/index.php?occid=1446394
1446396	SRP	SRP-L-0009481	Roger Rosentreter	2348	186.26	343.91	Idaho	Idaho	48.09	-116.32	outside_boundary_exact	Idaho, Bonner County	Near Clark Fork, Idaho.	https://lichenportal.org/portal/collections/individual/index.php?occid=1446396
1446482	SRP	SRP-L-0009658	Roger Rosentreter	2344	186.26	343.91	Idaho	Idaho	48.09	-116.32	outside_boundary_exact	Idaho, Bonner County	Near Clark Fork, Idaho.	https://lichenportal.org/portal/collections/individual/index.php?occid=1446482
1446547	SRP	SRP-L-0009724	Roger Rosentreter	2352	186.26	343.91	Idaho	Idaho	48.09	-116.32	outside_boundary_exact	Idaho, Bonner County	Near Clark Fork, Idaho.	https://lichenportal.org/portal/collections/individual/index.php?occid=1446547
1446700	SRP	SRP-L-0009877	Roger Rosentreter	2338	186.26	343.91	Idaho	Idaho	48.09	-116.32	outside_boundary_exact	Idaho, Bonner County	Near Clark Fork, Idaho.	https://lichenportal.org/portal/collections/individual/index.php?occid=1446700
1447039	SRP	SRP-L-0009517	Roger Rosentreter	2354	186.26	343.91	Idaho	Idaho	48.09	-116.32	outside_boundary_exact	Idaho, Bonner County	Near Clark Fork, Idaho.	https://lichenportal.org/portal/collections/individual/index.php?occid=1447039
1447439	SRP	SRP-L-0011451	Roger Rosentreter	2335	186.26	343.91	Idaho	Idaho	48.09	-116.32	outside_boundary_exact	Idaho, Bonner County	Near Clark Fork, Idaho.	https://lichenportal.org/portal/collections/individual/index.php?occid=1447439
1577035	SRP	SRP-L-0010454	Roger Rosentreter	2358	186.26	343.91	Idaho	Idaho	48.09	-116.32	outside_boundary_exact	Idaho, Bonner County	Near Clark Fork, Idaho.	https://lichenportal.org/portal/collections/individual/index.php?occid=1577035
1577327	SRP	SRP-L-0010821	Roger Rosentreter	2342	186.26	343.91	Idaho	Idaho	48.09	-116.32	outside_boundary_exact	Idaho, Bonner County	Near Clark Fork, Idaho.	https://lichenportal.org/portal/collections/individual/index.php?occid=1577327
1577330	SRP	SRP-L-0010824	Roger Rosentreter	2337	186.26	343.91	Idaho	Idaho	48.09	-116.32	outside_boundary_exact	Idaho, Bonner County	Near Clark Fork, Idaho.	https://lichenportal.org/portal/collections/individual/index.php?occid=1577330
1577207	SRP	SRP-L-0010698	Roger Rosentreter	2357	175.27	332.74	Idaho	Idaho	48	-116.25	outside_boundary_exact	Idaho, Shoshone County	NA	https://lichenportal.org/portal/collections/individual/index.php?occid=1577207
3353026	SRP	NA	T. L. Esslinger	14095	167.99	238.62	Idaho	Kootenai	45.85	-116.866667	outside_boundary_exact	Oregon, Wallowa County	Near the S end of Lower Twin Lake.	https://lichenportal.org/portal/collections/individual/index.php?occid=3353026
1128353	SRP	SRP-L-0006707	Roger Rosentreter	9382	159.49	213.43	Idaho	Ada	44.216667	-114.183334	outside_boundary_exact	Idaho, Custer County	Railroad Ridge White Cloud Mts., 30 Km East of Stanely, ID.	https://lichenportal.org/portal/collections/individual/index.php?occid=1128353
1444912	SRP	SRP-L-0001301	Roger Rosentreter	9386	159.49	213.43	Idaho	Ada	44.216667	-114.183334	outside_boundary_exact	Idaho, Custer County	Railroad Ridge White Cloud Mts., 30 Km East of Stanely, ID.	https://lichenportal.org/portal/collections/individual/index.php?occid=1444912
1445271	SRP	SRP-L-0001658	Roger Rosentreter	9385	159.49	213.43	Idaho	Ada	44.216667	-114.183334	outside_boundary_exact	Idaho, Custer County	Railroad Ridge White Cloud Mts., 30 Km East of Stanely, ID.	https://lichenportal.org/portal/collections/individual/index.php?occid=1445271
1445882	SRP	SRP-L-0008865	Roger Rosentreter	9383	159.49	213.43	Idaho	Ada	44.216667	-114.183334	outside_boundary_exact	Idaho, Custer County	Railroad Ridge White Cloud Mts., 30 Km East of Stanely, ID.	https://lichenportal.org/portal/collections/individual/index.php?occid=1445882
1446509	SRP	SRP-L-0009685	Roger Rosentreter	9384	159.49	213.43	Idaho	Ada	44.216667	-114.183334	outside_boundary_exact	Idaho, Custer County	Railroad Ridge White Cloud Mts., 30 Km East of Stanely, ID.	https://lichenportal.org/portal/collections/individual/index.php?occid=1446509
1447442	SRP	SRP-L-0011454	Roger Rosentreter	9381	159.49	213.43	Idaho	Ada	44.216667	-114.183334	outside_boundary_exact	Idaho, Custer County	Railroad Ridge White Cloud Mts., 30 Km East of Stanely, ID.	https://lichenportal.org/portal/collections/individual/index.php?occid=1447442
1445870	SRP	SRP-L-0002158	Roger Rosentreter	9132	154.68	323.57	Idaho	Idaho	47.666668	-116.933334	outside_boundary_exact	Idaho, Kootenai County	Just South of Post Falls on north-facing slope. South of the waterfalls of the Spokane River.	https://lichenportal.org/portal/collections/individual/index.php?occid=1445870
1446701	SRP	SRP-L-0009878	Roger Rosentreter	9133	154.68	323.57	Idaho	Idaho	47.666668	-116.933334	outside_boundary_exact	Idaho, Kootenai County	Just South of Post Falls on north-facing slope. South of the waterfalls of the Spokane River.	https://lichenportal.org/portal/collections/individual/index.php?occid=1446701
1444818	SRP	SRP-L-0008678	R. Rosentreter	14085	121.3	278.54	Idaho	Lemhi	43.208333	-113.825	outside_boundary_exact	Idaho, Blaine County	Rocky Canyon Road. Just north of Boise	https://lichenportal.org/portal/collections/individual/index.php?occid=1444818
1106202	SRP	SRP-L-0002608	Roger Rosentreter	6988	83.39	169.52	Idaho	Boise	45.080002	-115.580002	outside_boundary_exact	Idaho, Valley County	South Fork of the Payette River. Behind the South Fork Lodge, southwest side of the Payette River and Route 12.	https://lichenportal.org/portal/collections/individual/index.php?occid=1106202
1128430	SRP	SRP-L-0006631	Roger Rosentreter	6989	83.39	169.52	Idaho	Boise	45.080002	-115.580002	outside_boundary_exact	Idaho, Valley County	South Fork of the Payette River. Behind the South Fork Lodge, southwest side of the Payette River and Route 12.	https://lichenportal.org/portal/collections/individual/index.php?occid=1128430
1129183	SRP	SRP-L-0004444	Roger Rosentreter	1045	83.39	169.52	Idaho	Boise	45.080002	-115.580002	outside_boundary_exact	Idaho, Valley County	South Fork of the Payette River. Behind the South Fork Lodge, southwest side of the Payette River and Route 12.	https://lichenportal.org/portal/collections/individual/index.php?occid=1129183
1446120	SRP	SRP-L-0009094	Roger Rosentreter	8542	83.39	169.52	Idaho	Boise	45.080002	-115.580002	outside_boundary_exact	Idaho, Valley County	South Fork of the Payette River. Behind the South Fork Lodge, southwest side of the Payette River and Route 12.	https://lichenportal.org/portal/collections/individual/index.php?occid=1446120
1446121	SRP	SRP-L-0009095	Roger Rosentreter	4297	83.39	169.52	Idaho	Boise	45.080002	-115.580002	outside_boundary_exact	Idaho, Valley County	South Fork of the Payette River. Behind the South Fork Lodge, southwest side of the Payette River and Route 12.	https://lichenportal.org/portal/collections/individual/index.php?occid=1446121
1446134	SRP	SRP-L-0009107	Roger Rosentreter	8540	83.39	169.52	Idaho	Boise	45.080002	-115.580002	outside_boundary_exact	Idaho, Valley County	South Fork of the Payette River. Behind the South Fork Lodge, southwest side of the Payette River and Route 12.	https://lichenportal.org/portal/collections/individual/index.php?occid=1446134
1446558	SRP	SRP-L-0009735	Roger Rosentreter	14047	83.39	169.52	Idaho	Boise	45.080002	-115.580002	outside_boundary_exact	Idaho, Valley County	South Fork of the Payette River. Behind the South Fork Lodge, southwest side of the Payette River and Route 12.	https://lichenportal.org/portal/collections/individual/index.php?occid=1446558
1443683	SRP	SRP-L-0008748	Roger Rosentreter, Dan Norris	9174	70.39	144.04	Idaho	Boise	44.866699	-116.166702	outside_boundary_exact	Idaho, Valley County	1 Km East of Banks, Idaho on North facing slope with some cliffs.	https://lichenportal.org/portal/collections/individual/index.php?occid=1443683
1106508	SRP	SRP-L-0002225	K D Larsen	134b	65.8	214.96	Idaho	Elmore	42.18	-115.019997	outside_boundary_exact	Idaho, Twin Falls County	USGS, experimental site.	https://lichenportal.org/portal/collections/individual/index.php?occid=1106508
1106509	SRP	SRP-L-0002224	K D Larsen	134a	65.8	214.96	Idaho	Elmore	42.18	-115.019997	outside_boundary_exact	Idaho, Twin Falls County	USGS, experimental site.	https://lichenportal.org/portal/collections/individual/index.php?occid=1106509
1106511	SRP	SRP-L-0002222	K D Larsen	107	65.8	214.96	Idaho	Elmore	42.18	-115.019997	outside_boundary_exact	Idaho, Twin Falls County	USGS, experimental site.	https://lichenportal.org/portal/collections/individual/index.php?occid=1106511
1125980	SRP	SRP-L-0002226	K D Larsen	134	65.8	214.96	Idaho	Elmore	42.18	-115.019997	outside_boundary_exact	Idaho, Twin Falls County	USGS, experimental site.	https://lichenportal.org/portal/collections/individual/index.php?occid=1125980
1126004	SRP	SRP-L-0002364	Roger Rosentreter	15471	65.8	214.96	Idaho	Elmore	42.18	-115.019997	outside_boundary_exact	Idaho, Twin Falls County	USGS, experimental site.	https://lichenportal.org/portal/collections/individual/index.php?occid=1126004
1129403	SRP	SRP-L-0004219	Roger Rosentreter	15472	65.8	214.96	Idaho	Elmore	42.18	-115.019997	outside_boundary_exact	Idaho, Twin Falls County	USGS, experimental site.	https://lichenportal.org/portal/collections/individual/index.php?occid=1129403
1128997	SRP	SRP-L-0004632	Roger Rosentreter	ID-46	60.85	233.27	Idaho	Idaho	44.650002	-115.169998	outside_boundary_exact	Idaho, Valley County	16 miles down stream from Dagger Falls, on the Salmon River, Idaho.	https://lichenportal.org/portal/collections/individual/index.php?occid=1128997
1129017	SRP	SRP-L-0004612	Roger Rosentreter	ID-45	60.85	233.27	Idaho	Idaho	44.650002	-115.169998	outside_boundary_exact	Idaho, Valley County	16 miles down stream from Dagger Falls, on the Salmon River, Idaho.	https://lichenportal.org/portal/collections/individual/index.php?occid=1129017
1446140	SRP	SRP-L-0009114	Roger Rosentreter	ID-41	60.85	233.27	Idaho	Idaho	44.650002	-115.169998	outside_boundary_exact	Idaho, Valley County	16 miles down stream from Dagger Falls, on the Salmon River, Idaho.	https://lichenportal.org/portal/collections/individual/index.php?occid=1446140
1106192	SRP	SRP-L-0002621	Roger Rosentreter	16525	46.84	173.79	Idaho	Valley	44.732498	-116.800003	outside_boundary_exact	Idaho, Washington County	McCall, Idaho. Camp Pinewood.	https://lichenportal.org/portal/collections/individual/index.php?occid=1106192
1447152	SRP	SRP-L-0010151	Roger Rosentreter	16524	46.84	173.79	Idaho	Valley	44.732498	-116.800003	outside_boundary_exact	Idaho, Washington County	McCall, Idaho. Camp Pinewood.	https://lichenportal.org/portal/collections/individual/index.php?occid=1447152
1105987	SRP	SRP-L-0002870	Roger Rosentreter	6903	40.89	168.2	Idaho	Elmore	43.166668	-116.76667	outside_boundary_exact	Idaho, Owyhee County	7 km NW of Mountain Home Snake River Plain.	https://lichenportal.org/portal/collections/individual/index.php?occid=1105987
1105993	SRP	SRP-L-0002863	Roger Rosentreter	6912	40.89	168.2	Idaho	Elmore	43.166668	-116.76667	outside_boundary_exact	Idaho, Owyhee County	7 km NW of Mountain Home Snake River Plain.	https://lichenportal.org/portal/collections/individual/index.php?occid=1105993
1106010	SRP	SRP-L-0002845	Roger Rosentreter	6917	40.89	168.2	Idaho	Elmore	43.166668	-116.76667	outside_boundary_exact	Idaho, Owyhee County	7 km NW of Mountain Home Snake River Plain.	https://lichenportal.org/portal/collections/individual/index.php?occid=1106010
1106397	SRP	SRP-L-0002360	Roger Rosentreter	6916	40.89	168.2	Idaho	Elmore	43.166668	-116.76667	outside_boundary_exact	Idaho, Owyhee County	7 km NW of Mountain Home Snake River Plain.	https://lichenportal.org/portal/collections/individual/index.php?occid=1106397
1125047	SRP	SRP-L-0000304	Roger Rosentreter	6907	40.89	168.2	Idaho	Elmore	43.166668	-116.76667	outside_boundary_exact	Idaho, Owyhee County	7 km NW of Mountain Home Snake River Plain.	https://lichenportal.org/portal/collections/individual/index.php?occid=1125047
1125073	SRP	SRP-L-0000330	Roger Rosentreter	6905b	40.89	168.2	Idaho	Elmore	43.166668	-116.76667	outside_boundary_exact	Idaho, Owyhee County	7 km NW of Mountain Home Snake River Plain.	https://lichenportal.org/portal/collections/individual/index.php?occid=1125073
1130555	SRP	SRP-L-0006557	Roger Rosentreter	6904	40.89	168.2	Idaho	Elmore	43.166668	-116.76667	outside_boundary_exact	Idaho, Owyhee County	7 km NW of Mountain Home Snake River Plain.	https://lichenportal.org/portal/collections/individual/index.php?occid=1130555
1203580	SRP	SRP-L-0005341	Roger Rosentreter	6914a	40.89	168.2	Idaho	Elmore	43.166668	-116.76667	outside_boundary_exact	Idaho, Owyhee County	7 km NW of Mountain Home Snake River Plain.	https://lichenportal.org/portal/collections/individual/index.php?occid=1203580
1203581	SRP	SRP-L-0005342	Roger Rosentreter	6914b	40.89	168.2	Idaho	Elmore	43.166668	-116.76667	outside_boundary_exact	Idaho, Owyhee County	7 km NW of Mountain Home Snake River Plain.	https://lichenportal.org/portal/collections/individual/index.php?occid=1203581
1212066	SRP	SRP-L-0007410	Roger Rosentreter	6908b	40.89	168.2	Idaho	Elmore	43.166668	-116.76667	outside_boundary_exact	Idaho, Owyhee County	7 km NW of Mountain Home Snake River Plain.	https://lichenportal.org/portal/collections/individual/index.php?occid=1212066
1444110	SRP	SRP-L-0007936	Roger Rosentreter	6905c	40.89	168.2	Idaho	Elmore	43.166668	-116.76667	outside_boundary_exact	Idaho, Owyhee County	7 km NW of Mountain Home Snake River Plain.	https://lichenportal.org/portal/collections/individual/index.php?occid=1444110
1445740	SRP	SRP-L-0008967	Roger Rosentreter	6913a	40.89	168.2	Idaho	Elmore	43.166668	-116.76667	outside_boundary_exact	Idaho, Owyhee County	7 km NW of Mountain Home Snake River Plain.	https://lichenportal.org/portal/collections/individual/index.php?occid=1445740
1445741	SRP	SRP-L-0008968	Roger Rosentreter	6913b	40.89	168.2	Idaho	Elmore	43.166668	-116.76667	outside_boundary_exact	Idaho, Owyhee County	7 km NW of Mountain Home Snake River Plain.	https://lichenportal.org/portal/collections/individual/index.php?occid=1445741
1445742	SRP	SRP-L-0008969	Roger Rosentreter	6913c	40.89	168.2	Idaho	Elmore	43.166668	-116.76667	outside_boundary_exact	Idaho, Owyhee County	7 km NW of Mountain Home Snake River Plain.	https://lichenportal.org/portal/collections/individual/index.php?occid=1445742
1447443	SRP	SRP-L-0011455	Roger Rosentreter	6906	40.89	168.2	Idaho	Elmore	43.166668	-116.76667	outside_boundary_exact	Idaho, Owyhee County	7 km NW of Mountain Home Snake River Plain.	https://lichenportal.org/portal/collections/individual/index.php?occid=1447443
1447511	SRP	SRP-L-0011523	Roger Rosentreter	6908	40.89	168.2	Idaho	Elmore	43.166668	-116.76667	outside_boundary_exact	Idaho, Owyhee County	7 km NW of Mountain Home Snake River Plain.	https://lichenportal.org/portal/collections/individual/index.php?occid=1447511
1447621	SRP	SRP-L-0011634	Roger Rosentreter	6905d	40.89	168.2	Idaho	Elmore	43.166668	-116.76667	outside_boundary_exact	Idaho, Owyhee County	7 km NW of Mountain Home Snake River Plain.	https://lichenportal.org/portal/collections/individual/index.php?occid=1447621
1447694	SRP	SRP-L-0011707	Roger Rosentreter	6908c	40.89	168.2	Idaho	Elmore	43.166668	-116.76667	outside_boundary_exact	Idaho, Owyhee County	7 km NW of Mountain Home Snake River Plain.	https://lichenportal.org/portal/collections/individual/index.php?occid=1447694
1447695	SRP	SRP-L-0011708	Roger Rosentreter	6908a	40.89	168.2	Idaho	Elmore	43.166668	-116.76667	outside_boundary_exact	Idaho, Owyhee County	7 km NW of Mountain Home Snake River Plain.	https://lichenportal.org/portal/collections/individual/index.php?occid=1447695
1576760	SRP	SRP-L-0003033	Roger Rosentreter	6909	40.89	168.2	Idaho	Elmore	43.166668	-116.76667	outside_boundary_exact	Idaho, Owyhee County	7 km NW of Mountain Home Snake River Plain.	https://lichenportal.org/portal/collections/individual/index.php?occid=1576760
3353626	SRP	NA	Roger Rosentreter	6401	38.72	161.88	Idaho	Blaine	43.25	-115	outside_boundary_exact	Idaho, Camas County	NA	https://lichenportal.org/portal/collections/individual/index.php?occid=3353626
1128345	SRP	SRP-L-0006715	B F Leonard	93 LI-4.4	37.92	150.5	Idaho	Valley	44.058998	-115.016998	outside_boundary_exact	Idaho, Custer County	Cinnabar moraine, between Cinnabar and sugar creeks. East central ninth. Stibnite 7 1/2 min. quadrangle. North of McCall, Idaho.	https://lichenportal.org/portal/collections/individual/index.php?occid=1128345
1208989	SRP	SRP-L-0005965	B F Leonard	93 LI-1	37.92	150.5	Idaho	Valley	44.058998	-115.016998	outside_boundary_exact	Idaho, Custer County	Cinnabar moraine, between Cinnabar and sugar creeks. East central ninth. Stibnite 7 1/2 min. quadrangle. North of McCall, Idaho.	https://lichenportal.org/portal/collections/individual/index.php?occid=1208989
1445039	SRP	SRP-L-0001432	B F Leonard	93 LI-2	37.92	150.5	Idaho	Valley	44.058998	-115.016998	outside_boundary_exact	Idaho, Custer County	Cinnabar moraine, between Cinnabar and sugar creeks. East central ninth. Stibnite 7 1/2 min. quadrangle. North of McCall, Idaho.	https://lichenportal.org/portal/collections/individual/index.php?occid=1445039
1105916	SRP	SRP-L-0002954	Roger Rosentreter	7580	36.74	115.73	Idaho	Boise	43.330002	-115.580002	outside_boundary_exact	Idaho, Elmore County	Elk Creek RNA South of Arrow Rock Dam on the Middle Fork of the Boise River.	https://lichenportal.org/portal/collections/individual/index.php?occid=1105916
1129000	SRP	SRP-L-0004629	Roger Rosentreter	7584	36.74	115.73	Idaho	Boise	43.330002	-115.580002	outside_boundary_exact	Idaho, Elmore County	Elk Creek RNA South of Arrow Rock Dam on the Middle Fork of the Boise River.	https://lichenportal.org/portal/collections/individual/index.php?occid=1129000
1445267	SRP	SRP-L-0001654	Roger Rosentreter	7583c	36.74	115.73	Idaho	Boise	43.330002	-115.580002	outside_boundary_exact	Idaho, Elmore County	Elk Creek RNA South of Arrow Rock Dam on the Middle Fork of the Boise River.	https://lichenportal.org/portal/collections/individual/index.php?occid=1445267
1445268	SRP	SRP-L-0001655	Roger Rosentreter	7583b	36.74	115.73	Idaho	Boise	43.330002	-115.580002	outside_boundary_exact	Idaho, Elmore County	Elk Creek RNA South of Arrow Rock Dam on the Middle Fork of the Boise River.	https://lichenportal.org/portal/collections/individual/index.php?occid=1445268
1445270	SRP	SRP-L-0001657	Roger Rosentreter	7583	36.74	115.73	Idaho	Boise	43.330002	-115.580002	outside_boundary_exact	Idaho, Elmore County	Elk Creek RNA South of Arrow Rock Dam on the Middle Fork of the Boise River.	https://lichenportal.org/portal/collections/individual/index.php?occid=1445270
1105828	SRP	SRP-L-0003054	Roger Rosentreter	3728	35.42	181.7	Idaho	Lemhi	45.799999	-113.449997	outside_boundary_exact	Montana, Beaverhead County	Lemhi Pass, Montana Idaho border. 20 miles Southeast of Salmon, Idaho.	https://lichenportal.org/portal/collections/individual/index.php?occid=1105828
1105851	SRP	SRP-L-0003028	Roger Rosentreter	3736	35.42	181.7	Idaho	Lemhi	45.799999	-113.449997	outside_boundary_exact	Montana, Beaverhead County	Lemhi Pass, Montana Idaho border. 20 miles Southeast of Salmon, Idaho.	https://lichenportal.org/portal/collections/individual/index.php?occid=1105851
1125172	SRP	SRP-L-0003414	Roger Rosentreter	3724	35.42	181.7	Idaho	Lemhi	45.799999	-113.449997	outside_boundary_exact	Montana, Beaverhead County	Lemhi Pass, Montana Idaho border. 20 miles Southeast of Salmon, Idaho.	https://lichenportal.org/portal/collections/individual/index.php?occid=1125172
1126052	SRP	SRP-L-0002594	Roger Rosentreter	3726	35.42	181.7	Idaho	Lemhi	45.799999	-113.449997	outside_boundary_exact	Montana, Beaverhead County	Lemhi Pass, Montana Idaho border. 20 miles Southeast of Salmon, Idaho.	https://lichenportal.org/portal/collections/individual/index.php?occid=1126052
1128659	SRP	SRP-L-0006391	Roger Rosentreter	3727	35.42	181.7	Idaho	Lemhi	45.799999	-113.449997	outside_boundary_exact	Montana, Beaverhead County	Lemhi Pass, Montana Idaho border. 20 miles Southeast of Salmon, Idaho.	https://lichenportal.org/portal/collections/individual/index.php?occid=1128659
1134460	SRP	SRP-L-0004880	Roger Rosentreter	3731	35.42	181.7	Idaho	Lemhi	45.799999	-113.449997	outside_boundary_exact	Montana, Beaverhead County	Lemhi Pass, Montana Idaho border. 20 miles Southeast of Salmon, Idaho.	https://lichenportal.org/portal/collections/individual/index.php?occid=1134460
1134610	SRP	SRP-L-0004946	Roger Rosentreter	3730	35.42	181.7	Idaho	Lemhi	45.799999	-113.449997	outside_boundary_exact	Montana, Beaverhead County	Lemhi Pass, Montana Idaho border. 20 miles Southeast of Salmon, Idaho.	https://lichenportal.org/portal/collections/individual/index.php?occid=1134610
1443739	SRP	SRP-L-0008804	Roger Rosentreter	3723	35.42	181.7	Idaho	Lemhi	45.799999	-113.449997	outside_boundary_exact	Montana, Beaverhead County	Lemhi Pass, Montana Idaho border. 20 miles Southeast of Salmon, Idaho.	https://lichenportal.org/portal/collections/individual/index.php?occid=1443739
1444747	SRP	SRP-L-0008598	Roger Rosentreter	3729	35.42	181.7	Idaho	Lemhi	45.799999	-113.449997	outside_boundary_exact	Montana, Beaverhead County	Lemhi Pass, Montana Idaho border. 20 miles Southeast of Salmon, Idaho.	https://lichenportal.org/portal/collections/individual/index.php?occid=1444747
1446676	SRP	SRP-L-0009853	R. Rosentreter	3732	35.42	181.7	Idaho	Lemhi	45.8	-113.45	outside_boundary_exact	Montana, Beaverhead County	Lemhi Pass, Idaho-Montana border; 20 miles SE of Salmon, Idaho	https://lichenportal.org/portal/collections/individual/index.php?occid=1446676
1446872	SRP	SRP-L-0010532	Roger Rosentreter	3732a	35.42	181.7	Idaho	Lemhi	45.799999	-113.449997	outside_boundary_exact	Montana, Beaverhead County	Lemhi Pass, Montana Idaho border. 20 miles Southeast of Salmon, Idaho.	https://lichenportal.org/portal/collections/individual/index.php?occid=1446872
1446873	SRP	SRP-L-0010533	Roger Rosentreter	3732b	35.42	181.7	Idaho	Lemhi	45.799999	-113.449997	outside_boundary_exact	Montana, Beaverhead County	Lemhi Pass, Montana Idaho border. 20 miles Southeast of Salmon, Idaho.	https://lichenportal.org/portal/collections/individual/index.php?occid=1446873
1447547	SRP	SRP-L-0011560	Roger Rosentreter	3735	35.42	181.7	Idaho	Lemhi	45.799999	-113.449997	outside_boundary_exact	Montana, Beaverhead County	Lemhi Pass, Montana Idaho border. 20 miles Southeast of Salmon, Idaho.	https://lichenportal.org/portal/collections/individual/index.php?occid=1447547
1209135	SRP	SRP-L-0006928	Roger Rosentreter	17089b	35.07	177.45	Idaho	Valley	45.512402	-115.043503	outside_boundary_exact	Idaho, Idaho County	Barth Hot Springs, along the main Salmon River.	https://lichenportal.org/portal/collections/individual/index.php?occid=1209135
1209136	SRP	SRP-L-0006929	Roger Rosentreter	17089c	35.07	177.45	Idaho	Valley	45.512402	-115.043503	outside_boundary_exact	Idaho, Idaho County	Barth Hot Springs, along the main Salmon River.	https://lichenportal.org/portal/collections/individual/index.php?occid=1209136
1105950	SRP	SRP-L-0002916	Roger Rosentreter	6132	35.05	177.46	Idaho	Valley	45.512199	-115.042801	outside_boundary_exact	Idaho, Idaho County	Barth Hot Springs Rocky Cliffs. Just 1/8 mile downstream of Salmon Falls Rapid. South side of the river.	https://lichenportal.org/portal/collections/individual/index.php?occid=1105950
1106088	SRP	SRP-L-0002748	Roger Rosentreter	7983	35.05	177.46	Idaho	Valley	45.512199	-115.042801	outside_boundary_exact	Idaho, Idaho County	Barth Hot Springs Rocky Cliffs. Just 1/8 mile downstream of Salmon Falls Rapid. South side of the river.	https://lichenportal.org/portal/collections/individual/index.php?occid=1106088
1106449	SRP	SRP-L-0002294	Roger Rosentreter	7985	35.05	177.46	Idaho	Valley	45.512199	-115.042801	outside_boundary_exact	Idaho, Idaho County	Barth Hot Springs Rocky Cliffs. Just 1/8 mile downstream of Salmon Falls Rapid. South side of the river.	https://lichenportal.org/portal/collections/individual/index.php?occid=1106449
1125984	SRP	SRP-L-0002252	Roger Rosentreter	7986	35.05	177.46	Idaho	Valley	45.512199	-115.042801	outside_boundary_exact	Idaho, Idaho County	Barth Hot Springs Rocky Cliffs. Just 1/8 mile downstream of Salmon Falls Rapid. South side of the river.	https://lichenportal.org/portal/collections/individual/index.php?occid=1125984
1125990	SRP	SRP-L-0002296	Roger Rosentreter	4960	35.05	177.46	Idaho	Valley	45.512199	-115.042801	outside_boundary_exact	Idaho, Idaho County	Barth Hot Springs Rocky Cliffs. Just 1/8 mile downstream of Salmon Falls Rapid. South side of the river.	https://lichenportal.org/portal/collections/individual/index.php?occid=1125990
1126047	SRP	SRP-L-0002560	Roger Rosentreter	16062	35.05	177.46	Idaho	Valley	45.512199	-115.042801	outside_boundary_exact	Idaho, Idaho County	Barth Hot Springs Rocky Cliffs. Just 1/8 mile downstream of Salmon Falls Rapid. South side of the river.	https://lichenportal.org/portal/collections/individual/index.php?occid=1126047
1129080	SRP	SRP-L-0004549	Roger Rosentreter	4961a	35.05	177.46	Idaho	Valley	45.512199	-115.042801	outside_boundary_exact	Idaho, Idaho County	Barth Hot Springs Rocky Cliffs. Just 1/8 mile downstream of Salmon Falls Rapid. South side of the river.	https://lichenportal.org/portal/collections/individual/index.php?occid=1129080
1129094	SRP	SRP-L-0004535	Roger Rosentreter	4605	35.05	177.46	Idaho	Valley	45.512199	-115.042801	outside_boundary_exact	Idaho, Idaho County	Barth Hot Springs Rocky Cliffs. Just 1/8 mile downstream of Salmon Falls Rapid. South side of the river.	https://lichenportal.org/portal/collections/individual/index.php?occid=1129094
1129255	SRP	SRP-L-0004368	Roger Rosentreter	8586	35.05	177.46	Idaho	Valley	45.512199	-115.042801	outside_boundary_exact	Idaho, Idaho County	Barth Hot Springs Rocky Cliffs. Just 1/8 mile downstream of Salmon Falls Rapid. South side of the river.	https://lichenportal.org/portal/collections/individual/index.php?occid=1129255
1129325	SRP	SRP-L-0004298	Roger Rosentreter	8582	35.05	177.46	Idaho	Valley	45.512199	-115.042801	outside_boundary_exact	Idaho, Idaho County	Barth Hot Springs Rocky Cliffs. Just 1/8 mile downstream of Salmon Falls Rapid. South side of the river.	https://lichenportal.org/portal/collections/individual/index.php?occid=1129325
1130089	SRP	SRP-L-0000860	Roger Rosentreter	4957	35.05	177.46	Idaho	Valley	45.512199	-115.042801	outside_boundary_exact	Idaho, Idaho County	Barth Hot Springs Rocky Cliffs. Just 1/8 mile downstream of Salmon Falls Rapid. South side of the river.	https://lichenportal.org/portal/collections/individual/index.php?occid=1130089
1130159	SRP	SRP-L-0000789	Roger Rosentreter	8584	35.05	177.46	Idaho	Valley	45.512199	-115.042801	outside_boundary_exact	Idaho, Idaho County	Barth Hot Springs Rocky Cliffs. Just 1/8 mile downstream of Salmon Falls Rapid. South side of the river.	https://lichenportal.org/portal/collections/individual/index.php?occid=1130159
1201829	SRP	SRP-L-0005244	Roger Rosentreter	4529	35.05	177.46	Idaho	Valley	45.512199	-115.042801	outside_boundary_exact	Idaho, Idaho County	Barth Hot Springs Rocky Cliffs. Just 1/8 mile downstream of Salmon Falls Rapid. South side of the river.	https://lichenportal.org/portal/collections/individual/index.php?occid=1201829
1203568	SRP	SRP-L-0005284	Roger Rosentreter	8581a	35.05	177.46	Idaho	Valley	45.512199	-115.042801	outside_boundary_exact	Idaho, Idaho County	Barth Hot Springs Rocky Cliffs. Just 1/8 mile downstream of Salmon Falls Rapid. South side of the river.	https://lichenportal.org/portal/collections/individual/index.php?occid=1203568
1203569	SRP	SRP-L-0005285	Roger Rosentreter	8581b	35.05	177.46	Idaho	Valley	45.512199	-115.042801	outside_boundary_exact	Idaho, Idaho County	Barth Hot Springs Rocky Cliffs. Just 1/8 mile downstream of Salmon Falls Rapid. South side of the river.	https://lichenportal.org/portal/collections/individual/index.php?occid=1203569
1203570	SRP	SRP-L-0005286	Roger Rosentreter	8583	35.05	177.46	Idaho	Valley	45.512199	-115.042801	outside_boundary_exact	Idaho, Idaho County	Barth Hot Springs Rocky Cliffs. Just 1/8 mile downstream of Salmon Falls Rapid. South side of the river.	https://lichenportal.org/portal/collections/individual/index.php?occid=1203570
1209137	SRP	SRP-L-0006930	Roger Rosentreter	8585	35.05	177.46	Idaho	Valley	45.512199	-115.042801	outside_boundary_exact	Idaho, Idaho County	Barth Hot Springs Rocky Cliffs. Just 1/8 mile downstream of Salmon Falls Rapid. South side of the river.	https://lichenportal.org/portal/collections/individual/index.php?occid=1209137
1209138	SRP	SRP-L-0006931	Roger Rosentreter	8585b	35.05	177.46	Idaho	Valley	45.512199	-115.042801	outside_boundary_exact	Idaho, Idaho County	Barth Hot Springs Rocky Cliffs. Just 1/8 mile downstream of Salmon Falls Rapid. South side of the river.	https://lichenportal.org/portal/collections/individual/index.php?occid=1209138
1445660	SRP	SRP-L-0001909	Roger Rosentreter	7984	35.05	177.46	Idaho	Valley	45.512199	-115.042801	outside_boundary_exact	Idaho, Idaho County	Barth Hot Springs Rocky Cliffs. Just 1/8 mile downstream of Salmon Falls Rapid. South side of the river.	https://lichenportal.org/portal/collections/individual/index.php?occid=1445660
1576808	SRP	SRP-L-0006442	Roger Rosentreter	8587	35.05	177.46	Idaho	Valley	45.512199	-115.042801	outside_boundary_exact	Idaho, Idaho County	Barth Hot Springs Rocky Cliffs. Just 1/8 mile downstream of Salmon Falls Rapid. South side of the river.	https://lichenportal.org/portal/collections/individual/index.php?occid=1576808
1129299	SRP	SRP-L-0004324	Roger Rosentreter	16986	34.74	177.25	Idaho	Valley	45.509399	-115.041397	outside_boundary_exact	Idaho, Idaho County	North-facing slope, Barth Hot Springs area, Main Salmon River.	https://lichenportal.org/portal/collections/individual/index.php?occid=1129299
1203689	SRP	SRP-L-0005621	Roger Rosentreter	16988	34.74	177.25	Idaho	Valley	45.509399	-115.041397	outside_boundary_exact	Idaho, Idaho County	North-facing slope, Barth Hot Springs area, Main Salmon River.	https://lichenportal.org/portal/collections/individual/index.php?occid=1203689
1443690	SRP	SRP-L-0008755	Roger Rosentreter	16984	34.74	177.25	Idaho	Valley	45.509399	-115.041397	outside_boundary_exact	Idaho, Idaho County	North-facing slope, Barth Hot Springs area, Main Salmon River.	https://lichenportal.org/portal/collections/individual/index.php?occid=1443690
1128855	SRP	SRP-L-0004774	Roger Rosentreter	15410	33.76	160.36	Idaho	Valley	45.5	-115.5	outside_boundary_exact	Idaho, Idaho County	NA	https://lichenportal.org/portal/collections/individual/index.php?occid=1128855
1128863	SRP	SRP-L-0004766	Roger Rosentreter	4956	33.7	178.1	Idaho	Valley	45.5	-115	outside_boundary_exact	Idaho, Idaho County	NA	https://lichenportal.org/portal/collections/individual/index.php?occid=1128863
1128866	SRP	SRP-L-0004763	Roger Rosentreter	1906	33.7	178.1	Idaho	Valley	45.5	-115	outside_boundary_exact	Idaho, Idaho County	NA	https://lichenportal.org/portal/collections/individual/index.php?occid=1128866
1128867	SRP	SRP-L-0004762	Roger Rosentreter	4527	33.7	178.1	Idaho	Valley	45.5	-115	outside_boundary_exact	Idaho, Idaho County	NA	https://lichenportal.org/portal/collections/individual/index.php?occid=1128867
1106144	SRP	SRP-L-0002679	Roger Rosentreter	16540	30.16	163.55	Idaho	Valley	44.561668	-116.563332	outside_boundary_exact	Idaho, Washington County	Four miles east of McCall, Idaho.	https://lichenportal.org/portal/collections/individual/index.php?occid=1106144
1125107	SRP	SRP-L-0000733	Roger Rosentreter	16530a	30.16	163.55	Idaho	Valley	44.561668	-116.563332	outside_boundary_exact	Idaho, Washington County	Four miles east of McCall, Idaho.	https://lichenportal.org/portal/collections/individual/index.php?occid=1125107
1125108	SRP	SRP-L-0000734	Roger Rosentreter	16530b	30.16	163.55	Idaho	Valley	44.561668	-116.563332	outside_boundary_exact	Idaho, Washington County	Four miles east of McCall, Idaho.	https://lichenportal.org/portal/collections/individual/index.php?occid=1125108
1128351	SRP	SRP-L-0006709	Roger Rosentreter	16535	30.16	163.55	Idaho	Valley	44.561668	-116.563332	outside_boundary_exact	Idaho, Washington County	Four miles east of McCall, Idaho.	https://lichenportal.org/portal/collections/individual/index.php?occid=1128351
1129013	SRP	SRP-L-0004616	Roger Rosentreter	16538	30.16	163.55	Idaho	Valley	44.561668	-116.563332	outside_boundary_exact	Idaho, Washington County	Four miles east of McCall, Idaho.	https://lichenportal.org/portal/collections/individual/index.php?occid=1129013
1129162	SRP	SRP-L-0004465	Roger Rosentreter	16534	30.16	163.55	Idaho	Valley	44.561668	-116.563332	outside_boundary_exact	Idaho, Washington County	Four miles east of McCall, Idaho.	https://lichenportal.org/portal/collections/individual/index.php?occid=1129162
1129668	SRP	SRP-L-0003953	Roger Rosentreter	16531	30.16	163.55	Idaho	Valley	44.561668	-116.563332	outside_boundary_exact	Idaho, Washington County	Four miles east of McCall, Idaho.	https://lichenportal.org/portal/collections/individual/index.php?occid=1129668
1134437	SRP	SRP-L-0004856	Roger Rosentreter	16537	30.16	163.55	Idaho	Valley	44.561668	-116.563332	outside_boundary_exact	Idaho, Washington County	Four miles east of McCall, Idaho.	https://lichenportal.org/portal/collections/individual/index.php?occid=1134437
1203679	SRP	SRP-L-0005631	Roger Rosentreter	16537b	30.16	163.55	Idaho	Valley	44.561668	-116.563332	outside_boundary_exact	Idaho, Washington County	Four miles east of McCall, Idaho.	https://lichenportal.org/portal/collections/individual/index.php?occid=1203679
1203930	SRP	SRP-L-0005364	Roger Rosentreter	16532	30.16	163.55	Idaho	Valley	44.561668	-116.563332	outside_boundary_exact	Idaho, Washington County	Four miles east of McCall, Idaho.	https://lichenportal.org/portal/collections/individual/index.php?occid=1203930
1212146	SRP	SRP-L-0007490	Roger Rosentreter	16533	30.16	163.55	Idaho	Valley	44.561668	-116.563332	outside_boundary_exact	Idaho, Washington County	Four miles east of McCall, Idaho.	https://lichenportal.org/portal/collections/individual/index.php?occid=1212146
1212147	SRP	SRP-L-0007491	Roger Rosentreter	16533b	30.16	163.55	Idaho	Valley	44.561668	-116.563332	outside_boundary_exact	Idaho, Washington County	Four miles east of McCall, Idaho.	https://lichenportal.org/portal/collections/individual/index.php?occid=1212147
1443689	SRP	SRP-L-0008754	Roger Rosentreter	16536	30.16	163.55	Idaho	Valley	44.561668	-116.563332	outside_boundary_exact	Idaho, Washington County	Four miles east of McCall, Idaho.	https://lichenportal.org/portal/collections/individual/index.php?occid=1443689
1443975	SRP	SRP-L-0007802	Roger Rosentreter	16528	30.16	163.55	Idaho	Valley	44.561668	-116.563332	outside_boundary_exact	Idaho, Washington County	Four miles east of McCall, Idaho.	https://lichenportal.org/portal/collections/individual/index.php?occid=1443975
1445482	SRP	SRP-L-0001954	Roger Rosentreter	16529	30.16	163.55	Idaho	Valley	44.561668	-116.563332	outside_boundary_exact	Idaho, Washington County	Four miles east of McCall, Idaho.	https://lichenportal.org/portal/collections/individual/index.php?occid=1445482
1445566	SRP	SRP-L-0001717	Roger Rosentreter	16545a	30.16	163.55	Idaho	Valley	44.561668	-116.563332	outside_boundary_exact	Idaho, Washington County	Four miles east of McCall, Idaho.	https://lichenportal.org/portal/collections/individual/index.php?occid=1445566
1445567	SRP	SRP-L-0001718	Roger Rosentreter	16545b	30.16	163.55	Idaho	Valley	44.561668	-116.563332	outside_boundary_exact	Idaho, Washington County	Four miles east of McCall, Idaho.	https://lichenportal.org/portal/collections/individual/index.php?occid=1445567
1445703	SRP	SRP-L-0008978	Roger Rosentreter	16526	30.16	163.55	Idaho	Valley	44.561668	-116.563332	outside_boundary_exact	Idaho, Washington County	Four miles east of McCall, Idaho.	https://lichenportal.org/portal/collections/individual/index.php?occid=1445703
1446625	SRP	SRP-L-0009802	Roger Rosentreter	16539	30.16	163.55	Idaho	Valley	44.561668	-116.563332	outside_boundary_exact	Idaho, Washington County	Four miles east of McCall, Idaho.	https://lichenportal.org/portal/collections/individual/index.php?occid=1446625
1208871	SRP	SRP-L-0006853	J (Jenifer) Hutchinson, Erin Martin	ID-311-03	29.03	197.45	Idaho	Idaho	46.775799	-115.417549	outside_boundary_exact	Idaho, Clearwater County	Selway River, just upstream from Rock Island.	https://lichenportal.org/portal/collections/individual/index.php?occid=1208871
1209071	SRP	SRP-L-0006888	J (Jenifer) Hutchinson, Erin Martin	ID-311-02	29.03	197.45	Idaho	Idaho	46.775799	-115.417549	outside_boundary_exact	Idaho, Clearwater County	Selway River, just upstream from Rock Island.	https://lichenportal.org/portal/collections/individual/index.php?occid=1209071
1125074	SRP	SRP-L-0000331	J. H. Kaltenecker	210	27.67	156.85	Idaho	Elmore	43.166668	-116.599999	outside_boundary_exact	Idaho, Owyhee County	Rattlesnake Creek study area, 4.8 km northeast of Mountain Home along U.S. Route 20.	https://lichenportal.org/portal/collections/individual/index.php?occid=1125074
1129178	SRP	SRP-L-0004449	J. H. Kaltenecker	222	27.67	156.85	Idaho	Elmore	43.166668	-116.599999	outside_boundary_exact	Idaho, Owyhee County	Rattlesnake Creek study area, 4.8 km northeast of Mountain Home along U.S. Route 20.	https://lichenportal.org/portal/collections/individual/index.php?occid=1129178
1443883	SRP	SRP-L-0007709	J. H. Kaltenecker	201	27.67	156.85	Idaho	Elmore	43.166667	-116.6	outside_boundary_exact	Idaho, Owyhee County	Rattlesnake Creek study area, 4.8 km northeast of Mountain Home along U.S. Route 20.	https://lichenportal.org/portal/collections/individual/index.php?occid=1443883
1444819	SRP	SRP-L-0008679	Roger Rosentreter	14086	25.47	104.65	Idaho	Ada	44.033001	-116.233002	outside_boundary_exact	Idaho, Boise County	Rocky Canyon Road, just north of Boise, Idaho.	https://lichenportal.org/portal/collections/individual/index.php?occid=1444819
1444820	SRP	SRP-L-0008680	Roger Rosentreter	14085	25.47	104.65	Idaho	Ada	44.033001	-116.233002	outside_boundary_exact	Idaho, Boise County	Rocky Canyon Road, just north of Boise, Idaho.	https://lichenportal.org/portal/collections/individual/index.php?occid=1444820
1125327	SRP	SRP-L-0003645	J (Jenifer) Hutchinson, Erin Martin	822-03	24.89	89.46	Idaho	Kootenai	47.75	-116	outside_boundary_exact	Idaho, Shoshone County	NA	https://lichenportal.org/portal/collections/individual/index.php?occid=1125327
1129298	SRP	SRP-L-0004325	L. Bailey	40	24.38	152.69	Idaho	Valley	44.7	-116.5	outside_boundary_exact	Idaho, Adams County	Middle Fork Weiser River, north of Weiser, idaho.	https://lichenportal.org/portal/collections/individual/index.php?occid=1129298
1106444	SRP	SRP-L-0002300	Roger Rosentreter	15408	23.94	152.17	Idaho	Valley	45.411701	-115.4683	outside_boundary_exact	Idaho, Idaho County	Salmon River, Five Mile Creek.	https://lichenportal.org/portal/collections/individual/index.php?occid=1106444
1128910	SRP	SRP-L-0004719	Roger Rosentreter	15406	23.94	152.17	Idaho	Valley	45.411701	-115.4683	outside_boundary_exact	Idaho, Idaho County	Salmon River, Five Mile Creek.	https://lichenportal.org/portal/collections/individual/index.php?occid=1128910
1130157	SRP	SRP-L-0000791	Roger Rosentreter	15407	23.94	152.17	Idaho	Valley	45.411701	-115.4683	outside_boundary_exact	Idaho, Idaho County	Salmon River, Five Mile Creek.	https://lichenportal.org/portal/collections/individual/index.php?occid=1130157
1203604	SRP	SRP-L-0005288	Roger Rosentreter	15409	23.94	152.17	Idaho	Valley	45.411701	-115.4683	outside_boundary_exact	Idaho, Idaho County	Salmon River, Five Mile Creek.	https://lichenportal.org/portal/collections/individual/index.php?occid=1203604
1444284	SRP	SRP-L-0008111	Roger Rosentreter	15411	23.94	152.17	Idaho	Valley	45.411701	-115.4683	outside_boundary_exact	Idaho, Idaho County	Salmon River, Five Mile Creek.	https://lichenportal.org/portal/collections/individual/index.php?occid=1444284
1444303	SRP	SRP-L-0008130	Roger Rosentreter	15403	23.94	152.17	Idaho	Valley	45.411701	-115.4683	outside_boundary_exact	Idaho, Idaho County	Salmon River, Five Mile Creek.	https://lichenportal.org/portal/collections/individual/index.php?occid=1444303
1445502	SRP	SRP-L-0001974	A. Pipp	95-1	23.45	258.97	Idaho	Idaho	46.666667	-114.016667	outside_boundary_exact	Montana, Missoula County	Forest stand # 635-08-011	https://lichenportal.org/portal/collections/individual/index.php?occid=1445502
1447413	SRP	SRP-L-0011426	A. DeBolt	2291	22.26	92.77	Idaho	Ada	43.93	-116.059998	outside_boundary_exact	Idaho, Boise County	Near the Boise Velodrome/Twisted Sister cycling trail, 1/4 mile SE of Veldrome development and 0.1 mile N of Sage Acres subdivision.	https://lichenportal.org/portal/collections/individual/index.php?occid=1447413
1447820	SRP	SRP-L-0011838	Roger Rosentreter	4523a	21.9	142.34	Idaho	Lemhi	44.43	-114.120003	outside_boundary_exact	Idaho, Custer County	Road cut along Rt. #93 S of Challis, Idaho.	https://lichenportal.org/portal/collections/individual/index.php?occid=1447820
1447821	SRP	SRP-L-0011839	Roger Rosentreter	4523b	21.9	142.34	Idaho	Lemhi	44.43	-114.120003	outside_boundary_exact	Idaho, Custer County	Road cut along Rt. #93 S of Challis, Idaho.	https://lichenportal.org/portal/collections/individual/index.php?occid=1447821
3352779	SRP	NA	Roger Rosentreter	19514	21.54	261.82	Idaho	Owyhee	42.004	-114.776117	outside_boundary_exact	Idaho, Twin Falls County	South of Rogerson, and 18 km E of Jackpot, NV.	https://lichenportal.org/portal/collections/individual/index.php?occid=3352779
3352780	SRP	NA	Roger Rosentreter	19513	21.54	261.82	Idaho	Owyhee	42.004	-114.776117	outside_boundary_exact	Idaho, Twin Falls County	South or Rogerson, and 18 km E of Jackpot NV.	https://lichenportal.org/portal/collections/individual/index.php?occid=3352780
3352794	SRP	NA	Roger Rosentreter	19517	21.54	261.82	Idaho	Owyhee	42.004	-114.776117	outside_boundary_exact	Idaho, Twin Falls County	South of Rogerson and 18 km E of Jackpot, NV.	https://lichenportal.org/portal/collections/individual/index.php?occid=3352794
3352806	SRP	NA	Roger Rosentreter	19516	21.54	261.82	Idaho	Owyhee	42.004	-114.776117	outside_boundary_exact	Idaho, Twin Falls County	South of Rogerson, and 18 km E of Jackpot, NV.	https://lichenportal.org/portal/collections/individual/index.php?occid=3352806
3352808	SRP	NA	Roger Rosentreter	19515	21.54	261.82	Idaho	Owyhee	42.004	-114.776117	outside_boundary_exact	Idaho, Twin Falls County	South of Rogerson and 18 km E. of Jackpot, NV.	https://lichenportal.org/portal/collections/individual/index.php?occid=3352808
3352811	SRP	NA	Roger Rosentreter	19512	21.54	261.82	Idaho	Owyhee	42.004	-114.776117	outside_boundary_exact	Idaho, Twin Falls County	South of Rogerson and 18 km E. of Jackpot, NV	https://lichenportal.org/portal/collections/individual/index.php?occid=3352811
1444620	SRP	SRP-L-0008474	Roger Rosentreter	4867	21.29	181.3	Idaho	Custer	44.049999	-113.150002	outside_boundary_exact	Idaho, Butte County	One mile N of Butte-Custer County line, 24 miles N of Howe, Idaho.	https://lichenportal.org/portal/collections/individual/index.php?occid=1444620
3350755	SRP	SRP-L-0008412	Roger Rosentreter	4864	21.29	181.3	Idaho	Custer	44.049999	-113.150002	outside_boundary_exact	Idaho, Butte County	One mile N of Butte-Custer County line, 24 miles N of Howe, Idaho.	https://lichenportal.org/portal/collections/individual/index.php?occid=3350755
1130418	SRP	SRP-L-0000495	J (Jenifer) Hutchinson, Erin Martin	ID-923-03	21.05	94.46	Idaho	Bonner	48.73991	-116.502548	outside_boundary_exact	Idaho, Boundary County	Pack River, east of Bridge on Hwy 2.	https://lichenportal.org/portal/collections/individual/index.php?occid=1130418
1201835	SRP	SRP-L-0005238	J (Jenifer) Hutchinson, Erin Martin	ID-923-02	21.05	94.46	Idaho	Bonner	48.73991	-116.502548	outside_boundary_exact	Idaho, Boundary County	Pack River, east of Bridge on Hwy 2.	https://lichenportal.org/portal/collections/individual/index.php?occid=1201835
1125486	SRP	SRP-L-0003806	Roger Rosentreter	6401c	20.44	154.33	Idaho	Blaine	43.400002	-114.800003	outside_boundary_exact	Idaho, Camas County	Near Fairfield, Idaho.	https://lichenportal.org/portal/collections/individual/index.php?occid=1125486
3353588	SRP	NA	Roger Rosentreter	20010	20.13	80.47	Idaho	Camas	43.39731	-115.33346	outside_boundary_exact	Idaho, Elmore County	Cat creek area, just S of Anderson Ranch Reservoir. 3.5 miles NE of Little Camas Reservoir.	https://lichenportal.org/portal/collections/individual/index.php?occid=3353588
1444282	SRP	SRP-L-0008109	J. Hutchinson, Erin Martin	ID-813-01	17.93	87.49	Idaho	Kootenai	47.819	-116.09185	outside_boundary_exact	Idaho, Shoshone County	North Fork of the Coeur d\\'Alene River, near Big Hank Campground.	https://lichenportal.org/portal/collections/individual/index.php?occid=1444282
1126057	SRP	SRP-L-0002618	Roger Rosentreter	7941	15.69	237.63	Idaho	Idaho	44.966999	-116.199997	outside_boundary_exact	Idaho, Adams County	Wilson Creek. Burgdorf area, approx. 20 miles N of McCall, Idaho.	https://lichenportal.org/portal/collections/individual/index.php?occid=1126057
1126081	SRP	SRP-L-0002749	Roger Rosentreter	7942	15.69	237.63	Idaho	Idaho	44.966999	-116.199997	outside_boundary_exact	Idaho, Adams County	Wilson Creek. Burgdorf area, approx. 20 miles N of McCall, Idaho.	https://lichenportal.org/portal/collections/individual/index.php?occid=1126081
1201905	SRP	SRP-L-0005114	Roger Rosentreter	7940	15.69	237.63	Idaho	Idaho	44.966999	-116.199997	outside_boundary_exact	Idaho, Adams County	Wilson Creek. Burgdorf area, approx. 20 miles N of McCall, Idaho.	https://lichenportal.org/portal/collections/individual/index.php?occid=1201905
1445278	SRP	SRP-L-0001665	Roger Rosentreter	7943	15.69	237.63	Idaho	Idaho	44.966999	-116.199997	outside_boundary_exact	Idaho, Adams County	Wilson Creek. Burgdorf area, approx. 20 miles N of McCall, Idaho.	https://lichenportal.org/portal/collections/individual/index.php?occid=1445278
1106561	SRP	SRP-L-0002161	Roger Rosentreter	14757	14.96	199.42	Idaho	Idaho	46.119999	-116.792999	outside_boundary_exact	Idaho, Nez Perce County	Near Garden Creek Preserve of the Nature Conservancy, Hell's Canyon of the Snake River.	https://lichenportal.org/portal/collections/individual/index.php?occid=1106561
1444298	SRP	SRP-L-0008125	Roger Rosentreter	14756	14.96	199.42	Idaho	Idaho	46.119999	-116.792999	outside_boundary_exact	Idaho, Nez Perce County	Near Garden Creek Preserve of the Nature Conservancy, Hell's Canyon of the Snake River.	https://lichenportal.org/portal/collections/individual/index.php?occid=1444298
1576759	SRP	SRP-L-0003027	Roger Rosentreter	4363	14.54	124.66	Idaho	Lemhi	44.594002	-114.185997	outside_boundary_exact	Idaho, Custer County	Mouth of Dry Gulch, 6 miles N of Challis, Idaho.	https://lichenportal.org/portal/collections/individual/index.php?occid=1576759
1105966	SRP	SRP-L-0002896	Roger Rosentreter	14014	14.17	186.61	Idaho	Owyhee	42.520001	-117.199997	outside_boundary_exact	Oregon, Malheur County	Five km up river from Three Forks on the Owyhee River.	https://lichenportal.org/portal/collections/individual/index.php?occid=1105966
1130339	SRP	SRP-L-0000574	Roger Rosentreter	14018	14.17	186.61	Idaho	Owyhee	42.520001	-117.199997	outside_boundary_exact	Oregon, Malheur County	Five km up river from Three Forks on the Owyhee River.	https://lichenportal.org/portal/collections/individual/index.php?occid=1130339
1130340	SRP	SRP-L-0000573	Roger Rosentreter	14017	14.17	186.61	Idaho	Owyhee	42.520001	-117.199997	outside_boundary_exact	Oregon, Malheur County	Five km up river from Three Forks on the Owyhee River.	https://lichenportal.org/portal/collections/individual/index.php?occid=1130340
1212172	SRP	SRP-L-0007516	Roger Rosentreter	14019	14.17	186.61	Idaho	Owyhee	42.520001	-117.199997	outside_boundary_exact	Oregon, Malheur County	Five km up river from Three Forks on the Owyhee River.	https://lichenportal.org/portal/collections/individual/index.php?occid=1212172
1444042	SRP	SRP-L-0007869	Roger Rosentreter	14015	14.17	186.61	Idaho	Owyhee	42.520001	-117.199997	outside_boundary_exact	Oregon, Malheur County	Five km up river from Three Forks on the Owyhee River.	https://lichenportal.org/portal/collections/individual/index.php?occid=1444042
1445223	SRP	SRP-L-0001776	Roger Rosentreter	14020	14.17	186.61	Idaho	Owyhee	42.520001	-117.199997	outside_boundary_exact	Oregon, Malheur County	Five km up river from Three Forks on the Owyhee River.	https://lichenportal.org/portal/collections/individual/index.php?occid=1445223
1447472	SRP	SRP-L-0011484	Roger Rosentreter	14013	14.17	186.61	Idaho	Owyhee	42.520001	-117.199997	outside_boundary_exact	Oregon, Malheur County	Five km up river from Three Forks on the Owyhee River.	https://lichenportal.org/portal/collections/individual/index.php?occid=1447472
1209049	SRP	SRP-L-0006025	Roger Rosentreter	1099	13.79	203.74	Idaho	Idaho	45.071999	-115.643997	outside_boundary_exact	Idaho, Valley County	25 miles NE of McCall South Fork of the Salmon River, Idaho.	https://lichenportal.org/portal/collections/individual/index.php?occid=1209049
1446770	SRP	SRP-L-0009947	Roger Rosentreter	1098	13.79	203.74	Idaho	Idaho	45.071999	-115.643997	outside_boundary_exact	Idaho, Valley County	25 miles NE of McCall South Fork of the Salmon River, Idaho.	https://lichenportal.org/portal/collections/individual/index.php?occid=1446770
1447171	SRP	SRP-L-0010169	Roger Rosentreter	1077	13.79	203.74	Idaho	Idaho	45.071999	-115.643997	outside_boundary_exact	Idaho, Valley County	25 miles NE of McCall South Fork of the Salmon River, Idaho.	https://lichenportal.org/portal/collections/individual/index.php?occid=1447171
1134570	SRP	SRP-L-0006805	J (Jenifer) Hutchinson, Erin Martin	ID-422-08	12.91	78.11	Idaho	Latah	47.153198	-116.53109	outside_boundary_exact	Idaho, Benewah County	Along Santa Creek, 5 miles east of Emida ID.	https://lichenportal.org/portal/collections/individual/index.php?occid=1134570
1203903	SRP	SRP-L-0005391	J (Jenifer) Hutchinson, Erin Martin	ID-422-04	12.91	78.11	Idaho	Latah	47.153198	-116.53109	outside_boundary_exact	Idaho, Benewah County	Along Santa Creek, 5 miles east of Emida ID.	https://lichenportal.org/portal/collections/individual/index.php?occid=1203903
1444299	SRP	SRP-L-0008126	J. Hutchinson, Erin Martin	ID-422-06	12.91	78.11	Idaho	Latah	47.1532	-116.53109	outside_boundary_exact	Idaho, Benewah County	along Santa Creek, 5 miles east of Emida.	https://lichenportal.org/portal/collections/individual/index.php?occid=1444299
1444300	SRP	SRP-L-0008127	J. Hutchinson, Erin Martin	ID-422-09	12.91	78.11	Idaho	Latah	47.1532	-116.53109	outside_boundary_exact	Idaho, Benewah County	along Santa Creek, 5 miles east of Emida.	https://lichenportal.org/portal/collections/individual/index.php?occid=1444300
1447592	SRP	SRP-L-0011605	Roger Rosentreter	13369	11.91	170.9	Idaho	Custer	44.140999	-113.245003	outside_boundary_exact	Idaho, Butte County	Little Lost River Valley Wet Creek, near the Deer Creek Road junction, ca. 40 km north of Howe, Idaho.	https://lichenportal.org/portal/collections/individual/index.php?occid=1447592
1446170	SRP	SRP-L-0009144	Roger Rosentreter	9352	11.8	83.15	Idaho	Ada	43.849999	-116.133331	outside_boundary_exact	Idaho, Boise County	Just East of Boise, near Castle Rock.	https://lichenportal.org/portal/collections/individual/index.php?occid=1446170
1447612	SRP	SRP-L-0011625	Roger Rosentreter	9354	11.8	83.15	Idaho	Ada	43.849999	-116.133331	outside_boundary_exact	Idaho, Boise County	Just East of Boise, near Castle Rock.	https://lichenportal.org/portal/collections/individual/index.php?occid=1447612
1447675	SRP	SRP-L-0011688	Roger Rosentreter	9355a	11.8	83.15	Idaho	Ada	43.849999	-116.133331	outside_boundary_exact	Idaho, Boise County	Just East of Boise, near Castle Rock.	https://lichenportal.org/portal/collections/individual/index.php?occid=1447675
1447681	SRP	SRP-L-0011694	Roger Rosentreter	9355d	11.8	83.15	Idaho	Ada	43.849999	-116.133331	outside_boundary_exact	Idaho, Boise County	Just East of Boise, near Castle Rock.	https://lichenportal.org/portal/collections/individual/index.php?occid=1447681
1447840	SRP	SRP-L-0011858	Roger Rosentreter	9355b	11.8	83.15	Idaho	Ada	43.849999	-116.133331	outside_boundary_exact	Idaho, Boise County	Just East of Boise, near Castle Rock.	https://lichenportal.org/portal/collections/individual/index.php?occid=1447840
1447841	SRP	SRP-L-0011859	Roger Rosentreter	9355c	11.8	83.15	Idaho	Ada	43.849999	-116.133331	outside_boundary_exact	Idaho, Boise County	Just East of Boise, near Castle Rock.	https://lichenportal.org/portal/collections/individual/index.php?occid=1447841
1106195	SRP	SRP-L-0002617	Roger Rosentreter	9370	11.73	176.54	Idaho	Idaho	46.599999	-115.51667	outside_boundary_exact	Idaho, Clearwater County	Glade Creek Picnic Area, along Highway 12 East of Lowell, ID.	https://lichenportal.org/portal/collections/individual/index.php?occid=1106195
1106244	SRP	SRP-L-0002558	Roger Rosentreter	9369	11.73	176.54	Idaho	Idaho	46.599999	-115.51667	outside_boundary_exact	Idaho, Clearwater County	Glade Creek Picnic Area, along Highway 12 East of Lowell, ID.	https://lichenportal.org/portal/collections/individual/index.php?occid=1106244
1209214	SRP	SRP-L-0006146	Roger Rosentreter	9372	11.73	176.54	Idaho	Idaho	46.599999	-115.51667	outside_boundary_exact	Idaho, Clearwater County	Glade Creek Picnic Area, along Highway 12 East of Lowell, ID.	https://lichenportal.org/portal/collections/individual/index.php?occid=1209214
1444410	SRP	SRP-L-0008243	Roger Rosentreter	9371	11.73	176.54	Idaho	Idaho	46.599999	-115.51667	outside_boundary_exact	Idaho, Clearwater County	Glade Creek Picnic Area, along Highway 12 East of Lowell, ID.	https://lichenportal.org/portal/collections/individual/index.php?occid=1444410
1125485	SRP	SRP-L-0003805	Roger Rosentreter	6401a	11.46	157.09	Idaho	Blaine	43.5	-114.75	outside_boundary_exact	Idaho, Camas County	NA	https://lichenportal.org/portal/collections/individual/index.php?occid=1125485
1125325	SRP	SRP-L-0003643	Diane Penny, Anna E. Hammet	s.n.	10.63	75.93	Idaho	Boundary	48.75	-117	outside_boundary_exact	Idaho, Bonner County	NA	https://lichenportal.org/portal/collections/individual/index.php?occid=1125325
1444647	SRP	SRP-L-0008516	Roger Rosentreter	3865	10.06	213.45	Idaho	Lemhi	44.139999	-112.900002	outside_boundary_exact	Idaho, Clark County	Near Willow Creek off Idaho Route 28, 40 km south of Leadore, Idaho.	https://lichenportal.org/portal/collections/individual/index.php?occid=1444647
1444797	SRP	SRP-L-0001694	Roger Rosentreter	3864	10.06	213.45	Idaho	Lemhi	44.139999	-112.900002	outside_boundary_exact	Idaho, Clark County	Near Willow Creek off Idaho Route 28, 40 km south of Leadore, Idaho.	https://lichenportal.org/portal/collections/individual/index.php?occid=1444797
1444798	SRP	SRP-L-0001695	Roger Rosentreter	3866	10.06	213.45	Idaho	Lemhi	44.139999	-112.900002	outside_boundary_exact	Idaho, Clark County	Near Willow Creek off Idaho Route 28, 40 km south of Leadore, Idaho.	https://lichenportal.org/portal/collections/individual/index.php?occid=1444798
1446307	SRP	SRP-L-0009400	Roger Rosentreter	3863	10.06	213.45	Idaho	Lemhi	44.139999	-112.900002	outside_boundary_exact	Idaho, Clark County	Near Willow Creek off Idaho Route 28, 40 km south of Leadore, Idaho.	https://lichenportal.org/portal/collections/individual/index.php?occid=1446307
1447340	SRP	SRP-L-0011320	Roger Rosentreter	4977	10.06	213.45	Idaho	Lemhi	44.139999	-112.900002	outside_boundary_exact	Idaho, Clark County	Near Willow Creek off Idaho Route 28, 40 km south of Leadore, Idaho.	https://lichenportal.org/portal/collections/individual/index.php?occid=1447340
1128918	SRP	SRP-L-0004711	Roger Rosentreter	ID-3	9.82	137.02	Idaho	Clearwater	46.529999	-114.68	outside_boundary_exact	Idaho, Idaho County	10 miles W of Lolo Pass, Hwy 12.	https://lichenportal.org/portal/collections/individual/index.php?occid=1128918
1128523	SRP	SRP-L-0006534	Roger Rosentreter	6238	9.78	77.93	Idaho	Ada	43.799999	-116.099999	outside_boundary_exact	Idaho, Boise County	Ridge above Mores Mountain Picnic Area, ca. 30 km N of Boise, Boise Mountains.	https://lichenportal.org/portal/collections/individual/index.php?occid=1128523
1129445	SRP	SRP-L-0004177	Roger Rosentreter	6234	9.78	77.93	Idaho	Ada	43.799999	-116.099999	outside_boundary_exact	Idaho, Boise County	Ridge above Mores Mountain Picnic Area, ca. 30 km N of Boise, Boise Mountains.	https://lichenportal.org/portal/collections/individual/index.php?occid=1129445
1134682	SRP	SRP-L-0006835	Roger Rosentreter	6237	9.78	77.93	Idaho	Ada	43.799999	-116.099999	outside_boundary_exact	Idaho, Boise County	Ridge above Mores Mountain Picnic Area, ca. 30 km N of Boise, Boise Mountains.	https://lichenportal.org/portal/collections/individual/index.php?occid=1134682
1134683	SRP	SRP-L-0006836	Roger Rosentreter	6236	9.78	77.93	Idaho	Ada	43.799999	-116.099999	outside_boundary_exact	Idaho, Boise County	Ridge above Mores Mountain Picnic Area, ca. 30 km N of Boise, Boise Mountains.	https://lichenportal.org/portal/collections/individual/index.php?occid=1134683
1444586	SRP	SRP-L-0008437	Roger Rosentreter	6235	9.78	77.93	Idaho	Ada	43.799999	-116.099999	outside_boundary_exact	Idaho, Boise County	Ridge above Mores Mountain Picnic Area, ca. 30 km N of Boise, Boise Mountains.	https://lichenportal.org/portal/collections/individual/index.php?occid=1444586
1447831	SRP	SRP-L-0011849	Roger Rosentreter	6236a	9.78	77.93	Idaho	Ada	43.799999	-116.099999	outside_boundary_exact	Idaho, Boise County	Ridge above Mores Mountain Picnic Area, ca. 30 km N of Boise, Boise Mountains.	https://lichenportal.org/portal/collections/individual/index.php?occid=1447831
1106066	SRP	SRP-L-0002774	Robert W Steele	78-Ca-04	9.68	74.03	Idaho	Bonneville	43.200001	-111.860001	outside_boundary_exact	Idaho, Bingham County	Upper Mill Creek. Aspect 360 degrees Slope 32 degrees.	https://lichenportal.org/portal/collections/individual/index.php?occid=1106066
1446675	SRP	SRP-L-0009852	R. Rosentreter	9151	7.87	232.19	Idaho	Idaho	45.15	-116.4	outside_boundary_exact	Idaho, Adams County	30 miles south of Riggins, Idaho.	https://lichenportal.org/portal/collections/individual/index.php?occid=1446675
1106557	SRP	SRP-L-0002166	Roger Rosentreter	7910	7.76	116.77	Idaho	Twin Falls	42.833	-115.133003	outside_boundary_exact	Idaho, Elmore County	South of Hagerman, ID. Magic Waters area.	https://lichenportal.org/portal/collections/individual/index.php?occid=1106557
1125083	SRP	SRP-L-0000341	Roger Rosentreter	7911	7.76	116.77	Idaho	Twin Falls	42.833	-115.133003	outside_boundary_exact	Idaho, Elmore County	South of Hagerman, ID. Magic Waters area.	https://lichenportal.org/portal/collections/individual/index.php?occid=1125083
1130494	SRP	SRP-L-0000406	Roger Rosentreter	7913	7.76	116.77	Idaho	Twin Falls	42.833	-115.133003	outside_boundary_exact	Idaho, Elmore County	South of Hagerman, ID. Magic Waters area.	https://lichenportal.org/portal/collections/individual/index.php?occid=1130494
1209260	SRP	SRP-L-0006985	Roger Rosentreter	7909	7.76	116.77	Idaho	Twin Falls	42.833	-115.133003	outside_boundary_exact	Idaho, Elmore County	South of Hagerman, ID. Magic Waters area.	https://lichenportal.org/portal/collections/individual/index.php?occid=1209260
1443892	SRP	SRP-L-0007718	Roger Rosentreter	7912	7.76	116.77	Idaho	Twin Falls	42.833	-115.133003	outside_boundary_exact	Idaho, Elmore County	South of Hagerman, ID. Magic Waters area.	https://lichenportal.org/portal/collections/individual/index.php?occid=1443892
1443928	SRP	SRP-L-0007755	Roger Rosentreter	7907	7.76	116.77	Idaho	Twin Falls	42.833	-115.133003	outside_boundary_exact	Idaho, Elmore County	South of Hagerman, ID. Magic Waters area.	https://lichenportal.org/portal/collections/individual/index.php?occid=1443928
1128865	SRP	SRP-L-0004764	Roger Rosentreter	7987	7.28	212.66	Idaho	Idaho	45.75	-116.75	outside_boundary_exact	Oregon, Wallowa County	NA	https://lichenportal.org/portal/collections/individual/index.php?occid=1128865
1125328	SRP	SRP-L-0003646	J (Jenifer) Hutchinson, Erin Martin	433-01	6.07	79.01	Idaho	Latah	47	-116.25	outside_boundary_exact	Idaho, Shoshone County	NA	https://lichenportal.org/portal/collections/individual/index.php?occid=1125328
1105760	SRP	SRP-L-0003134	Roger Rosentreter	6823e	5.39	71.81	Idaho	Ada	43.333332	-115.908333	outside_boundary_exact	Idaho, Elmore County	Junction of Simco Road and I-84, ca. 40 km SE of Boise Snake River Plain.	https://lichenportal.org/portal/collections/individual/index.php?occid=1105760
1106395	SRP	SRP-L-0002362	Roger Rosentreter	3025b	5.39	71.81	Idaho	Ada	43.333332	-115.908333	outside_boundary_exact	Idaho, Elmore County	Junction of Simco Road and I-84, ca. 40 km SE of Boise Snake River Plain.	https://lichenportal.org/portal/collections/individual/index.php?occid=1106395
1106396	SRP	SRP-L-0002361	Roger Rosentreter	3025a	5.39	71.81	Idaho	Ada	43.333332	-115.908333	outside_boundary_exact	Idaho, Elmore County	Junction of Simco Road and I-84, ca. 40 km SE of Boise Snake River Plain.	https://lichenportal.org/portal/collections/individual/index.php?occid=1106396
1106405	SRP	SRP-L-0002351	Roger Rosentreter	6821	5.39	71.81	Idaho	Ada	43.333332	-115.908333	outside_boundary_exact	Idaho, Elmore County	Junction of Simco Road and I-84, ca. 40 km SE of Boise Snake River Plain.	https://lichenportal.org/portal/collections/individual/index.php?occid=1106405
1106596	SRP	SRP-L-0000058	Roger Rosentreter	6823f	5.39	71.81	Idaho	Ada	43.333332	-115.908333	outside_boundary_exact	Idaho, Elmore County	Junction of Simco Road and I-84, ca. 40 km SE of Boise Snake River Plain.	https://lichenportal.org/portal/collections/individual/index.php?occid=1106596
1128789	SRP	SRP-L-0004840	Roger Rosentreter	3030	5.39	71.81	Idaho	Ada	43.333332	-115.908333	outside_boundary_exact	Idaho, Elmore County	Junction of Simco Road and I-84, ca. 40 km SE of Boise Snake River Plain.	https://lichenportal.org/portal/collections/individual/index.php?occid=1128789
1129179	SRP	SRP-L-0004448	Roger Rosentreter	3031	5.39	71.81	Idaho	Ada	43.333332	-115.908333	outside_boundary_exact	Idaho, Elmore County	Junction of Simco Road and I-84, ca. 40 km SE of Boise Snake River Plain.	https://lichenportal.org/portal/collections/individual/index.php?occid=1129179
1129224	SRP	SRP-L-0004402	Roger Rosentreter	3027	5.39	71.81	Idaho	Ada	43.333332	-115.908333	outside_boundary_exact	Idaho, Elmore County	Junction of Simco Road and I-84, ca. 40 km SE of Boise Snake River Plain.	https://lichenportal.org/portal/collections/individual/index.php?occid=1129224
1129402	SRP	SRP-L-0004220	Roger Rosentreter	3028	5.39	71.81	Idaho	Ada	43.333332	-115.908333	outside_boundary_exact	Idaho, Elmore County	Junction of Simco Road and I-84, ca. 40 km SE of Boise Snake River Plain.	https://lichenportal.org/portal/collections/individual/index.php?occid=1129402
1130506	SRP	SRP-L-0000394	Roger Rosentreter	6823d	5.39	71.81	Idaho	Ada	43.333332	-115.908333	outside_boundary_exact	Idaho, Elmore County	Junction of Simco Road and I-84, ca. 40 km SE of Boise Snake River Plain.	https://lichenportal.org/portal/collections/individual/index.php?occid=1130506
1211977	SRP	SRP-L-0007319	Roger Rosentreter	6824b	5.39	71.81	Idaho	Ada	43.333332	-115.908333	outside_boundary_exact	Idaho, Elmore County	Junction of Simco Road and I-84, ca. 40 km SE of Boise Snake River Plain.	https://lichenportal.org/portal/collections/individual/index.php?occid=1211977
1444099	SRP	SRP-L-0007925	Roger Rosentreter	6824	5.39	71.81	Idaho	Ada	43.333332	-115.908333	outside_boundary_exact	Idaho, Elmore County	Junction of Simco Road and I-84, ca. 40 km SE of Boise Snake River Plain.	https://lichenportal.org/portal/collections/individual/index.php?occid=1444099
1445179	SRP	SRP-L-0001732	Roger Rosentreter	6822	5.39	71.81	Idaho	Ada	43.333332	-115.908333	outside_boundary_exact	Idaho, Elmore County	Junction of Simco Road and I-84, ca. 40 km SE of Boise Snake River Plain.	https://lichenportal.org/portal/collections/individual/index.php?occid=1445179
1445244	SRP	SRP-L-0001630	Roger Rosentreter	6819	5.39	71.81	Idaho	Ada	43.333332	-115.908333	outside_boundary_exact	Idaho, Elmore County	Junction of Simco Road and I-84, ca. 40 km SE of Boise Snake River Plain.	https://lichenportal.org/portal/collections/individual/index.php?occid=1445244
1445252	SRP	SRP-L-0001638	Roger Rosentreter	6226	5.39	71.81	Idaho	Ada	43.333332	-115.908333	outside_boundary_exact	Idaho, Elmore County	Junction of Simco Road and I-84, ca. 40 km SE of Boise Snake River Plain.	https://lichenportal.org/portal/collections/individual/index.php?occid=1445252
1446824	SRP	SRP-L-0010009	Roger Rosentreter	6823h	5.39	71.81	Idaho	Ada	43.333332	-115.908333	outside_boundary_exact	Idaho, Elmore County	Junction of Simco Road and I-84, ca. 40 km SE of Boise Snake River Plain.	https://lichenportal.org/portal/collections/individual/index.php?occid=1446824
1446825	SRP	SRP-L-0010010	Roger Rosentreter	6823a	5.39	71.81	Idaho	Ada	43.333332	-115.908333	outside_boundary_exact	Idaho, Elmore County	Junction of Simco Road and I-84, ca. 40 km SE of Boise Snake River Plain.	https://lichenportal.org/portal/collections/individual/index.php?occid=1446825
1447444	SRP	SRP-L-0011456	Roger Rosentreter	3026a	5.39	71.81	Idaho	Ada	43.333332	-115.908333	outside_boundary_exact	Idaho, Elmore County	Junction of Simco Road and I-84, ca. 40 km SE of Boise Snake River Plain.	https://lichenportal.org/portal/collections/individual/index.php?occid=1447444
1447445	SRP	SRP-L-0011457	Roger Rosentreter	3026b	5.39	71.81	Idaho	Ada	43.333332	-115.908333	outside_boundary_exact	Idaho, Elmore County	Junction of Simco Road and I-84, ca. 40 km SE of Boise Snake River Plain.	https://lichenportal.org/portal/collections/individual/index.php?occid=1447445
1447447	SRP	SRP-L-0011459	Roger Rosentreter	6225a	5.39	71.81	Idaho	Ada	43.333332	-115.908333	outside_boundary_exact	Idaho, Elmore County	Junction of Simco Road and I-84, ca. 40 km SE of Boise Snake River Plain.	https://lichenportal.org/portal/collections/individual/index.php?occid=1447447
1447448	SRP	SRP-L-0011460	Roger Rosentreter	6225b	5.39	71.81	Idaho	Ada	43.333332	-115.908333	outside_boundary_exact	Idaho, Elmore County	Junction of Simco Road and I-84, ca. 40 km SE of Boise Snake River Plain.	https://lichenportal.org/portal/collections/individual/index.php?occid=1447448
1447452	SRP	SRP-L-0011464	Roger Rosentreter	6822c	5.39	71.81	Idaho	Ada	43.333332	-115.908333	outside_boundary_exact	Idaho, Elmore County	Junction of Simco Road and I-84, ca. 40 km SE of Boise Snake River Plain.	https://lichenportal.org/portal/collections/individual/index.php?occid=1447452
1447453	SRP	SRP-L-0011465	Roger Rosentreter	6225c	5.39	71.81	Idaho	Ada	43.333332	-115.908333	outside_boundary_exact	Idaho, Elmore County	Junction of Simco Road and I-84, ca. 40 km SE of Boise Snake River Plain.	https://lichenportal.org/portal/collections/individual/index.php?occid=1447453
1447454	SRP	SRP-L-0011466	Roger Rosentreter	6225d	5.39	71.81	Idaho	Ada	43.333332	-115.908333	outside_boundary_exact	Idaho, Elmore County	Junction of Simco Road and I-84, ca. 40 km SE of Boise Snake River Plain.	https://lichenportal.org/portal/collections/individual/index.php?occid=1447454
1447455	SRP	SRP-L-0011467	Roger Rosentreter	6224	5.39	71.81	Idaho	Ada	43.333332	-115.908333	outside_boundary_exact	Idaho, Elmore County	Junction of Simco Road and I-84, ca. 40 km SE of Boise Snake River Plain.	https://lichenportal.org/portal/collections/individual/index.php?occid=1447455
1447679	SRP	SRP-L-0011692	Roger Rosentreter	6820	5.39	71.81	Idaho	Ada	43.333332	-115.908333	outside_boundary_exact	Idaho, Elmore County	Junction of Simco Road and I-84, ca. 40 km SE of Boise Snake River Plain.	https://lichenportal.org/portal/collections/individual/index.php?occid=1447679
1576968	SRP	SRP-L-0010387	Roger Rosentreter	6823b	5.39	71.81	Idaho	Ada	43.333332	-115.908333	outside_boundary_exact	Idaho, Elmore County	Junction of Simco Road and I-84, ca. 40 km SE of Boise Snake River Plain.	https://lichenportal.org/portal/collections/individual/index.php?occid=1576968
1201827	SRP	SRP-L-0005246	R. Rosentreter	8581	5.25	180.27	Idaho	Idaho	45.15	-114.75	outside_boundary_exact	Idaho, Valley County	Barth Hot Springs Area on main Salmon River, Approx. 80 miles downstream (NW) of Salmon, Idaho.<br/>	https://lichenportal.org/portal/collections/individual/index.php?occid=1201827
1125388	SRP	SRP-L-0003707	Roger Rosentreter	3952	5.21	101.37	Idaho	Jefferson	44.029999	-112.760002	outside_boundary_exact	Idaho, Clark County	About 10 miles N of Mud Lake and 24 miles S of Lone Pine on Hwy #28.	https://lichenportal.org/portal/collections/individual/index.php?occid=1125388
1443884	SRP	SRP-L-0007710	Roger Rosentreter	3955	5.21	101.37	Idaho	Jefferson	44.029999	-112.760002	outside_boundary_exact	Idaho, Clark County	About 10 miles N of Mud Lake and 24 miles S of Lone Pine on Hwy #28.	https://lichenportal.org/portal/collections/individual/index.php?occid=1443884
1444113	SRP	SRP-L-0007939	Roger Rosentreter	3954	5.21	101.37	Idaho	Jefferson	44.029999	-112.760002	outside_boundary_exact	Idaho, Clark County	About 10 miles N of Mud Lake and 24 miles S of Lone Pine on Hwy #28.	https://lichenportal.org/portal/collections/individual/index.php?occid=1444113
1447344	SRP	SRP-L-0011324	Roger Rosentreter	3951	5.21	101.37	Idaho	Jefferson	44.029999	-112.760002	outside_boundary_exact	Idaho, Clark County	About 10 miles N of Mud Lake and 24 miles S of Lone Pine on Hwy #28.	https://lichenportal.org/portal/collections/individual/index.php?occid=1447344
1577607	SRP	SRP-L-0011117	Roger Rosentreter	3953	5.21	101.37	Idaho	Jefferson	44.029999	-112.760002	outside_boundary_exact	Idaho, Clark County	About 10 miles N of Mud Lake and 24 miles S of Lone Pine on Hwy #28.	https://lichenportal.org/portal/collections/individual/index.php?occid=1577607
1128715	SRP	SRP-L-0006335	J (Jenifer) Hutchinson, Erin Martin	ID-433-03	4.75	79.65	Idaho	Latah	47.0648	-116.326317	outside_boundary_exact	Idaho, Shoshone County	Floodplain of Emerald Creek off Rd 447, north of Clarkia, about 0.5 miles east of the confluence with St. Maries River.	https://lichenportal.org/portal/collections/individual/index.php?occid=1128715
1445154	SRP	SRP-L-0001606	Roger Rosentreter	4525	4.74	153.34	Idaho	Custer	44.75	-114.75	outside_boundary_exact	Idaho, Lemhi County	NA	https://lichenportal.org/portal/collections/individual/index.php?occid=1445154
1577281	SRP	SRP-L-0010774	Roger Rosentreter	4526a	4.74	153.34	Idaho	Custer	44.75	-114.75	outside_boundary_exact	Idaho, Lemhi County	NA	https://lichenportal.org/portal/collections/individual/index.php?occid=1577281
1125378	SRP	SRP-L-0003697	Roger Rosentreter	9487	4.7	57.8	Idaho	Ada	43.516666	-115.916664	outside_boundary_exact	Idaho, Elmore County	BLM parcel adjacent to: Columbia Village Subdivision. SE end of Boise, ID.	https://lichenportal.org/portal/collections/individual/index.php?occid=1125378
1447418	SRP	SRP-L-0011431	Roger Rosentreter	9486	4.7	57.8	Idaho	Ada	43.516666	-115.916664	outside_boundary_exact	Idaho, Elmore County	BLM parcel adjacent to: Columbia Village Subdivision. SE end of Boise, ID.	https://lichenportal.org/portal/collections/individual/index.php?occid=1447418
1447676	SRP	SRP-L-0011689	Roger Rosentreter	9488	4.7	57.8	Idaho	Ada	43.516666	-115.916664	outside_boundary_exact	Idaho, Elmore County	BLM parcel adjacent to: Columbia Village Subdivision. SE end of Boise, ID.	https://lichenportal.org/portal/collections/individual/index.php?occid=1447676
1444531	SRP	SRP-L-0008363	Roger Rosentreter	3905	4.6	161.03	Idaho	Custer	44.178101	-113.358597	outside_boundary_exact	Idaho, Butte County	Mulkey Bar in Little Lost River Valley near Dry Creek, Idaho.	https://lichenportal.org/portal/collections/individual/index.php?occid=1444531
1444606	SRP	SRP-L-0008459	Roger Rosentreter	3904	4.6	161.03	Idaho	Custer	44.178101	-113.358597	outside_boundary_exact	Idaho, Butte County	Mulkey Bar in Little Lost River Valley near Dry Creek, Idaho.	https://lichenportal.org/portal/collections/individual/index.php?occid=1444606
1444780	SRP	SRP-L-0008397	Roger Rosentreter	7650	4.6	161.03	Idaho	Custer	44.178101	-113.358597	outside_boundary_exact	Idaho, Butte County	Mulkey Bar in Little Lost River Valley near Dry Creek, Idaho.	https://lichenportal.org/portal/collections/individual/index.php?occid=1444780
1444784	SRP	SRP-L-0008401	Roger Rosentreter	3903	4.6	161.03	Idaho	Custer	44.178101	-113.358597	outside_boundary_exact	Idaho, Butte County	Mulkey Bar in Little Lost River Valley near Dry Creek, Idaho.	https://lichenportal.org/portal/collections/individual/index.php?occid=1444784
1444785	SRP	SRP-L-0008402	Roger Rosentreter	4871	4.6	161.03	Idaho	Custer	44.178101	-113.358597	outside_boundary_exact	Idaho, Butte County	Mulkey Bar in Little Lost River Valley near Dry Creek, Idaho.	https://lichenportal.org/portal/collections/individual/index.php?occid=1444785
1446433	SRP	SRP-L-0009607	Roger Rosentreter	4875	4.6	161.03	Idaho	Custer	44.178101	-113.358597	outside_boundary_exact	Idaho, Butte County	Mulkey Bar in Little Lost River Valley near Dry Creek, Idaho.	https://lichenportal.org/portal/collections/individual/index.php?occid=1446433
1447300	SRP	SRP-L-0011365	Roger Rosentreter	4872	4.6	161.03	Idaho	Custer	44.178101	-113.358597	outside_boundary_exact	Idaho, Butte County	Mulkey Bar in Little Lost River Valley near Dry Creek, Idaho.	https://lichenportal.org/portal/collections/individual/index.php?occid=1447300
1447301	SRP	SRP-L-0011366	Roger Rosentreter	7652	4.6	161.03	Idaho	Custer	44.178101	-113.358597	outside_boundary_exact	Idaho, Butte County	Mulkey Bar in Little Lost River Valley near Dry Creek, Idaho.	https://lichenportal.org/portal/collections/individual/index.php?occid=1447301
1447333	SRP	SRP-L-0011313	Roger Rosentreter	4062	4.6	161.03	Idaho	Custer	44.178101	-113.358597	outside_boundary_exact	Idaho, Butte County	Mulkey Bar in Little Lost River Valley near Dry Creek, Idaho.	https://lichenportal.org/portal/collections/individual/index.php?occid=1447333
1447335	SRP	SRP-L-0011315	Roger Rosentreter	7651	4.6	161.03	Idaho	Custer	44.178101	-113.358597	outside_boundary_exact	Idaho, Butte County	Mulkey Bar in Little Lost River Valley near Dry Creek, Idaho.	https://lichenportal.org/portal/collections/individual/index.php?occid=1447335
1447337	SRP	SRP-L-0011317	Roger Rosentreter	4874	4.6	161.03	Idaho	Custer	44.178101	-113.358597	outside_boundary_exact	Idaho, Butte County	Mulkey Bar in Little Lost River Valley near Dry Creek, Idaho.	https://lichenportal.org/portal/collections/individual/index.php?occid=1447337
1447587	SRP	SRP-L-0011600	Roger Rosentreter	7653	4.6	161.03	Idaho	Custer	44.178101	-113.358597	outside_boundary_exact	Idaho, Butte County	Mulkey Bar in Little Lost River Valley near Dry Creek, Idaho.	https://lichenportal.org/portal/collections/individual/index.php?occid=1447587
1447830	SRP	SRP-L-0011848	Roger Rosentreter	4063	4.6	161.03	Idaho	Custer	44.178101	-113.358597	outside_boundary_exact	Idaho, Butte County	Mulkey Bar in Little Lost River Valley near Dry Creek, Idaho.	https://lichenportal.org/portal/collections/individual/index.php?occid=1447830
1577597	SRP	SRP-L-0011107	Roger Rosentreter	3906	4.6	161.03	Idaho	Custer	44.178101	-113.358597	outside_boundary_exact	Idaho, Butte County	Mulkey Bar in Little Lost River Valley near Dry Creek, Idaho.	https://lichenportal.org/portal/collections/individual/index.php?occid=1577597
1577599	SRP	SRP-L-0011109	Roger Rosentreter	4873	4.6	161.03	Idaho	Custer	44.178101	-113.358597	outside_boundary_exact	Idaho, Butte County	Mulkey Bar in Little Lost River Valley near Dry Creek, Idaho.	https://lichenportal.org/portal/collections/individual/index.php?occid=1577599
1106149	SRP	SRP-L-0002673	Roger Rosentreter	13404	4.54	71.64	Idaho	Boundary	48.805599	-116.900002	outside_boundary_exact	Idaho, Bonner County	Upper Priest Lake Research Natural Area.	https://lichenportal.org/portal/collections/individual/index.php?occid=1106149
1106200	SRP	SRP-L-0002611	Roger Rosentreter	13442	4.54	71.64	Idaho	Boundary	48.805599	-116.900002	outside_boundary_exact	Idaho, Bonner County	Upper Priest Lake Research Natural Area.	https://lichenportal.org/portal/collections/individual/index.php?occid=1106200
1106247	SRP	SRP-L-0002552	Roger Rosentreter	13437	4.54	71.64	Idaho	Boundary	48.805599	-116.900002	outside_boundary_exact	Idaho, Bonner County	Upper Priest Lake Research Natural Area.	https://lichenportal.org/portal/collections/individual/index.php?occid=1106247
1106248	SRP	SRP-L-0002551	Roger Rosentreter	13441	4.54	71.64	Idaho	Boundary	48.805599	-116.900002	outside_boundary_exact	Idaho, Bonner County	Upper Priest Lake Research Natural Area.	https://lichenportal.org/portal/collections/individual/index.php?occid=1106248
1106249	SRP	SRP-L-0002550	Roger Rosentreter	13452	4.54	71.64	Idaho	Boundary	48.805599	-116.900002	outside_boundary_exact	Idaho, Bonner County	Upper Priest Lake Research Natural Area.	https://lichenportal.org/portal/collections/individual/index.php?occid=1106249
1106250	SRP	SRP-L-0002549	Roger Rosentreter	13418	4.54	71.64	Idaho	Boundary	48.805599	-116.900002	outside_boundary_exact	Idaho, Bonner County	Upper Priest Lake Research Natural Area.	https://lichenportal.org/portal/collections/individual/index.php?occid=1106250
1106251	SRP	SRP-L-0002548	Roger Rosentreter	13415	4.54	71.64	Idaho	Boundary	48.805599	-116.900002	outside_boundary_exact	Idaho, Bonner County	Upper Priest Lake Research Natural Area.	https://lichenportal.org/portal/collections/individual/index.php?occid=1106251
1106453	SRP	SRP-L-0002290	Roger Rosentreter	13429	4.54	71.64	Idaho	Boundary	48.805599	-116.900002	outside_boundary_exact	Idaho, Bonner County	Upper Priest Lake Research Natural Area.	https://lichenportal.org/portal/collections/individual/index.php?occid=1106453
1106454	SRP	SRP-L-0002289	Roger Rosentreter	13408	4.54	71.64	Idaho	Boundary	48.805599	-116.900002	outside_boundary_exact	Idaho, Bonner County	Upper Priest Lake Research Natural Area.	https://lichenportal.org/portal/collections/individual/index.php?occid=1106454
1106487	SRP	SRP-L-0002249	Roger Rosentreter	13457	4.54	71.64	Idaho	Boundary	48.805599	-116.900002	outside_boundary_exact	Idaho, Bonner County	Upper Priest Lake Research Natural Area.	https://lichenportal.org/portal/collections/individual/index.php?occid=1106487
1106489	SRP	SRP-L-0002246	Roger Rosentreter	13443	4.54	71.64	Idaho	Boundary	48.805599	-116.900002	outside_boundary_exact	Idaho, Bonner County	Upper Priest Lake Research Natural Area.	https://lichenportal.org/portal/collections/individual/index.php?occid=1106489
1106490	SRP	SRP-L-0002245	Roger Rosentreter	13405	4.54	71.64	Idaho	Boundary	48.805599	-116.900002	outside_boundary_exact	Idaho, Bonner County	Upper Priest Lake Research Natural Area.	https://lichenportal.org/portal/collections/individual/index.php?occid=1106490
1128577	SRP	SRP-L-0006480	Roger Rosentreter	13425	4.54	71.64	Idaho	Boundary	48.805599	-116.900002	outside_boundary_exact	Idaho, Bonner County	Upper Priest Lake Research Natural Area.	https://lichenportal.org/portal/collections/individual/index.php?occid=1128577
1128582	SRP	SRP-L-0006475	Roger Rosentreter	13466	4.54	71.64	Idaho	Boundary	48.805599	-116.900002	outside_boundary_exact	Idaho, Bonner County	Upper Priest Lake Research Natural Area.	https://lichenportal.org/portal/collections/individual/index.php?occid=1128582
1128586	SRP	SRP-L-0006471	Roger Rosentreter	13402	4.54	71.64	Idaho	Boundary	48.805599	-116.900002	outside_boundary_exact	Idaho, Bonner County	Upper Priest Lake Research Natural Area.	https://lichenportal.org/portal/collections/individual/index.php?occid=1128586
1128604	SRP	SRP-L-0006453	Roger Rosentreter	13412	4.54	71.64	Idaho	Boundary	48.805599	-116.900002	outside_boundary_exact	Idaho, Bonner County	Upper Priest Lake Research Natural Area.	https://lichenportal.org/portal/collections/individual/index.php?occid=1128604
1128605	SRP	SRP-L-0006452	Roger Rosentreter	13397	4.54	71.64	Idaho	Boundary	48.805599	-116.900002	outside_boundary_exact	Idaho, Bonner County	Upper Priest Lake Research Natural Area.	https://lichenportal.org/portal/collections/individual/index.php?occid=1128605
1128719	SRP	SRP-L-0006331	Roger Rosentreter	13414	4.54	71.64	Idaho	Boundary	48.805599	-116.900002	outside_boundary_exact	Idaho, Bonner County	Upper Priest Lake Research Natural Area.	https://lichenportal.org/portal/collections/individual/index.php?occid=1128719
1128737	SRP	SRP-L-0006312	Roger Rosentreter	13428	4.54	71.64	Idaho	Boundary	48.805599	-116.900002	outside_boundary_exact	Idaho, Bonner County	Upper Priest Lake Research Natural Area.	https://lichenportal.org/portal/collections/individual/index.php?occid=1128737
1128959	SRP	SRP-L-0004670	Roger Rosentreter	13451	4.54	71.64	Idaho	Boundary	48.805599	-116.900002	outside_boundary_exact	Idaho, Bonner County	Upper Priest Lake Research Natural Area.	https://lichenportal.org/portal/collections/individual/index.php?occid=1128959
1129083	SRP	SRP-L-0004546	Roger Rosentreter	13436	4.54	71.64	Idaho	Boundary	48.805599	-116.900002	outside_boundary_exact	Idaho, Bonner County	Upper Priest Lake Research Natural Area.	https://lichenportal.org/portal/collections/individual/index.php?occid=1129083
1129619	SRP	SRP-L-0004002	Roger Rosentreter	13445	4.54	71.64	Idaho	Boundary	48.805599	-116.900002	outside_boundary_exact	Idaho, Bonner County	Upper Priest Lake Research Natural Area.	https://lichenportal.org/portal/collections/individual/index.php?occid=1129619
1129717	SRP	SRP-L-0003904	Roger Rosentreter	13416	4.54	71.64	Idaho	Boundary	48.805599	-116.900002	outside_boundary_exact	Idaho, Bonner County	Upper Priest Lake Research Natural Area.	https://lichenportal.org/portal/collections/individual/index.php?occid=1129717
1129854	SRP	SRP-L-0001101	Roger Rosentreter	13499a	4.54	71.64	Idaho	Boundary	48.805599	-116.900002	outside_boundary_exact	Idaho, Bonner County	Upper Priest Lake Research Natural Area.	https://lichenportal.org/portal/collections/individual/index.php?occid=1129854
1130162	SRP	SRP-L-0000786	Roger Rosentreter	13419	4.54	71.64	Idaho	Boundary	48.805599	-116.900002	outside_boundary_exact	Idaho, Bonner County	Upper Priest Lake Research Natural Area.	https://lichenportal.org/portal/collections/individual/index.php?occid=1130162
1130167	SRP	SRP-L-0000781	Roger Rosentreter	13411	4.54	71.64	Idaho	Boundary	48.805599	-116.900002	outside_boundary_exact	Idaho, Bonner County	Upper Priest Lake Research Natural Area.	https://lichenportal.org/portal/collections/individual/index.php?occid=1130167
1130264	SRP	SRP-L-0000649	Roger Rosentreter	13395	4.54	71.64	Idaho	Boundary	48.805599	-116.900002	outside_boundary_exact	Idaho, Bonner County	Upper Priest Lake Research Natural Area.	https://lichenportal.org/portal/collections/individual/index.php?occid=1130264
1130303	SRP	SRP-L-0000610	Roger Rosentreter	13421	4.54	71.64	Idaho	Boundary	48.805599	-116.900002	outside_boundary_exact	Idaho, Bonner County	Upper Priest Lake Research Natural Area.	https://lichenportal.org/portal/collections/individual/index.php?occid=1130303
1130356	SRP	SRP-L-0000557	Roger Rosentreter	13423	4.54	71.64	Idaho	Boundary	48.805599	-116.900002	outside_boundary_exact	Idaho, Bonner County	Upper Priest Lake Research Natural Area.	https://lichenportal.org/portal/collections/individual/index.php?occid=1130356
1130357	SRP	SRP-L-0000556	Roger Rosentreter	13502	4.54	71.64	Idaho	Boundary	48.805599	-116.900002	outside_boundary_exact	Idaho, Bonner County	Upper Priest Lake Research Natural Area.	https://lichenportal.org/portal/collections/individual/index.php?occid=1130357
1130358	SRP	SRP-L-0000555	Roger Rosentreter	13490	4.54	71.64	Idaho	Boundary	48.805599	-116.900002	outside_boundary_exact	Idaho, Bonner County	Upper Priest Lake Research Natural Area.	https://lichenportal.org/portal/collections/individual/index.php?occid=1130358
1130359	SRP	SRP-L-0000554	Roger Rosentreter	13477	4.54	71.64	Idaho	Boundary	48.805599	-116.900002	outside_boundary_exact	Idaho, Bonner County	Upper Priest Lake Research Natural Area.	https://lichenportal.org/portal/collections/individual/index.php?occid=1130359
1130360	SRP	SRP-L-0000553	Roger Rosentreter	13422	4.54	71.64	Idaho	Boundary	48.805599	-116.900002	outside_boundary_exact	Idaho, Bonner County	Upper Priest Lake Research Natural Area.	https://lichenportal.org/portal/collections/individual/index.php?occid=1130360
1130417	SRP	SRP-L-0000496	Roger Rosentreter	13403	4.54	71.64	Idaho	Boundary	48.805599	-116.900002	outside_boundary_exact	Idaho, Bonner County	Upper Priest Lake Research Natural Area.	https://lichenportal.org/portal/collections/individual/index.php?occid=1130417
1130463	SRP	SRP-L-0000450	Roger Rosentreter	13396	4.54	71.64	Idaho	Boundary	48.805599	-116.900002	outside_boundary_exact	Idaho, Bonner County	Upper Priest Lake Research Natural Area.	https://lichenportal.org/portal/collections/individual/index.php?occid=1130463
1134522	SRP	SRP-L-0006757	Roger Rosentreter	13439	4.54	71.64	Idaho	Boundary	48.805599	-116.900002	outside_boundary_exact	Idaho, Bonner County	Upper Priest Lake Research Natural Area.	https://lichenportal.org/portal/collections/individual/index.php?occid=1134522
1134693	SRP	SRP-L-0005048	Roger Rosentreter	13450	4.54	71.64	Idaho	Boundary	48.805599	-116.900002	outside_boundary_exact	Idaho, Bonner County	Upper Priest Lake Research Natural Area.	https://lichenportal.org/portal/collections/individual/index.php?occid=1134693
1201799	SRP	SRP-L-0005274	Roger Rosentreter	13455	4.54	71.64	Idaho	Boundary	48.805599	-116.900002	outside_boundary_exact	Idaho, Bonner County	Upper Priest Lake Research Natural Area.	https://lichenportal.org/portal/collections/individual/index.php?occid=1201799
1201800	SRP	SRP-L-0005273	Roger Rosentreter	13399	4.54	71.64	Idaho	Boundary	48.805599	-116.900002	outside_boundary_exact	Idaho, Bonner County	Upper Priest Lake Research Natural Area.	https://lichenportal.org/portal/collections/individual/index.php?occid=1201800
1201830	SRP	SRP-L-0005243	Roger Rosentreter	13456	4.54	71.64	Idaho	Boundary	48.805599	-116.900002	outside_boundary_exact	Idaho, Bonner County	Upper Priest Lake Research Natural Area.	https://lichenportal.org/portal/collections/individual/index.php?occid=1201830
1201831	SRP	SRP-L-0005242	Roger Rosentreter	13471	4.54	71.64	Idaho	Boundary	48.805599	-116.900002	outside_boundary_exact	Idaho, Bonner County	Upper Priest Lake Research Natural Area.	https://lichenportal.org/portal/collections/individual/index.php?occid=1201831
1201832	SRP	SRP-L-0005241	Roger Rosentreter	13406	4.54	71.64	Idaho	Boundary	48.805599	-116.900002	outside_boundary_exact	Idaho, Bonner County	Upper Priest Lake Research Natural Area.	https://lichenportal.org/portal/collections/individual/index.php?occid=1201832
1201934	SRP	SRP-L-0005021	Roger Rosentreter	13485	4.54	71.64	Idaho	Boundary	48.805599	-116.900002	outside_boundary_exact	Idaho, Bonner County	Upper Priest Lake Research Natural Area.	https://lichenportal.org/portal/collections/individual/index.php?occid=1201934
1201935	SRP	SRP-L-0005020	Roger Rosentreter	13446	4.54	71.64	Idaho	Boundary	48.805599	-116.900002	outside_boundary_exact	Idaho, Bonner County	Upper Priest Lake Research Natural Area.	https://lichenportal.org/portal/collections/individual/index.php?occid=1201935
1201943	SRP	SRP-L-0005012	Roger Rosentreter	13487	4.54	71.64	Idaho	Boundary	48.805599	-116.900002	outside_boundary_exact	Idaho, Bonner County	Upper Priest Lake Research Natural Area.	https://lichenportal.org/portal/collections/individual/index.php?occid=1201943
1201944	SRP	SRP-L-0005011	Roger Rosentreter	13433	4.54	71.64	Idaho	Boundary	48.805599	-116.900002	outside_boundary_exact	Idaho, Bonner County	Upper Priest Lake Research Natural Area.	https://lichenportal.org/portal/collections/individual/index.php?occid=1201944
1201958	SRP	SRP-L-0004997	Roger Rosentreter	13417	4.54	71.64	Idaho	Boundary	48.805599	-116.900002	outside_boundary_exact	Idaho, Bonner County	Upper Priest Lake Research Natural Area.	https://lichenportal.org/portal/collections/individual/index.php?occid=1201958
1203638	SRP	SRP-L-0006840	Roger Rosentreter	13488	4.54	71.64	Idaho	Boundary	48.805599	-116.900002	outside_boundary_exact	Idaho, Bonner County	Upper Priest Lake Research Natural Area.	https://lichenportal.org/portal/collections/individual/index.php?occid=1203638
1203652	SRP	SRP-L-0005413	Roger Rosentreter	13498	4.54	71.64	Idaho	Boundary	48.805599	-116.900002	outside_boundary_exact	Idaho, Bonner County	Upper Priest Lake Research Natural Area.	https://lichenportal.org/portal/collections/individual/index.php?occid=1203652
1203683	SRP	SRP-L-0005627	Roger Rosentreter	13440	4.54	71.64	Idaho	Boundary	48.805599	-116.900002	outside_boundary_exact	Idaho, Bonner County	Upper Priest Lake Research Natural Area.	https://lichenportal.org/portal/collections/individual/index.php?occid=1203683
1203721	SRP	SRP-L-0005589	Roger Rosentreter	13401	4.54	71.64	Idaho	Boundary	48.805599	-116.900002	outside_boundary_exact	Idaho, Bonner County	Upper Priest Lake Research Natural Area.	https://lichenportal.org/portal/collections/individual/index.php?occid=1203721
1203826	SRP	SRP-L-0005484	Roger Rosentreter	13435	4.54	71.64	Idaho	Boundary	48.805599	-116.900002	outside_boundary_exact	Idaho, Bonner County	Upper Priest Lake Research Natural Area.	https://lichenportal.org/portal/collections/individual/index.php?occid=1203826
1203827	SRP	SRP-L-0005483	Roger Rosentreter	13420	4.54	71.64	Idaho	Boundary	48.805599	-116.900002	outside_boundary_exact	Idaho, Bonner County	Upper Priest Lake Research Natural Area.	https://lichenportal.org/portal/collections/individual/index.php?occid=1203827
1203843	SRP	SRP-L-0005467	Roger Rosentreter	13420b	4.54	71.64	Idaho	Boundary	48.805599	-116.900002	outside_boundary_exact	Idaho, Bonner County	Upper Priest Lake Research Natural Area.	https://lichenportal.org/portal/collections/individual/index.php?occid=1203843
1203904	SRP	SRP-L-0005390	Roger Rosentreter	13501	4.54	71.64	Idaho	Boundary	48.805599	-116.900002	outside_boundary_exact	Idaho, Bonner County	Upper Priest Lake Research Natural Area.	https://lichenportal.org/portal/collections/individual/index.php?occid=1203904
1203905	SRP	SRP-L-0005389	Roger Rosentreter	13500	4.54	71.64	Idaho	Boundary	48.805599	-116.900002	outside_boundary_exact	Idaho, Bonner County	Upper Priest Lake Research Natural Area.	https://lichenportal.org/portal/collections/individual/index.php?occid=1203905
1203906	SRP	SRP-L-0005388	Roger Rosentreter	13454	4.54	71.64	Idaho	Boundary	48.805599	-116.900002	outside_boundary_exact	Idaho, Bonner County	Upper Priest Lake Research Natural Area.	https://lichenportal.org/portal/collections/individual/index.php?occid=1203906
1208590	SRP	SRP-L-0005797	Roger Rosentreter	13400	4.54	71.64	Idaho	Boundary	48.805599	-116.900002	outside_boundary_exact	Idaho, Bonner County	Upper Priest Lake Research Natural Area.	https://lichenportal.org/portal/collections/individual/index.php?occid=1208590
1208591	SRP	SRP-L-0005798	Roger Rosentreter	13473	4.54	71.64	Idaho	Boundary	48.805599	-116.900002	outside_boundary_exact	Idaho, Bonner County	Upper Priest Lake Research Natural Area.	https://lichenportal.org/portal/collections/individual/index.php?occid=1208591
1208592	SRP	SRP-L-0005853	Roger Rosentreter	13474	4.54	71.64	Idaho	Boundary	48.805599	-116.900002	outside_boundary_exact	Idaho, Bonner County	Upper Priest Lake Research Natural Area.	https://lichenportal.org/portal/collections/individual/index.php?occid=1208592
1208593	SRP	SRP-L-0005799	Roger Rosentreter	13426	4.54	71.64	Idaho	Boundary	48.805599	-116.900002	outside_boundary_exact	Idaho, Bonner County	Upper Priest Lake Research Natural Area.	https://lichenportal.org/portal/collections/individual/index.php?occid=1208593
1208613	SRP	SRP-L-0005819	Roger Rosentreter	13409	4.54	71.64	Idaho	Boundary	48.805599	-116.900002	outside_boundary_exact	Idaho, Bonner County	Upper Priest Lake Research Natural Area.	https://lichenportal.org/portal/collections/individual/index.php?occid=1208613
1208734	SRP	SRP-L-0005713	Roger Rosentreter	13494	4.54	71.64	Idaho	Boundary	48.805599	-116.900002	outside_boundary_exact	Idaho, Bonner County	Upper Priest Lake Research Natural Area.	https://lichenportal.org/portal/collections/individual/index.php?occid=1208734
1208870	SRP	SRP-L-0006852	Roger Rosentreter	13484	4.54	71.64	Idaho	Boundary	48.805599	-116.900002	outside_boundary_exact	Idaho, Bonner County	Upper Priest Lake Research Natural Area.	https://lichenportal.org/portal/collections/individual/index.php?occid=1208870
1208881	SRP	SRP-L-0006864	Roger Rosentreter	13459	4.54	71.64	Idaho	Boundary	48.805599	-116.900002	outside_boundary_exact	Idaho, Bonner County	Upper Priest Lake Research Natural Area.	https://lichenportal.org/portal/collections/individual/index.php?occid=1208881
1208886	SRP	SRP-L-0006868	Roger Rosentreter	13492	4.54	71.64	Idaho	Boundary	48.805599	-116.900002	outside_boundary_exact	Idaho, Bonner County	Upper Priest Lake Research Natural Area.	https://lichenportal.org/portal/collections/individual/index.php?occid=1208886
1208929	SRP	SRP-L-0001193	Roger Rosentreter	13479	4.54	71.64	Idaho	Boundary	48.805599	-116.900002	outside_boundary_exact	Idaho, Bonner County	Upper Priest Lake Research Natural Area.	https://lichenportal.org/portal/collections/individual/index.php?occid=1208929
1208930	SRP	SRP-L-0001194	Roger Rosentreter	13497	4.54	71.64	Idaho	Boundary	48.805599	-116.900002	outside_boundary_exact	Idaho, Bonner County	Upper Priest Lake Research Natural Area.	https://lichenportal.org/portal/collections/individual/index.php?occid=1208930
1209044	SRP	SRP-L-0006020	Roger Rosentreter	13476	4.54	71.64	Idaho	Boundary	48.805599	-116.900002	outside_boundary_exact	Idaho, Bonner County	Upper Priest Lake Research Natural Area.	https://lichenportal.org/portal/collections/individual/index.php?occid=1209044
1209045	SRP	SRP-L-0006021	Roger Rosentreter	13398	4.54	71.64	Idaho	Boundary	48.805599	-116.900002	outside_boundary_exact	Idaho, Bonner County	Upper Priest Lake Research Natural Area.	https://lichenportal.org/portal/collections/individual/index.php?occid=1209045
1209046	SRP	SRP-L-0006022	Roger Rosentreter	13469	4.54	71.64	Idaho	Boundary	48.805599	-116.900002	outside_boundary_exact	Idaho, Bonner County	Upper Priest Lake Research Natural Area.	https://lichenportal.org/portal/collections/individual/index.php?occid=1209046
1209047	SRP	SRP-L-0006023	Roger Rosentreter	13472	4.54	71.64	Idaho	Boundary	48.805599	-116.900002	outside_boundary_exact	Idaho, Bonner County	Upper Priest Lake Research Natural Area.	https://lichenportal.org/portal/collections/individual/index.php?occid=1209047
1209241	SRP	SRP-L-0006173	Roger Rosentreter	13432	4.54	71.64	Idaho	Boundary	48.805599	-116.900002	outside_boundary_exact	Idaho, Bonner County	Upper Priest Lake Research Natural Area.	https://lichenportal.org/portal/collections/individual/index.php?occid=1209241
1209242	SRP	SRP-L-0006174	Roger Rosentreter	13444	4.54	71.64	Idaho	Boundary	48.805599	-116.900002	outside_boundary_exact	Idaho, Bonner County	Upper Priest Lake Research Natural Area.	https://lichenportal.org/portal/collections/individual/index.php?occid=1209242
1209451	SRP	SRP-L-0007052	Roger Rosentreter	13438	4.54	71.64	Idaho	Boundary	48.805599	-116.900002	outside_boundary_exact	Idaho, Bonner County	Upper Priest Lake Research Natural Area.	https://lichenportal.org/portal/collections/individual/index.php?occid=1209451
1209691	SRP	SRP-L-0007288	Roger Rosentreter	13496	4.54	71.64	Idaho	Boundary	48.805599	-116.900002	outside_boundary_exact	Idaho, Bonner County	Upper Priest Lake Research Natural Area.	https://lichenportal.org/portal/collections/individual/index.php?occid=1209691
1443684	SRP	SRP-L-0008749	Roger Rosentreter	13394	4.54	71.64	Idaho	Boundary	48.805599	-116.900002	outside_boundary_exact	Idaho, Bonner County	Upper Priest Lake Research Natural Area.	https://lichenportal.org/portal/collections/individual/index.php?occid=1443684
1443807	SRP	SRP-L-0007635	Roger Rosentreter	13453	4.54	71.64	Idaho	Boundary	48.805599	-116.900002	outside_boundary_exact	Idaho, Bonner County	Upper Priest Lake Research Natural Area.	https://lichenportal.org/portal/collections/individual/index.php?occid=1443807
1443825	SRP	SRP-L-0007653	Roger Rosentreter	13427	4.54	71.64	Idaho	Boundary	48.805599	-116.900002	outside_boundary_exact	Idaho, Bonner County	Upper Priest Lake Research Natural Area.	https://lichenportal.org/portal/collections/individual/index.php?occid=1443825
1444278	SRP	SRP-L-0008105	Roger Rosentreter	13470	4.54	71.64	Idaho	Boundary	48.805599	-116.900002	outside_boundary_exact	Idaho, Bonner County	Upper Priest Lake Research Natural Area.	https://lichenportal.org/portal/collections/individual/index.php?occid=1444278
1444407	SRP	SRP-L-0008240	Roger Rosentreter	13407	4.54	71.64	Idaho	Boundary	48.805599	-116.900002	outside_boundary_exact	Idaho, Bonner County	Upper Priest Lake Research Natural Area.	https://lichenportal.org/portal/collections/individual/index.php?occid=1444407
1445086	SRP	SRP-L-0001479	Roger Rosentreter	13481	4.54	71.64	Idaho	Boundary	48.805599	-116.900002	outside_boundary_exact	Idaho, Bonner County	Upper Priest Lake Research Natural Area.	https://lichenportal.org/portal/collections/individual/index.php?occid=1445086
1445460	SRP	SRP-L-0001932	Roger Rosentreter	13475	4.54	71.64	Idaho	Boundary	48.805599	-116.900002	outside_boundary_exact	Idaho, Bonner County	Upper Priest Lake Research Natural Area.	https://lichenportal.org/portal/collections/individual/index.php?occid=1445460
1446137	SRP	SRP-L-0009111	Roger Rosentreter	13410	4.54	71.64	Idaho	Boundary	48.805599	-116.900002	outside_boundary_exact	Idaho, Bonner County	Upper Priest Lake Research Natural Area.	https://lichenportal.org/portal/collections/individual/index.php?occid=1446137
1446768	SRP	SRP-L-0009945	Roger Rosentreter	13458	4.54	71.64	Idaho	Boundary	48.805599	-116.900002	outside_boundary_exact	Idaho, Bonner County	Upper Priest Lake Research Natural Area.	https://lichenportal.org/portal/collections/individual/index.php?occid=1446768
1446828	SRP	SRP-L-0010013	Roger Rosentreter	13434	4.54	71.64	Idaho	Boundary	48.805599	-116.900002	outside_boundary_exact	Idaho, Bonner County	Upper Priest Lake Research Natural Area.	https://lichenportal.org/portal/collections/individual/index.php?occid=1446828
1446862	SRP	SRP-L-0010522	Roger Rosentreter	13447	4.54	71.64	Idaho	Boundary	48.805599	-116.900002	outside_boundary_exact	Idaho, Bonner County	Upper Priest Lake Research Natural Area.	https://lichenportal.org/portal/collections/individual/index.php?occid=1446862
1446863	SRP	SRP-L-0010523	Roger Rosentreter	13448	4.54	71.64	Idaho	Boundary	48.805599	-116.900002	outside_boundary_exact	Idaho, Bonner County	Upper Priest Lake Research Natural Area.	https://lichenportal.org/portal/collections/individual/index.php?occid=1446863
1446973	SRP	SRP-L-0010255	Roger Rosentreter	13482	4.54	71.64	Idaho	Boundary	48.805599	-116.900002	outside_boundary_exact	Idaho, Bonner County	Upper Priest Lake Research Natural Area.	https://lichenportal.org/portal/collections/individual/index.php?occid=1446973
1447046	SRP	SRP-L-0009524	Roger Rosentreter	13478	4.54	71.64	Idaho	Boundary	48.805599	-116.900002	outside_boundary_exact	Idaho, Bonner County	Upper Priest Lake Research Natural Area.	https://lichenportal.org/portal/collections/individual/index.php?occid=1447046
1447144	SRP	SRP-L-0010143	Roger Rosentreter	13463	4.54	71.64	Idaho	Boundary	48.805599	-116.900002	outside_boundary_exact	Idaho, Bonner County	Upper Priest Lake Research Natural Area.	https://lichenportal.org/portal/collections/individual/index.php?occid=1447144
1447170	SRP	SRP-L-0010168	Roger Rosentreter	13483	4.54	71.64	Idaho	Boundary	48.805599	-116.900002	outside_boundary_exact	Idaho, Bonner County	Upper Priest Lake Research Natural Area.	https://lichenportal.org/portal/collections/individual/index.php?occid=1447170
1576914	SRP	SRP-L-0010332	Roger Rosentreter	13462	4.54	71.64	Idaho	Boundary	48.805599	-116.900002	outside_boundary_exact	Idaho, Bonner County	Upper Priest Lake Research Natural Area.	https://lichenportal.org/portal/collections/individual/index.php?occid=1576914
1577139	SRP	SRP-L-0010629	Roger Rosentreter	13461	4.54	71.64	Idaho	Boundary	48.805599	-116.900002	outside_boundary_exact	Idaho, Bonner County	Upper Priest Lake Research Natural Area.	https://lichenportal.org/portal/collections/individual/index.php?occid=1577139
1577962	SRP	SRP-L-0012162	Roger Rosentreter	13430b	4.54	71.64	Idaho	Boundary	48.805599	-116.900002	outside_boundary_exact	Idaho, Bonner County	Upper Priest Lake Research Natural Area.	https://lichenportal.org/portal/collections/individual/index.php?occid=1577962
3350748	SRP	SRP-F-0000012	Roger Rosentreter	13430a	4.54	71.64	Idaho	Boundary	48.805599	-116.900002	outside_boundary_exact	Idaho, Bonner County	Upper Priest Lake Research Natural Area.	https://lichenportal.org/portal/collections/individual/index.php?occid=3350748
1128753	SRP	SRP-L-0006295	Roger Rosentreter	3950	4.4	99.23	Idaho	Jefferson	44	-112.75	outside_boundary_exact	Idaho, Clark County	NA	https://lichenportal.org/portal/collections/individual/index.php?occid=1128753
1106094	SRP	SRP-L-0002740	Kathryn Gusick	58	4.07	79.06	Idaho	Adams	44.5784	-116.584	outside_boundary_exact	Idaho, Washington County	Adams County, ID.	https://lichenportal.org/portal/collections/individual/index.php?occid=1106094
1106252	SRP	SRP-L-0002547	Kathryn Gusick	63	4.07	79.06	Idaho	Adams	44.5784	-116.584	outside_boundary_exact	Idaho, Washington County	Adams County, ID.	https://lichenportal.org/portal/collections/individual/index.php?occid=1106252
1129967	SRP	SRP-L-0000985	Roger Rosentreter	6551	3.91	68.4	Idaho	Ada	43.709999	-116.080002	outside_boundary_exact	Idaho, Boise County	Idaho Botanical Gardens, Boise, Idaho.	https://lichenportal.org/portal/collections/individual/index.php?occid=1129967
1445249	SRP	SRP-L-0001635	Roger Rosentreter	6552	3.91	68.4	Idaho	Ada	43.709999	-116.080002	outside_boundary_exact	Idaho, Boise County	Idaho Botanical Gardens, Boise, Idaho.	https://lichenportal.org/portal/collections/individual/index.php?occid=1445249
1576732	SRP	SRP-L-0002832	Doug Evans	7	3.84	99.99	Idaho	Butte	43.507301	-112.684097	outside_boundary_exact	Idaho, Bingham County	Idaho National Laboratory (INEL) long-term vegetation permanent plot 74 S side of Hwy 20 WNW of East Butte in Twin Buttes area, about 30 miles E of Arco, ID.	https://lichenportal.org/portal/collections/individual/index.php?occid=1576732
1106086	SRP	SRP-L-0002752	Roger Rosentreter	7078	3.74	60.32	Idaho	Lewis	46.049999	-116.75	outside_boundary_exact	Idaho, Nez Perce County	Along Eagle Creek stream bottom, off the Salmon River, near Craig Mt. 40 miles S of Lewiston, Idaho.	https://lichenportal.org/portal/collections/individual/index.php?occid=1106086
1106446	SRP	SRP-L-0002298	Roger Rosentreter	7075	3.74	60.32	Idaho	Lewis	46.049999	-116.75	outside_boundary_exact	Idaho, Nez Perce County	Along Eagle Creek stream bottom, off the Salmon River, near Craig Mt. 40 miles S of Lewiston, Idaho.	https://lichenportal.org/portal/collections/individual/index.php?occid=1106446
1130088	SRP	SRP-L-0000861	Roger Rosentreter	7076	3.74	60.32	Idaho	Lewis	46.049999	-116.75	outside_boundary_exact	Idaho, Nez Perce County	Along Eagle Creek stream bottom, off the Salmon River, near Craig Mt. 40 miles S of Lewiston, Idaho.	https://lichenportal.org/portal/collections/individual/index.php?occid=1130088
1201826	SRP	SRP-L-0005247	Roger Rosentreter	7077	3.74	60.32	Idaho	Lewis	46.049999	-116.75	outside_boundary_exact	Idaho, Nez Perce County	Along Eagle Creek stream bottom, off the Salmon River, near Craig Mt. 40 miles S of Lewiston, Idaho.	https://lichenportal.org/portal/collections/individual/index.php?occid=1201826
1208650	SRP	SRP-L-0005743	Roger Rosentreter	7081	3.74	60.32	Idaho	Lewis	46.049999	-116.75	outside_boundary_exact	Idaho, Nez Perce County	Along Eagle Creek stream bottom, off the Salmon River, near Craig Mt. 40 miles S of Lewiston, Idaho.	https://lichenportal.org/portal/collections/individual/index.php?occid=1208650
1208907	SRP	SRP-L-0001171	Roger Rosentreter	7072	3.74	60.32	Idaho	Lewis	46.049999	-116.75	outside_boundary_exact	Idaho, Nez Perce County	Along Eagle Creek stream bottom, off the Salmon River, near Craig Mt. 40 miles S of Lewiston, Idaho.	https://lichenportal.org/portal/collections/individual/index.php?occid=1208907
1444302	SRP	SRP-L-0008129	Roger Rosentreter	7080	3.74	60.32	Idaho	Lewis	46.049999	-116.75	outside_boundary_exact	Idaho, Nez Perce County	Along Eagle Creek stream bottom, off the Salmon River, near Craig Mt. 40 miles S of Lewiston, Idaho.	https://lichenportal.org/portal/collections/individual/index.php?occid=1444302
1576814	SRP	SRP-L-0009193	Roger Rosentreter	7073	3.74	60.32	Idaho	Lewis	46.049999	-116.75	outside_boundary_exact	Idaho, Nez Perce County	Along Eagle Creek stream bottom, off the Salmon River, near Craig Mt. 40 miles S of Lewiston, Idaho.	https://lichenportal.org/portal/collections/individual/index.php?occid=1576814
1128868	SRP	SRP-L-0004761	Roger Rosentreter	13575	3.64	81.38	Idaho	Boundary	48.75	-116	outside_boundary_exact	Montana, Lincoln County	NA	https://lichenportal.org/portal/collections/individual/index.php?occid=1128868
1447619	SRP	SRP-L-0011632	Roger Rosentreter	15458	3.39	106.05	Idaho	Boise	43.690102	-116.1801	outside_boundary_exact	Idaho, Ada County	N of Boise, Idaho.	https://lichenportal.org/portal/collections/individual/index.php?occid=1447619
1447415	SRP	SRP-L-0011428	Roger Rosentreter	9140	3.37	56.56	Idaho	Ada	43.549999	-115.933334	outside_boundary_exact	Idaho, Elmore County	North end of Boise, between Crestline and Ridgeline Drives.	https://lichenportal.org/portal/collections/individual/index.php?occid=1447415
1126018	SRP	SRP-L-0002412	Roger Rosentreter	8578	3.36	162.13	Idaho	Custer	44.834	-114.790001	outside_boundary_exact	Idaho, Valley County	Middle Fork of Salmon River across from Hospital Bar.	https://lichenportal.org/portal/collections/individual/index.php?occid=1126018
1444350	SRP	SRP-L-0008180	Roger Rosentreter	8579	3.36	162.13	Idaho	Custer	44.834	-114.790001	outside_boundary_exact	Idaho, Valley County	Middle Fork of Salmon River across from Hospital Bar.	https://lichenportal.org/portal/collections/individual/index.php?occid=1444350
1577282	SRP	SRP-L-0010775	Roger Rosentreter	4526b	3.36	162.13	Idaho	Custer	44.834	-114.790001	outside_boundary_exact	Idaho, Valley County	Middle Fork of Salmon River across from Hospital Bar.	https://lichenportal.org/portal/collections/individual/index.php?occid=1577282
1444757	SRP	SRP-L-0008608	A. Debolt	975b	2.68	221.43	Idaho	Owyhee	43.32	-117.06	outside_boundary_exact	Oregon, Malheur County	Northwest of McBride Creek and approximately 25 miles SW of Marsing.	https://lichenportal.org/portal/collections/individual/index.php?occid=1444757
1125324	SRP	SRP-L-0003642	Roger Rosentreter	9667	2.63	99.95	Idaho	Bonner	48.75	-116.75	outside_boundary_exact	Idaho, Boundary County	NA	https://lichenportal.org/portal/collections/individual/index.php?occid=1125324
1106326	SRP	SRP-L-0002455	Roger Rosentreter	8519	2.4	227.27	Idaho	Idaho	45.166668	-116.333336	outside_boundary_exact	Idaho, Adams County	Nez Perce Forest. Hungry Horse Ridge. Off state highway #95. North of mile marker #178 between New Meadows and Riggins, Idaho.	https://lichenportal.org/portal/collections/individual/index.php?occid=1106326
1130160	SRP	SRP-L-0000788	Roger Rosentreter	8518	2.4	227.27	Idaho	Idaho	45.166668	-116.333336	outside_boundary_exact	Idaho, Adams County	Nez Perce Forest. Hungry Horse Ridge. Off state highway #95. North of mile marker #178 between New Meadows and Riggins, Idaho.	https://lichenportal.org/portal/collections/individual/index.php?occid=1130160
1128392	SRP	SRP-L-0006669	Doug Evans	6	2.05	97.07	Idaho	Butte	43.521702	-112.718597	outside_boundary_exact	Idaho, Bingham County	Idaho National Laboratory (INEL) long-term vegetation permanent plot 78, just S of Hwy 20 NNE of Middle Butte in Twin Buttes area, about 30 miles E of Arco, ID.	https://lichenportal.org/portal/collections/individual/index.php?occid=1128392
1130291	SRP	SRP-L-0000622	Roger Rosentreter	2481b	1.88	114.61	Idaho	Elmore	43.25	-116	outside_boundary_exact	Idaho, Ada County	NA	https://lichenportal.org/portal/collections/individual/index.php?occid=1130291
1446473	SRP	SRP-L-0009648	A. DeBolt	2776	1.75	209.48	Idaho	Owyhee	43.1623	-117.048439	outside_boundary_exact	Oregon, Malheur County	Badlands habitat. Southwest of Marsing, ID.	https://lichenportal.org/portal/collections/individual/index.php?occid=1446473
1447347	SRP	SRP-L-0011327	A. DeBolt	2777	1.75	209.48	Idaho	Owyhee	43.1623	-117.048439	outside_boundary_exact	Oregon, Malheur County	Badlands habitat. Southwest of Marsing, ID.	https://lichenportal.org/portal/collections/individual/index.php?occid=1447347
1577619	SRP	SRP-L-0011129	A. DeBolt	2775	1.75	209.48	Idaho	Owyhee	43.1623	-117.048439	outside_boundary_exact	Oregon, Malheur County	Badlands habitat. Southwest of Marsing, ID.	https://lichenportal.org/portal/collections/individual/index.php?occid=1577619
1128687	SRP	SRP-L-0006363	K. L. Gray	1600	1.68	135.01	Idaho	Clearwater	46.675667	-116.351333	outside_boundary_exact	Idaho, Latah County	Elk Ridge, south of Elk Creek.	https://lichenportal.org/portal/collections/individual/index.php?occid=1128687
1105850	SRP	SRP-L-0003029	Roger Rosentreter	4240	1.36	203.12	Idaho	Lemhi	44.222	-112.968002	outside_boundary_exact	Idaho, Clark County	3 miles N of Lone Pine.	https://lichenportal.org/portal/collections/individual/index.php?occid=1105850
1106535	SRP	SRP-L-0002196	Roger Rosentreter	4242	1.36	203.12	Idaho	Lemhi	44.222	-112.968002	outside_boundary_exact	Idaho, Clark County	3 miles N of Lone Pine.	https://lichenportal.org/portal/collections/individual/index.php?occid=1106535
1129351	SRP	SRP-L-0004271	Roger Rosentreter	4237	1.36	203.12	Idaho	Lemhi	44.222	-112.968002	outside_boundary_exact	Idaho, Clark County	3 miles N of Lone Pine.	https://lichenportal.org/portal/collections/individual/index.php?occid=1129351
1129469	SRP	SRP-L-0004153	Roger Rosentreter	4238	1.36	203.12	Idaho	Lemhi	44.222	-112.968002	outside_boundary_exact	Idaho, Clark County	3 miles N of Lone Pine.	https://lichenportal.org/portal/collections/individual/index.php?occid=1129469
1129536	SRP	SRP-L-0004085	Roger Rosentreter	4236	1.36	203.12	Idaho	Lemhi	44.222	-112.968002	outside_boundary_exact	Idaho, Clark County	3 miles N of Lone Pine.	https://lichenportal.org/portal/collections/individual/index.php?occid=1129536
1446270	SRP	SRP-L-0009361	Roger Rosentreter	4241	1.36	203.12	Idaho	Lemhi	44.222	-112.968002	outside_boundary_exact	Idaho, Clark County	3 miles N of Lone Pine.	https://lichenportal.org/portal/collections/individual/index.php?occid=1446270
1447804	SRP	SRP-L-0011822	Roger Rosentreter	4239	1.36	203.12	Idaho	Lemhi	44.222	-112.968002	outside_boundary_exact	Idaho, Clark County	3 miles N of Lone Pine.	https://lichenportal.org/portal/collections/individual/index.php?occid=1447804
1106123	SRP	SRP-L-0002702	Roger Rosentreter	13577	1.17	77.89	Idaho	Boundary	48.781899	-116.033302	outside_boundary_exact	Montana, Lincoln County	Rocky Notch, north of Bonner's Ferry, Idaho. East of Highway 95, near the junction with Idaho Route 1.	https://lichenportal.org/portal/collections/individual/index.php?occid=1106123
1125230	SRP	SRP-L-0003546	Roger Rosentreter	13579	1.17	77.89	Idaho	Boundary	48.781899	-116.033302	outside_boundary_exact	Montana, Lincoln County	Rocky Notch, north of Bonner's Ferry, Idaho. East of Highway 95, near the junction with Idaho Route 1.	https://lichenportal.org/portal/collections/individual/index.php?occid=1125230
1129084	SRP	SRP-L-0004545	Roger Rosentreter	13580	1.17	77.89	Idaho	Boundary	48.781899	-116.033302	outside_boundary_exact	Montana, Lincoln County	Rocky Notch, north of Bonner's Ferry, Idaho. East of Highway 95, near the junction with Idaho Route 1.	https://lichenportal.org/portal/collections/individual/index.php?occid=1129084
1129719	SRP	SRP-L-0003902	Roger Rosentreter	13581	1.17	77.89	Idaho	Boundary	48.781899	-116.033302	outside_boundary_exact	Montana, Lincoln County	Rocky Notch, north of Bonner's Ferry, Idaho. East of Highway 95, near the junction with Idaho Route 1.	https://lichenportal.org/portal/collections/individual/index.php?occid=1129719
1203765	SRP	SRP-L-0005545	Roger Rosentreter	13582	1.17	77.89	Idaho	Boundary	48.781899	-116.033302	outside_boundary_exact	Montana, Lincoln County	Rocky Notch, north of Bonner's Ferry, Idaho. East of Highway 95, near the junction with Idaho Route 1.	https://lichenportal.org/portal/collections/individual/index.php?occid=1203765
1203885	SRP	SRP-L-0005425	Roger Rosentreter	13576	1.17	77.89	Idaho	Boundary	48.781899	-116.033302	outside_boundary_exact	Montana, Lincoln County	Rocky Notch, north of Bonner's Ferry, Idaho. East of Highway 95, near the junction with Idaho Route 1.	https://lichenportal.org/portal/collections/individual/index.php?occid=1203885
1444405	SRP	SRP-L-0008238	Roger Rosentreter	13574	1.17	77.89	Idaho	Boundary	48.781899	-116.033302	outside_boundary_exact	Montana, Lincoln County	Rocky Notch, north of Bonner's Ferry, Idaho. East of Highway 95, near the junction with Idaho Route 1.	https://lichenportal.org/portal/collections/individual/index.php?occid=1444405
1577036	SRP	SRP-L-0010455	Roger Rosentreter	13578	1.17	77.89	Idaho	Boundary	48.781899	-116.033302	outside_boundary_exact	Montana, Lincoln County	Rocky Notch, north of Bonner's Ferry, Idaho. East of Highway 95, near the junction with Idaho Route 1.	https://lichenportal.org/portal/collections/individual/index.php?occid=1577036
1106203	SRP	SRP-L-0002606	Kathryn Gusick	59	0.92	94.56	Idaho	Adams	44.4902	-116.204002	outside_boundary_exact	Idaho, Gem County	T13N R2E S3.	https://lichenportal.org/portal/collections/individual/index.php?occid=1106203
1445174	SRP	SRP-L-0001727	Roger Rosentreter	9221	0.83	57.69	Idaho	Ada	43.466702	-116.5	outside_boundary_exact	Idaho, Canyon County	Rehabilitation area with Agropyron spicatum Goldar. Kuna Butte SW of Boise, Idaho.	https://lichenportal.org/portal/collections/individual/index.php?occid=1445174
1445697	SRP	SRP-L-0008928	Roger Rosentreter, Dan Norris	9229	0.82	57.69	Idaho	Ada	43.466667	-116.5	outside_boundary_exact	Idaho, Canyon County	Kuna Butte SW of Boise, Idaho.	https://lichenportal.org/portal/collections/individual/index.php?occid=1445697
1105759	SRP	SRP-L-0003135	Roger Rosentreter	9361	0.79	60.72	Idaho	Ada	43.516666	-116.48333	outside_boundary_exact	Idaho, Canyon County	Kuna Butte Study Site. TIN.	https://lichenportal.org/portal/collections/individual/index.php?occid=1105759
1129261	SRP	SRP-L-0004362	Roger Rosentreter	9360	0.79	60.72	Idaho	Ada	43.516666	-116.48333	outside_boundary_exact	Idaho, Canyon County	Kuna Butte Study Site. TIN.	https://lichenportal.org/portal/collections/individual/index.php?occid=1129261
1203853	SRP	SRP-L-0005457	Roger Rosentreter	9365	0.79	60.72	Idaho	Ada	43.516666	-116.48333	outside_boundary_exact	Idaho, Canyon County	Kuna Butte Study Site. TIN.	https://lichenportal.org/portal/collections/individual/index.php?occid=1203853
1444097	SRP	SRP-L-0007923	Roger Rosentreter	9363	0.79	60.72	Idaho	Ada	43.516666	-116.48333	outside_boundary_exact	Idaho, Canyon County	Kuna Butte Study Site. TIN.	https://lichenportal.org/portal/collections/individual/index.php?occid=1444097
1445023	SRP	SRP-L-0001416	Roger Rosentreter	7919	0.79	49.32	Idaho	Gooding	42.830002	-114.93	outside_boundary_exact	Idaho, Twin Falls County	Malad Gorge State Park.	https://lichenportal.org/portal/collections/individual/index.php?occid=1445023
1445176	SRP	SRP-L-0001729	Roger Rosentreter	9366	0.79	60.72	Idaho	Ada	43.516666	-116.48333	outside_boundary_exact	Idaho, Canyon County	Kuna Butte Study Site. TIN.	https://lichenportal.org/portal/collections/individual/index.php?occid=1445176
1445177	SRP	SRP-L-0001730	Roger Rosentreter	9366a	0.79	60.72	Idaho	Ada	43.516666	-116.48333	outside_boundary_exact	Idaho, Canyon County	Kuna Butte Study Site. TIN.	https://lichenportal.org/portal/collections/individual/index.php?occid=1445177
1445251	SRP	SRP-L-0001637	Roger Rosentreter	9362	0.79	60.72	Idaho	Ada	43.516666	-116.48333	outside_boundary_exact	Idaho, Canyon County	Kuna Butte Study Site. TIN.	https://lichenportal.org/portal/collections/individual/index.php?occid=1445251
1445962	SRP	SRP-L-0009252	Roger Rosentreter	9367a	0.79	60.72	Idaho	Ada	43.516666	-116.48333	outside_boundary_exact	Idaho, Canyon County	Kuna Butte Study Site. TIN.	https://lichenportal.org/portal/collections/individual/index.php?occid=1445962
1445963	SRP	SRP-L-0009253	Roger Rosentreter	9367b	0.79	60.72	Idaho	Ada	43.516666	-116.48333	outside_boundary_exact	Idaho, Canyon County	Kuna Butte Study Site. TIN.	https://lichenportal.org/portal/collections/individual/index.php?occid=1445963
1447380	SRP	SRP-L-0011346	Roger Rosentreter	9365c	0.79	60.72	Idaho	Ada	43.516666	-116.48333	outside_boundary_exact	Idaho, Canyon County	Kuna Butte Study Site. TIN.	https://lichenportal.org/portal/collections/individual/index.php?occid=1447380
1447426	SRP	SRP-L-0011439	Roger Rosentreter	9364	0.79	60.72	Idaho	Ada	43.516666	-116.48333	outside_boundary_exact	Idaho, Canyon County	Kuna Butte Study Site. TIN.	https://lichenportal.org/portal/collections/individual/index.php?occid=1447426
1447680	SRP	SRP-L-0011693	Roger Rosentreter	9368	0.79	60.72	Idaho	Ada	43.516666	-116.48333	outside_boundary_exact	Idaho, Canyon County	Kuna Butte Study Site. TIN.	https://lichenportal.org/portal/collections/individual/index.php?occid=1447680
1444662	SRP	SRP-L-0008539	Roger Rosentreter	4870	0.72	112.2	Idaho	Butte	44.2398	-113.385803	outside_boundary_exact	Idaho, Custer County	Lower Barney Creek, 22 miles N of Howe, Idaho.	https://lichenportal.org/portal/collections/individual/index.php?occid=1444662
1446220	SRP	SRP-L-0009311	Roger Rosentreter	7014	0.72	116.01	Idaho	Valley	44.720001	-114.989998	outside_boundary_exact	Idaho, Custer County	Near Velvet Falls, Middle Fork of the Salmon River.	https://lichenportal.org/portal/collections/individual/index.php?occid=1446220
1446561	SRP	SRP-L-0009738	R. Rosentreter	7014	0.72	116.01	Idaho	Valley	44.72	-114.99	outside_boundary_exact	Idaho, Custer County	Near Velvet Falls, Middle Fork of the Salmon River.	https://lichenportal.org/portal/collections/individual/index.php?occid=1446561
1106081	SRP	SRP-L-0002757	Roger Rosentreter	6876	0.41	116.25	Idaho	Valley	44.950001	-116.129997	outside_boundary_exact	Idaho, Adams County	Just below Brundage Ski Area W of McCall, Idaho.	https://lichenportal.org/portal/collections/individual/index.php?occid=1106081
1106182	SRP	SRP-L-0002631	Roger Rosentreter	6879	0.41	116.25	Idaho	Valley	44.950001	-116.129997	outside_boundary_exact	Idaho, Adams County	Just below Brundage Ski Area W of McCall, Idaho.	https://lichenportal.org/portal/collections/individual/index.php?occid=1106182
1134632	SRP	SRP-L-0004978	Roger Rosentreter	6877c	0.41	116.25	Idaho	Valley	44.950001	-116.129997	outside_boundary_exact	Idaho, Adams County	Just below Brundage Ski Area W of McCall, Idaho.	https://lichenportal.org/portal/collections/individual/index.php?occid=1134632
1203927	SRP	SRP-L-0005367	Roger Rosentreter	6878	0.41	116.25	Idaho	Valley	44.950001	-116.129997	outside_boundary_exact	Idaho, Adams County	Just below Brundage Ski Area W of McCall, Idaho.	https://lichenportal.org/portal/collections/individual/index.php?occid=1203927
1203928	SRP	SRP-L-0005366	Roger Rosentreter	6880	0.41	116.25	Idaho	Valley	44.950001	-116.129997	outside_boundary_exact	Idaho, Adams County	Just below Brundage Ski Area W of McCall, Idaho.	https://lichenportal.org/portal/collections/individual/index.php?occid=1203928
1445840	SRP	SRP-L-0002128	Roger Rosentreter	ID-2	0.38	169.28	Idaho	Idaho	45.400002	-114.730003	outside_boundary_exact	Idaho, Lemhi County	Horse Creek, off the Main Salmon River, Idaho.	https://lichenportal.org/portal/collections/individual/index.php?occid=1445840
1445862	SRP	SRP-L-0002150	Roger Rosentreter	ID-1	0.38	169.28	Idaho	Idaho	45.400002	-114.730003	outside_boundary_exact	Idaho, Lemhi County	Horse Creek, off the Main Salmon River, Idaho.	https://lichenportal.org/portal/collections/individual/index.php?occid=1445862
1130497	SRP	SRP-L-0000403	Roger Rosentreter	2463	0.19	154.17	Idaho	Owyhee	43.087002	-116.194	outside_boundary_exact	Idaho, Elmore County	Lower Rabbit Creek, near Murphy, Idaho.	https://lichenportal.org/portal/collections/individual/index.php?occid=1130497
1447524	SRP	SRP-L-0011536	Roger Rosentreter	2464	0.19	154.17	Idaho	Owyhee	43.087002	-116.194	outside_boundary_exact	Idaho, Elmore County	Lower Rabbit Creek, near Murphy, Idaho.	https://lichenportal.org/portal/collections/individual/index.php?occid=1447524
1444456	SRP	SRP-L-0008292	Roger Rosentreter	1058	0.16	177.01	Idaho	Owyhee	43.243	-116.376999	outside_boundary_exact	Idaho, Ada County	Swan Falls on the Snake River, Idaho.	https://lichenportal.org/portal/collections/individual/index.php?occid=1444456
1105932	SRP	SRP-L-0002934	Roger Rosentreter	16057	0.12	139.96	Idaho	Valley	44.871391	-114.767777	outside_boundary_exact	Idaho, Lemhi County	Main Salmon River, Ground Hog Camp site, on S side of the river. Upstream of Salmon Falls Rapid.	https://lichenportal.org/portal/collections/individual/index.php?occid=1105932
1130156	SRP	SRP-L-0000792	Roger Rosentreter	16055	0.12	139.96	Idaho	Valley	44.871391	-114.767777	outside_boundary_exact	Idaho, Lemhi County	Main Salmon River, Ground Hog Camp site, on S side of the river. Upstream of Salmon Falls Rapid.	https://lichenportal.org/portal/collections/individual/index.php?occid=1130156
1203714	SRP	SRP-L-0005596	R. Rosentreter	16056	0.12	139.96	Idaho	Valley	44.871389	-114.767778	outside_boundary_exact	Idaho, Lemhi County	Main Salmon River trip. Ground Hog campsite, on the south side of river. Upstream of Salmon Falls Rapid.	https://lichenportal.org/portal/collections/individual/index.php?occid=1203714
1203723	SRP	SRP-L-0005587	Roger Rosentreter	16056	0.12	139.96	Idaho	Valley	44.871391	-114.767777	outside_boundary_exact	Idaho, Lemhi County	Main Salmon River, Ground Hog Camp site, on S side of the river. Upstream of Salmon Falls Rapid.	https://lichenportal.org/portal/collections/individual/index.php?occid=1203723
1209008	SRP	SRP-L-0005984	Roger Rosentreter	16058	0.12	139.96	Idaho	Valley	44.871391	-114.767777	outside_boundary_exact	Idaho, Lemhi County	Main Salmon River, Ground Hog Camp site, on S side of the river. Upstream of Salmon Falls Rapid.	https://lichenportal.org/portal/collections/individual/index.php?occid=1209008
1447482	SRP	SRP-L-0011494	Roger Rosentreter	6642	0.12	139.96	Idaho	Valley	44.871391	-114.767777	outside_boundary_exact	Idaho, Lemhi County	Main Salmon River, Ground Hog Camp site, on S side of the river. Upstream of Salmon Falls Rapid.	https://lichenportal.org/portal/collections/individual/index.php?occid=1447482
1577229	SRP	SRP-L-0010720	Roger Rosentreter	6643	0.12	139.96	Idaho	Valley	44.871391	-114.767777	outside_boundary_exact	Idaho, Lemhi County	Main Salmon River, Ground Hog Camp site, on S side of the river. Upstream of Salmon Falls Rapid.	https://lichenportal.org/portal/collections/individual/index.php?occid=1577229
3353541	SRP	NA	Roger Rosentreter	19826	0.11	60.05	Idaho	Ada	43.277002	-116.4076	outside_boundary_exact	Idaho, Owyhee County	NW of Initial Point, 8 miles S of Kuna.	https://lichenportal.org/portal/collections/individual/index.php?occid=3353541
1134427	SRP	SRP-L-0004847	Roger Rosentreter	1910a	0.07	190.08	Idaho	Idaho	46.037998	-116.623001	outside_boundary_exact	Idaho, Lewis County	Maloney Creek off the Main Salmon River N and downstream of Riggins, Idaho.	https://lichenportal.org/portal/collections/individual/index.php?occid=1134427
1134428	SRP	SRP-L-0004848	Roger Rosentreter	1910b	0.07	190.08	Idaho	Idaho	46.037998	-116.623001	outside_boundary_exact	Idaho, Lewis County	Maloney Creek off the Main Salmon River N and downstream of Riggins, Idaho.	https://lichenportal.org/portal/collections/individual/index.php?occid=1134428
1446215	SRP	SRP-L-0009306	J. Hutchinson, Erin Martin	ID-933-09	0.07	72.38	Idaho	Bonner	48.501902	-116.46065	outside_boundary_exact	Idaho, Boundary County	Entering the south end of McArther Lake, off Hwy 2.	https://lichenportal.org/portal/collections/individual/index.php?occid=1446215
1446216	SRP	SRP-L-0009307	J. Hutchinson, Erin Martin	ID-933-09	0.07	72.38	Idaho	Bonner	48.501902	-116.46065	outside_boundary_exact	Idaho, Boundary County	Wetland with a small Creek entering the south end of McArther Lake, off Hwy 2.	https://lichenportal.org/portal/collections/individual/index.php?occid=1446216
1124961	SRP	SRP-L-0000218	Roger Rosentreter	7681	0.06	161.99	Idaho	Custer	44.784	-114.855003	outside_boundary_exact	Idaho, Valley County	Middle Fork of the Salmon River. Whitey Cox Hot Spring. River mile approx. 42.	https://lichenportal.org/portal/collections/individual/index.php?occid=1124961
1125034	SRP	SRP-L-0000291	Roger Rosentreter	7678	0.06	161.99	Idaho	Custer	44.784	-114.855003	outside_boundary_exact	Idaho, Valley County	Middle Fork of the Salmon River. Whitey Cox Hot Spring. River mile approx. 42.	https://lichenportal.org/portal/collections/individual/index.php?occid=1125034
1128784	SRP	SRP-L-0004845	Roger Rosentreter	11102	0.06	190.08	Idaho	Idaho	46.037991	-116.623009	outside_boundary_exact	Idaho, Lewis County	Maloney Cr camp, Lower Main Salmon River.	https://lichenportal.org/portal/collections/individual/index.php?occid=1128784
1134709	SRP	SRP-L-0005064	Roger Rosentreter	7679	0.06	161.99	Idaho	Custer	44.784	-114.855003	outside_boundary_exact	Idaho, Valley County	Middle Fork of the Salmon River. Whitey Cox Hot Spring. River mile approx. 42.	https://lichenportal.org/portal/collections/individual/index.php?occid=1134709
1208840	SRP	SRP-L-0005934	Roger Rosentreter	11104	0.06	190.08	Idaho	Idaho	46.037991	-116.623009	outside_boundary_exact	Idaho, Lewis County	Maloney Cr camp, Lower Main Salmon River.	https://lichenportal.org/portal/collections/individual/index.php?occid=1208840
1212210	SRP	SRP-L-0007554	Roger Rosentreter	11101	0.06	190.08	Idaho	Idaho	46.037991	-116.623009	outside_boundary_exact	Idaho, Lewis County	Maloney Cr camp, Lower Main Salmon River.	https://lichenportal.org/portal/collections/individual/index.php?occid=1212210
1444453	SRP	SRP-L-0008289	Roger Rosentreter	7682	0.06	161.99	Idaho	Custer	44.784	-114.855003	outside_boundary_exact	Idaho, Valley County	Middle Fork of the Salmon River. Whitey Cox Hot Spring. River mile approx. 42.	https://lichenportal.org/portal/collections/individual/index.php?occid=1444453
1445514	SRP	SRP-L-0001986	Roger Rosentreter	7680	0.06	161.99	Idaho	Custer	44.784	-114.855003	outside_boundary_exact	Idaho, Valley County	Middle Fork of the Salmon River. Whitey Cox Hot Spring. River mile approx. 42.	https://lichenportal.org/portal/collections/individual/index.php?occid=1445514
1129252	SRP	SRP-L-0004371	Roger Rosentreter	ID-44	0.05	183.24	Idaho	Idaho	45.279999	-114.610001	outside_boundary_exact	Idaho, Lemhi County	Lower Canyon, Middle Fork of the Salmon River, Idaho.	https://lichenportal.org/portal/collections/individual/index.php?occid=1129252
1203815	SRP	SRP-L-0005495	Roger Rosentreter	ID-47	0.05	183.24	Idaho	Idaho	45.279999	-114.610001	outside_boundary_exact	Idaho, Lemhi County	Lower Canyon, Middle Fork of the Salmon River, Idaho.	https://lichenportal.org/portal/collections/individual/index.php?occid=1203815
1124972	SRP	SRP-L-0000229	Roger Rosentreter	ID-42	0.04	183.62	Idaho	Idaho	45.298	-114.593002	outside_boundary_exact	Idaho, Lemhi County	Confluence of the Middle Fork and Main Salmon Rivers, Idaho.	https://lichenportal.org/portal/collections/individual/index.php?occid=1124972
1125076	SRP	SRP-L-0000333	Roger Rosentreter	ID-43	0.04	183.62	Idaho	Idaho	45.298	-114.593002	outside_boundary_exact	Idaho, Lemhi County	Confluence of the Middle Fork and Main Salmon Rivers, Idaho.	https://lichenportal.org/portal/collections/individual/index.php?occid=1125076
1444508	SRP	SRP-L-0008336	Roger Rosentreter	ID-52	0.04	183.62	Idaho	Idaho	45.298	-114.593002	outside_boundary_exact	Idaho, Lemhi County	Confluence of the Middle Fork and Main Salmon Rivers, Idaho.	https://lichenportal.org/portal/collections/individual/index.php?occid=1444508
1124970	SRP	SRP-L-0000227	Roger Rosentreter	6692b	0	194.69	Idaho	Lemhi	45.368	-114.685997	outside_boundary_exact	Idaho, Lemhi County	Approx. 40 miles E of Riggins, Id. Below Corn Creek on the Lower Main Salmon River.	https://lichenportal.org/portal/collections/individual/index.php?occid=1124970
1577578	SRP	SRP-L-0011086	Roger Rosentreter	6692	0	194.69	Idaho	Lemhi	45.368	-114.685997	outside_boundary_exact	Idaho, Lemhi County	Approx. 40 miles E of Riggins, Id. Below Corn Creek on the Lower Main Salmon River.	https://lichenportal.org/portal/collections/individual/index.php?occid=1577578
