id	institutionCode	catalogNumber	recordedBy	recordNumber	distance_km	distance_max_km	state	county	decimalLatitude	decimalLongitude	status	implied_location	locality	record_link
231406	MSC	MSC0037997	Harris, R.	3848	9557.91	9611.85	Michigan	Lake	44.146536	44.146536	outside_boundary_exact	not_found_in_US	Bear Track U.S. Forest campground west of Irons	https://lichenportal.org/portal/collections/individual/index.php?occid=231406
234263	MSC	MSC0040573	Imshaug, Henry A	4048	1974.85	2089.61	Michigan	Chippewa	51.67333	-58.11167	outside_boundary_exact	not_found_in_US	Shore of Lake Huron, W of Detour	https://lichenportal.org/portal/collections/individual/index.php?occid=234263
238972	MSC	MSC0044852	Imshaug, Henry A	4048	1974.85	2089.61	Michigan	Chippewa	51.67333	-58.11167	outside_boundary_exact	not_found_in_US	Shore of Lake Huron, west of Detour	https://lichenportal.org/portal/collections/individual/index.php?occid=238972
234262	MSC	MSC0040572	Imshaug, Henry A	3987	1922.52	2036.81	Michigan	Chippewa	51.69237	-58.8681	outside_boundary_exact	not_found_in_US	Shore of Lake Huron W of Detour	https://lichenportal.org/portal/collections/individual/index.php?occid=234262
216035	MSC	MSC0023204	Harris, Richard C	9390	696.63	738.59	Michigan	Dickinson	45.2000008	-78.75	outside_boundary_exact	not_found_in_US	W of Hebron Mail Rd.	https://lichenportal.org/portal/collections/individual/index.php?occid=216035
225849	MSC	MSC0032977	Imshaug, Henry A	29247	652.56	704.15	Michigan	Eaton	48.087737	-88.620168	outside_boundary_exact	Michigan, Keweenaw County	Around Forbes Lake, along edge of swamp at E end of Forbes Lake and along SE shoreline and on ridge just SE of	https://lichenportal.org/portal/collections/individual/index.php?occid=225849
231612	MSC	MSC0038181	Engel, John J	1005	651.86	825.88	Michigan	Keweenaw	42.090598	-83.144091	outside_boundary_exact	Michigan, Wayne County	Sugar Island, in dense shade	https://lichenportal.org/portal/collections/individual/index.php?occid=231612
225854	MSC	MSC0032981	Imshaug, Henry A	20907	603.84	674.4	Michigan	Allegan	48.087737	-88.620168	outside_boundary_exact	Michigan, Keweenaw County	North of Denningville; Around Forbes Lake, along edge of swamp at E end of Forbes Lake and along SE shoreline	https://lichenportal.org/portal/collections/individual/index.php?occid=225854
277321	MSC	MSC0081669	Imshaug, Henry A	19811	583.4	770.57	Michigan	Keweenaw	43.115028	-82.490198	outside_boundary_exact	Michigan, St. Clair County	Near Lakeport.	https://lichenportal.org/portal/collections/individual/index.php?occid=277321
229915	MSC	MSC0036653	Darlington, H. T	NA	560.84	615.51	Michigan	Clinton	46.766614	-89.75016	outside_boundary_exact	Michigan, Ontonagon County	Porcupine Mts.	https://lichenportal.org/portal/collections/individual/index.php?occid=229915
231189	MSC	MSC0037800	Byer, M	NA	495.68	549.71	Michigan	Roscommon	48.137375	-88.608404	outside_boundary_exact	Michigan, Keweenaw County	Back from from shore on main island across from Clay Island in bay south of Robinson Bay, Isle Royale National	https://lichenportal.org/portal/collections/individual/index.php?occid=231189
236578	MSC	MSC0042679	Wang, S. C	651	490.16	544.2	Michigan	Roscommon	48.096266	-88.566461	outside_boundary_exact	Michigan, Keweenaw County	Cement foundation below light on SW point, along southwest shore of West Caribou Island, Isle Royale National	https://lichenportal.org/portal/collections/individual/index.php?occid=236578
245144	MSC	MSC0051034	Wetmore, Clifford M	171	458.49	512.49	Michigan	Crawford	48.078489	-88.585073	outside_boundary_exact	Michigan, Keweenaw County	Isle Royale National Park: on jackpine point, about halfway down bay on N side between Conglomerate Bay and To	https://lichenportal.org/portal/collections/individual/index.php?occid=245144
230003	MSC	MSC0036732	Darlington, H. T	86	454.07	542.43	Michigan	Ottawa	46.742356	-89.756439	outside_boundary_exact	Michigan, Ontonagon County	Porcupine Mts.	https://lichenportal.org/portal/collections/individual/index.php?occid=230003
237915	MSC	MSC0043891	Imshaug, Henry A	25451	443.43	498.02	Michigan	Ogemaw	47.284697	-88.473598	outside_boundary_exact	Michigan, Houghton County	Along Lake Superior near Calumet	https://lichenportal.org/portal/collections/individual/index.php?occid=237915
233451	MSC	MSC0039842	Malachowski, James	NA	438.11	490.8	Michigan	Crawford	46.804978	-89.748125	outside_boundary_exact	Michigan, Ontonagon County	Hemlock, maple, birch & aspen NW shore of Lake of the Clouds, Porcupine Mountains	https://lichenportal.org/portal/collections/individual/index.php?occid=233451
278905	MSC	MSC0083096	Pipoly, J J	213	415.44	507.88	Michigan	Ottawa	46.327985	-89.788442	outside_boundary_exact	Michigan, Gogebic County	West of Henry Lake, Ottawa National Forest.	https://lichenportal.org/portal/collections/individual/index.php?occid=278905
241568	MSC	MSC0047226	Harris, Richard C	3984	413.33	596.58	Michigan	Alger	42.8118	-84.365148	outside_boundary_exact	Michigan, Clinton County	Rose Lake Game Area, southeast of junction of Clark and Peacock Roads	https://lichenportal.org/portal/collections/individual/index.php?occid=241568
227411	MSC	MSC0034395	Ohlsson, Karl E	3	398.82	573.03	Michigan	Keweenaw	44.02639	-84.785	outside_boundary_exact	Michigan, Clare County	Clare County: NW of Long Lake	https://lichenportal.org/portal/collections/individual/index.php?occid=227411
231960	MSC	MSC0038495	Imshaug, Henry A	20814	390.31	523.95	Michigan	Iosco	46.099971	-88.325698	outside_boundary_exact	Michigan, Iron County	Paint River near Crystal Falls	https://lichenportal.org/portal/collections/individual/index.php?occid=231960
238252	MSC	MSC0044198	Bailey, Harold	3995	386.43	461	Michigan	Cheboygan	48.110987	-88.535627	outside_boundary_exact	Michigan, Keweenaw County	Mott Island	https://lichenportal.org/portal/collections/individual/index.php?occid=238252
202096	MSC	MSC0139775	Imshaug, Henry A	22163	383.15	451.61	Michigan	Bay	46.593542	-87.380139	outside_boundary_exact	not_found_in_US	Presque Isle Point between North Bay and Presque Isle Harbor	https://lichenportal.org/portal/collections/individual/index.php?occid=202096
187111	MSC	MSC0114472	Malachowski, James	5180	381.33	577	Michigan	Keweenaw	44.934368	-83.440322	outside_boundary_exact	Michigan, Alpena County	11 km NW of South Point	https://lichenportal.org/portal/collections/individual/index.php?occid=187111
226671	MSC	MSC0033718	Malachowski, James	5202	381.33	577	Michigan	Keweenaw	44.934368	-83.440322	outside_boundary_exact	Michigan, Alpena County	11 km NW of South Point	https://lichenportal.org/portal/collections/individual/index.php?occid=226671
226674	MSC	MSC0033720	Malachowski, James	5199	381.33	577	Michigan	Keweenaw	44.934368	-83.440322	outside_boundary_exact	Michigan, Alpena County	11 km NW of South Point	https://lichenportal.org/portal/collections/individual/index.php?occid=226674
227097	MSC	MSC0034107	Malachowski, James	5135	381.33	577	Michigan	Keweenaw	44.934368	-83.440322	outside_boundary_exact	Michigan, Alpena County	11 km NW of South Point	https://lichenportal.org/portal/collections/individual/index.php?occid=227097
227098	MSC	MSC0034108	Malachowski, James	5135	381.33	577	Michigan	Keweenaw	44.934368	-83.440322	outside_boundary_exact	Michigan, Alpena County	11 km NW of South Point	https://lichenportal.org/portal/collections/individual/index.php?occid=227098
230137	MSC	MSC0036853	Malachowski, James	5098	381.33	577	Michigan	Keweenaw	44.934368	-83.440322	outside_boundary_exact	Michigan, Alpena County	11 km NW of South Point	https://lichenportal.org/portal/collections/individual/index.php?occid=230137
230176	MSC	MSC0036889	Malachowski, James	5114	381.33	577	Michigan	Keweenaw	44.934368	-83.440322	outside_boundary_exact	Michigan, Alpena County	11 km NW of South Point	https://lichenportal.org/portal/collections/individual/index.php?occid=230176
230180	MSC	MSC0036892	Malachowski, James	5122	381.33	577	Michigan	Keweenaw	44.934368	-83.440322	outside_boundary_exact	Michigan, Alpena County	11 km NW of South Point	https://lichenportal.org/portal/collections/individual/index.php?occid=230180
230345	MSC	MSC0037040	Malachowski, James	5158	381.33	577	Michigan	Keweenaw	44.934368	-83.440322	outside_boundary_exact	Michigan, Alpena County	11 km NW of South Point	https://lichenportal.org/portal/collections/individual/index.php?occid=230345
232062	MSC	MSC0038587	Malachowski, James	NA	381.33	577	Michigan	Keweenaw	44.934368	-83.440322	outside_boundary_exact	Michigan, Alpena County	11 km NW of South Point	https://lichenportal.org/portal/collections/individual/index.php?occid=232062
232224	MSC	MSC0038732	Malachowski, James	NA	381.33	577	Michigan	Keweenaw	44.934368	-83.440322	outside_boundary_exact	Michigan, Alpena County	11 km NW of South Point	https://lichenportal.org/portal/collections/individual/index.php?occid=232224
233316	MSC	MSC0039718	Malachowski, James	5097	381.33	577	Michigan	Keweenaw	44.934368	-83.440322	outside_boundary_exact	Michigan, Alpena County	11 km NW of South Point	https://lichenportal.org/portal/collections/individual/index.php?occid=233316
233374	MSC	MSC0039771	Malachowski, James	5109	381.33	577	Michigan	Keweenaw	44.934368	-83.440322	outside_boundary_exact	Michigan, Alpena County	11 km NW of South Point	https://lichenportal.org/portal/collections/individual/index.php?occid=233374
236810	MSC	MSC0042888	Malachowski, James	5171	381.33	577	Michigan	Keweenaw	44.934368	-83.440322	outside_boundary_exact	Michigan, Alpena County	11 km NW of South Point	https://lichenportal.org/portal/collections/individual/index.php?occid=236810
237361	MSC	MSC0043388	Malachowski, James	5165	381.33	577	Michigan	Keweenaw	44.934368	-83.440322	outside_boundary_exact	Michigan, Alpena County	11 km NW of South Point	https://lichenportal.org/portal/collections/individual/index.php?occid=237361
238259	MSC	MSC0044203	Malachowski, James	5195	381.33	577	Michigan	Keweenaw	44.934368	-83.440322	outside_boundary_exact	Michigan, Alpena County	11 km NW of South Point	https://lichenportal.org/portal/collections/individual/index.php?occid=238259
238260	MSC	MSC0044204	Malachowski, James	5189	381.33	577	Michigan	Keweenaw	44.934368	-83.440322	outside_boundary_exact	Michigan, Alpena County	11 km NW of South Point	https://lichenportal.org/portal/collections/individual/index.php?occid=238260
238261	MSC	MSC0044205	Malachowski, James	5176	381.33	577	Michigan	Keweenaw	44.934368	-83.440322	outside_boundary_exact	Michigan, Alpena County	11 km NW of South Point	https://lichenportal.org/portal/collections/individual/index.php?occid=238261
238262	MSC	MSC0044206	Malachowski, James	5163	381.33	577	Michigan	Keweenaw	44.934368	-83.440322	outside_boundary_exact	Michigan, Alpena County	11 km NW of South Point	https://lichenportal.org/portal/collections/individual/index.php?occid=238262
238263	MSC	MSC0044207	Malachowski, James	5161	381.33	577	Michigan	Keweenaw	44.934368	-83.440322	outside_boundary_exact	Michigan, Alpena County	11 km NW of South Point	https://lichenportal.org/portal/collections/individual/index.php?occid=238263
238264	MSC	MSC0044208	Malachowski, James	5142	381.33	577	Michigan	Keweenaw	44.934368	-83.440322	outside_boundary_exact	Michigan, Alpena County	11 km NW of South Point	https://lichenportal.org/portal/collections/individual/index.php?occid=238264
238265	MSC	MSC0044209	Malachowski, James	5145	381.33	577	Michigan	Keweenaw	44.934368	-83.440322	outside_boundary_exact	Michigan, Alpena County	11 km NW of South Point	https://lichenportal.org/portal/collections/individual/index.php?occid=238265
238463	MSC	MSC0044388	Malachowski, James	5162	381.33	577	Michigan	Keweenaw	44.934368	-83.440322	outside_boundary_exact	Michigan, Alpena County	11 km NW of South Point	https://lichenportal.org/portal/collections/individual/index.php?occid=238463
238464	MSC	MSC0044389	Malachowski, James	5193	381.33	577	Michigan	Keweenaw	44.934368	-83.440322	outside_boundary_exact	Michigan, Alpena County	11 km NW of South Point	https://lichenportal.org/portal/collections/individual/index.php?occid=238464
238483	MSC	MSC0044405	Malachowski, James	5144	381.33	577	Michigan	Keweenaw	44.934368	-83.440322	outside_boundary_exact	Michigan, Alpena County	11 km NW of South Point	https://lichenportal.org/portal/collections/individual/index.php?occid=238483
238558	MSC	MSC0044473	Malachowski, James	5156	381.33	577	Michigan	Keweenaw	44.934368	-83.440322	outside_boundary_exact	Michigan, Alpena County	11 km NW of South Point	https://lichenportal.org/portal/collections/individual/index.php?occid=238558
238559	MSC	MSC0044474	Malachowski, James	5121	381.33	577	Michigan	Keweenaw	44.934368	-83.440322	outside_boundary_exact	Michigan, Alpena County	11 km NW of South Point	https://lichenportal.org/portal/collections/individual/index.php?occid=238559
239319	MSC	MSC0045165	Malachowski, James	5187	381.33	577	Michigan	Keweenaw	44.934368	-83.440322	outside_boundary_exact	Michigan, Alpena County	11 km NW of South Point	https://lichenportal.org/portal/collections/individual/index.php?occid=239319
239320	MSC	MSC0045166	Malachowski, James	5180	381.33	577	Michigan	Keweenaw	44.934368	-83.440322	outside_boundary_exact	Michigan, Alpena County	11 km NW of South Point	https://lichenportal.org/portal/collections/individual/index.php?occid=239320
239386	MSC	MSC0045226	Malachowski, James	5170	381.33	577	Michigan	Keweenaw	44.934368	-83.440322	outside_boundary_exact	Michigan, Alpena County	11 km NW of South Point	https://lichenportal.org/portal/collections/individual/index.php?occid=239386
239387	MSC	MSC0045227	Malachowski, James	5168	381.33	577	Michigan	Keweenaw	44.934368	-83.440322	outside_boundary_exact	Michigan, Alpena County	11 km NW of South Point	https://lichenportal.org/portal/collections/individual/index.php?occid=239387
239388	MSC	MSC0045228	Malachowski, James	5143	381.33	577	Michigan	Keweenaw	44.934368	-83.440322	outside_boundary_exact	Michigan, Alpena County	11 km NW of South Point	https://lichenportal.org/portal/collections/individual/index.php?occid=239388
239389	MSC	MSC0045229	Malachowski, James	5140	381.33	577	Michigan	Keweenaw	44.934368	-83.440322	outside_boundary_exact	Michigan, Alpena County	11 km NW of South Point	https://lichenportal.org/portal/collections/individual/index.php?occid=239389
239412	MSC	MSC0045250	Malachowski, James	5183	381.33	577	Michigan	Keweenaw	44.934368	-83.440322	outside_boundary_exact	Michigan, Alpena County	11 km NW of South Point	https://lichenportal.org/portal/collections/individual/index.php?occid=239412
239413	MSC	MSC0045251	Malachowski, James	5173	381.33	577	Michigan	Keweenaw	44.934368	-83.440322	outside_boundary_exact	Michigan, Alpena County	11 km NW of South Point	https://lichenportal.org/portal/collections/individual/index.php?occid=239413
239414	MSC	MSC0045252	Malachowski, James	5178	381.33	577	Michigan	Keweenaw	44.934368	-83.440322	outside_boundary_exact	Michigan, Alpena County	11 km NW of South Point	https://lichenportal.org/portal/collections/individual/index.php?occid=239414
278548	MSC	MSC0082774	Malachowski, James	5117	381.33	577	Michigan	Keweenaw	44.934368	-83.440322	outside_boundary_exact	Michigan, Alpena County	11 km NW of South Point	https://lichenportal.org/portal/collections/individual/index.php?occid=278548
232623	MSC	MSC0039094	Ohlsson, Karl E	74	380.48	556.27	Michigan	Keweenaw	44.196944	-84.823083	outside_boundary_exact	Michigan, Roscommon County	Roscommon County: In Houghton State Forest W of U.S. 27	https://lichenportal.org/portal/collections/individual/index.php?occid=232623
231460	MSC	MSC0038044	Imshaug, Henry A	21338	364.03	418.76	Michigan	Roscommon	46.9000015	-88.0500031	outside_boundary_exact	Michigan, Baraga County	In southwestern part of Roscommon County	https://lichenportal.org/portal/collections/individual/index.php?occid=231460
228928	MSC	MSC0035764	Imshaug, Henry A	20309	346.78	400.08	Michigan	Barry	45.418545	-87.820572	outside_boundary_exact	Michigan, Menominee County	Menominee County: Near Bass and Resort Lakes	https://lichenportal.org/portal/collections/individual/index.php?occid=228928
233462	MSC	MSC0039852	Imshaug, Henry A	2910	345.67	452.43	Michigan	Ontonagon	45.559462	-84.677537	outside_boundary_exact	Michigan, Cheboygan County	On soil, by springs, The George University Biological Station	https://lichenportal.org/portal/collections/individual/index.php?occid=233462
233013	MSC	MSC0039445	Harris, Richard C	401	341.03	415.17	Michigan	Allegan	45.783472	-84.813965	outside_boundary_exact	not_found_in_US	Michigan	https://lichenportal.org/portal/collections/individual/index.php?occid=233013
233014	MSC	MSC0039446	Harris, Richard C	400	341.03	415.17	Michigan	Allegan	45.783472	-84.813965	outside_boundary_exact	not_found_in_US	Michigan	https://lichenportal.org/portal/collections/individual/index.php?occid=233014
224242	MSC	MSC0031504	Wang, S. C	198	328.93	369.22	Michigan	Eaton	45.72163	-84.681569	outside_boundary_exact	Michigan, Cheboygan County	On N side of Potter Road, N of Dingman Marsh Flooding, 5 miles SE of Mackinac City	https://lichenportal.org/portal/collections/individual/index.php?occid=224242
224243	MSC	MSC0031505	Wang, S. C	180	328.93	369.22	Michigan	Eaton	45.72163	-84.681569	outside_boundary_exact	Michigan, Cheboygan County	On N side of Potter Road, N of Dingman Marsh Flooding, 5 miles SE of Mackinac City	https://lichenportal.org/portal/collections/individual/index.php?occid=224243
224244	MSC	MSC0031506	Wang, S. C	132	328.93	369.22	Michigan	Eaton	45.72163	-84.681569	outside_boundary_exact	Michigan, Cheboygan County	On N side of Potter Road, N of Dingman Marsh Flooding, 5 miles SE of Mackinac City	https://lichenportal.org/portal/collections/individual/index.php?occid=224244
228088	MSC	MSC0035006	Imshaug, Henry A	19414	326.84	412.22	Michigan	Iron	44.591683	-84.40085	outside_boundary_exact	Michigan, Crawford County	Near Eldorado	https://lichenportal.org/portal/collections/individual/index.php?occid=228088
228929	MSC	MSC0035765	Imshaug, Henry A	20258	325.52	377.72	Michigan	Barry	45.376645	-87.377895	outside_boundary_exact	not_found_in_US	Menominee County: Along Green Bay S of Cedar River	https://lichenportal.org/portal/collections/individual/index.php?occid=228929
282108	MSC	MSC0093658	Wetmore, Clifford M	92241	313.88	413.35	Michigan	Ontonagon	46.3966675	-84.805275	outside_boundary_exact	Michigan, Chippewa County	Hiawatha National Forest: Raco Plains along USFS 3366 (8 mi NE of Strongs Corner)	https://lichenportal.org/portal/collections/individual/index.php?occid=282108
275138	MSC	MSC0079674	Wang, S. C	114	310.19	350.22	Michigan	Ingham	45.55862	-84.371015	outside_boundary_exact	Michigan, Cheboygan County	On north side of Orchard Beach Road, 1 mile east of Alverno	https://lichenportal.org/portal/collections/individual/index.php?occid=275138
275139	MSC	MSC0079675	Wang, S. C	116	310.19	350.22	Michigan	Ingham	45.55862	-84.371015	outside_boundary_exact	Michigan, Cheboygan County	On north side of Orchard Beach Road, 1 mile east of Alverno	https://lichenportal.org/portal/collections/individual/index.php?occid=275139
186873	MSC	MSC0114258	Harris, Richard C	1156	302.16	406.44	Michigan	Huron	45.799423	-86.348746	outside_boundary_exact	Michigan, Schoolcraft County	Point Aux Barques	https://lichenportal.org/portal/collections/individual/index.php?occid=186873
271796	MSC	MSC0076655	Harris, Richard C	1155	302.16	406.44	Michigan	Huron	45.799423	-86.348746	outside_boundary_exact	Michigan, Schoolcraft County	Point Aux Barques	https://lichenportal.org/portal/collections/individual/index.php?occid=271796
232671	MSC	MSC0039137	Common, Ralph S	NA	299.78	457.16	Michigan	Chippewa	43.0833320618	-83.6999969482	outside_boundary_exact	Michigan, Genesee County	Drummond Island: East of Bruce Point	https://lichenportal.org/portal/collections/individual/index.php?occid=232671
232672	MSC	MSC0039138	Common, Ralph S	NA	299.78	457.16	Michigan	Chippewa	43.0833320618	-83.6999969482	outside_boundary_exact	Michigan, Genesee County	Drummond Island: East of Bruce Point	https://lichenportal.org/portal/collections/individual/index.php?occid=232672
228140	MSC	MSC0035053	Imshaug, Henry A	2902	292.69	488.34	Michigan	Keweenaw	45.4482715	-84.3048751	outside_boundary_exact	Michigan, Cheboygan County	Cheboygan County: Mud Lake Bog	https://lichenportal.org/portal/collections/individual/index.php?occid=228140
224143	MSC	MSC0031415	Imshaug, Henry A	5100	282.2	346.62	Michigan	Emmet	46.813266	-88.636521	outside_boundary_exact	Michigan, Baraga County	Limestone Mt., west of Pelkie	https://lichenportal.org/portal/collections/individual/index.php?occid=224143
228141	MSC	MSC0035054	Imshaug, Henry A	2702	280.24	475.05	Michigan	Keweenaw	45.472944	-84.492063	outside_boundary_exact	Michigan, Cheboygan County	Cheboygan County: Livingston Bog	https://lichenportal.org/portal/collections/individual/index.php?occid=228141
220361	MSC	MSC0027655	Malachowski, James	4391	279.06	375.87	Michigan	Marquette	45.9166679	-83.5333328	outside_boundary_exact	not_found_in_US	Middle Falls, Salmon-Trout River, Huron Mountains	https://lichenportal.org/portal/collections/individual/index.php?occid=220361
219301	MSC	MSC0026581	Imshaug, Henry A	20329	278.91	319.61	Michigan	Lake	46.674445	-85.616255	outside_boundary_exact	Michigan, Luce County	Off Lake Superior, near Deer Park	https://lichenportal.org/portal/collections/individual/index.php?occid=219301
277658	MSC	MSC0081972	Imshaug, Henry A	19760	272.07	313.13	Michigan	Barry	45.208333	-85.541752	outside_boundary_exact	Michigan, Leelanau County	Along shore of Lake Michigan at Lighthouse Point, northern tip of Leelanau Peninsula	https://lichenportal.org/portal/collections/individual/index.php?occid=277658
277370	MSC	MSC0081712	Smith, Edward M	NA	266.89	343.52	Michigan	Muskegon	45.641483	-84.623345	outside_boundary_exact	Michigan, Cheboygan County	Cross Village Twp.; Ca. 20.0 mi E of Cross Village, Michigan	https://lichenportal.org/portal/collections/individual/index.php?occid=277370
226248	MSC	MSC0033337	Imshaug, Henry A	3317	261.74	459.36	Michigan	Keweenaw	45.76668	-84.436145	outside_boundary_exact	Michigan, Mackinac County	Bois Blanc Island	https://lichenportal.org/portal/collections/individual/index.php?occid=226248
220365	MSC	MSC0027659	Imshaug, Henry A	20926	261.44	347.6	Michigan	Allegan	45.027513	-84.674752	outside_boundary_exact	Michigan, Otsego County	Near Gaylord	https://lichenportal.org/portal/collections/individual/index.php?occid=220365
237936	MSC	MSC0043910	Imshaug, Henry A	19460	258.45	301.2	Michigan	Kalamazoo	44.734173	-85.175887	outside_boundary_exact	Michigan, Kalkaska County	Near Kalkaska	https://lichenportal.org/portal/collections/individual/index.php?occid=237936
202065	MSC	MSC0139747	Wang, S. C	1049	257.67	303.54	Michigan	Antrim	42.555187	-84.602957	outside_boundary_exact	Michigan, Eaton County	12 miles east of Charlotte, off Bunker Hwy.	https://lichenportal.org/portal/collections/individual/index.php?occid=202065
232889	MSC	MSC0039333	Wang, S. C	286	256.15	451.99	Michigan	Keweenaw	45.671474	-84.648585	outside_boundary_exact	Michigan, Cheboygan County	Isle Royale National Park: S of Hebron Mail Road, 2 miles N of Levering Road	https://lichenportal.org/portal/collections/individual/index.php?occid=232889
223936	MSC	MSC0031228	Harris, Richard C	NA	251.56	303.45	Michigan	Lake	46.200018	-84.166693	outside_boundary_exact	not_found_in_US	Munuscong Lake NE of Stirlingville	https://lichenportal.org/portal/collections/individual/index.php?occid=223936
236074	MSC	MSC0042221	Imshaug, Henry A	3425	248.73	447.8	Michigan	Keweenaw	46.004274	-84.394329	outside_boundary_exact	Michigan, Mackinac County	Isle Royale National Park: On soil, over rock, between Cedarville and Hessel	https://lichenportal.org/portal/collections/individual/index.php?occid=236074
229013	MSC	MSC0035840	Wang, S. C	NA	242.73	388.64	Michigan	Marquette	44.325296	-85.236923	outside_boundary_exact	Michigan, Missaukee County	Lake Missaukee	https://lichenportal.org/portal/collections/individual/index.php?occid=229013
236706	MSC	MSC0042794	Harris, Richard C	NA	240.56	339.35	Michigan	Leelanau	42.620334	-85.492045	outside_boundary_exact	Michigan, Barry County	Old fish hatchery, Yankee Springs State Recreation Area	https://lichenportal.org/portal/collections/individual/index.php?occid=236706
188012	MSC	MSC0116737	Smith, Edward M	135	236.22	299.32	Michigan	Emmet	43.2070007	-85.6679993	outside_boundary_exact	Michigan, Kent County	Michigan ;  Emmet Co.; Bliss Twp.: Wilderness State Park, ca. 11.5 mi W of Mackinaw City, Michigan	https://lichenportal.org/portal/collections/individual/index.php?occid=188012
225330	MSC	MSC0032508	Harris, R.	859	224.21	267.19	Michigan	Washtenaw	44.441817	-83.676553	outside_boundary_exact	Michigan, Iosco County	Iargo Springs on Au Sable River northwest of Tawas City	https://lichenportal.org/portal/collections/individual/index.php?occid=225330
240994	MSC	MSC0046688	Malachowski, James	7245	221.57	377.45	Michigan	Chippewa	46.9666672	-88.1333313	outside_boundary_exact	not_found_in_US	In fir, spruce, tamarac, maple, birch, aspen forest 1 km west of the mouth of the Thaquamenon river	https://lichenportal.org/portal/collections/individual/index.php?occid=240994
229760	MSC	MSC0036512	Imshaug, Henry A	NA	220.36	294.05	Michigan	Cheboygan	43.236693	-83.906357	outside_boundary_exact	Michigan, Saginaw County	Burt Township	https://lichenportal.org/portal/collections/individual/index.php?occid=229760
230365	MSC	MSC0037059	Imshaug, Henry A	3074	220.36	294.05	Michigan	Cheboygan	43.236693	-83.906357	outside_boundary_exact	Michigan, Saginaw County	Burt Township	https://lichenportal.org/portal/collections/individual/index.php?occid=230365
230391	MSC	MSC0037082	Imshaug, Henry A	3076	220.36	294.05	Michigan	Cheboygan	43.236693	-83.906357	outside_boundary_exact	Michigan, Saginaw County	Burt Township	https://lichenportal.org/portal/collections/individual/index.php?occid=230391
231870	MSC	MSC0038413	Imshaug, Henry A	3073	220.36	294.05	Michigan	Cheboygan	43.236693	-83.906357	outside_boundary_exact	Michigan, Saginaw County	Burt Township	https://lichenportal.org/portal/collections/individual/index.php?occid=231870
232020	MSC	MSC0038549	Imshaug, Henry A	3072	220.36	294.05	Michigan	Cheboygan	43.236693	-83.906357	outside_boundary_exact	Michigan, Saginaw County	Burt Township	https://lichenportal.org/portal/collections/individual/index.php?occid=232020
234251	MSC	MSC0040562	Imshaug, Henry A	3079	220.36	294.05	Michigan	Cheboygan	43.236693	-83.906357	outside_boundary_exact	Michigan, Saginaw County	Burt Township	https://lichenportal.org/portal/collections/individual/index.php?occid=234251
238965	MSC	MSC0044841	Imshaug, Henry A	NA	220.36	294.05	Michigan	Cheboygan	43.236693	-83.906357	outside_boundary_exact	Michigan, Saginaw County	Burt Township	https://lichenportal.org/portal/collections/individual/index.php?occid=238965
235081	MSC	MSC0041312	Harris, Richard C	4109	218.68	272.26	Michigan	Oscoda	45.934115	-86.707475	outside_boundary_exact	Michigan, Delta County	Along Sturgeon River at Fourteen Mile Bridge NW of Isabella	https://lichenportal.org/portal/collections/individual/index.php?occid=235081
216140	MSC	MSC0023310	Malachowski, James	NA	215.81	385.44	Michigan	Chippewa	47.424909	-88.015662	outside_boundary_exact	Michigan, Keweenaw County	Keweenaw Co.: Wilderness Road (Mandan Road), S of Copper Harbor, T. 58 N., R. 29 W, sec. 14	https://lichenportal.org/portal/collections/individual/index.php?occid=216140
216141	MSC	MSC0023311	Malachowski, James	58842	215.81	385.44	Michigan	Chippewa	47.424909	-88.015662	outside_boundary_exact	Michigan, Keweenaw County	Keweenaw Co.: Wilderness Road (Mandan Road), S of Copper Harbor	https://lichenportal.org/portal/collections/individual/index.php?occid=216141
228388	MSC	MSC0035277	Malachowski, James	NA	215.34	369.41	Michigan	Chippewa	46.9000015	-88.0500031	outside_boundary_exact	Michigan, Baraga County	Of Lake Superior, 500 m west of mouth of Huron River	https://lichenportal.org/portal/collections/individual/index.php?occid=228388
229371	MSC	MSC0036162	Wang, S. C	359	214.83	282.21	Michigan	Newaygo	45.664804	-84.786994	outside_boundary_exact	Michigan, Emmet County	2 miles N of Levering Road	https://lichenportal.org/portal/collections/individual/index.php?occid=229371
233911	MSC	MSC0040256	Wetmore, Clifford M	1293	211.75	269.12	Michigan	Mackinac	43.87015	-85.211878	outside_boundary_exact	Michigan, Osceola County	Near Rice Lake	https://lichenportal.org/portal/collections/individual/index.php?occid=233911
202337	MSC	MSC0140007	Smith, Edward M	161	209.59	339.13	Michigan	Chippewa	44	-85	outside_boundary_exact	Michigan, Clare County	Michigan;Tahquamenon Falls State Park; Whitefish Twp. 5.8 mi S of Paradise. SE side of MI Rte. 123. Details in Comments.	https://lichenportal.org/portal/collections/individual/index.php?occid=202337
237456	MSC	MSC0043474	Malachowski, James	NA	204	375	Michigan	Chippewa	47.4500008	-87.8499985	outside_boundary_exact	Michigan, Keweenaw County	Along shore of Lake Superior, Bayview Campground	https://lichenportal.org/portal/collections/individual/index.php?occid=237456
237350	MSC	MSC0043378	Malachowski, James	2747	203.47	301.71	Michigan	Ontonagon	46.637912	-86.21588	outside_boundary_exact	Michigan, Alger County	500 m S of 12-Mile Beach Campground	https://lichenportal.org/portal/collections/individual/index.php?occid=237350
229327	MSC	MSC0036122	Harris, Richard C	8319	203.45	253.42	Michigan	Oscoda	46.585	-85.23	outside_boundary_exact	Michigan, Chippewa County	Halfway between upper and lower Tahquamenon Falls	https://lichenportal.org/portal/collections/individual/index.php?occid=229327
202194	MSC	MSC0139863	Wang, S. C	995	199.31	303.03	Michigan	Muskegon	44.186377	-83.638823	outside_boundary_exact	Michigan, Iosco County	4 miles west of Alabaster, off Alabaster Road	https://lichenportal.org/portal/collections/individual/index.php?occid=202194
236317	MSC	MSC0042443	Malachowski, James	NA	195.56	396.62	Michigan	Keweenaw	46.4500008	-84.8166656	outside_boundary_exact	not_found_in_US	Along shore of Lake Superior, Bayview Campground	https://lichenportal.org/portal/collections/individual/index.php?occid=236317
235096	MSC	MSC0041327	Malachowski, James	NA	193.57	364.61	Michigan	Chippewa	47.422363	-87.717932	outside_boundary_exact	Michigan, Keweenaw County	High Rock, Lake Superior shore	https://lichenportal.org/portal/collections/individual/index.php?occid=235096
227456	MSC	MSC0034435	Imshaug, Henry A	19807	187.49	239.25	Michigan	Clare	43.115028	-82.490198	outside_boundary_exact	Michigan, St. Clair County	Near Lakeport on Lake Huron	https://lichenportal.org/portal/collections/individual/index.php?occid=227456
225425	MSC	MSC0032594	Ohlsson, Karl E	61	186.79	294.67	Michigan	Delta	44.21724	-84.688356	outside_boundary_exact	Michigan, Roscommon County	In Houghton State Forest W of U.S. 27	https://lichenportal.org/portal/collections/individual/index.php?occid=225425
202069	MSC	MSC0139750	Wang, S. C	1068	184.52	283.21	Michigan	Muskegon	41.83742	-84.484001	outside_boundary_exact	Michigan, Hillsdale County	7 miles southeast of Hillsdale, Pittsford State Game Area	https://lichenportal.org/portal/collections/individual/index.php?occid=202069
226665	MSC	MSC0033712	Malachowski, James	4144	182.58	294.33	Michigan	Leelanau	46.868257	-87.939016	outside_boundary_exact	Michigan, Marquette County	Mt. Ida, west side of Lake Ann, Huron Mountains	https://lichenportal.org/portal/collections/individual/index.php?occid=226665
275016	MSC	MSC0079564	Malachowski, James	3319	172.48	374.75	Michigan	Keweenaw	46.769468	-84.952578	outside_boundary_exact	Michigan, Chippewa County	At Laughing Whitefish Point	https://lichenportal.org/portal/collections/individual/index.php?occid=275016
275017	MSC	MSC0079565	Malachowski, James	3316	172.48	374.75	Michigan	Keweenaw	46.769468	-84.952578	outside_boundary_exact	Michigan, Chippewa County	At Laughing Whitefish Point	https://lichenportal.org/portal/collections/individual/index.php?occid=275017
275018	MSC	MSC0079566	Malachowski, James	3304	172.48	374.75	Michigan	Keweenaw	46.769468	-84.952578	outside_boundary_exact	Michigan, Chippewa County	At Laughing Whitefish Point	https://lichenportal.org/portal/collections/individual/index.php?occid=275018
184176	MSC	MSC0111731	Malachowski, James	2591	171.85	321.79	Michigan	Alger	46.0999985	-83.7166672	outside_boundary_exact	Michigan, Chippewa County	Alger County: 1 km E of Hurricane River campground along shore of Lake Superior	https://lichenportal.org/portal/collections/individual/index.php?occid=184176
184178	MSC	MSC0111733	Malachowski, James	2611	171.85	321.79	Michigan	Alger	46.0999985	-83.7166672	outside_boundary_exact	Michigan, Chippewa County	Alger County: 1 km E of Hurricane River campground along shore of Lake Superior	https://lichenportal.org/portal/collections/individual/index.php?occid=184178
184179	MSC	MSC0111734	Malachowski, James	2613	171.85	321.79	Michigan	Alger	46.0999985	-83.7166672	outside_boundary_exact	Michigan, Chippewa County	Alger County: 1 km E of Hurricane River campground along shore of Lake Superior	https://lichenportal.org/portal/collections/individual/index.php?occid=184179
184180	MSC	MSC0111735	Malachowski, James	2620	171.85	321.79	Michigan	Alger	46.0999985	-83.7166672	outside_boundary_exact	Michigan, Chippewa County	Alger County: 1 km E of Hurricane River campground along shore of Lake Superior	https://lichenportal.org/portal/collections/individual/index.php?occid=184180
184181	MSC	MSC0111736	Malachowski, James	2638	171.85	321.79	Michigan	Alger	46.0999985	-83.7166672	outside_boundary_exact	Michigan, Chippewa County	Alger County: 1 km E of Hurricane River campground along shore of Lake Superior	https://lichenportal.org/portal/collections/individual/index.php?occid=184181
184182	MSC	MSC0111737	Malachowski, James	2654	171.85	321.79	Michigan	Alger	46.0999985	-83.7166672	outside_boundary_exact	Michigan, Chippewa County	Alger County: 1 km E of Hurricane River campground along shore of Lake Superior	https://lichenportal.org/portal/collections/individual/index.php?occid=184182
184183	MSC	MSC0111738	Malachowski, James	2675	171.85	321.79	Michigan	Alger	46.0999985	-83.7166672	outside_boundary_exact	Michigan, Chippewa County	Alger County: 1 km E of Hurricane River campground along shore of Lake Superior	https://lichenportal.org/portal/collections/individual/index.php?occid=184183
184184	MSC	MSC0111739	Malachowski, James	2675	171.85	321.79	Michigan	Alger	46.0999985	-83.7166672	outside_boundary_exact	Michigan, Chippewa County	Alger County: 1 km E of Hurricane River campground along shore of Lake Superior	https://lichenportal.org/portal/collections/individual/index.php?occid=184184
184186	MSC	MSC0111740	Malachowski, James	2675	171.85	321.79	Michigan	Alger	46.0999985	-83.7166672	outside_boundary_exact	Michigan, Chippewa County	Alger County: 1 km E of Hurricane River campground along shore of Lake Superior	https://lichenportal.org/portal/collections/individual/index.php?occid=184186
184187	MSC	MSC0111741	Malachowski, James	2676	171.85	321.79	Michigan	Alger	46.0999985	-83.7166672	outside_boundary_exact	Michigan, Chippewa County	Alger County: 1 km E of Hurricane River campground along shore of Lake Superior	https://lichenportal.org/portal/collections/individual/index.php?occid=184187
184188	MSC	MSC0111742	Malachowski, James	2677	171.85	321.79	Michigan	Alger	46.0999985	-83.7166672	outside_boundary_exact	Michigan, Chippewa County	Alger County: 1 km E of Hurricane River campground along shore of Lake Superior	https://lichenportal.org/portal/collections/individual/index.php?occid=184188
184189	MSC	MSC0111743	Malachowski, James	2685	171.85	321.79	Michigan	Alger	46.0999985	-83.7166672	outside_boundary_exact	Michigan, Chippewa County	Alger County: 1 km E of Hurricane River campground along shore of Lake Superior	https://lichenportal.org/portal/collections/individual/index.php?occid=184189
185448	MSC	MSC0112933	Malachowski, James	2651	171.85	321.79	Michigan	Alger	46.0999985	-83.7166672	outside_boundary_exact	Michigan, Chippewa County	1 km E of Hurricane River campground along shore of Lake Superior	https://lichenportal.org/portal/collections/individual/index.php?occid=185448
185797	MSC	MSC0113252	Malachowski, James	NA	171.85	321.79	Michigan	Alger	46.0999985	-83.7166672	outside_boundary_exact	Michigan, Chippewa County	1 km. east of Hurricane River campground along shore of Lake Superior	https://lichenportal.org/portal/collections/individual/index.php?occid=185797
202765	MSC	MSC0140401	Malachowski, James	2625	171.85	321.79	Michigan	Alger	46.0999985	-83.7166672	outside_boundary_exact	Michigan, Chippewa County	1 km east of Hurricane River campground along shore of Lake Superior.	https://lichenportal.org/portal/collections/individual/index.php?occid=202765
207317	MSC	NA	Malachowski, James	3300	171.85	321.79	Michigan	Alger	46.0999985	-83.7166672	outside_boundary_exact	Michigan, Chippewa County	1 km east of Hurricane River campground along shore of Lake Superior, fir, yellow and white birch, maple, & Th	https://lichenportal.org/portal/collections/individual/index.php?occid=207317
207318	MSC	MSC0111734	Malachowski, James	2613	171.85	321.79	Michigan	Alger	46.0999985	-83.7166672	outside_boundary_exact	Michigan, Chippewa County	Alger County: 1 km E of Hurricane River campground along shore of Lake Superior	https://lichenportal.org/portal/collections/individual/index.php?occid=207318
219291	MSC	MSC0026570	Malachowski, James	2653	171.85	321.79	Michigan	Alger	46.0999985	-83.7166672	outside_boundary_exact	Michigan, Chippewa County	Alger County: 1 km. E of Hurricane River campground along shore of Lake Superior	https://lichenportal.org/portal/collections/individual/index.php?occid=219291
219292	MSC	MSC0026571	Malachowski, James	2672	171.85	321.79	Michigan	Alger	46.0999985	-83.7166672	outside_boundary_exact	Michigan, Chippewa County	Alger County: 1 km. E of Hurricane River campground along shore of Lake Superior	https://lichenportal.org/portal/collections/individual/index.php?occid=219292
219293	MSC	MSC0026572	Malachowski, James	2668	171.85	321.79	Michigan	Alger	46.0999985	-83.7166672	outside_boundary_exact	Michigan, Chippewa County	Alger County: 1 km. E of Hurricane River campground along shore of Lake Superior	https://lichenportal.org/portal/collections/individual/index.php?occid=219293
219294	MSC	MSC0026573	Malachowski, James	NA	171.85	321.79	Michigan	Alger	46.0999985	-83.7166672	outside_boundary_exact	Michigan, Chippewa County	Alger County: 1 km. E of Hurricane River campground along shore of Lake Superior	https://lichenportal.org/portal/collections/individual/index.php?occid=219294
224030	MSC	MSC0031312	Malachowski, James	2678	171.85	321.79	Michigan	Alger	46.0999985	-83.7166672	outside_boundary_exact	Michigan, Chippewa County	1 km. E of Hurricane River Campground along shore of Lake Superior	https://lichenportal.org/portal/collections/individual/index.php?occid=224030
224182	MSC	MSC0031450	Malachowski, James	2674	171.85	321.79	Michigan	Alger	46.0999985	-83.7166672	outside_boundary_exact	Michigan, Chippewa County	1 km. E of Hurricane River campground along shroe of Lake Superior	https://lichenportal.org/portal/collections/individual/index.php?occid=224182
224183	MSC	MSC0031451	Malachowski, James	2656	171.85	321.79	Michigan	Alger	46.0999985	-83.7166672	outside_boundary_exact	Michigan, Chippewa County	1 km. E of Hurricane River campground along shroe of Lake Superior	https://lichenportal.org/portal/collections/individual/index.php?occid=224183
224184	MSC	MSC0031452	Malachowski, James	NA	171.85	321.79	Michigan	Alger	46.0999985	-83.7166672	outside_boundary_exact	Michigan, Chippewa County	1 km. E of Hurricane River campground along shroe of Lake Superior	https://lichenportal.org/portal/collections/individual/index.php?occid=224184
224231	MSC	MSC0031495	Malachowski, James	2630	171.85	321.79	Michigan	Alger	46.0999985	-83.7166672	outside_boundary_exact	Michigan, Chippewa County	1 km. E of Hurricane River campground along shore of Lake Superior	https://lichenportal.org/portal/collections/individual/index.php?occid=224231
225178	MSC	MSC0032349	Malachowski, James	NA	171.85	321.79	Michigan	Alger	46.0999985	-83.7166672	outside_boundary_exact	Michigan, Chippewa County	1 km. east of Hurricane River campground along shore of Lake Superior. Fir, yellow and white birch, maple, &Thuja	https://lichenportal.org/portal/collections/individual/index.php?occid=225178
225202	MSC	MSC0032376	Malachowski, James	2604	171.85	321.79	Michigan	Alger	46.0999985	-83.7166672	outside_boundary_exact	Michigan, Chippewa County	1 km. east of Hurricane River campground along shore of Lake Superior. Fir, yellow and white birch, maple, & Thuja	https://lichenportal.org/portal/collections/individual/index.php?occid=225202
226345	MSC	MSC0033424	Malachowski, James	NA	171.85	321.79	Michigan	Alger	46.0999985	-83.7166672	outside_boundary_exact	Michigan, Chippewa County	Alger County: 1 km. E of Hurricane River campground along shore of Lake Superior	https://lichenportal.org/portal/collections/individual/index.php?occid=226345
226502	MSC	MSC0033566	Malachowski, James	2641	171.85	321.79	Michigan	Alger	46.0999985	-83.7166672	outside_boundary_exact	Michigan, Chippewa County	1 km. E of Hurricane River campground along shore of Lake Superior	https://lichenportal.org/portal/collections/individual/index.php?occid=226502
226797	MSC	MSC0033832	Malachowski, James	2649	171.85	321.79	Michigan	Alger	46.0999985	-83.7166672	outside_boundary_exact	Michigan, Chippewa County	1 km. E of Hurricane River campground along shore of Lake Superior	https://lichenportal.org/portal/collections/individual/index.php?occid=226797
226798	MSC	MSC0033833	Malachowski, James	2622	171.85	321.79	Michigan	Alger	46.0999985	-83.7166672	outside_boundary_exact	Michigan, Chippewa County	1 km. E of Hurricane River campground along shore of Lake Superior	https://lichenportal.org/portal/collections/individual/index.php?occid=226798
226799	MSC	MSC0033834	Malachowski, James	2626	171.85	321.79	Michigan	Alger	46.0999985	-83.7166672	outside_boundary_exact	Michigan, Chippewa County	1 km. E of Hurricane River campground along shore of Lake Superior	https://lichenportal.org/portal/collections/individual/index.php?occid=226799
227848	MSC	MSC0034791	Malachowski, James	NA	171.85	321.79	Michigan	Alger	46.0999985	-83.7166672	outside_boundary_exact	Michigan, Chippewa County	1 km. east of Hurricane River campground along shore of Lake Superior	https://lichenportal.org/portal/collections/individual/index.php?occid=227848
227849	MSC	MSC0034792	Malachowski, James	NA	171.85	321.79	Michigan	Alger	46.0999985	-83.7166672	outside_boundary_exact	Michigan, Chippewa County	1 km. east of Hurricane River campground along shore of Lake Superior	https://lichenportal.org/portal/collections/individual/index.php?occid=227849
228373	MSC	MSC0035263	Malachowski, James	NA	171.85	321.79	Michigan	Alger	46.0999985	-83.7166672	outside_boundary_exact	Michigan, Chippewa County	Alger County: 1 km. E of Hurricane River campground along shore of Lake Superior	https://lichenportal.org/portal/collections/individual/index.php?occid=228373
228374	MSC	MSC0035264	Malachowski, James	NA	171.85	321.79	Michigan	Alger	46.0999985	-83.7166672	outside_boundary_exact	Michigan, Chippewa County	Alger County: 1 km. E of Hurricane River campground along shore of Lake Superior	https://lichenportal.org/portal/collections/individual/index.php?occid=228374
228375	MSC	MSC0035265	Malachowski, James	2644	171.85	321.79	Michigan	Alger	46.0999985	-83.7166672	outside_boundary_exact	Michigan, Chippewa County	Alger County: 1 km. E of Hurricane River campground along shore of Lake Superior	https://lichenportal.org/portal/collections/individual/index.php?occid=228375
228680	MSC	MSC0035540	Malachowski, James	NA	171.85	321.79	Michigan	Alger	46.0999985	-83.7166672	outside_boundary_exact	Michigan, Chippewa County	1 km. E of Hurricane River campground along shore of Lake Superior	https://lichenportal.org/portal/collections/individual/index.php?occid=228680
229141	MSC	MSC0035956	Malachowski, James	NA	171.85	321.79	Michigan	Alger	46.0999985	-83.7166672	outside_boundary_exact	Michigan, Chippewa County	1 km. E of Hurricane River campground along shore of Lake Superior	https://lichenportal.org/portal/collections/individual/index.php?occid=229141
229142	MSC	MSC0035957	Malachowski, James	NA	171.85	321.79	Michigan	Alger	46.0999985	-83.7166672	outside_boundary_exact	Michigan, Chippewa County	1 km. E of Hurricane River campground along shore of Lake Superior	https://lichenportal.org/portal/collections/individual/index.php?occid=229142
229143	MSC	MSC0035958	Malachowski, James	2663	171.85	321.79	Michigan	Alger	46.0999985	-83.7166672	outside_boundary_exact	Michigan, Chippewa County	1 km. E of Hurricane River campground along shore of Lake Superior	https://lichenportal.org/portal/collections/individual/index.php?occid=229143
229573	MSC	MSC0036344	Malachowski, James	NA	171.85	321.79	Michigan	Alger	46.0999985	-83.7166672	outside_boundary_exact	Michigan, Chippewa County	1 km. E of Hurricane River campground along shore of Lake Superior	https://lichenportal.org/portal/collections/individual/index.php?occid=229573
229574	MSC	MSC0036345	Malachowski, James	2600	171.85	321.79	Michigan	Alger	46.0999985	-83.7166672	outside_boundary_exact	Michigan, Chippewa County	1 km. E of Hurricane River campground along shore of Lake Superior	https://lichenportal.org/portal/collections/individual/index.php?occid=229574
229645	MSC	MSC0036409	Malachowski, James	2643	171.85	321.79	Michigan	Alger	46.0999985	-83.7166672	outside_boundary_exact	Michigan, Chippewa County	1 km. E of Hurricane River campground along shore of Lake Superior	https://lichenportal.org/portal/collections/individual/index.php?occid=229645
229877	MSC	MSC0036618	Malachowski, James	2619	171.85	321.79	Michigan	Alger	46.0999985	-83.7166672	outside_boundary_exact	Michigan, Chippewa County	1 km. E of Hurricane River campground along shore of Lake Superior	https://lichenportal.org/portal/collections/individual/index.php?occid=229877
230012	MSC	MSC0036740	Malachowski, James	2592	171.85	321.79	Michigan	Alger	46.0999985	-83.7166672	outside_boundary_exact	Michigan, Chippewa County	1 km. E of Hurricane River Campground along shore of Lake Superior	https://lichenportal.org/portal/collections/individual/index.php?occid=230012
230013	MSC	MSC0036741	Malachowski, James	NA	171.85	321.79	Michigan	Alger	46.0999985	-83.7166672	outside_boundary_exact	Michigan, Chippewa County	1 km. E of Hurricane River Campground along shore of Lake Superior	https://lichenportal.org/portal/collections/individual/index.php?occid=230013
230014	MSC	MSC0036742	Malachowski, James	2661	171.85	321.79	Michigan	Alger	46.0999985	-83.7166672	outside_boundary_exact	Michigan, Chippewa County	1 km. E of Hurricane River Campground along shore of Lake Superior	https://lichenportal.org/portal/collections/individual/index.php?occid=230014
230015	MSC	MSC0036743	Malachowski, James	2602	171.85	321.79	Michigan	Alger	46.0999985	-83.7166672	outside_boundary_exact	Michigan, Chippewa County	1 km. E of Hurricane River Campground along shore of Lake Superior	https://lichenportal.org/portal/collections/individual/index.php?occid=230015
230270	MSC	MSC0036973	Malachowski, James	NA	171.85	321.79	Michigan	Alger	46.0999985	-83.7166672	outside_boundary_exact	Michigan, Chippewa County	1 km. E of Hurricane River campground along shore of Lake Superior	https://lichenportal.org/portal/collections/individual/index.php?occid=230270
230346	MSC	MSC0037041	Malachowski, James	NA	171.85	321.79	Michigan	Alger	46.0999985	-83.7166672	outside_boundary_exact	Michigan, Chippewa County	1 km. east of Hurricane River campground along shore of Lake Superior	https://lichenportal.org/portal/collections/individual/index.php?occid=230346
230347	MSC	MSC0037042	Malachowski, James	NA	171.85	321.79	Michigan	Alger	46.0999985	-83.7166672	outside_boundary_exact	Michigan, Chippewa County	1 km. east of Hurricane River campground along shore of Lake Superior	https://lichenportal.org/portal/collections/individual/index.php?occid=230347
230348	MSC	MSC0037043	Malachowski, James	2667	171.85	321.79	Michigan	Alger	46.0999985	-83.7166672	outside_boundary_exact	Michigan, Chippewa County	1 km. east of Hurricane River campground along shore of Lake Superior	https://lichenportal.org/portal/collections/individual/index.php?occid=230348
230434	MSC	MSC0037121	Malachowski, James	NA	171.85	321.79	Michigan	Alger	46.0999985	-83.7166672	outside_boundary_exact	Michigan, Chippewa County	1 km. east of Hurricane River campground along shore of Lake Superior	https://lichenportal.org/portal/collections/individual/index.php?occid=230434
230451	MSC	MSC0037137	Malachowski, James	NA	171.85	321.79	Michigan	Alger	46.0999985	-83.7166672	outside_boundary_exact	Michigan, Chippewa County	1 km. east of Hurricane River Campground along shore of Lake Superior	https://lichenportal.org/portal/collections/individual/index.php?occid=230451
230455	MSC	MSC0037140	Malachowski, James	NA	171.85	321.79	Michigan	Alger	46.0999985	-83.7166672	outside_boundary_exact	Michigan, Chippewa County	1 km. east of Hurricane River campground along shore of Lake Superior	https://lichenportal.org/portal/collections/individual/index.php?occid=230455
230460	MSC	MSC0037145	Malachowski, James	NA	171.85	321.79	Michigan	Alger	46.0999985	-83.7166672	outside_boundary_exact	Michigan, Chippewa County	1 km. east of Hurricane River campground along shore of Lake Superior	https://lichenportal.org/portal/collections/individual/index.php?occid=230460
230466	MSC	MSC0037150	Malachowski, James	NA	171.85	321.79	Michigan	Alger	46.0999985	-83.7166672	outside_boundary_exact	Michigan, Chippewa County	1 km. east of Hurricane River campground along shore of Lake Superior	https://lichenportal.org/portal/collections/individual/index.php?occid=230466
232248	MSC	MSC0038754	Malachowski, James	NA	171.85	321.79	Michigan	Alger	46.0999985	-83.7166672	outside_boundary_exact	Michigan, Chippewa County	1 km. east of Hurricane River campground along shore of Lake Superior	https://lichenportal.org/portal/collections/individual/index.php?occid=232248
232290	MSC	MSC0038792	Malachowski, James	2618	171.85	321.79	Michigan	Alger	46.0999985	-83.7166672	outside_boundary_exact	Michigan, Chippewa County	1 km. east of Hurricane River campground along shore of Lake Superior	https://lichenportal.org/portal/collections/individual/index.php?occid=232290
232562	MSC	MSC0039039	Malachowski, James	NA	171.85	321.79	Michigan	Alger	46.0999985	-83.7166672	outside_boundary_exact	Michigan, Chippewa County	1 km. E of Hurricane River campground along shore of Lake Superior	https://lichenportal.org/portal/collections/individual/index.php?occid=232562
232565	MSC	MSC0039041	Malachowski, James	NA	171.85	321.79	Michigan	Alger	46.0999985	-83.7166672	outside_boundary_exact	Michigan, Chippewa County	1 km. E of Hurricane River campground along shore of Lake Superior	https://lichenportal.org/portal/collections/individual/index.php?occid=232565
233289	MSC	MSC0039694	Malachowski, James	NA	171.85	321.79	Michigan	Alger	46.0999985	-83.7166672	outside_boundary_exact	Michigan, Chippewa County	1 km. E of Hurricane River campground along shore of Laek Superior	https://lichenportal.org/portal/collections/individual/index.php?occid=233289
233321	MSC	MSC0039722	Malachowski, James	NA	171.85	321.79	Michigan	Alger	46.0999985	-83.7166672	outside_boundary_exact	Michigan, Chippewa County	1 km. E of Hurricane River campground along shore of Lake Superior	https://lichenportal.org/portal/collections/individual/index.php?occid=233321
233364	MSC	MSC0039762	Malachowski, James	NA	171.85	321.79	Michigan	Alger	46.0999985	-83.7166672	outside_boundary_exact	Michigan, Chippewa County	1 km. E of Hurricane River campground along shore of Lake Superior	https://lichenportal.org/portal/collections/individual/index.php?occid=233364
233817	MSC	MSC0040171	Malachowski, James	2660	171.85	321.79	Michigan	Alger	46.0999985	-83.7166672	outside_boundary_exact	Michigan, Chippewa County	1 km east of Hurricane River Campground along shore of Lake Superior	https://lichenportal.org/portal/collections/individual/index.php?occid=233817
234153	MSC	MSC0040474	Malachowski, James	NA	171.85	321.79	Michigan	Alger	46.0999985	-83.7166672	outside_boundary_exact	Michigan, Chippewa County	1 km. east of Hurricane River campground along shore of Lake Superior	https://lichenportal.org/portal/collections/individual/index.php?occid=234153
234859	MSC	MSC0041111	Malachowski, James	NA	171.85	321.79	Michigan	Alger	46.0999985	-83.7166672	outside_boundary_exact	Michigan, Chippewa County	1 km. E of Hurricane River Campground along shore of Lake Superior	https://lichenportal.org/portal/collections/individual/index.php?occid=234859
234862	MSC	MSC0041114	Malachowski, James	NA	171.85	321.79	Michigan	Alger	46.0999985	-83.7166672	outside_boundary_exact	Michigan, Chippewa County	1 km E of Hurricane River campground along shore of Lake Superior	https://lichenportal.org/portal/collections/individual/index.php?occid=234862
236281	MSC	MSC0042410	Malachowski, James	NA	171.85	321.79	Michigan	Alger	46.0999985	-83.7166672	outside_boundary_exact	Michigan, Chippewa County	1 km. E of Hurricane River Campground along shore of Lake Superior	https://lichenportal.org/portal/collections/individual/index.php?occid=236281
236282	MSC	MSC0042411	Malachowski, James	NA	171.85	321.79	Michigan	Alger	46.0999985	-83.7166672	outside_boundary_exact	Michigan, Chippewa County	1 km. E of Hurricane River Campground along shore of Lake Superior	https://lichenportal.org/portal/collections/individual/index.php?occid=236282
236818	MSC	MSC0042895	Malachowski, James	2627	171.85	321.79	Michigan	Alger	46.0999985	-83.7166672	outside_boundary_exact	Michigan, Chippewa County	1 km east of Hurricane River Campground along shore of Lake Superior	https://lichenportal.org/portal/collections/individual/index.php?occid=236818
236819	MSC	MSC0042896	Malachowski, James	2603	171.85	321.79	Michigan	Alger	46.0999985	-83.7166672	outside_boundary_exact	Michigan, Chippewa County	1 km east of Hurricane River Campground along shore of Lake Superior	https://lichenportal.org/portal/collections/individual/index.php?occid=236819
236820	MSC	MSC0042897	Malachowski, James	2596	171.85	321.79	Michigan	Alger	46.0999985	-83.7166672	outside_boundary_exact	Michigan, Chippewa County	1 km east of Hurricane River Campground along shore of Lake Superior	https://lichenportal.org/portal/collections/individual/index.php?occid=236820
236821	MSC	MSC0042898	Malachowski, James	2593	171.85	321.79	Michigan	Alger	46.0999985	-83.7166672	outside_boundary_exact	Michigan, Chippewa County	1 km east of Hurricane River Campground along shore of Lake Superior	https://lichenportal.org/portal/collections/individual/index.php?occid=236821
237469	MSC	MSC0043486	Malachowski, James	NA	171.85	321.79	Michigan	Alger	46.0999985	-83.7166672	outside_boundary_exact	Michigan, Chippewa County	1 km E of Hurricane River campground along shore of Lake Superior	https://lichenportal.org/portal/collections/individual/index.php?occid=237469
237978	MSC	MSC0043950	Malachowski, James	2601	171.85	321.79	Michigan	Alger	46.0999985	-83.7166672	outside_boundary_exact	Michigan, Chippewa County	1 km east of Hurricane River Campground along shore of Lake Superior, Fir, yellow and white birch, maple, & Thuja	https://lichenportal.org/portal/collections/individual/index.php?occid=237978
237979	MSC	MSC0043951	Malachowski, James	2666	171.85	321.79	Michigan	Alger	46.0999985	-83.7166672	outside_boundary_exact	Michigan, Chippewa County	1 km east of Hurricane River Campground along shore of Lake Superior, Fir, yellow and white birch, maple, & Thuja	https://lichenportal.org/portal/collections/individual/index.php?occid=237979
238202	MSC	MSC0044152	Malachowski, James	2599	171.85	321.79	Michigan	Alger	46.0999985	-83.7166672	outside_boundary_exact	Michigan, Chippewa County	1 km E of Hurricane River campground along shore of Lake Superior	https://lichenportal.org/portal/collections/individual/index.php?occid=238202
238203	MSC	MSC0044153	Malachowski, James	2606	171.85	321.79	Michigan	Alger	46.0999985	-83.7166672	outside_boundary_exact	Michigan, Chippewa County	1 km E of Hurricane River campground along shore of Lake Superior	https://lichenportal.org/portal/collections/individual/index.php?occid=238203
238204	MSC	MSC0044154	Malachowski, James	2607	171.85	321.79	Michigan	Alger	46.0999985	-83.7166672	outside_boundary_exact	Michigan, Chippewa County	1 km E of Hurricane River campground along shore of Lake Superior	https://lichenportal.org/portal/collections/individual/index.php?occid=238204
238205	MSC	MSC0044155	Malachowski, James	2609	171.85	321.79	Michigan	Alger	46.0999985	-83.7166672	outside_boundary_exact	Michigan, Chippewa County	1 km E of Hurricane River campground along shore of Lake Superior	https://lichenportal.org/portal/collections/individual/index.php?occid=238205
238206	MSC	MSC0044156	Malachowski, James	2616	171.85	321.79	Michigan	Alger	46.0999985	-83.7166672	outside_boundary_exact	Michigan, Chippewa County	1 km E of Hurricane River campground along shore of Lake Superior	https://lichenportal.org/portal/collections/individual/index.php?occid=238206
238207	MSC	MSC0044157	Malachowski, James	2610	171.85	321.79	Michigan	Alger	46.0999985	-83.7166672	outside_boundary_exact	Michigan, Chippewa County	1 km E of Hurricane River campground along shore of Lake Superior	https://lichenportal.org/portal/collections/individual/index.php?occid=238207
238208	MSC	MSC0044158	Malachowski, James	2613	171.85	321.79	Michigan	Alger	46.0999985	-83.7166672	outside_boundary_exact	Michigan, Chippewa County	1 km E of Hurricane River campground along shore of Lake Superior	https://lichenportal.org/portal/collections/individual/index.php?occid=238208
238209	MSC	MSC0044159	Malachowski, James	4614	171.85	321.79	Michigan	Alger	46.0999985	-83.7166672	outside_boundary_exact	Michigan, Chippewa County	1 km E of Hurricane River campground along shore of Lake Superior	https://lichenportal.org/portal/collections/individual/index.php?occid=238209
238302	MSC	MSC0044242	Malachowski, James	2634	171.85	321.79	Michigan	Alger	46.0999985	-83.7166672	outside_boundary_exact	Michigan, Chippewa County	1 km. E of Hurricane River Campground along shore of Lake Superior	https://lichenportal.org/portal/collections/individual/index.php?occid=238302
238400	MSC	MSC0044330	Malachowski, James	2624	171.85	321.79	Michigan	Alger	46.0999985	-83.7166672	outside_boundary_exact	Michigan, Chippewa County	1 km E of Hurricane River campground along shore of Lake Superior	https://lichenportal.org/portal/collections/individual/index.php?occid=238400
238401	MSC	MSC0044331	Malachowski, James	2628	171.85	321.79	Michigan	Alger	46.0999985	-83.7166672	outside_boundary_exact	Michigan, Chippewa County	1 km E of Hurricane River campground along shore of Lake Superior	https://lichenportal.org/portal/collections/individual/index.php?occid=238401
238402	MSC	MSC0044332	Malachowski, James	2632	171.85	321.79	Michigan	Alger	46.0999985	-83.7166672	outside_boundary_exact	Michigan, Chippewa County	1 km E of Hurricane River campground along shore of Lake Superior	https://lichenportal.org/portal/collections/individual/index.php?occid=238402
238403	MSC	MSC0044333	Malachowski, James	2666	171.85	321.79	Michigan	Alger	46.0999985	-83.7166672	outside_boundary_exact	Michigan, Chippewa County	1 km E of Hurricane River campground along shore of Lake Superior	https://lichenportal.org/portal/collections/individual/index.php?occid=238403
238404	MSC	MSC0044334	Malachowski, James	2669	171.85	321.79	Michigan	Alger	46.0999985	-83.7166672	outside_boundary_exact	Michigan, Chippewa County	1 km E of Hurricane River campground along shore of Lake Superior	https://lichenportal.org/portal/collections/individual/index.php?occid=238404
238405	MSC	MSC0044335	Malachowski, James	2763	171.85	321.79	Michigan	Alger	46.0999985	-83.7166672	outside_boundary_exact	Michigan, Chippewa County	1 km E of Hurricane River campground along shore of Lake Superior	https://lichenportal.org/portal/collections/individual/index.php?occid=238405
238420	MSC	MSC0044349	Malachowski, James	2640	171.85	321.79	Michigan	Alger	46.0999985	-83.7166672	outside_boundary_exact	Michigan, Chippewa County	1 km E of Hurricane River Campground along shore of Lake Superior	https://lichenportal.org/portal/collections/individual/index.php?occid=238420
238423	MSC	MSC0044351	Malachowski, James	2645	171.85	321.79	Michigan	Alger	46.0999985	-83.7166672	outside_boundary_exact	Michigan, Chippewa County	1 km E of Hurricane River campground along shore of Lake Superior	https://lichenportal.org/portal/collections/individual/index.php?occid=238423
238424	MSC	MSC0044352	Malachowski, James	2646	171.85	321.79	Michigan	Alger	46.0999985	-83.7166672	outside_boundary_exact	Michigan, Chippewa County	1 km E of Hurricane River campground along shore of Lake Superior	https://lichenportal.org/portal/collections/individual/index.php?occid=238424
238425	MSC	MSC0044353	Malachowski, James	2651	171.85	321.79	Michigan	Alger	46.0999985	-83.7166672	outside_boundary_exact	Michigan, Chippewa County	1 km E of Hurricane River campground along shore of Lake Superior	https://lichenportal.org/portal/collections/individual/index.php?occid=238425
238426	MSC	MSC0044354	Malachowski, James	2647	171.85	321.79	Michigan	Alger	46.0999985	-83.7166672	outside_boundary_exact	Michigan, Chippewa County	1 km E of Hurricane River campground along shore of Lake Superior	https://lichenportal.org/portal/collections/individual/index.php?occid=238426
238427	MSC	MSC0044355	Malachowski, James	2655	171.85	321.79	Michigan	Alger	46.0999985	-83.7166672	outside_boundary_exact	Michigan, Chippewa County	1 km E of Hurricane River campground along shore of Lake Superior	https://lichenportal.org/portal/collections/individual/index.php?occid=238427
238428	MSC	MSC0044356	Malachowski, James	2657	171.85	321.79	Michigan	Alger	46.0999985	-83.7166672	outside_boundary_exact	Michigan, Chippewa County	1 km E of Hurricane River campground along shore of Lake Superior	https://lichenportal.org/portal/collections/individual/index.php?occid=238428
238429	MSC	MSC0044357	Malachowski, James	2659	171.85	321.79	Michigan	Alger	46.0999985	-83.7166672	outside_boundary_exact	Michigan, Chippewa County	1 km E of Hurricane River campground along shore of Lake Superior	https://lichenportal.org/portal/collections/individual/index.php?occid=238429
238430	MSC	MSC0044358	Malachowski, James	2664	171.85	321.79	Michigan	Alger	46.0999985	-83.7166672	outside_boundary_exact	Michigan, Chippewa County	1 km E of Hurricane River campground along shore of Lake Superior	https://lichenportal.org/portal/collections/individual/index.php?occid=238430
238549	MSC	MSC0044465	Malachowski, James	NA	171.85	321.79	Michigan	Alger	46.0999985	-83.7166672	outside_boundary_exact	Michigan, Chippewa County	1 km. E of Hurricane River campground along shore of Lake Superior	https://lichenportal.org/portal/collections/individual/index.php?occid=238549
239188	MSC	MSC0045047	Malachowski, James	2606	171.85	321.79	Michigan	Alger	46.0999985	-83.7166672	outside_boundary_exact	Michigan, Chippewa County	1 km east of Hurricane River campground along shore of Lake Superior, fir, yellow and white birch on sand bank of lake	https://lichenportal.org/portal/collections/individual/index.php?occid=239188
240276	MSC	MSC0046034	Malachowski, James	2651	171.85	321.79	Michigan	Alger	46.0999985	-83.7166672	outside_boundary_exact	Michigan, Chippewa County	1 km east of Hurricane River Campground along shore of Lake Superior	https://lichenportal.org/portal/collections/individual/index.php?occid=240276
240277	MSC	MSC0046035	Malachowski, James	2650	171.85	321.79	Michigan	Alger	46.0999985	-83.7166672	outside_boundary_exact	Michigan, Chippewa County	1 km east of Hurricane River Campground along shore of Lake Superior	https://lichenportal.org/portal/collections/individual/index.php?occid=240277
240594	MSC	MSC0046322	Malachowski, James	2594	171.85	321.79	Michigan	Alger	46.0999985	-83.7166672	outside_boundary_exact	Michigan, Chippewa County	1 km E of Hurricane River campground along shore of Lake Superior	https://lichenportal.org/portal/collections/individual/index.php?occid=240594
240809	MSC	MSC0046519	Malachowski, James	2617	171.85	321.79	Michigan	Alger	46.0999985	-83.7166672	outside_boundary_exact	Michigan, Chippewa County	1 km east of Hurricane River Campground along shore of Lake Superior	https://lichenportal.org/portal/collections/individual/index.php?occid=240809
240976	MSC	MSC0046671	Malachowski, James	2612	171.85	321.79	Michigan	Alger	46.0999985	-83.7166672	outside_boundary_exact	Michigan, Chippewa County	1 km ease of Hurricane River Campground along shore of Lake Superior, fir, yellow and white birch, maple and Thuja	https://lichenportal.org/portal/collections/individual/index.php?occid=240976
241343	MSC	MSC0047022	Malachowski, James	2670	171.85	321.79	Michigan	Alger	46.0999985	-83.7166672	outside_boundary_exact	Michigan, Chippewa County	1 km E of Hurricane River campground along shore of Lake Superior	https://lichenportal.org/portal/collections/individual/index.php?occid=241343
241683	MSC	MSC0047330	Malachowski, James	2637	171.85	321.79	Michigan	Alger	46.0999985	-83.7166672	outside_boundary_exact	Michigan, Chippewa County	1 km E of Hurricane River campgroud along shore of Lake Superior	https://lichenportal.org/portal/collections/individual/index.php?occid=241683
241709	MSC	MSC0047354	Malachowski, James	2623	171.85	321.79	Michigan	Alger	46.0999985	-83.7166672	outside_boundary_exact	Michigan, Chippewa County	1 km E of Hurricane River Campground along shore of Lake Superior	https://lichenportal.org/portal/collections/individual/index.php?occid=241709
242532	MSC	MSC0048102	Malachowski, James	NA	171.85	321.79	Michigan	Alger	46.0999985	-83.7166672	outside_boundary_exact	Michigan, Chippewa County	1 km. E of Hurricane River Campground along shore of Lake Superior	https://lichenportal.org/portal/collections/individual/index.php?occid=242532
271683	MSC	MSC0076553	Malachowski, James	2673	171.85	321.79	Michigan	Alger	46.0999985	-83.7166672	outside_boundary_exact	Michigan, Chippewa County	1 km. east of Hurricane River Campground along shore of Lake Superior	https://lichenportal.org/portal/collections/individual/index.php?occid=271683
275002	MSC	MSC0079551	Malachowski, James	2658	171.85	321.79	Michigan	Alger	46.0999985	-83.7166672	outside_boundary_exact	Michigan, Chippewa County	1 km. east of Hurricane River campground along shore of Lake Superior	https://lichenportal.org/portal/collections/individual/index.php?occid=275002
277318	MSC	MSC0081666	Malachowski, James	2623	171.85	321.79	Michigan	Alger	46.0999985	-83.7166672	outside_boundary_exact	Michigan, Chippewa County	1 km east of Hurricane River campground along shore of Lake Superior.	https://lichenportal.org/portal/collections/individual/index.php?occid=277318
278519	MSC	MSC0082748	Malachowski, James	2662	171.85	321.79	Michigan	Alger	46.0999985	-83.7166672	outside_boundary_exact	Michigan, Chippewa County	1 km E of Hurricane River campground along shore of Lake Superior	https://lichenportal.org/portal/collections/individual/index.php?occid=278519
278818	MSC	MSC0083017	Malachowski, James	2652	171.85	321.79	Michigan	Alger	46.0999985	-83.7166672	outside_boundary_exact	Michigan, Chippewa County	1 km. east of Hurricane River campground along shore of Lake Superior	https://lichenportal.org/portal/collections/individual/index.php?occid=278818
279048	MSC	MSC0083224	Malachowski, James	2629	171.85	321.79	Michigan	Alger	46.0999985	-83.7166672	outside_boundary_exact	Michigan, Chippewa County	1 km E of Hurricane River campground along shore of Lake Superior	https://lichenportal.org/portal/collections/individual/index.php?occid=279048
279049	MSC	MSC0083225	Malachowski, James	2676	171.85	321.79	Michigan	Alger	46.0999985	-83.7166672	outside_boundary_exact	Michigan, Chippewa County	1 km E of Hurricane River campground along shore of Lake Superior	https://lichenportal.org/portal/collections/individual/index.php?occid=279049
279050	MSC	MSC0083226	Malachowski, James	2605	171.85	321.79	Michigan	Alger	46.0999985	-83.7166672	outside_boundary_exact	Michigan, Chippewa County	1 km E of Hurricane River campground along shore of Lake Superior	https://lichenportal.org/portal/collections/individual/index.php?occid=279050
224304	MSC	MSC0031560	Imshaug, Henry A	20408	170.8	357.4	Michigan	Keweenaw	45.9229	-85.919388	outside_boundary_exact	Michigan, Schoolcraft County	Along Lake Michigan, Seul Choix Pt.	https://lichenportal.org/portal/collections/individual/index.php?occid=224304
240381	MSC	MSC0046129	Imshaug, Henry A	21107	168.18	262.03	Michigan	Charlevoix	43.605764	-84.766141	outside_boundary_exact	Michigan, Isabella County	Just north of Mt. Pleasant	https://lichenportal.org/portal/collections/individual/index.php?occid=240381
233539	MSC	MSC0039921	Imshaug, Henry A	5219	166.74	311.38	Michigan	Mackinac	46.81298	-87.87124	outside_boundary_exact	Michigan, Marquette County	Shore of Lake Superior at Pine Tree Point, Huron Mountains	https://lichenportal.org/portal/collections/individual/index.php?occid=233539
232597	MSC	MSC0039070	Imshaug, Henry A	25394	166.71	211.95	Michigan	Ogemaw	46.000021	-83.666666	outside_boundary_exact	Michigan, Chippewa County	Drummond Island	https://lichenportal.org/portal/collections/individual/index.php?occid=232597
219716	MSC	MSC0026993	Imshaug, Henry A	21569	161.88	214.4	Michigan	Roscommon	43.49919	-82.56937	outside_boundary_exact	Michigan, Sanilac County	Shore of Lake Huron, near Forester	https://lichenportal.org/portal/collections/individual/index.php?occid=219716
240244	MSC	MSC0046005	Imshaug, Henry A	59969	150.5	243.58	Michigan	Chippewa	47.9500008	-83.6166687	outside_boundary_exact	not_found_in_US	Drummond Island: East side of Big Shoal Cove.	https://lichenportal.org/portal/collections/individual/index.php?occid=240244
274998	MSC	MSC0079548	Imshaug, Henry A	21448	141.38	234.74	Michigan	Oceana	44.661404	-84.714751	outside_boundary_exact	Michigan, Crawford County	Near Grayling	https://lichenportal.org/portal/collections/individual/index.php?occid=274998
245113	MSC	MSC0051006	Imshaug, Henry A	27402	135.08	246.81	Michigan	Leelanau	46.589212	-87.445233	outside_boundary_exact	Michigan, Marquette County	Sugerloaf	https://lichenportal.org/portal/collections/individual/index.php?occid=245113
227026	MSC	MSC0034043	Imshaug, Henry A	27410	135.07	246.79	Michigan	Leelanau	46.589098	-87.445138	outside_boundary_exact	Michigan, Marquette County	Sugarloaf	https://lichenportal.org/portal/collections/individual/index.php?occid=227026
228648	MSC	MSC0035510	Imshaug, Henry A	27413	135.07	246.79	Michigan	Leelanau	46.589098	-87.445138	outside_boundary_exact	Michigan, Marquette County	Sugarloaf	https://lichenportal.org/portal/collections/individual/index.php?occid=228648
229650	MSC	MSC0036413	Imshaug, Henry A	27408	135.07	246.79	Michigan	Leelanau	46.589098	-87.445138	outside_boundary_exact	Michigan, Marquette County	Sugarloaf	https://lichenportal.org/portal/collections/individual/index.php?occid=229650
230143	MSC	MSC0036859	Imshaug, Henry A	27400	135.07	246.79	Michigan	Leelanau	46.589098	-87.445138	outside_boundary_exact	Michigan, Marquette County	Sugarloaf	https://lichenportal.org/portal/collections/individual/index.php?occid=230143
230375	MSC	MSC0037068	Imshaug, Henry A	27393	135.07	246.79	Michigan	Leelanau	46.589098	-87.445138	outside_boundary_exact	Michigan, Marquette County	Sugarloaf	https://lichenportal.org/portal/collections/individual/index.php?occid=230375
230517	MSC	MSC0037197	Imshaug, Henry A	27412	135.07	246.79	Michigan	Leelanau	46.589098	-87.445138	outside_boundary_exact	Michigan, Marquette County	Sugarloaf	https://lichenportal.org/portal/collections/individual/index.php?occid=230517
232024	MSC	MSC0038552	Imshaug, Henry A	27405	135.07	246.79	Michigan	Leelanau	46.589098	-87.445138	outside_boundary_exact	Michigan, Marquette County	Sugarloaf	https://lichenportal.org/portal/collections/individual/index.php?occid=232024
233300	MSC	MSC0039703	Imshaug, Henry A	27417	135.07	246.79	Michigan	Leelanau	46.589098	-87.445138	outside_boundary_exact	Michigan, Marquette County	Sugarloaf	https://lichenportal.org/portal/collections/individual/index.php?occid=233300
233540	MSC	MSC0039922	Imshaug, Henry A	27417	135.07	246.79	Michigan	Leelanau	46.589098	-87.445138	outside_boundary_exact	Michigan, Marquette County	Sugarloaf	https://lichenportal.org/portal/collections/individual/index.php?occid=233540
233835	MSC	MSC0040188	Imshaug, Henry A	27415	135.07	246.79	Michigan	Leelanau	46.589098	-87.445138	outside_boundary_exact	Michigan, Marquette County	Sugarloaf	https://lichenportal.org/portal/collections/individual/index.php?occid=233835
233836	MSC	MSC0040189	Imshaug, Henry A	27414	135.07	246.79	Michigan	Leelanau	46.589098	-87.445138	outside_boundary_exact	Michigan, Marquette County	Sugarloaf	https://lichenportal.org/portal/collections/individual/index.php?occid=233836
233925	MSC	MSC0040269	Imshaug, Henry A	27404	135.07	246.79	Michigan	Leelanau	46.589098	-87.445138	outside_boundary_exact	Michigan, Marquette County	Sugarloaf	https://lichenportal.org/portal/collections/individual/index.php?occid=233925
233932	MSC	MSC0040275	Imshaug, Henry A	27396	135.07	246.79	Michigan	Leelanau	46.589098	-87.445138	outside_boundary_exact	Michigan, Marquette County	Sugarloaf	https://lichenportal.org/portal/collections/individual/index.php?occid=233932
233933	MSC	MSC0040276	Imshaug, Henry A	27399	135.07	246.79	Michigan	Leelanau	46.589098	-87.445138	outside_boundary_exact	Michigan, Marquette County	Sugarloaf	https://lichenportal.org/portal/collections/individual/index.php?occid=233933
235060	MSC	MSC0041294	Imshaug, Henry A	27394	135.07	246.79	Michigan	Leelanau	46.589098	-87.445138	outside_boundary_exact	Michigan, Marquette County	Sugarloaf	https://lichenportal.org/portal/collections/individual/index.php?occid=235060
235989	MSC	MSC0042145	Imshaug, Henry A	27407	135.07	246.79	Michigan	Leelanau	46.589098	-87.445138	outside_boundary_exact	Michigan, Marquette County	Sugarloaf	https://lichenportal.org/portal/collections/individual/index.php?occid=235989
236015	MSC	MSC0042169	Imshaug, Henry A	27406	135.07	246.79	Michigan	Leelanau	46.589098	-87.445138	outside_boundary_exact	Michigan, Marquette County	Sugarloaf	https://lichenportal.org/portal/collections/individual/index.php?occid=236015
237044	MSC	MSC0043099	Imshaug, Henry A	27398	135.07	246.79	Michigan	Leelanau	46.589098	-87.445138	outside_boundary_exact	Michigan, Marquette County	Sugarloaf	https://lichenportal.org/portal/collections/individual/index.php?occid=237044
238682	MSC	MSC0044585	Imshaug, Henry A	27409	135.07	246.79	Michigan	Leelanau	46.589098	-87.445138	outside_boundary_exact	Michigan, Marquette County	Sugarloaf	https://lichenportal.org/portal/collections/individual/index.php?occid=238682
240669	MSC	MSC0046391	Imshaug, Henry A	27395	135.07	246.79	Michigan	Leelanau	46.589098	-87.445138	outside_boundary_exact	Michigan, Marquette County	Sugarloaf	https://lichenportal.org/portal/collections/individual/index.php?occid=240669
274903	MSC	MSC0079462	Imshaug, Henry A	27401	135.07	246.79	Michigan	Leelanau	46.589098	-87.445138	outside_boundary_exact	Michigan, Marquette County	Sugarloaf	https://lichenportal.org/portal/collections/individual/index.php?occid=274903
229534	MSC	MSC0036309	Wang, S. C	648	130.42	170.95	Michigan	Roscommon	45.683525	-84.649665	outside_boundary_exact	Michigan, Cheboygan County	On W side of Hebron Mail Road, N of Levering Road	https://lichenportal.org/portal/collections/individual/index.php?occid=229534
224343	MSC	MSC0031596	Imshaug, Henry A	20612	127.43	215.18	Michigan	Marquette	46.759643	-89.772392	outside_boundary_exact	Michigan, Ontonagon County	Mirror Lake, Porcupine Mts.	https://lichenportal.org/portal/collections/individual/index.php?occid=224343
233467	MSC	MSC0039857	Imshaug, Henry A	20875	122.67	180.3	Michigan	Gogebic	47.381319	-88.381103	outside_boundary_exact	Michigan, Keweenaw County	Rocky shore of Lake Superior at Five Mile Point	https://lichenportal.org/portal/collections/individual/index.php?occid=233467
223933	MSC	MSC0031225	Imshaug, Henry A	NA	121.76	169.53	Michigan	Oscoda	45.934465	-83.611941	outside_boundary_exact	not_found_in_US	E side of Big Shoal Cove	https://lichenportal.org/portal/collections/individual/index.php?occid=223933
232622	MSC	MSC0039093	Ohlsson, Karl E	NA	120.98	241.76	Michigan	Keweenaw	46.123847	-88.568301	outside_boundary_exact	Michigan, Iron County	Iron County: E of Lake Sixteen	https://lichenportal.org/portal/collections/individual/index.php?occid=232622
232750	MSC	MSC0039208	Harris, Richard C	8117	120.24	163.81	Michigan	Clare	45.240278	-84.5875	outside_boundary_exact	Michigan, Cheboygan County	Sturgeon RIver campground 5 mi NE of Sidnaw	https://lichenportal.org/portal/collections/individual/index.php?occid=232750
233611	MSC	MSC0039987	Harris, Richard C	7959	116.96	218.4	Michigan	Delta	46.578	-88.633	outside_boundary_exact	Michigan, Baraga County	Swamp E of Sturgeon River Campground 5 mi. NE of Sidnaw	https://lichenportal.org/portal/collections/individual/index.php?occid=233611
228142	MSC	MSC0035055	Harris, Richard C	7577	108.9	233.53	Michigan	Keweenaw	46.225358	-87.855706	outside_boundary_exact	Michigan, Dickinson County	Dickinson County: At S end of O'Neil Lake	https://lichenportal.org/portal/collections/individual/index.php?occid=228142
236942	MSC	MSC0043006	Bailey, Harold	4454	105.23	255.06	Michigan	Marquette	48.110987	-88.535627	outside_boundary_exact	Michigan, Keweenaw County	Mott Island	https://lichenportal.org/portal/collections/individual/index.php?occid=236942
227700	MSC	MSC0034655	Malachowski, James	4384	101.9	251.1	Michigan	Marquette	47.9833336	-88.8000031	outside_boundary_exact	Michigan, Keweenaw County	Middle Falls, Salmon-Trout River, Huron Mountains	https://lichenportal.org/portal/collections/individual/index.php?occid=227700
219337	MSC	MSC0026616	Imshaug, Henry A	21168	99.66	137.74	Michigan	Gladwin	43.901123	-85.851729	outside_boundary_exact	Michigan, Lake County	Near Baldwin, Lake County	https://lichenportal.org/portal/collections/individual/index.php?occid=219337
202137	MSC	MSC0139811	Harris, R C	7715	97.76	140.1	Michigan	Kalamazoo	42.367382	-84.103636	outside_boundary_exact	Michigan, Washtenaw County	E of Hankard Lake	https://lichenportal.org/portal/collections/individual/index.php?occid=202137
236304	MSC	MSC0042431	Malachowski, James	NA	95.07	292.33	Michigan	Keweenaw	46.645189	-86.192706	outside_boundary_exact	Michigan, Alger County	1 km. E of 12-Mile Beach Campground	https://lichenportal.org/portal/collections/individual/index.php?occid=236304
190488	MSC	MSC0122359	Imshaug, Henry A	21453	94.7	138.49	Michigan	Midland	44.661404	-84.714751	outside_boundary_exact	Michigan, Crawford County	Near Grayling	https://lichenportal.org/portal/collections/individual/index.php?occid=190488
177831	MSC	MSC0100243	Malachowski, James	5555	94.11	232.11	Michigan	Keweenaw	46.815681	-89.795207	outside_boundary_exact	Michigan, Ontonagon County	Ontonagon county: Ne of Buckshot cabin along shore of Lake Superior	https://lichenportal.org/portal/collections/individual/index.php?occid=177831
232504	MSC	MSC0038988	Malachowski, James	5578	94.09	232.07	Michigan	Keweenaw	46.815564	-89.794434	outside_boundary_exact	Michigan, Ontonagon County	NE of Buckshot Cabin along shore of Lake Superior	https://lichenportal.org/portal/collections/individual/index.php?occid=232504
177828	MSC	MSC0100240	Malachowski, James	5537	93.68	229.57	Michigan	Keweenaw	46.804978	-89.748125	outside_boundary_exact	Michigan, Ontonagon County	Ontongaon County: NW shore of Lake of the Clouds, Porcupine mountains	https://lichenportal.org/portal/collections/individual/index.php?occid=177828
202760	MSC	MSC0140398	Malachowski, James	4697	93.57	188.97	Michigan	Ontonagon	47.42407	-87.714836	outside_boundary_exact	not_found_in_US	High Rock Bay, Lake Superior shore.	https://lichenportal.org/portal/collections/individual/index.php?occid=202760
177825	MSC	MSC0100238	Malachowski, James	5434	89.52	221.91	Michigan	Keweenaw	46.811387	-89.637702	outside_boundary_exact	Michigan, Ontonagon County	Ontonagon county: Union River outpost campground. Porcupine mountains	https://lichenportal.org/portal/collections/individual/index.php?occid=177825
233962	MSC	MSC0040301	Malachowski, James	1645	89.37	232.22	Michigan	Chippewa	46.329126	-86.3971	outside_boundary_exact	Michigan, Schoolcraft County	Junction of Prairie Creek and Route 33	https://lichenportal.org/portal/collections/individual/index.php?occid=233962
233963	MSC	MSC0040302	Malachowski, James	1644	89.37	232.22	Michigan	Chippewa	46.329126	-86.3971	outside_boundary_exact	Michigan, Schoolcraft County	Junction of Prairie Creek and Route 33	https://lichenportal.org/portal/collections/individual/index.php?occid=233963
277188	MSC	MSC0081549	Smith, Edward M	NA	85.97	154.26	Michigan	Ottawa	42	-86	outside_boundary_exact	Michigan, Cass County	East side of Lake Shore Dr. 0.35 mi north of pierce St.	https://lichenportal.org/portal/collections/individual/index.php?occid=277188
278243	MSC	MSC0082499	Smith, Edward M	NA	85.97	154.26	Michigan	Ottawa	42	-86	outside_boundary_exact	Michigan, Cass County	Palomita Reserve, ca 6.5 mi south of Grand Haven. East side of Lake shore Dr.,	https://lichenportal.org/portal/collections/individual/index.php?occid=278243
278904	MSC	MSC0083095	Smith, Edward M	NA	85.97	154.26	Michigan	Ottawa	42	-86	outside_boundary_exact	Michigan, Cass County	Palomita Reserve, ca. 6.5 mi south of Grand Haven, East side of Lake Shore Dr., 0.35 mi north of Pierce St.,	https://lichenportal.org/portal/collections/individual/index.php?occid=278904
278929	MSC	MSC0083117	Smith, Edward M	NA	85.97	154.26	Michigan	Ottawa	42	-86	outside_boundary_exact	Michigan, Cass County	Palomita Reserve, ca. 6.5 mi south of Grand Haven, Michigan	https://lichenportal.org/portal/collections/individual/index.php?occid=278929
225147	MSC	MSC0032320	Malachowski, James	NA	84.75	218.3	Michigan	Chippewa	45.948306	-86.245696	outside_boundary_exact	not_found_in_US	Manistique River	https://lichenportal.org/portal/collections/individual/index.php?occid=225147
274950	MSC	MSC0079504	Malachowski, James	1625	84.75	218.3	Michigan	Chippewa	45.948306	-86.245696	outside_boundary_exact	not_found_in_US	Manistique River	https://lichenportal.org/portal/collections/individual/index.php?occid=274950
274951	MSC	MSC0079505	Malachowski, James	1619	84.75	218.3	Michigan	Chippewa	45.948306	-86.245696	outside_boundary_exact	not_found_in_US	Manistique River	https://lichenportal.org/portal/collections/individual/index.php?occid=274951
231237	MSC	MSC0037844	Malachowski, James	NA	80.96	231.39	Michigan	Alger	46.4500008	-84.8166656	outside_boundary_exact	not_found_in_US	500 m south of 12-Mile Beach Campground; Back f	https://lichenportal.org/portal/collections/individual/index.php?occid=231237
231238	MSC	MSC0037845	Malachowski, James	NA	80.96	231.39	Michigan	Alger	46.4500008	-84.8166656	outside_boundary_exact	not_found_in_US	500 m south of 12-Mile Beach Campground; Back f	https://lichenportal.org/portal/collections/individual/index.php?occid=231238
236693	MSC	MSC0042782	Wang, S. C	1018	79.09	203.51	Michigan	Iosco	43.662546	-84.585843	outside_boundary_exact	Michigan, Midland County	6.5 miles south of Coleman	https://lichenportal.org/portal/collections/individual/index.php?occid=236693
231352	MSC	MSC0037948	Imshaug, Henry A	19814	73.69	118.44	Michigan	Clare	44.15	-83.683333	outside_boundary_exact	Michigan, Arenac County	Along Lake Huron, near Lakeport	https://lichenportal.org/portal/collections/individual/index.php?occid=231352
232659	MSC	MSC0039126	Malachowski, James	6279	70.71	202.89	Michigan	Ontonagon	48.107806	-88.688766	outside_boundary_exact	Michigan, Keweenaw County	Isle Royale: On west side of McCargo Cove, 3 km from the cove mouth	https://lichenportal.org/portal/collections/individual/index.php?occid=232659
226807	MSC	MSC0033841	Malachowski, James	2829	69.75	154.92	Michigan	Marquette	46.635584	-86.205366	outside_boundary_exact	Michigan, Alger County	100 m. E of entrance to 12-Mile Beach Campground, along Route 58	https://lichenportal.org/portal/collections/individual/index.php?occid=226807
229119	MSC	MSC0035936	Malachowski, James	NA	69.75	154.92	Michigan	Marquette	46.635584	-86.205366	outside_boundary_exact	Michigan, Alger County	100 m. E of entrance to 12-Mile Beach Campground, along Route 58	https://lichenportal.org/portal/collections/individual/index.php?occid=229119
178005	MSC	MSC0100400	Wetmore, Clifford M	1110	66.96	121.41	Michigan	Washtenaw	42.4166679	-84.9499969	outside_boundary_exact	Michigan, Calhoun County	Washtenaw county: near park area on SIlver lake in Pinckney Recreation area.	https://lichenportal.org/portal/collections/individual/index.php?occid=178005
203133	MSC	MSC0140738	Smith, Edward M	NA	65.96	137.01	Michigan	Emmet	45	-84	outside_boundary_exact	Michigan, Montmorency County	Wilderness State Park, ca. 11.5 mi west of Mackinaw City, Michigan. At far west end of Wilderness Park Dr.	https://lichenportal.org/portal/collections/individual/index.php?occid=203133
276541	MSC	MSC0080962	Smith, Edward M	NA	65.96	137.01	Michigan	Emmet	45	-84	outside_boundary_exact	Michigan, Montmorency County	South side of Wilderness Park Dr. at the far W end of the drive. Wilderness State Park, ca. 11.5 miles west of	https://lichenportal.org/portal/collections/individual/index.php?occid=276541
277131	MSC	MSC0081498	Smith, Edward M	NA	65.96	137.01	Michigan	Emmet	45	-84	outside_boundary_exact	Michigan, Montmorency County	3.7 mi SW of Mackinaw City, along Trails End Bay of Lake Michigan, SE side of Wilderness Park Dr.	https://lichenportal.org/portal/collections/individual/index.php?occid=277131
277141	MSC	MSC0081506	Smith, Edward M	NA	65.96	137.01	Michigan	Emmet	45	-84	outside_boundary_exact	Michigan, Montmorency County	Bliss Twp., Wilderness State Park, ca 11.5 mi west of Mackinac City, Michigan.	https://lichenportal.org/portal/collections/individual/index.php?occid=277141
278451	MSC	MSC0082687	Smith, Edward M	NA	65.96	137.01	Michigan	Emmet	45	-84	outside_boundary_exact	Michigan, Montmorency County	Wilderness State Park, ca. 11.5 mi west of Mackinaw City, Michigan.	https://lichenportal.org/portal/collections/individual/index.php?occid=278451
235966	MSC	MSC0042124	Imshaug, Henry A	27486	65.18	114.92	Michigan	Cheboygan	45.65116	-85.567206	outside_boundary_exact	Michigan, Charlevoix County	Fox Lake, Beaver Island	https://lichenportal.org/portal/collections/individual/index.php?occid=235966
202067	MSC	MSC0139749	Wang, S. C	1159	65	166.12	Michigan	Muskegon	42.652825	-85.428453	outside_boundary_exact	Michigan, Barry County	7 miles west of Hastings, off Bowen's Mill Road	https://lichenportal.org/portal/collections/individual/index.php?occid=202067
278450	MSC	MSC0082686	Smith, Edward M	NA	62.99	130.47	Michigan	Grand Traverse	44	-85	outside_boundary_exact	Michigan, Clare County	Pere Marquette State Forest, ca. 13 mi WSW of Kalkaska	https://lichenportal.org/portal/collections/individual/index.php?occid=278450
278902	MSC	MSC0083093	Smith, Edward M	NA	62.99	130.47	Michigan	Grand Traverse	44	-85	outside_boundary_exact	Michigan, Clare County	Interlochen State Park, ca. 11.7 mi southwest of Traverse City, East side of Michigan	https://lichenportal.org/portal/collections/individual/index.php?occid=278902
278903	MSC	MSC0083094	Smith, Edward M	NA	62.99	130.47	Michigan	Grand Traverse	44	-85	outside_boundary_exact	Michigan, Clare County	Interlochen State Park, ca. 11.7 mi southwest of Traverse City,	https://lichenportal.org/portal/collections/individual/index.php?occid=278903
187583	MSC	MSC0114912	Malachowski, James	1661	57.41	201.75	Michigan	Mackinac	46.358007	-86.590435	outside_boundary_exact	Michigan, Alger County	Near Pte. aux Chenes, Juniper Trail, Hiawatha National Forest	https://lichenportal.org/portal/collections/individual/index.php?occid=187583
224022	MSC	MSC0031305	Malachowski, James	NA	57.41	201.75	Michigan	Mackinac	46.358007	-86.590435	outside_boundary_exact	Michigan, Alger County	Near Pte. aux Chenes, Juniper Trail, Hiawatha National Forest	https://lichenportal.org/portal/collections/individual/index.php?occid=224022
225463	MSC	MSC0032628	Malachowski, James	1657	57.41	201.75	Michigan	Mackinac	46.358007	-86.590435	outside_boundary_exact	Michigan, Alger County	Mackinac County: Near pte. aux Chenes, Juniper Trail, Hiawatha National Forest	https://lichenportal.org/portal/collections/individual/index.php?occid=225463
229589	MSC	MSC0036359	Malachowski, James	NA	57.41	201.75	Michigan	Mackinac	46.358007	-86.590435	outside_boundary_exact	Michigan, Alger County	Near Pte. aux Chenes, Juniper Trail, Hiawatha National Forest	https://lichenportal.org/portal/collections/individual/index.php?occid=229589
229729	MSC	MSC0036485	Malachowski, James	NA	57.41	201.75	Michigan	Mackinac	46.358007	-86.590435	outside_boundary_exact	Michigan, Alger County	Near Pte. aux Chenes, Juniper Trail, Hiawatha National Forest	https://lichenportal.org/portal/collections/individual/index.php?occid=229729
236287	MSC	MSC0042416	Malachowski, James	1663	57.41	201.75	Michigan	Mackinac	46.358007	-86.590435	outside_boundary_exact	Michigan, Alger County	Near Pte. aux Chenes, Juniper Trail, Hiawatha National Forest	https://lichenportal.org/portal/collections/individual/index.php?occid=236287
240445	MSC	MSC0046187	Malachowski, James	1659	57.41	201.75	Michigan	Mackinac	46.358007	-86.590435	outside_boundary_exact	Michigan, Alger County	Neat Pte. aux Chenes, Juniper Trail, Hiawatha National Forest	https://lichenportal.org/portal/collections/individual/index.php?occid=240445
240446	MSC	MSC0046188	Malachowski, James	1657	57.41	201.75	Michigan	Mackinac	46.358007	-86.590435	outside_boundary_exact	Michigan, Alger County	Neat Pte. aux Chenes, Juniper Trail, Hiawatha National Forest	https://lichenportal.org/portal/collections/individual/index.php?occid=240446
240447	MSC	MSC0046189	Malachowski, James	1654	57.41	201.75	Michigan	Mackinac	46.358007	-86.590435	outside_boundary_exact	Michigan, Alger County	Neat Pte. aux Chenes, Juniper Trail, Hiawatha National Forest	https://lichenportal.org/portal/collections/individual/index.php?occid=240447
247587	MSC	MSC0053251	Malachowski, James	1660	57.41	201.75	Michigan	Mackinac	46.358007	-86.590435	outside_boundary_exact	Michigan, Alger County	Near Pte. aux Chenes, Juniper Trail, Hiawatha National Forest	https://lichenportal.org/portal/collections/individual/index.php?occid=247587
271726	MSC	MSC0076592	Malachowski, James	1655	57.41	201.75	Michigan	Mackinac	46.358007	-86.590435	outside_boundary_exact	Michigan, Alger County	Near Pte. aux Chenes, Juniper Trail, Hiawatha National Forest	https://lichenportal.org/portal/collections/individual/index.php?occid=271726
274954	MSC	MSC0079508	Malachowski, James	1658	57.41	201.75	Michigan	Mackinac	46.358007	-86.590435	outside_boundary_exact	Michigan, Alger County	Near Pte. aux Chenes, Juniper Trail, Hiawatha National Forest	https://lichenportal.org/portal/collections/individual/index.php?occid=274954
204805	MSC	MSC0143719	Smith, Edward M	NA	57.25	104.05	Michigan	Benzie	44	-86	outside_boundary_exact	Michigan, Lake County	Sleeping Bear Dunes National Lakeshore, ca. 7.9 mi northeast of Frankfort, Michigan.	https://lichenportal.org/portal/collections/individual/index.php?occid=204805
204807	MSC	MSC0143720	Smith, Edward M	NA	57.25	104.05	Michigan	Benzie	44	-86	outside_boundary_exact	Michigan, Lake County	Sleeping Bear Dunes National Lakeshore, ca. 7.9 mi northeast of Frankfort, Michigan	https://lichenportal.org/portal/collections/individual/index.php?occid=204807
204808	MSC	MSC0143721	Smith, Edward M	NA	57.25	104.05	Michigan	Benzie	44	-86	outside_boundary_exact	Michigan, Lake County	Sleeping Bear Dunes National Lakeshore, ca. 6 mi northeast of Frankfort, Michigan	https://lichenportal.org/portal/collections/individual/index.php?occid=204808
205399	MSC	MSC0144288	Smith, Edward M	NA	57.25	104.05	Michigan	Benzie	44	-86	outside_boundary_exact	Michigan, Lake County	Sleeping Bear Dines National Lakeshore, ca 7.9 mi northeast of Frankfort, Michigan.	https://lichenportal.org/portal/collections/individual/index.php?occid=205399
278246	MSC	MSC0082500	Smith, Edward M	NA	57.25	104.05	Michigan	Benzie	44	-86	outside_boundary_exact	Michigan, Lake County	Sleeping Bear Dunes National Lakeshore, ca. 7.5 mi northeast of Frankfort.  South side of Lake Michigan Rd	https://lichenportal.org/portal/collections/individual/index.php?occid=278246
205095	MSC	MSC0143985	Smith, Edward M	NA	56.14	123.65	Michigan	Newaygo	43	-85	outside_boundary_exact	Michigan, Ionia County	Ca. 4.5 mi NE of Newaygo, Michigan. East side of Poplar Ave., 0.05 mi S of 56th St. Brooks Twp	https://lichenportal.org/portal/collections/individual/index.php?occid=205095
277303	MSC	MSC0081652	Smith, Edward M	NA	56.14	123.65	Michigan	Newaygo	43	-85	outside_boundary_exact	Michigan, Ionia County	Brooks Twp. Ca. 5.7 mi NE of Newaygo, MI. South side of 48th St., 0.25 mi W of Oak Ave.	https://lichenportal.org/portal/collections/individual/index.php?occid=277303
230659	MSC	MSC0037324	Imshaug, Henry A	NA	49.97	171.88	Michigan	Keweenaw	46.75	-88.356	outside_boundary_exact	Michigan, Baraga County	Silver River, east of L'Anse	https://lichenportal.org/portal/collections/individual/index.php?occid=230659
177822	MSC	MSC0100235	Malachowski, James	5361	46.19	168.4	Michigan	Keweenaw	46.997156	-88.981243	outside_boundary_exact	Michigan, Ontonagon County	Ontonagon county: Misery bay, near mouth of Little Misery river	https://lichenportal.org/portal/collections/individual/index.php?occid=177822
227855	MSC	MSC0034798	Malachowski, James	5384	46.19	168.4	Michigan	Keweenaw	46.997156	-88.981243	outside_boundary_exact	Michigan, Ontonagon County	Misery Bay, near mouth of Little Misery River	https://lichenportal.org/portal/collections/individual/index.php?occid=227855
275010	MSC	MSC0079559	Malachowski, James	5404	46.19	168.4	Michigan	Keweenaw	46.997156	-88.981243	outside_boundary_exact	Michigan, Ontonagon County	Misery Bay, near mouth of Little Misery River	https://lichenportal.org/portal/collections/individual/index.php?occid=275010
202071	MSC	MSC0139752	Malachowski, James	1460	45.91	113.59	Michigan	Cheboygan	46.164741	-84.24364	outside_boundary_exact	Michigan, Chippewa County	Munuscong State Forest	https://lichenportal.org/portal/collections/individual/index.php?occid=202071
181362	MSC	MSC0105678	Harris, R C	8623	42.82	103.9	Michigan	Washtenaw	42.713371	-84.475921	outside_boundary_exact	Michigan, Ingham County	SW corner of Baker Woodlot, MSU Campus	https://lichenportal.org/portal/collections/individual/index.php?occid=181362
237386	MSC	MSC0043410	Imshaug, Henry A	21768	42.76	83.17	Michigan	Otsego	44.473277	-84.618581	outside_boundary_exact	Michigan, Roscommon County	3 miles E of N end of Higgins Lake	https://lichenportal.org/portal/collections/individual/index.php?occid=237386
235963	MSC	MSC0042121	Wang, S. C	305	41.08	97.45	Michigan	Charlevoix	45.653711	-84.644043	outside_boundary_exact	Michigan, Cheboygan County	South of Hebron Mail Road, 2 miles north of Levering Road	https://lichenportal.org/portal/collections/individual/index.php?occid=235963
241822	MSC	MSC0047457	Harris, Richard C	NA	40.41	85.98	Michigan	Kalamazoo	42.78253	-85.694471	outside_boundary_exact	Michigan, Kent County	West of Ross Township Police Station	https://lichenportal.org/portal/collections/individual/index.php?occid=241822
275112	MSC	MSC0079650	Imshaug, Henry A	20850	37.73	100.86	Michigan	Baraga	47.292386	-88.495974	outside_boundary_exact	Michigan, Keweenaw County	Along Lake Superior near Calumet	https://lichenportal.org/portal/collections/individual/index.php?occid=275112
228403	MSC	MSC0035290	Malachowski, James	NA	37.58	172.5	Michigan	Keweenaw	46.868257	-87.939016	outside_boundary_exact	Michigan, Marquette County	Mt. Ida, west side of Lake Ann, Huron Mountains	https://lichenportal.org/portal/collections/individual/index.php?occid=228403
236220	MSC	MSC0042355	Malachowski, James	3737	36.83	174.48	Michigan	Keweenaw	46.887145	-87.871982	outside_boundary_exact	Michigan, Marquette County	Near edge of Pine Lake, 500 m W of Huron Mountain Club headquarters	https://lichenportal.org/portal/collections/individual/index.php?occid=236220
236221	MSC	MSC0042356	Malachowski, James	3742	36.83	174.48	Michigan	Keweenaw	46.887145	-87.871982	outside_boundary_exact	Michigan, Marquette County	Near edge of Pine Lake, 500 m W of Huron Mountain Club headquarters	https://lichenportal.org/portal/collections/individual/index.php?occid=236221
236222	MSC	MSC0042357	Malachowski, James	3775	36.83	174.48	Michigan	Keweenaw	46.887145	-87.871982	outside_boundary_exact	Michigan, Marquette County	Near edge of Pine Lake, 500 m W of Huron Mountain Club headquarters	https://lichenportal.org/portal/collections/individual/index.php?occid=236222
236223	MSC	MSC0042358	Malachowski, James	3759	36.83	174.48	Michigan	Keweenaw	46.887145	-87.871982	outside_boundary_exact	Michigan, Marquette County	Near edge of Pine Lake, 500 m W of Huron Mountain Club headquarters	https://lichenportal.org/portal/collections/individual/index.php?occid=236223
236224	MSC	MSC0042359	Malachowski, James	3798	36.83	174.48	Michigan	Keweenaw	46.887145	-87.871982	outside_boundary_exact	Michigan, Marquette County	Near edge of Pine Lake, 500 m W of Huron Mountain Club headquarters	https://lichenportal.org/portal/collections/individual/index.php?occid=236224
236226	MSC	MSC0042360	Malachowski, James	3735	36.83	174.48	Michigan	Keweenaw	46.887145	-87.871982	outside_boundary_exact	Michigan, Marquette County	Near edge of Pine Lake, 500 m W of Huron Mountain Club headquarters	https://lichenportal.org/portal/collections/individual/index.php?occid=236226
236227	MSC	MSC0042361	Malachowski, James	3765	36.83	174.48	Michigan	Keweenaw	46.887145	-87.871982	outside_boundary_exact	Michigan, Marquette County	Near edge of Pine Lake, 500 m W of Huron Mountain Club headquarters	https://lichenportal.org/portal/collections/individual/index.php?occid=236227
234152	MSC	MSC0040473	Imshaug, Henry A	58763	36.12	116.35	Michigan	Baraga	47.370471	-88.029816	outside_boundary_exact	Michigan, Keweenaw County	Southwest of Lac La Belle	https://lichenportal.org/portal/collections/individual/index.php?occid=234152
216135	MSC	MSC0023305	Malachowski, James	NA	35.83	155.23	Michigan	Keweenaw	46.902562	-88.484924	outside_boundary_exact	Michigan, Baraga County	Keweenaw Co. : Along base of cliff on Cliff Drive, 3 km S of Route 41. T. 57 N., R. 32 W.,	https://lichenportal.org/portal/collections/individual/index.php?occid=216135
242465	MSC	MSC0048042	Imshaug, Henry A	19403	35.57	78.76	Michigan	Kalkaska	44.591683	-84.40085	outside_boundary_exact	Michigan, Crawford County	Near Eldorado	https://lichenportal.org/portal/collections/individual/index.php?occid=242465
202778	MSC	MSC0140413	Malachowski, James	3976	34.02	170.81	Michigan	Keweenaw	46.906474	-87.912154	outside_boundary_exact	Michigan, Marquette County	3 km northwest of Howe Lake along Lake Superior Shore, Huron Mountains.	https://lichenportal.org/portal/collections/individual/index.php?occid=202778
202779	MSC	MSC0140414	Malachowski, James	3996	34.02	170.81	Michigan	Keweenaw	46.906474	-87.912154	outside_boundary_exact	Michigan, Marquette County	3 km northwest of Howe Lake along Lake Superior Shore, Huron Mountains.	https://lichenportal.org/portal/collections/individual/index.php?occid=202779
202780	MSC	MSC0140415	Malachowski, James	4047	34.02	170.81	Michigan	Keweenaw	46.906474	-87.912154	outside_boundary_exact	Michigan, Marquette County	3 km northwest of Howe Lake along Lake Superior Shore, Huron Mountains.	https://lichenportal.org/portal/collections/individual/index.php?occid=202780
278199	MSC	MSC0082459	Pipoly, J J	70	33.87	138.28	Michigan	Chippewa	45.852513	-84.719772	outside_boundary_exact	Michigan, Mackinac County	Straits State Park.	https://lichenportal.org/portal/collections/individual/index.php?occid=278199
230957	MSC	MSC0037592	Malachowski, James	4016	33.65	170.09	Michigan	Keweenaw	46.907354	-87.924513	outside_boundary_exact	Michigan, Marquette County	3 km. northwest of Howe Lake along Lake Superior shore, Huron Mountains	https://lichenportal.org/portal/collections/individual/index.php?occid=230957
202336	MSC	MSC0140006	Smith, Edward M	NA	32.45	86.65	Michigan	Wexford	44	-85	outside_boundary_exact	Michigan, Clare County	Pere Marquette State Forest (see more data in Comments)	https://lichenportal.org/portal/collections/individual/index.php?occid=202336
278455	MSC	MSC0082690	Smith, Edward M	NA	32.45	86.65	Michigan	Wexford	44	-85	outside_boundary_exact	Michigan, Clare County	Pere Marquette State Forest, ca. 4.0 mi north of Manton, Michigan,	https://lichenportal.org/portal/collections/individual/index.php?occid=278455
226232	MSC	MSC0033322	Imshaug, Henry A	5449	31.61	176.29	Michigan	Mackinac	46.352649	-86.243751	outside_boundary_exact	Michigan, Schoolcraft County	35 miles W of St. Ignace on U.S. 2; 5.9 milesW of Junction of MI17 to Newberry	https://lichenportal.org/portal/collections/individual/index.php?occid=226232
226235	MSC	MSC0033325	Imshaug, Henry A	5449	31.61	176.29	Michigan	Mackinac	46.352649	-86.243751	outside_boundary_exact	Michigan, Schoolcraft County	35 miles W of St. Ignace on U.S. 2; 5.9 miles W of junction of M117 to Newberry	https://lichenportal.org/portal/collections/individual/index.php?occid=226235
177847	MSC	MSC0100258	Malachowski, James	5698	30.89	150.64	Michigan	Keweenaw	46.94317	-88.457865	outside_boundary_exact	Michigan, Houghton County	Keweenaw county: 1.2 km past end of Route 41 on hill overlooking Lake superior	https://lichenportal.org/portal/collections/individual/index.php?occid=177847
177865	MSC	MSC0100274	Malachowski, James	5672	30.67	150.47	Michigan	Keweenaw	46.944613	-88.455398	outside_boundary_exact	Michigan, Houghton County	Keweenaw county: along base of cliff on cliff drive, 3 km S of Route 41	https://lichenportal.org/portal/collections/individual/index.php?occid=177865
205049	MSC	MSC0143942	Smith, Edward M	NA	30.54	73.39	Michigan	Lake	43.541012	-85.761778	outside_boundary_exact	Michigan, Newaygo County	Ca. 25 mi S of Baldwin, Michigan; E side of Michigan Rte.	https://lichenportal.org/portal/collections/individual/index.php?occid=205049
226990	MSC	MSC0034010	Harris, R.	8945	30.01	89.2	Michigan	Dickinson	46.517435	-87.67458	outside_boundary_exact	Michigan, Marquette County	Along Carp Creek at Hogsback Rd.	https://lichenportal.org/portal/collections/individual/index.php?occid=226990
240603	MSC	MSC0046330	Imshaug, Henry A	60075	29.91	197.98	Michigan	Chippewa	46.0833320618	-83.0672225952	outside_boundary_exact	not_found_in_US	Drummond Island: Old field E of Bruce Point	https://lichenportal.org/portal/collections/individual/index.php?occid=240603
177844	MSC	MSC0100255	Malachowski, James	5672	29.85	149.54	Michigan	Keweenaw	46.953051	-88.456771	outside_boundary_exact	Michigan, Houghton County	Keweenaw County: 3 km S of Route 41	https://lichenportal.org/portal/collections/individual/index.php?occid=177844
177845	MSC	MSC0100256	Malachowski, James	5675	29.85	149.54	Michigan	Keweenaw	46.953051	-88.456771	outside_boundary_exact	Michigan, Houghton County	Keweenaw County: 3 km S of Route 41	https://lichenportal.org/portal/collections/individual/index.php?occid=177845
278196	MSC	MSC0082456	Smith, Edward M	NA	29.41	106.78	Michigan	Cheboygan	45	-84	outside_boundary_exact	Michigan, Montmorency County	Cheyboygan State Park, ca 2.7 mi E of Cheyboygan, On NE side of the beach parking area W of the park headquart	https://lichenportal.org/portal/collections/individual/index.php?occid=278196
205323	MSC	MSC0144217	Smith, Edward M	NA	28.6	71.41	Michigan	Wexford	44.7691689	-85.6355591	outside_boundary_exact	Michigan, Grand Traverse County	Pere Marquette State Forest, ca. 4.0 mi N of Manton, Michigan;	https://lichenportal.org/portal/collections/individual/index.php?occid=205323
203138	MSC	MSC0140743	Smith, Edward M	NA	25.3	71.85	Michigan	Kent	43	-85	outside_boundary_exact	Michigan, Ionia County	Michigan;Rogue River State Game Area; 4.7 mi NW of Kent City. N of 19 mile Rd., 0.3 miles E of Division Ave. Solon Twp	https://lichenportal.org/portal/collections/individual/index.php?occid=203138
236562	MSC	MSC0042664	Malachowski, James	NA	23.47	127.29	Michigan	Chippewa	46.4500008	-83.8166656	outside_boundary_exact	not_found_in_US	Along shore of Lake Superior, Bayview Campground	https://lichenportal.org/portal/collections/individual/index.php?occid=236562
187967	MSC	MSC0116548	Smith, Edward M	39	22.38	88.76	Michigan	Kent	42.5680008	-85.7559967	outside_boundary_exact	Michigan, Allegan County	Michigan ;  Kent Co.; City of Walker: Henry Johnson County Park in S Walker, Michigan	https://lichenportal.org/portal/collections/individual/index.php?occid=187967
281284	MSC	MSC0090005	Smith, Edward M	41	22.38	88.76	Michigan	Kent	42.5680008	-85.7559967	outside_boundary_exact	Michigan, Allegan County	Michigan ;  Kent Co.; City of Walker: Henry Johnson County Park in S Walker, Michigan	https://lichenportal.org/portal/collections/individual/index.php?occid=281284
281287	MSC	MSC0090008	Smith, Edward M	42	22.38	88.76	Michigan	Kent	42.5680008	-85.7559967	outside_boundary_exact	Michigan, Allegan County	Michigan ;  Kent Co.; City of Walker: Henry Johnson County Park in S Walker, Michigan	https://lichenportal.org/portal/collections/individual/index.php?occid=281287
201126	MSC	MSC0138802	Imshaug, Henry A	NA	21.89	65.8	Michigan	Otsego	44.661404	-84.714751	outside_boundary_exact	Michigan, Crawford County	Near Grayling	https://lichenportal.org/portal/collections/individual/index.php?occid=201126
237687	MSC	MSC0043684	Malachowski, James	1511	21.82	91.2	Michigan	Luce	46.769468	-84.952578	outside_boundary_exact	Michigan, Chippewa County	Whitefish Point	https://lichenportal.org/portal/collections/individual/index.php?occid=237687
233947	MSC	MSC0040289	Harris, Richard C	308	21.2	66.81	Michigan	Kalamazoo	42.609831	-85.415155	outside_boundary_exact	Michigan, Barry County	Yankee Springs Recreation Area, Otis Lake	https://lichenportal.org/portal/collections/individual/index.php?occid=233947
224340	MSC	MSC0031593	Imshaug, Henry A	NA	20.06	120.69	Michigan	Marquette	46.75	-88.356	outside_boundary_exact	Michigan, Baraga County	Silver River, east of L'Anse	https://lichenportal.org/portal/collections/individual/index.php?occid=224340
224341	MSC	MSC0031594	Imshaug, Henry A	NA	20.06	120.69	Michigan	Marquette	46.75	-88.356	outside_boundary_exact	Michigan, Baraga County	Silver River, east of L'Anse	https://lichenportal.org/portal/collections/individual/index.php?occid=224341
202093	MSC	MSC0139772	Imshaug, Henry A	21480	19.83	118.28	Michigan	Huron	43.491132	-83.396897	outside_boundary_exact	Michigan, Tuscola County	Near Caro	https://lichenportal.org/portal/collections/individual/index.php?occid=202093
202399	MSC	MSC0140065	Smith, Edward M	NA	18.84	157.17	Michigan	Marquette	46	-87	outside_boundary_exact	Michigan, Delta County	Ca. 1.4 mi ssw of Palmer, Michigan. East side of County Rd. 565,	https://lichenportal.org/portal/collections/individual/index.php?occid=202399
202401	MSC	MSC0140067	Smith, Edward M	NA	18.84	157.17	Michigan	Marquette	46	-87	outside_boundary_exact	Michigan, Delta County	Ca. 1.4 mi SSW of Palmer. East side of County Rd. 565, 50 yerds south of County Rd. 476. Richmond Twp.	https://lichenportal.org/portal/collections/individual/index.php?occid=202401
277154	MSC	MSC0081518	Smith, Edward M	NA	18.84	157.17	Michigan	Marquette	46	-87	outside_boundary_exact	Michigan, Delta County	Ca. 1.4 mi SSW of Palmer, Michigan. E side of County Rd 565, 50 Yds S of County Rd. 476. Richmond Twp	https://lichenportal.org/portal/collections/individual/index.php?occid=277154
193918	MSC	MSC0130605	Wetmore, Clifford M	49839	18.72	131.76	Michigan	Keweenaw	47.1166610718	-88.5166702271	outside_boundary_exact	Michigan, Houghton County	Isle Royale National Park, Davidson Island in Rock Harbor	https://lichenportal.org/portal/collections/individual/index.php?occid=193918
204616	MSC	MSC0143491	Smith, Edward M	NA	17.62	201.41	Michigan	Alger	46	-87	outside_boundary_exact	Michigan, Delta County	Laughing Whitefish Falls State Site, ca. 11.5 mi southwest of Au Train, Michigan.	https://lichenportal.org/portal/collections/individual/index.php?occid=204616
277177	MSC	MSC0081539	Smith, Edward M	NA	17.56	121.51	Michigan	Chippewa	46	-85	outside_boundary_exact	not_found_in_US	Hiawatha National Forest, near Roxbury Creek, ca. 7.9 mi N of Eckerman, Michigan	https://lichenportal.org/portal/collections/individual/index.php?occid=277177
241705	MSC	MSC0047350	Harris, Richard C	3946	15.81	64.22	Michigan	Roscommon	44.019186	-84.799468	outside_boundary_exact	Michigan, Clare County	Along Harrison Tote Road one mile W of old US highway 27	https://lichenportal.org/portal/collections/individual/index.php?occid=241705
227838	MSC	MSC0034782	Vitt, Dale H	4170	13.9	95.21	Michigan	Mackinac	46.356725	-85.029657	outside_boundary_exact	Michigan, Chippewa County	1 mi. S. of Chippawa Co. line on HW 123	https://lichenportal.org/portal/collections/individual/index.php?occid=227838
237896	MSC	MSC0043874	Imshaug, Henry A	3367	13.4	127.8	Michigan	Chippewa	46.009402	-84.511298	outside_boundary_exact	Michigan, Mackinac County	4 miles E of Mackinac County on M-134	https://lichenportal.org/portal/collections/individual/index.php?occid=237896
202191	MSC	MSC0139860	Wang, S. C	1129	12.37	81.05	Michigan	Sanilac	43.794431	-82.848826	outside_boundary_exact	Michigan, Huron County	13 miles north of Sandusky, Minden City State Game Area	https://lichenportal.org/portal/collections/individual/index.php?occid=202191
225629	MSC	MSC0032779	Wang, S. C	1131	12.37	81.05	Michigan	Sanilac	43.794431	-82.848826	outside_boundary_exact	Michigan, Huron County	13 miles north of Sandusky, Minden City State Game Area	https://lichenportal.org/portal/collections/individual/index.php?occid=225629
230411	MSC	MSC0037100	Wang, S. C	1127	12.37	81.05	Michigan	Sanilac	43.794431	-82.848826	outside_boundary_exact	Michigan, Huron County	13 miles north of Sandusky, Minden City State Game Area	https://lichenportal.org/portal/collections/individual/index.php?occid=230411
234334	MSC	MSC0040637	Wang, S. C	1128	12.37	81.05	Michigan	Sanilac	43.794431	-82.848826	outside_boundary_exact	Michigan, Huron County	13 miles north of Sandusky, Minden City State Game Area	https://lichenportal.org/portal/collections/individual/index.php?occid=234334
228271	MSC	MSC0035171	Imshaug, Henry A	4698	12.26	125.27	Michigan	Marquette	46.896	-88.205	outside_boundary_exact	Michigan, Baraga County	Marquette County: In Huron Bay Park, shore of Lake Superior	https://lichenportal.org/portal/collections/individual/index.php?occid=228271
234988	MSC	MSC0041229	Imshaug, Henry A	4694	12.26	125.27	Michigan	Marquette	46.896	-88.205	outside_boundary_exact	Michigan, Baraga County	Huron Bay Park, Lake Superior	https://lichenportal.org/portal/collections/individual/index.php?occid=234988
238216	MSC	MSC0044165	Imshaug, Henry A	4686	12.26	125.27	Michigan	Marquette	46.896	-88.205	outside_boundary_exact	Michigan, Baraga County	In Huron Bay Park, shore of Lake Superior	https://lichenportal.org/portal/collections/individual/index.php?occid=238216
238217	MSC	MSC0044166	Imshaug, Henry A	4700	12.26	125.27	Michigan	Marquette	46.896	-88.205	outside_boundary_exact	Michigan, Baraga County	In Huron Bay Park, shore of Lake Superior	https://lichenportal.org/portal/collections/individual/index.php?occid=238217
241508	MSC	MSC0047172	Imshaug, Henry A	4704	12.26	125.27	Michigan	Marquette	46.896	-88.205	outside_boundary_exact	Michigan, Baraga County	Huron Bay Park, Lake Superior, Marquette County	https://lichenportal.org/portal/collections/individual/index.php?occid=241508
242467	MSC	MSC0048044	Imshaug, Henry A	4684	12.26	125.27	Michigan	Marquette	46.896	-88.205	outside_boundary_exact	Michigan, Baraga County	Huron Bay Park, Lake Superior	https://lichenportal.org/portal/collections/individual/index.php?occid=242467
228496	MSC	MSC0035374	Vitt, Dale H	4696	12.11	91.8	Michigan	Mackinac	46.326983	-85.008643	outside_boundary_exact	Michigan, Chippewa County	1 mi. S of Chippawa Co. on HW 123	https://lichenportal.org/portal/collections/individual/index.php?occid=228496
203074	MSC	MSC0140685	Smith, Edward M	NA	10.83	143.72	Michigan	Gogebic	46	-89	outside_boundary_exact	Wisconsin, Vilas County	Porcupine Mountains Wilderness State Park, ca. 14 mi north of Wakefield, Wakefield Twp.	https://lichenportal.org/portal/collections/individual/index.php?occid=203074
277179	MSC	MSC0081540	Smith, Edward M	NA	10.83	143.72	Michigan	Gogebic	46	-89	outside_boundary_exact	Wisconsin, Vilas County	Porcupine Mountains Wilderness State Park, ca. 14 mi north of Wakefield, Wakefield Twp.	https://lichenportal.org/portal/collections/individual/index.php?occid=277179
184855	MSC	MSC0112381	Imshaug, Henry A	3347	10.25	129.85	Michigan	Chippewa	46.007266	-84.458026	outside_boundary_exact	Michigan, Mackinac County	Bog about one mile E of Mackinac County on M-134	https://lichenportal.org/portal/collections/individual/index.php?occid=184855
203073	MSC	MSC0140684	Smith, Edward M	NA	9.12	89.68	Michigan	Iron	46	-88	outside_boundary_exact	Michigan, Dickinson County	Ca. 6.3 mi south of Iron River, North side of Brule Rd.	https://lichenportal.org/portal/collections/individual/index.php?occid=203073
203132	MSC	MSC0140737	Smith, Edward M	NA	9.01	146.94	Michigan	Mackinac	46	-84	outside_boundary_exact	Michigan, Chippewa County	Ca. 13 mi s of Rudyard, on the shore of St. Martin Bay.	https://lichenportal.org/portal/collections/individual/index.php?occid=203132
178051	MSC	MSC0100442	Imshaug, Henry A	4070	8.91	147.86	Michigan	Mackinac	45.96	-84	outside_boundary_exact	Michigan, Chippewa County	Mackinac County: shore of Lake Huron W of Detour	https://lichenportal.org/portal/collections/individual/index.php?occid=178051
178052	MSC	MSC0100443	Imshaug, Henry A	4069	8.91	147.86	Michigan	Mackinac	45.96	-84	outside_boundary_exact	Michigan, Chippewa County	Mackinac county: Shore of Lake Huron W of Detour	https://lichenportal.org/portal/collections/individual/index.php?occid=178052
178238	MSC	MSC0100610	Imshaug, Henry A	4067	8.91	147.86	Michigan	Mackinac	45.96	-84	outside_boundary_exact	Michigan, Chippewa County	Mackinac County: Shore of Lake Huron W of Detour	https://lichenportal.org/portal/collections/individual/index.php?occid=178238
178239	MSC	MSC0100611	Imshaug, Henry A	4067	8.91	147.86	Michigan	Mackinac	45.96	-84	outside_boundary_exact	Michigan, Chippewa County	Mackinac County: Shore of Lake Huron W of Detour	https://lichenportal.org/portal/collections/individual/index.php?occid=178239
178240	MSC	MSC0100612	Imshaug, Henry A	4070	8.91	147.86	Michigan	Mackinac	45.96	-84	outside_boundary_exact	Michigan, Chippewa County	Mackinac County: Shore of Lake Huron W of Detour	https://lichenportal.org/portal/collections/individual/index.php?occid=178240
178241	MSC	MSC0100613	Imshaug, Henry A	4070	8.91	147.86	Michigan	Mackinac	45.96	-84	outside_boundary_exact	Michigan, Chippewa County	Mackinac County: Shore of Lake Huron W of Detour	https://lichenportal.org/portal/collections/individual/index.php?occid=178241
178242	MSC	MSC0100614	Imshaug, Henry A	4072	8.91	147.86	Michigan	Mackinac	45.96	-84	outside_boundary_exact	Michigan, Chippewa County	Mackinac County: Shore of Lake Huron W of Detour	https://lichenportal.org/portal/collections/individual/index.php?occid=178242
178243	MSC	MSC0100615	Imshaug, Henry A	4073	8.91	147.86	Michigan	Mackinac	45.96	-84	outside_boundary_exact	Michigan, Chippewa County	Mackinac County: Shore of Lake Huron W of Detour	https://lichenportal.org/portal/collections/individual/index.php?occid=178243
178244	MSC	MSC0100616	Imshaug, Henry A	4073	8.91	147.86	Michigan	Mackinac	45.96	-84	outside_boundary_exact	Michigan, Chippewa County	Mackinac County: Shore of Lake Huron W of Detour	https://lichenportal.org/portal/collections/individual/index.php?occid=178244
178245	MSC	MSC0100617	Imshaug, Henry A	4075	8.91	147.86	Michigan	Mackinac	45.96	-84	outside_boundary_exact	Michigan, Chippewa County	Mackinac County: Shore of Lake Huron W of Detour	https://lichenportal.org/portal/collections/individual/index.php?occid=178245
178246	MSC	MSC0100618	Imshaug, Henry A	4075	8.91	147.86	Michigan	Mackinac	45.96	-84	outside_boundary_exact	Michigan, Chippewa County	Mackinac County: Shore of Lake Huron W of Detour	https://lichenportal.org/portal/collections/individual/index.php?occid=178246
178247	MSC	MSC0100619	Imshaug, Henry A	4077	8.91	147.86	Michigan	Mackinac	45.96	-84	outside_boundary_exact	Michigan, Chippewa County	Mackinac County: Shore of Lake Huron W of Detour	https://lichenportal.org/portal/collections/individual/index.php?occid=178247
181588	MSC	MSC0106152	Imshaug, Henry A	4075	8.91	147.86	Michigan	Mackinac	45.96	-84	outside_boundary_exact	Michigan, Chippewa County	Michigan ; Mackinac County: W of Detour	https://lichenportal.org/portal/collections/individual/index.php?occid=181588
226992	MSC	MSC0034012	Imshaug, Henry A	4082	8.91	147.86	Michigan	Mackinac	45.96	-84	outside_boundary_exact	Michigan, Chippewa County	Shore of Lake Huron west of Detour	https://lichenportal.org/portal/collections/individual/index.php?occid=226992
241629	MSC	MSC0047282	Imshaug, Henry A	4067	8.91	147.86	Michigan	Mackinac	45.96	-84	outside_boundary_exact	Michigan, Chippewa County	Shore of Lake Huron west of Detour	https://lichenportal.org/portal/collections/individual/index.php?occid=241629
241630	MSC	MSC0047283	Imshaug, Henry A	3994	8.91	147.86	Michigan	Mackinac	45.96	-84	outside_boundary_exact	Michigan, Chippewa County	Shore of Lake Huron west of Detour	https://lichenportal.org/portal/collections/individual/index.php?occid=241630
228285	MSC	MSC0035184	Harris, Richard C	NA	8.67	67.38	Michigan	Cheboygan	45.636538	-84.842081	outside_boundary_exact	Michigan, Emmet County	Cheboygan County: Along Levering Road c. 3 mi. E of Levering	https://lichenportal.org/portal/collections/individual/index.php?occid=228285
178297	MSC	MSC0100664	Imshaug, Henry A	20779	7.3	86.75	Michigan	Iron	46.485499	-88.894028	outside_boundary_exact	Michigan, Houghton County	Iron County: Old slate mine, near Kenton	https://lichenportal.org/portal/collections/individual/index.php?occid=178297
178298	MSC	MSC0100665	Imshaug, Henry A	20782	7.3	86.75	Michigan	Iron	46.485499	-88.894028	outside_boundary_exact	Michigan, Houghton County	Iron county: old slate mine, near Kenton	https://lichenportal.org/portal/collections/individual/index.php?occid=178298
184856	MSC	MSC0112382	Imshaug, Henry A	20773	7.3	86.75	Michigan	Iron	46.485499	-88.894028	outside_boundary_exact	Michigan, Houghton County	Old Slate Mine, near Kenton	https://lichenportal.org/portal/collections/individual/index.php?occid=184856
187366	MSC	MSC0114713	Imshaug, Henry A	20780	7.3	86.75	Michigan	Iron	46.485499	-88.894028	outside_boundary_exact	Michigan, Houghton County	Near old slate mine, Kenton	https://lichenportal.org/portal/collections/individual/index.php?occid=187366
199114	MSC	MSC0136872	Imshaug, Henry A	20784	7.3	86.75	Michigan	Iron	46.485499	-88.894028	outside_boundary_exact	Michigan, Houghton County	Michigan ; Iron County: Near Kenton.	https://lichenportal.org/portal/collections/individual/index.php?occid=199114
202205	MSC	MSC0139873	Imshaug, Henry A	20744	7.3	86.75	Michigan	Iron	46.485499	-88.894028	outside_boundary_exact	Michigan, Houghton County	At Old Slate Mine near Kenton	https://lichenportal.org/portal/collections/individual/index.php?occid=202205
216117	MSC	MSC0023287	Imshaug, Henry A	20753	7.3	86.75	Michigan	Iron	46.485499	-88.894028	outside_boundary_exact	Michigan, Houghton County	Iron Co.: Old Slate Mine, near Kenton, Sect. 2, T. 46 N., R 37 W.	https://lichenportal.org/portal/collections/individual/index.php?occid=216117
219112	MSC	MSC0026393	Imshaug, Henry A	20787	7.3	86.75	Michigan	Iron	46.485499	-88.894028	outside_boundary_exact	Michigan, Houghton County	Old Slate Mine, near Kenton	https://lichenportal.org/portal/collections/individual/index.php?occid=219112
219334	MSC	MSC0026613	Imshaug, Henry A	NA	7.3	86.75	Michigan	Iron	46.485499	-88.894028	outside_boundary_exact	Michigan, Houghton County	Old SLate Mine, near Kenton	https://lichenportal.org/portal/collections/individual/index.php?occid=219334
219335	MSC	MSC0026614	Imshaug, Henry A	20788	7.3	86.75	Michigan	Iron	46.485499	-88.894028	outside_boundary_exact	Michigan, Houghton County	Old SLate Mine, near Kenton	https://lichenportal.org/portal/collections/individual/index.php?occid=219335
220357	MSC	MSC0027651	Imshaug, Henry A	20756	7.3	86.75	Michigan	Iron	46.485499	-88.894028	outside_boundary_exact	Michigan, Houghton County	Old Slate Mine, near Kenton	https://lichenportal.org/portal/collections/individual/index.php?occid=220357
220366	MSC	MSC0027660	Imshaug, Henry A	20740	7.3	86.75	Michigan	Iron	46.485499	-88.894028	outside_boundary_exact	Michigan, Houghton County	Old Slate Mine near Kenton	https://lichenportal.org/portal/collections/individual/index.php?occid=220366
223966	MSC	MSC0031255	Imshaug, Henry A	20755	7.3	86.75	Michigan	Iron	46.485499	-88.894028	outside_boundary_exact	Michigan, Houghton County	Old Slate Mine, near Kenton	https://lichenportal.org/portal/collections/individual/index.php?occid=223966
224151	MSC	MSC0031422	Imshaug, Henry A	20781	7.3	86.75	Michigan	Iron	46.485499	-88.894028	outside_boundary_exact	Michigan, Houghton County	Old Slate Mine, near Kenton	https://lichenportal.org/portal/collections/individual/index.php?occid=224151
224258	MSC	MSC0031519	Imshaug, Henry A	20776	7.3	86.75	Michigan	Iron	46.485499	-88.894028	outside_boundary_exact	Michigan, Houghton County	Iron County: Near old slate mine, near Kenton	https://lichenportal.org/portal/collections/individual/index.php?occid=224258
224531	MSC	MSC0031765	Imshaug, Henry A	20743	7.3	86.75	Michigan	Iron	46.485499	-88.894028	outside_boundary_exact	Michigan, Houghton County	Near old slate mine, Kenton	https://lichenportal.org/portal/collections/individual/index.php?occid=224531
225362	MSC	MSC0032537	Imshaug, Henry A	20741	7.3	86.75	Michigan	Iron	46.485499	-88.894028	outside_boundary_exact	Michigan, Houghton County	At old slate mine, near Kenton	https://lichenportal.org/portal/collections/individual/index.php?occid=225362
225515	MSC	MSC0032675	Imshaug, Henry A	20764	7.3	86.75	Michigan	Iron	46.485499	-88.894028	outside_boundary_exact	Michigan, Houghton County	Iron County: Near old slate mine, Kenton	https://lichenportal.org/portal/collections/individual/index.php?occid=225515
226566	MSC	MSC0033623	Imshaug, Henry A	20783	7.3	86.75	Michigan	Iron	46.485499	-88.894028	outside_boundary_exact	Michigan, Houghton County	Old slate mine near Kenton	https://lichenportal.org/portal/collections/individual/index.php?occid=226566
226766	MSC	MSC0033804	Harris, Richard C	NA	7.3	86.75	Michigan	Iron	46.485499	-88.894028	outside_boundary_exact	Michigan, Houghton County	At intersection of county road 657 and U.S. Forest road 139 S of Kenton	https://lichenportal.org/portal/collections/individual/index.php?occid=226766
226793	MSC	MSC0033829	Imshaug, Henry A	20786	7.3	86.75	Michigan	Iron	46.485499	-88.894028	outside_boundary_exact	Michigan, Houghton County	Old slate mine near Kenton	https://lichenportal.org/portal/collections/individual/index.php?occid=226793
227346	MSC	MSC0034336	Imshaug, Henry A	NA	7.3	86.75	Michigan	Iron	46.485499	-88.894028	outside_boundary_exact	Michigan, Houghton County	Old State Mine, near Kenton	https://lichenportal.org/portal/collections/individual/index.php?occid=227346
227488	MSC	MSC0034464	Imshaug, Henry A	20749	7.3	86.75	Michigan	Iron	46.485499	-88.894028	outside_boundary_exact	Michigan, Houghton County	Old State Mine, near Kenton	https://lichenportal.org/portal/collections/individual/index.php?occid=227488
227563	MSC	MSC0034531	Imshaug, Henry A	20772	7.3	86.75	Michigan	Iron	46.485499	-88.894028	outside_boundary_exact	Michigan, Houghton County	Old Slate Mine, near Kenton	https://lichenportal.org/portal/collections/individual/index.php?occid=227563
227589	MSC	MSC0034555	Imshaug, Henry A	20763	7.3	86.75	Michigan	Iron	46.485499	-88.894028	outside_boundary_exact	Michigan, Houghton County	Old State Mine near Kenton	https://lichenportal.org/portal/collections/individual/index.php?occid=227589
227604	MSC	MSC0034569	Imshaug, Henry A	20762	7.3	86.75	Michigan	Iron	46.485499	-88.894028	outside_boundary_exact	Michigan, Houghton County	Old Slate Mine, near Kenton	https://lichenportal.org/portal/collections/individual/index.php?occid=227604
227753	MSC	MSC0034702	Imshaug, Henry A	20736	7.3	86.75	Michigan	Iron	46.485499	-88.894028	outside_boundary_exact	Michigan, Houghton County	Old Slate Mine, near Kenton	https://lichenportal.org/portal/collections/individual/index.php?occid=227753
227971	MSC	MSC0034901	Imshaug, Henry A	20760	7.3	86.75	Michigan	Iron	46.485499	-88.894028	outside_boundary_exact	Michigan, Houghton County	Old State Mine near Kenton	https://lichenportal.org/portal/collections/individual/index.php?occid=227971
228086	MSC	MSC0035004	Imshaug, Henry A	20752	7.3	86.75	Michigan	Iron	46.485499	-88.894028	outside_boundary_exact	Michigan, Houghton County	Old slate mine near Kenton	https://lichenportal.org/portal/collections/individual/index.php?occid=228086
228234	MSC	MSC0035138	Imshaug, Henry A	20751	7.3	86.75	Michigan	Iron	46.485499	-88.894028	outside_boundary_exact	Michigan, Houghton County	At Old Slate Mine, near Kenton	https://lichenportal.org/portal/collections/individual/index.php?occid=228234
228767	MSC	MSC0035619	Imshaug, Henry A	20765	7.3	86.75	Michigan	Iron	46.485499	-88.894028	outside_boundary_exact	Michigan, Houghton County	Iron County: Old State Mine, near Kenton	https://lichenportal.org/portal/collections/individual/index.php?occid=228767
229456	MSC	MSC0036239	Imshaug, Henry A	20759	7.3	86.75	Michigan	Iron	46.485499	-88.894028	outside_boundary_exact	Michigan, Houghton County	Iin old slate mine near Kenton	https://lichenportal.org/portal/collections/individual/index.php?occid=229456
231092	MSC	MSC0037713	Imshaug, Henry A	20742	7.3	86.75	Michigan	Iron	46.485499	-88.894028	outside_boundary_exact	Michigan, Houghton County	Near Old Slate Mine, near Kenton	https://lichenportal.org/portal/collections/individual/index.php?occid=231092
231126	MSC	MSC0037744	Imshaug, Henry A	20742	7.3	86.75	Michigan	Iron	46.485499	-88.894028	outside_boundary_exact	Michigan, Houghton County	Near Old Slate Mine, near Kenton	https://lichenportal.org/portal/collections/individual/index.php?occid=231126
231157	MSC	MSC0037772	Imshaug, Henry A	NA	7.3	86.75	Michigan	Iron	46.485499	-88.894028	outside_boundary_exact	Michigan, Houghton County	Old Slate Mine, near Kenton	https://lichenportal.org/portal/collections/individual/index.php?occid=231157
231160	MSC	MSC0037775	Imshaug, Henry A	20790	7.3	86.75	Michigan	Iron	46.485499	-88.894028	outside_boundary_exact	Michigan, Houghton County	Old slate mine, near Kenton	https://lichenportal.org/portal/collections/individual/index.php?occid=231160
231305	MSC	MSC0037905	Imshaug, Henry A	20738	7.3	86.75	Michigan	Iron	46.485499	-88.894028	outside_boundary_exact	Michigan, Houghton County	At Old Slate Mine, near Kenton	https://lichenportal.org/portal/collections/individual/index.php?occid=231305
231441	MSC	MSC0038027	Imshaug, Henry A	20770	7.3	86.75	Michigan	Iron	46.485499	-88.894028	outside_boundary_exact	Michigan, Houghton County	Old Slate Mine, near Kenton	https://lichenportal.org/portal/collections/individual/index.php?occid=231441
231443	MSC	MSC0038029	Imshaug, Henry A	20778	7.3	86.75	Michigan	Iron	46.485499	-88.894028	outside_boundary_exact	Michigan, Houghton County	Old slate mine near Kenton	https://lichenportal.org/portal/collections/individual/index.php?occid=231443
231912	MSC	MSC0038451	Imshaug, Henry A	20767	7.3	86.75	Michigan	Iron	46.485499	-88.894028	outside_boundary_exact	Michigan, Houghton County	Old Slate Mine, near Kenton	https://lichenportal.org/portal/collections/individual/index.php?occid=231912
231971	MSC	MSC0038504	Imshaug, Henry A	20748	7.3	86.75	Michigan	Iron	46.485499	-88.894028	outside_boundary_exact	Michigan, Houghton County	Near Old Slate Mine, near Kenton	https://lichenportal.org/portal/collections/individual/index.php?occid=231971
232312	MSC	MSC0038811	Imshaug, Henry A	20761	7.3	86.75	Michigan	Iron	46.485499	-88.894028	outside_boundary_exact	Michigan, Houghton County	Old slate mine near Kenton	https://lichenportal.org/portal/collections/individual/index.php?occid=232312
232549	MSC	MSC0039027	Imshaug, Henry A	20766	7.3	86.75	Michigan	Iron	46.485499	-88.894028	outside_boundary_exact	Michigan, Houghton County	At Old Slate Mine near Kenton	https://lichenportal.org/portal/collections/individual/index.php?occid=232549
233189	MSC	MSC0039603	Imshaug, Henry A	20792	7.3	86.75	Michigan	Iron	46.485499	-88.894028	outside_boundary_exact	Michigan, Houghton County	Old Slate mine, near Kenton	https://lichenportal.org/portal/collections/individual/index.php?occid=233189
233812	MSC	MSC0040167	Imshaug, Henry A	20745	7.3	86.75	Michigan	Iron	46.485499	-88.894028	outside_boundary_exact	Michigan, Houghton County	Old Slate Mine, near Kenton	https://lichenportal.org/portal/collections/individual/index.php?occid=233812
234230	MSC	MSC0040543	Imshaug, Henry A	20771	7.3	86.75	Michigan	Iron	46.485499	-88.894028	outside_boundary_exact	Michigan, Houghton County	Old Slate Mine, near Kenton	https://lichenportal.org/portal/collections/individual/index.php?occid=234230
234341	MSC	MSC0040643	Imshaug, Henry A	NA	7.3	86.75	Michigan	Iron	46.485499	-88.894028	outside_boundary_exact	Michigan, Houghton County	Old Slate Mine near Kenton	https://lichenportal.org/portal/collections/individual/index.php?occid=234341
234964	MSC	MSC0041207	Imshaug, Henry A	20735	7.3	86.75	Michigan	Iron	46.485499	-88.894028	outside_boundary_exact	Michigan, Houghton County	Near old slate mine, Kenton	https://lichenportal.org/portal/collections/individual/index.php?occid=234964
235058	MSC	MSC0041292	Imshaug, Henry A	20737	7.3	86.75	Michigan	Iron	46.485499	-88.894028	outside_boundary_exact	Michigan, Houghton County	Old State Mine near Kenton	https://lichenportal.org/portal/collections/individual/index.php?occid=235058
235870	MSC	MSC0042038	Imshaug, Henry A	20758	7.3	86.75	Michigan	Iron	46.485499	-88.894028	outside_boundary_exact	Michigan, Houghton County	At Old Slate Mine near Kenton	https://lichenportal.org/portal/collections/individual/index.php?occid=235870
235913	MSC	MSC0042077	Imshaug, Henry A	20739	7.3	86.75	Michigan	Iron	46.485499	-88.894028	outside_boundary_exact	Michigan, Houghton County	At Old Slate Mine, near Kenton	https://lichenportal.org/portal/collections/individual/index.php?occid=235913
236039	MSC	MSC0042190	Imshaug, Henry A	20769	7.3	86.75	Michigan	Iron	46.485499	-88.894028	outside_boundary_exact	Michigan, Houghton County	Old Slate Mine, Kenton	https://lichenportal.org/portal/collections/individual/index.php?occid=236039
236409	MSC	MSC0042526	Imshaug, Henry A	20777	7.3	86.75	Michigan	Iron	46.485499	-88.894028	outside_boundary_exact	Michigan, Houghton County	Old Slate Mine, near Kenton	https://lichenportal.org/portal/collections/individual/index.php?occid=236409
238160	MSC	MSC0044114	Imshaug, Henry A	20754	7.3	86.75	Michigan	Iron	46.485499	-88.894028	outside_boundary_exact	Michigan, Houghton County	Old slate mine near Kenton	https://lichenportal.org/portal/collections/individual/index.php?occid=238160
240686	MSC	MSC0046407	Imshaug, Henry A	20774	7.3	86.75	Michigan	Iron	46.485499	-88.894028	outside_boundary_exact	Michigan, Houghton County	Old slate mine, near Kenton	https://lichenportal.org/portal/collections/individual/index.php?occid=240686
242476	MSC	MSC0048052	Imshaug, Henry A	20768	7.3	86.75	Michigan	Iron	46.485499	-88.894028	outside_boundary_exact	Michigan, Houghton County	Near old slate mine, Kenton	https://lichenportal.org/portal/collections/individual/index.php?occid=242476
243544	MSC	MSC0049020	Imshaug, Henry A	20785	7.3	86.75	Michigan	Iron	46.485499	-88.894028	outside_boundary_exact	Michigan, Houghton County	Old Slate Mine near Kenton	https://lichenportal.org/portal/collections/individual/index.php?occid=243544
243570	MSC	MSC0049044	Imshaug, Henry A	20791	7.3	86.75	Michigan	Iron	46.485499	-88.894028	outside_boundary_exact	Michigan, Houghton County	Old Slate Mine, near Kenton	https://lichenportal.org/portal/collections/individual/index.php?occid=243570
270617	MSC	MSC0075589	Imshaug, Henry A	20734	7.3	86.75	Michigan	Iron	46.485499	-88.894028	outside_boundary_exact	Michigan, Houghton County	Near old slate mine, Kenton	https://lichenportal.org/portal/collections/individual/index.php?occid=270617
276971	MSC	MSC0081351	Imshaug, Henry A	20765	7.3	86.75	Michigan	Iron	46.485499	-88.894028	outside_boundary_exact	Michigan, Houghton County	Near Kenton	https://lichenportal.org/portal/collections/individual/index.php?occid=276971
281757	MSC	MSC0091122	Imshaug, Henry A	20773	7.3	86.75	Michigan	Iron	46.485499	-88.894028	outside_boundary_exact	Michigan, Houghton County	Iron county: Old Slate Mine, near Kenton	https://lichenportal.org/portal/collections/individual/index.php?occid=281757
187804	MSC	MSC0116014	Pipoly, J J	133	6.75	115.66	Michigan	Ontonagon	46.704687	-89.970439	outside_boundary_exact	Michigan, Gogebic County	Ontonagon County: Presque Isle campground, Manido Falls	https://lichenportal.org/portal/collections/individual/index.php?occid=187804
187834	MSC	MSC0116161	Pipoly, J J	134	6.75	115.66	Michigan	Ontonagon	46.704687	-89.970439	outside_boundary_exact	Michigan, Gogebic County	Ontonagon County: Presque Isle campground, Manido Falls	https://lichenportal.org/portal/collections/individual/index.php?occid=187834
187836	MSC	MSC0116163	Pipoly, J J	134	6.75	115.66	Michigan	Ontonagon	46.704687	-89.970439	outside_boundary_exact	Michigan, Gogebic County	Ontonagon County: Presque Isle campground, Manido Falls	https://lichenportal.org/portal/collections/individual/index.php?occid=187836
279315	MSC	MSC0083668	Pipoly, J J	NA	6.72	115.65	Michigan	Ontonagon	46.704926	-89.970659	outside_boundary_exact	Michigan, Gogebic County	Porcupine Mountains State Park, Presque Isle Campground, Manido Falls	https://lichenportal.org/portal/collections/individual/index.php?occid=279315
230515	MSC	MSC0037195	Imshaug, Henry A	20775	6.67	86.28	Michigan	Iron	46.479825	-88.893685	outside_boundary_exact	Michigan, Houghton County	Old State Min, 1/2 mile south of county line, near Kenton	https://lichenportal.org/portal/collections/individual/index.php?occid=230515
177836	MSC	MSC0100248	Malachowski, James	5615	6.41	115.49	Michigan	Ontonagon	46.707718	-89.971941	outside_boundary_exact	Michigan, Gogebic County	Ontonagon county: manabezno falls, big presque isle river	https://lichenportal.org/portal/collections/individual/index.php?occid=177836
177846	MSC	MSC0100257	Malachowski, James	5637	6.41	115.49	Michigan	Ontonagon	46.707733	-89.972006	outside_boundary_exact	Michigan, Gogebic County	Ontonagon county: Manabezno falls. Big Presque Isle River	https://lichenportal.org/portal/collections/individual/index.php?occid=177846
178756	MSC	MSC0101079	Malachowski, James	5643	6.41	115.5	Michigan	Ontonagon	46.707689	-89.972134	outside_boundary_exact	Michigan, Gogebic County	Ontonagon County: Hemlock, birch, Thuja, and pine woods, Manabezno Falls, Big Presque Isle River.	https://lichenportal.org/portal/collections/individual/index.php?occid=178756
178758	MSC	MSC0101080	Malachowski, James	5631	6.41	115.5	Michigan	Ontonagon	46.707689	-89.972134	outside_boundary_exact	Michigan, Gogebic County	Ontonagon County: Hemlock, birch, Thuja, and pine woods, Manabezno Falls, Big Presque Isle River.	https://lichenportal.org/portal/collections/individual/index.php?occid=178758
178759	MSC	MSC0101081	Malachowski, James	5611	6.41	115.5	Michigan	Ontonagon	46.707689	-89.972134	outside_boundary_exact	Michigan, Gogebic County	Ontonagon County: Hemlock, birch, Thuja, and pine woods, Manabezno Falls, Big Presque Isle River.	https://lichenportal.org/portal/collections/individual/index.php?occid=178759
225477	MSC	MSC0032640	Malachowski, James	5636	6.41	115.49	Michigan	Ontonagon	46.707689	-89.971855	outside_boundary_exact	Michigan, Gogebic County	Ontonagon County: Manabezno Falls, Big Presque Isle River	https://lichenportal.org/portal/collections/individual/index.php?occid=225477
225478	MSC	MSC0032641	Malachowski, James	5632	6.41	115.49	Michigan	Ontonagon	46.707689	-89.971855	outside_boundary_exact	Michigan, Gogebic County	Ontonagon County: Manabezno Falls, Big Presque Isle River	https://lichenportal.org/portal/collections/individual/index.php?occid=225478
234022	MSC	MSC0040356	Malachowski, James	5635	6.41	115.49	Michigan	Ontonagon	46.707735	-89.971999	outside_boundary_exact	Michigan, Gogebic County	Hemlock, birch, Thuja, & pine woods, Manabezno Falls, Big Presque Isle River	https://lichenportal.org/portal/collections/individual/index.php?occid=234022
236086	MSC	MSC0042234	Malachowski, James	5644	6.41	115.48	Michigan	Ontonagon	46.707701	-89.971727	outside_boundary_exact	Michigan, Gogebic County	Hemlock, birch, Thuja, & pine woods, Manabenzo Falls, Big Presque Isle River	https://lichenportal.org/portal/collections/individual/index.php?occid=236086
238596	MSC	MSC0044507	Malachowski, James	5603	6.41	115.48	Michigan	Ontonagon	46.707705	-89.971763	outside_boundary_exact	Michigan, Gogebic County	Manabzno Falls, Big Presque Isle River	https://lichenportal.org/portal/collections/individual/index.php?occid=238596
241991	MSC	MSC0047609	Malachowski, James	5631	6.41	115.49	Michigan	Ontonagon	46.707764	-89.971913	outside_boundary_exact	Michigan, Gogebic County	Manabenzo Falls, Big Presque Isle River	https://lichenportal.org/portal/collections/individual/index.php?occid=241991
241993	MSC	MSC0047610	Malachowski, James	5633	6.41	115.49	Michigan	Ontonagon	46.707764	-89.971913	outside_boundary_exact	Michigan, Gogebic County	Manabenzo Falls, Big Presque Isle River	https://lichenportal.org/portal/collections/individual/index.php?occid=241993
241994	MSC	MSC0047611	Malachowski, James	5635	6.41	115.49	Michigan	Ontonagon	46.707764	-89.971913	outside_boundary_exact	Michigan, Gogebic County	Manabenzo Falls, Big Presque Isle River	https://lichenportal.org/portal/collections/individual/index.php?occid=241994
241995	MSC	MSC0047612	Malachowski, James	5637	6.41	115.49	Michigan	Ontonagon	46.707764	-89.971913	outside_boundary_exact	Michigan, Gogebic County	Manabenzo Falls, Big Presque Isle River	https://lichenportal.org/portal/collections/individual/index.php?occid=241995
177837	MSC	MSC0100249	Malachowski, James	5620	6.4	115.48	Michigan	Ontonagon	46.707792	-89.97177	outside_boundary_exact	Michigan, Gogebic County	Ontonagon county: Manabezno Falls, Big Presque Isle River	https://lichenportal.org/portal/collections/individual/index.php?occid=177837
177839	MSC	MSC0100250	Malachowski, James	5622	6.4	115.48	Michigan	Ontonagon	46.707792	-89.97177	outside_boundary_exact	Michigan, Gogebic County	Ontonagon county: Manabezno Falls, Big Presque Isle River	https://lichenportal.org/portal/collections/individual/index.php?occid=177839
177840	MSC	MSC0100251	Malachowski, James	5627	6.4	115.48	Michigan	Ontonagon	46.707792	-89.97177	outside_boundary_exact	Michigan, Gogebic County	Ontonagon county: Manabezno Falls, Big Presque Isle River	https://lichenportal.org/portal/collections/individual/index.php?occid=177840
177841	MSC	MSC0100252	Malachowski, James	5625	6.4	115.48	Michigan	Ontonagon	46.707792	-89.97177	outside_boundary_exact	Michigan, Gogebic County	Ontonagon county: Manabezno Falls, Big Presque Isle River	https://lichenportal.org/portal/collections/individual/index.php?occid=177841
177842	MSC	MSC0100253	Malachowski, James	5624	6.4	115.48	Michigan	Ontonagon	46.707792	-89.97177	outside_boundary_exact	Michigan, Gogebic County	Ontonagon county: Manabezno Falls, Big Presque Isle River	https://lichenportal.org/portal/collections/individual/index.php?occid=177842
177843	MSC	MSC0100254	Malachowski, James	5628	6.4	115.48	Michigan	Ontonagon	46.707792	-89.97177	outside_boundary_exact	Michigan, Gogebic County	Ontonagon county: Manabezno Falls, Big Presque Isle River	https://lichenportal.org/portal/collections/individual/index.php?occid=177843
202839	MSC	MSC0140469	Malachowski, James	5634	6.4	115.48	Michigan	Ontonagon	46.707779	-89.971849	outside_boundary_exact	Michigan, Gogebic County	Manabezno Falls, Big Presque Isle River.	https://lichenportal.org/portal/collections/individual/index.php?occid=202839
202841	MSC	MSC0140470	Malachowski, James	5605	6.4	115.48	Michigan	Ontonagon	46.707779	-89.971849	outside_boundary_exact	Michigan, Gogebic County	Manabezno Falls, Big Presque Isle River.	https://lichenportal.org/portal/collections/individual/index.php?occid=202841
205397	MSC	MSC0144286	Malachowski, James	5637	6.4	115.48	Michigan	Ontonagon	46.707779	-89.971849	outside_boundary_exact	Michigan, Gogebic County	Manabezno Falls, Big Presque Isle River.	https://lichenportal.org/portal/collections/individual/index.php?occid=205397
216052	MSC	MSC0023221	Malachowski, James	5618	6.4	115.48	Michigan	Ontonagon	46.707779	-89.971849	outside_boundary_exact	Michigan, Gogebic County	Manabezno Falls, Big Presque Isle River	https://lichenportal.org/portal/collections/individual/index.php?occid=216052
224614	MSC	MSC0031840	Malachowski, James	5649	6.4	115.48	Michigan	Ontonagon	46.707779	-89.971849	outside_boundary_exact	Michigan, Gogebic County	Manabezno Falls, Big Presque Isle River	https://lichenportal.org/portal/collections/individual/index.php?occid=224614
225374	MSC	MSC0032548	Malachowski, James	5655	6.4	115.48	Michigan	Ontonagon	46.707779	-89.971849	outside_boundary_exact	Michigan, Gogebic County	Manabezno Falls, Big Presque Isle River	https://lichenportal.org/portal/collections/individual/index.php?occid=225374
225375	MSC	MSC0032549	Malachowski, James	5647	6.4	115.48	Michigan	Ontonagon	46.707779	-89.971849	outside_boundary_exact	Michigan, Gogebic County	Manabezno Falls, Big Presque Isle River	https://lichenportal.org/portal/collections/individual/index.php?occid=225375
227645	MSC	MSC0034605	Malachowski, James	5654	6.4	115.48	Michigan	Ontonagon	46.707779	-89.971849	outside_boundary_exact	Michigan, Gogebic County	Manabezno Falls, Big Presque Isle River	https://lichenportal.org/portal/collections/individual/index.php?occid=227645
229315	MSC	MSC0036111	Malachowski, James	5642	6.4	115.48	Michigan	Ontonagon	46.707779	-89.971849	outside_boundary_exact	Michigan, Gogebic County	Manabezno Falls, Big Presque Isle River	https://lichenportal.org/portal/collections/individual/index.php?occid=229315
229632	MSC	MSC0036398	Malachowski, James	5646	6.4	115.48	Michigan	Ontonagon	46.707779	-89.971849	outside_boundary_exact	Michigan, Gogebic County	Manabezno Falls, Big Presque Isle River	https://lichenportal.org/portal/collections/individual/index.php?occid=229632
230126	MSC	MSC0036843	Malachowski, James	NA	6.4	115.48	Michigan	Ontonagon	46.707779	-89.971849	outside_boundary_exact	Michigan, Gogebic County	Manabezno Falls, Big Presque Isle River	https://lichenportal.org/portal/collections/individual/index.php?occid=230126
230127	MSC	MSC0036844	Malachowski, James	5621	6.4	115.48	Michigan	Ontonagon	46.707779	-89.971849	outside_boundary_exact	Michigan, Gogebic County	Manabezno Falls, Big Presque Isle River	https://lichenportal.org/portal/collections/individual/index.php?occid=230127
230358	MSC	MSC0037052	Malachowski, James	5619	6.4	115.48	Michigan	Ontonagon	46.707779	-89.971849	outside_boundary_exact	Michigan, Gogebic County	Manabezno Falls, Big Presque Isle River	https://lichenportal.org/portal/collections/individual/index.php?occid=230358
233058	MSC	MSC0039486	Malachowski, James	5645	6.4	115.48	Michigan	Ontonagon	46.707779	-89.971849	outside_boundary_exact	Michigan, Gogebic County	Manabezno Falls, Big Presque Isle River	https://lichenportal.org/portal/collections/individual/index.php?occid=233058
233285	MSC	MSC0039690	Malachowski, James	5616	6.4	115.48	Michigan	Ontonagon	46.707779	-89.971849	outside_boundary_exact	Michigan, Gogebic County	Manabezno Falls, Big Presque Isle River	https://lichenportal.org/portal/collections/individual/index.php?occid=233285
234812	MSC	MSC0041069	Malachowski, James	5651	6.4	115.48	Michigan	Ontonagon	46.707779	-89.971849	outside_boundary_exact	Michigan, Gogebic County	Manabezno Falls, Big Presque Isle River	https://lichenportal.org/portal/collections/individual/index.php?occid=234812
236333	MSC	MSC0042458	Malachowski, James	5608	6.4	115.48	Michigan	Ontonagon	46.707779	-89.971849	outside_boundary_exact	Michigan, Gogebic County	Manabezno Falls, Big Presque Isle River	https://lichenportal.org/portal/collections/individual/index.php?occid=236333
238473	MSC	MSC0044397	Malachowski, James	5635	6.4	115.48	Michigan	Ontonagon	46.707779	-89.971849	outside_boundary_exact	Michigan, Gogebic County	Manabezno Falls, Big Presque Isle River	https://lichenportal.org/portal/collections/individual/index.php?occid=238473
240811	MSC	MSC0046520	Malachowski, James	5639	6.4	115.48	Michigan	Ontonagon	46.707779	-89.971849	outside_boundary_exact	Michigan, Gogebic County	Manabezno Falls, Big Presque Isle River	https://lichenportal.org/portal/collections/individual/index.php?occid=240811
240812	MSC	MSC0046521	Malachowski, James	5638	6.4	115.48	Michigan	Ontonagon	46.707779	-89.971849	outside_boundary_exact	Michigan, Gogebic County	Manabezno Falls, Big Presque Isle River	https://lichenportal.org/portal/collections/individual/index.php?occid=240812
240817	MSC	MSC0046526	Malachowski, James	5641	6.4	115.48	Michigan	Ontonagon	46.707779	-89.971849	outside_boundary_exact	Michigan, Gogebic County	Manabezno Falls, Big Presque Isle River	https://lichenportal.org/portal/collections/individual/index.php?occid=240817
240818	MSC	MSC0046527	Malachowski, James	5634	6.4	115.48	Michigan	Ontonagon	46.707779	-89.971849	outside_boundary_exact	Michigan, Gogebic County	Manabezno Falls, Big Presque Isle River	https://lichenportal.org/portal/collections/individual/index.php?occid=240818
240819	MSC	MSC0046528	Malachowski, James	5630	6.4	115.48	Michigan	Ontonagon	46.707779	-89.971849	outside_boundary_exact	Michigan, Gogebic County	Manabezno Falls, Big Presque Isle River	https://lichenportal.org/portal/collections/individual/index.php?occid=240819
240820	MSC	MSC0046529	Malachowski, James	5612	6.4	115.48	Michigan	Ontonagon	46.707779	-89.971849	outside_boundary_exact	Michigan, Gogebic County	Manabezno Falls, Big Presque Isle River	https://lichenportal.org/portal/collections/individual/index.php?occid=240820
240822	MSC	MSC0046530	Malachowski, James	5611	6.4	115.48	Michigan	Ontonagon	46.707779	-89.971849	outside_boundary_exact	Michigan, Gogebic County	Manabezno Falls, Big Presque Isle River	https://lichenportal.org/portal/collections/individual/index.php?occid=240822
240823	MSC	MSC0046531	Malachowski, James	5610	6.4	115.48	Michigan	Ontonagon	46.707779	-89.971849	outside_boundary_exact	Michigan, Gogebic County	Manabezno Falls, Big Presque Isle River	https://lichenportal.org/portal/collections/individual/index.php?occid=240823
240824	MSC	MSC0046532	Malachowski, James	5609	6.4	115.48	Michigan	Ontonagon	46.707779	-89.971849	outside_boundary_exact	Michigan, Gogebic County	Manabezno Falls, Big Presque Isle River	https://lichenportal.org/portal/collections/individual/index.php?occid=240824
240825	MSC	MSC0046533	Malachowski, James	5607	6.4	115.48	Michigan	Ontonagon	46.707779	-89.971849	outside_boundary_exact	Michigan, Gogebic County	Manabezno Falls, Big Presque Isle River	https://lichenportal.org/portal/collections/individual/index.php?occid=240825
240826	MSC	MSC0046534	Malachowski, James	5606	6.4	115.48	Michigan	Ontonagon	46.707779	-89.971849	outside_boundary_exact	Michigan, Gogebic County	Manabezno Falls, Big Presque Isle River	https://lichenportal.org/portal/collections/individual/index.php?occid=240826
240827	MSC	MSC0046535	Malachowski, James	5605	6.4	115.48	Michigan	Ontonagon	46.707779	-89.971849	outside_boundary_exact	Michigan, Gogebic County	Manabezno Falls, Big Presque Isle River	https://lichenportal.org/portal/collections/individual/index.php?occid=240827
240828	MSC	MSC0046536	Malachowski, James	5604	6.4	115.48	Michigan	Ontonagon	46.707779	-89.971849	outside_boundary_exact	Michigan, Gogebic County	Manabezno Falls, Big Presque Isle River	https://lichenportal.org/portal/collections/individual/index.php?occid=240828
241528	MSC	MSC0047190	Malachowski, James	5648	6.4	115.48	Michigan	Ontonagon	46.707779	-89.971849	outside_boundary_exact	Michigan, Gogebic County	Manabezno Falls, Big Presque Isle River	https://lichenportal.org/portal/collections/individual/index.php?occid=241528
270586	MSC	MSC0075560	Malachowski, James	5601	6.4	115.48	Michigan	Ontonagon	46.707779	-89.971849	outside_boundary_exact	Michigan, Gogebic County	Manabezno Falls, Big Presque Isle River	https://lichenportal.org/portal/collections/individual/index.php?occid=270586
271710	MSC	MSC0076578	Malachowski, James	5613	6.4	115.48	Michigan	Ontonagon	46.707779	-89.971849	outside_boundary_exact	Michigan, Gogebic County	Manabezno Falls, Big Presque Isle River	https://lichenportal.org/portal/collections/individual/index.php?occid=271710
271719	MSC	MSC0076586	Malachowski, James	5640	6.4	115.48	Michigan	Ontonagon	46.707779	-89.971849	outside_boundary_exact	Michigan, Gogebic County	Manabezno Falls, Big Presque Isle River	https://lichenportal.org/portal/collections/individual/index.php?occid=271719
274990	MSC	MSC0079540	Malachowski, James	5650	6.4	115.48	Michigan	Ontonagon	46.707779	-89.971849	outside_boundary_exact	Michigan, Gogebic County	Manabezno Falls, Big Presque Isle River	https://lichenportal.org/portal/collections/individual/index.php?occid=274990
274991	MSC	MSC0079541	Malachowski, James	5652	6.4	115.48	Michigan	Ontonagon	46.707779	-89.971849	outside_boundary_exact	Michigan, Gogebic County	Manabezno Falls, Big Presque Isle River	https://lichenportal.org/portal/collections/individual/index.php?occid=274991
225312	MSC	MSC0032492	Harris, R.	418	6.37	51.09	Michigan	Barry	42.362725	-85.356329	outside_boundary_exact	Michigan, Kalamazoo County	Kellogg Forest	https://lichenportal.org/portal/collections/individual/index.php?occid=225312
229631	MSC	MSC0036397	Malachowski, James	5653	6.1	115.39	Michigan	Ontonagon	46.710501	-89.974338	outside_boundary_exact	not_found_in_US	Big Presque Isle River	https://lichenportal.org/portal/collections/individual/index.php?occid=229631
226267	MSC	MSC0033354	Harris, Richard C	NA	5.14	93.56	Michigan	Luce	46.603838	-85.172394	outside_boundary_exact	Michigan, Chippewa County	Banks of Taguamenon RIver, Tahquamenon State Park	https://lichenportal.org/portal/collections/individual/index.php?occid=226267
230678	MSC	MSC0037341	Harris, R.	1131	5.14	93.56	Michigan	Luce	46.603838	-85.172394	outside_boundary_exact	Michigan, Chippewa County	Banks of Tahquamenon River, Tahquamenon St. Park	https://lichenportal.org/portal/collections/individual/index.php?occid=230678
233342	MSC	MSC0039742	Imshaug, Henry A	19881	5.14	93.56	Michigan	Luce	46.603838	-85.172394	outside_boundary_exact	Michigan, Chippewa County	At Upper Tahwuamenon Falls	https://lichenportal.org/portal/collections/individual/index.php?occid=233342
240598	MSC	MSC0046326	Harris, Richard C	1138	5.14	93.56	Michigan	Luce	46.603838	-85.172394	outside_boundary_exact	Michigan, Chippewa County	Banks of Tahquamenon River, Tahquamenon St. Park	https://lichenportal.org/portal/collections/individual/index.php?occid=240598
240599	MSC	MSC0046327	Harris, Richard C	1139	5.14	93.56	Michigan	Luce	46.603838	-85.172394	outside_boundary_exact	Michigan, Chippewa County	Banks of Tahquamenon River, Tahquamenon St. Park	https://lichenportal.org/portal/collections/individual/index.php?occid=240599
220397	MSC	MSC0027691	Imshaug, Henry A	19436	5.12	130.59	Michigan	Alcona	44.717174	-83.953334	outside_boundary_exact	Michigan, Oscoda County	Between Curran and Fairview	https://lichenportal.org/portal/collections/individual/index.php?occid=220397
224529	MSC	MSC0031763	Imshaug, Henry A	19447	5.12	130.59	Michigan	Alcona	44.717174	-83.953334	outside_boundary_exact	Michigan, Oscoda County	Between Curran and Fairview	https://lichenportal.org/portal/collections/individual/index.php?occid=224529
225416	MSC	MSC0032586	Imshaug, Henry A	19450	5.12	130.59	Michigan	Alcona	44.717174	-83.953334	outside_boundary_exact	Michigan, Oscoda County	Between Curran and Fairview	https://lichenportal.org/portal/collections/individual/index.php?occid=225416
226855	MSC	MSC0033885	Imshaug, Henry A	19451	5.12	130.59	Michigan	Alcona	44.717174	-83.953334	outside_boundary_exact	Michigan, Oscoda County	Between Curran and Fairview	https://lichenportal.org/portal/collections/individual/index.php?occid=226855
229111	MSC	MSC0035929	Imshaug, Henry A	19435	5.12	130.59	Michigan	Alcona	44.717174	-83.953334	outside_boundary_exact	Michigan, Oscoda County	Between Curran and Fairview	https://lichenportal.org/portal/collections/individual/index.php?occid=229111
229113	MSC	MSC0035930	Imshaug, Henry A	19437	5.12	130.59	Michigan	Alcona	44.717174	-83.953334	outside_boundary_exact	Michigan, Oscoda County	Between Curran and Fairview	https://lichenportal.org/portal/collections/individual/index.php?occid=229113
229705	MSC	MSC0036463	Imshaug, Henry A	19428	5.12	130.59	Michigan	Alcona	44.717174	-83.953334	outside_boundary_exact	Michigan, Oscoda County	Between Curran and Fairview	https://lichenportal.org/portal/collections/individual/index.php?occid=229705
229748	MSC	MSC0036501	Imshaug, Henry A	19422	5.12	130.59	Michigan	Alcona	44.717174	-83.953334	outside_boundary_exact	Michigan, Oscoda County	Between Curran and Fairview	https://lichenportal.org/portal/collections/individual/index.php?occid=229748
230093	MSC	MSC0036813	Imshaug, Henry A	19433	5.12	130.59	Michigan	Alcona	44.717174	-83.953334	outside_boundary_exact	Michigan, Oscoda County	Between Curran and Fairview	https://lichenportal.org/portal/collections/individual/index.php?occid=230093
230502	MSC	MSC0037183	Imshaug, Henry A	19430	5.12	130.59	Michigan	Alcona	44.717174	-83.953334	outside_boundary_exact	Michigan, Oscoda County	Between Curran and Fairview	https://lichenportal.org/portal/collections/individual/index.php?occid=230502
231353	MSC	MSC0037949	Imshaug, Henry A	19429	5.12	130.59	Michigan	Alcona	44.717174	-83.953334	outside_boundary_exact	Michigan, Oscoda County	Between Curran and Fairview	https://lichenportal.org/portal/collections/individual/index.php?occid=231353
231983	MSC	MSC0038515	Imshaug, Henry A	19423	5.12	130.59	Michigan	Alcona	44.717174	-83.953334	outside_boundary_exact	Michigan, Oscoda County	Between Curran and Fairview	https://lichenportal.org/portal/collections/individual/index.php?occid=231983
232450	MSC	MSC0038939	Imshaug, Henry A	19424	5.12	130.59	Michigan	Alcona	44.717174	-83.953334	outside_boundary_exact	Michigan, Oscoda County	Between Curran and Fairview	https://lichenportal.org/portal/collections/individual/index.php?occid=232450
234975	MSC	MSC0041217	Imshaug, Henry A	19438	5.12	130.59	Michigan	Alcona	44.717174	-83.953334	outside_boundary_exact	Michigan, Oscoda County	Between Curran and Fairview	https://lichenportal.org/portal/collections/individual/index.php?occid=234975
236406	MSC	MSC0042523	Imshaug, Henry A	19441	5.12	130.59	Michigan	Alcona	44.717174	-83.953334	outside_boundary_exact	Michigan, Oscoda County	Between Curran and Fairview	https://lichenportal.org/portal/collections/individual/index.php?occid=236406
237189	MSC	MSC0043231	Imshaug, Henry A	19434	5.12	130.59	Michigan	Alcona	44.717174	-83.953334	outside_boundary_exact	Michigan, Oscoda County	Between Curran and Fairview	https://lichenportal.org/portal/collections/individual/index.php?occid=237189
237204	MSC	MSC0043245	Imshaug, Henry A	19446	5.12	130.59	Michigan	Alcona	44.717174	-83.953334	outside_boundary_exact	Michigan, Oscoda County	Between Curran and Fairview	https://lichenportal.org/portal/collections/individual/index.php?occid=237204
238535	MSC	MSC0044452	Imshaug, Henry A	19443	5.12	130.59	Michigan	Alcona	44.717174	-83.953334	outside_boundary_exact	Michigan, Oscoda County	Between Curran and Fairview	https://lichenportal.org/portal/collections/individual/index.php?occid=238535
239018	MSC	MSC0044895	Imshaug, Henry A	NA	5.12	130.59	Michigan	Alcona	44.717174	-83.953334	outside_boundary_exact	Michigan, Oscoda County	Between Curran and Fairview	https://lichenportal.org/portal/collections/individual/index.php?occid=239018
239288	MSC	MSC0045137	Imshaug, Henry A	19440	5.12	130.59	Michigan	Alcona	44.717174	-83.953334	outside_boundary_exact	Michigan, Oscoda County	Between Curran and Fairview	https://lichenportal.org/portal/collections/individual/index.php?occid=239288
271626	MSC	MSC0076501	Imshaug, Henry A	19442	5.12	130.59	Michigan	Alcona	44.717174	-83.953334	outside_boundary_exact	Michigan, Oscoda County	Between Curran and Fairview	https://lichenportal.org/portal/collections/individual/index.php?occid=271626
271847	MSC	MSC0076700	Imshaug, Henry A	19444	5.12	130.59	Michigan	Alcona	44.717174	-83.953334	outside_boundary_exact	Michigan, Oscoda County	Between Curran and Fairview	https://lichenportal.org/portal/collections/individual/index.php?occid=271847
224376	MSC	MSC0031625	Imshaug, Henry A	NA	5.09	59.2	Michigan	Emmet	45.75	-84.666667	outside_boundary_exact	not_found_in_US	Emmet County: Straits of Mackinac W of Mackinac City	https://lichenportal.org/portal/collections/individual/index.php?occid=224376
228792	MSC	MSC0035641	Erbisch, F H	959	4.77	59.88	Michigan	Washtenaw	42.175536	-83.484004	outside_boundary_exact	Michigan, Wayne County	Along Bemis Rd, 3 mi. E of Whittaker Rd., near Ypsilanti, Michigan	https://lichenportal.org/portal/collections/individual/index.php?occid=228792
179099	MSC	MSC0101411	Imshaug, Henry A	19439	4.58	130.2	Michigan	Alcona	44.724492	-83.946467	outside_boundary_exact	Michigan, Oscoda County	Alcona County: In jackpine-oak woods between Curran and Fairview	https://lichenportal.org/portal/collections/individual/index.php?occid=179099
225601	MSC	MSC0032753	Wang, S. C	895	4.32	48.4	Michigan	Antrim	44.820251	-85.17654	outside_boundary_exact	Michigan, Kalkaska County	8 miles southwest of Mancelona,	https://lichenportal.org/portal/collections/individual/index.php?occid=225601
232191	MSC	MSC0038702	Wang, S. C	296	4.32	66.87	Michigan	Cheboygan	45.664804	-84.786994	outside_boundary_exact	Michigan, Emmet County	2 miles north of Levering Road	https://lichenportal.org/portal/collections/individual/index.php?occid=232191
229677	MSC	MSC0036438	Imshaug, Henry A	2825	4.28	57.77	Michigan	Cheboygan	45.553686	-84.785457	outside_boundary_exact	Michigan, Emmet County	Midway from Cheboygan-Pellston road to Douglas Lake Hotel	https://lichenportal.org/portal/collections/individual/index.php?occid=229677
230036	MSC	MSC0036762	Wang, S. C	1224	4.12	48.22	Michigan	Crawford	44.474257	-84.66184	outside_boundary_exact	Michigan, Roscommon County	3 miles E of N end of Higgins Lake	https://lichenportal.org/portal/collections/individual/index.php?occid=230036
231779	MSC	MSC0038331	Wang, S. C	1226	4.12	48.22	Michigan	Crawford	44.474257	-84.66184	outside_boundary_exact	Michigan, Roscommon County	3 miles east of north end of Higgins Lake	https://lichenportal.org/portal/collections/individual/index.php?occid=231779
232275	MSC	MSC0038779	Wang, S. C	NA	4.12	48.22	Michigan	Crawford	44.474257	-84.66184	outside_boundary_exact	Michigan, Roscommon County	3 miles east of north end of Higgins Lake	https://lichenportal.org/portal/collections/individual/index.php?occid=232275
232980	MSC	MSC0039415	Wang, S. C	NA	4.12	48.22	Michigan	Crawford	44.474257	-84.66184	outside_boundary_exact	Michigan, Roscommon County	3 miles E of N end of Higgins Lake	https://lichenportal.org/portal/collections/individual/index.php?occid=232980
232981	MSC	MSC0039416	Wang, S. C	1225	4.12	48.22	Michigan	Crawford	44.474257	-84.66184	outside_boundary_exact	Michigan, Roscommon County	3 miles E of N end of Higgins Lake	https://lichenportal.org/portal/collections/individual/index.php?occid=232981
236312	MSC	MSC0042439	Wang, S. C	1232	4.12	48.22	Michigan	Crawford	44.474257	-84.66184	outside_boundary_exact	Michigan, Roscommon County	3 miles E of N end of Higgins Lake	https://lichenportal.org/portal/collections/individual/index.php?occid=236312
237383	MSC	MSC0043408	Wang, S. C	1230	4.12	48.22	Michigan	Crawford	44.474257	-84.66184	outside_boundary_exact	Michigan, Roscommon County	3 miles E of N oend of Higgins Lake	https://lichenportal.org/portal/collections/individual/index.php?occid=237383
237384	MSC	MSC0043409	Wang, S. C	1235	4.12	48.22	Michigan	Crawford	44.474257	-84.66184	outside_boundary_exact	Michigan, Roscommon County	3 miles E of N end of Higgins Lake	https://lichenportal.org/portal/collections/individual/index.php?occid=237384
236411	MSC	MSC0042528	Imshaug, Henry A	2839	3.96	57.32	Michigan	Cheboygan	45.550801	-84.781337	outside_boundary_exact	Michigan, Emmet County	Midway from Douglas Lake Hotel to Cheboygan-Pellston road	https://lichenportal.org/portal/collections/individual/index.php?occid=236411
224473	MSC	MSC0031712	Imshaug, Henry A	2832	3.9	57.5	Michigan	Cheboygan	45.553686	-84.78065	outside_boundary_exact	Michigan, Emmet County	Midway from Douglas Lake Hotel to Cheboygan - Pellston road	https://lichenportal.org/portal/collections/individual/index.php?occid=224473
237206	MSC	MSC0043247	Imshaug, Henry A	NA	3.9	57.5	Michigan	Cheboygan	45.553686	-84.78065	outside_boundary_exact	Michigan, Emmet County	Midway from Douglas Lake Hotel to Cheboygan - Pellston road	https://lichenportal.org/portal/collections/individual/index.php?occid=237206
238547	MSC	MSC0044463	Imshaug, Henry A	2833	3.9	57.5	Michigan	Cheboygan	45.553686	-84.78065	outside_boundary_exact	Michigan, Emmet County	Midway from Douglas Lake Hotel to Cheboygan - Pellston road	https://lichenportal.org/portal/collections/individual/index.php?occid=238547
238959	MSC	MSC0044836	Imshaug, Henry A	2823	3.39	57	Michigan	Cheboygan	45.552004	-84.774127	outside_boundary_exact	Michigan, Emmet County	Midway from Douglas Lake Hote to Cheboygan- Pellston Road	https://lichenportal.org/portal/collections/individual/index.php?occid=238959
233004	MSC	MSC0039437	Imshaug, Henry A	25869	3.17	61.04	Michigan	Emmet	45.776346	-84.691386	outside_boundary_exact	not_found_in_US	Straits of Mackinac W of Mackinac City	https://lichenportal.org/portal/collections/individual/index.php?occid=233004
223947	MSC	MSC0031238	Imshaug, Henry A	19448	3.12	128.78	Michigan	Alcona	44.72596	-83.927928	outside_boundary_exact	Michigan, Oscoda County	Between Curran & Fairview	https://lichenportal.org/portal/collections/individual/index.php?occid=223947
237008	MSC	MSC0043066	Imshaug, Henry A	19425	2.96	128.69	Michigan	Alcona	44.729285	-83.925972	outside_boundary_exact	Michigan, Oscoda County	Between Currsn and Fairview	https://lichenportal.org/portal/collections/individual/index.php?occid=237008
231204	MSC	MSC0037814	Imshaug, Henry A	19445	2.79	128.45	Michigan	Alcona	44.725594	-83.923808	outside_boundary_exact	Michigan, Oscoda County	Between Curran and Fairview; Back from from shore on main island across from Clay Island in b	https://lichenportal.org/portal/collections/individual/index.php?occid=231204
228349	MSC	MSC0035241	Imshaug, Henry A	19427	2.63	128.24	Michigan	Alcona	44.723028	-83.921748	outside_boundary_exact	Michigan, Oscoda County	Alcona County: Between Curran and Fairview	https://lichenportal.org/portal/collections/individual/index.php?occid=228349
228350	MSC	MSC0035242	Imshaug, Henry A	19431	2.63	128.24	Michigan	Alcona	44.723028	-83.921748	outside_boundary_exact	Michigan, Oscoda County	Alcona County: Between Curran and Fairview	https://lichenportal.org/portal/collections/individual/index.php?occid=228350
228481	MSC	MSC0035360	Imshaug, Henry A	19421	2.63	128.24	Michigan	Alcona	44.723028	-83.921748	outside_boundary_exact	Michigan, Oscoda County	Alcona County: Between Curran and Fairview	https://lichenportal.org/portal/collections/individual/index.php?occid=228481
187390	MSC	MSC0114735	Imshaug, Henry A	19432	2.41	128.16	Michigan	Alcona	44.729863	-83.919002	outside_boundary_exact	Michigan, Oscoda County	Curran and Fairview	https://lichenportal.org/portal/collections/individual/index.php?occid=187390
234419	MSC	MSC0040713	Malachowski, James	5693	2.2	198.85	Michigan	Keweenaw	47.4500008	-87.0833359	outside_boundary_exact	not_found_in_US	1.2 km past end of Route 41 on hill over looking Lake Superior	https://lichenportal.org/portal/collections/individual/index.php?occid=234419
181581	MSC	MSC0106138	Imshaug, Henry A	3741	2	145.07	Michigan	Chippewa	45.966931	-84.170957	outside_boundary_exact	Michigan, Mackinac County	Michigan ; Chippewa County: E of Braver Tail Point	https://lichenportal.org/portal/collections/individual/index.php?occid=181581
243836	MSC	MSC0049286	Imshaug, Henry A	3739	2	145.06	Michigan	Chippewa	45.966964	-84.171129	outside_boundary_exact	Michigan, Mackinac County	Rocks on coast bay E of Beaver Tail Point	https://lichenportal.org/portal/collections/individual/index.php?occid=243836
181593	MSC	MSC0106290	Wetmore, Clifford M	62	1.89	51.02	Michigan	Clinton	42.753368	-84.746376	outside_boundary_exact	Michigan, Eaton County	Michigan ; Clinton County: Near grand Ledge	https://lichenportal.org/portal/collections/individual/index.php?occid=181593
202108	MSC	MSC0139786	Wetmore, Clifford M	58	1.89	51.02	Michigan	Clinton	42.753368	-84.746376	outside_boundary_exact	Michigan, Eaton County	Near Grand River and old mill, near Grand Ledge	https://lichenportal.org/portal/collections/individual/index.php?occid=202108
220590	MSC	MSC0027898	Wetmore, Clifford M	68	1.89	51.02	Michigan	Clinton	42.753368	-84.746376	outside_boundary_exact	Michigan, Eaton County	By river below old mill, near Grand Ledge	https://lichenportal.org/portal/collections/individual/index.php?occid=220590
226363	MSC	MSC0033440	Wetmore, Clifford M	54	1.89	51.02	Michigan	Clinton	42.753368	-84.746376	outside_boundary_exact	Michigan, Eaton County	By old mill, Grand Ledge	https://lichenportal.org/portal/collections/individual/index.php?occid=226363
229914	MSC	MSC0036652	Wetmore, Clifford M	66	1.89	51.02	Michigan	Clinton	42.753368	-84.746376	outside_boundary_exact	Michigan, Eaton County	Near Grand River in vicinity of Grand Ledge	https://lichenportal.org/portal/collections/individual/index.php?occid=229914
233232	MSC	MSC0039642	Wetmore, Clifford M	NA	1.89	51.02	Michigan	Clinton	42.753368	-84.746376	outside_boundary_exact	Michigan, Eaton County	On ground below mill near river at Grand Ledge	https://lichenportal.org/portal/collections/individual/index.php?occid=233232
236120	MSC	MSC0042265	Wetmore, Clifford M	64	1.89	51.02	Michigan	Clinton	42.753368	-84.746376	outside_boundary_exact	Michigan, Eaton County	Near Grand Ledge	https://lichenportal.org/portal/collections/individual/index.php?occid=236120
237168	MSC	MSC0043212	Wetmore, Clifford M	60	1.89	51.02	Michigan	Clinton	42.753368	-84.746376	outside_boundary_exact	Michigan, Eaton County	Near Grand Ledge	https://lichenportal.org/portal/collections/individual/index.php?occid=237168
226536	MSC	MSC0033597	Imshaug, Henry A	19768	1.86	126.59	Michigan	Allegan	42.602024	-85.52087	outside_boundary_exact	Michigan, Barry County	Near Gun Lake	https://lichenportal.org/portal/collections/individual/index.php?occid=226536
202184	MSC	MSC0139854	Harris, R C	8139	1.83	102.31	Michigan	Houghton	46.575	-88.655	outside_boundary_exact	Michigan, Baraga County	C. 1/2 mi N of Sturgeion River Campground 5 mi. NE of Sidnaw	https://lichenportal.org/portal/collections/individual/index.php?occid=202184
5649225	MSC	MSC0294735	R.S. Common	4443E	1.83	155.93	Michigan	Chippewa	46.594	-85.263	outside_boundary_exact	Michigan, Luce County	Tahquamenon Falls State park, 0.2 mi from Luce boundary.	https://lichenportal.org/portal/collections/individual/index.php?occid=5649225
277682	MSC	MSC0081994	Wetmore, Clifford M	65	1.79	50.19	Michigan	Clinton	42.75425	-84.730755	outside_boundary_exact	Michigan, Eaton County	Near Grand River, near Grand Ledge	https://lichenportal.org/portal/collections/individual/index.php?occid=277682
177975	MSC	MSC0100374	Wetmore, Clifford M	52	1.78	51.38	Michigan	Clinton	42.754368	-84.755325	outside_boundary_exact	Michigan, Eaton County	Clinton County: Near grand ledge	https://lichenportal.org/portal/collections/individual/index.php?occid=177975
177976	MSC	MSC0100375	Wetmore, Clifford M	56	1.78	51.38	Michigan	Clinton	42.754368	-84.755325	outside_boundary_exact	Michigan, Eaton County	Clinton County: Near grand ledge	https://lichenportal.org/portal/collections/individual/index.php?occid=177976
177977	MSC	MSC0100376	Wetmore, Clifford M	61	1.78	51.38	Michigan	Clinton	42.754368	-84.755325	outside_boundary_exact	Michigan, Eaton County	Clinton County: Near grand ledge	https://lichenportal.org/portal/collections/individual/index.php?occid=177977
237273	MSC	MSC0043308	Harris, Richard C	4152	1.66	79.3	Michigan	Delta	45.934616	-86.468509	outside_boundary_exact	Michigan, Schoolcraft County	Along County Rd. 442 c. 1 mi. E of USFS Highway 13 NW of Isabella	https://lichenportal.org/portal/collections/individual/index.php?occid=237273
226759	MSC	MSC0033799	Chase, Virginius H	NA	1.2	69.99	Michigan	Oceana	43.830236	-86.425583	outside_boundary_exact	Michigan, Mason County	N of Pentwater	https://lichenportal.org/portal/collections/individual/index.php?occid=226759
220518	MSC	MSC0027812	Imshaug, Henry A	58401	1.12	49.45	Michigan	Crawford	44.50126	-84.749541	outside_boundary_exact	Michigan, Roscommon County	East of N end of Higgins Lake	https://lichenportal.org/portal/collections/individual/index.php?occid=220518
233043	MSC	MSC0039472	Harris, Richard C	3754	0.99	50.89	Michigan	Clinton	42.761435	-84.758049	outside_boundary_exact	Michigan, Eaton County	Stark's Woods on the Grand River W of Grand Ledge	https://lichenportal.org/portal/collections/individual/index.php?occid=233043
233044	MSC	MSC0039473	Harris, Richard C	3758	0.99	50.89	Michigan	Clinton	42.761435	-84.758049	outside_boundary_exact	Michigan, Eaton County	Stark's Woods on the Grand River W of Grand Ledge	https://lichenportal.org/portal/collections/individual/index.php?occid=233044
233045	MSC	MSC0039474	Harris, Richard C	3759	0.99	50.89	Michigan	Clinton	42.761435	-84.758049	outside_boundary_exact	Michigan, Eaton County	Stark's Woods on the Grand River W of Grand Ledge	https://lichenportal.org/portal/collections/individual/index.php?occid=233045
236204	MSC	MSC0042340	Harris, Richard C	3751	0.99	50.89	Michigan	Clinton	42.761435	-84.758049	outside_boundary_exact	Michigan, Eaton County	Stark's Woods on the Grand River W of Grand Ledge	https://lichenportal.org/portal/collections/individual/index.php?occid=236204
237501	MSC	MSC0043515	Ohlsson, Karl E	92	0.95	45.78	Michigan	Eaton	42.778879	-84.797476	outside_boundary_exact	Michigan, Clinton County	In park along Grand River just W of Grand Ledge	https://lichenportal.org/portal/collections/individual/index.php?occid=237501
232274	MSC	MSC0038778	Imshaug, Henry A	58395	0.91	48.89	Michigan	Crawford	44.503219	-84.741301	outside_boundary_exact	Michigan, Roscommon County	East of north end of Higgins Lake	https://lichenportal.org/portal/collections/individual/index.php?occid=232274
234203	MSC	MSC0040519	Imshaug, Henry A	58398	0.91	48.89	Michigan	Crawford	44.503219	-84.741301	outside_boundary_exact	Michigan, Roscommon County	East of north end of Higgins Lake	https://lichenportal.org/portal/collections/individual/index.php?occid=234203
241451	MSC	MSC0047120	Imshaug, Henry A	58396	0.91	48.89	Michigan	Crawford	44.503219	-84.741301	outside_boundary_exact	Michigan, Roscommon County	East of north end of Higgins Lake	https://lichenportal.org/portal/collections/individual/index.php?occid=241451
224195	MSC	MSC0031462	Chase, Virginius H	12686	0.89	76.37	Michigan	Oceana	43.826274	-86.327392	outside_boundary_exact	Michigan, Mason County	NE of Pentwater	https://lichenportal.org/portal/collections/individual/index.php?occid=224195
274973	MSC	MSC0079525	Ohlsson, Karl E	90	0.78	45.8	Michigan	Eaton	42.777367	-84.793356	outside_boundary_exact	Michigan, Clinton County	In park along Grand River just west of Grand Ledge	https://lichenportal.org/portal/collections/individual/index.php?occid=274973
224117	MSC	MSC0031392	Imshaug, Henry A	3798	0.73	142.16	Michigan	Chippewa	45.978355	-84.214167	outside_boundary_exact	not_found_in_US	Along coast at Prentiss Bay	https://lichenportal.org/portal/collections/individual/index.php?occid=224117
224307	MSC	MSC0031563	Imshaug, Henry A	3800	0.73	142.16	Michigan	Chippewa	45.978355	-84.214167	outside_boundary_exact	not_found_in_US	Along coast at Prentiss Bay	https://lichenportal.org/portal/collections/individual/index.php?occid=224307
228832	MSC	MSC0035678	Imshaug, Henry A	3807	0.73	142.16	Michigan	Chippewa	45.978355	-84.214167	outside_boundary_exact	not_found_in_US	Along coast at Prentiss Bay	https://lichenportal.org/portal/collections/individual/index.php?occid=228832
228833	MSC	MSC0035679	Imshaug, Henry A	3817	0.73	142.16	Michigan	Chippewa	45.978355	-84.214167	outside_boundary_exact	not_found_in_US	Along coast at Prentiss Bay	https://lichenportal.org/portal/collections/individual/index.php?occid=228833
230692	MSC	MSC0037354	Imshaug, Henry A	3805	0.73	142.16	Michigan	Chippewa	45.978355	-84.214167	outside_boundary_exact	not_found_in_US	Along coast at Prentiss Bay	https://lichenportal.org/portal/collections/individual/index.php?occid=230692
230693	MSC	MSC0037355	Imshaug, Henry A	3806	0.73	142.16	Michigan	Chippewa	45.978355	-84.214167	outside_boundary_exact	not_found_in_US	Along coast at Prentiss Bay	https://lichenportal.org/portal/collections/individual/index.php?occid=230693
230696	MSC	MSC0037358	Imshaug, Henry A	3793	0.73	142.16	Michigan	Chippewa	45.978355	-84.214167	outside_boundary_exact	not_found_in_US	Along coast at Prentiss Bay	https://lichenportal.org/portal/collections/individual/index.php?occid=230696
234184	MSC	MSC0040501	Imshaug, Henry A	3794	0.73	142.16	Michigan	Chippewa	45.978355	-84.214167	outside_boundary_exact	not_found_in_US	Along coast at Prentiss Bay	https://lichenportal.org/portal/collections/individual/index.php?occid=234184
236589	MSC	MSC0042689	Imshaug, Henry A	3796	0.73	142.16	Michigan	Chippewa	45.978355	-84.214167	outside_boundary_exact	not_found_in_US	Along coast at Prentiss Bay	https://lichenportal.org/portal/collections/individual/index.php?occid=236589
240666	MSC	MSC0046389	Imshaug, Henry A	3813	0.73	142.16	Michigan	Chippewa	45.978355	-84.214167	outside_boundary_exact	not_found_in_US	Along coast at Prentiss Bay	https://lichenportal.org/portal/collections/individual/index.php?occid=240666
243835	MSC	MSC0049285	Imshaug, Henry A	3815	0.73	142.16	Michigan	Chippewa	45.978355	-84.214167	outside_boundary_exact	not_found_in_US	Along coast at Prentiss Bay	https://lichenportal.org/portal/collections/individual/index.php?occid=243835
224317	MSC	MSC0031572	Imshaug, Henry A	NA	0.66	134.56	Michigan	Ontonagon	46.5	-89.583333	outside_boundary_exact	Michigan, Gogebic County	Lake Gogebic	https://lichenportal.org/portal/collections/individual/index.php?occid=224317
5772212	MSC	MSC0294312	Lindsay Brown	PLP847_2022_157	0.43	44.12	Michigan	Ingham	42.773683	-84.3931237	outside_boundary_exact	Michigan, Clinton County	Haslett	https://lichenportal.org/portal/collections/individual/index.php?occid=5772212
178222	MSC	MSC0100597	Imshaug, Henry A	3812	0.42	142.07	Michigan	Chippewa	45.981187	-84.210031	outside_boundary_exact	Michigan, Mackinac County	Chippewa county: along coast at Prentiss Bay	https://lichenportal.org/portal/collections/individual/index.php?occid=178222
178223	MSC	MSC0100598	Imshaug, Henry A	3813	0.42	142.07	Michigan	Chippewa	45.981187	-84.210031	outside_boundary_exact	Michigan, Mackinac County	Chippewa county: along coast at Prentiss Bay	https://lichenportal.org/portal/collections/individual/index.php?occid=178223
233886	MSC	MSC0040233	Imshaug, Henry A	25469	0.37	49.7	Michigan	Roscommon	44.514661	-84.747956	outside_boundary_exact	Michigan, Crawford County	Near Ralph	https://lichenportal.org/portal/collections/individual/index.php?occid=233886
237796	MSC	MSC0043783	Common, Ralph S	NA	0.3	51.86	Michigan	Clinton	42.809602	-84.360244	outside_boundary_exact	Michigan, Shiawassee County	Rose Lake Wildlife Research Area, Near Observation tower	https://lichenportal.org/portal/collections/individual/index.php?occid=237796
231227	MSC	MSC0037835	Engel, John J	896	0.22	53.27	Michigan	Emmet	45.552782	-84.727817	outside_boundary_exact	Michigan, Cheboygan County	2 miles east of Pellston on Riggsville Road; Back f	https://lichenportal.org/portal/collections/individual/index.php?occid=231227
187790	MSC	MSC0116001	Pipoly, J J	27	0.21	52.04	Michigan	Clinton	42.806324	-84.361274	outside_boundary_exact	Michigan, Shiawassee County	Clinton County: Rose Lake Wildlife Research Area	https://lichenportal.org/portal/collections/individual/index.php?occid=187790
187791	MSC	MSC0116002	Pipoly, J J	28	0.21	52.04	Michigan	Clinton	42.806324	-84.361274	outside_boundary_exact	Michigan, Shiawassee County	Clinton County: Rose Lake Wildlife Research Area	https://lichenportal.org/portal/collections/individual/index.php?occid=187791
187831	MSC	MSC0116159	Pipoly, J J	3	0.21	52.04	Michigan	Clinton	42.806324	-84.361274	outside_boundary_exact	Michigan, Shiawassee County	Clinton County: Rose Lake Wildlife Research Area	https://lichenportal.org/portal/collections/individual/index.php?occid=187831
187833	MSC	MSC0116160	Pipoly, J J	8	0.21	52.04	Michigan	Clinton	42.806324	-84.361274	outside_boundary_exact	Michigan, Shiawassee County	Clinton County: Rose Lake Wildlife Research Area	https://lichenportal.org/portal/collections/individual/index.php?occid=187833
187837	MSC	MSC0116164	Pipoly, J J	13	0.21	52.04	Michigan	Clinton	42.806324	-84.361274	outside_boundary_exact	Michigan, Shiawassee County	Clinton County: Rose Lake Wildlife Research Area	https://lichenportal.org/portal/collections/individual/index.php?occid=187837
187849	MSC	MSC0116175	Pipoly, J J	28	0.21	52.04	Michigan	Clinton	42.806324	-84.361274	outside_boundary_exact	Michigan, Shiawassee County	Clinton County: Rose Lake Wildlife Research Area	https://lichenportal.org/portal/collections/individual/index.php?occid=187849
187852	MSC	MSC0116178	Pipoly, J J	20	0.21	52.04	Michigan	Clinton	42.806324	-84.361274	outside_boundary_exact	Michigan, Shiawassee County	Clinton County: Rose Lake Wildlife Research Area	https://lichenportal.org/portal/collections/individual/index.php?occid=187852
187855	MSC	MSC0116181	Pipoly, J J	18	0.21	52.04	Michigan	Clinton	42.806324	-84.361274	outside_boundary_exact	Michigan, Shiawassee County	Clinton County: Rose Lake Wildlife Research Area	https://lichenportal.org/portal/collections/individual/index.php?occid=187855
187858	MSC	MSC0116184	Pipoly, J J	17	0.21	52.04	Michigan	Clinton	42.806324	-84.361274	outside_boundary_exact	Michigan, Shiawassee County	Clinton County: Rose Lake Wildlife Research Area	https://lichenportal.org/portal/collections/individual/index.php?occid=187858
187861	MSC	MSC0116187	Pipoly, J J	14	0.21	52.04	Michigan	Clinton	42.806324	-84.361274	outside_boundary_exact	Michigan, Shiawassee County	Clinton County: Rose Lake Wildlife Research Area	https://lichenportal.org/portal/collections/individual/index.php?occid=187861
187862	MSC	MSC0116188	Pipoly, J J	7	0.21	52.04	Michigan	Clinton	42.806324	-84.361274	outside_boundary_exact	Michigan, Shiawassee County	Clinton County: Rose Lake Wildlife Research Area	https://lichenportal.org/portal/collections/individual/index.php?occid=187862
187863	MSC	MSC0116189	Pipoly, J J	27	0.21	52.04	Michigan	Clinton	42.806324	-84.361274	outside_boundary_exact	Michigan, Shiawassee County	Clinton County: Rose Lake Wildlife Research Area	https://lichenportal.org/portal/collections/individual/index.php?occid=187863
188427	MSC	MSC0118997	Pipoly, J J	18	0.21	52.04	Michigan	Clinton	42.806324	-84.361274	outside_boundary_exact	Michigan, Shiawassee County	Clinton County: Rose Lake Wildlife Research Area	https://lichenportal.org/portal/collections/individual/index.php?occid=188427
188461	MSC	MSC0119035	Pipoly, J J	22	0.21	52.04	Michigan	Clinton	42.806324	-84.361274	outside_boundary_exact	Michigan, Shiawassee County	Clinton County: Rose Lake Wildlife Research Area	https://lichenportal.org/portal/collections/individual/index.php?occid=188461
188462	MSC	MSC0119036	Pipoly, J J	23	0.21	52.04	Michigan	Clinton	42.806324	-84.361274	outside_boundary_exact	Michigan, Shiawassee County	Clinton County: Rose Lake Wildlife Research Area	https://lichenportal.org/portal/collections/individual/index.php?occid=188462
188463	MSC	MSC0119039	Pipoly, J J	25	0.21	52.04	Michigan	Clinton	42.806324	-84.361274	outside_boundary_exact	Michigan, Shiawassee County	Clinton County: Rose Lake Wildlife Research Area	https://lichenportal.org/portal/collections/individual/index.php?occid=188463
188465	MSC	MSC0119040	Pipoly, J J	26	0.21	52.04	Michigan	Clinton	42.806324	-84.361274	outside_boundary_exact	Michigan, Shiawassee County	Clinton County: Rose Lake Wildlife Research Area	https://lichenportal.org/portal/collections/individual/index.php?occid=188465
225595	MSC	MSC0032748	Harris, R.	3756	0.21	51.02	Michigan	Clinton	42.768492	-84.772469	outside_boundary_exact	Michigan, Eaton County	Stark's Woods on the Grand River west of Grand Ledge	https://lichenportal.org/portal/collections/individual/index.php?occid=225595
184732	MSC	MSC0112269	Pipoly, J J	12	0.19	51.9	Michigan	Clinton	42.807839	-84.361618	outside_boundary_exact	Michigan, Shiawassee County	Rose Lake Wildlife Research Area	https://lichenportal.org/portal/collections/individual/index.php?occid=184732
184734	MSC	MSC0112270	Pipoly, J J	15	0.19	51.9	Michigan	Clinton	42.807839	-84.361618	outside_boundary_exact	Michigan, Shiawassee County	Rose Lake Wildlife Research Area	https://lichenportal.org/portal/collections/individual/index.php?occid=184734
203026	MSC	MSC0140637	Pipoly, J J	0	0.19	52.09	Michigan	Clinton	42.80532	-84.361618	outside_boundary_exact	Michigan, Shiawassee County	Rose Lake Wildlife Research Area.	https://lichenportal.org/portal/collections/individual/index.php?occid=203026
225622	MSC	MSC0032772	Wang, S. C	1054	0.19	45.64	Michigan	Eaton	42.553923	-84.599609	outside_boundary_exact	Michigan, Ingham County	12 miles east of Charlotte, off Bunker Hwy.	https://lichenportal.org/portal/collections/individual/index.php?occid=225622
230339	MSC	MSC0037035	Wang, S. C	1046	0.19	45.64	Michigan	Eaton	42.553923	-84.599609	outside_boundary_exact	Michigan, Ingham County	12 miles east of Charlotte, off Bunker Hwy.	https://lichenportal.org/portal/collections/individual/index.php?occid=230339
234375	MSC	MSC0040674	Wang, S. C	1051	0.19	45.64	Michigan	Eaton	42.553923	-84.599609	outside_boundary_exact	Michigan, Ingham County	12 miles east of Charlotte, off Bunker Hwy.	https://lichenportal.org/portal/collections/individual/index.php?occid=234375
236266	MSC	MSC0042398	Wang, S. C	1050	0.19	45.64	Michigan	Eaton	42.553923	-84.599609	outside_boundary_exact	Michigan, Ingham County	12 miles east of Charlotte, off Bunker Hwy.	https://lichenportal.org/portal/collections/individual/index.php?occid=236266
240289	MSC	MSC0046046	Wang, S. C	1048	0.19	45.64	Michigan	Eaton	42.553923	-84.599609	outside_boundary_exact	Michigan, Ingham County	12 miles east of Charlotte, off Bunker Hwy	https://lichenportal.org/portal/collections/individual/index.php?occid=240289
277090	MSC	MSC0081460	Pipoly, J J	NA	0.19	51.9	Michigan	Clinton	42.807839	-84.361618	outside_boundary_exact	Michigan, Shiawassee County	Rose Lake Wildlife Research Area	https://lichenportal.org/portal/collections/individual/index.php?occid=277090
241780	MSC	MSC0047418	Pipoly, J J	265	0.18	45.87	Michigan	Otsego	45.201518	-84.525007	outside_boundary_exact	Michigan, Cheboygan County	Just west of Pigeon River State Forest	https://lichenportal.org/portal/collections/individual/index.php?occid=241780
225590	MSC	MSC0032743	Harris, R.	3742	0.13	44.6	Michigan	Clinton	42.91538	-84.363541	outside_boundary_exact	Michigan, Shiawassee County	Along Mich. highway 78, 0.2 mile from the Shiawassee County line	https://lichenportal.org/portal/collections/individual/index.php?occid=225590
234196	MSC	MSC0040512	Harris, Richard	NA	0.13	51.88	Michigan	Clinton	42.807583	-84.362304	outside_boundary_exact	Michigan, Shiawassee County	Rose Lake Game Area	https://lichenportal.org/portal/collections/individual/index.php?occid=234196
238526	MSC	MSC0044444	Engel, John J	893	0.08	53.21	Michigan	Emmet	45.552061	-84.729705	outside_boundary_exact	Michigan, Cheboygan County	2 miles E of Pellston on Riggsville Road	https://lichenportal.org/portal/collections/individual/index.php?occid=238526
187835	MSC	MSC0116162	Pipoly, J J	10	0.07	51.94	Michigan	Clinton	42.806324	-84.362991	outside_boundary_exact	Michigan, Shiawassee County	Clinton County: Rose Lake Wildllife Research Area	https://lichenportal.org/portal/collections/individual/index.php?occid=187835
188458	MSC	MSC0119031	Pipoly, J J	2	0.07	51.94	Michigan	Clinton	42.806324	-84.362991	outside_boundary_exact	Michigan, Shiawassee County	Clinton County: Rose Lake Wildllife Research Area	https://lichenportal.org/portal/collections/individual/index.php?occid=188458
188459	MSC	MSC0119032	Pipoly, J J	4	0.07	51.94	Michigan	Clinton	42.806324	-84.362991	outside_boundary_exact	Michigan, Shiawassee County	Clinton County: Rose Lake Wildllife Research Area	https://lichenportal.org/portal/collections/individual/index.php?occid=188459
188460	MSC	MSC0119033	Pipoly, J J	5	0.07	51.94	Michigan	Clinton	42.806324	-84.362991	outside_boundary_exact	Michigan, Shiawassee County	Clinton County: Rose Lake Wildllife Research Area	https://lichenportal.org/portal/collections/individual/index.php?occid=188460
224387	MSC	MSC0031635	Wang, S. C	1052	0.06	45.55	Michigan	Eaton	42.55367	-84.601154	outside_boundary_exact	Michigan, Ingham County	Eaton County: 12 miles E of Charlotte, off Bunker Hwy.	https://lichenportal.org/portal/collections/individual/index.php?occid=224387
225461	MSC	MSC0032626	Imshaug, Henry A	58403	0.06	48.72	Michigan	Crawford	44.510775	-84.75175	outside_boundary_exact	Michigan, Roscommon County	Crawford County: E of N end of Higgins Lake	https://lichenportal.org/portal/collections/individual/index.php?occid=225461
228957	MSC	MSC0035790	Wang, S. C	1045	0.06	45.55	Michigan	Eaton	42.55367	-84.601154	outside_boundary_exact	Michigan, Ingham County	Eaton County: 12 miles E of Charlotte, off Bunker Hwy.	https://lichenportal.org/portal/collections/individual/index.php?occid=228957
277385	MSC	MSC0081726	Smith, Edward M	NA	0.05	54.13	Michigan	Mecosta	43.4690018	-85.5630035	outside_boundary_exact	Michigan, Newaygo County	Michigan;Manistee National Forest; Aetna Twp;6mi WSW of Morley, MI.100yds N of Eisenhower Rd, 0.1mi E of Newcosta Ave.	https://lichenportal.org/portal/collections/individual/index.php?occid=277385
229433	MSC	MSC0036218	Imshaug, Henry A	58391	0.04	47.54	Michigan	Crawford	44.511054	-84.727568	outside_boundary_exact	Michigan, Roscommon County	E of N end of Higgins Lake	https://lichenportal.org/portal/collections/individual/index.php?occid=229433
230037	MSC	MSC0036763	Imshaug, Henry A	58399	0.04	47.54	Michigan	Crawford	44.511054	-84.727568	outside_boundary_exact	Michigan, Roscommon County	E of N end of Higgins Lake	https://lichenportal.org/portal/collections/individual/index.php?occid=230037
232982	MSC	MSC0039417	Imshaug, Henry A	58400	0.04	47.54	Michigan	Crawford	44.511054	-84.727568	outside_boundary_exact	Michigan, Roscommon County	E of N end of Higgins Lake	https://lichenportal.org/portal/collections/individual/index.php?occid=232982
236311	MSC	MSC0042438	Imshaug, Henry A	58405	0.04	47.54	Michigan	Crawford	44.511054	-84.727568	outside_boundary_exact	Michigan, Roscommon County	E of N end of Higgins Lake	https://lichenportal.org/portal/collections/individual/index.php?occid=236311
237343	MSC	MSC0043371	Imshaug, Henry A	58404	0.04	47.54	Michigan	Crawford	44.511054	-84.727568	outside_boundary_exact	Michigan, Roscommon County	E of N end of Higgins Lake	https://lichenportal.org/portal/collections/individual/index.php?occid=237343
188576	MSC	MSC0119157	Common, Ralph S	4092	0.02	44.57	Michigan	Wexford	44.363442	-85.820984	outside_boundary_exact	Michigan, Manistee County	Wexford County: Campsite near junction of Anderson Creek and Little Manistee River	https://lichenportal.org/portal/collections/individual/index.php?occid=188576
188629	MSC	MSC0119207	Common, Ralph S	4063	0.02	44.57	Michigan	Wexford	44.363442	-85.820984	outside_boundary_exact	Michigan, Manistee County	Wexford County: Campsite near junction of Anderson Creek and Little Manistee River	https://lichenportal.org/portal/collections/individual/index.php?occid=188629
229788	MSC	MSC0036538	Vitt, Dale H	4197	0	57.76	Michigan	Cheboygan	45.388916	-84.730041	outside_boundary_exact	Michigan, Emmet County	Berry Creek, 1 mi. W of Straits HW, Mentor Township	https://lichenportal.org/portal/collections/individual/index.php?occid=229788
226580	MSC	MSC0033636	Imshaug, Henry A	24139	NA	NA	Michigan	Jefferson	44.335884	-75.917731	county_not_matched_no_match	county_not_matched	Just W of Alexandria Bay	https://lichenportal.org/portal/collections/individual/index.php?occid=226580
228884	MSC	MSC0035724	Wetmore, Clifford M	30878	NA	NA	Michigan	Saint Louis	47.432797	-92.138507	county_not_matched_no_match	county_not_matched	Near Norway Point Picnic Grounds 6 miles S of Hoyt Lakes	https://lichenportal.org/portal/collections/individual/index.php?occid=228884
233146	MSC	MSC0039565	Imshaug, Henry A	24176	NA	NA	Michigan	Jefferson	44.12783	-76.333001	county_not_matched_no_match	county_not_matched	Along route 12N S of Cape Vincent	https://lichenportal.org/portal/collections/individual/index.php?occid=233146
5365385	MSC	MSC0286331	Ryne Rutherford	157	NA	NA	Michigan	Ozaukee	43.520538	-87.795613	county_not_matched_no_match	county_not_matched	Kern Property.	https://lichenportal.org/portal/collections/individual/index.php?occid=5365385
5365517	MSC	MSC0286397	Ryne Rutherford	158	NA	NA	Michigan	Ozaukee	43.520538	-87.795613	county_not_matched_no_match	county_not_matched	Kern Property.	https://lichenportal.org/portal/collections/individual/index.php?occid=5365517
