id	institutionCode	catalogNumber	recordedBy	recordNumber	distance_km	distance_max_km	state	county	decimalLatitude	decimalLongitude	status	implied_location	locality	record_link
4796334	WTU	WTU-L-027450	B. McCune, Northwest Lichen Guild	19564	414.5	493.37	Washington	Whatcom	44.933333	-123.5	outside_boundary_exact	Oregon, Polk County	Sparse conifer forest on edge of Sulfur Creek lava flow, Cascade Range.	https://lichenportal.org/portal/collections/individual/index.php?occid=4796334
4804676	WTU	WTU-L-027590	Curtis R. Bjork	12179b	296.54	406.4	Washington	Douglas	44.55	-120.116667	outside_boundary_exact	Oregon, Wheeler County	Badger Mountain, near the ski area.	https://lichenportal.org/portal/collections/individual/index.php?occid=4804676
1273351	WTU	WTU-L-035356	T. Tønsberg	25770	287.16	434.08	Washington	Clallam	48.15	-128.675	outside_boundary_exact	not_found_in_US	Ozette Lake NW, Ozette, just W. of Ozette River bridge, along trail to beach.	https://lichenportal.org/portal/collections/individual/index.php?occid=1273351
1260548	WTU	WTU-L-013971	Elroy Burnett	070301EB09	282.01	365.25	Washington	Grant	47.3515	-123.7239	outside_boundary_exact	Washington, Grays Harbor County	Olympic National Forest, Quinault. Plot# 2223058.	https://lichenportal.org/portal/collections/individual/index.php?occid=1260548
1255407	WTU	WTU-L-007144	M. Arnot	L1086	225.32	317.58	Washington	Skamania	48.4054	-122.65	outside_boundary_exact	not_found_in_US	Bowman Hill circa 5 1/2 miles south of Anacortes.	https://lichenportal.org/portal/collections/individual/index.php?occid=1255407
1255552	WTU	WTU-L-007089	M. Arnot	L1087	225.32	317.58	Washington	Skamania	48.4054	-122.65	outside_boundary_exact	not_found_in_US	Bowman Hill circa 5 1/2 miles south of Anacortes.	https://lichenportal.org/portal/collections/individual/index.php?occid=1255552
1255696	WTU	WTU-L-007293	M. Arnot	L1091	225.32	317.58	Washington	Skamania	48.4054	-122.65	outside_boundary_exact	not_found_in_US	Bowman Hill circa 5 1/2 miles south of Anacortes.	https://lichenportal.org/portal/collections/individual/index.php?occid=1255696
1259493	WTU	WTU-L-012372	M. Arnot	L1089	225.32	317.58	Washington	Skamania	48.4054	-122.65	outside_boundary_exact	not_found_in_US	Bowman Hill circa 5 1/2 miles south of Anacortes. Near trail to old prison site.	https://lichenportal.org/portal/collections/individual/index.php?occid=1259493
1259494	WTU	WTU-L-012373	M. Arnot	L1089a	225.32	317.58	Washington	Skamania	48.4054	-122.65	outside_boundary_exact	not_found_in_US	Bowman Hill circa 5 1/2 miles south of Anacortes. Near trail to old prison site.	https://lichenportal.org/portal/collections/individual/index.php?occid=1259494
1259703	WTU	WTU-L-012222	M. Arnot	L1092dup	225.32	317.58	Washington	Skamania	48.4054	-122.65	outside_boundary_exact	not_found_in_US	Bowman Hill circa 5 1/2 miles south of Anacortes. Near trail to old prison site.	https://lichenportal.org/portal/collections/individual/index.php?occid=1259703
1259707	WTU	WTU-L-012223	M. Arnot	L1092	225.32	317.58	Washington	Skamania	48.4054	-122.65	outside_boundary_exact	not_found_in_US	Bowman Hill circa 5 1/2 miles south of Anacortes. Near trail to old prison site.	https://lichenportal.org/portal/collections/individual/index.php?occid=1259707
1260712	WTU	WTU-L-014002	M. Arnot	L1090	225.32	317.58	Washington	Skamania	48.4054	-122.65	outside_boundary_exact	not_found_in_US	Bowman Hill circa 5 1/2 miles south of Anacortes.	https://lichenportal.org/portal/collections/individual/index.php?occid=1260712
1263180	WTU	WTU-L-016908	M. Arnot	L1088	225.32	317.58	Washington	Skamania	48.4054	-122.65	outside_boundary_exact	not_found_in_US	Bowman Hill circa 5 1/2 miles south of Anacortes. Near trail to old prison site.	https://lichenportal.org/portal/collections/individual/index.php?occid=1263180
1268135	WTU	WTU-L-022748	M. Arnot	L1095	225.32	317.58	Washington	Skamania	48.4054	-122.65	outside_boundary_exact	not_found_in_US	Bowman Hill circa 5 1/2 miles south of Anacortes. Near trail to old prison site.	https://lichenportal.org/portal/collections/individual/index.php?occid=1268135
1268139	WTU	WTU-L-022750	M. Arnot	L1096	225.32	317.58	Washington	Skamania	48.4054	-122.65	outside_boundary_exact	not_found_in_US	Bowman Hill circa 5 1/2 miles south of Anacortes. Near trail to old prison site.	https://lichenportal.org/portal/collections/individual/index.php?occid=1268139
1256946	WTU	WTU-L-009088	L. Charbonneau	LRC10A	197.77	268.47	Washington	Mason	48.9662	-121.2268	outside_boundary_exact	Washington, Whatcom County	Okanogan/Wenatchee National Forest, Methow Valley Ranger District. Current Vegetation Survey Plot#1290220.	https://lichenportal.org/portal/collections/individual/index.php?occid=1256946
1260991	WTU	WTU-L-014379	Elroy Burnett	L3411	193.99	292.43	Washington	Adams	47.81984	-121.554322	outside_boundary_exact	Washington, Snohomish County	Index. Index Town Wall area. From parking area take trail to top of Town Wall. At top where trail turns out to road go out to top edge of Town Wall.	https://lichenportal.org/portal/collections/individual/index.php?occid=1260991
1247192	WTU	WTU-L-009234	Jeff Ricklefs	L4956	161.94	273.26	Washington	Jefferson	46.3214	-121.9369	outside_boundary_exact	Washington, Skamania County	Gifford Pinchot National Forest, Cowlitz Valley Ranger District.	https://lichenportal.org/portal/collections/individual/index.php?occid=1247192
1258828	WTU	WTU-L-011508	R. W. Becking	5305P1004	153.8	217.05	Washington	Kitsap	46.014794	-122.773561	outside_boundary_exact	Washington, Cowlitz County	Bremerton, below Green Mountain Lookout. Plot 5305P100.	https://lichenportal.org/portal/collections/individual/index.php?occid=1258828
1258833	WTU	WTU-L-011510	R. W. Becking	5305P1001	153.8	217.05	Washington	Kitsap	46.014794	-122.773561	outside_boundary_exact	Washington, Cowlitz County	Bremerton, below Green Mountain Lookout. Plot 5305P100.	https://lichenportal.org/portal/collections/individual/index.php?occid=1258833
1246683	WTU	WTU-L-010900	Jesse Reebes	L4748	148.88	272.78	Washington	Douglas	46.4396	-121.6592	outside_boundary_exact	Washington, Lewis County	Gifford Pinchot National Forest, Cowlitz Valley Ranger District.	https://lichenportal.org/portal/collections/individual/index.php?occid=1246683
1246709	WTU	WTU-L-012918	Jesse Reebes	L4753	148.88	272.78	Washington	Douglas	46.4396	-121.6592	outside_boundary_exact	Washington, Lewis County	Gifford Pinchot National Forest, Cowlitz Valley Ranger District.	https://lichenportal.org/portal/collections/individual/index.php?occid=1246709
1247363	WTU	WTU-L-009672	Jesse Reebes	L4749	148.88	272.78	Washington	Douglas	46.4396	-121.6592	outside_boundary_exact	Washington, Lewis County	Gifford Pinchot National Forest, Cowlitz Valley Ranger District.	https://lichenportal.org/portal/collections/individual/index.php?occid=1247363
1268853	WTU	WTU-L-023476	Grace E. Howard	832	132.12	185.08	Washington	Klickitat	47.23722	-121.17778	outside_boundary_exact	Washington, Kittitas County	Near Easton.	https://lichenportal.org/portal/collections/individual/index.php?occid=1268853
2735397	WTU	WTU-L-025014	Richard Brock	RB11-109	110.6	180.51	Washington	Skamania	45.7597	-123.6708	outside_boundary_exact	Oregon, Tillamook County	Gifford Pinchot National Forest, Mt. Adams Ranger District, Bear Creek Improvement Thin, Unit 804593. Rd 6808.	https://lichenportal.org/portal/collections/individual/index.php?occid=2735397
2735396	WTU	WTU-L-025013	Richard Brock	RB11-113B	110.57	179.87	Washington	Skamania	45.7743	-123.6708	outside_boundary_exact	Oregon, Clatsop County	Gifford Pinchot National Forest, Mt. Adams Ranger District, Bear Creek Improvement Thin, Unit 804277.	https://lichenportal.org/portal/collections/individual/index.php?occid=2735396
2735411	WTU	WTU-L-025028	Richard Brock	RB11-114	110.57	179.87	Washington	Skamania	45.7743	-123.6708	outside_boundary_exact	Oregon, Clatsop County	Gifford Pinchot National Forest, Mt. Adams Ranger District, Bear Creek Improvement Thin, Unit 804270.	https://lichenportal.org/portal/collections/individual/index.php?occid=2735411
2735412	WTU	WTU-L-025029	Richard Brock	RB11-115	110.57	179.87	Washington	Skamania	45.7743	-123.6708	outside_boundary_exact	Oregon, Clatsop County	Gifford Pinchot National Forest, Mt. Adams Ranger District, Bear Creek Improvement Thin, Unit 804270.	https://lichenportal.org/portal/collections/individual/index.php?occid=2735412
2735413	WTU	WTU-L-025030	Richard Brock	RB11-116	110.57	179.87	Washington	Skamania	45.7743	-123.6708	outside_boundary_exact	Oregon, Clatsop County	Gifford Pinchot National Forest, Mt. Adams Ranger District, Bear Creek Improvement Thin, Unit 804270.	https://lichenportal.org/portal/collections/individual/index.php?occid=2735413
1262895	WTU	WTU-L-016537	M. Arnot	L692	91.25	176.2	Washington	Whatcom	47.8153	-121.7413	outside_boundary_exact	Washington, Snohomish County	Forest Road 14 from Sulphur Creek Road 12.	https://lichenportal.org/portal/collections/individual/index.php?occid=1262895
1255528	WTU	WTU-L-007200	B. Annegers	072601BA08	57.55	116.13	Washington	Pierce	47.6697	-121.5061	outside_boundary_exact	Washington, King County	Mount Baker-Snoqualmie National Forest, North Bend District, Plot#:1236180.	https://lichenportal.org/portal/collections/individual/index.php?occid=1255528
1255602	WTU	WTU-L-007037	B. Annegers	072601BA14	57.55	116.13	Washington	Pierce	47.6697	-121.5061	outside_boundary_exact	Washington, King County	Mount Baker-Snoqualmie National Forest, North Bend District, Plot#:1236180.	https://lichenportal.org/portal/collections/individual/index.php?occid=1255602
1258395	WTU	WTU-L-010703	B. Annegers	072601BA05	57.55	116.13	Washington	Pierce	47.6697	-121.5061	outside_boundary_exact	Washington, King County	Mount Baker-Snoqualmie National Forest, North Bend District, Plot#:1236180.	https://lichenportal.org/portal/collections/individual/index.php?occid=1258395
1259971	WTU	WTU-L-012971	B. Annegers	10	57.55	116.13	Washington	Pierce	47.6697	-121.5061	outside_boundary_exact	Washington, King County	Mount Baker-Snoqualmie National Forest, North Bend District. Plot #: 1236180.	https://lichenportal.org/portal/collections/individual/index.php?occid=1259971
1261936	WTU	WTU-L-015501	B. Annegers	15	57.55	116.13	Washington	Pierce	47.6697	-121.5061	outside_boundary_exact	Washington, King County	Mount Baker-Snoqualmie National Forest, North Bend District, Plot#:1236180.	https://lichenportal.org/portal/collections/individual/index.php?occid=1261936
1264068	WTU	WTU-L-018044	B. Annegers	01BA01A	57.55	116.13	Washington	Pierce	47.6697	-121.5061	outside_boundary_exact	Washington, King County	Mount Baker-Snoqualmie National Forest, North Bend District, Plot#:1236180.	https://lichenportal.org/portal/collections/individual/index.php?occid=1264068
1268336	WTU	WTU-L-022910	B. Annegers	072601BA06	57.55	116.13	Washington	Pierce	47.6697	-121.5061	outside_boundary_exact	Washington, King County	Mount Baker-Snoqualmie National Forest, North Bend District. Plot#: 1236180.	https://lichenportal.org/portal/collections/individual/index.php?occid=1268336
1257782	WTU	WTU-L-009969	Elroy Burnett	L0103	52.92	156.39	Washington	Whatcom	48.1621	-121.6303	outside_boundary_exact	Washington, Snohomish County	Mount Baker-Snoqualmie National Forest, Watson lakes trail #611, near start of trail to Watson Lakes.	https://lichenportal.org/portal/collections/individual/index.php?occid=1257782
1268031	WTU	WTU-L-022692	B. E. Tucker, B. M. Tucker	s.n.	52.28	174.13	Washington	Grant	46.9061	-120.6853	outside_boundary_exact	Washington, Yakima County	J. T. Murray Game Preserve, along jeep road 0.3 miles north of Wenas Road, 11.8 miles southwest of Ellensberg.	https://lichenportal.org/portal/collections/individual/index.php?occid=1268031
1268826	WTU	WTU-L-023465	B. E. Tucker	s.n.	52.28	174.13	Washington	Grant	46.9061	-120.6853	outside_boundary_exact	Washington, Yakima County	J. T. Murray Game Preserve, along jeep road 0.3 miles north of Wenas Road, 11.8 miles southwest of Ellensberg.	https://lichenportal.org/portal/collections/individual/index.php?occid=1268826
1264421	WTU	WTU-L-018375	M. Arnot, E. Burnett	L339	47.41	125.88	Washington	Kittitas	47.8093	-120.5298	outside_boundary_exact	Washington, Chelan County	Naneum Meadow on Forest Road 3530 south of Swauk Pass on US 97.	https://lichenportal.org/portal/collections/individual/index.php?occid=1264421
1255311	WTU	WTU-L-006968	Grace E. Howard	1104	44.93	138.15	Washington	Chelan	48.456536	-119.868126	outside_boundary_exact	Washington, Okanogan County	Beaver Summit.	https://lichenportal.org/portal/collections/individual/index.php?occid=1255311
1265167	WTU	WTU-L-019141	Grace E. Howard	2474	44.93	138.15	Washington	Chelan	48.456536	-119.868126	outside_boundary_exact	Washington, Okanogan County	Beaver Summit.	https://lichenportal.org/portal/collections/individual/index.php?occid=1265167
1265259	WTU	WTU-L-019483	Grace E. Howard	1334a	44.93	138.15	Washington	Chelan	48.456536	-119.868126	outside_boundary_exact	Washington, Okanogan County	Beaver Summit.	https://lichenportal.org/portal/collections/individual/index.php?occid=1265259
1265630	WTU	WTU-L-020192	Grace E. Howard	2474	44.93	138.15	Washington	Chelan	48.456536	-119.868126	outside_boundary_exact	Washington, Okanogan County	Beaver Summit.	https://lichenportal.org/portal/collections/individual/index.php?occid=1265630
1270286	WTU	WTU-L-025834	Grace E. Howard	1336	44.93	138.15	Washington	Chelan	48.456536	-119.868126	outside_boundary_exact	Washington, Okanogan County	Beaver Summit.	https://lichenportal.org/portal/collections/individual/index.php?occid=1270286
1270324	WTU	WTU-L-025853	Grace E. Howard	1335	44.93	138.15	Washington	Chelan	48.456536	-119.868126	outside_boundary_exact	Washington, Okanogan County	Beaver Summit.	https://lichenportal.org/portal/collections/individual/index.php?occid=1270324
1270352	WTU	WTU-L-025881	Grace E. Howard	1335	44.93	138.15	Washington	Chelan	48.456536	-119.868126	outside_boundary_exact	Washington, Okanogan County	Beaver Summit.	https://lichenportal.org/portal/collections/individual/index.php?occid=1270352
1270400	WTU	WTU-L-026001	Grace E. Howard	1340	44.93	138.15	Washington	Chelan	48.456536	-119.868126	outside_boundary_exact	Washington, Okanogan County	Beaver Summit.	https://lichenportal.org/portal/collections/individual/index.php?occid=1270400
1267444	WTU	WTU-L-022065	M. Arnot	L0573	44.73	182.36	Washington	Chelan	46.903135	-120.662155	outside_boundary_exact	Washington, Yakima County	Area/Forest: L.T. Murray Wildlife Area. Locale: Umtanum Creek just before old homestead.	https://lichenportal.org/portal/collections/individual/index.php?occid=1267444
1266813	WTU	WTU-L-021348	M. Arnot	L22	43.82	121.82	Washington	Snohomish	48.6959	-121.5325	outside_boundary_exact	Washington, Whatcom County	Rock climbing area at Index.	https://lichenportal.org/portal/collections/individual/index.php?occid=1266813
1261502	WTU	WTU-L-015099	Elroy Burnett	L0369A	43.26	139.32	Washington	Whatcom	48.25062	-121.817256	outside_boundary_exact	Washington, Snohomish County	Mount Baker-Snoqualmie National Forest. Boulder River Trail #734.1 Wilderness area.	https://lichenportal.org/portal/collections/individual/index.php?occid=1261502
1266266	WTU	WTU-L-020726	Elroy Burnett	L0369	43.26	139.32	Washington	Whatcom	48.25062	-121.817256	outside_boundary_exact	Washington, Snohomish County	Mount Baker-Snoqualmie National Forest. Boulder River Trail #734.1 Wilderness area.	https://lichenportal.org/portal/collections/individual/index.php?occid=1266266
1256732	WTU	WTU-L-008727	Tom Maertens	LICH/TM-293	40.68	100.79	Washington	Mason	47.9761	-123.2191	outside_boundary_exact	Washington, Clallam County	Olympic National Forest, Hoodsport Ranger District, WA-028. Pat\\'s Prairie. From Sequim, travel west on Highway 101 about 3 miles, then south on Taylor Cutoff Road. Go right on Lost Mountain Road, then left on Road 2870 (Slab Camp Road). Drive about 0.8 mile then turn right onto Road 2875 and go about 2.2 miles. Travel less than 3.1 miles on Road 2877 to bend. RP is about 50 feet south of road.	https://lichenportal.org/portal/collections/individual/index.php?occid=1256732
1256858	WTU	WTU-L-009082	Tom Maertens	LICH/TM-291	40.68	100.79	Washington	Mason	47.9761	-123.2191	outside_boundary_exact	Washington, Clallam County	Olympic National Forest, Hoodsport Ranger District. Purposive Survey: WA-028. Pat\\'s Prairie. From Sequim, travel west on Highway 101 about 3 miles, then south on Taylor Cutoff Road. Go right on Lost Mountain Road, then left on Road 2870 (Slab Camp Road). Drive about 0.8 miles then turn right onto Road 2875 and go 2.2 miles. Travel less than 3.1 miles on Road 2877 to bend. RP is about 50 feet south of road, near berm. Location Notes: Approximately 700 feet north and just slightly east (about 12 degrees) from RP2 (estimated from map). Non-monumented location.	https://lichenportal.org/portal/collections/individual/index.php?occid=1256858
1256906	WTU	WTU-L-009085	Tom Maertens	LICH/TM-288	40.68	100.79	Washington	Mason	47.9761	-123.2191	outside_boundary_exact	Washington, Clallam County	Olympic National Forest, Hoodsport Ranger District. Purposive Survey: WA-028. Pat\\'s Prairie. From Sequim travel west on Highway 101 about 3 miles, then south on Taylor Cutoff Road. Go right on Lost Mountain Road, then left on Road 2870 (Slab Camp Road). Drive about 0.8 miles the turn right onto Road 2878 and go about 2.2 miles. Travel less than 3.1 miles on Road 2877 to bend. RP is about 50 feet south of road, near berm. Location Notes: Approximately 1000 feet east and just slightly north (about 80 degrees) from RP2 (estimated from map). Non-monumented location.	https://lichenportal.org/portal/collections/individual/index.php?occid=1256906
1264367	WTU	WTU-L-018665	Tom Maertens	LICH/TM-287	40.68	100.79	Washington	Mason	47.9761	-123.2191	outside_boundary_exact	Washington, Clallam County	Purposive Survey: WA -028. Pat\\'s Prairie. From Sequim, travel W on Hwy 101 ~ 3 mi, then S on Taylor Cutoff Road. Go R on Lost Mtn Rd, then L on Road 2870 (Slab Camp Rd). Drive ~0.8 mi then turn R onto Road 2875 and go ~2.2 mi. Travel <3.1 mi on Rd 2877 to bend. RP is ~50\\' S of road, near berm.	https://lichenportal.org/portal/collections/individual/index.php?occid=1264367
1264371	WTU	WTU-L-018666	Tom Maertens	LICH/TM-286	40.68	100.79	Washington	Mason	47.9761	-123.2191	outside_boundary_exact	Washington, Clallam County	Purposive Survey: WA-028. Pat\\'s Prairie. From Sequim, travel W on Hwy 101 ~3 mi, then S on Taylor Cutoff Road. Go R on Lost Mtn Rd, then L on Road 2870 (Slab Camp Rd.) Drive ~0.8 mi then turn R onto Road 2875 and go ~2.2mi. Travel<3.1 mi on Rd 2877 to bend. RP is ~50 S of road, near berm.	https://lichenportal.org/portal/collections/individual/index.php?occid=1264371
1264373	WTU	WTU-L-018667	Tom Maertens	LICH/TM-290	40.68	100.79	Washington	Mason	47.9761	-123.2191	outside_boundary_exact	Washington, Clallam County	Purposive Survey: WA-028. Pat\\'s Prairie. From Sequim, travel W on Hwy 101 ~3 mi, then S on Taylor Cutoff Road. Go R on Lost Mtn Rd, then L on Road 2870 (Slab Camp Rd). Drive ~0.8 mi then turn R onto Road 2875 and go ~2.2 mi. Travel <3.1 mi on Rd 2877 to bend. RP is ~50\\' S of road, near berm.	https://lichenportal.org/portal/collections/individual/index.php?occid=1264373
1256725	WTU	WTU-L-008726	Tom Maertens	LICH/TM-304	37.43	101.15	Washington	Mason	47.9463	-123.0456	outside_boundary_exact	Washington, Clallam County	Olympic National Forest, Hoodsport Ranger District. Purposive survey: WA-029. Gold Creek. From Highway 101 east of Sequim, drive south on Palo Alto Road. After 7.2 miles turn left on Road 28 and go another 5.0 miles, then left on road 210. Go 1.0 mile to right bend. RP is 15 feet north of road, on west side of creek.	https://lichenportal.org/portal/collections/individual/index.php?occid=1256725
1256750	WTU	WTU-L-008730	Tom Maertens	LICH/TM-306	37.43	101.15	Washington	Mason	47.9463	-123.0456	outside_boundary_exact	Washington, Clallam County	Olympic National Forest, Hoodsport Ranger District, WA-029. Gold Creek. From Highway 101 east of Sequim, drive south on Palo Alto Road. After 7.2 miles turn left on Road 28 and go another 5.0 miles, the left on road 210. Go 1.0 mile to right bend. RP is 15 feet north of road, on west side of creek.	https://lichenportal.org/portal/collections/individual/index.php?occid=1256750
2734968	WTU	WTU-L-008425	Tom Maertens	LICH/TM-305	37.43	101.15	Washington	Mason	47.9463	-123.0456	outside_boundary_exact	Washington, Clallam County	Olympic National Forest, Hoodsport Ranger District. Purposive Survey: WA-029. Gold Creek. From Highway 101 east of Sequim, drive south on Palo Alto Road. After 7.2 miles turn left on Road 28 and go another 5.0 miles, then left on Road 210. Go 1.0 miles to right bend. RP is 15 feet north of road, on west side of creek. Approximately 300 feet east and slightly south from RP (estimated from map). Non-monumented location.	https://lichenportal.org/portal/collections/individual/index.php?occid=2734968
2734969	WTU	WTU-L-008425B	Tom Maertens	LICH/TM-305	37.43	101.15	Washington	Mason	47.9463	-123.0456	outside_boundary_exact	Washington, Clallam County	Olympic National Forest, Hoodsport Ranger District. Purposive Survey: WA-029. Gold Creek. From Highway 101 east of Sequim, drive south on Palo Alto Road. After 7.2 miles turn left on Road 28 and go another 5.0 miles, then left on Road 210. Go 1.0 miles to right bend. RP is 15 feet north of road, on west side of creek. Approximately 300 feet east and slightly south from RP (estimated from map). Non-monumented location.	https://lichenportal.org/portal/collections/individual/index.php?occid=2734969
1255075	WTU	WTU-L-006258	M. Anderson	#AL-010	35.53	135.05	Washington	Kittitas	47.826064	-120.777512	outside_boundary_exact	Washington, Chelan County	Lake Wenatchee.	https://lichenportal.org/portal/collections/individual/index.php?occid=1255075
1267448	WTU	WTU-L-022067	M. Arnot	L0631	34.72	171.94	Washington	Chelan	46.998519	-120.645676	outside_boundary_exact	Washington, Kittitas County	Area/Forest: L.T. Murray Wildlife Area. Locale: Ridegtop along trail from end of Cove Road.	https://lichenportal.org/portal/collections/individual/index.php?occid=1267448
1245481	WTU	WTU-L-006411	Jim Riley	0219	31.81	166.87	Washington	Yakima	46.166066	-121.933466	outside_boundary_exact	Washington, Skamania County	Mt. Adams Regional District., Gifford Pinchot National Forest. Smith Butte RNA. Slopes and flats S. of Rd. 8225060.	https://lichenportal.org/portal/collections/individual/index.php?occid=1245481
1245653	WTU	WTU-L-007085	J. Riley	0221	31.81	166.87	Washington	Yakima	46.166066	-121.933466	outside_boundary_exact	Washington, Skamania County	Mount Adams Ranger District, Gifford Pinchot National Forest. Smith Butte Research Natural Area. Slopes and flats south of Road 8225060.	https://lichenportal.org/portal/collections/individual/index.php?occid=1245653
1245666	WTU	WTU-L-006361	J. Riley	0220	31.81	166.87	Washington	Yakima	46.166066	-121.933466	outside_boundary_exact	Washington, Skamania County	Mount Adams Ranger District, Gifford Pinchot National Forest. Smith Butte Research Natural Area. Slopes and flats south of Road 8225060.	https://lichenportal.org/portal/collections/individual/index.php?occid=1245666
1245681	WTU	WTU-L-007095	J. Riley	0222	31.81	166.87	Washington	Yakima	46.166066	-121.933466	outside_boundary_exact	Washington, Skamania County	Mount Adams Ranger District, Gifford Pinchot National Forest. Smith Butte Research Natural Area. Slopes and flats south of Road 8225060.	https://lichenportal.org/portal/collections/individual/index.php?occid=1245681
1246055	WTU	WTU-L-010409	J. Riley	0226	31.81	166.87	Washington	Yakima	46.166066	-121.933466	outside_boundary_exact	Washington, Skamania County	Mount Adams Ranger District, Gifford Pinchot National Forest. Smith Butte Research Natural Area. Slopes and flats south of Road 8225060.	https://lichenportal.org/portal/collections/individual/index.php?occid=1246055
1246122	WTU	WTU-L-011530	J. Riley	0228	31.81	166.87	Washington	Yakima	46.166066	-121.933466	outside_boundary_exact	Washington, Skamania County	Mount Adams Ranger District, Gifford Pinchot National Forest. Smith Butte Research Natural Area. Slopes and flats south of Road 8225060.	https://lichenportal.org/portal/collections/individual/index.php?occid=1246122
1246393	WTU	WTU-L-012104	Jim Riley	0229	31.81	166.87	Washington	Yakima	46.166066	-121.933466	outside_boundary_exact	Washington, Skamania County	Mt. Adams Regional District., Gifford Pinchot National Forest. Smith Butte RNA. Slopes and flats S. of Rd. 8225060.	https://lichenportal.org/portal/collections/individual/index.php?occid=1246393
1246412	WTU	WTU-L-017109	J. Riley	0245	31.81	166.87	Washington	Yakima	46.166066	-121.933466	outside_boundary_exact	Washington, Skamania County	Mount Adams Ranger District, Gifford Pinchot National Forest. Smith Butte Research Natural Area. Slopes and flats south of Road 8225060.	https://lichenportal.org/portal/collections/individual/index.php?occid=1246412
1246500	WTU	WTU-L-013117	J. Riley	0232	31.81	166.87	Washington	Yakima	46.166066	-121.933466	outside_boundary_exact	Washington, Skamania County	Mount Adams Ranger District, Gifford Pinchot National Forest. Smith Butte Research Natural Area. Slopes and flats south of Road 8225060.	https://lichenportal.org/portal/collections/individual/index.php?occid=1246500
1247006	WTU	WTU-L-015171	J. Riley	0238	31.81	166.87	Washington	Yakima	46.166066	-121.933466	outside_boundary_exact	Washington, Skamania County	Mount Adams Ranger District, Gifford Pinchot National Forest. Smith Butte Research Natural Area. Slopes and flats south of Road 8225060.	https://lichenportal.org/portal/collections/individual/index.php?occid=1247006
1247021	WTU	WTU-L-015283	J. Riley	0239	31.81	166.87	Washington	Yakima	46.166066	-121.933466	outside_boundary_exact	Washington, Skamania County	Mount Adams Ranger District, Gifford Pinchot National Forest. Smith Butte Research Natural Area. Slopes and flats south of Road 8225060.	https://lichenportal.org/portal/collections/individual/index.php?occid=1247021
1247174	WTU	WTU-L-017836	J. Riley	0249	31.81	166.87	Washington	Yakima	46.166066	-121.933466	outside_boundary_exact	Washington, Skamania County	Mount Adams Ranger District, Gifford Pinchot National Forest. Smith Butte Research Natural Area. Slopes and flats south of Road 8225060.	https://lichenportal.org/portal/collections/individual/index.php?occid=1247174
1247304	WTU	WTU-L-013763	Jim Riley	0235	31.81	166.87	Washington	Yakima	46.166066	-121.933466	outside_boundary_exact	Washington, Skamania County	Mt. Adams Regional District., Gifford Pinchot National Forest. Smith Butte RNA. Slopes and flats S. of Rd. 8225060.	https://lichenportal.org/portal/collections/individual/index.php?occid=1247304
1247307	WTU	WTU-L-013764	Jim Riley	0234	31.81	166.87	Washington	Yakima	46.166066	-121.933466	outside_boundary_exact	Washington, Skamania County	Mt. Adams Regional District., Gifford Pinchot National Forest. Smith Butte RNA. Slopes and flats S. of Rd. 8225060.	https://lichenportal.org/portal/collections/individual/index.php?occid=1247307
1247500	WTU	WTU-L-016357	J. Riley	0241	31.81	166.87	Washington	Yakima	46.166066	-121.933466	outside_boundary_exact	Washington, Skamania County	Mount Adams Ranger District, Gifford Pinchot National Forest. Smith Butte Research Natural Area. Slopes and flats south of Road 8225060.	https://lichenportal.org/portal/collections/individual/index.php?occid=1247500
1247508	WTU	WTU-L-016819	J. Riley	0242	31.81	166.87	Washington	Yakima	46.166066	-121.933466	outside_boundary_exact	Washington, Skamania County	Mount Adams Ranger District, Gifford Pinchot National Forest. Smith Butte Research Natural Area. Slopes and flats south of Road 8225060.	https://lichenportal.org/portal/collections/individual/index.php?occid=1247508
1247528	WTU	WTU-L-016796	J. Riley	0243	31.81	166.87	Washington	Yakima	46.166066	-121.933466	outside_boundary_exact	Washington, Skamania County	Mount Adams Ranger District, Gifford Pinchot National Forest. Smith Butte Research Natural Area. Slopes and flats south of Road 8225060.	https://lichenportal.org/portal/collections/individual/index.php?occid=1247528
1247661	WTU	WTU-L-013516	Jim Riley	0236	31.81	166.87	Washington	Yakima	46.166066	-121.933466	outside_boundary_exact	Washington, Skamania County	Mt. Adams Regional District., Gifford Pinchot National Forest. Smith Butte RNA. Slopes and flats S. of Rd. 8225060.	https://lichenportal.org/portal/collections/individual/index.php?occid=1247661
1248492	WTU	WTU-L-009986	J. Riley	0224	31.81	166.87	Washington	Yakima	46.166066	-121.933466	outside_boundary_exact	Washington, Skamania County	Mount Adams Ranger District, Gifford Pinchot National Forest. Smith Butte Research Natural Area. Slopes and flats south of Road 8225060.	https://lichenportal.org/portal/collections/individual/index.php?occid=1248492
1248610	WTU	WTU-L-020575	J. Riley	0255	31.81	166.87	Washington	Yakima	46.166066	-121.933466	outside_boundary_exact	Washington, Skamania County	Mount Adams Ranger District, Gifford Pinchot National Forest. Smith Butte Research Natural Area. Slopes and flats south of Road 8225060.	https://lichenportal.org/portal/collections/individual/index.php?occid=1248610
1248650	WTU	WTU-L-012059	J. Riley	NA	31.81	166.87	Washington	Yakima	46.166066	-121.933466	outside_boundary_exact	Washington, Skamania County	Mount Adams Ranger District, Gifford Pinchot National Forest. Smith Butte Research Natural Area. Slopes and flats south of Road 8225060.	https://lichenportal.org/portal/collections/individual/index.php?occid=1248650
1248721	WTU	WTU-L-017484	J. Riley	0250	31.81	166.87	Washington	Yakima	46.166066	-121.933466	outside_boundary_exact	Washington, Skamania County	Mount Adams Ranger District, Gifford Pinchot National Forest. Smith Butte Research Natural Area. Slopes and flats south of Road 8225060.	https://lichenportal.org/portal/collections/individual/index.php?occid=1248721
1250046	WTU	WTU-L-001077	Jim Riley	0256	31.81	166.87	Washington	Yakima	46.166066	-121.933466	outside_boundary_exact	Washington, Skamania County	Mt. Adams Regional District., Gifford Pinchot National Forest. Smith Butte RNA. Slopes and flats S. of Rd. 8225060.	https://lichenportal.org/portal/collections/individual/index.php?occid=1250046
1250127	WTU	WTU-L-001239	Jim Riley	0257	31.81	166.87	Washington	Yakima	46.166066	-121.933466	outside_boundary_exact	Washington, Skamania County	Mt. Adams Regional District., Gifford Pinchot National Forest. Smith Butte RNA. Slopes and flats S. of Rd. 8225060.	https://lichenportal.org/portal/collections/individual/index.php?occid=1250127
1250454	WTU	WTU-L-001512	J. Riley	0231	31.81	166.87	Washington	Yakima	46.166066	-121.933466	outside_boundary_exact	Washington, Skamania County	Mount Adams Ranger District, Gifford Pinchot National Forest. Smith Butte Research Natural Area. Slopes and flats south of Road 8225060.	https://lichenportal.org/portal/collections/individual/index.php?occid=1250454
1250458	WTU	WTU-L-001682	J. Riley	0237	31.81	166.87	Washington	Yakima	46.166066	-121.933466	outside_boundary_exact	Washington, Skamania County	Mount Adams Ranger District, Gifford Pinchot National Forest. Smith Butte Research Natural Area. Slopes and flats south of Road 8225060.	https://lichenportal.org/portal/collections/individual/index.php?occid=1250458
1254548	WTU	WTU-L-005818	J. Riley	0218	31.81	166.87	Washington	Yakima	46.166066	-121.933466	outside_boundary_exact	Washington, Skamania County	Mount Adams Ranger District, Gifford Pinchot National Forest. Smith Butte Research Natural Area. Slopes and flats south of Road 8225060.	https://lichenportal.org/portal/collections/individual/index.php?occid=1254548
1255633	WTU	WTU-L-007281	J. Riley	0223	31.81	166.87	Washington	Yakima	46.166066	-121.933466	outside_boundary_exact	Washington, Skamania County	Mount Adams Ranger District, Gifford Pinchot National Forest. Smith Butte Research Natural Area. Slopes and flats south of Road 8225060.	https://lichenportal.org/portal/collections/individual/index.php?occid=1255633
1260241	WTU	WTU-L-013529	J. Riley	0233	31.81	166.87	Washington	Yakima	46.166066	-121.933466	outside_boundary_exact	Washington, Skamania County	Mount Adams Ranger District, Gifford Pinchot National Forest. Smith Butte Research Natural Area. Slopes and flats south of Road 8225060.	https://lichenportal.org/portal/collections/individual/index.php?occid=1260241
1262301	WTU	WTU-L-015924	Jim Riley	0244	31.81	166.87	Washington	Yakima	46.166066	-121.933466	outside_boundary_exact	Washington, Skamania County	Mt. Adams Regional District., Gifford Pinchot National Forest. Smith Butte RNA. Slopes and flats S. of Rd. 8225060.	https://lichenportal.org/portal/collections/individual/index.php?occid=1262301
1263340	WTU	WTU-L-017246	J. Riley	0247	31.81	166.87	Washington	Yakima	46.166066	-121.933466	outside_boundary_exact	Washington, Skamania County	Mount Adams Ranger District, Gifford Pinchot National Forest. Smith Butte Research Natural Area. Slopes and flats south of Road 8225060.	https://lichenportal.org/portal/collections/individual/index.php?occid=1263340
1263362	WTU	WTU-L-017121	J. Riley	0252	31.81	166.87	Washington	Yakima	46.166066	-121.933466	outside_boundary_exact	Washington, Skamania County	Mount Adams Ranger District, Gifford Pinchot National Forest. Smith Butte Research Natural Area. Slopes and flats south of Road 8225060.	https://lichenportal.org/portal/collections/individual/index.php?occid=1263362
1263662	WTU	WTU-L-017578	Jim Riley	0251	31.81	166.87	Washington	Yakima	46.166066	-121.933466	outside_boundary_exact	Washington, Skamania County	Mt. Adams Regional District., Gifford Pinchot National Forest. Smith Butte RNA. Slopes and flats S. of Rd. 8225060.	https://lichenportal.org/portal/collections/individual/index.php?occid=1263662
3587265	WTU	NA	J. Riley	s.n.	31.81	166.87	Washington	Yakima	46.166066	-121.933466	outside_boundary_exact	Washington, Skamania County	Mount Adams Ranger District, Gifford Pinchot National Forest. Smith Butte Research Natural Area. Slopes and flats south of Road 8225060.	https://lichenportal.org/portal/collections/individual/index.php?occid=3587265
3587375	WTU	NA	Jim Riley	0233	31.81	166.87	Washington	Yakima	46.166066	-121.933466	outside_boundary_exact	Washington, Skamania County	Mt. Adams Regional District., Gifford Pinchot National Forest. Smith Butte RNA. Slopes and flats S. of Rd. 8225060.	https://lichenportal.org/portal/collections/individual/index.php?occid=3587375
3587419	WTU	NA	J. Riley	0251	31.81	166.87	Washington	Yakima	46.166066	-121.933466	outside_boundary_exact	Washington, Skamania County	Mount Adams Ranger District, Gifford Pinchot National Forest. Smith Butte Research Natural Area. Slopes and flats south of Road 8225060.	https://lichenportal.org/portal/collections/individual/index.php?occid=3587419
3587449	WTU	NA	J. Riley	0244	31.81	166.87	Washington	Yakima	46.166066	-121.933466	outside_boundary_exact	Washington, Skamania County	Mount Adams Ranger District, Gifford Pinchot National Forest. Smith Butte Research Natural Area. Slopes and flats south of Road 8225060.	https://lichenportal.org/portal/collections/individual/index.php?occid=3587449
1256766	WTU	WTU-L-008732	Tom Maertens	LICH/TM-303	29.37	91.49	Washington	Mason	47.8735	-123.1312	outside_boundary_exact	Washington, Clallam County	Olympic National Forest, Hoodsport Ranger District, WA-030. Dungeness. From Lost Mountain Road south of Sequim drive south on Road 2870 (Slab Camp Road) 6.7 miles. Then turn right, staying on Road 2870, and travel 8.7 miles to parkikng lot on right at road bend. RP is just off the northwest corner of parking lot.	https://lichenportal.org/portal/collections/individual/index.php?occid=1256766
1256776	WTU	WTU-L-008733	Tom Maertens	LICH/TM-302	29.37	91.49	Washington	Mason	47.8735	-123.1312	outside_boundary_exact	Washington, Clallam County	Olympic National Forest, Hoodsport Ranger District, WA-030. Dungeness. From Lost Mountain Road, south of Sequim, drive south on Road 2870 (Slab Camp Road) 6.7 miles. Then turn right, staying on road 2870, and travel 8.7 miles to parking lot on right at road bend. RP is just off the northwest corner of parking lot.	https://lichenportal.org/portal/collections/individual/index.php?occid=1256776
1256929	WTU	WTU-L-009087	Tom Maertens	LICH/TM-295	29.37	91.49	Washington	Mason	47.8735	-123.1312	outside_boundary_exact	Washington, Clallam County	Olympic National Forest, Hoodsport Ranger District. Purposive Survey: WA-030. Dungeness. From Lost Mountain Road, south of Sequim, drive south on Road 2870 (Slab Camp Road) 6.7 miles. Then turn right, staying on road 2870, and travel 8.7 miles to parking lot on right at road bend. RP is just off the northwest corner of parking lost. Location Notes: Approximately 450 feet southwest (about 240 degrees) from RP (estimated from map). Non-monumented location.	https://lichenportal.org/portal/collections/individual/index.php?occid=1256929
1264375	WTU	WTU-L-018668	Tom Maertens	LICH/TM-300	29.37	91.49	Washington	Mason	47.8735	-123.1312	outside_boundary_exact	Washington, Clallam County	Purposive Survey: WA-030. Dungeness. From Lost Mtn. Rd, S of Sequim, drive S on Rd 2870 (Slab Camp Rd.) 6.7 mi. Then turn R, staying on rd 2870, and travel 8.7 mi to parking lot on R at road bend. RP is just off the NW corner of parking lot.	https://lichenportal.org/portal/collections/individual/index.php?occid=1264375
1264378	WTU	WTU-L-018669	Tom Maertens	LICH/TM-296	29.37	91.49	Washington	Mason	47.8735	-123.1312	outside_boundary_exact	Washington, Clallam County	Purposive Survey: WA -030. Dungeness. From Lost Mtn. rd, S of Sequim, drive S on Rd 2870 (Slab Camp Rd.) 6.7mi. then turn R, staying on rd 2870, and travel 8.7 mi to parking lot on R at road bend. RP is just off the NW corner of parking lot.	https://lichenportal.org/portal/collections/individual/index.php?occid=1264378
2734980	WTU	WTU-L-008504A	L. Charbonneau	LRC10B	25.31	209.33	Washington	Okanogan	48.9662	-121.2268	outside_boundary_exact	Washington, Whatcom County	Okanogan/Wenatchee National Forest, Methow Valley Ranger DIstrict.	https://lichenportal.org/portal/collections/individual/index.php?occid=2734980
2734981	WTU	WTU-L-008504B	L. Charbonneau	LRC10B	25.31	209.33	Washington	Okanogan	48.9662	-121.2268	outside_boundary_exact	Washington, Whatcom County	Okanogan/Wenatchee National Forest, Methow Valley Ranger DIstrict.	https://lichenportal.org/portal/collections/individual/index.php?occid=2734981
2734982	WTU	WTU-L-008504C	L. Charbonneau	LRC10B	25.31	209.33	Washington	Okanogan	48.9662	-121.2268	outside_boundary_exact	Washington, Whatcom County	Okanogan/Wenatchee National Forest, Methow Valley Ranger DIstrict.	https://lichenportal.org/portal/collections/individual/index.php?occid=2734982
1271592	WTU	WTU-L-034833	B. Ryan	5932	23.31	133.47	Washington	Whatcom	48.433333	-122.383333	outside_boundary_exact	Washington, Skagit County	Southwest slope of Squalicum Mountain, northeast of Bellingham.	https://lichenportal.org/portal/collections/individual/index.php?occid=1271592
1271599	WTU	WTU-L-034944	B. Ryan	5971	23.31	133.47	Washington	Whatcom	48.433333	-122.383333	outside_boundary_exact	Washington, Skagit County	Southeast slope of Squalicum Mountain, northeast of Bellingham.	https://lichenportal.org/portal/collections/individual/index.php?occid=1271599
1271602	WTU	WTU-L-034946	B. Ryan	5938A	23.31	133.47	Washington	Whatcom	48.433333	-122.383333	outside_boundary_exact	Washington, Skagit County	Southeast slope of Squalicum Mountain, northeast of Bellingham.	https://lichenportal.org/portal/collections/individual/index.php?occid=1271602
1271629	WTU	WTU-L-034956	B. Ryan	5973	23.31	133.47	Washington	Whatcom	48.433333	-122.383333	outside_boundary_exact	Washington, Skagit County	Southeast slope of Squalicum Mountain, northeast of Bellingham.	https://lichenportal.org/portal/collections/individual/index.php?occid=1271629
1271635	WTU	WTU-L-034986	B. Ryan	5925A	23.31	133.47	Washington	Whatcom	48.433333	-122.383333	outside_boundary_exact	Washington, Skagit County	Southeast slope of Squalicum Mountain, northeast of Bellingham.	https://lichenportal.org/portal/collections/individual/index.php?occid=1271635
1272791	WTU	WTU-L-034887	B. Ryan	5972	23.31	133.47	Washington	Whatcom	48.433333	-122.383333	outside_boundary_exact	Washington, Skagit County	Southwest slope of Squalicum Mountain, northeast of Bellingham.	https://lichenportal.org/portal/collections/individual/index.php?occid=1272791
3794959	WTU	WTU-L-035061	B. Ryan	5918	23.31	133.47	Washington	Whatcom	48.433333	-122.383333	outside_boundary_exact	Washington, Skagit County	Southeast slope of Squalicum Mountain, northeast of Bellingham.	https://lichenportal.org/portal/collections/individual/index.php?occid=3794959
3794960	WTU	WTU-L-035062	B. Ryan	5941A	23.31	133.47	Washington	Whatcom	48.433333	-122.383333	outside_boundary_exact	Washington, Skagit County	Southeast slope of Squalicum Mountain, northeast of Bellingham.	https://lichenportal.org/portal/collections/individual/index.php?occid=3794960
1256431	WTU	WTU-L-008356	Tom Maertens	LICH/TM-261	21.41	88.19	Washington	Mason	47.8007	-122.9815	outside_boundary_exact	Washington, Jefferson County	Olympic National Forest, Hoodsport Ranger District. WA-027. Big Quilcene. From Highway 101 go West on Big Quilcene River Road. more than 5 miles, then left on road 2740. Travel about 3.2 miles to the 060 road on right. Drive North about 2.3 miles to RP on right. RP is a pullout on East side of road. Approximately 300 meters east from RP2(estimated from map). Non-monumented location.	https://lichenportal.org/portal/collections/individual/index.php?occid=1256431
1255025	WTU	WTU-L-006545	W. J. Eyerdam	3115	21.25	112.09	Washington	King	47.972801	-121.38485	outside_boundary_exact	Washington, Snohomish County	Monte Cristo District.	https://lichenportal.org/portal/collections/individual/index.php?occid=1255025
1265373	WTU	WTU-L-019853	W. J. Eyerdam	3105	21.25	112.09	Washington	King	47.972801	-121.38485	outside_boundary_exact	Washington, Snohomish County	Monte Cristo District.	https://lichenportal.org/portal/collections/individual/index.php?occid=1265373
1266184	WTU	WTU-L-019708	W. J. Eyerdam	3124	21.25	112.09	Washington	King	47.972801	-121.38485	outside_boundary_exact	Washington, Snohomish County	Monte Cristo District.	https://lichenportal.org/portal/collections/individual/index.php?occid=1266184
1267897	WTU	WTU-L-022450	W. J. Eyerdam	3104	21.25	112.09	Washington	King	47.972801	-121.38485	outside_boundary_exact	Washington, Snohomish County	Monte Cristo District.	https://lichenportal.org/portal/collections/individual/index.php?occid=1267897
1268039	WTU	WTU-L-022696	W. J. Eyerdam	3114	21.25	112.09	Washington	King	47.972801	-121.38485	outside_boundary_exact	Washington, Snohomish County	Monte Cristo District.	https://lichenportal.org/portal/collections/individual/index.php?occid=1268039
1270784	WTU	WTU-L-026413	W. J. Eyerdam	3103	21.25	112.09	Washington	King	47.972801	-121.38485	outside_boundary_exact	Washington, Snohomish County	Monte Cristo District.	https://lichenportal.org/portal/collections/individual/index.php?occid=1270784
1251162	WTU	WTU-L-002337	G.F. Ryan	3343	20.35	180.36	Washington	Yakima	47.08335	-121.66675	outside_boundary_exact	Washington, Pierce County	Snoqualmie National Forest, Road 853, White River Ranger District.	https://lichenportal.org/portal/collections/individual/index.php?occid=1251162
1251768	WTU	WTU-L-002884	G.F. Ryan	3339	20.35	180.36	Washington	Yakima	47.08335	-121.66675	outside_boundary_exact	Washington, Pierce County	Snoqualmie National Forest, Road 853, White River Ranger District.	https://lichenportal.org/portal/collections/individual/index.php?occid=1251768
1251923	WTU	WTU-L-002928	G.F. Ryan	3340	20.35	180.36	Washington	Yakima	47.08335	-121.66675	outside_boundary_exact	Washington, Pierce County	Snoqualmie National Forest, Road 853, White River Ranger District.	https://lichenportal.org/portal/collections/individual/index.php?occid=1251923
1252184	WTU	WTU-L-003162	G.F. Ryan	3342	20.35	180.36	Washington	Yakima	47.08335	-121.66675	outside_boundary_exact	Washington, Pierce County	Snoqualmie National Forest, Road 853, White River Ranger District.	https://lichenportal.org/portal/collections/individual/index.php?occid=1252184
1255209	WTU	WTU-L-006932	W. N. Suksdorf	355	17.61	132.21	Washington	Klickitat	46.202646	-121.490421	outside_boundary_exact	Washington, Yakima County	Mt. Adams.	https://lichenportal.org/portal/collections/individual/index.php?occid=1255209
3587268	WTU	NA	W. N. Suksdorf	355	17.61	132.21	Washington	Klickitat	46.202646	-121.490421	outside_boundary_exact	Washington, Yakima County	Mt. Adams.	https://lichenportal.org/portal/collections/individual/index.php?occid=3587268
1248186	WTU	WTU-L-014341	W. N. Suksdorf	354	17.34	132.09	Washington	Klickitat	46.20027	-121.489906	outside_boundary_exact	Washington, Yakima County	Mt. Adams.	https://lichenportal.org/portal/collections/individual/index.php?occid=1248186
1263017	WTU	WTU-L-016674	T. C. Frye	1	15.45	126.58	Washington	Clallam	47.727066	-123.516338	outside_boundary_exact	Washington, Jefferson County	Olympic Mountains, Elwha River Valley, between Godkin Creek and Mountaineer\\'s Camp.	https://lichenportal.org/portal/collections/individual/index.php?occid=1263017
1263021	WTU	WTU-L-016676	T. C. Frye	1	15.45	126.58	Washington	Clallam	47.727066	-123.516338	outside_boundary_exact	Washington, Jefferson County	Olympic Mountains, Elwha River Valley, between Godkin Creek and Mountaineer\\'s Camp.	https://lichenportal.org/portal/collections/individual/index.php?occid=1263021
1256274	WTU	WTU-L-007976	M. Anderson	AL-013	13.76	198.11	Washington	Okanogan	48.94697	-121.066418	outside_boundary_exact	Washington, Whatcom County	Ross Lake, northeast shore.	https://lichenportal.org/portal/collections/individual/index.php?occid=1256274
1271611	WTU	WTU-L-034845	B. Ryan	1965	12.84	174.47	Washington	Whatcom	48.7	-123	outside_boundary_exact	not_found_in_US	East of railroad tracks, just south of Post Point Park, B\\'ham.	https://lichenportal.org/portal/collections/individual/index.php?occid=1271611
1272784	WTU	WTU-L-034879	B. Ryan	1968	12.84	174.47	Washington	Whatcom	48.7	-123	outside_boundary_exact	not_found_in_US	Just south of Post Point.	https://lichenportal.org/portal/collections/individual/index.php?occid=1272784
1256379	WTU	WTU-L-008031	R. W. Becking	5308P1151	12.6	144.98	Washington	Lewis	46.275	-121.6403	outside_boundary_exact	Washington, Skamania County	Randle, Council Pass, Mount Adams.	https://lichenportal.org/portal/collections/individual/index.php?occid=1256379
1261623	WTU	WTU-L-014844	Gale Masters	DRDGM651	10.46	83.49	Washington	Skagit	48.7386	-121.7291	outside_boundary_exact	Washington, Whatcom County	Mount Baker-Snoqualmie National Forest, Mount Baker Ranger District, Boulder Ridge Trail R-route.	https://lichenportal.org/portal/collections/individual/index.php?occid=1261623
2735445	WTU	WTU-L-025068	D. Stone, M. Boyter, R. Rosentreter, P. Camp, C. Gueidan	MH-7.1	10.24	106.35	Washington	Douglas	47.3193	-119.8013	outside_boundary_exact	Washington, Grant County	North northeast of Quincy in the Beezley Hills, Monument Hill.	https://lichenportal.org/portal/collections/individual/index.php?occid=2735445
2735631	WTU	WTU-L-027179	D. Stone, M. Boyter, R. Rosentreter, P. Camp, C. Gueidan	MH-19	10.24	106.35	Washington	Douglas	47.3193	-119.8013	outside_boundary_exact	Washington, Grant County	North northeast of Quincy in the Beezley Hills, Monument Hill.	https://lichenportal.org/portal/collections/individual/index.php?occid=2735631
2735653	WTU	WTU-L-027201	D. Stone, M. Boyter, R. Rosentreter, P. Camp, C. Gueidan	MH-47	10.24	106.35	Washington	Douglas	47.3193	-119.8013	outside_boundary_exact	Washington, Grant County	North northeast of Quincy in the Beezley Hills, Monument Hill.	https://lichenportal.org/portal/collections/individual/index.php?occid=2735653
2735658	WTU	WTU-L-027206	D. Stone, M. Boyter, R. Rosentreter, P. Camp, C. Gueidan	MH-42	10.24	106.35	Washington	Douglas	47.3193	-119.8013	outside_boundary_exact	Washington, Grant County	North northeast of Quincy in the Beezley Hills, Monument Hill.	https://lichenportal.org/portal/collections/individual/index.php?occid=2735658
1264648	WTU	WTU-L-018782	R. W. Becking	5208041	10.16	67.28	Washington	Mason	47.3224	-123.6391	outside_boundary_exact	Washington, Grays Harbor County	Shelton, Wynoochee Big Canyon, Tree Farm Camp.	https://lichenportal.org/portal/collections/individual/index.php?occid=1264648
1259440	WTU	WTU-L-012137	T. C. Frye	NA	10.1	114.49	Washington	Clallam	47.789502	-123.650213	outside_boundary_exact	Washington, Jefferson County	Olympic Mountains. Queets River valley, at foot of Humes Glacier.	https://lichenportal.org/portal/collections/individual/index.php?occid=1259440
1254870	WTU	WTU-L-006307	R. W. Becking	5207003a	9.75	65.51	Washington	Mason	47.365714	-123.634337	outside_boundary_exact	Washington, Grays Harbor County	Shelton, Wynochee Rail Road Bridge, Tree Farm Camp.	https://lichenportal.org/portal/collections/individual/index.php?occid=1254870
1258006	WTU	WTU-L-010190	R. W. Becking	520811	9.75	65.51	Washington	Mason	47.365714	-123.634337	outside_boundary_exact	Washington, Grays Harbor County	Shelton, Tree Farm Camp, section 1.	https://lichenportal.org/portal/collections/individual/index.php?occid=1258006
1261266	WTU	WTU-L-014910	R. W. Becking	5208159	9.75	65.51	Washington	Mason	47.365714	-123.634337	outside_boundary_exact	Washington, Grays Harbor County	Shelton, Schaeffer Creek, Tree Farm Camp.	https://lichenportal.org/portal/collections/individual/index.php?occid=1261266
1261361	WTU	WTU-L-015070	R. W. Becking	52072721	9.75	65.51	Washington	Mason	47.365714	-123.634337	outside_boundary_exact	Washington, Grays Harbor County	Shelton, Schaeffer Creek, Tree Farm Camp.	https://lichenportal.org/portal/collections/individual/index.php?occid=1261361
1261362	WTU	WTU-L-015071	R. W. Becking	52081511	9.75	65.51	Washington	Mason	47.365714	-123.634337	outside_boundary_exact	Washington, Grays Harbor County	Shelton, Schaeffer Creek, Tree Farm Camp.	https://lichenportal.org/portal/collections/individual/index.php?occid=1261362
1261843	WTU	WTU-L-015235	R. W. Becking	s.n.	9.75	65.51	Washington	Mason	47.365714	-123.634337	outside_boundary_exact	Washington, Grays Harbor County	Shelton. Tree Farm Camp.	https://lichenportal.org/portal/collections/individual/index.php?occid=1261843
1262052	WTU	WTU-L-015540	R. W. Becking	5208119	9.75	65.51	Washington	Mason	47.365714	-123.634337	outside_boundary_exact	Washington, Grays Harbor County	Shelton, Tree Farm Camp, section 1.	https://lichenportal.org/portal/collections/individual/index.php?occid=1262052
1262646	WTU	WTU-L-016317	R. W. Becking	5208158	9.75	65.51	Washington	Mason	47.365714	-123.634337	outside_boundary_exact	Washington, Grays Harbor County	Shelton, Schaeffer Creek, Tree Farm Camp.	https://lichenportal.org/portal/collections/individual/index.php?occid=1262646
1263166	WTU	WTU-L-016833	R. W. Becking	52072712	9.75	65.51	Washington	Mason	47.365714	-123.634337	outside_boundary_exact	Washington, Grays Harbor County	Shelton, Schafer Creek, Tree Farm Camp.	https://lichenportal.org/portal/collections/individual/index.php?occid=1263166
1263512	WTU	WTU-L-017498	R. W. Becking	52072722	9.75	65.51	Washington	Mason	47.365714	-123.634337	outside_boundary_exact	Washington, Grays Harbor County	Shelton, Schaeffer Creek, Tree Farm Camp.	https://lichenportal.org/portal/collections/individual/index.php?occid=1263512
1263515	WTU	WTU-L-017499	R. W. Becking	52081512	9.75	65.51	Washington	Mason	47.365714	-123.634337	outside_boundary_exact	Washington, Grays Harbor County	Shelton, Schaeffer Creek, Tree Farm Camp.	https://lichenportal.org/portal/collections/individual/index.php?occid=1263515
1264299	WTU	WTU-L-018644	R. W. Becking	5208116	9.75	65.51	Washington	Mason	47.365714	-123.634337	outside_boundary_exact	Washington, Grays Harbor County	Shelton, Tree Farm Camp, section 1.	https://lichenportal.org/portal/collections/individual/index.php?occid=1264299
1264649	WTU	WTU-L-018783	R. W. Becking	1002b	9.75	65.51	Washington	Mason	47.365714	-123.634337	outside_boundary_exact	Washington, Grays Harbor County	South Olympic Tree Farm Camp, Shelton.	https://lichenportal.org/portal/collections/individual/index.php?occid=1264649
1264774	WTU	WTU-L-019223	R. W. Becking	5206144b	9.75	65.51	Washington	Mason	47.365714	-123.634337	outside_boundary_exact	Washington, Grays Harbor County	Shelton, Tree Farm Camp, waterhole.	https://lichenportal.org/portal/collections/individual/index.php?occid=1264774
1266943	WTU	WTU-L-021479	R. W. Becking	5207004	9.75	65.51	Washington	Mason	47.365714	-123.634337	outside_boundary_exact	Washington, Grays Harbor County	Shelton, Wynochee R.R.(railroad) Bridge, Tree Farm Camp.	https://lichenportal.org/portal/collections/individual/index.php?occid=1266943
1267193	WTU	WTU-L-021647	J. M. Grant	8	9.49	166.99	Washington	Yakima	46.912339	-121.634596	outside_boundary_exact	Washington, Pierce County	Yakima Park. [Mount Rainier]	https://lichenportal.org/portal/collections/individual/index.php?occid=1267193
1264770	WTU	WTU-L-019222	R. W. Becking	52073720	9.33	69.92	Washington	Mason	47.236	-123.6231	outside_boundary_exact	Washington, Grays Harbor County	Shelton, Tree Farm Camp.	https://lichenportal.org/portal/collections/individual/index.php?occid=1264770
1262276	WTU	WTU-L-015913	R. W. Becking	751	9.3	65.02	Washington	Mason	47.367664	-123.628464	outside_boundary_exact	Washington, Grays Harbor County	Shelton, Humptulips Road. Camp Grisdale.	https://lichenportal.org/portal/collections/individual/index.php?occid=1262276
1256876	WTU	WTU-L-009151	R. W. Becking	52072716	9.23	64.93	Washington	Mason	47.368504	-123.62747	outside_boundary_exact	Washington, Grays Harbor County	Shelton, Tree Farm Camp.	https://lichenportal.org/portal/collections/individual/index.php?occid=1256876
1258003	WTU	WTU-L-010189	R. W. Becking	52072718	9.23	64.93	Washington	Mason	47.368504	-123.62747	outside_boundary_exact	Washington, Grays Harbor County	Shelton, Tree Farm Camp.	https://lichenportal.org/portal/collections/individual/index.php?occid=1258003
1258507	WTU	WTU-L-011075	R. W. Becking	52072719	9.23	64.93	Washington	Mason	47.368504	-123.62747	outside_boundary_exact	Washington, Grays Harbor County	Shelton, Tree Farm Camp.	https://lichenportal.org/portal/collections/individual/index.php?occid=1258507
1259041	WTU	WTU-L-011798	R. W. Becking	5208112	9.23	64.93	Washington	Mason	47.368504	-123.62747	outside_boundary_exact	Washington, Grays Harbor County	Shelton, Tree Farm Camp.	https://lichenportal.org/portal/collections/individual/index.php?occid=1259041
1260794	WTU	WTU-L-014211	R. W. Becking	520728	9.23	64.93	Washington	Mason	47.368504	-123.62747	outside_boundary_exact	Washington, Grays Harbor County	Shelton, Tree Farm Camp.	https://lichenportal.org/portal/collections/individual/index.php?occid=1260794
1262641	WTU	WTU-L-016316	R. W. Becking	52072714	9.23	64.93	Washington	Mason	47.368504	-123.62747	outside_boundary_exact	Washington, Grays Harbor County	Shelton, Tree Farm Camp.	https://lichenportal.org/portal/collections/individual/index.php?occid=1262641
1263538	WTU	WTU-L-017402	R. W. Becking	52072710	9.23	64.93	Washington	Mason	47.368504	-123.62747	outside_boundary_exact	Washington, Grays Harbor County	Shelton, Tree Farm Camp.	https://lichenportal.org/portal/collections/individual/index.php?occid=1263538
1264456	WTU	WTU-L-018704	R. W. Becking	5207391	9.23	64.93	Washington	Mason	47.368504	-123.62747	outside_boundary_exact	Washington, Grays Harbor County	Shelton, Tree Farm Camp.	https://lichenportal.org/portal/collections/individual/index.php?occid=1264456
1264645	WTU	WTU-L-018781	becking	520811	9.23	64.93	Washington	Mason	47.368504	-123.62747	outside_boundary_exact	Washington, Grays Harbor County	Shelton, Tree Farm Camp.	https://lichenportal.org/portal/collections/individual/index.php?occid=1264645
1264652	WTU	WTU-L-018784	R. W. Becking	520811a	9.23	64.93	Washington	Mason	47.368504	-123.62747	outside_boundary_exact	Washington, Grays Harbor County	Shelton, Tree Farm Camp.	https://lichenportal.org/portal/collections/individual/index.php?occid=1264652
1264684	WTU	WTU-L-018831	R. W. Becking	52072723	9.23	64.93	Washington	Mason	47.368504	-123.62747	outside_boundary_exact	Washington, Grays Harbor County	Shelton, Tree Farm Camp.	https://lichenportal.org/portal/collections/individual/index.php?occid=1264684
1270270	WTU	WTU-L-025955	A. S. Foster	s.n.	9.2	110.66	Washington	Clallam	47.797705	-123.709316	outside_boundary_exact	Washington, Jefferson County	Port Angeles, Washington. Mount Olympic.	https://lichenportal.org/portal/collections/individual/index.php?occid=1270270
1270573	WTU	WTU-L-026175	Unknown	5209184	9.14	96.79	Washington	Grays Harbor	46.710672	-123.995666	outside_boundary_exact	Washington, Pacific County	Tokeland, Grays Harbor, Ocean View, Plot #520918.	https://lichenportal.org/portal/collections/individual/index.php?occid=1270573
1270575	WTU	WTU-L-026177	Unknown	5209161	9.14	96.79	Washington	Grays Harbor	46.710672	-123.995666	outside_boundary_exact	Washington, Pacific County	Tokeland, Grays Harbor, Ocean Beach, Plot #520916.	https://lichenportal.org/portal/collections/individual/index.php?occid=1270575
1255378	WTU	WTU-L-006761	J. Iaccarino	081401JAI07	9.06	132.57	Washington	Yakima	46.9932	-120.908	outside_boundary_exact	Washington, Kittitas County	Wenatchee National Forest, Naches District. Plot 2209214.	https://lichenportal.org/portal/collections/individual/index.php?occid=1255378
1257717	WTU	WTU-L-009622	J. Iaccarino	081401JAI08	9.06	132.57	Washington	Yakima	46.9932	-120.908	outside_boundary_exact	Washington, Kittitas County	Wenatchee National Forest, Naches District. Plot 2209214.	https://lichenportal.org/portal/collections/individual/index.php?occid=1257717
1266451	WTU	WTU-L-021050	Grace E. Howard	s.n.	9.02	69.32	Washington	Kitsap	47.44504	-123.084683	outside_boundary_exact	not_found_in_US	Hood Canal, Little Dewatto.	https://lichenportal.org/portal/collections/individual/index.php?occid=1266451
1259881	WTU	WTU-L-012884	Grace E. Howard	3512	8.97	69.26	Washington	Kitsap	47.445359	-123.083997	outside_boundary_exact	not_found_in_US	Little DeWatto.	https://lichenportal.org/portal/collections/individual/index.php?occid=1259881
1248153	WTU	WTU-L-014648	T. A. Bonser	16	8.81	148.8	Washington	Lewis	46.309203	-121.566124	outside_boundary_exact	Washington, Skamania County	Horse Shoe Lake.	https://lichenportal.org/portal/collections/individual/index.php?occid=1248153
1266508	WTU	WTU-L-021122	Gale Masters	DRDGM650	8.45	124.25	Washington	Skagit	48.2193	-121.2009	outside_boundary_exact	Washington, Snohomish County	Mount Baker-Snoqualmie National Forest, Darrington Ranger District, Downy Creek Trail repairs, pre-project survey.	https://lichenportal.org/portal/collections/individual/index.php?occid=1266508
1260314	WTU	WTU-L-013214	W. J. Eyerdam	1657	7.97	100.21	Washington	King	47.848101	-122.099047	outside_boundary_exact	Washington, Snohomish County	Nr north line. Near Cathcart.	https://lichenportal.org/portal/collections/individual/index.php?occid=1260314
1263815	WTU	WTU-L-017885	W. J. Eyerdam	1660	7.92	100.17	Washington	King	47.847727	-122.098961	outside_boundary_exact	Washington, Snohomish County	Cathcart.	https://lichenportal.org/portal/collections/individual/index.php?occid=1263815
1264793	WTU	WTU-L-018962	W. J. Eyerdam	1661	7.92	100.17	Washington	King	47.847727	-122.098961	outside_boundary_exact	Washington, Snohomish County	Cathcart.	https://lichenportal.org/portal/collections/individual/index.php?occid=1264793
1265350	WTU	WTU-L-019576	W. J. Eyerdam	1659	7.92	100.17	Washington	King	47.847727	-122.098961	outside_boundary_exact	Washington, Snohomish County	Cathcart.	https://lichenportal.org/portal/collections/individual/index.php?occid=1265350
1257894	WTU	WTU-L-010218	R. W. Becking	5206143	7.83	68.53	Washington	Mason	47.236	-123.6026	outside_boundary_exact	Washington, Grays Harbor County	Shelton, Tree Farm Camp, waterhole.	https://lichenportal.org/portal/collections/individual/index.php?occid=1257894
1262053	WTU	WTU-L-015541	R. W. Becking	5206141	7.83	68.53	Washington	Mason	47.236	-123.6026	outside_boundary_exact	Washington, Grays Harbor County	Shelton, Tree Farm Camp, waterhole.	https://lichenportal.org/portal/collections/individual/index.php?occid=1262053
1264768	WTU	WTU-L-019221	R. W. Becking	5206144	7.83	68.53	Washington	Mason	47.236	-123.6026	outside_boundary_exact	Washington, Grays Harbor County	Shelton, Tree Farm Camp, waterhole.	https://lichenportal.org/portal/collections/individual/index.php?occid=1264768
2735449	WTU	WTU-L-025072	A. Hardman, M. Russell, D. Stone, H. Root, C. Gueidan	NC1-18.1	7.69	107.12	Washington	Douglas	47.86858	-119.05296	outside_boundary_exact	Washington, Grant County	South southwest of Grand Coulee, Steamboat Rock State Park, Northrup Canyon.	https://lichenportal.org/portal/collections/individual/index.php?occid=2735449
2735462	WTU	WTU-L-025085	A. Hardman, M. Russell, D. Stone, H. Root, C. Gueidan	NC1-55.1	7.69	107.12	Washington	Douglas	47.86858	-119.05296	outside_boundary_exact	Washington, Grant County	South southwest of Grand Coulee, Steamboat Rock State Park, Northrup Canyon.	https://lichenportal.org/portal/collections/individual/index.php?occid=2735462
2735640	WTU	WTU-L-027188	A. Hardman, M. Russell, D. Stone, H. Root, C. Gueidan	NC1-24	7.69	107.12	Washington	Douglas	47.86858	-119.05296	outside_boundary_exact	Washington, Grant County	South southwest of Grand Coulee, Steamboat Rock State Park, Northrup Canyon.	https://lichenportal.org/portal/collections/individual/index.php?occid=2735640
2735642	WTU	WTU-L-027190	A. Hardman, M. Russell, D. Stone, H. Root, C. Gueidan	NC1-27	7.69	107.12	Washington	Douglas	47.86858	-119.05296	outside_boundary_exact	Washington, Grant County	South southwest of Grand Coulee, Steamboat Rock State Park, Northrup Canyon.	https://lichenportal.org/portal/collections/individual/index.php?occid=2735642
2735643	WTU	WTU-L-027191	A. Hardman	NC1-17	7.69	107.12	Washington	Douglas	47.86858	-119.05296	outside_boundary_exact	Washington, Grant County	South southwest of Grand Coulee, Steamboat Rock State Park, Northrup Canyon.	https://lichenportal.org/portal/collections/individual/index.php?occid=2735643
1247155	WTU	WTU-L-009225	Helen Lau	L4988	7.45	122.02	Washington	Lewis	46.3214	-121.9369	outside_boundary_exact	Washington, Skamania County	Gifford Pinchot National Forest, Cowlitz Valley Ranger District.	https://lichenportal.org/portal/collections/individual/index.php?occid=1247155
1250898	WTU	WTU-L-002098	Helen Lau	L5183	7.45	120.58	Washington	Lewis	46.3214	-121.9577	outside_boundary_exact	Washington, Skamania County	Gifford Pinchot National Forest, Cowlitz Valley Ranger District.	https://lichenportal.org/portal/collections/individual/index.php?occid=1250898
2735634	WTU	WTU-L-027182	D. Stone, C. Gueidan	BSN-5	7.37	106.49	Washington	Douglas	47.33208	-119.83415	outside_boundary_exact	Washington, Grant County	North of Quincy in the Beezley Hills, TNC land north of Baird Springs.	https://lichenportal.org/portal/collections/individual/index.php?occid=2735634
1259468	WTU	WTU-L-012348	M. Arnot	L696	6.97	206.9	Washington	Whatcom	48.6929	-120.574	outside_boundary_exact	Washington, Okanogan County	8 miles north of Concrete. Forest road 12 from Rocky Creek bridge. Near Sulphur Creek bridge at 2 miles.	https://lichenportal.org/portal/collections/individual/index.php?occid=1259468
1271499	WTU	WTU-L-034618	B. Ryan	6230	6.97	63.15	Washington	Island	48.4	-122.480556	outside_boundary_exact	Washington, Skagit County	Goose Hill, Just south of Deception Pass.	https://lichenportal.org/portal/collections/individual/index.php?occid=1271499
1271603	WTU	WTU-L-034839	B. Ryan	6229	6.97	63.15	Washington	Island	48.4	-122.480556	outside_boundary_exact	Washington, Skagit County	Goose Hill, just south of Deception Pass.	https://lichenportal.org/portal/collections/individual/index.php?occid=1271603
2735488	WTU	WTU-L-025111	D. Stone, M. Boyter, R. Rosentreter, P. Camp, C. Gueidan	BShill-24	6.19	109.74	Washington	Douglas	47.31571	-119.875501	outside_boundary_exact	Washington, Grant County	North of Quincy in the Beezley Hills, northwest slope just east of Baird Springs, on Bureau of Land Management lands.	https://lichenportal.org/portal/collections/individual/index.php?occid=2735488
2735644	WTU	WTU-L-027192	D. Stone, M. Boyter, R. Rosentreter, P. Camp, C. Gueidan	BShill-9	6.19	109.74	Washington	Douglas	47.31571	-119.875501	outside_boundary_exact	Washington, Grant County	North of Quincy in the Beezley Hills, northwest slope just east of Baird Springs, on Bureau of Land Management lands.	https://lichenportal.org/portal/collections/individual/index.php?occid=2735644
2735429	WTU	WTU-L-025052	D. Stone, A. Hardman, M. Russell, C. Gueidan	OSB-51	5.88	108.91	Washington	Douglas	47.90038	-119.05187	outside_boundary_exact	Washington, Grant County	South southeast of Grand Coulee, Osborne, Bureau of Land Management lands.	https://lichenportal.org/portal/collections/individual/index.php?occid=2735429
2735435	WTU	WTU-L-025058	D. Stone, A. Hardman, M. Russell, C. Gueidan	OSB-19	5.88	108.91	Washington	Douglas	47.90038	-119.05187	outside_boundary_exact	Washington, Grant County	South southeast of Grand Coulee, Osborne, Bureau of Land Management lands.	https://lichenportal.org/portal/collections/individual/index.php?occid=2735435
2735446	WTU	WTU-L-025069	D. Stone, A. Hardman, M. Russell, C. Gueidan	OSBlith-27	5.88	108.91	Washington	Douglas	47.90038	-119.05187	outside_boundary_exact	Washington, Grant County	South southeast of Grand Coulee, Osborne on Bureau of Land Management lands.	https://lichenportal.org/portal/collections/individual/index.php?occid=2735446
2735452	WTU	WTU-L-025075	D. Stone, A. Hardman, M. Russell, C. Gueidan	OSB-25	5.88	108.91	Washington	Douglas	47.90038	-119.05187	outside_boundary_exact	Washington, Grant County	South southeast of Grand Coulee, Osborne, Bureau of Land Management lands.	https://lichenportal.org/portal/collections/individual/index.php?occid=2735452
2735458	WTU	WTU-L-025081	D. Stone, A. Hardman, M. Russell, C. Gueidan	OSBLith-17	5.88	108.91	Washington	Douglas	47.90038	-119.05187	outside_boundary_exact	Washington, Grant County	South southeast of Grand Coulee, Osborne on Bureau of Land Management lands.	https://lichenportal.org/portal/collections/individual/index.php?occid=2735458
2735459	WTU	WTU-L-025082	D. Stone, A. Hardman, M. Russell, C. Gueidan	OSB-27.1	5.88	108.91	Washington	Douglas	47.90038	-119.05187	outside_boundary_exact	Washington, Grant County	South southeast of Grand Coulee, Osborne, Bureau of Land Management lands.	https://lichenportal.org/portal/collections/individual/index.php?occid=2735459
2735460	WTU	WTU-L-025083	D. Stone, A. Hardman, M. Russell, C. Gueidan	OSB-5	5.88	108.91	Washington	Douglas	47.90038	-119.05187	outside_boundary_exact	Washington, Grant County	South southeast of Grand Coulee, Osborne, Bureau of Land Management lands.	https://lichenportal.org/portal/collections/individual/index.php?occid=2735460
2735473	WTU	WTU-L-025096	D. Stone, A. Hardman, M. Russell, C. Gueidan	OSBLith-3	5.88	108.91	Washington	Douglas	47.90038	-119.05187	outside_boundary_exact	Washington, Grant County	South southeast of Grand Coulee, Osborne on Bureau of Land Management lands.	https://lichenportal.org/portal/collections/individual/index.php?occid=2735473
2735479	WTU	WTU-L-025102	D. Stone, A. Hardman, M. Russell, C. Gueidan	OSB-14	5.88	108.91	Washington	Douglas	47.90038	-119.05187	outside_boundary_exact	Washington, Grant County	South southeast of Grand Coulee, Osborne, Bureau of Land Management lands.	https://lichenportal.org/portal/collections/individual/index.php?occid=2735479
2735480	WTU	WTU-L-025103	D. Stone, A. Hardman, M. Russell, C. Gueidan	OSBLith-11.2	5.88	108.91	Washington	Douglas	47.90038	-119.05187	outside_boundary_exact	Washington, Grant County	South southeast of Grand Coulee, Osborne on Bureau of Land Management lands.	https://lichenportal.org/portal/collections/individual/index.php?occid=2735480
2735638	WTU	WTU-L-027186	D. Stone, A. Hardman, M. Russell, C. Gueidan	OSB-7	5.88	108.91	Washington	Douglas	47.90038	-119.05187	outside_boundary_exact	Washington, Grant County	South southeast of Grand Coulee, Osborne, Bureau of Land Management lands.	https://lichenportal.org/portal/collections/individual/index.php?occid=2735638
2735659	WTU	WTU-L-027207	D. Stone, A. Hardman, M. Russell, C. Gueidan	OSB-Lith-14	5.88	108.91	Washington	Douglas	47.90038	-119.05187	outside_boundary_exact	Washington, Grant County	South southeast of Grand Coulee, Osborne on Bureau of Land Management lands.	https://lichenportal.org/portal/collections/individual/index.php?occid=2735659
2735285	WTU	WTU-L-024896	Daphne Stone	7791.1	5.75	105.32	Washington	Snohomish	47.7279	-121.3351	outside_boundary_exact	Washington, King County	Mt. Baker-Snoqualmie National Forest, Skykomish Ranger District, Beckler Thin Unit 55A. From Hwy 2, drive N on Rd 65 1.8 mi to the N end of Unit 55A. Walk W from flag along the N boundary of the unit approx 775\\' to site. Site marked by one set of 2 flags labeled NEBE-DS-1. Nearby is an old square post w/ rusted metal sign on it. Flag on rd is orange and white striped and indicates site is 333\\' from rd at 270 deg. Distance on flagging is wrong! Site is in or just outside pointed NW corner of unit.	https://lichenportal.org/portal/collections/individual/index.php?occid=2735285
1252104	WTU	WTU-L-003080	B. D. Ryan	10264	5.72	135.82	Washington	Whatcom	48.593323	-122.469087	outside_boundary_exact	not_found_in_US	Samish Way, Bellingham.	https://lichenportal.org/portal/collections/individual/index.php?occid=1252104
1260791	WTU	WTU-L-014103	W. J. Eyerdam	1872	5.58	101.01	Washington	King	47.826811	-122.16222	outside_boundary_exact	Washington, Snohomish County	5 miles north of Woodinville.	https://lichenportal.org/portal/collections/individual/index.php?occid=1260791
1265363	WTU	WTU-L-019405	W. J. Eyerdam	1873	5.58	101.01	Washington	King	47.826811	-122.16222	outside_boundary_exact	Washington, Snohomish County	5 miles north of Woodinville.	https://lichenportal.org/portal/collections/individual/index.php?occid=1265363
1265420	WTU	WTU-L-019758	W. J. Eyerdam	1873	5.58	101.01	Washington	King	47.826811	-122.16222	outside_boundary_exact	Washington, Snohomish County	5 miles north of Woodinville.	https://lichenportal.org/portal/collections/individual/index.php?occid=1265420
1267490	WTU	WTU-L-022024	W. J. Eyerdam	1874	5.58	101.01	Washington	King	47.826811	-122.16222	outside_boundary_exact	Washington, Snohomish County	5 miles north of Woodinville.	https://lichenportal.org/portal/collections/individual/index.php?occid=1267490
1268285	WTU	WTU-L-022788	W. J. Eyerdam	1871	5.58	101.01	Washington	King	47.826811	-122.16222	outside_boundary_exact	Washington, Snohomish County	5 miles north of Woodinville.	https://lichenportal.org/portal/collections/individual/index.php?occid=1268285
1264461	WTU	WTU-L-018705	R. W. Becking	5207011	5.32	63.93	Washington	Mason	47.2933	-123.5754	outside_boundary_exact	Washington, Grays Harbor County	Shelton, Tree Farm Camp Road.	https://lichenportal.org/portal/collections/individual/index.php?occid=1264461
1265372	WTU	WTU-L-019852	W. J. Eyerdam	1829	4.74	91.66	Washington	King	47.820532	-121.555309	outside_boundary_exact	Washington, Snohomish County	Index, At quarry, on cliff wall.	https://lichenportal.org/portal/collections/individual/index.php?occid=1265372
3588388	WTU	WTU-L-032363	B. McCune, Bill F. Isaacs	28975	4.72	154.28	Washington	Skagit	48.6896	-120.7106	outside_boundary_exact	Washington, Whatcom County	Summit 1.1 kilometers southwest of Tatie Peak, crest of North Cascades.	https://lichenportal.org/portal/collections/individual/index.php?occid=3588388
1272896	WTU	WTU-L-035130	T. C. Frye	52	4.5	122.64	Washington	Clallam	47.826142	-123.463003	outside_boundary_exact	Washington, Jefferson County	Olympic Mts. In Elwha River valley; 3 miles below Camp Elkhorn.	https://lichenportal.org/portal/collections/individual/index.php?occid=1272896
1259538	WTU	WTU-L-012401	T. C. Frye	s.n.	4.39	122.51	Washington	Clallam	47.827139	-123.464041	outside_boundary_exact	Washington, Jefferson County	Elwha River Valley, 3 miles below Camp Elkhorn.	https://lichenportal.org/portal/collections/individual/index.php?occid=1259538
2735335	WTU	WTU-L-024948	Ann Risvold	AH23D	3.98	91.26	Washington	Snohomish	48.3327	-121.5373	outside_boundary_exact	Washington, Skagit County	Mt. Baker-Snoqualmie National Forest, Suiattle and Sauk Rivers. From Darrington drive E on Sauk Prairie Rd to the T-intersection. Turn L, go about a mile, turn L at the fork and L at the next two intersections. Turn R at the gate at the private residence and drive down the brush road to the clearing and park. The USLO50 is further up the access road, about 100\\'. It also runs along most of the bank of the Suiattle River.	https://lichenportal.org/portal/collections/individual/index.php?occid=2735335
1268427	WTU	WTU-L-023000	Grace E. Howard	4578	3.3	63.94	Washington	Kitsap	47.494009	-123.059235	outside_boundary_exact	not_found_in_US	Hood Canal.	https://lichenportal.org/portal/collections/individual/index.php?occid=1268427
1268277	WTU	WTU-L-022785	W. J. Eyerdam	1870	3.25	95.77	Washington	King	47.805589	-122.086103	outside_boundary_exact	Washington, Snohomish County	5 miles northeast of Woodinville.	https://lichenportal.org/portal/collections/individual/index.php?occid=1268277
1259521	WTU	WTU-L-012395	T. C. Frye	28	2.98	121.26	Washington	Clallam	47.83993	-123.470565	outside_boundary_exact	Washington, Jefferson County	Olympic Mountains. Elwha River Valley, 3 miles below Camp Elkhorn.	https://lichenportal.org/portal/collections/individual/index.php?occid=1259521
1259529	WTU	WTU-L-012399	T. C. Frye	28	2.98	121.26	Washington	Clallam	47.83993	-123.470565	outside_boundary_exact	Washington, Jefferson County	Olympic Mountains. Elwha River Valley, 3 miles below Camp Elkhorn.	https://lichenportal.org/portal/collections/individual/index.php?occid=1259529
1261220	WTU	WTU-L-014903	T. C. Frye	52a	2.98	121.26	Washington	Clallam	47.83993	-123.470565	outside_boundary_exact	Washington, Jefferson County	Olympic Mountains. Elwha River Valley, 3 miles below Camp Elkhorn.	https://lichenportal.org/portal/collections/individual/index.php?occid=1261220
1261224	WTU	WTU-L-014649	T. C. Frye	62	2.98	121.26	Washington	Clallam	47.83993	-123.470565	outside_boundary_exact	Washington, Jefferson County	Olympic Mountains. Elwha River Valley, 3 miles below Camp Elkhorn.	https://lichenportal.org/portal/collections/individual/index.php?occid=1261224
1258156	WTU	WTU-L-010385	Joy Spurr	S.N.	2.95	88.24	Washington	King	47.803873	-121.89312	outside_boundary_exact	Washington, Snohomish County	6 miles northeast of Duvall.	https://lichenportal.org/portal/collections/individual/index.php?occid=1258156
1270564	WTU	WTU-L-026166	Unknown	5208312	2.54	64.19	Washington	Mason	47.630433	-123.20828	outside_boundary_exact	Washington, Jefferson County	Hoodsport, upper Lake Lena, Plot #520831.	https://lichenportal.org/portal/collections/individual/index.php?occid=1270564
1270565	WTU	WTU-L-026167	Unknown	5208312	2.54	64.19	Washington	Mason	47.630433	-123.20828	outside_boundary_exact	Washington, Jefferson County	Hoodsport, upper Lake Lena, Plot #520831.	https://lichenportal.org/portal/collections/individual/index.php?occid=1270565
2735370	WTU	WTU-L-024987	Susan Hawes	539242_PLLAC	2.38	135.26	Washington	Lewis	46.3672	-121.722	outside_boundary_exact	Washington, Skamania County	Gifford Pinchot National Forest, Cowlitz Valley Ranger District, Stand 539242.	https://lichenportal.org/portal/collections/individual/index.php?occid=2735370
1255307	WTU	WTU-L-006910	M. Arnot	L411a	2.27	141.2	Washington	Chelan	47.287148	-120.543365	outside_boundary_exact	Washington, Kittitas County	Upper Naneum Meadow circa 22 miles north of Ellensburg.	https://lichenportal.org/portal/collections/individual/index.php?occid=1255307
1260723	WTU	WTU-L-014204	M. Arnot, E. Burnett	L414	2.27	141.2	Washington	Chelan	47.287148	-120.543365	outside_boundary_exact	Washington, Kittitas County	Upper Naneum Meadow circa 22 miles north of Ellensburg.	https://lichenportal.org/portal/collections/individual/index.php?occid=1260723
2735101	WTU	WTU-L-014407	M. Arnot, E. Burnett	L411	2.27	141.2	Washington	Chelan	47.287148	-120.543365	outside_boundary_exact	Washington, Kittitas County	Upper Naneum Meadow circa 22 miles north of Ellensburg.	https://lichenportal.org/portal/collections/individual/index.php?occid=2735101
1267395	WTU	WTU-L-022039	Elroy Burnett	L1226	2.23	97.54	Washington	King	47.8007	-121.442	outside_boundary_exact	Washington, Snohomish County	Area/Forest: Gunn Mtn.	https://lichenportal.org/portal/collections/individual/index.php?occid=1267395
2735489	WTU	WTU-L-025112	D. Stone, A. Hardman, R. Rosentreter, M. Russell	RCLith1-3	2.2	96.93	Washington	Douglas	47.418494	-119.795365	outside_boundary_exact	Washington, Grant County	Northeast of Wenatchee, on plateau above Moses Coulee south of Rattlesnake Creek on Bureau of Land Management lands.	https://lichenportal.org/portal/collections/individual/index.php?occid=2735489
1262210	WTU	WTU-L-015733	M. Arnot	L1524	2.18	79.4	Washington	Snohomish	48.3181	-121.821	outside_boundary_exact	Washington, Skagit County	Mount Higgins LO Trail #640 from end of Road SL-5500 2.9 miles north from Service Road 530 at MP 38.	https://lichenportal.org/portal/collections/individual/index.php?occid=1262210
1262339	WTU	WTU-L-015940	M. Arnot	L1527	2.18	79.4	Washington	Snohomish	48.3181	-121.821	outside_boundary_exact	Washington, Skagit County	Mount Higgins LO Trail #640 from end of road SL-5500 2.9 miles north from SR 530 at MP 38.	https://lichenportal.org/portal/collections/individual/index.php?occid=1262339
1263225	WTU	WTU-L-017060	M. Arnot	L1523	2.18	79.4	Washington	Snohomish	48.3181	-121.821	outside_boundary_exact	Washington, Skagit County	Mount Higgins LO Trail #640 from end of Road SL-5500 2.9 miles north from Service Road 530 at MP 38.	https://lichenportal.org/portal/collections/individual/index.php?occid=1263225
1264971	WTU	WTU-L-018916	M. Arnot	L1525	2.18	79.4	Washington	Snohomish	48.3181	-121.821	outside_boundary_exact	Washington, Skagit County	Mount Higgins LO Trail #640 from end of Road SL-5500 2.9 miles north from Service Road 530 at MP 38.	https://lichenportal.org/portal/collections/individual/index.php?occid=1264971
1268816	WTU	WTU-L-023348	M. Arnot	L1522	2.18	79.4	Washington	Snohomish	48.3181	-121.821	outside_boundary_exact	Washington, Skagit County	Mount Higgins LO Trail #640 from end of Road SL-5500 2.9 miles north from Service Road 530 at MP 38.	https://lichenportal.org/portal/collections/individual/index.php?occid=1268816
2735079	WTU	WTU-L-013484	M. Arnot	L1526	2.18	79.4	Washington	Snohomish	48.3181	-121.821	outside_boundary_exact	Washington, Skagit County	Mount Higgins LO Trail #640 from end of Road SL-5500 2.9 miles north from Service Road 530 at MP 38.	https://lichenportal.org/portal/collections/individual/index.php?occid=2735079
1255159	WTU	WTU-L-006823	Carl H. Westman	#32	2.17	91.04	Washington	Grays Harbor	47.537369	-123.671722	outside_boundary_exact	Washington, Jefferson County	Quinault River near North Fork Junction.	https://lichenportal.org/portal/collections/individual/index.php?occid=1255159
1264150	WTU	WTU-L-018313	Carl H. Westman	33	2.17	91.04	Washington	Grays Harbor	47.537369	-123.671722	outside_boundary_exact	Washington, Jefferson County	Quinault River near North Fork Junction.	https://lichenportal.org/portal/collections/individual/index.php?occid=1264150
1256868	WTU	WTU-L-009146	Grace E. Howard	4882	1.69	122.83	Washington	Kittitas	47.269911	-121.382103	outside_boundary_exact	Washington, King County	Wenatchee National Forest, short distance off United States Highway number 10 on Lester Road near forest camp.	https://lichenportal.org/portal/collections/individual/index.php?occid=1256868
1253735	WTU	WTU-L-005255	Elroy Burnett	L5179	1.64	97.39	Washington	Chelan	47.712983	-121.1062	outside_boundary_exact	Washington, King County	Mount Baker-Snoqualmie National Forest, Hope Lake trail head area. From Highway 2 take Forest Service road 6095 to Hope Lake trail head area.	https://lichenportal.org/portal/collections/individual/index.php?occid=1253735
1258556	WTU	WTU-L-011117	R. W. Becking	5208351	1.34	64.4	Washington	Mason	47.619529	-123.159571	outside_boundary_exact	Washington, Jefferson County	Hoodsport, Upper Lake Lena.	https://lichenportal.org/portal/collections/individual/index.php?occid=1258556
1262954	WTU	WTU-L-016769	Grace E. Howard	s.n.	1.32	91.61	Washington	Pierce	46.918966	-122.553177	outside_boundary_exact	Washington, Thurston County	Tacoma Prairie, First Station 1.3 miles south of junction of Washington 5 and Wash. 5 H Near Hart Lake-open quercus woodland.	https://lichenportal.org/portal/collections/individual/index.php?occid=1262954
1268646	WTU	WTU-L-023269	Grace E. Howard	s.n.	1.32	91.61	Washington	Pierce	46.918966	-122.553177	outside_boundary_exact	Washington, Thurston County	Tacoma Prairie, First Station 1.3 miles south of junction of Washington 5 and Wash. 5 H Near Hart Lake-open quercus woodland.	https://lichenportal.org/portal/collections/individual/index.php?occid=1268646
1257575	WTU	WTU-L-009687	Members of Lichen Class	s.n.	1.31	91.64	Washington	Pierce	46.919083	-122.55352	outside_boundary_exact	Washington, Thurston County	Tacoma Prairies, First Station 1.3 miles South of junction of Washington 5 and Washington 5H near Hart Lake.	https://lichenportal.org/portal/collections/individual/index.php?occid=1257575
1258171	WTU	WTU-L-010391	Grace E. Howard	S.N.	1.31	91.56	Washington	Pierce	46.918966	-122.55249	outside_boundary_exact	Washington, Thurston County	Tacoma Prairie, First Station 1.3 miles south of junction of Washington 5 and Wash. 5 H Near Hart Lake.	https://lichenportal.org/portal/collections/individual/index.php?occid=1258171
1266994	WTU	WTU-L-021487	Members of Lichen Class	s.n.	1.31	91.64	Washington	Pierce	46.919083	-122.55352	outside_boundary_exact	Washington, Thurston County	Tacoma Prairies, First Station 1.3 miles South of junction of Washington 5 and Washington 5H near Hart Lake.	https://lichenportal.org/portal/collections/individual/index.php?occid=1266994
1255992	WTU	WTU-L-007581	G. E. Howard	1592	1.24	115.3	Washington	Whitman	47.270933	-117.076517	outside_boundary_exact	Washington, Spokane County	Tekoa Mountains.	https://lichenportal.org/portal/collections/individual/index.php?occid=1255992
1261402	WTU	WTU-L-015116	Grace E. Howard	1600a	1.24	115.3	Washington	Whitman	47.270933	-117.076517	outside_boundary_exact	Washington, Spokane County	Tekoa Mountains.	https://lichenportal.org/portal/collections/individual/index.php?occid=1261402
3794941	WTU	WTU-L-002433	Elroy Burnett	L2166	1.21	126.48	Washington	Kittitas	46.906228	-119.94843	outside_boundary_exact	Washington, Grant County	Near Vantage. Cross Wanapum Lake on highway 90 bridge. Turn right and go south on highway 243 for 2.8 miles from bridge crossing.	https://lichenportal.org/portal/collections/individual/index.php?occid=3794941
1264605	WTU	WTU-L-018766	Elroy Burnett	L0197	1.14	67.11	Washington	Island	48.417809	-122.651968	outside_boundary_exact	Washington, Skagit County	Deception Pass Park. Trail to Bowman Bay.	https://lichenportal.org/portal/collections/individual/index.php?occid=1264605
1258525	WTU	WTU-L-011099	W. J. Eyerdam	1988	0.97	110.48	Washington	Jefferson	47.890131	-124.061082	outside_boundary_exact	Washington, Clallam County	Bogachiel Rain Forest.	https://lichenportal.org/portal/collections/individual/index.php?occid=1258525
1260305	WTU	WTU-L-013210	W. J. Eyerdam	1987	0.97	110.48	Washington	Jefferson	47.890131	-124.061082	outside_boundary_exact	Washington, Clallam County	Bogachiel rain forest.	https://lichenportal.org/portal/collections/individual/index.php?occid=1260305
1262024	WTU	WTU-L-015390	W. J. Eyerdam	1989	0.97	110.48	Washington	Jefferson	47.890131	-124.061082	outside_boundary_exact	Washington, Clallam County	Bogachiel rain forest.	https://lichenportal.org/portal/collections/individual/index.php?occid=1262024
1262124	WTU	WTU-L-015669	W. J. Eyerdam	1989	0.97	110.48	Washington	Jefferson	47.890131	-124.061082	outside_boundary_exact	Washington, Clallam County	Bogachiel rain forest.	https://lichenportal.org/portal/collections/individual/index.php?occid=1262124
1264407	WTU	WTU-L-018636	W. J. Eyerdam	1990	0.97	110.48	Washington	Jefferson	47.890131	-124.061082	outside_boundary_exact	Washington, Clallam County	Bogachiel Rain Forest.	https://lichenportal.org/portal/collections/individual/index.php?occid=1264407
1264888	WTU	WTU-L-019249	W. J. Eyerdam	1991	0.97	110.48	Washington	Jefferson	47.890131	-124.061082	outside_boundary_exact	Washington, Clallam County	Bogachiel rain forest.	https://lichenportal.org/portal/collections/individual/index.php?occid=1264888
1267908	WTU	WTU-L-022454	Grant W. Sharpe	1954	0.97	110.48	Washington	Jefferson	47.890131	-124.061082	outside_boundary_exact	Washington, Clallam County	Olympic National Park, Rain Forest, Bogachiel, Plot 2.	https://lichenportal.org/portal/collections/individual/index.php?occid=1267908
1261528	WTU	WTU-L-014739	Elroy Burnett	L0972	0.93	66.87	Washington	Island	48.415388	-122.652912	outside_boundary_exact	not_found_in_US	Deception Pass Park. Bowman Bay. From Bowman Bay take trail over to almost island. On rock trail side on steep part of trail after flat and before startin down to spit and almost island.	https://lichenportal.org/portal/collections/individual/index.php?occid=1261528
1255840	WTU	WTU-L-007528	M. Arnot	L341	0.87	78.81	Washington	Kittitas	47.323493	-120.558779	outside_boundary_exact	Washington, Chelan County	Diamond Head Mountain north of junction of FR 2107 south of Swauk Pass, US 97.	https://lichenportal.org/portal/collections/individual/index.php?occid=1255840
1248013	WTU	WTU-L-018692	Andrea Ruchty	10-18 Pepa1	0.84	101.95	Washington	Skamania	46.3962	-121.7429	outside_boundary_exact	Washington, Lewis County	Gifford Pinchot National Forest, Cowlitz Valley Ranger District. Smooth Juniper Timber Sale, unit 15b. From Randle, take US Highway 12 to USFS Road 23, continue past the Blue Lake ORV trailhead - the T.S. units are on the right.	https://lichenportal.org/portal/collections/individual/index.php?occid=1248013
1254769	WTU	WTU-L-006199	Elroy Burnett	L1063A	0.83	85.96	Washington	Kittitas	46.903017	-120.644302	outside_boundary_exact	Washington, Yakima County	Ellensburg. Umtanum Creek. Cross the Yakima River on foot bridge then take trail up Umtanum Creek.	https://lichenportal.org/portal/collections/individual/index.php?occid=1254769
1255161	WTU	WTU-L-006825	M. Arnot	L365	0.83	92.05	Washington	King	47.31333	-121.42944	outside_boundary_exact	Washington, Kittitas County	Cascade Crest Trail south of Stevens Pass, US 2.	https://lichenportal.org/portal/collections/individual/index.php?occid=1255161
1263457	WTU	WTU-L-017419	M. Arnot, E. Burnett	L364	0.83	92.05	Washington	King	47.31333	-121.42944	outside_boundary_exact	Washington, Kittitas County	Cascade Crest Trail south of Stevens Pass, US 2.	https://lichenportal.org/portal/collections/individual/index.php?occid=1263457
1264625	WTU	WTU-L-018773	M. Arnot	L366	0.83	92.05	Washington	King	47.31333	-121.42944	outside_boundary_exact	Washington, Kittitas County	Cascade Crest Trail south of Stevens Pass, US 2.	https://lichenportal.org/portal/collections/individual/index.php?occid=1264625
1265150	WTU	WTU-L-019461	Elroy Burnett	L1056	0.83	85.96	Washington	Kittitas	46.903017	-120.644302	outside_boundary_exact	Washington, Yakima County	Ellensburg. Umtanum Creek. Cross the Yakima River on foot bridge then take trail up Umtanum Creek.	https://lichenportal.org/portal/collections/individual/index.php?occid=1265150
1266809	WTU	WTU-L-021392	Elroy Burnett	L1046	0.83	85.96	Washington	Kittitas	46.903017	-120.644302	outside_boundary_exact	Washington, Yakima County	Ellensburg. Umtanum Creek. Cross the Yakima River on foot bridge then take trail up Umtanum Creek.	https://lichenportal.org/portal/collections/individual/index.php?occid=1266809
1255318	WTU	WTU-L-006701	M. Arnot, E. Burnett	L1545	0.82	78.95	Washington	Kittitas	47.324454	-120.560017	outside_boundary_exact	Washington, Chelan County	Diamond Head Mountain, circa 21 miles north of Ellensburg. North of junction of Forest Service Road 2107 and Forest Service Road 2101 south of Swauk Pass, US 97.	https://lichenportal.org/portal/collections/individual/index.php?occid=1255318
1262755	WTU	WTU-L-016556	Elroy Burnett	L0963	0.82	66.8	Washington	Island	48.414562	-122.653942	outside_boundary_exact	not_found_in_US	Deception Pass Park, Bowman Bay. Went by trail from Bowman Bay across spit and around island.	https://lichenportal.org/portal/collections/individual/index.php?occid=1262755
1264451	WTU	WTU-L-018703	M. Arnot, E. Burnett	L1544	0.82	78.95	Washington	Kittitas	47.324454	-120.560017	outside_boundary_exact	Washington, Chelan County	Diamond Head Mountain, circa 21 miles north of Ellensburg. North of junction of Forest Service Road 2107 and Forest Service Road 2101 south of Swauk Pass, US 97.	https://lichenportal.org/portal/collections/individual/index.php?occid=1264451
1268337	WTU	WTU-L-022868	M. Arnot	L1539	0.82	78.95	Washington	Kittitas	47.324454	-120.560017	outside_boundary_exact	Washington, Chelan County	Diamond Head Mountain, circa 21 miles north of Ellensburg. North of junction of Forest Service Road 2107 and Forest Service Road 2101 south of Swauk Pass, US 97.	https://lichenportal.org/portal/collections/individual/index.php?occid=1268337
1268854	WTU	WTU-L-023415	M. Arnot, Elroy Burnett	L1542	0.82	78.95	Washington	Kittitas	47.324454	-120.560017	outside_boundary_exact	Washington, Chelan County	Diamond Head Mountain, circa 21 miles north of Ellensburg. North of junction of Forest Service Road 2107 and Forest Service Road 2101 south of Swauk Pass, US 97.	https://lichenportal.org/portal/collections/individual/index.php?occid=1268854
1253679	WTU	WTU-L-005051	M. Arnot	L921	0.79	134.32	Washington	Grant	46.9638	-119.9927	outside_boundary_exact	Washington, Kittitas County	Frenchmans Coulee east of Vantage.	https://lichenportal.org/portal/collections/individual/index.php?occid=1253679
1256217	WTU	WTU-L-007871	M. Arnot	L804	0.79	66.53	Washington	Island	48.413593	-122.644672	outside_boundary_exact	Washington, Skagit County	Deception Pass area. Upper sand dunes at West Beach.	https://lichenportal.org/portal/collections/individual/index.php?occid=1256217
1259671	WTU	WTU-L-012675	M. Arnot	L920	0.79	134.32	Washington	Grant	46.9638	-119.9927	outside_boundary_exact	Washington, Kittitas County	Frenchmans Coulee east of Vantage.	https://lichenportal.org/portal/collections/individual/index.php?occid=1259671
1261525	WTU	WTU-L-014737	M. Arnot	L805	0.79	66.53	Washington	Island	48.413593	-122.644672	outside_boundary_exact	Washington, Skagit County	Deception Pass area. Upper sand dunes at West Beach.	https://lichenportal.org/portal/collections/individual/index.php?occid=1261525
1260111	WTU	WTU-L-013087	Elroy Burnett	L0969	0.78	66.89	Washington	Island	48.415188	-122.655058	outside_boundary_exact	not_found_in_US	Deception Pass Park, Bowman Bay. From Bowman Bay take trail out and across spit. Went around almost island by trail. North side.	https://lichenportal.org/portal/collections/individual/index.php?occid=1260111
1260116	WTU	WTU-L-013088	Elroy Burnett	L0970	0.78	66.89	Washington	Island	48.415188	-122.655058	outside_boundary_exact	not_found_in_US	Deception Pass Park, Bowman Bay. From Bowman Bay take trail out and across spit. Went around almost island by trail. North side.	https://lichenportal.org/portal/collections/individual/index.php?occid=1260116
1247858	WTU	WTU-L-019059	Andrea Ruchty	10-29 Pepa2	0.77	133.18	Washington	Lewis	46.3817	-121.7429	outside_boundary_exact	Washington, Skamania County	Gifford Pinchot National Forest, Cowlitz Valley Ranger District. Smooth Juniper Timber Sale, unit 15b. From Randle, take US Highway 12 to USFS Road 23, continue past the Blue Lake ORV trailhead - the T.S. units are on the right.	https://lichenportal.org/portal/collections/individual/index.php?occid=1247858
1247860	WTU	WTU-L-019060	Andrea Ruchty	10-26 Pepa4	0.77	133.18	Washington	Lewis	46.3817	-121.7429	outside_boundary_exact	Washington, Skamania County	Gifford Pinchot National Forest, Cowlitz Valley Ranger District. Smooth Juniper Timber Sale, unit 15b. From Randle, take US Highway 12 to USFS Road 23, continue past the Blue Lake ORV trailhead - the T.S. units are on the right.	https://lichenportal.org/portal/collections/individual/index.php?occid=1247860
1247871	WTU	WTU-L-019063	Andrea Ruchty	10-26 Pepa2	0.77	133.18	Washington	Lewis	46.3817	-121.7429	outside_boundary_exact	Washington, Skamania County	Gifford Pinchot National Forest, Cowlitz Valley Ranger District. Smooth Juniper Timber Sale, unit 15b. From Randle, take US Highway 12 to USFS Road 23, continue past the Blue Lake ORV trailhead - the T.S. units are on the right.	https://lichenportal.org/portal/collections/individual/index.php?occid=1247871
1247884	WTU	WTU-L-019067	Andrea Ruchty	10-23 RMPepa2	0.77	133.18	Washington	Lewis	46.3817	-121.7429	outside_boundary_exact	Washington, Skamania County	Gifford Pinchot National Forest, Cowlitz Valley Ranger District. Smooth Juniper Timber Sale, unit 15b. From Randle, take US Highway 12 to USFS Road 23, continue past the Blue Lake ORV trailhead - the T.S. units are on the right.	https://lichenportal.org/portal/collections/individual/index.php?occid=1247884
1247892	WTU	WTU-L-019069	Andrea Ruchty	10-18 Pepa2	0.77	133.18	Washington	Lewis	46.3817	-121.7429	outside_boundary_exact	Washington, Skamania County	Gifford Pinchot National Forest, Cowlitz Valley Ranger District. Smooth Juniper Timber Sale, unit 15b. From Randle, take US Highway 12 to USFS Road 23, continue past the Blue Lake ORV trailhead - the T.S. units are on the right.	https://lichenportal.org/portal/collections/individual/index.php?occid=1247892
1247896	WTU	WTU-L-019070	Andrea Ruchty	10-29 Pepa1	0.77	133.18	Washington	Lewis	46.3817	-121.7429	outside_boundary_exact	Washington, Skamania County	Gifford Pinchot National Forest, Cowlitz Valley Ranger District. Smooth Juniper Timber Sale, unit 15b. From Randle, take US Highway 12 to USFS Road 23, continue past the Blue Lake ORV trailhead - the T.S. units are on the right.	https://lichenportal.org/portal/collections/individual/index.php?occid=1247896
1248011	WTU	WTU-L-018691	Andrea Ruchty	10-29 Pepa3	0.77	133.18	Washington	Lewis	46.3817	-121.7429	outside_boundary_exact	Washington, Skamania County	Gifford Pinchot National Forest, Cowlitz Valley Ranger District. Smooth Juniper Timber Sale, unit 15b. From Randle, take US Highway 12 to USFS Road 23, continue past the Blue Lake ORV trailhead - the T.S. units are on the right.	https://lichenportal.org/portal/collections/individual/index.php?occid=1248011
1250344	WTU	WTU-L-001447	A. Ruchty	10-26 PLLA1	0.77	133.18	Washington	Lewis	46.3817	-121.7429	outside_boundary_exact	Washington, Skamania County	Gifford Pinchot National Forest, Cowlitz Valley Ranger District. Smooth Juniper Timer Sale. From Randle, take US Highway 12 to USFS Road 23, continue past the Blue Lake ORV trailhead - the T.S. units are on the right.	https://lichenportal.org/portal/collections/individual/index.php?occid=1250344
1253029	WTU	WTU-L-004341	Elroy Burnett	L3864	0.77	97.73	Washington	Chelan	47.704583	-121.1007	outside_boundary_exact	Washington, King County	Mount Baker-Snoqualmie National Forest. Hope Lake trail #1061. From highway 2 at Tunnel Creek take Forest Service road 6055 to trail head. Take trail. Tree above trail.	https://lichenportal.org/portal/collections/individual/index.php?occid=1253029
1256688	WTU	WTU-L-008383	Elroy Burnett	L3864A	0.77	97.73	Washington	Chelan	47.704583	-121.1007	outside_boundary_exact	Washington, King County	Mount Baker-Snoqualmie National Forest. Hope Lake trail #1061. From highway 2 at Tunnel Creek take Forest Service road 6055 to trail head. Take trail.	https://lichenportal.org/portal/collections/individual/index.php?occid=1256688
1258073	WTU	WTU-L-010039	Elroy Burnett	L3864B	0.77	97.73	Washington	Chelan	47.704583	-121.1007	outside_boundary_exact	Washington, King County	Mount Baker-Snoqualmie National Forest. Hope Lake trail #1061. From highway 2 at Tunnel Creek take Forest Service road 6055 to trail head. Take trail. Tree above trail.	https://lichenportal.org/portal/collections/individual/index.php?occid=1258073
1271502	WTU	WTU-L-034621	B. Ryan	4683	0.7	147.61	Washington	Skagit	48.4	-122.647222	outside_boundary_exact	Washington, Island County	East side of Pass Island, Deception Pass.	https://lichenportal.org/portal/collections/individual/index.php?occid=1271502
1271505	WTU	WTU-L-034624	B. D. Ryan	4651	0.7	147.61	Washington	Skagit	48.4	-122.647222	outside_boundary_exact	Washington, Island County	[No locality given on label]	https://lichenportal.org/portal/collections/individual/index.php?occid=1271505
1255389	WTU	WTU-L-006995	Joneson	2536	0.64	66.46	Washington	Island	48.411717	-122.6517	outside_boundary_exact	Washington, Skagit County	Deception Pass State Park. Bowman Bay Beach area, trail to Lottie Point. West of Northern side of Deception Pass Bridge.	https://lichenportal.org/portal/collections/individual/index.php?occid=1255389
1266178	WTU	WTU-L-020830	Joneson	2537	0.64	66.46	Washington	Island	48.411717	-122.6517	outside_boundary_exact	Washington, Skagit County	Deception Pass State Park. Bowman Bay Beach area, trail to Lottie Point. West of Northern side of Deception Pass Bridge.	https://lichenportal.org/portal/collections/individual/index.php?occid=1266178
1266612	WTU	WTU-L-021088	Joneson	2538	0.64	66.46	Washington	Island	48.411717	-122.6517	outside_boundary_exact	Washington, Skagit County	Deception Pass State Park. Bowman Bay Beach area, trail to Lottie Point. West of Northern side of Deception Pass Bridge.	https://lichenportal.org/portal/collections/individual/index.php?occid=1266612
1268675	WTU	WTU-L-023286	J. W. Thomson	s.n.	0.63	163.13	Washington	Grant	47.965708	-118.975835	outside_boundary_exact	Washington, Okanogan County	Coulee Dam, near high scab land.	https://lichenportal.org/portal/collections/individual/index.php?occid=1268675
1268677	WTU	WTU-L-023287	J. W. Thomson	s.n.	0.63	163.13	Washington	Grant	47.965708	-118.975835	outside_boundary_exact	Washington, Okanogan County	Coulee Dam, near high scab land.	https://lichenportal.org/portal/collections/individual/index.php?occid=1268677
1255395	WTU	WTU-L-007062	Grace E. Howard	1002a	0.61	160.26	Washington	Yakima	47.091631	-121.297646	outside_boundary_exact	Washington, Kittitas County	Little Natches River.	https://lichenportal.org/portal/collections/individual/index.php?occid=1255395
1256840	WTU	WTU-L-008892	M. Arnot	L1435	0.61	66.33	Washington	Island	48.411884	-122.644157	outside_boundary_exact	Washington, Skagit County	Deception Pass State Park circa 6 miles south of Anacortes, near top of Goose Rock.	https://lichenportal.org/portal/collections/individual/index.php?occid=1256840
1258586	WTU	WTU-L-011268	Grace E. Howard	1002	0.61	160.26	Washington	Yakima	47.091631	-121.297646	outside_boundary_exact	Washington, Kittitas County	Little Natches River.	https://lichenportal.org/portal/collections/individual/index.php?occid=1258586
1261313	WTU	WTU-L-014919	Grace E. Howard	1171	0.61	160.26	Washington	Yakima	47.091631	-121.297646	outside_boundary_exact	Washington, Kittitas County	Little Natches River.	https://lichenportal.org/portal/collections/individual/index.php?occid=1261313
1266674	WTU	WTU-L-021224	Grace E. Howard	1169	0.61	160.26	Washington	Yakima	47.091631	-121.297646	outside_boundary_exact	Washington, Kittitas County	Little Naches.	https://lichenportal.org/portal/collections/individual/index.php?occid=1266674
1267112	WTU	WTU-L-021625	Grace E. Howard	1982	0.61	160.26	Washington	Yakima	47.091631	-121.297646	outside_boundary_exact	Washington, Kittitas County	Little Naches.	https://lichenportal.org/portal/collections/individual/index.php?occid=1267112
1270297	WTU	WTU-L-025970	Grace E. Howard	1170	0.61	160.26	Washington	Yakima	47.091631	-121.297646	outside_boundary_exact	Washington, Kittitas County	Little Naches.	https://lichenportal.org/portal/collections/individual/index.php?occid=1270297
1271283	WTU	WTU-L-034500	Grace E. Howard	992	0.61	160.26	Washington	Yakima	47.091631	-121.297646	outside_boundary_exact	Washington, Kittitas County	Little Naches.	https://lichenportal.org/portal/collections/individual/index.php?occid=1271283
1271491	WTU	WTU-L-034807	Grace E. Howard	993	0.61	160.26	Washington	Yakima	47.091631	-121.297646	outside_boundary_exact	Washington, Kittitas County	Little Naches.	https://lichenportal.org/portal/collections/individual/index.php?occid=1271491
1273250	WTU	WTU-L-035454	Grace E. Howard	1003	0.61	160.26	Washington	Yakima	47.091631	-121.297646	outside_boundary_exact	Washington, Kittitas County	Little Naches.	https://lichenportal.org/portal/collections/individual/index.php?occid=1273250
1260962	WTU	WTU-L-014367	Elroy Burnett	L0986	0.6	66.37	Washington	Island	48.411884	-122.645874	outside_boundary_exact	Washington, Skagit County	Deception Pass Park. Trail to old prison site. Take trail to old prison site before crossing highway 20 bridge to island. Edge of bluff area that goes down to salt water.	https://lichenportal.org/portal/collections/individual/index.php?occid=1260962
1259951	WTU	WTU-L-012967	K. Larned	1	0.59	134.89	Washington	Kittitas	47.4243	-121.4332	outside_boundary_exact	Washington, King County	Mt. Baker-Snoqualmie National Forest, Franklin Falls.	https://lichenportal.org/portal/collections/individual/index.php?occid=1259951
1262469	WTU	WTU-L-016035	K. Larned	KL-2	0.59	134.89	Washington	Kittitas	47.4243	-121.4332	outside_boundary_exact	Washington, King County	Mount Baker-Snoqualmie National Forest, Franklin Falls.	https://lichenportal.org/portal/collections/individual/index.php?occid=1262469
1266608	WTU	WTU-L-021087	Elroy Burnett	L0958	0.58	66.38	Washington	Island	48.410517	-122.654629	outside_boundary_exact	Washington, Skagit County	Deception Pass Park. Rosario Head Trail.	https://lichenportal.org/portal/collections/individual/index.php?occid=1266608
1268362	WTU	WTU-L-022810	Elroy Burnett	L0954	0.57	66.41	Washington	Island	48.410631	-122.655144	outside_boundary_exact	Washington, Skagit County	Deception Pass Park, Rosario Head. Started at Rosario Head and went to Bowman Bay by trail. Then out trail across spit to almost island. Went on trail around almost island. Found along side of trail on almost island.	https://lichenportal.org/portal/collections/individual/index.php?occid=1268362
1268470	WTU	WTU-L-023023	Elroy Burnett	L0955	0.57	66.41	Washington	Island	48.410631	-122.655144	outside_boundary_exact	Washington, Skagit County	Deception Pass Park, Rosario Head. Started at Rosario Head and went to Bowman Bay by trail. Then out trail across spit to almost island. Went on trail around almost island. Found along side of trail on almost island.	https://lichenportal.org/portal/collections/individual/index.php?occid=1268470
1262120	WTU	WTU-L-015706	Elroy Burnett	L0993	0.56	66.21	Washington	Island	48.4112	-122.641582	outside_boundary_exact	Washington, Skagit County	Deception Pass Park. Trail to old prison site.	https://lichenportal.org/portal/collections/individual/index.php?occid=1262120
1268246	WTU	WTU-L-022890	Elroy Burnett	L0965	0.56	66.37	Washington	Island	48.410403	-122.654285	outside_boundary_exact	Washington, Skagit County	Deception Pass Park. Rosaria Head. Went by trail from Rosario Head Parking area to Bowman Bay and out the trail across spit to almost island.	https://lichenportal.org/portal/collections/individual/index.php?occid=1268246
1268253	WTU	WTU-L-022891	Elroy Burnett	L0966	0.56	66.37	Washington	Island	48.410403	-122.654285	outside_boundary_exact	Washington, Skagit County	Deception Pass Park. Rosaria Head. Went by trail from Rosario Head Parking area to Bowman Bay and out the trail across spit to almost island.	https://lichenportal.org/portal/collections/individual/index.php?occid=1268253
1268263	WTU	WTU-L-022893	Elroy Burnett	L0968A	0.56	66.37	Washington	Island	48.410403	-122.654285	outside_boundary_exact	Washington, Skagit County	Deception Pass Park. Rosaria Head. Went by trail from Rosario Head Parking area to Bowman Bay and out the trail across spit to almost island.	https://lichenportal.org/portal/collections/individual/index.php?occid=1268263
1268266	WTU	WTU-L-022894	Elroy Burnett	L0971	0.56	66.37	Washington	Island	48.410403	-122.654285	outside_boundary_exact	Washington, Skagit County	Deception Pass Park. Rosaria Head. Went by trail from Rosario Head Parking area to Bowman Bay and out the trail across spit to almost island.	https://lichenportal.org/portal/collections/individual/index.php?occid=1268266
1267668	WTU	WTU-L-022345	Elroy Burnett	L0991	0.55	66.24	Washington	Island	48.4112	-122.642784	outside_boundary_exact	Washington, Skagit County	Deception Pass Park. Trail to old prison site. Take trail to old prison site before crossing Highway 20 bridge t o island. Trail starts left side of Highway 20.	https://lichenportal.org/portal/collections/individual/index.php?occid=1267668
1258906	WTU	WTU-L-011761	Elroy Burnett	L2158	0.54	128.31	Washington	Kittitas	46.85675	-119.95675	outside_boundary_exact	Washington, Grant County	Vantage, Wanapum Lake area.From Vantage go south on the Wanapun dam road for 6.2 miles from highway 90.	https://lichenportal.org/portal/collections/individual/index.php?occid=1258906
1266690	WTU	WTU-L-021231	M. Arnot	L803	0.54	66.3	Washington	Island	48.411314	-122.645531	outside_boundary_exact	Washington, Skagit County	Deception Pass area. Along North Beach trail.	https://lichenportal.org/portal/collections/individual/index.php?occid=1266690
1254917	WTU	WTU-L-005886	J. Iaccarino	01-JAI-02A	0.53	136.19	Washington	Yakima	46.9492	-121.057	outside_boundary_exact	Washington, Kittitas County	Wenatchee National Forest, Naches District. Plot #: 2207206.	https://lichenportal.org/portal/collections/individual/index.php?occid=1254917
1254941	WTU	WTU-L-006485	J. Iaccarino	01-JAI-04A	0.53	136.19	Washington	Yakima	46.9492	-121.057	outside_boundary_exact	Washington, Kittitas County	Wenatchee National Forest, Naches District. Plot #: 2207206.	https://lichenportal.org/portal/collections/individual/index.php?occid=1254941
1255375	WTU	WTU-L-006760	J. Iaccarino	062701-JAI-03	0.53	136.19	Washington	Yakima	46.9492	-121.057	outside_boundary_exact	Washington, Kittitas County	Wenatchee National Forest, Naches District. Plot #: 2207206.	https://lichenportal.org/portal/collections/individual/index.php?occid=1255375
1255720	WTU	WTU-L-006682	J. Iaccarino	062701-JAI-05	0.53	136.19	Washington	Yakima	46.9492	-121.057	outside_boundary_exact	Washington, Kittitas County	Wenatchee National Forest, Naches District. Plot #: 2207206.	https://lichenportal.org/portal/collections/individual/index.php?occid=1255720
1256993	WTU	WTU-L-008685	J. Iaccarino	062701-JAI-13	0.53	136.19	Washington	Yakima	46.9492	-121.057	outside_boundary_exact	Washington, Kittitas County	Wenatchee National Forest, Naches District. Plot #: 2207206.	https://lichenportal.org/portal/collections/individual/index.php?occid=1256993
1253147	WTU	WTU-L-004412	Elroy Burnett	L4102	0.51	96.85	Washington	Chelan	47.811783	-121.090283	outside_boundary_exact	Washington, Snohomish County	Wenatchee National Forest, Smith Brook Trail #1590. From highway 2 take Forest Service road 6700 to Smith Brook trail head. Take trail, at a switchback where old trail comes in.	https://lichenportal.org/portal/collections/individual/index.php?occid=1253147
1271607	WTU	WTU-L-034842	B. Ryan	3093	0.51	134.28	Washington	Skagit	48.65	-122.483333	outside_boundary_exact	Washington, Whatcom County	Rocky shore ca. 1/2 km north of Clayton Beach.	https://lichenportal.org/portal/collections/individual/index.php?occid=1271607
1263964	WTU	WTU-L-018171	Elroy Burnett	L0957	0.49	67.2	Washington	Island	48.416499	-122.664113	outside_boundary_exact	Washington, Skagit County	Area/Forest: Deception Pass Park. Locale: Rosario Head.	https://lichenportal.org/portal/collections/individual/index.php?occid=1263964
1263940	WTU	WTU-L-018021	Elroy Burnett	L1014	0.48	66.23	Washington	Island	48.410745	-122.645359	outside_boundary_exact	Washington, Skagit County	Deception Pass Park. Trail to old prison site. Take trail to old prison site before crossing Highway 20 bridge to island. From Highway 20 go across road to trail.	https://lichenportal.org/portal/collections/individual/index.php?occid=1263940
1268099	WTU	WTU-L-022668	Elroy Burnett	L2761	0.47	66.18	Washington	Island	48.410567	-122.643533	outside_boundary_exact	Washington, Skagit County	Area/Forest: Deception Park Pass. Locale: Trail to old prison site. Take trail to old prison site before crossing highway 20 bridge to island.	https://lichenportal.org/portal/collections/individual/index.php?occid=1268099
1268669	WTU	WTU-L-023234	Elroy Burnett	L2763	0.47	66.18	Washington	Island	48.410567	-122.643533	outside_boundary_exact	Washington, Skagit County	Area/Forest: Deception Park Pass. Locale: Trail to old prison site. Take trail to old prison site before crossing highway 20 bridge to island.	https://lichenportal.org/portal/collections/individual/index.php?occid=1268669
1251476	WTU	WTU-L-002695	B. D. Ryan	4416	0.46	154.19	Washington	Skagit	48.5	-122.75	outside_boundary_exact	not_found_in_US	North shore of Washington Park, northwest part of Fidalgo Island.	https://lichenportal.org/portal/collections/individual/index.php?occid=1251476
1259520	WTU	WTU-L-012453	Elroy Burnett	L1010	0.46	66.19	Washington	Island	48.410517	-122.644329	outside_boundary_exact	Washington, Skagit County	Deception Pass park, Trail to old prison site, take trail to old prison site before crossing highway 20 bridge to island.	https://lichenportal.org/portal/collections/individual/index.php?occid=1259520
1259551	WTU	WTU-L-012462	M. Arnot	L560	0.46	146.12	Washington	Skagit	48.4054	-122.6282	outside_boundary_exact	not_found_in_US	Bowman Hill at north side of Deception Pass.	https://lichenportal.org/portal/collections/individual/index.php?occid=1259551
1259723	WTU	WTU-L-012547	M. Arnot	L561	0.46	146.12	Washington	Skagit	48.4054	-122.6282	outside_boundary_exact	not_found_in_US	Bowman Hill north of Deception Pass south of Anacortes.	https://lichenportal.org/portal/collections/individual/index.php?occid=1259723
1262217	WTU	WTU-L-015736	Elroy Burnett	L1012	0.46	66.19	Washington	Island	48.410517	-122.644329	outside_boundary_exact	Washington, Skagit County	Deception Pass park, Trail to old prison site, take trail to old prison site before crossing highway 20 bridge to island.	https://lichenportal.org/portal/collections/individual/index.php?occid=1262217
1262233	WTU	WTU-L-015742	M. Arnot	L563	0.46	146.12	Washington	Skagit	48.4054	-122.6282	outside_boundary_exact	not_found_in_US	Bowman Hill at north side of Deception Pass. East of old quarry area.	https://lichenportal.org/portal/collections/individual/index.php?occid=1262233
1263084	WTU	WTU-L-016801	M. Arnot	L406	0.46	137.74	Washington	Chelan	47.32111	-120.52361	outside_boundary_exact	Washington, Kittitas County	Above Upper Naneum Meadow.	https://lichenportal.org/portal/collections/individual/index.php?occid=1263084
1264245	WTU	WTU-L-018463	Elroy Burnett	L1013	0.46	66.19	Washington	Island	48.410517	-122.644329	outside_boundary_exact	Washington, Skagit County	Deception Pass park, Trail to old prison site, take trail to old prison site before crossing highway 20 bridge to island.	https://lichenportal.org/portal/collections/individual/index.php?occid=1264245
1264547	WTU	WTU-L-018417	M. Arnot	L552	0.46	146.12	Washington	Skagit	48.4054	-122.6282	outside_boundary_exact	not_found_in_US	Bowman Hill north of Deception Pass.	https://lichenportal.org/portal/collections/individual/index.php?occid=1264547
1264882	WTU	WTU-L-018897	Elroy Burnett	L1009	0.46	66.19	Washington	Island	48.410517	-122.644329	outside_boundary_exact	Washington, Skagit County	Deception Pass park, Trail to old prison site, take trail to old prison site before crossing highway 20 bridge to island.	https://lichenportal.org/portal/collections/individual/index.php?occid=1264882
1267333	WTU	WTU-L-021960	M. Arnot	L554	0.46	146.12	Washington	Skagit	48.4054	-122.6282	outside_boundary_exact	not_found_in_US	Bowman Hill north of Deception Pass.	https://lichenportal.org/portal/collections/individual/index.php?occid=1267333
1263177	WTU	WTU-L-016904	Elroy Burnett	L1015	0.45	66.2	Washington	Island	48.410517	-122.644672	outside_boundary_exact	Washington, Skagit County	Area/Forest: Deception Pass Park. Locale: Trail to old prison site. Take trail to old prison site before crossing highway 20 bridge to island. From highway 20 go across road to trail.	https://lichenportal.org/portal/collections/individual/index.php?occid=1263177
1254589	WTU	WTU-L-005865	M. Arnot	L940dup	0.43	77.89	Washington	Kittitas	47.311767	-120.562133	outside_boundary_exact	Washington, Chelan County	Diamond Head Mountain circa 21 miles north of Ellensburg.	https://lichenportal.org/portal/collections/individual/index.php?occid=1254589
1254596	WTU	WTU-L-005866	M. Arnot	L940	0.43	77.89	Washington	Kittitas	47.311767	-120.562133	outside_boundary_exact	Washington, Chelan County	Diamond Head Mountain circa 21 miles north of Ellensburg.	https://lichenportal.org/portal/collections/individual/index.php?occid=1254596
1256099	WTU	WTU-L-007803	M. Arnot	L943	0.43	77.89	Washington	Kittitas	47.311767	-120.562133	outside_boundary_exact	Washington, Chelan County	Diamond Head Mountain circa 21 miles north of Ellensburg.	https://lichenportal.org/portal/collections/individual/index.php?occid=1256099
1259885	WTU	WTU-L-012794	M. Arnot	L941	0.43	77.89	Washington	Kittitas	47.311767	-120.562133	outside_boundary_exact	Washington, Chelan County	Diamond Head Mountain circa 21 miles north of Ellensburg.	https://lichenportal.org/portal/collections/individual/index.php?occid=1259885
1261142	WTU	WTU-L-014585	M. Arnot	L945	0.43	77.89	Washington	Kittitas	47.311767	-120.562133	outside_boundary_exact	Washington, Chelan County	Diamond Head Mountain circa 21 miles north of Ellensburg.	https://lichenportal.org/portal/collections/individual/index.php?occid=1261142
1261210	WTU	WTU-L-014899	M. Arnot	L942	0.43	77.89	Washington	Kittitas	47.311767	-120.562133	outside_boundary_exact	Washington, Chelan County	Diamond Head Mountain circa 21 miles north of Ellensburg.	https://lichenportal.org/portal/collections/individual/index.php?occid=1261210
1267896	WTU	WTU-L-022449	M. Arnot	L944	0.43	77.89	Washington	Kittitas	47.311767	-120.562133	outside_boundary_exact	Washington, Chelan County	Diamond Head Mountain circa 21 miles north of Ellensburg.	https://lichenportal.org/portal/collections/individual/index.php?occid=1267896
1256311	WTU	WTU-L-007908	Friederike Old	7	0.41	99.85	Washington	Pierce	47.039246	-122.68158	outside_boundary_exact	Washington, Thurston County	Fort Lewis. Grid Coordinates 156 996. Area is just off of Stedman Road on fort boundary.	https://lichenportal.org/portal/collections/individual/index.php?occid=1256311
1259905	WTU	WTU-L-012933	Friederike Old	423828	0.41	99.85	Washington	Pierce	47.039246	-122.68158	outside_boundary_exact	Washington, Thurston County	Fort Lewis. Grid Coordinates 156 996. Area is just off of Stedman Road on fort boundary.	https://lichenportal.org/portal/collections/individual/index.php?occid=1259905
1260344	WTU	WTU-L-013826	Friederike Old	4238210	0.41	99.85	Washington	Pierce	47.039246	-122.68158	outside_boundary_exact	Washington, Thurston County	Fort Lewis. Grid Coordinates 156 996. Area is just off of Stedman Road on fort boundary.	https://lichenportal.org/portal/collections/individual/index.php?occid=1260344
1265385	WTU	WTU-L-019736	Friederike Old	423822	0.41	99.85	Washington	Pierce	47.039246	-122.68158	outside_boundary_exact	Washington, Thurston County	Fort Lewis. Grid Coordinates 156 996. Area is just off of Stedman Road on fort boundary.	https://lichenportal.org/portal/collections/individual/index.php?occid=1265385
1271606	WTU	WTU-L-034841	B. Ryan	3102	0.41	136.36	Washington	Whatcom	48.641667	-122.483333	outside_boundary_exact	Washington, Skagit County	C. 1/2 km north of Clayton Beach.	https://lichenportal.org/portal/collections/individual/index.php?occid=1271606
1271617	WTU	WTU-L-034849	B. Ryan	3092a	0.41	136.36	Washington	Whatcom	48.641667	-122.483333	outside_boundary_exact	Washington, Skagit County	C. 1/2 km north of Clayton Beach.	https://lichenportal.org/portal/collections/individual/index.php?occid=1271617
1261201	WTU	WTU-L-014753	Elroy Burnett	L2319	0.39	137.82	Washington	Chelan (Kittitas)	47.314667	-120.575333	outside_boundary_first_word_match	Washington, Kittitas County	Wenatchee National Forest. Diamond Head area. From highway 97 take Forest Service roads to parking area to go to top of Diamond Head.	https://lichenportal.org/portal/collections/individual/index.php?occid=1261201
1263080	WTU	WTU-L-016800	Elroy Burnett	L2323	0.39	137.82	Washington	Chelan (Kittitas)	47.314667	-120.575333	outside_boundary_first_word_match	Washington, Kittitas County	Wenatchee National Forest. Diamond Head area. From highway 97 take Forest Service roads to parking area to go to top of Diamond Head.	https://lichenportal.org/portal/collections/individual/index.php?occid=1263080
1264128	WTU	WTU-L-018306	Grant W. Sharpe	s.n.	0.38	88.56	Washington	Jefferson	47.884547	-123.770264	outside_boundary_exact	Washington, Clallam County	Olympic National Park, Rain Forest. Above Olympus Guard Station, on way to Hoh Lake.	https://lichenportal.org/portal/collections/individual/index.php?occid=1264128
1266503	WTU	WTU-L-021064	Carl H. Westman	75	0.36	66.16	Washington	Island	48.409605	-122.647934	outside_boundary_exact	Washington, Skagit County	Whidbey Island, Deception Pass.	https://lichenportal.org/portal/collections/individual/index.php?occid=1266503
3794969	WTU	WTU-L-024817	B. Ryan	8898	0.32	125.08	Washington	Chelan	47.483333	-120.308333	outside_boundary_exact	Washington, Douglas County	Below Ohme Gardens, Wenatchee.	https://lichenportal.org/portal/collections/individual/index.php?occid=3794969
1254573	WTU	WTU-L-005862	Elroy Burnett	L2189	0.28	78.01	Washington	Kittitas	47.311667	-120.565	outside_boundary_exact	Washington, Chelan County	Wenatchee N.F. Kittitas/Chelan County line. Diamond Head area.	https://lichenportal.org/portal/collections/individual/index.php?occid=1254573
1254579	WTU	WTU-L-005863	Elroy Burnett	L2182	0.28	78.01	Washington	Kittitas	47.311667	-120.565	outside_boundary_exact	Washington, Chelan County	Wenatchee N.F. Kittitas/Chelan County line. Diamond Head area.	https://lichenportal.org/portal/collections/individual/index.php?occid=1254579
1255508	WTU	WTU-L-007186	Grace E. Howard	1594	0.24	115.04	Washington	Whitman	47.262021	-117.069737	outside_boundary_exact	Washington, Spokane County	Tekoa Mountains, East slopes.	https://lichenportal.org/portal/collections/individual/index.php?occid=1255508
1262009	WTU	WTU-L-015629	Grace E. Howard	1594	0.24	115.04	Washington	Whitman	47.262021	-117.069737	outside_boundary_exact	Washington, Spokane County	Tekoa Mountains, East slopes.	https://lichenportal.org/portal/collections/individual/index.php?occid=1262009
1263783	WTU	WTU-L-017871	Grace E. Howard	1610	0.24	115.04	Washington	Whitman	47.262021	-117.069737	outside_boundary_exact	Washington, Spokane County	Tekoa Mountains.	https://lichenportal.org/portal/collections/individual/index.php?occid=1263783
1264010	WTU	WTU-L-018114	Grace E. Howard	1600a	0.24	115.04	Washington	Whitman	47.262021	-117.069737	outside_boundary_exact	Washington, Spokane County	Tekoa Mountains.	https://lichenportal.org/portal/collections/individual/index.php?occid=1264010
1267568	WTU	WTU-L-022324	Grace E. Howard	1587	0.24	115.04	Washington	Whitman	47.262021	-117.069737	outside_boundary_exact	Washington, Spokane County	Tekoa Mountains, East slopes.	https://lichenportal.org/portal/collections/individual/index.php?occid=1267568
1268375	WTU	WTU-L-023039	Grace E. Howard	1594	0.24	115.04	Washington	Whitman	47.262021	-117.069737	outside_boundary_exact	Washington, Spokane County	Tekoa Mts.	https://lichenportal.org/portal/collections/individual/index.php?occid=1268375
1259932	WTU	WTU-L-012940	M. Arnot	L342	0.21	77.98	Washington	Kittitas	47.3111	-120.5654	outside_boundary_exact	Washington, Chelan County	Diamond Head Mountain north of junction of Forest Route 2107 and Forest Route 2101 south of Swauk Pass, US 97.	https://lichenportal.org/portal/collections/individual/index.php?occid=1259932
1262949	WTU	WTU-L-016642	M. Arnot, E. Burnett	L340	0.21	77.98	Washington	Kittitas	47.3111	-120.5654	outside_boundary_exact	Washington, Chelan County	Near junction of Forest Road 2107 and Forest Road 2101 south of Swauk Pass, US 97.	https://lichenportal.org/portal/collections/individual/index.php?occid=1262949
1262951	WTU	WTU-L-016644	M. Arnot, E. Burnett	L340	0.21	77.98	Washington	Kittitas	47.3111	-120.5654	outside_boundary_exact	Washington, Chelan County	Near junction of Forest Road 2107 and Forest Road 2101 south of Swauk Pass, US 97.	https://lichenportal.org/portal/collections/individual/index.php?occid=1262951
1266663	WTU	WTU-L-021220	M. Arnot	L343	0.21	77.98	Washington	Kittitas	47.3111	-120.5654	outside_boundary_exact	Washington, Chelan County	Diamond Head Mountain north of junction on Forest Road 2107 and Forest Road 2101 south of Swauk Pass, US 97.	https://lichenportal.org/portal/collections/individual/index.php?occid=1266663
1267859	WTU	WTU-L-022433	Elroy Burnett	L4104	0.21	96.49	Washington	Chelan	47.808883	-121.087483	outside_boundary_exact	Washington, Snohomish County	Mount Baker-Snoqualmie National Forest. Crest Trail Number 2000. From Highway 2 take Forest Service road 6700 to Smith Brook trail head. Take trail Number 1590, at Union Gap take Crest trail 2000 to Janus Lake.	https://lichenportal.org/portal/collections/individual/index.php?occid=1267859
1268043	WTU	WTU-L-022641	M. Arnot, E. Burnett	L1543	0.21	77.98	Washington	Kittitas	47.3111	-120.5654	outside_boundary_exact	Washington, Chelan County	Diamond Head Mtn. 21 miles north of Ellensburg. North of junction of FR 2107 & FR 2101 south of Swaulk Pass, US 97.	https://lichenportal.org/portal/collections/individual/index.php?occid=1268043
1268855	WTU	WTU-L-023416	M. Arnot	L91	0.21	77.98	Washington	Kittitas	47.3111	-120.5654	outside_boundary_exact	Washington, Chelan County	North of Junction of Forest Road 2107 and Forest Road 2101 south of Swauk Pass, US 97.	https://lichenportal.org/portal/collections/individual/index.php?occid=1268855
1268861	WTU	WTU-L-023541	M. Arnot, E. Burnett	L1541	0.21	77.98	Washington	Kittitas	47.3111	-120.5654	outside_boundary_exact	Washington, Chelan County	Diamond Head Mtn. 21 miles north of Ellensburg. North of junction of FR 2107 & FR 2101 south of Swauk Pass. US 97.	https://lichenportal.org/portal/collections/individual/index.php?occid=1268861
5640397	WTU	WTU-L-028319	Kathryn Beck	2283	0.2	160.89	Washington	Okanogan	48.73154	-120.67448	outside_boundary_exact	Washington, Whatcom County	Slate Pass Area, Pasayten Wilderness, Okanogan NF.	https://lichenportal.org/portal/collections/individual/index.php?occid=5640397
1258626	WTU	WTU-L-011405	Friederike Old	4238211	0.19	99.83	Washington	Pierce	47.04416	-122.681579	outside_boundary_exact	Washington, Thurston County	Fort Lewis. Grid Coordinates 151 991. Just off of Stedman road on fort boundary.	https://lichenportal.org/portal/collections/individual/index.php?occid=1258626
1263178	WTU	WTU-L-016905	Elroy Burnett	L2766	0.19	65.99	Washington	Island	48.4102	-122.635083	outside_boundary_exact	Washington, Skagit County	Area/Forest: Deception Pass Park. Locale: Trail to old prison site. Take trail to old prison site before crossing highway 20 bridge to island. On rock face just above salt water. At end of trail at salt water. Opposite small island below highway 20 bridge.	https://lichenportal.org/portal/collections/individual/index.php?occid=1263178
1255107	WTU	WTU-L-006847	J. M. Grant	s.n.	0.17	135.5	Washington	Chelan	47.335275	-120.580702	outside_boundary_exact	Washington, Kittitas County	Cascade Mountains, Blewett Pass.	https://lichenportal.org/portal/collections/individual/index.php?occid=1255107
1255112	WTU	WTU-L-006848	J. M. Grant	s.n.	0.17	135.5	Washington	Chelan	47.335275	-120.580702	outside_boundary_exact	Washington, Kittitas County	Cascade Mountains, Blewett Pass.	https://lichenportal.org/portal/collections/individual/index.php?occid=1255112
1255117	WTU	WTU-L-006849	J. M. Grant	s.n.	0.17	135.5	Washington	Chelan	47.335275	-120.580702	outside_boundary_exact	Washington, Kittitas County	Cascade Mountains, Blewett Pass.	https://lichenportal.org/portal/collections/individual/index.php?occid=1255117
1255122	WTU	WTU-L-006850	J. M. Grant	s.n.	0.17	135.5	Washington	Chelan	47.335275	-120.580702	outside_boundary_exact	Washington, Kittitas County	Cascade Mountains, Blewett Pass.	https://lichenportal.org/portal/collections/individual/index.php?occid=1255122
1255127	WTU	WTU-L-006851	J. M. Grant	s.n.	0.17	135.5	Washington	Chelan	47.335275	-120.580702	outside_boundary_exact	Washington, Kittitas County	Cascade Mountains, Blewett Pass.	https://lichenportal.org/portal/collections/individual/index.php?occid=1255127
1259048	WTU	WTU-L-011576	J. M. Grant	D10	0.17	135.5	Washington	Chelan	47.335275	-120.580702	outside_boundary_exact	Washington, Kittitas County	Cascade Mountains, Blewett Pass.	https://lichenportal.org/portal/collections/individual/index.php?occid=1259048
1266516	WTU	WTU-L-021066	Sarah Gage	s.n.	0.17	65.96	Washington	Island	48.40801	-122.646389	outside_boundary_exact	not_found_in_US	Deception Pass State Park, Pass Island.	https://lichenportal.org/portal/collections/individual/index.php?occid=1266516
1253476	WTU	WTU-L-004909	Elroy Burnett	L5026	0.13	116.87	Washington	King	47.700033	-121.0892	outside_boundary_exact	Washington, Chelan County	Wenatchee National Forest, Crest Trail #2000. From Highway 2 at Tunnel Creek take Forest Service Road 6095 to trail head. Take trail to Hope Lake; on trail side going north from Hope Lake on Crest Trail.	https://lichenportal.org/portal/collections/individual/index.php?occid=1253476
1255622	WTU	WTU-L-007347	Elroy Burnett	L0584	0.1	138.21	Washington	Chelan	47.311417	-120.571917	outside_boundary_exact	Washington, Kittitas County	Wenatchee National Forest. Diamond Head area.	https://lichenportal.org/portal/collections/individual/index.php?occid=1255622
1256080	WTU	WTU-L-007798	Elroy Burnett	L3595	0.1	138.21	Washington	Chelan	47.311417	-120.571917	outside_boundary_exact	Washington, Kittitas County	Wenatchee national Forest. Diamond Head. From highway 97 take Forest Service roads to parking area to go to Diamond Head.	https://lichenportal.org/portal/collections/individual/index.php?occid=1256080
1259073	WTU	WTU-L-011880	Elroy Burnett	L1016	0.1	65.83	Washington	Island	48.407212	-122.643986	outside_boundary_exact	not_found_in_US	Deception Pass Park, take trail to old prison site before crossing highway 20 bridge to island. From highway 20 go across road.	https://lichenportal.org/portal/collections/individual/index.php?occid=1259073
1259515	WTU	WTU-L-012449	Elroy Burnett	L586	0.1	138.21	Washington	Chelan	47.311417	-120.571917	outside_boundary_exact	Washington, Kittitas County	Wenatchee National Forest. Diamond Head area.	https://lichenportal.org/portal/collections/individual/index.php?occid=1259515
1261192	WTU	WTU-L-014607	Elroy Burnett	L3597	0.1	138.21	Washington	Chelan	47.311417	-120.571917	outside_boundary_exact	Washington, Kittitas County	Wenatchee National Forest. Diamond Head.	https://lichenportal.org/portal/collections/individual/index.php?occid=1261192
1262643	WTU	WTU-L-016430	Elroy Burnett	L582	0.1	138.21	Washington	Chelan	47.311417	-120.571917	outside_boundary_exact	Washington, Kittitas County	Wenatchee National Forest. Diamond Head area.	https://lichenportal.org/portal/collections/individual/index.php?occid=1262643
1266358	WTU	WTU-L-020754	Elroy Burnett	L583	0.1	138.21	Washington	Chelan	47.311417	-120.571917	outside_boundary_exact	Washington, Kittitas County	Wenatchee National Forest. Diamond Head area.	https://lichenportal.org/portal/collections/individual/index.php?occid=1266358
1267506	WTU	WTU-L-022096	Elroy Burnett	L1008	0.1	65.83	Washington	Island	48.407212	-122.643986	outside_boundary_exact	not_found_in_US	Deception Pass Park, take trail to old prison site before crossing highway 20 bridge to island. From highway 20 go across road.	https://lichenportal.org/portal/collections/individual/index.php?occid=1267506
2735142	WTU	WTU-L-017305	Elroy Burnett	L0585	0.1	138.21	Washington	Chelan	47.311417	-120.571917	outside_boundary_exact	Washington, Kittitas County	Wenatchee National Forest. Diamond Head area.	https://lichenportal.org/portal/collections/individual/index.php?occid=2735142
1252930	WTU	WTU-L-004248	Elroy Burnett	L3030	0.09	76.98	Washington	Kittitas	47.316267	-120.531433	outside_boundary_exact	Washington, Chelan County	Wenatchee National Forest, Tronsen Meadow trail #1205, from highway 97 at Swauk pass take Forest Service road 9716 and 9712, take 9712 to just past Heney Meadow, take the Tronsen Meadow trail # 1205 from road 9712.	https://lichenportal.org/portal/collections/individual/index.php?occid=1252930
1265218	WTU	WTU-L-019475	J. M. Grant	Ph17	0.09	164.24	Washington	Yakima	47.08722	-121.37833	outside_boundary_exact	Washington, Kittitas County	Natchez [Naches] Pass.	https://lichenportal.org/portal/collections/individual/index.php?occid=1265218
1255225	WTU	WTU-L-006874	Elroy Burnett	L492	0.08	138.33	Washington	Chelan	47.310433	-120.5712	outside_boundary_exact	Washington, Kittitas County	Wenatchee National Forest, Diamond Head area.	https://lichenportal.org/portal/collections/individual/index.php?occid=1255225
1251261	WTU	WTU-L-002404	W. J. Eyerdam	1842	0.07	114.33	Washington	Pierce	46.8717	-121.51548	outside_boundary_exact	Washington, Yakima County	Near Chinook Pass, Mount Rainier.	https://lichenportal.org/portal/collections/individual/index.php?occid=1251261
1255143	WTU	WTU-L-006855	W. J. Eyerdam	1843	0.07	114.33	Washington	Pierce	46.8717	-121.51548	outside_boundary_exact	Washington, Yakima County	Near Chinook Pass, Mount Rainier.	https://lichenportal.org/portal/collections/individual/index.php?occid=1255143
1255403	WTU	WTU-L-007143	M. Arnot	L542	0.07	147.74	Washington	Skagit	48.4054	-122.65	outside_boundary_exact	not_found_in_US	4.5 miles southwest of Anacortes, west end of headland on south side of Bowman Bay.	https://lichenportal.org/portal/collections/individual/index.php?occid=1255403
1255409	WTU	WTU-L-007001	W. J. Eyerdam	1847	0.07	114.33	Washington	Pierce	46.8717	-121.51548	outside_boundary_exact	Washington, Yakima County	Near Chinook Pass, Mount Rainier.	https://lichenportal.org/portal/collections/individual/index.php?occid=1255409
1255429	WTU	WTU-L-007004	W. J. Eyerdam	1845	0.07	114.33	Washington	Pierce	46.8717	-121.51548	outside_boundary_exact	Washington, Yakima County	Near Chinook Pass, Mount Rainier.	https://lichenportal.org/portal/collections/individual/index.php?occid=1255429
1255432	WTU	WTU-L-007005	W. J. Eyerdam	1846	0.07	114.33	Washington	Pierce	46.8717	-121.51548	outside_boundary_exact	Washington, Yakima County	Near Chinook Pass, Mount Rainier.	https://lichenportal.org/portal/collections/individual/index.php?occid=1255432
1259495	WTU	WTU-L-012374	M. Arnot	L550	0.07	147.74	Washington	Skagit	48.4054	-122.65	outside_boundary_exact	not_found_in_US	Bowman Hill north of Deception Pass. Above Canoe Pass.	https://lichenportal.org/portal/collections/individual/index.php?occid=1259495
1259660	WTU	WTU-L-012531	W. J. Eyerdam	1849	0.07	114.33	Washington	Pierce	46.8717	-121.51548	outside_boundary_exact	Washington, Yakima County	Near Chinook Pass, Mount Rainier.	https://lichenportal.org/portal/collections/individual/index.php?occid=1259660
1260126	WTU	WTU-L-013091	M. Arnot	L543	0.07	147.74	Washington	Skagit	48.4054	-122.65	outside_boundary_exact	not_found_in_US	4.5 miles southwest of Anacortes, west end of headland on south side of Bowman Bay.	https://lichenportal.org/portal/collections/individual/index.php?occid=1260126
1260969	WTU	WTU-L-014369	M. Arnot	L551	0.07	147.74	Washington	Skagit	48.4054	-122.65	outside_boundary_exact	not_found_in_US	Bowman Hill north of Deception Pass.	https://lichenportal.org/portal/collections/individual/index.php?occid=1260969
1261182	WTU	WTU-L-014601	W. J. Eyerdam	1839	0.07	114.33	Washington	Pierce	46.8717	-121.51548	outside_boundary_exact	Washington, Yakima County	Near Chinook Pass, Mount Rainier.	https://lichenportal.org/portal/collections/individual/index.php?occid=1261182
1261188	WTU	WTU-L-014604	W. J. Eyerdam	1840	0.07	114.33	Washington	Pierce	46.8717	-121.51548	outside_boundary_exact	Washington, Yakima County	Near Chinook Pass, Mount Rainier.	https://lichenportal.org/portal/collections/individual/index.php?occid=1261188
1261758	WTU	WTU-L-015207	W. J. Eyerdam	1837	0.07	114.33	Washington	Pierce	46.8717	-121.51548	outside_boundary_exact	Washington, Yakima County	Near Chinook Pass, Mount Rainier.	https://lichenportal.org/portal/collections/individual/index.php?occid=1261758
1262294	WTU	WTU-L-015818	W. J. Eyerdam	1848	0.07	114.33	Washington	Pierce	46.8717	-121.51548	outside_boundary_exact	Washington, Yakima County	Near Chinook Pass, Mount Rainier.	https://lichenportal.org/portal/collections/individual/index.php?occid=1262294
1262627	WTU	WTU-L-016356	M. Arnot	L555	0.07	147.74	Washington	Skagit	48.4054	-122.65	outside_boundary_exact	not_found_in_US	Bowman Hill north of Deception Pass.	https://lichenportal.org/portal/collections/individual/index.php?occid=1262627
1264467	WTU	WTU-L-018725	M. Arnot	L553	0.07	147.74	Washington	Skagit	48.4054	-122.65	outside_boundary_exact	not_found_in_US	Bowman Hill north of Deception Pass. Above Canoe Pass.	https://lichenportal.org/portal/collections/individual/index.php?occid=1264467
1264936	WTU	WTU-L-018907	M. Arnot	L558 dup	0.07	147.74	Washington	Skagit	48.4054	-122.65	outside_boundary_exact	not_found_in_US	Bowman Hill north of Deception Pass.	https://lichenportal.org/portal/collections/individual/index.php?occid=1264936
1264962	WTU	WTU-L-018913	M. Arnot	L558	0.07	147.74	Washington	Skagit	48.4054	-122.65	outside_boundary_exact	not_found_in_US	Bowman Hill north of Deception Pass.	https://lichenportal.org/portal/collections/individual/index.php?occid=1264962
1266910	WTU	WTU-L-021595	W. J. Eyerdam	1841	0.07	114.33	Washington	Pierce	46.8717	-121.515483	outside_boundary_exact	Washington, Yakima County	Mount Rainier, near Chinook Pass.	https://lichenportal.org/portal/collections/individual/index.php?occid=1266910
1267519	WTU	WTU-L-021935	M. Arnot	559	0.07	147.74	Washington	Skagit	48.4054	-122.65	outside_boundary_exact	not_found_in_US	Bowman Hill north of Deception Pass.	https://lichenportal.org/portal/collections/individual/index.php?occid=1267519
1267733	WTU	WTU-L-022308	W. J. Eyerdam	1835	0.07	114.33	Washington	Pierce	46.8717	-121.51548	outside_boundary_exact	Washington, Yakima County	Near Chinook Pass, Mount Rainier.	https://lichenportal.org/portal/collections/individual/index.php?occid=1267733
1267746	WTU	WTU-L-022312	W. J. Eyerdam	1835	0.07	114.33	Washington	Pierce	46.8717	-121.51548	outside_boundary_exact	Washington, Yakima County	Near Chinook Pass, Mount Rainier.	https://lichenportal.org/portal/collections/individual/index.php?occid=1267746
1268478	WTU	WTU-L-023026	M. Arnot	L1094	0.07	147.74	Washington	Skagit	48.4054	-122.65	outside_boundary_exact	not_found_in_US	Bowman Hill, around 5.5 miles south of Anacortes.	https://lichenportal.org/portal/collections/individual/index.php?occid=1268478
1268676	WTU	WTU-L-023236	M. Arnot	L1093	0.07	147.74	Washington	Skagit	48.4054	-122.65	outside_boundary_exact	not_found_in_US	Bowman Hill circa 5 1/2 miles south of Anacortes. Trail to old prison site.	https://lichenportal.org/portal/collections/individual/index.php?occid=1268676
1268679	WTU	WTU-L-023237	M. Arnot	L1097	0.07	147.74	Washington	Skagit	48.4054	-122.65	outside_boundary_exact	not_found_in_US	Bowman Hill circa 5 1/2 miles south of Anacortes. Trail to old prison site.	https://lichenportal.org/portal/collections/individual/index.php?occid=1268679
1273307	WTU	WTU-L-035632	W.J. Eyerdam	1847	0.07	114.33	Washington	Pierce	46.8717	-121.51548	outside_boundary_exact	Washington, Yakima County	Near Chinook Pass, Mount Rainier.	https://lichenportal.org/portal/collections/individual/index.php?occid=1273307
1273312	WTU	WTU-L-035483	W.J. Eyerdam	1834	0.07	114.33	Washington	Pierce	46.8717	-121.515483	outside_boundary_exact	Washington, Yakima County	Near Chinook Pass, Mt. Rainier. [Mount Rainier]	https://lichenportal.org/portal/collections/individual/index.php?occid=1273312
2735090	WTU	WTU-L-014396	W. J. Eyerdam	1838	0.07	114.33	Washington	Pierce	46.8717	-121.51548	outside_boundary_exact	Washington, Yakima County	Near Chinook Pass, Mount Rainier.	https://lichenportal.org/portal/collections/individual/index.php?occid=2735090
2735091	WTU	WTU-L-014397	W. J. Eyerdam	1838	0.07	114.33	Washington	Pierce	46.8717	-121.51548	outside_boundary_exact	Washington, Yakima County	Near Chinook Pass, Mount Rainier.	https://lichenportal.org/portal/collections/individual/index.php?occid=2735091
2735092	WTU	WTU-L-014398	W. J. Eyerdam	1838	0.07	114.33	Washington	Pierce	46.8717	-121.51548	outside_boundary_exact	Washington, Yakima County	Near Chinook Pass, Mount Rainier.	https://lichenportal.org/portal/collections/individual/index.php?occid=2735092
2735093	WTU	WTU-L-014399	W. J. Eyerdam	1844	0.07	114.33	Washington	Pierce	46.8717	-121.51548	outside_boundary_exact	Washington, Yakima County	Near Chinook Pass, Mount Rainier.	https://lichenportal.org/portal/collections/individual/index.php?occid=2735093
1253107	WTU	WTU-L-004404	Elroy Burnett	L5023	0.06	116.78	Washington	King	47.699017	-121.090033	outside_boundary_exact	Washington, Chelan County	Mount Baker-Snoqualmie National Forest, Tunnel Creek trail #1061. From highway 2 at Tunnel Creek take Forest Service road 6095 to trail head. Take trail; [look for] trail side where trail hits Crest trail at Hope lake.	https://lichenportal.org/portal/collections/individual/index.php?occid=1253107
1257293	WTU	WTU-L-009435	Gayle Y. McHenry	51587.1	0.06	147.36	Washington	Skagit	48.40583	-122.645	outside_boundary_exact	not_found_in_US	Deception Pass State Park off SR 20. 16 miles north of Oak Harbor, Washington. Rosario Beach.	https://lichenportal.org/portal/collections/individual/index.php?occid=1257293
1264623	WTU	WTU-L-018816	W. J. Eyerdam	3191	0.06	95.33	Washington	Chelan	47.746423	-121.090708	outside_boundary_exact	Washington, King County	Near Steven\\'s Pass.	https://lichenportal.org/portal/collections/individual/index.php?occid=1264623
1268871	WTU	WTU-L-023544	Gayle Y. McHenry	80187.11	0.06	160.01	Washington	Okanogan	48.72115	-120.670009	outside_boundary_exact	Washington, Whatcom County	Hart\\'s Pass area.	https://lichenportal.org/portal/collections/individual/index.php?occid=1268871
1263723	WTU	WTU-L-017737	Grace E. Howard	4871	0.05	87.16	Washington	King	47.36139	-121.46056	outside_boundary_exact	Washington, Kittitas County	Snoqualmie Pass area, Silver Peak Trail.	https://lichenportal.org/portal/collections/individual/index.php?occid=1263723
1253002	WTU	WTU-L-004516	Elroy Burnett	L3865	0.04	98.06	Washington	Chelan	47.699167	-121.091433	outside_boundary_exact	Washington, King County	Wenatchee National Forest, Hope Lake. From Highway 2 at Tunnel Creek take Forest Service Road 6055 to trail head. Take trail to Hope Lake. Old chop area where Hope Lake trail meets Crest Trail.	https://lichenportal.org/portal/collections/individual/index.php?occid=1253002
1254949	WTU	WTU-L-006490	Grace E. Howard	4762	0.04	164.27	Washington	Yakima	47.087072	-121.379013	outside_boundary_exact	Washington, Kittitas County	Near Naches Pass, Cascade Crest Trail to Dewey Lake.	https://lichenportal.org/portal/collections/individual/index.php?occid=1254949
1257308	WTU	WTU-L-009437	E. Burnett, M. Arnot	L67	0.04	80.67	Washington	Kittitas	47.334926	-120.577869	outside_boundary_exact	Washington, Chelan County	At trail edge near Swauk Pass, United States 97.	https://lichenportal.org/portal/collections/individual/index.php?occid=1257308
1253871	WTU	WTU-L-005038	Elroy Burnett	L5028	0.03	116.71	Washington	King	47.6985	-121.090783	outside_boundary_exact	Washington, Chelan County	Mount Baker-Snoqualmie National Forest, Tunnel Creek trail # 1061, from highway 2 at Tunnel Creek take Forest Service road 6095 to trail head, take trail.	https://lichenportal.org/portal/collections/individual/index.php?occid=1253871
1265197	WTU	WTU-L-019533	M. Arnot	L1836	0.03	146.68	Washington	Chelan	48.51806	-120.73361	outside_boundary_exact	Washington, Skagit County	US 2 east 4.2 miles from Stevens Pass, left on Smithbrook Road and 3.5 miles to Rainy Pass. Unmarked trail on rocky ridge northwest of the pass.	https://lichenportal.org/portal/collections/individual/index.php?occid=1265197
1261193	WTU	WTU-L-014608	M. Arnot, E. Burnett	L1540	0.02	78.22	Washington	Kittitas	47.31139	-120.57028	outside_boundary_exact	Washington, Chelan County	Diamond Head Mountain, circa 21 miles north of Ellensburg. North of junction of Forest Service Road 2107 and Forest Service Road 2101 south of Swauk Pass, US 97.	https://lichenportal.org/portal/collections/individual/index.php?occid=1261193
1263505	WTU	WTU-L-016960	Henry A. Imshaug	1366	0.02	104.68	Washington	Pierce	46.747124	-121.813316	outside_boundary_exact	Washington, Pierce County	Mount Rainier National Park, along Nisqually River.	https://lichenportal.org/portal/collections/individual/index.php?occid=1263505
1256059	WTU	WTU-L-007729	Elroy Burnett	L624	0.01	136.31	Washington	Chelan	47.333517	-120.530183	outside_boundary_exact	Washington, Kittitas County	Wenatchee National Forest. From highway 97 at Swauk Pass take Forest Service road 9712 just past Haney Meadow at curve in main road take old road out to bluff area.	https://lichenportal.org/portal/collections/individual/index.php?occid=1256059
1256065	WTU	WTU-L-007730	Elroy Burnett	L621	0.01	136.31	Washington	Chelan	47.333517	-120.530183	outside_boundary_exact	Washington, Kittitas County	Wenatchee National Forest. From highway 97 at Swauk Pass take Forest Service road 9712 just past Haney Meadow at curve in main road take old road out to bluff area.	https://lichenportal.org/portal/collections/individual/index.php?occid=1256065
1260726	WTU	WTU-L-014205	Elroy Burnett	L622	0.01	136.31	Washington	Chelan	47.333517	-120.530183	outside_boundary_exact	Washington, Kittitas County	Wenatchee National Forest. From highway 97 at Swauk Pass take Forest Service road 9712 just past Haney Meadow at curve in main road take old road out to bluff area.	https://lichenportal.org/portal/collections/individual/index.php?occid=1260726
1260730	WTU	WTU-L-014206	Elroy Burnett	L625	0.01	136.31	Washington	Chelan	47.333517	-120.530183	outside_boundary_exact	Washington, Kittitas County	Wenatchee National Forest. From highway 97 at Swauk Pass take Forest Service road 9712 just past Haney Meadow at curve in main road take old road out to bluff area.	https://lichenportal.org/portal/collections/individual/index.php?occid=1260730
1261006	WTU	WTU-L-014420	Elroy Burnett	L615	0.01	136.31	Washington	Chelan	47.333517	-120.530183	outside_boundary_exact	Washington, Kittitas County	Wenatchee National Forest. From highway 97 at Swauk Pass take Forest Service road 9712 just past Haney Meadow at curve in main road take old road out to bluff area.	https://lichenportal.org/portal/collections/individual/index.php?occid=1261006
1261357	WTU	WTU-L-015069	Elroy Burnett	L610	0.01	136.31	Washington	Chelan	47.333517	-120.530183	outside_boundary_exact	Washington, Kittitas County	Wenatchee National Forest. From highway 97 at Swauk Pass take Forest Service road 9712 just past Haney Meadow at curve in main road take old road out to bluff area.	https://lichenportal.org/portal/collections/individual/index.php?occid=1261357
1263353	WTU	WTU-L-017301	Elroy Burnett	L626	0.01	136.31	Washington	Chelan	47.333517	-120.530183	outside_boundary_exact	Washington, Kittitas County	Wenatchee National Forest. From highway 97 at Swauk Pass take Forest Service road 9712 just past Haney Meadow at curve in main road take old road out to bluff area.	https://lichenportal.org/portal/collections/individual/index.php?occid=1263353
1266671	WTU	WTU-L-021223	B. D. Ryan	32956	0.01	88.02	Washington	Kittitas	46.941667	-121.058333	outside_boundary_exact	Washington, Yakima County	North side of Spring Creek Road, North of Highway 410, Cliffdale.	https://lichenportal.org/portal/collections/individual/index.php?occid=1266671
1268569	WTU	WTU-L-023195	R. W. Becking	5207001	0	104.48	Washington	Pierce	46.755556	-121.805324	outside_boundary_exact	Washington, Lewis County	Mount Rainier National Park, Longmire, Paradise Valley.	https://lichenportal.org/portal/collections/individual/index.php?occid=1268569
1257737	WTU	WTU-L-009625	Helen Lau	L5062	NA	NA	Washington	Skamiana	46.3214	-121.9369	county_not_matched_no_match	county_not_matched	Gifford Pinchot National Forest, Cowlitz Valley Ranger District.	https://lichenportal.org/portal/collections/individual/index.php?occid=1257737
3795472	WTU	WTU-F-070673	Jim Riley	23317	NA	NA	Washington	Sitka	57.06205	-135.306683	county_not_matched_no_match	county_not_matched	Along the Indian River Trail near trailhead.	https://lichenportal.org/portal/collections/individual/index.php?occid=3795472
